{"type":"FeatureCollection","features":[{"type":"Feature","geometry":{"type":"LineString","coordinates":[[34.958302,32.192233],[34.95825,32.192132],[34.95816,32.192022],[34.958056,32.191937],[34.957967,32.191852],[34.957869,32.19168],[34.957718,32.191416],[34.957527,32.19101],[34.957406,32.190814],[34.95736,32.190684],[34.957364,32.190646],[34.957378,32.190529],[34.957411,32.190343],[34.957407,32.190188],[34.957409,32.189934],[34.957461,32.189643],[34.957675,32.188382],[34.957969,32.186848],[34.958217,32.185479],[34.958417,32.1843],[34.95857,32.183276],[34.958771,32.182111],[34.958828,32.181727],[34.958838,32.181522],[34.958835,32.181355],[34.958802,32.18117],[34.958784,32.181021],[34.958788,32.18086],[34.958799,32.180705],[34.958818,32.180588],[34.95891,32.180462],[34.959065,32.180218],[34.959149,32.180056],[34.959176,32.179969],[34.959214,32.179708],[34.959292,32.179274],[34.959363,32.178839],[34.95942,32.178454],[34.959493,32.178082],[34.959559,32.177762],[34.959588,32.177421],[34.959656,32.176522],[34.959668,32.176076],[34.959708,32.176063],[34.959748,32.17605],[34.959965,32.175997],[34.960445,32.175996]]},"properties":{"OBJECTID":1,"Status":"Constructed","Type":"Concrete","IS_COUNTED":1,"Shape_Leng":1911.588555,"source_crs":"EPSG:32636","evidence":[{"source_id":"ocha_opt","title":"West Bank Separation Barrier (January 2018 alignment)","url":"https://www.ochaopt.org/page/datasets-and-mapping-tools","document_date":"2018-01-01","retrieved":"2026-08-09"}]}},{"type":"Feature","geometry":{"type":"LineString","coordinates":[[35.009616,32.009228],[35.009465,32.00872],[35.009367,32.008315],[35.009209,32.00776],[35.009072,32.00738],[35.008929,32.006991],[35.008738,32.006455],[35.008554,32.005985],[35.008441,32.005672],[35.008368,32.005398],[35.008284,32.004899],[35.008232,32.004289],[35.008219,32.00373],[35.008232,32.003289],[35.008244,32.001761],[35.008239,32.001532],[35.008201,32.001361],[35.00814,32.001116],[35.00747,31.99969],[35.007037,31.998797],[35.006939,31.99866],[35.006802,31.998562],[35.006644,31.998484],[35.006463,31.998401],[35.006073,31.998245],[35.005526,31.998058],[35.005378,31.99796],[35.005252,31.997838],[35.005148,31.997691],[35.005083,31.997542],[35.005041,31.997414],[35.005038,31.997271],[35.005074,31.997141],[35.005155,31.996997],[35.005334,31.996708],[35.005968,31.995729],[35.006059,31.995551],[35.006095,31.995383],[35.006097,31.99524],[35.006077,31.995083],[35.006012,31.994931],[35.005908,31.994799],[35.005733,31.994711],[35.005478,31.9946],[35.005146,31.994525],[35.003351,31.994119],[35.002944,31.994018],[35.002701,31.993936],[35.002515,31.993853],[35.002343,31.993703],[35.002277,31.993627],[35.002158,31.993438],[35.002115,31.993229],[35.002115,31.993005],[35.002154,31.992737],[35.00227,31.992391],[35.002515,31.991321],[35.002571,31.991052],[35.002577,31.990799],[35.002571,31.990542],[35.002538,31.990318],[35.002369,31.989724],[35.002185,31.989254],[35.001806,31.988568],[35.001364,31.987831],[35.000345,31.986007],[34.999168,31.983902],[34.998669,31.983112],[34.998409,31.982749],[34.998226,31.982575],[34.997971,31.982417],[34.997783,31.982329],[34.997562,31.982247],[34.997349,31.982222],[34.997057,31.982193],[34.996802,31.982197],[34.996654,31.982199],[34.995849,31.982241],[34.995669,31.982215],[34.99546,31.982146],[34.995239,31.982007],[34.995117,31.981818],[34.995068,31.981618],[34.995047,31.981418],[34.995099,31.981231],[34.995234,31.98099],[34.995397,31.980749],[34.995911,31.980216],[34.996147,31.979963],[34.996218,31.979886],[34.996321,31.979718],[34.996373,31.979569],[34.996447,31.979353],[34.996482,31.979162],[34.996489,31.978985],[34.996464,31.978828],[34.99642,31.978609],[34.996299,31.978229],[34.996187,31.977668],[34.995929,31.976101],[34.995749,31.975295],[34.995676,31.975053],[34.995322,31.974185],[34.995172,31.973982],[34.99494,31.973647],[34.99467,31.973322],[34.994224,31.972899],[34.994023,31.972753],[34.993923,31.97268],[34.993638,31.972474],[34.993345,31.972345],[34.993068,31.972226],[34.992567,31.972085],[34.988538,31.971175],[34.986757,31.97079],[34.986498,31.970689],[34.98631,31.970573],[34.986156,31.970408],[34.986057,31.970243],[34.985997,31.970086],[34.985984,31.969971],[34.985986,31.969819],[34.986029,31.96947],[34.986214,31.968942],[34.986415,31.968409],[34.986429,31.96828],[34.986425,31.968099],[34.986363,31.967804],[34.986341,31.967642],[34.986296,31.967308],[34.986314,31.967122],[34.98639,31.966493],[34.986415,31.96633],[34.986495,31.966167],[34.986604,31.965998],[34.986784,31.965781],[34.986943,31.965649],[34.987098,31.965566],[34.987287,31.965472],[34.98766,31.965289],[34.987768,31.965231],[34.987906,31.965123],[34.98801,31.964998],[34.988079,31.964853],[34.988133,31.964729],[34.988164,31.964614],[34.988223,31.964484],[34.988332,31.964367],[34.988465,31.964289],[34.98862,31.964225],[34.988706,31.96421],[34.988748,31.964203],[34.988866,31.964202],[34.989102,31.964231],[34.989268,31.964253],[34.989452,31.964235],[34.989597,31.964195],[34.989741,31.964135],[34.989874,31.964038],[34.989994,31.963917],[34.990058,31.963768],[34.990111,31.963643],[34.99012,31.963509],[34.990122,31.963361],[34.990057,31.963195],[34.989946,31.963006],[34.989557,31.962592],[34.989517,31.962551],[34.988263,31.96125],[34.987994,31.960965],[34.987884,31.960809],[34.987853,31.960647],[34.987848,31.960437],[34.987901,31.960251],[34.988072,31.95994],[34.988294,31.9598],[34.988549,31.959706],[34.988851,31.959687],[34.989109,31.959726],[34.989505,31.959852],[34.990792,31.960205],[34.991681,31.960449],[34.992166,31.960599],[34.992362,31.96062],[34.992574,31.960588],[34.992803,31.960532],[34.99298,31.960433],[34.993134,31.960326],[34.993287,31.960166],[34.993368,31.960012],[34.993431,31.959834],[34.993546,31.959693],[34.993665,31.959585],[34.993779,31.959469],[34.993845,31.959312],[34.993904,31.959187],[34.99392,31.959015],[34.993916,31.958839],[34.993828,31.958666],[34.993828,31.958666],[34.993717,31.958511],[34.993528,31.958358],[34.992594,31.957685],[34.992348,31.957508],[34.992234,31.95739],[34.992181,31.957223],[34.99218,31.95722],[34.992186,31.957062],[34.992188,31.95702],[34.992201,31.956934],[34.992207,31.956897],[34.992212,31.956862],[34.992243,31.956818],[34.992253,31.956803],[34.992253,31.956802],[34.992285,31.956756],[34.992311,31.956719],[34.992315,31.956715],[34.992334,31.956699],[34.992338,31.956696],[34.992338,31.956696],[34.99234,31.956695],[34.992361,31.956679],[34.992362,31.956678],[34.992368,31.956672],[34.992368,31.956672],[34.992479,31.956581],[34.992607,31.956527],[34.99263,31.956518],[34.992684,31.956494],[34.992685,31.956494],[34.992959,31.956469],[34.992985,31.956462],[34.993774,31.956237],[34.994045,31.956159],[34.99411,31.956141],[34.994173,31.956123],[34.994174,31.956122],[34.994177,31.956122],[34.994424,31.956051],[34.99488,31.955921],[34.994955,31.9559],[34.995381,31.955771],[34.995405,31.955764],[34.995655,31.955628],[34.995932,31.9555],[34.996285,31.955251],[34.996505,31.955052],[34.996779,31.954766],[34.996975,31.954538],[34.997953,31.953432],[34.998259,31.953079],[34.998725,31.952633],[34.999105,31.952288],[34.999457,31.95201],[34.99986,31.951736],[35.000258,31.951525],[35.000741,31.951355],[35.001414,31.951149],[35.00181,31.951057],[35.002031,31.950958],[35.002191,31.950817],[35.002277,31.950677],[35.002318,31.950474],[35.002346,31.949953],[35.002359,31.949528],[35.002407,31.949373],[35.002408,31.94937],[35.002411,31.94936],[35.002543,31.949262],[35.002751,31.9492],[35.002751,31.9492],[35.002844,31.949172],[35.004195,31.94875],[35.004492,31.948628],[35.004701,31.948472],[35.004882,31.948297],[35.005045,31.94808],[35.005163,31.947888],[35.005202,31.947824],[35.005259,31.94758],[35.005303,31.947288],[35.005308,31.947045],[35.005258,31.946802],[35.005164,31.946582],[35.004954,31.946208],[35.00424,31.945145],[35.003739,31.944533],[35.003288,31.944125],[35.002845,31.943826],[35.002517,31.94365],[35.001722,31.943394],[35.000721,31.943139],[35.000051,31.942944],[34.999582,31.942747],[34.99872,31.942235],[34.998095,31.94182],[34.997627,31.941396],[34.997274,31.940881],[34.997098,31.940459]]},"properties":{"OBJECTID":2,"Status":"Constructed","Type":"Fence","IS_COUNTED":1,"Shape_Leng":11023.8246618,"source_crs":"EPSG:32636","evidence":[{"source_id":"ocha_opt","title":"West Bank Separation Barrier (January 2018 alignment)","url":"https://www.ochaopt.org/page/datasets-and-mapping-tools","document_date":"2018-01-01","retrieved":"2026-08-09"}]}},{"type":"Feature","geometry":{"type":"LineString","coordinates":[[35.259132,31.780258],[35.259029,31.780143],[35.258728,31.77996],[35.258553,31.779872],[35.258141,31.779722],[35.25782,31.779594],[35.257513,31.779404],[35.257228,31.77917],[35.256988,31.778941],[35.256831,31.77869],[35.256649,31.778336],[35.256459,31.777876],[35.256348,31.777673],[35.256205,31.777508],[35.255892,31.777299],[35.255615,31.777106],[35.255472,31.776951],[35.255373,31.776819],[35.255319,31.776639],[35.255246,31.776411],[35.255163,31.776202],[35.255053,31.776071],[35.254928,31.775963],[35.254713,31.775833],[35.254538,31.775774],[35.25433,31.775733],[35.254139,31.775696],[35.253824,31.77561],[35.253413,31.775446],[35.253136,31.775317],[35.25296,31.775196],[35.252828,31.775055],[35.252774,31.774904],[35.252726,31.774766],[35.252721,31.77459],[35.252757,31.774427],[35.252859,31.774277],[35.25299,31.774155],[35.253178,31.774057],[35.253348,31.773948],[35.253424,31.77383],[35.253489,31.773524],[35.253558,31.77315],[35.253612,31.772829],[35.253651,31.772604],[35.253704,31.772274],[35.253737,31.772011],[35.253834,31.771866],[35.253965,31.771725],[35.254101,31.771594],[35.254228,31.771525],[35.254352,31.771561],[35.254485,31.771633],[35.254698,31.771736],[35.254832,31.771554]]},"properties":{"OBJECTID":3,"Status":"Constructed","Type":"Concrete","IS_COUNTED":1,"Shape_Leng":1389.25283887,"source_crs":"EPSG:32636","evidence":[{"source_id":"ocha_opt","title":"West Bank Separation Barrier (January 2018 alignment)","url":"https://www.ochaopt.org/page/datasets-and-mapping-tools","document_date":"2018-01-01","retrieved":"2026-08-09"}]}},{"type":"Feature","geometry":{"type":"LineString","coordinates":[[35.257796,31.742929],[35.25662,31.742325],[35.256089,31.742154],[35.254976,31.742107],[35.254178,31.742096],[35.253522,31.742079],[35.253243,31.742084],[35.252949,31.742151],[35.252589,31.742272],[35.252307,31.74241],[35.251989,31.74265],[35.251843,31.742829],[35.25167,31.743056],[35.251507,31.74325],[35.251332,31.743425],[35.251133,31.743603],[35.250897,31.743755],[35.250645,31.743955],[35.250438,31.744164],[35.25027,31.744377],[35.250165,31.744651],[35.250015,31.745157],[35.249934,31.745492],[35.249828,31.745747],[35.249692,31.745898],[35.249477,31.746021],[35.249178,31.746126]]},"properties":{"OBJECTID":4,"Status":"Constructed","Type":"Fence","IS_COUNTED":1,"Shape_Leng":1077.33526759,"source_crs":"EPSG:32636","evidence":[{"source_id":"ocha_opt","title":"West Bank Separation Barrier (January 2018 alignment)","url":"https://www.ochaopt.org/page/datasets-and-mapping-tools","document_date":"2018-01-01","retrieved":"2026-08-09"}]}},{"type":"Feature","geometry":{"type":"LineString","coordinates":[[35.2587,31.749585],[35.258736,31.749506],[35.25882,31.749327],[35.258947,31.749192],[35.259144,31.749026],[35.25938,31.748874],[35.259792,31.748657],[35.260112,31.748527],[35.260394,31.748388],[35.260504,31.74831],[35.260563,31.748228],[35.260594,31.748122],[35.260591,31.747998],[35.260539,31.747927],[35.260221,31.747694],[35.259365,31.747199],[35.259025,31.746995],[35.258866,31.746881],[35.258764,31.746728],[35.258663,31.74657],[35.258614,31.746394],[35.2586,31.746284],[35.258607,31.746098],[35.25866,31.745758],[35.258684,31.745374],[35.258708,31.744758],[35.25867,31.744329],[35.258596,31.744039],[35.258444,31.743755],[35.258258,31.743472],[35.258043,31.743211],[35.257796,31.742929],[35.257416,31.742459],[35.257032,31.74205],[35.256792,31.741818],[35.256559,31.741651],[35.256388,31.741534],[35.256218,31.741432],[35.255886,31.741328],[35.255148,31.741102],[35.254715,31.740958],[35.254535,31.740923],[35.254328,31.740917],[35.254143,31.740872],[35.25358,31.740701],[35.253379,31.740681],[35.253077,31.740657],[35.252868,31.740594],[35.252451,31.74042],[35.252322,31.740394],[35.25228,31.740395],[35.252238,31.740395],[35.252142,31.740349],[35.251675,31.739981],[35.251609,31.739921],[35.251672,31.739804],[35.251786,31.739667],[35.251823,31.739691],[35.251915,31.739554],[35.251997,31.739383],[35.251821,31.739356],[35.251826,31.739288],[35.251821,31.739206]]},"properties":{"OBJECTID":5,"Status":"Constructed","Type":"Concrete","IS_COUNTED":1,"Shape_Leng":1748.9011942,"source_crs":"EPSG:32636","evidence":[{"source_id":"ocha_opt","title":"West Bank Separation Barrier (January 2018 alignment)","url":"https://www.ochaopt.org/page/datasets-and-mapping-tools","document_date":"2018-01-01","retrieved":"2026-08-09"}]}},{"type":"Feature","geometry":{"type":"LineString","coordinates":[[35.251821,31.739206],[35.251816,31.739102],[35.251749,31.738397],[35.251694,31.737763],[35.251639,31.737316],[35.251508,31.736986],[35.250967,31.736123],[35.250898,31.736026],[35.250878,31.735888],[35.250372,31.734813],[35.250193,31.73443],[35.250065,31.734208],[35.249379,31.733342],[35.248978,31.732919],[35.248846,31.732781],[35.248716,31.732702],[35.248574,31.732628],[35.24845,31.732583]]},"properties":{"OBJECTID":6,"Status":"Constructed","Type":"Fence","IS_COUNTED":1,"Shape_Leng":826.95194834,"source_crs":"EPSG:32636","evidence":[{"source_id":"ocha_opt","title":"West Bank Separation Barrier (January 2018 alignment)","url":"https://www.ochaopt.org/page/datasets-and-mapping-tools","document_date":"2018-01-01","retrieved":"2026-08-09"}]}},{"type":"Feature","geometry":{"type":"LineString","coordinates":[[35.246708,31.718929],[35.246791,31.718499],[35.246864,31.718303],[35.246908,31.718127],[35.247065,31.717898],[35.247193,31.717726],[35.247323,31.717471],[35.24729,31.717307],[35.247235,31.71717],[35.247235,31.71717],[35.247181,31.717018],[35.247005,31.716868],[35.247004,31.716868],[35.246801,31.716772],[35.246801,31.716772],[35.246559,31.7167],[35.246559,31.716699],[35.246492,31.71665],[35.246581,31.716359],[35.246607,31.716276],[35.246688,31.716191],[35.2467,31.716179],[35.246719,31.716159],[35.246894,31.716044],[35.24699,31.71586],[35.247287,31.715149],[35.246767,31.715002],[35.247,31.714509],[35.246841,31.71428],[35.246741,31.714184],[35.246638,31.714085],[35.246484,31.714031],[35.246218,31.713912],[35.245933,31.713748],[35.24558,31.713509],[35.245448,31.713344],[35.245271,31.713125],[35.245271,31.713125],[35.244931,31.712807],[35.244931,31.712807],[35.244586,31.712469],[35.244586,31.712469],[35.244384,31.712265],[35.244384,31.712265],[35.244198,31.712116],[35.244198,31.712116],[35.243971,31.712024],[35.243971,31.712024],[35.243816,31.711987],[35.243816,31.711987],[35.243539,31.711958],[35.243258,31.711964],[35.243043,31.71194],[35.242895,31.711831],[35.242895,31.711831],[35.243226,31.711585],[35.243495,31.711305],[35.243777,31.710972],[35.24398,31.710676],[35.244332,31.710124],[35.244628,31.709595],[35.244773,31.709401],[35.244888,31.709365],[35.244888,31.709365],[35.245073,31.709453],[35.245073,31.709453],[35.245438,31.709651],[35.245438,31.709651],[35.245548,31.709765],[35.245548,31.709765],[35.245635,31.709887],[35.24568,31.710018],[35.245674,31.71041],[35.245681,31.710814],[35.245693,31.710946],[35.245752,31.711045],[35.245752,31.711045],[35.245889,31.711122],[35.245889,31.711122],[35.246007,31.711152],[35.246166,31.711153],[35.246305,31.711107],[35.24642,31.711021],[35.246497,31.710892],[35.246536,31.710763],[35.246558,31.710519],[35.246628,31.709962],[35.246687,31.709673],[35.246773,31.709363],[35.246887,31.709041],[35.247012,31.708611],[35.247098,31.708278],[35.247131,31.707934],[35.247239,31.707336],[35.247344,31.706854],[35.247345,31.706514],[35.247284,31.706299],[35.24721,31.706149],[35.247093,31.705951],[35.247093,31.705951],[35.246968,31.705805]]},"properties":{"OBJECTID":7,"Status":"Constructed","Type":"Fence","IS_COUNTED":1,"Shape_Leng":2343.2198318,"source_crs":"EPSG:32636","evidence":[{"source_id":"ocha_opt","title":"West Bank Separation Barrier (January 2018 alignment)","url":"https://www.ochaopt.org/page/datasets-and-mapping-tools","document_date":"2018-01-01","retrieved":"2026-08-09"}]}},{"type":"Feature","geometry":{"type":"LineString","coordinates":[[35.246968,31.705805],[35.246968,31.705805],[35.246825,31.705712],[35.246664,31.705607],[35.24648,31.705554],[35.246259,31.705498],[35.24602,31.705494],[35.245802,31.705554],[35.245555,31.705618],[35.244532,31.706018],[35.243996,31.706219],[35.243674,31.70631],[35.243163,31.706419],[35.242663,31.706543],[35.242331,31.706649],[35.242072,31.706782],[35.241798,31.706983],[35.241488,31.707241],[35.241254,31.707489],[35.240988,31.707813],[35.240743,31.708066],[35.24049,31.708251],[35.240076,31.708445],[35.239673,31.708614],[35.239281,31.708788],[35.23894,31.709028],[35.238606,31.709296],[35.238415,31.70945],[35.238263,31.709644],[35.238074,31.709929],[35.237898,31.71027],[35.237732,31.710555],[35.237525,31.710769],[35.237294,31.710921],[35.237001,31.71104],[35.23687,31.711076],[35.236642,31.711109],[35.236352,31.711104],[35.23571,31.711106],[35.235436,31.711111],[35.235136,31.711159],[35.23487,31.711221],[35.234615,31.711306],[35.2344,31.71143],[35.23413,31.711577],[35.233872,31.711778],[35.233645,31.712054],[35.233428,31.712325]]},"properties":{"OBJECTID":9,"Status":"Constructed","Type":"Fence","IS_COUNTED":1,"Shape_Leng":1583.27647868,"source_crs":"EPSG:32636","evidence":[{"source_id":"ocha_opt","title":"West Bank Separation Barrier (January 2018 alignment)","url":"https://www.ochaopt.org/page/datasets-and-mapping-tools","document_date":"2018-01-01","retrieved":"2026-08-09"}]}},{"type":"Feature","geometry":{"type":"LineString","coordinates":[[35.195184,31.723562],[35.194672,31.723539],[35.193738,31.72345],[35.19339,31.723339],[35.193162,31.723188],[35.193037,31.723104],[35.192833,31.723108],[35.192692,31.723134],[35.192637,31.723197],[35.192611,31.723273],[35.192636,31.723392],[35.192713,31.723558],[35.192992,31.724026],[35.193022,31.724123],[35.193025,31.724228],[35.192994,31.724338],[35.192929,31.724425],[35.192898,31.724445],[35.192868,31.724465],[35.192757,31.724481],[35.192131,31.724453],[35.192031,31.724465],[35.191898,31.724519],[35.191699,31.724623],[35.191453,31.724837],[35.191384,31.724924],[35.191279,31.724988],[35.191168,31.725019],[35.191045,31.725016],[35.19095,31.724984],[35.190842,31.724924],[35.190795,31.72481],[35.190735,31.724649],[35.190461,31.724167],[35.190317,31.723964],[35.190141,31.723843],[35.189899,31.723747],[35.189741,31.723688],[35.189562,31.723662],[35.189355,31.723666],[35.189166,31.723688],[35.18875,31.723805],[35.187644,31.724139],[35.187428,31.724246]]},"properties":{"OBJECTID":10,"Status":"Constructed","Type":"Fence","IS_COUNTED":1,"Shape_Leng":1041.07553516,"source_crs":"EPSG:32636","evidence":[{"source_id":"ocha_opt","title":"West Bank Separation Barrier (January 2018 alignment)","url":"https://www.ochaopt.org/page/datasets-and-mapping-tools","document_date":"2018-01-01","retrieved":"2026-08-09"}]}},{"type":"Feature","geometry":{"type":"LineString","coordinates":[[34.903525,31.442101],[34.903531,31.441976],[34.903505,31.44179],[34.903473,31.441628],[34.903381,31.441448],[34.903295,31.441326],[34.902712,31.440599],[34.902401,31.440162],[34.901675,31.439271],[34.901033,31.438481],[34.900493,31.43778],[34.899448,31.436422],[34.899407,31.436369],[34.899281,31.43613],[34.898986,31.4356],[34.898627,31.434918],[34.898313,31.434263],[34.89825,31.434089],[34.898248,31.434083],[34.897613,31.431816],[34.897069,31.429435],[34.896767,31.42827],[34.896636,31.427823],[34.896407,31.427253],[34.896067,31.426681],[34.894774,31.424645],[34.893358,31.422501],[34.892816,31.421536],[34.891769,31.419327],[34.890714,31.416934],[34.889732,31.414884],[34.888913,31.413066]]},"properties":{"OBJECTID":11,"Status":"Constructed","Type":"Fence","IS_COUNTED":1,"Shape_Leng":3537.28138256,"source_crs":"EPSG:32636","evidence":[{"source_id":"ocha_opt","title":"West Bank Separation Barrier (January 2018 alignment)","url":"https://www.ochaopt.org/page/datasets-and-mapping-tools","document_date":"2018-01-01","retrieved":"2026-08-09"}]}},{"type":"Feature","geometry":{"type":"LineString","coordinates":[[34.943725,31.50718],[34.94376,31.506717],[34.943894,31.506175],[34.943915,31.506114],[34.944146,31.505451],[34.944653,31.504066],[34.944773,31.503706],[34.944781,31.503553],[34.944772,31.503391],[34.944707,31.503208],[34.94373,31.5015],[34.943171,31.500384],[34.943072,31.500143],[34.943023,31.499926],[34.943026,31.499802],[34.942832,31.499318],[34.942763,31.499243],[34.942639,31.499163],[34.942575,31.499026],[34.942132,31.49783],[34.941371,31.495779],[34.940452,31.493314],[34.939935,31.492052],[34.939835,31.491796],[34.939769,31.491572],[34.939736,31.49131],[34.939697,31.49102],[34.939685,31.490724],[34.939697,31.490234],[34.939713,31.489666],[34.939772,31.489264],[34.939857,31.488814],[34.94015,31.486822],[34.940189,31.486535],[34.94018,31.486096],[34.940094,31.485696],[34.939912,31.485279],[34.93967,31.484877],[34.939436,31.484594],[34.939112,31.484303],[34.937066,31.482332],[34.936823,31.482159],[34.936574,31.482005],[34.93533,31.481162],[34.935036,31.480919],[34.93478,31.48065],[34.934562,31.480377],[34.934257,31.47989],[34.934087,31.479608],[34.933893,31.479397],[34.93366,31.479185],[34.933422,31.478984],[34.933229,31.478871],[34.932853,31.478653],[34.932597,31.478428],[34.932399,31.478262],[34.932199,31.478046],[34.931171,31.476519],[34.930443,31.475437],[34.929972,31.474761],[34.929851,31.474534],[34.929762,31.474282],[34.929654,31.473907],[34.929428,31.472951],[34.9294,31.472641],[34.929434,31.472397],[34.929496,31.472186],[34.929523,31.472131],[34.929705,31.471758],[34.930389,31.470383],[34.93049,31.470133],[34.930503,31.469942],[34.930459,31.46969],[34.930229,31.468791],[34.929947,31.467836],[34.929837,31.467618],[34.929653,31.467341],[34.929376,31.467121],[34.929145,31.466996],[34.928764,31.466873],[34.926885,31.466514],[34.92651,31.46642],[34.926246,31.466314],[34.926155,31.466276],[34.926046,31.466231],[34.925827,31.46612],[34.925584,31.465956],[34.925442,31.465837],[34.925206,31.465616],[34.924906,31.46521],[34.924654,31.464884],[34.923883,31.463946],[34.922742,31.462581],[34.921892,31.461616],[34.921173,31.460705],[34.920706,31.460173],[34.920377,31.459882],[34.920037,31.45961],[34.919844,31.459446],[34.919516,31.459162],[34.919203,31.458847],[34.918969,31.458559],[34.918801,31.458266],[34.918649,31.457877],[34.918565,31.457582],[34.91847,31.457321],[34.918355,31.457141],[34.918189,31.456919],[34.917979,31.456741],[34.917658,31.456536],[34.917416,31.456435],[34.917119,31.456315],[34.91676,31.456187],[34.916087,31.455977],[34.915801,31.455853],[34.915501,31.455638],[34.915053,31.455234],[34.914787,31.455083],[34.914433,31.454921],[34.914285,31.454867],[34.914036,31.454803],[34.913734,31.454745],[34.912147,31.454487],[34.911901,31.454448],[34.911645,31.454418],[34.911409,31.45436],[34.911235,31.454272],[34.911071,31.454145],[34.910963,31.454013],[34.910876,31.453867],[34.910834,31.45371],[34.910814,31.453533],[34.910848,31.453294],[34.910888,31.453069],[34.911058,31.45268],[34.911407,31.451756],[34.911575,31.451543],[34.911788,31.451354],[34.911959,31.451266],[34.912214,31.451181],[34.912469,31.451158],[34.912675,31.451126],[34.912873,31.451052],[34.913061,31.450948],[34.9131,31.450889],[34.913158,31.450804],[34.913233,31.450645],[34.913252,31.450504],[34.913248,31.450323],[34.913206,31.450161],[34.91312,31.45001],[34.912978,31.449902],[34.912814,31.449771],[34.912655,31.449625],[34.912569,31.449507],[34.912522,31.44936],[34.912519,31.449212],[34.912599,31.449068],[34.912739,31.448841],[34.912804,31.448716],[34.912856,31.448524],[34.912846,31.448319],[34.912819,31.448114],[34.912743,31.447929],[34.912595,31.447745],[34.912413,31.447567],[34.912176,31.447432],[34.911911,31.44724],[34.911735,31.447066],[34.911579,31.44683],[34.911423,31.446541],[34.911359,31.446404],[34.911299,31.446199],[34.911301,31.446018],[34.911302,31.445789],[34.911293,31.445588],[34.911251,31.445465],[34.911154,31.445366],[34.911036,31.445272],[34.910878,31.445179],[34.910749,31.445129],[34.910598,31.445107],[34.910247,31.445103],[34.909762,31.4451],[34.90879,31.445077],[34.908364,31.445059],[34.908016,31.445045],[34.907597,31.445013],[34.90739,31.444969],[34.907239,31.444909],[34.90703,31.444783],[34.906866,31.444647],[34.906708,31.444511],[34.906499,31.444376],[34.906378,31.444299],[34.90621,31.444254],[34.906021,31.444247],[34.905787,31.444274],[34.905493,31.444331],[34.905294,31.444363],[34.905027,31.444367],[34.904765,31.444351],[34.904429,31.444261],[34.904209,31.444154],[34.904006,31.444033],[34.903848,31.443888],[34.903671,31.443704],[34.903545,31.443506],[34.903457,31.443316],[34.903408,31.443078],[34.903377,31.442892],[34.903368,31.442735],[34.903397,31.442539],[34.903446,31.442452],[34.903487,31.442316],[34.903523,31.442153],[34.903525,31.442101]]},"properties":{"OBJECTID":12,"Status":"Constructed","Type":"Fence","IS_COUNTED":1,"Shape_Leng":9474.62240696,"source_crs":"EPSG:32636","evidence":[{"source_id":"ocha_opt","title":"West Bank Separation Barrier (January 2018 alignment)","url":"https://www.ochaopt.org/page/datasets-and-mapping-tools","document_date":"2018-01-01","retrieved":"2026-08-09"}]}},{"type":"Feature","geometry":{"type":"LineString","coordinates":[[35.274273,31.774889],[35.274273,31.774889],[35.275924,31.777451],[35.275995,31.777516],[35.276328,31.777818],[35.276668,31.778226],[35.276836,31.778483],[35.277037,31.778672],[35.277263,31.778769],[35.277309,31.778774],[35.277486,31.778794],[35.27764,31.77869],[35.277734,31.778588],[35.277735,31.778588],[35.277908,31.778479],[35.278101,31.778432],[35.278315,31.778432],[35.278617,31.77864],[35.279104,31.779094],[35.279104,31.779094],[35.279405,31.77933],[35.279749,31.779444],[35.28026,31.779369],[35.280624,31.779322],[35.280877,31.779406],[35.280905,31.779415],[35.280985,31.779597],[35.280972,31.779791],[35.280726,31.780131],[35.280545,31.780331],[35.280395,31.780604],[35.280403,31.780768],[35.280683,31.781048],[35.280684,31.781048],[35.280684,31.781048],[35.281055,31.781234],[35.281055,31.781234],[35.281197,31.781302],[35.281284,31.781391],[35.281284,31.781391],[35.281356,31.781449],[35.281356,31.78145],[35.281523,31.78158],[35.28159,31.781816],[35.28149,31.782049],[35.281297,31.782167],[35.281,31.782163],[35.280549,31.782157],[35.280283,31.782153],[35.279844,31.782152],[35.279504,31.78215],[35.278657,31.782179],[35.277899,31.782208],[35.276006,31.78201],[35.276006,31.78201],[35.27579,31.781987],[35.275179,31.781936],[35.273289,31.781912],[35.272078,31.781944],[35.27126,31.781863],[35.270019,31.781379],[35.270019,31.781379],[35.269339,31.781205],[35.268897,31.781127],[35.26842,31.781045],[35.268419,31.781045],[35.267859,31.781061],[35.267616,31.781112],[35.26754,31.781194],[35.26753,31.781295],[35.267567,31.781418],[35.267624,31.781534],[35.267714,31.781668],[35.267714,31.781668],[35.267714,31.781668],[35.268057,31.781958],[35.268057,31.781958],[35.2686,31.782483],[35.2686,31.782483],[35.268674,31.782606],[35.268686,31.782788],[35.26855,31.782915],[35.268347,31.782893],[35.268116,31.782787],[35.268116,31.782787],[35.267748,31.782575],[35.267748,31.782574],[35.266965,31.782263],[35.266965,31.782263],[35.266273,31.782048],[35.265902,31.782039],[35.265215,31.782056],[35.264311,31.782256],[35.26431,31.782256]]},"properties":{"OBJECTID":13,"Status":"Under Construction","Type":"Fence","IS_COUNTED":1,"Shape_Leng":3299.06467935,"source_crs":"EPSG:32636","evidence":[{"source_id":"ocha_opt","title":"West Bank Separation Barrier (January 2018 alignment)","url":"https://www.ochaopt.org/page/datasets-and-mapping-tools","document_date":"2018-01-01","retrieved":"2026-08-09"}]}},{"type":"Feature","geometry":{"type":"LineString","coordinates":[[34.997894,32.165016],[34.998406,32.164841],[34.999706,32.164538],[35.000479,32.164358],[35.001102,32.164214],[35.001986,32.163874],[35.002846,32.163759],[35.003878,32.163877],[35.004017,32.163896],[35.004513,32.163962],[35.004623,32.16394],[35.005065,32.163852],[35.005091,32.163842],[35.005701,32.163613],[35.006563,32.163606],[35.006864,32.163588],[35.006902,32.163579],[35.00701,32.163555],[35.007683,32.163406],[35.007966,32.163335],[35.00854,32.163415],[35.008609,32.163425],[35.008612,32.163426],[35.009395,32.163684],[35.009819,32.163823],[35.009821,32.163824],[35.009838,32.16383],[35.010127,32.163925],[35.010211,32.163938],[35.010242,32.163942],[35.010736,32.164018],[35.011281,32.163942],[35.011539,32.16383],[35.011773,32.163678],[35.012007,32.163425],[35.012186,32.163195],[35.012224,32.163146],[35.012285,32.163083],[35.012396,32.162967],[35.012441,32.16292],[35.012454,32.162911],[35.012514,32.162866],[35.012614,32.162793],[35.01293,32.162629],[35.013615,32.162491],[35.014452,32.162383],[35.014783,32.162317],[35.015081,32.162164],[35.015425,32.161972],[35.015695,32.161821],[35.015726,32.161804],[35.016066,32.161542]]},"properties":{"OBJECTID":14,"Status":"Constructed","Type":"Concrete","IS_COUNTED":1,"Shape_Leng":1854.14297336,"source_crs":"EPSG:32636","evidence":[{"source_id":"ocha_opt","title":"West Bank Separation Barrier (January 2018 alignment)","url":"https://www.ochaopt.org/page/datasets-and-mapping-tools","document_date":"2018-01-01","retrieved":"2026-08-09"}]}},{"type":"Feature","geometry":{"type":"LineString","coordinates":[[35.035349,32.16948],[35.035449,32.16956],[35.035458,32.169563],[35.035582,32.169596],[35.035806,32.169653],[35.036044,32.169713],[35.03782,32.170164],[35.040604,32.17025],[35.045225,32.169887],[35.048546,32.169523],[35.050137,32.168051],[35.052163,32.16572],[35.055341,32.164741],[35.058806,32.164622],[35.062416,32.164627],[35.064775,32.165432],[35.065021,32.165516],[35.065171,32.165568],[35.065302,32.165612],[35.065491,32.165677]]},"properties":{"OBJECTID":15,"Status":"Projected","Type":"NA","IS_COUNTED":1,"Shape_Leng":3105.05364166,"source_crs":"EPSG:32636","evidence":[{"source_id":"ocha_opt","title":"West Bank Separation Barrier (January 2018 alignment)","url":"https://www.ochaopt.org/page/datasets-and-mapping-tools","document_date":"2018-01-01","retrieved":"2026-08-09"}]}},{"type":"Feature","geometry":{"type":"LineString","coordinates":[[35.175774,32.110998],[35.174405,32.112439],[35.173332,32.113199],[35.171865,32.113912],[35.170609,32.114268],[35.168933,32.113822],[35.16663,32.113108],[35.164536,32.112484],[35.163175,32.111859],[35.161499,32.111859],[35.159195,32.112125],[35.15752,32.112125],[35.154588,32.112213],[35.152075,32.11141],[35.149457,32.110874],[35.147363,32.110873],[35.145164,32.111139],[35.142231,32.112207],[35.141289,32.112207],[35.138357,32.111225],[35.136264,32.110154],[35.134274,32.110421],[35.132703,32.111222],[35.131131,32.111934],[35.13113,32.11336],[35.133329,32.114342],[35.135527,32.115412],[35.136154,32.116661],[35.136258,32.117997],[35.134791,32.119512],[35.133533,32.120848],[35.13259,32.121917],[35.131646,32.122897]]},"properties":{"OBJECTID":16,"Status":"Projected","Type":"NA","IS_COUNTED":1,"Shape_Leng":6177.5357683,"source_crs":"EPSG:32636","evidence":[{"source_id":"ocha_opt","title":"West Bank Separation Barrier (January 2018 alignment)","url":"https://www.ochaopt.org/page/datasets-and-mapping-tools","document_date":"2018-01-01","retrieved":"2026-08-09"}]}},{"type":"Feature","geometry":{"type":"LineString","coordinates":[[35.131646,32.122897],[35.130598,32.124144],[35.129655,32.125035],[35.129128,32.125056],[35.127455,32.125122],[35.125571,32.124319],[35.123896,32.12307],[35.122849,32.122446],[35.120127,32.122444],[35.117508,32.122799],[35.115831,32.123778],[35.11405,32.124401],[35.111955,32.125201],[35.110175,32.124843],[35.110071,32.123952]]},"properties":{"OBJECTID":17,"Status":"Projected","Type":"NA","IS_COUNTED":1,"Shape_Leng":2410.06592063,"source_crs":"EPSG:32636","evidence":[{"source_id":"ocha_opt","title":"West Bank Separation Barrier (January 2018 alignment)","url":"https://www.ochaopt.org/page/datasets-and-mapping-tools","document_date":"2018-01-01","retrieved":"2026-08-09"}]}},{"type":"Feature","geometry":{"type":"LineString","coordinates":[[35.110071,32.123952],[35.110177,32.122704],[35.109549,32.122169],[35.108397,32.122079],[35.106407,32.122256],[35.105465,32.122344],[35.104209,32.121363],[35.10421,32.120739],[35.103688,32.119491],[35.103479,32.118599],[35.102957,32.11753],[35.101806,32.116281],[35.101597,32.115568],[35.102541,32.11441],[35.102438,32.11334],[35.102022,32.110844],[35.101813,32.109597],[35.101292,32.107903],[35.100456,32.106565],[35.100039,32.104604],[35.100147,32.101841],[35.100358,32.100326],[35.100359,32.099346],[35.099836,32.098722],[35.097429,32.097828]]},"properties":{"OBJECTID":18,"Status":"Projected","Type":"NA","IS_COUNTED":1,"Shape_Leng":3669.08833728,"source_crs":"EPSG:32636","evidence":[{"source_id":"ocha_opt","title":"West Bank Separation Barrier (January 2018 alignment)","url":"https://www.ochaopt.org/page/datasets-and-mapping-tools","document_date":"2018-01-01","retrieved":"2026-08-09"}]}},{"type":"Feature","geometry":{"type":"LineString","coordinates":[[35.028538,32.103604],[35.031131,32.101894],[35.034083,32.100274],[35.036512,32.099834],[35.039518,32.09974],[35.042352,32.100533],[35.045181,32.101518],[35.04755,32.102161],[35.051145,32.101702],[35.052824,32.099565],[35.054816,32.098231],[35.057331,32.096897],[35.061311,32.095921],[35.066548,32.09459],[35.06969,32.09388],[35.074087,32.093529],[35.076287,32.092996],[35.079847,32.092108],[35.084664,32.091756],[35.089166,32.091404],[35.092203,32.09105],[35.093328,32.089141]]},"properties":{"OBJECTID":19,"Status":"Projected","Type":"NA","IS_COUNTED":1,"Shape_Leng":6717.97363839,"source_crs":"EPSG:32636","evidence":[{"source_id":"ocha_opt","title":"West Bank Separation Barrier (January 2018 alignment)","url":"https://www.ochaopt.org/page/datasets-and-mapping-tools","document_date":"2018-01-01","retrieved":"2026-08-09"}]}},{"type":"Feature","geometry":{"type":"LineString","coordinates":[[35.039768,32.106546],[35.040218,32.106271],[35.040392,32.106166],[35.040537,32.106077],[35.04203,32.105167],[35.044859,32.10419],[35.048734,32.103838],[35.051142,32.103841],[35.053236,32.104022],[35.055853,32.104471],[35.057737,32.104473],[35.061507,32.104388],[35.064753,32.104124],[35.066638,32.10377],[35.069153,32.102703],[35.072925,32.101281],[35.077638,32.100127],[35.081513,32.099062],[35.083294,32.098261],[35.086436,32.097284],[35.089893,32.096485],[35.093348,32.096132],[35.095441,32.096935],[35.097429,32.097828]]},"properties":{"OBJECTID":20,"Status":"Projected","Type":"NA","IS_COUNTED":1,"Shape_Leng":5723.9886807,"source_crs":"EPSG:32636","evidence":[{"source_id":"ocha_opt","title":"West Bank Separation Barrier (January 2018 alignment)","url":"https://www.ochaopt.org/page/datasets-and-mapping-tools","document_date":"2018-01-01","retrieved":"2026-08-09"}]}},{"type":"Feature","geometry":{"type":"LineString","coordinates":[[35.162109,31.814179],[35.162109,31.814179],[35.162312,31.814427],[35.16238,31.81451],[35.162615,31.814803],[35.162637,31.81483],[35.162974,31.815251],[35.163296,31.815652],[35.163874,31.816712],[35.16437,31.817559],[35.165114,31.81869],[35.165776,31.819891],[35.166519,31.821939],[35.167181,31.823423],[35.16718,31.824624],[35.167262,31.825895],[35.168255,31.825966],[35.168835,31.824059],[35.169332,31.822576],[35.170325,31.821305],[35.170988,31.819553],[35.171898,31.817858],[35.172726,31.816093],[35.172975,31.814962],[35.173554,31.813762],[35.174216,31.812208],[35.175375,31.811078],[35.177691,31.810937],[35.18009,31.811008],[35.183729,31.811504],[35.184391,31.812281],[35.184473,31.813976],[35.184473,31.815671],[35.184142,31.817508]]},"properties":{"OBJECTID":21,"Status":"Projected","Type":"NA","IS_COUNTED":1,"Shape_Leng":4793.86896115,"source_crs":"EPSG:32636","evidence":[{"source_id":"ocha_opt","title":"West Bank Separation Barrier (January 2018 alignment)","url":"https://www.ochaopt.org/page/datasets-and-mapping-tools","document_date":"2018-01-01","retrieved":"2026-08-09"}]}},{"type":"Feature","geometry":{"type":"LineString","coordinates":[[35.184142,31.817508],[35.182569,31.819132],[35.181163,31.820403],[35.180666,31.821604],[35.181576,31.822452],[35.181741,31.823652],[35.181162,31.824853],[35.179589,31.825771],[35.177107,31.826971],[35.175039,31.827395],[35.173384,31.827959],[35.172142,31.829231],[35.171232,31.830502],[35.16966,31.831137],[35.167839,31.83156],[35.166019,31.83156],[35.164861,31.832266],[35.164529,31.83389],[35.163535,31.835232],[35.162799,31.836241],[35.162623,31.836481],[35.162619,31.836487],[35.162523,31.836618],[35.162445,31.836726],[35.162356,31.836848],[35.162331,31.836881],[35.162311,31.836908]]},"properties":{"OBJECTID":22,"Status":"Projected","Type":"NA","IS_COUNTED":1,"Shape_Leng":3372.20178841,"source_crs":"EPSG:32636","evidence":[{"source_id":"ocha_opt","title":"West Bank Separation Barrier (January 2018 alignment)","url":"https://www.ochaopt.org/page/datasets-and-mapping-tools","document_date":"2018-01-01","retrieved":"2026-08-09"}]}},{"type":"Feature","geometry":{"type":"LineString","coordinates":[[35.16823,31.726636],[35.168232,31.726621],[35.168232,31.726604],[35.168223,31.726559],[35.168205,31.726504],[35.168146,31.726352],[35.168135,31.726314],[35.168134,31.726287],[35.168013,31.725949],[35.16799,31.725924],[35.167969,31.725908],[35.167953,31.725899],[35.167902,31.725876],[35.167864,31.725855],[35.167347,31.725606],[35.166764,31.725404],[35.166704,31.725415],[35.166635,31.725432],[35.166573,31.725449],[35.166527,31.725466],[35.16651,31.725474],[35.166493,31.725485],[35.166476,31.725499],[35.166458,31.725516],[35.166423,31.725557],[35.16638,31.725618],[35.166273,31.725867],[35.166098,31.72626],[35.165942,31.726428],[35.165668,31.7265],[35.165361,31.72647],[35.165148,31.726532]]},"properties":{"OBJECTID":23,"Status":"Constructed","Type":"Concrete","IS_COUNTED":1,"Shape_Leng":436.259230946,"source_crs":"EPSG:32636","evidence":[{"source_id":"ocha_opt","title":"West Bank Separation Barrier (January 2018 alignment)","url":"https://www.ochaopt.org/page/datasets-and-mapping-tools","document_date":"2018-01-01","retrieved":"2026-08-09"}]}},{"type":"Feature","geometry":{"type":"LineString","coordinates":[[35.168039,31.722132],[35.167997,31.721571],[35.168027,31.720315],[35.168056,31.71995],[35.168803,31.719037],[35.169502,31.718208],[35.169958,31.717777],[35.17053,31.717375],[35.171107,31.717116],[35.171727,31.716913],[35.172305,31.716751],[35.172824,31.716561],[35.173265,31.716403],[35.173508,31.716229],[35.17374,31.71598],[35.173857,31.715711],[35.173901,31.715508],[35.174032,31.714487],[35.174037,31.714275],[35.174047,31.713977],[35.173901,31.713554],[35.173625,31.713102],[35.173436,31.712766],[35.173228,31.712206],[35.172985,31.711663],[35.172777,31.711136],[35.17254,31.710568],[35.172215,31.709967],[35.1719,31.709557],[35.171745,31.708975],[35.171512,31.708336],[35.171246,31.707661],[35.171006,31.707228],[35.170936,31.707101],[35.170713,31.70674],[35.170533,31.706233],[35.170427,31.705885],[35.170236,31.705694],[35.170008,31.705545],[35.169649,31.705404],[35.169038,31.705242],[35.168272,31.705113],[35.167457,31.705026],[35.167223,31.705063],[35.167218,31.705065],[35.167218,31.705065],[35.167217,31.705066],[35.167215,31.705066]]},"properties":{"OBJECTID":24,"Status":"Projected","Type":"NA","IS_COUNTED":1,"Shape_Leng":2478.79822899,"source_crs":"EPSG:32636","evidence":[{"source_id":"ocha_opt","title":"West Bank Separation Barrier (January 2018 alignment)","url":"https://www.ochaopt.org/page/datasets-and-mapping-tools","document_date":"2018-01-01","retrieved":"2026-08-09"}]}},{"type":"Feature","geometry":{"type":"LineString","coordinates":[[35.344013,31.783194],[35.343895,31.782929],[35.343727,31.78275],[35.343727,31.78275],[35.343383,31.782707],[35.343207,31.782693],[35.342864,31.782579],[35.342864,31.782579],[35.342721,31.782329],[35.342402,31.781935],[35.341806,31.781235],[35.341655,31.780963],[35.341629,31.780633],[35.341578,31.780397],[35.341352,31.780211],[35.341352,31.780211],[35.340824,31.780076],[35.340572,31.779826],[35.340462,31.779504]]},"properties":{"OBJECTID":25,"Status":"Under Construction","Type":"Fence","IS_COUNTED":1,"Shape_Leng":573.838300869,"source_crs":"EPSG:32636","evidence":[{"source_id":"ocha_opt","title":"West Bank Separation Barrier (January 2018 alignment)","url":"https://www.ochaopt.org/page/datasets-and-mapping-tools","document_date":"2018-01-01","retrieved":"2026-08-09"}]}},{"type":"Feature","geometry":{"type":"LineString","coordinates":[[35.350474,31.788189],[35.350452,31.788185],[35.350438,31.788182],[35.350421,31.788155],[35.350409,31.788127],[35.350263,31.787789],[35.350077,31.786709],[35.350051,31.786165],[35.349623,31.785707],[35.349027,31.785321],[35.348608,31.78505],[35.34818,31.784785],[35.34766,31.784478],[35.347282,31.784085],[35.347039,31.783806],[35.346402,31.783771],[35.345397,31.784051],[35.345028,31.784109],[35.344449,31.783845],[35.344198,31.783609],[35.344013,31.783194]]},"properties":{"OBJECTID":26,"Status":"Projected","Type":"NA","IS_COUNTED":1,"Shape_Leng":965.199371226,"source_crs":"EPSG:32636","evidence":[{"source_id":"ocha_opt","title":"West Bank Separation Barrier (January 2018 alignment)","url":"https://www.ochaopt.org/page/datasets-and-mapping-tools","document_date":"2018-01-01","retrieved":"2026-08-09"}]}},{"type":"Feature","geometry":{"type":"LineString","coordinates":[[35.033359,31.94125],[35.033359,31.94125],[35.03353,31.941365],[35.033668,31.941506],[35.033862,31.941689],[35.034061,31.9418],[35.034337,31.941896],[35.034709,31.941995],[35.034985,31.942086],[35.035176,31.94215],[35.035507,31.942183],[35.036316,31.942318],[35.036899,31.942485],[35.037142,31.942576],[35.03863,31.943302],[35.039072,31.943553],[35.039377,31.943667],[35.040207,31.943997],[35.040793,31.944195],[35.041266,31.944302],[35.042127,31.944522],[35.042983,31.944743],[35.043669,31.944899],[35.044506,31.945026],[35.045104,31.945109],[35.045267,31.945107],[35.045473,31.945075],[35.045607,31.945044],[35.045751,31.94498],[35.045867,31.944901],[35.045992,31.944737],[35.046294,31.944255],[35.046474,31.944032],[35.046623,31.943911],[35.046778,31.94386],[35.046973,31.943829],[35.047326,31.943828],[35.048133,31.943872],[35.048396,31.943863],[35.048663,31.943801],[35.048809,31.943756],[35.048947,31.943668],[35.04909,31.943565],[35.049237,31.943382],[35.04946,31.943063],[35.050229,31.941915],[35.050424,31.941621],[35.050458,31.941549]]},"properties":{"OBJECTID":27,"Status":"Constructed","Type":"Fence","IS_COUNTED":1,"Shape_Leng":1918.62192673,"source_crs":"EPSG:32636","evidence":[{"source_id":"ocha_opt","title":"West Bank Separation Barrier (January 2018 alignment)","url":"https://www.ochaopt.org/page/datasets-and-mapping-tools","document_date":"2018-01-01","retrieved":"2026-08-09"}]}},{"type":"Feature","geometry":{"type":"LineString","coordinates":[[35.206121,31.725995],[35.206497,31.72572],[35.207018,31.725442],[35.207226,31.725257],[35.207356,31.725],[35.207401,31.724737],[35.207574,31.724299]]},"properties":{"OBJECTID":28,"Status":"Constructed","Type":"Fence","IS_COUNTED":1,"Shape_Leng":245.377984674,"source_crs":"EPSG:32636","evidence":[{"source_id":"ocha_opt","title":"West Bank Separation Barrier (January 2018 alignment)","url":"https://www.ochaopt.org/page/datasets-and-mapping-tools","document_date":"2018-01-01","retrieved":"2026-08-09"}]}},{"type":"Feature","geometry":{"type":"LineString","coordinates":[[35.233428,31.712325],[35.233335,31.712413],[35.233188,31.712553],[35.232881,31.712816],[35.232699,31.71291],[35.232292,31.713149],[35.23168,31.71346],[35.23135,31.713671],[35.231064,31.71387],[35.230846,31.714074],[35.230568,31.714355],[35.230308,31.714694],[35.230097,31.715008],[35.229937,31.715321],[35.229694,31.715893],[35.229535,31.71623],[35.229481,31.716374],[35.229433,31.716447],[35.229323,31.716506],[35.229206,31.716541],[35.229083,31.716534],[35.228921,31.716508],[35.228775,31.716496],[35.228658,31.716498],[35.228548,31.716548],[35.228405,31.71666],[35.227811,31.717248],[35.227707,31.717365],[35.227595,31.717567],[35.22751,31.717745],[35.227462,31.717827],[35.227385,31.717886],[35.227351,31.717889],[35.227318,31.717892],[35.227217,31.717865],[35.227154,31.717794],[35.227151,31.71768],[35.227272,31.717353],[35.227677,31.716329],[35.227784,31.716118],[35.22787,31.715978],[35.227894,31.715848],[35.227872,31.715746],[35.227801,31.715683],[35.227694,31.715642],[35.227554,31.71564],[35.227393,31.715676],[35.227289,31.71574],[35.227147,31.715901],[35.226975,31.716146],[35.226824,31.716363],[35.226169,31.71701],[35.225824,31.717312],[35.225709,31.717371],[35.225664,31.717369],[35.225619,31.717368],[35.225495,31.717298],[35.225477,31.717265],[35.22546,31.717232],[35.225463,31.717132],[35.225581,31.717026],[35.22573,31.716869],[35.225822,31.716725],[35.225917,31.716499],[35.226002,31.716311],[35.226069,31.716085],[35.226096,31.71586],[35.226087,31.715832],[35.226079,31.715804],[35.225999,31.715757],[35.225893,31.71574],[35.225848,31.715741],[35.225804,31.715742],[35.225721,31.715781],[35.22565,31.715854],[35.22563,31.71594],[35.225634,31.716098],[35.225615,31.716237],[35.225567,31.716352],[35.225476,31.716511],[35.225379,31.716661],[35.225242,31.716787],[35.225011,31.716977],[35.22478,31.717125],[35.224603,31.71719],[35.224486,31.717182],[35.224361,31.717113],[35.224292,31.717014],[35.224278,31.71688],[35.224267,31.716662],[35.224269,31.716504],[35.224217,31.716328],[35.224091,31.716068],[35.223996,31.715857],[35.223894,31.715739],[35.223876,31.715718],[35.223807,31.715657],[35.223695,31.71564],[35.223573,31.715647],[35.223351,31.715713],[35.222918,31.71583],[35.222668,31.715892],[35.22239,31.715944],[35.222218,31.715952],[35.222045,31.715993],[35.221858,31.716102],[35.221497,31.716404],[35.22129,31.716622],[35.221196,31.716672],[35.221084,31.716669],[35.221005,31.716599],[35.220986,31.716503],[35.221016,31.716393],[35.221323,31.715911],[35.221503,31.715492],[35.221644,31.715147],[35.221779,31.714674],[35.221983,31.714093],[35.222115,31.713742],[35.222193,31.713528],[35.2222,31.713347],[35.222156,31.713147],[35.222064,31.71301],[35.221899,31.712913],[35.221703,31.712883],[35.221514,31.712891],[35.221309,31.712976],[35.221134,31.713117],[35.220829,31.713456],[35.220566,31.713662],[35.220264,31.713867],[35.219954,31.714001],[35.219666,31.714097],[35.219327,31.71416],[35.219015,31.714185],[35.218727,31.714257],[35.218489,31.714371],[35.218264,31.714532],[35.218028,31.714689],[35.217808,31.714845],[35.217576,31.71494],[35.217393,31.715005],[35.217121,31.715039],[35.216683,31.71517],[35.216428,31.715261],[35.216178,31.715318],[35.215968,31.715417],[35.215616,31.715614],[35.215376,31.715752],[35.215047,31.716029],[35.214457,31.716579],[35.214211,31.716793],[35.214008,31.716949],[35.213775,31.717016],[35.213581,31.717086],[35.213332,31.717181],[35.213118,31.717318],[35.212812,31.717615],[35.212425,31.718008],[35.212268,31.718182],[35.21207,31.71831],[35.211794,31.718444],[35.211424,31.718617],[35.211236,31.718711],[35.21111,31.718832],[35.211025,31.718982],[35.210985,31.719178],[35.210995,31.719359],[35.211077,31.71952],[35.211213,31.719632],[35.211398,31.71987],[35.211566,31.720125],[35.211608,31.720277],[35.211618,31.720444],[35.211584,31.720664],[35.2115,31.720895],[35.21133,31.72126],[35.21121,31.721382],[35.211012,31.72149],[35.210847,31.721536],[35.210708,31.721557],[35.210474,31.721576],[35.210262,31.72157],[35.209983,31.721575],[35.209733,31.721622],[35.20954,31.721716],[35.209352,31.721824],[35.209194,31.721975],[35.20902,31.722155],[35.208864,31.722415],[35.208407,31.723387],[35.208278,31.723595],[35.208137,31.723807],[35.20807,31.724018],[35.207967,31.724158],[35.207852,31.724261],[35.207719,31.724301],[35.207574,31.724299]]},"properties":{"OBJECTID":29,"Status":"Constructed","Type":"Fence","IS_COUNTED":1,"Shape_Leng":4926.0251717,"source_crs":"EPSG:32636","evidence":[{"source_id":"ocha_opt","title":"West Bank Separation Barrier (January 2018 alignment)","url":"https://www.ochaopt.org/page/datasets-and-mapping-tools","document_date":"2018-01-01","retrieved":"2026-08-09"}]}},{"type":"Feature","geometry":{"type":"LineString","coordinates":[[35.195184,31.723562],[35.19536,31.72357],[35.195538,31.723557],[35.195661,31.723517],[35.195865,31.723375],[35.196099,31.723151],[35.196278,31.722919],[35.196455,31.722592],[35.196871,31.721759],[35.196989,31.721594],[35.197143,31.721468],[35.19727,31.721374],[35.197479,31.721295],[35.197685,31.721239],[35.198319,31.721147],[35.198597,31.72108],[35.198768,31.721029],[35.199228,31.720845],[35.199393,31.720775],[35.199504,31.72073],[35.199817,31.720734],[35.199849,31.720758],[35.19988,31.720781],[35.199885,31.720789],[35.200043,31.721093],[35.200155,31.721311],[35.200271,31.721476],[35.200343,31.721529],[35.200484,31.721564],[35.200616,31.721562],[35.20112,31.721358],[35.201696,31.721213],[35.202081,31.721194],[35.202813,31.720924],[35.202308,31.719987],[35.202253,31.719457],[35.201983,31.719411],[35.201934,31.719291],[35.202025,31.719276],[35.202036,31.719317],[35.202145,31.719303],[35.202118,31.718998],[35.202107,31.718873],[35.201567,31.718996],[35.201464,31.718824],[35.201466,31.718533],[35.202129,31.718316],[35.202165,31.718399],[35.202285,31.718622],[35.20241,31.719093],[35.202442,31.719715],[35.202506,31.719819],[35.202733,31.719785],[35.203368,31.719541],[35.20351,31.719599],[35.203883,31.720125],[35.203501,31.720334],[35.20317,31.720437],[35.202916,31.719868],[35.202511,31.720027],[35.203042,31.720972],[35.202931,31.721079],[35.202694,31.721083],[35.202189,31.721257],[35.202158,31.721398],[35.202172,31.72151],[35.202278,31.722691],[35.202348,31.72281],[35.202445,31.722903],[35.202509,31.722998],[35.202542,31.723112],[35.202545,31.723255],[35.202504,31.723389],[35.202447,31.723581],[35.202403,31.723747],[35.202415,31.723877],[35.20252,31.724012],[35.202672,31.724135],[35.202886,31.724208],[35.203545,31.72423]]},"properties":{"OBJECTID":30,"Status":"Constructed","Type":"Concrete","IS_COUNTED":1,"Shape_Leng":2555.99201745,"source_crs":"EPSG:32636","evidence":[{"source_id":"ocha_opt","title":"West Bank Separation Barrier (January 2018 alignment)","url":"https://www.ochaopt.org/page/datasets-and-mapping-tools","document_date":"2018-01-01","retrieved":"2026-08-09"}]}},{"type":"Feature","geometry":{"type":"LineString","coordinates":[[35.207574,31.724299],[35.207456,31.724253],[35.207337,31.724174],[35.207261,31.724061],[35.207197,31.723962],[35.207122,31.723848],[35.206986,31.72377],[35.206235,31.72342],[35.205957,31.723272],[35.205856,31.723463],[35.205742,31.7236],[35.205604,31.723703],[35.205461,31.723767],[35.205267,31.723823],[35.205071,31.723827],[35.204898,31.723811],[35.204713,31.723776],[35.204505,31.723746],[35.204293,31.723735],[35.204071,31.723782],[35.203849,31.723862],[35.203589,31.723938],[35.203551,31.724011],[35.203545,31.72423]]},"properties":{"OBJECTID":31,"Status":"Constructed","Type":"Concrete","IS_COUNTED":1,"Shape_Leng":486.586192561,"source_crs":"EPSG:32636","evidence":[{"source_id":"ocha_opt","title":"West Bank Separation Barrier (January 2018 alignment)","url":"https://www.ochaopt.org/page/datasets-and-mapping-tools","document_date":"2018-01-01","retrieved":"2026-08-09"}]}},{"type":"Feature","geometry":{"type":"LineString","coordinates":[[34.960403,31.348704],[34.960679,31.348784],[34.961099,31.349049],[34.962173,31.349726],[34.964179,31.351003],[34.96458,31.35129],[34.964766,31.35135],[34.965005,31.351336],[34.965265,31.351289],[34.965686,31.351118],[34.966588,31.350682],[34.966851,31.350501],[34.966995,31.350316],[34.967031,31.350088],[34.967024,31.349754],[34.967028,31.349602],[34.967034,31.349405],[34.967063,31.349209],[34.967188,31.34905],[34.967348,31.348981],[34.967554,31.349011],[34.967695,31.34909],[34.967867,31.349338],[34.968002,31.349684],[34.968025,31.349743],[34.968171,31.350066],[34.968342,31.350264],[34.96854,31.350413],[34.969,31.350588],[34.969535,31.350749],[34.969918,31.35086],[34.97019,31.350813],[34.970608,31.350583],[34.971246,31.350219],[34.971564,31.350055],[34.971818,31.349924],[34.972061,31.349872],[34.972267,31.349864],[34.972442,31.349915],[34.972676,31.35002],[34.972853,31.350237],[34.972905,31.350334],[34.973421,31.3513],[34.973721,31.351878],[34.973891,31.352038],[34.974183,31.352152],[34.974505,31.352133],[34.974803,31.352014],[34.975131,31.35177],[34.975362,31.351624],[34.975561,31.351568],[34.975739,31.351589],[34.975879,31.351644],[34.976032,31.351773],[34.976632,31.352785],[34.976957,31.353162],[34.977182,31.353245],[34.977556,31.353296],[34.9782,31.353258],[34.97881,31.353177],[34.979208,31.353018],[34.979416,31.352867],[34.979579,31.352678],[34.979732,31.352303],[34.979918,31.35176],[34.979984,31.351569],[34.980089,31.351262],[34.980202,31.351112],[34.980417,31.351013],[34.980627,31.350967],[34.980845,31.351007],[34.981167,31.351255],[34.981599,31.351659],[34.981927,31.351954],[34.982265,31.352097],[34.982789,31.35212],[34.98382,31.351989],[34.984663,31.351838],[34.985455,31.35163],[34.985749,31.351587],[34.986032,31.351583],[34.986344,31.351602],[34.986602,31.351689],[34.986877,31.351804],[34.987214,31.351977],[34.987481,31.352245],[34.987739,31.352599],[34.988147,31.353228],[34.988503,31.353781],[34.988645,31.353948],[34.988732,31.354049],[34.989111,31.354368],[34.989511,31.354605],[34.989953,31.354754],[34.990337,31.354817],[34.991044,31.354834],[34.991985,31.354801],[34.99264,31.354841],[34.993193,31.35492],[34.993265,31.354932],[34.993689,31.355002],[34.994095,31.355221],[34.994155,31.355282],[34.994333,31.355461],[34.994561,31.355959],[34.994723,31.356271],[34.9949,31.356464],[34.995103,31.356595],[34.99536,31.356653],[34.995643,31.356639],[34.995931,31.356553],[34.996188,31.356363],[34.996434,31.356187],[34.996682,31.356107],[34.996888,31.356118],[34.997073,31.356201],[34.997209,31.356309],[34.997297,31.356585],[34.997316,31.35689],[34.997365,31.357104],[34.997442,31.357303],[34.997573,31.357473],[34.997748,31.357601],[34.998102,31.357734],[34.998435,31.357729],[34.998679,31.357668],[35.000664,31.356591],[35.000763,31.356538],[35.001278,31.356281],[35.001665,31.35617],[35.002131,31.356101],[35.002575,31.356075],[35.003133,31.356152],[35.003924,31.356464],[35.004741,31.356943],[35.005638,31.357446],[35.006274,31.357802],[35.006875,31.358094],[35.007425,31.358268],[35.007762,31.358333],[35.009152,31.358311],[35.010546,31.358222],[35.010757,31.358229],[35.010942,31.358288],[35.011072,31.358381],[35.011176,31.358561],[35.01118,31.358728],[35.011112,31.358944],[35.010941,31.35929],[35.010919,31.359536],[35.010986,31.359775],[35.011375,31.360045],[35.011621,31.360084],[35.011915,31.360041],[35.012566,31.359802],[35.013626,31.359427],[35.013837,31.359376],[35.014025,31.359344],[35.014208,31.359332],[35.014498,31.359327],[35.014887,31.35935],[35.01535,31.359395],[35.016035,31.359418],[35.017139,31.359491],[35.01847,31.359594],[35.019072,31.359623],[35.019461,31.359626],[35.019794,31.359597],[35.020205,31.359557],[35.02045,31.35953],[35.020689,31.359521],[35.020963,31.359565],[35.021405,31.359696],[35.021746,31.359757],[35.02203,31.359805],[35.022331,31.359829],[35.022548,31.359807],[35.022942,31.359758],[35.023223,31.359663],[35.023649,31.359556],[35.023952,31.359509],[35.024187,31.359485],[35.024488,31.35949],[35.024817,31.359542],[35.025418,31.359652],[35.025836,31.359707],[35.026161,31.359783],[35.026396,31.35987],[35.026621,31.360005],[35.026943,31.360215],[35.027394,31.360499],[35.02766,31.360686],[35.027885,31.360806],[35.028114,31.360864],[35.028364,31.360865],[35.02858,31.360824],[35.028939,31.36068],[35.029353,31.360497],[35.0295,31.36048],[35.029644,31.360478],[35.029817,31.360513],[35.029964,31.360616],[35.030112,31.360742],[35.030211,31.360963],[35.030657,31.361796],[35.030837,31.361893],[35.031061,31.361937],[35.03131,31.3619],[35.031509,31.361844],[35.032121,31.361572],[35.032782,31.361275],[35.033309,31.360971],[35.033632,31.360694],[35.034337,31.359883],[35.034527,31.359689],[35.034718,31.359528],[35.034921,31.359406],[35.035164,31.359316],[35.0373,31.358538],[35.037483,31.358511],[35.037599,31.358504],[35.037688,31.358498],[35.037696,31.358499],[35.037995,31.35855],[35.038314,31.35865],[35.040352,31.359372],[35.041713,31.359794],[35.042845,31.360153],[35.044239,31.360515],[35.044842,31.360663],[35.04534,31.36077],[35.045736,31.360826],[35.046159,31.360833],[35.046559,31.360817],[35.046975,31.360772],[35.047379,31.360675],[35.048118,31.360458],[35.048828,31.360146],[35.04924,31.359911],[35.049502,31.359682],[35.04979,31.359339],[35.050162,31.358788],[35.050423,31.358536],[35.050782,31.358387],[35.051098,31.358363],[35.052176,31.358312],[35.053226,31.358331],[35.054076,31.358297],[35.055665,31.358228],[35.057033,31.358169],[35.061238,31.357986],[35.061977,31.357954],[35.062543,31.357956],[35.062788,31.357989],[35.062845,31.358008],[35.063119,31.358099],[35.063749,31.358403],[35.06497,31.359081],[35.065814,31.359516],[35.067024,31.360186],[35.067525,31.360408],[35.068049,31.360537],[35.068524,31.360625],[35.069025,31.360641],[35.069781,31.360604],[35.071052,31.360479],[35.07166,31.360426],[35.072348,31.360358],[35.072909,31.360311],[35.073235,31.360219],[35.073593,31.360061],[35.074059,31.359719],[35.074193,31.359521],[35.074326,31.359228],[35.074664,31.358149],[35.074825,31.357662],[35.07493,31.357345],[35.075149,31.356596],[35.075243,31.356407],[35.075422,31.356179],[35.075776,31.355854],[35.075938,31.355732],[35.076059,31.355687],[35.076209,31.355646],[35.076359,31.355639],[35.076537,31.355655],[35.076732,31.355695],[35.077727,31.355918],[35.078236,31.356038],[35.078527,31.3561],[35.078732,31.356092],[35.078943,31.356065],[35.079441,31.355947],[35.079641,31.355915],[35.079896,31.355892],[35.0806,31.355854],[35.080806,31.355868],[35.08106,31.355959],[35.081359,31.356131],[35.081634,31.356274],[35.081854,31.356354],[35.082104,31.356381],[35.082538,31.356384],[35.085535,31.356364],[35.086429,31.356363],[35.08674,31.356363],[35.088464,31.356359],[35.090373,31.356385],[35.091432,31.356394],[35.091734,31.356444],[35.092159,31.356514],[35.09251,31.356556],[35.0929,31.356587],[35.093327,31.356552],[35.093843,31.356486],[35.094337,31.35644],[35.094843,31.356398],[35.095165,31.356393],[35.095511,31.35644],[35.095888,31.356469],[35.096194,31.356512],[35.096522,31.356675],[35.096783,31.356975],[35.097047,31.357333],[35.097186,31.357589],[35.097473,31.358224],[35.097538,31.358387],[35.09764,31.358505],[35.097775,31.35857],[35.097921,31.358629],[35.098127,31.35864],[35.098811,31.35862],[35.098977,31.358569],[35.099147,31.358485],[35.099432,31.358275],[35.100243,31.357685],[35.10043,31.357596],[35.100585,31.357569],[35.100741,31.357576],[35.100888,31.357606],[35.101056,31.357733],[35.101215,31.358103],[35.101281,31.358336],[35.101369,31.35853],[35.101495,31.35869],[35.101726,31.358863],[35.102812,31.359645],[35.102937,31.359757],[35.103023,31.359889],[35.10307,31.360013],[35.103069,31.360189],[35.103049,31.360323],[35.102715,31.361071],[35.102689,31.361191],[35.102705,31.361341],[35.10273,31.36151],[35.102777,31.361614],[35.102907,31.361717],[35.103604,31.36203],[35.104254,31.362272],[35.104754,31.36246],[35.104923,31.362567],[35.105026,31.362699],[35.105095,31.362827],[35.105254,31.363965],[35.105351,31.364815],[35.105401,31.365044],[35.105512,31.365285],[35.105667,31.365531],[35.105906,31.365727],[35.106425,31.366158],[35.106557,31.366337],[35.106663,31.366598],[35.106673,31.366813],[35.106633,31.367037],[35.106466,31.367508],[35.106369,31.367887],[35.106356,31.368063],[35.106404,31.368235],[35.106514,31.368433],[35.106691,31.368616],[35.106855,31.368747],[35.109437,31.371006],[35.109623,31.371167],[35.109769,31.371236],[35.109965,31.371309],[35.110167,31.371373],[35.110413,31.371421],[35.110652,31.371437],[35.110903,31.371447],[35.11121,31.37148],[35.111427,31.37151],[35.111629,31.371578],[35.111782,31.371695],[35.111885,31.371827],[35.111943,31.37197],[35.111981,31.372131],[35.112047,31.372304],[35.112187,31.372442],[35.11266,31.372559]]},"properties":{"OBJECTID":32,"Status":"Constructed","Type":"Fence","IS_COUNTED":1,"Shape_Leng":18221.4549658,"source_crs":"EPSG:32636","evidence":[{"source_id":"ocha_opt","title":"West Bank Separation Barrier (January 2018 alignment)","url":"https://www.ochaopt.org/page/datasets-and-mapping-tools","document_date":"2018-01-01","retrieved":"2026-08-09"}]}},{"type":"Feature","geometry":{"type":"LineString","coordinates":[[34.88795,31.378113],[34.889298,31.374378],[34.890019,31.372379],[34.890071,31.372167],[34.890111,31.371951],[34.890127,31.371721],[34.890133,31.371645],[34.890127,31.371256],[34.890159,31.371003]]},"properties":{"OBJECTID":33,"Status":"Constructed","Type":"Fence","IS_COUNTED":1,"Shape_Leng":819.148973956,"source_crs":"EPSG:32636","evidence":[{"source_id":"ocha_opt","title":"West Bank Separation Barrier (January 2018 alignment)","url":"https://www.ochaopt.org/page/datasets-and-mapping-tools","document_date":"2018-01-01","retrieved":"2026-08-09"}]}},{"type":"Feature","geometry":{"type":"LineString","coordinates":[[35.267556,31.819589],[35.267354,31.819545],[35.266815,31.819542],[35.266665,31.819541],[35.266314,31.819539],[35.26448,31.819524],[35.264309,31.819506],[35.264134,31.819466],[35.263904,31.819403],[35.263666,31.819269],[35.263466,31.81912],[35.263255,31.818933],[35.263139,31.818758],[35.263017,31.818565],[35.262929,31.81838],[35.262924,31.818359],[35.262918,31.818328],[35.262884,31.818171],[35.262807,31.817972],[35.262689,31.817716],[35.262568,31.817566],[35.262422,31.817411],[35.262245,31.817261],[35.262036,31.81715],[35.261855,31.817073],[35.261641,31.817024],[35.261417,31.817013],[35.261032,31.817016],[35.261003,31.817016],[35.260764,31.81702],[35.260523,31.816996],[35.26033,31.816904],[35.260187,31.816759],[35.260094,31.816584],[35.259981,31.816337],[35.25987,31.816144],[35.259652,31.815909],[35.259453,31.815768],[35.259439,31.815759],[35.259408,31.815737],[35.259263,31.81567],[35.259131,31.815608],[35.258819,31.815423],[35.258562,31.815184],[35.258343,31.81493],[35.258266,31.814745],[35.258211,31.814541],[35.258194,31.814341],[35.258189,31.81413],[35.258189,31.814117],[35.2582,31.813883],[35.258264,31.813734],[35.258333,31.813613],[35.258384,31.813428],[35.258385,31.813426],[35.258368,31.813211],[35.25828,31.813046],[35.25812,31.812882],[35.257922,31.812709],[35.257766,31.812487],[35.257554,31.812257],[35.257397,31.812036],[35.257131,31.811878],[35.256754,31.811775],[35.256479,31.811727],[35.256152,31.81164],[35.25572,31.811571],[35.255333,31.81153],[35.25492,31.811528],[35.254288,31.811525],[35.253958,31.811526],[35.253718,31.81155],[35.253412,31.811603],[35.253084,31.811671],[35.252839,31.811684],[35.252559,31.811685],[35.252044,31.811627],[35.251841,31.811627],[35.251759,31.811627],[35.251553,31.811602],[35.251386,31.8116],[35.251219,31.811642],[35.251065,31.811721],[35.2509,31.811862],[35.250742,31.812013],[35.250577,31.81213],[35.250362,31.812268],[35.250031,31.812417],[35.249815,31.812516],[35.249677,31.81259],[35.249519,31.812731],[35.249349,31.812873],[35.249194,31.812956],[35.248995,31.813051],[35.24878,31.81314],[35.248508,31.81325],[35.248315,31.813339],[35.24825,31.813374],[35.248105,31.813453],[35.248057,31.813498],[35.247963,31.813584],[35.247844,31.813753],[35.247758,31.813893],[35.247723,31.813971],[35.247689,31.814047],[35.247671,31.814236],[35.247653,31.814399],[35.247589,31.814505],[35.24748,31.814645],[35.247262,31.814883],[35.246656,31.815605],[35.246417,31.815895],[35.246297,31.816017],[35.246127,31.816153],[35.245912,31.816272],[35.245652,31.816367],[35.24538,31.816443],[35.245157,31.816471],[35.244917,31.81649],[35.244693,31.816489],[35.244469,31.816455],[35.244261,31.816401],[35.24408,31.816323],[35.243837,31.816213],[35.243763,31.816162],[35.243667,31.816096],[35.243422,31.815919],[35.243186,31.815628],[35.243057,31.815441],[35.242866,31.815163],[35.242671,31.814942],[35.242527,31.814797],[35.242357,31.814685],[35.242239,31.814649],[35.242021,31.814644],[35.241819,31.814633],[35.241618,31.814617]]},"properties":{"OBJECTID":34,"Status":"Constructed","Type":"Concrete","IS_COUNTED":1,"Shape_Leng":3325.2890535,"source_crs":"EPSG:32636","evidence":[{"source_id":"ocha_opt","title":"West Bank Separation Barrier (January 2018 alignment)","url":"https://www.ochaopt.org/page/datasets-and-mapping-tools","document_date":"2018-01-01","retrieved":"2026-08-09"}]}},{"type":"Feature","geometry":{"type":"LineString","coordinates":[[34.945074,31.512601],[34.945077,31.512446],[34.944973,31.512261],[34.944246,31.51107],[34.94421,31.510948],[34.944153,31.510645],[34.944097,31.510349],[34.943964,31.509277],[34.943716,31.507822],[34.943599,31.507819],[34.943601,31.507361],[34.943626,31.507237],[34.943725,31.50718]]},"properties":{"OBJECTID":35,"Status":"Constructed","Type":"Fence","IS_COUNTED":1,"Shape_Leng":639.994865115,"source_crs":"EPSG:32636","evidence":[{"source_id":"ocha_opt","title":"West Bank Separation Barrier (January 2018 alignment)","url":"https://www.ochaopt.org/page/datasets-and-mapping-tools","document_date":"2018-01-01","retrieved":"2026-08-09"}]}},{"type":"Feature","geometry":{"type":"LineString","coordinates":[[35.147352,32.214363],[35.146642,32.21402],[35.146897,32.212687],[35.1465,32.212043],[35.145058,32.211475],[35.144537,32.210857],[35.14365,32.210384],[35.142799,32.209724],[35.142024,32.208788],[35.140699,32.207724],[35.139424,32.206809],[35.139125,32.206022],[35.1395,32.205001],[35.140177,32.203831],[35.140828,32.202662],[35.141304,32.20162],[35.141948,32.200046],[35.14155,32.195707],[35.141546,32.192065],[35.140596,32.188634],[35.139738,32.186827],[35.139649,32.185135],[35.138061,32.183485],[35.136531,32.182919],[35.136442,32.181458],[35.136669,32.180074],[35.136218,32.179343],[35.136399,32.178229],[35.136084,32.177267],[35.135159,32.176075],[35.134563,32.174933],[35.133972,32.174093],[35.133024,32.173201],[35.132088,32.17279],[35.13126,32.171316],[35.12806,32.16991],[35.126859,32.169696],[35.125958,32.170461],[35.125407,32.171993],[35.125655,32.17395],[35.125725,32.175204],[35.125466,32.1763],[35.125218,32.180973],[35.124888,32.182131],[35.124557,32.18323],[35.124304,32.184628],[35.123843,32.186275],[35.123829,32.186301],[35.123815,32.186327],[35.123451,32.187015]]},"properties":{"OBJECTID":36,"Status":"Projected","Type":"NA","IS_COUNTED":1,"Shape_Leng":7997.23133758,"source_crs":"EPSG:32636","evidence":[{"source_id":"ocha_opt","title":"West Bank Separation Barrier (January 2018 alignment)","url":"https://www.ochaopt.org/page/datasets-and-mapping-tools","document_date":"2018-01-01","retrieved":"2026-08-09"}]}},{"type":"Feature","geometry":{"type":"LineString","coordinates":[[35.090395,32.1765],[35.090555,32.176568],[35.091565,32.177306],[35.092864,32.177798],[35.094452,32.178045],[35.096474,32.178292],[35.097772,32.17903],[35.099215,32.180137],[35.100513,32.181243],[35.101957,32.182104],[35.103978,32.182351],[35.105276,32.183458],[35.106575,32.18481],[35.107729,32.185916],[35.109461,32.186408],[35.110617,32.186287],[35.111483,32.186901],[35.112349,32.187393],[35.113793,32.187394],[35.114516,32.186781],[35.115816,32.186536],[35.11697,32.187274],[35.11798,32.188011],[35.119136,32.188135],[35.120291,32.187767],[35.121447,32.187399],[35.123451,32.187015]]},"properties":{"OBJECTID":37,"Status":"Projected","Type":"NA","IS_COUNTED":1,"Shape_Leng":3657.9902906,"source_crs":"EPSG:32636","evidence":[{"source_id":"ocha_opt","title":"West Bank Separation Barrier (January 2018 alignment)","url":"https://www.ochaopt.org/page/datasets-and-mapping-tools","document_date":"2018-01-01","retrieved":"2026-08-09"}]}},{"type":"Feature","geometry":{"type":"LineString","coordinates":[[35.154716,32.179998],[35.154717,32.180031],[35.154718,32.180044],[35.154709,32.180063],[35.154703,32.180078],[35.154684,32.180097],[35.154653,32.180127],[35.152112,32.182625],[35.151899,32.182884],[35.151713,32.183111],[35.151413,32.186482],[35.151455,32.187],[35.151287,32.187325],[35.151005,32.187677],[35.150561,32.189813],[35.150735,32.191046],[35.150748,32.192829],[35.150836,32.194115],[35.150971,32.194879],[35.151217,32.195443],[35.151782,32.195979],[35.152574,32.196214],[35.153897,32.196784],[35.155446,32.197055],[35.156845,32.197155],[35.157862,32.197064],[35.158823,32.197072],[35.159253,32.197077],[35.15947,32.197088],[35.159448,32.197677],[35.160824,32.197728],[35.160952,32.19773],[35.161079,32.19773],[35.161207,32.197726],[35.161334,32.197717],[35.161461,32.197703],[35.161588,32.197688],[35.161714,32.19767],[35.161839,32.197647],[35.161963,32.19762],[35.162085,32.197589],[35.162206,32.197555],[35.162326,32.197517],[35.162444,32.197477],[35.162561,32.197432],[35.162676,32.197385],[35.162788,32.197333],[35.162899,32.19728],[35.163204,32.197123],[35.163227,32.197112],[35.163249,32.197102],[35.163273,32.197093],[35.163296,32.197083],[35.16332,32.197076],[35.163344,32.197067],[35.163369,32.19706],[35.163394,32.197055],[35.163419,32.19705],[35.163444,32.197045],[35.163457,32.197044],[35.16347,32.197042],[35.16347,32.197042],[35.163495,32.197037],[35.16352,32.197035],[35.163546,32.197034],[35.163546,32.197034],[35.163572,32.197034],[35.163598,32.197033],[35.163624,32.197033],[35.16365,32.197035],[35.163675,32.197039],[35.163701,32.19704],[35.163726,32.197044],[35.163751,32.197049],[35.163777,32.197055],[35.163801,32.197059],[35.163826,32.197068],[35.16385,32.197074],[35.163874,32.197083],[35.163898,32.197091],[35.163921,32.197102],[35.163944,32.197111],[35.163967,32.197122],[35.163988,32.197132],[35.16401,32.197146],[35.16403,32.197159],[35.164051,32.197172],[35.164071,32.197185],[35.164091,32.197201],[35.164109,32.197216],[35.164127,32.197232],[35.164145,32.197247],[35.164161,32.197265],[35.164177,32.19728],[35.164192,32.1973],[35.164207,32.197318],[35.164221,32.197336],[35.164234,32.197354],[35.164668,32.198011],[35.164668,32.198011],[35.164668,32.198011],[35.164791,32.198196],[35.164809,32.198223],[35.164828,32.19825],[35.164867,32.198303],[35.164887,32.198329],[35.164908,32.198355],[35.164951,32.198406],[35.164997,32.198454],[35.16502,32.198478],[35.165043,32.198501],[35.165092,32.198547],[35.165143,32.198592],[35.165169,32.198613],[35.165196,32.198634],[35.16525,32.198676],[35.165278,32.198695],[35.165278,32.198695],[35.165306,32.198715],[35.165364,32.198755],[35.165394,32.198772],[35.165423,32.19879],[35.165483,32.198825],[35.165546,32.198858],[35.165577,32.198873],[35.165609,32.198888],[35.165673,32.198919],[35.165706,32.198933],[35.165739,32.198947],[35.165806,32.198973],[35.165839,32.198983],[35.165839,32.198983],[35.165873,32.198994],[35.165941,32.199015],[35.165976,32.199026],[35.166011,32.199037],[35.166081,32.199054],[35.166116,32.199061],[35.166116,32.199061],[35.166151,32.199068],[35.166223,32.199081],[35.166295,32.199093],[35.166331,32.199098],[35.166367,32.199103],[35.16644,32.199108],[35.166476,32.199111],[35.166476,32.199111],[35.166512,32.199114],[35.166585,32.199117],[35.166622,32.199117],[35.166658,32.199116],[35.166732,32.199115],[35.166768,32.199113],[35.166768,32.199113],[35.166805,32.199111],[35.166877,32.199105],[35.166913,32.199101],[35.166949,32.199097],[35.167021,32.199087],[35.167093,32.199075],[35.167129,32.199068],[35.167164,32.199062],[35.167486,32.198992],[35.168159,32.198844],[35.168176,32.198842],[35.168194,32.198837],[35.168212,32.198837],[35.16823,32.198834],[35.168248,32.198832],[35.168266,32.198831],[35.168284,32.198831],[35.168301,32.198831],[35.168319,32.19883],[35.168337,32.198832],[35.168355,32.198834],[35.168373,32.198836],[35.16839,32.19884],[35.168747,32.198897],[35.168747,32.198897],[35.168777,32.198901],[35.168803,32.198905],[35.168804,32.198906],[35.168831,32.19891],[35.168886,32.198918],[35.168913,32.198919],[35.16894,32.198921],[35.168995,32.198925],[35.169022,32.198925],[35.169049,32.198926],[35.169105,32.198927],[35.169132,32.198926],[35.169159,32.198924],[35.169169,32.198924],[35.169214,32.198923],[35.169242,32.198921],[35.169269,32.198918],[35.169323,32.19891],[35.169377,32.198902],[35.169431,32.198895],[35.169484,32.198883],[35.169537,32.19887],[35.169589,32.198856],[35.169641,32.198839],[35.169692,32.198823],[35.169742,32.198804],[35.169792,32.198783],[35.169816,32.198772],[35.169816,32.198772],[35.16984,32.198761],[35.169888,32.198738],[35.169935,32.198715],[35.169981,32.198689],[35.170025,32.198661],[35.170047,32.198647],[35.170069,32.198634],[35.170111,32.198603],[35.170132,32.198588],[35.170152,32.198573],[35.170192,32.198541],[35.170211,32.198524],[35.170231,32.198507],[35.170268,32.198472],[35.170286,32.198455],[35.170303,32.198438],[35.170338,32.198401],[35.170354,32.198383],[35.170371,32.198365],[35.170401,32.198326],[35.170417,32.198306],[35.170432,32.198287],[35.170459,32.198246],[35.170473,32.198225],[35.170486,32.198205],[35.170549,32.198102],[35.170592,32.198101],[35.170611,32.198101],[35.170659,32.1981],[35.170708,32.198097],[35.170732,32.198095],[35.170732,32.198095],[35.170755,32.198092],[35.170804,32.198087],[35.170839,32.198081],[35.170851,32.198079],[35.170898,32.198071],[35.170945,32.198059],[35.170991,32.19805],[35.170963,32.198086],[35.170936,32.198125],[35.170911,32.198166],[35.170909,32.19817],[35.170888,32.198205],[35.170867,32.198246],[35.170847,32.198289],[35.170838,32.198309],[35.170828,32.19833],[35.170812,32.198373],[35.170797,32.198416],[35.170785,32.198459],[35.170773,32.198504],[35.170763,32.198547],[35.170756,32.198592],[35.17075,32.198638],[35.170746,32.19868],[35.170744,32.198726],[35.170743,32.198771],[35.170744,32.198793],[35.170745,32.198816],[35.170748,32.198861],[35.17075,32.198883],[35.170753,32.198906],[35.170759,32.198951],[35.170768,32.198996],[35.170778,32.199038],[35.17079,32.199083],[35.170797,32.199105],[35.170804,32.199126],[35.17082,32.199168],[35.170828,32.19919],[35.170837,32.199211],[35.170856,32.199254],[35.170866,32.199274],[35.170866,32.199274],[35.170877,32.199294],[35.170899,32.199336],[35.170924,32.199376],[35.170949,32.199414],[35.170976,32.199452],[35.17099,32.199471],[35.17099,32.199471],[35.171005,32.19949],[35.171035,32.199528],[35.171051,32.199546],[35.171051,32.199546],[35.171067,32.199563],[35.1711,32.199599],[35.171117,32.199615],[35.171117,32.199615],[35.171134,32.199632],[35.17117,32.199665],[35.171189,32.199682],[35.171208,32.199698],[35.171246,32.199729],[35.171266,32.199744],[35.171286,32.199758],[35.171327,32.199787],[35.171348,32.1998],[35.171348,32.1998],[35.171369,32.199813],[35.171412,32.199839],[35.171434,32.199851],[35.171456,32.199863],[35.171501,32.199887],[35.171524,32.199898],[35.171524,32.199898],[35.171547,32.199909],[35.171594,32.199931],[35.171641,32.19995],[35.170234,32.200581],[35.170234,32.200581],[35.170093,32.200644],[35.170069,32.200656],[35.170045,32.200668],[35.170023,32.200679],[35.17,32.200693],[35.169977,32.200707],[35.169956,32.200721],[35.169935,32.200737],[35.169915,32.200751],[35.169895,32.200767],[35.169877,32.200785],[35.169858,32.200802],[35.16984,32.20082],[35.169823,32.200838],[35.169807,32.200857],[35.169792,32.200875],[35.169778,32.200895],[35.169764,32.200916],[35.169751,32.200936],[35.169739,32.200957],[35.169728,32.200977],[35.169717,32.201],[35.169708,32.201021],[35.169699,32.201043],[35.169692,32.201066],[35.169685,32.201089],[35.169679,32.201111],[35.169673,32.201134],[35.169669,32.201157],[35.169666,32.201179],[35.169664,32.201202],[35.169663,32.201227],[35.169662,32.201249],[35.169663,32.201272],[35.169665,32.201296],[35.169667,32.201319],[35.16967,32.201341],[35.169675,32.201364],[35.16968,32.201386],[35.169686,32.201409],[35.169693,32.201431],[35.169701,32.201454],[35.16971,32.201476],[35.16972,32.201498],[35.16973,32.201521],[35.169742,32.201541],[35.169754,32.201561],[35.169768,32.201583],[35.169782,32.201603],[35.169797,32.201623],[35.169813,32.201641],[35.16983,32.201661],[35.169847,32.201679],[35.169865,32.201697],[35.169883,32.201714],[35.169903,32.201732],[35.169923,32.201747],[35.169944,32.201763],[35.169966,32.201778],[35.169987,32.201791],[35.17001,32.201805],[35.170033,32.201818],[35.170057,32.201831],[35.170081,32.201842],[35.170105,32.201853],[35.170131,32.201863],[35.170156,32.201872],[35.170182,32.201881],[35.170208,32.201887],[35.170234,32.201895],[35.170261,32.201902],[35.170288,32.201908],[35.170315,32.201912],[35.170342,32.201914],[35.170369,32.201918],[35.172272,32.202099],[35.17225,32.202226],[35.171379,32.202708],[35.17069,32.203067],[35.170667,32.203079],[35.170667,32.203079],[35.170667,32.20308],[35.170643,32.203092],[35.170598,32.20312],[35.170575,32.203134],[35.170553,32.203148],[35.170509,32.203178],[35.170488,32.203193],[35.170467,32.203208],[35.170426,32.20324],[35.170406,32.203257],[35.170386,32.203273],[35.170348,32.203307],[35.17033,32.203325],[35.17033,32.203325],[35.170312,32.203344],[35.170276,32.20338],[35.170259,32.203399],[35.170243,32.203417],[35.17021,32.203456],[35.170195,32.203475],[35.170195,32.203475],[35.170179,32.203495],[35.170151,32.203536],[35.170123,32.203577],[35.170098,32.203618],[35.170074,32.203661],[35.170052,32.203705],[35.170032,32.203748],[35.170013,32.203793],[35.170005,32.203816],[35.170005,32.203816],[35.169996,32.203838],[35.169981,32.203884],[35.169975,32.203906],[35.169975,32.203906],[35.169968,32.203929],[35.169958,32.203977],[35.169953,32.203999],[35.169949,32.204022],[35.169941,32.204069],[35.169938,32.204093],[35.169936,32.204117],[35.169933,32.204164],[35.169932,32.204188],[35.169931,32.204212],[35.169932,32.204259],[35.169933,32.204283],[35.169934,32.204306],[35.169939,32.204354],[35.169945,32.204401],[35.169954,32.204446],[35.169964,32.204493],[35.169976,32.20454],[35.16999,32.204585],[35.170006,32.20463],[35.170024,32.204675],[35.170044,32.204719],[35.170241,32.205143],[35.170241,32.205143],[35.170314,32.205301],[35.170324,32.205323],[35.170334,32.205348],[35.170342,32.205373],[35.17035,32.205397],[35.170357,32.205422],[35.170362,32.205447],[35.170366,32.205471],[35.17037,32.205496],[35.170372,32.205521],[35.170373,32.205546],[35.170373,32.205573],[35.170373,32.205597],[35.170371,32.205622],[35.170369,32.205647],[35.170364,32.205672],[35.17036,32.205697],[35.170354,32.205722],[35.170347,32.205747],[35.170339,32.205772],[35.17033,32.205794],[35.17032,32.205819],[35.17031,32.205842],[35.170297,32.205865],[35.170285,32.205888],[35.170271,32.20591],[35.170257,32.205933],[35.170241,32.205954],[35.170224,32.205974],[35.170207,32.205995],[35.170189,32.206015],[35.17017,32.206034],[35.170151,32.206054],[35.17013,32.206073],[35.170109,32.206089],[35.170087,32.206107],[35.170064,32.206124],[35.170041,32.206138],[35.170017,32.206154],[35.169993,32.206168],[35.169968,32.206182],[35.169942,32.206193],[35.169916,32.206207],[35.16989,32.206217],[35.168347,32.206841],[35.167736,32.207088],[35.167705,32.207102],[35.167704,32.207102],[35.167704,32.207102],[35.167672,32.207116],[35.167641,32.207132],[35.16761,32.207149],[35.16758,32.207165],[35.16755,32.207184],[35.167521,32.207204],[35.167494,32.207223],[35.167466,32.207244],[35.16744,32.207267],[35.167415,32.207287],[35.167391,32.20731],[35.167367,32.207335],[35.167345,32.207361],[35.167323,32.207384],[35.167303,32.207411],[35.167284,32.207436],[35.167265,32.207464],[35.167248,32.207491],[35.167232,32.207518],[35.167217,32.207548],[35.16721,32.207561],[35.167203,32.207575],[35.16719,32.207605],[35.167179,32.207634],[35.167169,32.207664],[35.16716,32.207693],[35.167152,32.207725],[35.167146,32.207754],[35.16714,32.207786],[35.167136,32.207815],[35.167133,32.207847],[35.167133,32.207863],[35.167132,32.207878],[35.167131,32.20791],[35.167132,32.207939],[35.167135,32.207971],[35.167137,32.208002],[35.167143,32.208031],[35.167143,32.208032],[35.167143,32.208034],[35.167148,32.208063],[35.167156,32.208094],[35.167164,32.208124],[35.167173,32.208153],[35.167184,32.208184],[35.16719,32.208199],[35.167196,32.208213],[35.167209,32.208242],[35.167224,32.208271],[35.167239,32.208298],[35.167256,32.208327],[35.167274,32.208354],[35.167292,32.208381],[35.167312,32.208405],[35.167333,32.208432],[35.167355,32.208456],[35.167378,32.208481],[35.167402,32.208503],[35.167426,32.208527],[35.167439,32.208538],[35.167452,32.208549],[35.167513,32.208599],[35.167513,32.2086],[35.167513,32.2086],[35.167513,32.2086],[35.167513,32.2086],[35.167513,32.2086],[35.167725,32.208775],[35.167863,32.208889],[35.167901,32.20892],[35.167964,32.208973],[35.167971,32.208978],[35.168077,32.209066],[35.168082,32.209069],[35.168136,32.209115],[35.168148,32.209124],[35.168159,32.209135],[35.168165,32.209142],[35.16817,32.209146],[35.168172,32.209147],[35.16818,32.209155],[35.168189,32.209166],[35.168199,32.209177],[35.168208,32.209188],[35.168216,32.209201],[35.168224,32.209212],[35.168231,32.209224],[35.168236,32.209233],[35.168238,32.209237],[35.168241,32.209243],[35.168242,32.209246],[35.168244,32.20925],[35.168251,32.209262],[35.168256,32.209275],[35.168261,32.209288],[35.168266,32.209302],[35.168269,32.209315],[35.168273,32.209329],[35.168275,32.209342],[35.168277,32.209352],[35.168277,32.209354],[35.168277,32.209356],[35.168279,32.209369],[35.168279,32.209371],[35.168281,32.209383],[35.168281,32.209396],[35.168281,32.209402],[35.168281,32.209409],[35.168281,32.20941],[35.168426,32.20946],[35.168437,32.209464],[35.168564,32.209509],[35.168661,32.209543],[35.168729,32.209567],[35.168745,32.209572],[35.168745,32.209572],[35.168762,32.209577],[35.168668,32.209746],[35.167575,32.211715]]},"properties":{"OBJECTID":38,"Status":"Projected","Type":"NA","IS_COUNTED":1,"Shape_Leng":6213.59561796,"source_crs":"EPSG:32636","evidence":[{"source_id":"ocha_opt","title":"West Bank Separation Barrier (January 2018 alignment)","url":"https://www.ochaopt.org/page/datasets-and-mapping-tools","document_date":"2018-01-01","retrieved":"2026-08-09"}]}},{"type":"Feature","geometry":{"type":"LineString","coordinates":[[35.19452,31.837411],[35.195476,31.837728],[35.195715,31.837735],[35.196095,31.837714],[35.196573,31.83744],[35.196717,31.837223],[35.197265,31.836251],[35.197285,31.836174],[35.197286,31.836174],[35.197372,31.83585],[35.197695,31.834623],[35.197954,31.833274],[35.198114,31.831609],[35.198166,31.831133],[35.198188,31.830925],[35.198314,31.830571],[35.19839,31.830371],[35.19847,31.83016],[35.198512,31.830087],[35.198618,31.829903],[35.198661,31.829832],[35.19877,31.829649],[35.198938,31.829367],[35.199185,31.829054],[35.199528,31.828479],[35.199763,31.827702],[35.199672,31.827097],[35.199318,31.826414],[35.19913,31.825953],[35.199104,31.825373],[35.199211,31.825007],[35.199374,31.824822],[35.199592,31.824529],[35.199843,31.824292],[35.200179,31.824092],[35.200808,31.823756],[35.202224,31.823197],[35.202702,31.823076],[35.203205,31.822975],[35.204307,31.822715],[35.204567,31.8226],[35.204894,31.822407],[35.205204,31.822149],[35.205489,31.821827],[35.205808,31.821398],[35.206411,31.820703],[35.206881,31.820503],[35.207552,31.820267],[35.209312,31.819737],[35.209849,31.819672],[35.210293,31.819723],[35.210771,31.81988],[35.211115,31.820123],[35.211403,31.820553],[35.211487,31.820868],[35.211495,31.821168],[35.211286,31.823927],[35.211292,31.823972]]},"properties":{"OBJECTID":39,"Status":"Constructed","Type":"Fence","IS_COUNTED":1,"Shape_Leng":3435.83818067,"source_crs":"EPSG:32636","evidence":[{"source_id":"ocha_opt","title":"West Bank Separation Barrier (January 2018 alignment)","url":"https://www.ochaopt.org/page/datasets-and-mapping-tools","document_date":"2018-01-01","retrieved":"2026-08-09"}]}},{"type":"Feature","geometry":{"type":"LineString","coordinates":[[35.368852,31.807412],[35.368263,31.806193],[35.366908,31.804393],[35.36566,31.80239],[35.36463,31.80119],[35.36425,31.799943],[35.363869,31.798835],[35.362839,31.797404],[35.361756,31.79662],[35.36024,31.796022],[35.358671,31.795839],[35.357048,31.795425],[35.35527,31.794993],[35.355001,31.794928],[35.354685,31.794874]]},"properties":{"OBJECTID":40,"Status":"Projected","Type":"NA","IS_COUNTED":1,"Shape_Leng":2222.70550069,"source_crs":"EPSG:32636","evidence":[{"source_id":"ocha_opt","title":"West Bank Separation Barrier (January 2018 alignment)","url":"https://www.ochaopt.org/page/datasets-and-mapping-tools","document_date":"2018-01-01","retrieved":"2026-08-09"}]}},{"type":"Feature","geometry":{"type":"LineString","coordinates":[[35.281996,31.820153],[35.281967,31.820162],[35.281936,31.820266],[35.28146,31.821838],[35.282347,31.822986],[35.284079,31.823098],[35.285903,31.824061],[35.286895,31.825648],[35.286843,31.826122],[35.285903,31.827536],[35.285577,31.82863],[35.286365,31.829929],[35.28801,31.830408],[35.288666,31.830945],[35.289631,31.832026],[35.290853,31.832667],[35.292306,31.832893],[35.294118,31.833043],[35.297498,31.833142],[35.299643,31.833218],[35.300783,31.832694],[35.3012,31.832206],[35.301506,31.831583],[35.301486,31.830845],[35.301977,31.830053],[35.302874,31.829262],[35.303771,31.828544],[35.304146,31.827802],[35.305535,31.826862],[35.305476,31.825799],[35.304892,31.82228],[35.304864,31.82116],[35.305018,31.820882],[35.305253,31.820604],[35.305991,31.819955],[35.306714,31.819509],[35.307437,31.818767],[35.308479,31.818618],[35.310129,31.818542],[35.311674,31.819029],[35.312037,31.819148],[35.312401,31.819363],[35.313016,31.819553],[35.313491,31.819744],[35.313743,31.820053],[35.313995,31.820435],[35.314274,31.820602],[35.314778,31.821007],[35.31503,31.821222],[35.315505,31.821555],[35.316092,31.821579],[35.316483,31.821817],[35.316737,31.822689],[35.317179,31.823613],[35.318036,31.824388],[35.318838,31.824809],[35.319628,31.825391],[35.320256,31.825767],[35.320992,31.826325],[35.322009,31.826735],[35.322664,31.826746],[35.323029,31.826607],[35.323616,31.826559],[35.32423,31.826367],[35.324733,31.8262],[35.325571,31.825913],[35.326382,31.825864],[35.32708,31.825863],[35.327863,31.825934],[35.32845,31.825981],[35.329093,31.826339],[35.329765,31.826768],[35.330463,31.82691],[35.331162,31.826885],[35.331889,31.82698],[35.332951,31.827385],[35.333538,31.82748],[35.334489,31.827455],[35.335355,31.82743],[35.336362,31.827763],[35.337061,31.827906],[35.337843,31.828215],[35.33857,31.828214],[35.339353,31.828285],[35.340303,31.828475],[35.340863,31.828689],[35.341561,31.828688],[35.342484,31.828735],[35.343351,31.828991],[35.344189,31.829282],[35.344413,31.829496],[35.344805,31.829878],[35.34542,31.830259],[35.345896,31.830449],[35.346231,31.83052],[35.346707,31.830544],[35.347182,31.830615],[35.34761,31.831014],[35.348045,31.83131],[35.348302,31.832021],[35.34833,31.832141],[35.34847,31.832284],[35.34861,31.83226],[35.348917,31.832283],[35.349476,31.832306],[35.349756,31.832425],[35.34998,31.832783],[35.349981,31.833069],[35.350149,31.833522],[35.350485,31.833904],[35.350709,31.834166],[35.351324,31.834475],[35.351688,31.834905],[35.351996,31.835286],[35.352193,31.835739],[35.352669,31.836168],[35.353284,31.836311],[35.353815,31.836382],[35.354458,31.836381],[35.355212,31.836284],[35.355967,31.836212],[35.356609,31.836068],[35.35728,31.835829],[35.357699,31.835542],[35.358006,31.835207],[35.358145,31.83473],[35.358172,31.834277],[35.358171,31.834062],[35.358171,31.833823],[35.35817,31.833441],[35.358114,31.833155],[35.359381,31.832121],[35.360624,31.831288],[35.361218,31.830317],[35.361054,31.829439],[35.361052,31.828192],[35.361483,31.827083],[35.362238,31.825742],[35.362615,31.824725],[35.362883,31.823339],[35.362936,31.822461],[35.363583,31.821167],[35.364122,31.819919],[35.3643,31.819481]]},"properties":{"OBJECTID":41,"Status":"Projected","Type":"NA","IS_COUNTED":1,"Shape_Leng":12391.5147033,"source_crs":"EPSG:32636","evidence":[{"source_id":"ocha_opt","title":"West Bank Separation Barrier (January 2018 alignment)","url":"https://www.ochaopt.org/page/datasets-and-mapping-tools","document_date":"2018-01-01","retrieved":"2026-08-09"}]}},{"type":"Feature","geometry":{"type":"LineString","coordinates":[[35.261026,31.801386],[35.261645,31.801796],[35.26198,31.802017],[35.262277,31.802214],[35.262351,31.802263],[35.26283,31.802548],[35.26283,31.802548],[35.26283,31.802548],[35.263305,31.80283],[35.263429,31.802904],[35.264871,31.80376],[35.266064,31.804288],[35.266418,31.804316],[35.26733,31.804389],[35.268068,31.804618],[35.269141,31.804961],[35.270539,31.805355],[35.271288,31.80559],[35.272136,31.805818],[35.272933,31.806046],[35.273501,31.806219],[35.273892,31.80627],[35.274977,31.80639],[35.275936,31.806598],[35.276251,31.806733],[35.276519,31.806961],[35.276922,31.80719],[35.277996,31.807812],[35.278532,31.808106],[35.279745,31.808338],[35.280775,31.808554],[35.281597,31.808913],[35.282288,31.809306],[35.283027,31.809821],[35.283966,31.810049],[35.28541,31.810526],[35.286656,31.811005],[35.287588,31.811376],[35.28906,31.811814],[35.290607,31.812336],[35.291878,31.813024],[35.292821,31.813537],[35.293425,31.814005],[35.293779,31.814194],[35.294297,31.814395],[35.294887,31.814533],[35.29569,31.814722],[35.295351,31.815128],[35.294517,31.815148],[35.293769,31.81509],[35.293,31.815226],[35.292335,31.815584],[35.29178,31.815883],[35.291193,31.816366],[35.290606,31.816945],[35.289928,31.817621],[35.289183,31.818143],[35.287774,31.818634],[35.286719,31.818917],[35.285307,31.819215],[35.284092,31.819553],[35.28336,31.819758],[35.282453,31.820013],[35.281996,31.820153]]},"properties":{"OBJECTID":42,"Status":"Projected","Type":"NA","IS_COUNTED":1,"Shape_Leng":5135.87614744,"source_crs":"EPSG:32636","evidence":[{"source_id":"ocha_opt","title":"West Bank Separation Barrier (January 2018 alignment)","url":"https://www.ochaopt.org/page/datasets-and-mapping-tools","document_date":"2018-01-01","retrieved":"2026-08-09"}]}},{"type":"Feature","geometry":{"type":"LineString","coordinates":[[35.340212,31.774694],[35.339789,31.774281],[35.33951,31.773569],[35.339771,31.772757],[35.340146,31.772044],[35.340554,31.771233],[35.34057,31.770561],[35.340507,31.769523],[35.340338,31.769004],[35.340327,31.768566],[35.340859,31.767321],[35.341256,31.766525],[35.341517,31.766095],[35.342124,31.765477],[35.342448,31.765047],[35.342573,31.76476],[35.342604,31.764385],[35.34252,31.76391],[35.34232,31.763392],[35.341942,31.762828],[35.341333,31.762068],[35.340767,31.761469],[35.340568,31.761219],[35.340274,31.760969],[35.339624,31.76063],[35.338985,31.760344],[35.338618,31.760103],[35.338094,31.759701],[35.337873,31.759307],[35.33759,31.758663],[35.337264,31.757831],[35.337075,31.757393],[35.336844,31.756839],[35.336476,31.756374],[35.336089,31.756213],[35.335272,31.756178]]},"properties":{"OBJECTID":43,"Status":"Under Construction","Type":"Fence","IS_COUNTED":1,"Shape_Leng":2455.70122139,"source_crs":"EPSG:32636","evidence":[{"source_id":"ocha_opt","title":"West Bank Separation Barrier (January 2018 alignment)","url":"https://www.ochaopt.org/page/datasets-and-mapping-tools","document_date":"2018-01-01","retrieved":"2026-08-09"}]}},{"type":"Feature","geometry":{"type":"LineString","coordinates":[[35.212095,31.827537],[35.212091,31.827752],[35.212041,31.828138],[35.21194,31.828582],[35.211932,31.828761],[35.212309,31.829062],[35.211781,31.830222],[35.211387,31.831298],[35.21127,31.831799],[35.211194,31.832207],[35.211162,31.832437],[35.211156,31.832479],[35.211106,31.832514],[35.211045,31.832541]]},"properties":{"OBJECTID":44,"Status":"Constructed","Type":"Concrete","IS_COUNTED":1,"Shape_Leng":594.355532116,"source_crs":"EPSG:32636","evidence":[{"source_id":"ocha_opt","title":"West Bank Separation Barrier (January 2018 alignment)","url":"https://www.ochaopt.org/page/datasets-and-mapping-tools","document_date":"2018-01-01","retrieved":"2026-08-09"}]}},{"type":"Feature","geometry":{"type":"LineString","coordinates":[[35.028538,32.103604],[35.028989,32.103629],[35.029522,32.103652],[35.030228,32.103836],[35.030802,32.104064]]},"properties":{"OBJECTID":47,"Status":"Projected","Type":"NA","IS_COUNTED":1,"Shape_Leng":222.503628822,"source_crs":"EPSG:32636","evidence":[{"source_id":"ocha_opt","title":"West Bank Separation Barrier (January 2018 alignment)","url":"https://www.ochaopt.org/page/datasets-and-mapping-tools","document_date":"2018-01-01","retrieved":"2026-08-09"}]}},{"type":"Feature","geometry":{"type":"LineString","coordinates":[[35.274273,31.774889],[35.274274,31.774885],[35.274274,31.774884],[35.274272,31.774877],[35.274184,31.77473],[35.274081,31.774357],[35.274072,31.774088],[35.274117,31.773863],[35.274125,31.773857]]},"properties":{"OBJECTID":48,"Status":"Under Construction","Type":"Fence","IS_COUNTED":1,"Shape_Leng":118.431462949,"source_crs":"EPSG:32636","evidence":[{"source_id":"ocha_opt","title":"West Bank Separation Barrier (January 2018 alignment)","url":"https://www.ochaopt.org/page/datasets-and-mapping-tools","document_date":"2018-01-01","retrieved":"2026-08-09"}]}},{"type":"Feature","geometry":{"type":"LineString","coordinates":[[35.274125,31.773857],[35.274442,31.773595],[35.274886,31.773348],[35.275659,31.772963],[35.27602,31.772852]]},"properties":{"OBJECTID":49,"Status":"Projected","Type":"NA","IS_COUNTED":1,"Shape_Leng":213.01018079,"source_crs":"EPSG:32636","evidence":[{"source_id":"ocha_opt","title":"West Bank Separation Barrier (January 2018 alignment)","url":"https://www.ochaopt.org/page/datasets-and-mapping-tools","document_date":"2018-01-01","retrieved":"2026-08-09"}]}},{"type":"Feature","geometry":{"type":"LineString","coordinates":[[34.886826,31.408831],[34.886794,31.408766],[34.885639,31.406088],[34.884671,31.403926],[34.883872,31.401467],[34.883704,31.400873],[34.882978,31.398762],[34.882527,31.397384],[34.882266,31.396534],[34.882068,31.395856],[34.882105,31.395106]]},"properties":{"OBJECTID":50,"Status":"Constructed","Type":"Fence","IS_COUNTED":1,"Shape_Leng":1592.89880399,"source_crs":"EPSG:32636","evidence":[{"source_id":"ocha_opt","title":"West Bank Separation Barrier (January 2018 alignment)","url":"https://www.ochaopt.org/page/datasets-and-mapping-tools","document_date":"2018-01-01","retrieved":"2026-08-09"}]}},{"type":"Feature","geometry":{"type":"LineString","coordinates":[[34.997098,31.940459],[34.997039,31.940073],[34.997017,31.939582],[34.997007,31.939353],[34.997045,31.939071],[34.997138,31.938726],[34.997375,31.938288],[34.997922,31.937415],[34.999132,31.935427],[34.999623,31.934632],[34.999848,31.934132],[35.00007,31.933565],[35.000143,31.933307],[35.000233,31.932797],[35.000275,31.93241],[35.000377,31.932198],[35.000513,31.932057],[35.000702,31.931983],[35.000975,31.93194],[35.001284,31.931969],[35.001598,31.932021],[35.001757,31.932015]]},"properties":{"OBJECTID":51,"Status":"Constructed","Type":"Fence","IS_COUNTED":1,"Shape_Leng":1126.65603379,"source_crs":"EPSG:32636","evidence":[{"source_id":"ocha_opt","title":"West Bank Separation Barrier (January 2018 alignment)","url":"https://www.ochaopt.org/page/datasets-and-mapping-tools","document_date":"2018-01-01","retrieved":"2026-08-09"}]}},{"type":"Feature","geometry":{"type":"LineString","coordinates":[[35.001757,31.932015],[35.001816,31.932013],[35.0021,31.931913],[35.00246,31.93174],[35.003074,31.931435],[35.003508,31.93129],[35.004003,31.931158],[35.005092,31.93088],[35.005682,31.930742],[35.006094,31.930626],[35.00641,31.930487],[35.006619,31.930346],[35.006767,31.93021],[35.006958,31.929987],[35.007139,31.929803],[35.007337,31.929647],[35.00747,31.929575],[35.007686,31.929484],[35.007959,31.929432],[35.008267,31.929427],[35.008582,31.929503],[35.008729,31.929591],[35.00892,31.92971],[35.010274,31.93055],[35.010451,31.930695],[35.010532,31.930828],[35.010636,31.930993],[35.010719,31.931207],[35.01084,31.931348],[35.010956,31.931515],[35.01112,31.931618],[35.011319,31.931758],[35.011428,31.931866],[35.011583,31.932054],[35.01212,31.933048],[35.012187,31.933184],[35.012205,31.933221],[35.012205,31.933221]]},"properties":{"OBJECTID":52,"Status":"Constructed","Type":"Fence","IS_COUNTED":1,"Shape_Leng":1278.13631962,"source_crs":"EPSG:32636","evidence":[{"source_id":"ocha_opt","title":"West Bank Separation Barrier (January 2018 alignment)","url":"https://www.ochaopt.org/page/datasets-and-mapping-tools","document_date":"2018-01-01","retrieved":"2026-08-09"}]}},{"type":"Feature","geometry":{"type":"LineString","coordinates":[[35.04077,31.89856],[35.040808,31.898507],[35.040974,31.89843],[35.041218,31.898331],[35.041762,31.89815],[35.042068,31.898055],[35.042268,31.89798],[35.042338,31.897893]]},"properties":{"OBJECTID":53,"Status":"Constructed","Type":"Fence","IS_COUNTED":1,"Shape_Leng":168.7699155,"source_crs":"EPSG:32636","evidence":[{"source_id":"ocha_opt","title":"West Bank Separation Barrier (January 2018 alignment)","url":"https://www.ochaopt.org/page/datasets-and-mapping-tools","document_date":"2018-01-01","retrieved":"2026-08-09"}]}},{"type":"Feature","geometry":{"type":"LineString","coordinates":[[35.42753,32.405468],[35.427482,32.405419],[35.427331,32.40525],[35.427227,32.405142],[35.427136,32.405091],[35.426994,32.405051],[35.426842,32.405035],[35.426718,32.405037],[35.426601,32.405063],[35.426479,32.405128],[35.425742,32.405552],[35.425548,32.405671],[35.425415,32.40573],[35.425312,32.405752],[35.425184,32.405783],[35.42506,32.40578],[35.424924,32.405745],[35.424844,32.405679],[35.424801,32.405566],[35.424723,32.405395],[35.424628,32.405202],[35.424486,32.404947],[35.424405,32.404848],[35.42424,32.404761],[35.424077,32.404764],[35.423925,32.404781],[35.423802,32.404821],[35.423698,32.404905],[35.4236,32.405045],[35.423416,32.405301],[35.423233,32.405605],[35.423093,32.405828],[35.422931,32.406084],[35.422746,32.406321],[35.422572,32.406544],[35.422369,32.406767],[35.422167,32.406996],[35.422011,32.407137],[35.421829,32.407274],[35.421707,32.407348],[35.421585,32.407393],[35.421445,32.407415],[35.421287,32.407409],[35.421084,32.407393],[35.420808,32.40737],[35.420588,32.407369],[35.420353,32.407388],[35.420157,32.407421],[35.420001,32.407495],[35.419851,32.407579],[35.419719,32.407687],[35.419571,32.407833],[35.419469,32.407992],[35.419373,32.408199],[35.419214,32.408579],[35.419012,32.40897],[35.418899,32.409163],[35.418781,32.409365],[35.418711,32.409477],[35.4186,32.409555],[35.4185,32.409581],[35.418393,32.409578],[35.418302,32.409537],[35.418204,32.409453],[35.418094,32.40934],[35.417778,32.409101],[35.417657,32.408989],[35.417523,32.408829],[35.417389,32.408641],[35.417133,32.408331],[35.416964,32.408114],[35.416843,32.407997],[35.41673,32.40798],[35.416612,32.407978],[35.416472,32.407995],[35.41636,32.40804],[35.416222,32.408133],[35.415992,32.408357],[35.415739,32.408582],[35.415502,32.408763],[35.415254,32.408944],[35.415026,32.409063],[35.414905,32.40906],[35.414747,32.409035],[35.414576,32.408971],[35.41444,32.408917],[35.414332,32.408871],[35.414235,32.408849],[35.414111,32.408847],[35.413983,32.408863],[35.413854,32.408894],[35.41376,32.408944],[35.413622,32.409071],[35.413137,32.409634],[35.41222,32.410706],[35.411969,32.410987],[35.411832,32.411109],[35.411693,32.411188],[35.41157,32.411219],[35.411435,32.411217],[35.411316,32.411186],[35.411252,32.411116],[35.411204,32.410997],[35.411132,32.410598],[35.411001,32.410118],[35.410837,32.409654],[35.410704,32.409337],[35.410643,32.409257],[35.410516,32.409159],[35.410357,32.409086],[35.410186,32.409017],[35.409971,32.408978],[35.40978,32.408982],[35.40959,32.40901],[35.409434,32.409075],[35.409251,32.409183],[35.409104,32.409362],[35.409002,32.40955],[35.408966,32.40969],[35.408751,32.410266],[35.408597,32.410618],[35.408516,32.410748],[35.40839,32.41086],[35.408257,32.410949],[35.408135,32.410984],[35.408012,32.411011],[35.407876,32.411008],[35.407752,32.410982],[35.40756,32.410943],[35.407344,32.410875],[35.407135,32.410841],[35.406967,32.410849],[35.406821,32.410895],[35.406678,32.410993],[35.40643,32.411203],[35.406101,32.4115],[35.405886,32.411667],[35.405651,32.411781],[35.405378,32.411872],[35.405098,32.41192],[35.404783,32.411941],[35.4045,32.411875],[35.404283,32.41175],[35.404121,32.4116],[35.403903,32.411428],[35.403673,32.411237],[35.403473,32.411102],[35.403308,32.411038],[35.403082,32.411],[35.402901,32.410984],[35.402699,32.410997],[35.402504,32.411054],[35.402309,32.411124],[35.402137,32.411218],[35.401977,32.411355],[35.401818,32.41152],[35.401689,32.411742],[35.401644,32.411958],[35.401659,32.412084],[35.401725,32.412254],[35.401874,32.412538],[35.402112,32.41282],[35.402303,32.413021],[35.402532,32.413193],[35.402795,32.413327],[35.402988,32.413409],[35.403192,32.413448],[35.4034,32.413444],[35.403607,32.413411],[35.403836,32.413359],[35.404053,32.413274],[35.404364,32.413106],[35.404597,32.412968],[35.404807,32.412859],[35.405031,32.412812],[35.405228,32.412808],[35.405392,32.412838],[35.40554,32.412921],[35.405661,32.413019],[35.405771,32.413141],[35.405865,32.413302],[35.405887,32.413478],[35.405874,32.413621],[35.405799,32.413766],[35.405674,32.41394],[35.405578,32.414118],[35.405531,32.414272],[35.405484,32.414416],[35.405455,32.414598],[35.405433,32.414803],[35.405421,32.414975],[35.405396,32.415119],[35.405349,32.415244],[35.405252,32.415418],[35.405074,32.415707],[35.404918,32.415963],[35.404837,32.416098],[35.404745,32.416224],[35.404724,32.416301],[35.404717,32.41644],[35.40472,32.416575],[35.404781,32.416727],[35.404892,32.416882],[35.405058,32.417003],[35.405229,32.417076],[35.405404,32.417111],[35.405618,32.417107],[35.405858,32.41706],[35.406053,32.416984],[35.406247,32.416856],[35.406418,32.416729],[35.40661,32.416506],[35.406774,32.416302],[35.406905,32.416152],[35.407025,32.41603],[35.407136,32.415961],[35.407287,32.415911],[35.407438,32.415903],[35.40762,32.415952],[35.407886,32.416019],[35.408351,32.416153],[35.408714,32.41627],[35.40894,32.416323],[35.409172,32.416376],[35.409427,32.416423],[35.409652,32.416448],[35.409804,32.416445],[35.410057,32.416416],[35.410274,32.416355],[35.410537,32.416269],[35.410771,32.416193],[35.410955,32.416146],[35.411121,32.416129],[35.411368,32.416114],[35.411678,32.416137],[35.412085,32.416186],[35.412678,32.416271],[35.413221,32.41637],[35.41342,32.416457],[35.413665,32.41659],[35.413777,32.416681],[35.413872,32.416758],[35.414023,32.416918],[35.414139,32.417068],[35.414199,32.417184],[35.414265,32.41735],[35.414426,32.418084],[35.414451,32.418195],[35.414547,32.418666],[35.414641,32.419003],[35.414699,32.419269],[35.414729,32.419374],[35.414751,32.419444],[35.414754,32.419454],[35.414815,32.419634],[35.414904,32.4198],[35.415027,32.419974],[35.415183,32.420147],[35.415328,32.420288],[35.415528,32.420422],[35.415762,32.420551],[35.415984,32.420624],[35.416193,32.420667],[35.416574,32.420712],[35.416901,32.420749],[35.417324,32.420765],[35.417631,32.420811],[35.417691,32.42082],[35.417973,32.420872],[35.418235,32.420986],[35.418436,32.42114],[35.418593,32.421318],[35.418676,32.421479],[35.418719,32.421619],[35.418712,32.421786],[35.418706,32.421958],[35.418648,32.422116],[35.418556,32.422237],[35.41844,32.422349],[35.418308,32.422452],[35.418147,32.422531],[35.417968,32.422568],[35.417744,32.422601],[35.41752,32.422644],[35.41728,32.422725],[35.417187,32.422766],[35.417069,32.422819],[35.416902,32.422904],[35.416725,32.423017],[35.416549,32.423159],[35.416373,32.423315],[35.416248,32.423484],[35.416009,32.423789],[35.41578,32.424066],[35.415649,32.42423],[35.415547,32.424385],[35.415522,32.424505],[35.415537,32.424662],[35.415564,32.424838],[35.415641,32.42498],[35.415774,32.425116],[35.415957,32.425222],[35.416155,32.425314],[35.416242,32.425355],[35.416561,32.425487],[35.416892,32.425676],[35.417127,32.425834],[35.417277,32.42597],[35.417381,32.426089],[35.417403,32.426275],[35.41739,32.426428],[35.417315,32.426572],[35.417217,32.426665],[35.417062,32.426763],[35.416868,32.426877],[35.416407,32.427124],[35.41602,32.427356],[35.41577,32.427494],[35.415644,32.427602],[35.415573,32.427708],[35.415526,32.427833],[35.415501,32.427948],[35.415504,32.428077],[35.415519,32.428201],[35.415584,32.428333],[35.415683,32.428451],[35.415956,32.428748],[35.416193,32.428982],[35.41644,32.429173],[35.416709,32.429364],[35.416979,32.429554],[35.417225,32.429712],[35.4175,32.429888],[35.417683,32.430018],[35.41777,32.430121],[35.417818,32.43023],[35.417856,32.430392],[35.417866,32.430535],[35.41784,32.430611],[35.417769,32.430689],[35.417614,32.430833],[35.417482,32.430931],[35.417316,32.431039],[35.417138,32.431133],[35.416932,32.431209],[35.416702,32.431242],[35.416377,32.431291],[35.416091,32.431306],[35.415737,32.431322],[35.415416,32.431328],[35.415135,32.431329],[35.414848,32.43133],[35.414645,32.431334],[35.41441,32.431362],[35.414147,32.431415],[35.41389,32.431501],[35.413606,32.431616],[35.413385,32.431749],[35.41317,32.431901],[35.412982,32.432031],[35.412915,32.432078],[35.412694,32.432216],[35.412505,32.4323],[35.41236,32.432346],[35.412197,32.432359],[35.411963,32.432373],[35.411681,32.432345],[35.411291,32.432276],[35.410901,32.432202],[35.410511,32.432124],[35.410081,32.432037],[35.409713,32.431958],[35.409249,32.431857],[35.408847,32.431764],[35.408462,32.431676],[35.408094,32.431597],[35.4078,32.431546],[35.407482,32.431499],[35.407273,32.431475],[35.407065,32.431479],[35.406853,32.431526],[35.406624,32.431616],[35.406464,32.431724],[35.406315,32.431851],[35.406223,32.431986],[35.40616,32.432135],[35.406132,32.432346],[35.406132,32.432556],[35.406193,32.43275],[35.406347,32.433034],[35.406587,32.433397],[35.406811,32.433765],[35.4069,32.433959],[35.406927,32.434096],[35.406942,32.434263],[35.406935,32.434411],[35.406882,32.434531],[35.40679,32.434657],[35.40668,32.434774],[35.406542,32.434862],[35.406319,32.434938],[35.406084,32.434991],[35.405765,32.435049],[35.405249,32.435121],[35.404772,32.435178],[35.40448,32.435203],[35.404115,32.435209],[35.403973,32.435184],[35.40382,32.435134],[35.403632,32.435037],[35.403284,32.434836],[35.40297,32.43469],[35.40272,32.43459],[35.402521,32.434522],[35.402363,32.434491],[35.402222,32.434484],[35.402071,32.434506],[35.401937,32.434552],[35.401792,32.434612],[35.401654,32.434696],[35.401555,32.434779],[35.401451,32.434895],[35.401382,32.435045],[35.401348,32.43526],[35.401371,32.435474],[35.401421,32.435674],[35.401528,32.435877],[35.401694,32.435998],[35.40194,32.436146],[35.402438,32.43647],[35.402816,32.43674],[35.40312,32.436949],[35.403368,32.437173],[35.403616,32.437407],[35.403774,32.437628],[35.403882,32.43786],[35.403979,32.438149],[35.404024,32.438339],[35.404052,32.438563],[35.404068,32.43873],[35.404055,32.438897],[35.403997,32.439013],[35.403831,32.439357],[35.40361,32.4397],[35.403366,32.440048],[35.403063,32.440498],[35.402769,32.44088],[35.40248,32.441239],[35.402349,32.441389],[35.402229,32.441523],[35.402036,32.441689],[35.401799,32.44187],[35.401572,32.442017],[35.4013,32.442147],[35.400954,32.442273],[35.400631,32.442379],[35.400269,32.442515],[35.399985,32.44263],[35.399796,32.442738],[35.399649,32.442904],[35.399502,32.443102],[35.399456,32.443265],[35.399401,32.443533],[35.39939,32.443753],[35.399395,32.443958],[35.399424,32.444206],[35.399503,32.444395],[35.39965,32.44465],[35.400048,32.445215],[35.40037,32.445693],[35.400583,32.445933],[35.400595,32.445947],[35.400608,32.445961],[35.400798,32.446134],[35.40101,32.446268],[35.401284,32.446406],[35.40159,32.446505],[35.401889,32.446547],[35.402148,32.446552],[35.402493,32.446527],[35.402506,32.446526],[35.402506,32.446526],[35.402519,32.446526],[35.402769,32.446483],[35.402771,32.446483],[35.403029,32.446425],[35.403192,32.446427],[35.403357,32.44649],[35.403534,32.446597],[35.403684,32.446751],[35.403727,32.44686],[35.403724,32.44698],[35.403677,32.447124],[35.403625,32.447277],[35.403523,32.447451],[35.403367,32.447721],[35.403206,32.448006],[35.403082,32.448228],[35.402976,32.448459],[35.402952,32.448626],[35.40294,32.448818],[35.402944,32.44897],[35.402949,32.449147],[35.402981,32.449289],[35.403077,32.449531],[35.403198,32.449836],[35.403236,32.449998],[35.403269,32.450193],[35.403304,32.450426],[35.403317,32.450712],[35.403348,32.451045],[35.403352,32.451169],[35.403366,32.451298],[35.403441,32.451391],[35.403494,32.451458],[35.40365,32.451617],[35.403823,32.451743],[35.404005,32.45183],[35.404226,32.451888],[35.404395,32.451903],[35.404566,32.4519],[35.404762,32.451882],[35.40497,32.45185],[35.405131,32.45178],[35.405291,32.451667],[35.405423,32.451535],[35.405498,32.4514],[35.405595,32.451222],[35.405646,32.45104],[35.405648,32.450892],[35.405636,32.450646],[35.405604,32.450289],[35.405596,32.450003],[35.405619,32.449821],[35.405692,32.44961],[35.405845,32.44944],[35.406022,32.449307],[35.406238,32.449184],[35.406478,32.449084],[35.406713,32.449032],[35.406871,32.449022],[35.406907,32.44902],[35.406943,32.449018],[35.407141,32.449047],[35.40736,32.449131],[35.407364,32.449132],[35.407368,32.449134],[35.407603,32.449296],[35.407866,32.449458],[35.408152,32.44961],[35.408362,32.449678],[35.408594,32.449716],[35.408813,32.449717],[35.409077,32.449683],[35.409448,32.449628],[35.409762,32.44957],[35.41007,32.449526],[35.410356,32.449468],[35.410691,32.44939],[35.410821,32.449332],[35.410856,32.449316],[35.410892,32.4493],[35.411062,32.449183],[35.411063,32.449182],[35.411172,32.449066],[35.411248,32.448955],[35.41129,32.448825],[35.411331,32.448686],[35.411333,32.448552],[35.411397,32.448412],[35.411523,32.448296],[35.411696,32.448225],[35.411864,32.448217],[35.412068,32.448247],[35.41225,32.448329],[35.412374,32.448546],[35.412378,32.44868],[35.412302,32.448801],[35.412149,32.448961],[35.412018,32.449121],[35.411944,32.449313],[35.411953,32.449437],[35.411976,32.449675],[35.412049,32.449851],[35.412249,32.450186],[35.412356,32.450415],[35.412453,32.450676],[35.412482,32.45089],[35.412473,32.451191],[35.412413,32.451492],[35.412321,32.451842],[35.41226,32.452085],[35.412215,32.452291],[35.41221,32.45251],[35.41222,32.452687],[35.412249,32.452792],[35.412276,32.452891],[35.412394,32.453079],[35.412589,32.453228],[35.4128,32.453334],[35.413027,32.453406],[35.41323,32.453416],[35.413465,32.453369],[35.413799,32.453234],[35.414284,32.453062],[35.414563,32.452966],[35.41477,32.452934],[35.414957,32.45293],[35.414983,32.45293],[35.415008,32.452929],[35.415246,32.452972],[35.415507,32.453053],[35.4157,32.453135],[35.415918,32.453265],[35.416074,32.453419],[35.416174,32.453589],[35.416259,32.453821],[35.416304,32.454035],[35.416312,32.454312],[35.416281,32.454634],[35.416222,32.454979],[35.416185,32.455271],[35.416162,32.455467],[35.416173,32.455639],[35.416249,32.455766],[35.416343,32.455898],[35.416447,32.456006],[35.416619,32.456131],[35.416985,32.456348],[35.41727,32.456549],[35.417478,32.456697],[35.418023,32.45707],[35.418356,32.457298],[35.418569,32.45744],[35.418711,32.457534],[35.418997,32.45771],[35.419237,32.45783],[35.41943,32.457921],[35.419702,32.457973],[35.419814,32.45799],[35.419956,32.458011],[35.420198,32.458016],[35.420386,32.458032],[35.420596,32.458076],[35.420778,32.458158],[35.420877,32.458271],[35.421,32.45845],[35.421044,32.458616],[35.421064,32.458749],[35.421052,32.45893],[35.420982,32.459042],[35.420715,32.459288],[35.420418,32.459542],[35.420216,32.459755],[35.42004,32.459935],[35.419952,32.460064],[35.419894,32.460148],[35.419792,32.460346],[35.419708,32.460538],[35.419663,32.460749],[35.419593,32.461108],[35.419543,32.461334],[35.419479,32.461671],[35.419435,32.461911],[35.419352,32.462203],[35.419246,32.462434],[35.419159,32.462531],[35.419032,32.462639],[35.418839,32.462776],[35.418561,32.462925],[35.417956,32.463227],[35.417373,32.463549],[35.417011,32.463728],[35.416807,32.463908],[35.416671,32.464078],[35.416557,32.464252],[35.416447,32.46455],[35.416379,32.464961],[35.416192,32.465962],[35.416099,32.466472],[35.416008,32.466875],[35.41584,32.467298],[35.415723,32.467586],[35.415662,32.467812],[35.415608,32.468104],[35.41561,32.468136],[35.415627,32.468419],[35.415669,32.468718],[35.415688,32.469004],[35.415667,32.469263],[35.415605,32.469478],[35.415509,32.469676],[35.415323,32.46988],[35.414964,32.470125],[35.414593,32.470366],[35.414475,32.470457],[35.414383,32.470528],[35.414181,32.470737],[35.414023,32.47095],[35.413802,32.471307],[35.413514,32.471924],[35.413295,32.472362],[35.413177,32.472569],[35.413057,32.47272],[35.412901,32.472906],[35.412637,32.473141],[35.412238,32.473372],[35.411884,32.473604],[35.411592,32.473829],[35.411399,32.473995],[35.411264,32.474221],[35.411168,32.474424],[35.41107,32.474736],[35.410972,32.474876],[35.410754,32.475128],[35.410546,32.475359],[35.410351,32.475659],[35.409708,32.476663],[35.409192,32.47757],[35.408847,32.478131],[35.408557,32.47868],[35.408393,32.479075],[35.408294,32.479358],[35.408249,32.479597],[35.408196,32.479906],[35.408079,32.480586],[35.408032,32.480815],[35.407974,32.481099],[35.407877,32.481482],[35.407877,32.481484],[35.407722,32.481772],[35.407699,32.481805],[35.407542,32.48204],[35.407317,32.482283],[35.407064,32.482498],[35.406754,32.48269],[35.406392,32.482849],[35.405974,32.48301],[35.405714,32.483187],[35.405506,32.483396],[35.405355,32.483633],[35.405261,32.483916],[35.405232,32.484098],[35.405238,32.484312],[35.4053,32.484559],[35.405496,32.485133],[35.405565,32.485413],[35.405603,32.485565],[35.405665,32.485784],[35.405871,32.486099],[35.405988,32.48629],[35.406134,32.486469],[35.406343,32.486713],[35.406656,32.487013],[35.40669,32.487045],[35.407002,32.487359],[35.4072,32.487589],[35.407364,32.487858],[35.407496,32.488151],[35.407604,32.488412],[35.407661,32.48862],[35.407699,32.488796],[35.407676,32.488992],[35.407629,32.489122],[35.407554,32.489262],[35.407461,32.489354],[35.407322,32.489438],[35.407105,32.489538],[35.406793,32.489668],[35.406566,32.489791],[35.406422,32.489909],[35.406268,32.490045],[35.406104,32.490201],[35.405967,32.490371],[35.405821,32.490564],[35.405718,32.490736],[35.405589,32.490977],[35.405537,32.491135],[35.405508,32.491293],[35.405517,32.491427],[35.405567,32.491621],[35.405668,32.491796],[35.405886,32.492178],[35.406016,32.49241],[35.406111,32.492604],[35.406237,32.492888],[35.406263,32.493021],[35.406266,32.49314],[35.40626,32.493302],[35.406224,32.493465],[35.406171,32.493571],[35.40604,32.493717],[35.40583,32.493874],[35.405542,32.494075],[35.405338,32.494227],[35.405139,32.494359],[35.405035,32.494452],[35.404931,32.494568],[35.404855,32.494689],[35.404665,32.494965],[35.404589,32.495076],[35.404492,32.495214],[35.404422,32.495334],[35.404381,32.495483],[35.404368,32.49566],[35.404382,32.49596],[35.404382,32.495965],[35.40448,32.497519],[35.404503,32.497954],[35.404525,32.498351],[35.404536,32.498556],[35.404532,32.498613],[35.404527,32.49867],[35.404497,32.498805],[35.404428,32.498949],[35.404069,32.499638],[35.403667,32.500395],[35.403366,32.500926],[35.403162,32.501292],[35.403031,32.501467],[35.40291,32.501579],[35.402761,32.501682],[35.402533,32.501801],[35.40231,32.501886],[35.402047,32.501944],[35.401801,32.501986],[35.400892,32.502123],[35.400249,32.5022],[35.399744,32.502262],[35.399183,32.502339],[35.398712,32.50241],[35.398275,32.502476],[35.397938,32.502516],[35.397623,32.50255],[35.397371,32.502593],[35.397047,32.502705],[35.396658,32.502874],[35.396351,32.50299],[35.396122,32.503056],[35.393705,32.503922],[35.391647,32.504659],[35.390712,32.505001],[35.390315,32.505114],[35.389873,32.505222],[35.389751,32.505246],[35.389464,32.505302],[35.38906,32.505343],[35.388722,32.505354],[35.388305,32.505352],[35.387888,32.505346],[35.387319,32.505323],[35.386789,32.5053],[35.386337,32.505251],[35.386003,32.505234],[35.385721,32.505215],[35.385496,32.505243],[35.385234,32.505325],[35.384845,32.505537],[35.383578,32.506253],[35.383131,32.506505],[35.382764,32.506689],[35.382456,32.50678],[35.382171,32.506838],[35.381901,32.506862],[35.381636,32.506858],[35.381315,32.506831],[35.380472,32.506749],[35.38011,32.506698],[35.379902,32.506697],[35.379654,32.506707],[35.379295,32.506757],[35.378807,32.506837],[35.378274,32.506914],[35.37773,32.506996],[35.377349,32.507056],[35.377062,32.50709],[35.376742,32.507129],[35.376473,32.507149],[35.376191,32.507135],[35.375901,32.507117],[35.375647,32.507074],[35.375336,32.507018],[35.375025,32.506976],[35.374709,32.506963],[35.374495,32.506962],[35.374276,32.50698],[35.374018,32.507038],[35.373801,32.507113],[35.373545,32.507228],[35.373357,32.507356],[35.373203,32.507502],[35.373061,32.507667],[35.37292,32.507879],[35.372817,32.508053],[35.372727,32.508274],[35.372661,32.508543],[35.372661,32.508762],[35.372674,32.509039],[35.37269,32.50922],[35.372746,32.50941],[35.372852,32.509598],[35.373015,32.509777],[35.373171,32.509941],[35.373412,32.510122],[35.374161,32.510767],[35.374714,32.511214],[35.375042,32.511499],[35.375227,32.511682],[35.375412,32.511864],[35.375419,32.511877],[35.375519,32.512053],[35.375519,32.512054],[35.375519,32.512054],[35.37554,32.512234],[35.3755,32.512416],[35.37541,32.512614],[35.375234,32.512775],[35.375028,32.512893],[35.374693,32.51298],[35.37416,32.513052],[35.37398,32.51307],[35.373761,32.513108],[35.373761,32.513108],[35.373719,32.513125],[35.373578,32.513182],[35.373577,32.513183],[35.373328,32.513331],[35.372738,32.513819],[35.372413,32.514078],[35.372191,32.514225],[35.37198,32.514334],[35.371774,32.514415],[35.371617,32.514456],[35.371455,32.514487],[35.371258,32.514505],[35.37098,32.514501],[35.370546,32.514471],[35.36971,32.514377],[35.369365,32.514336],[35.369111,32.514298],[35.368935,32.514272],[35.368812,32.514275],[35.36866,32.514306],[35.368549,32.514346],[35.368371,32.514426],[35.368238,32.514529],[35.368106,32.514641],[35.368019,32.514757],[35.367939,32.514931],[35.3679,32.515151],[35.36791,32.515313],[35.367893,32.515523],[35.367886,32.515705],[35.36785,32.515853],[35.367792,32.515983],[35.367677,32.516095],[35.367566,32.516169],[35.367433,32.516243],[35.367159,32.516334],[35.366645,32.516506],[35.366399,32.516573],[35.366248,32.516599],[35.366079,32.516602],[35.365933,32.516605],[35.365722,32.516585],[35.365484,32.516532],[35.365125,32.516377],[35.363964,32.515888],[35.363939,32.515877],[35.363914,32.515866],[35.363438,32.515653],[35.363114,32.515508],[35.362659,32.515302],[35.362454,32.515229],[35.362279,32.515214],[35.362144,32.515216],[35.361959,32.515248],[35.361735,32.515319],[35.361563,32.515413],[35.361386,32.515526],[35.36125,32.515696],[35.361143,32.515917],[35.361111,32.5162],[35.361108,32.516543],[35.361096,32.516944],[35.361063,32.517169],[35.360989,32.517366],[35.360851,32.517469],[35.360654,32.517544],[35.360425,32.517606],[35.360144,32.51763],[35.359801,32.51767],[35.359504,32.517695],[35.359346,32.517702],[35.359201,32.517748],[35.358739,32.517967],[35.358432,32.518087],[35.358171,32.518202],[35.358014,32.518248],[35.357729,32.51832],[35.356033,32.518728],[35.355495,32.518839],[35.35528,32.518848],[35.355082,32.518832],[35.354871,32.518717],[35.354714,32.518553],[35.35462,32.518373],[35.354625,32.518198],[35.354626,32.518173],[35.35471,32.517966],[35.354816,32.517716],[35.354993,32.517355],[35.355104,32.517071],[35.355172,32.516879],[35.355183,32.51664],[35.355108,32.516386],[35.355006,32.516135],[35.354783,32.515781],[35.354591,32.515537],[35.354379,32.515412],[35.354123,32.515321],[35.353948,32.515315],[35.353729,32.515319],[35.353629,32.51535],[35.353517,32.515385],[35.353294,32.51547],[35.353111,32.515603],[35.352923,32.51573],[35.352741,32.515882],[35.352637,32.515979],[35.352486,32.51603],[35.352328,32.516032],[35.35218,32.515978],[35.352026,32.515885],[35.351899,32.515754],[35.351764,32.515566],[35.35159,32.515329],[35.351575,32.515308],[35.351575,32.515308],[35.35156,32.515288],[35.351299,32.514969],[35.351049,32.514696],[35.350882,32.514547],[35.350666,32.514465],[35.35041,32.51437],[35.350133,32.514317],[35.349867,32.514284],[35.349843,32.514285],[35.349819,32.514286],[35.34967,32.514293],[35.34943,32.514378],[35.34923,32.514477],[35.34902,32.514615],[35.348799,32.514805],[35.34863,32.515023],[35.34854,32.51523],[35.348502,32.515484],[35.34853,32.515703],[35.348609,32.515921],[35.348769,32.51623],[35.349021,32.516607],[35.349367,32.51714],[35.349445,32.517325],[35.349483,32.517472],[35.349481,32.51762],[35.349445,32.517773],[35.349319,32.5179],[35.34917,32.517998],[35.349019,32.518053],[35.3488,32.518072],[35.348602,32.518042],[35.348442,32.517959],[35.348246,32.517796],[35.347997,32.517533],[35.347928,32.517442],[35.347752,32.517208],[35.347402,32.516752],[35.34716,32.516537],[35.346971,32.516421],[35.346773,32.516363],[35.34653,32.51632],[35.346326,32.516295],[35.346159,32.516298],[35.346158,32.516298],[35.346157,32.516298],[35.34601,32.516315],[35.345826,32.516385],[35.345593,32.516533],[35.345128,32.516852],[35.344796,32.517087],[35.344569,32.517215],[35.344272,32.517292],[35.344003,32.51734],[35.343677,32.517356],[35.34325,32.517407],[35.342891,32.517461],[35.342578,32.517544],[35.342416,32.517613],[35.342178,32.517756],[35.341584,32.518087],[35.341311,32.518197],[35.341192,32.518252],[35.340991,32.518308],[35.340794,32.518316],[35.340556,32.518287],[35.340302,32.51823],[35.339301,32.517967],[35.339167,32.517932],[35.338554,32.517747],[35.338276,32.517643],[35.33796,32.517522],[35.337872,32.517488],[35.337056,32.517093],[35.336333,32.516782],[35.335761,32.516463],[35.335052,32.516123],[35.334499,32.515852],[35.33394,32.515576],[35.333433,32.515347],[35.333057,32.515187],[35.332756,32.515082],[35.332586,32.515067],[35.332322,32.515062],[35.330633,32.515112],[35.330344,32.515094],[35.33014,32.515045],[35.329806,32.51497],[35.328875,32.514718],[35.328121,32.514515],[35.326323,32.514009],[35.325234,32.513738],[35.323474,32.513248],[35.322198,32.512913],[35.32121,32.512617],[35.321103,32.512585],[35.320043,32.512323],[35.319628,32.51224],[35.319376,32.512209],[35.319376,32.512209],[35.319018,32.512166],[35.31817,32.512052],[35.317153,32.511914],[35.315824,32.511709],[35.31484,32.511532],[35.314356,32.511478],[35.313804,32.511446],[35.313003,32.511394],[35.312591,32.511392],[35.312061,32.511349],[35.311603,32.511276],[35.311128,32.511204],[35.310703,32.511116],[35.310245,32.511024],[35.309252,32.510754],[35.30924,32.510751],[35.309143,32.510725],[35.308945,32.510675],[35.308942,32.510674],[35.308585,32.510584],[35.308276,32.510506],[35.308162,32.510478],[35.308082,32.510458],[35.308052,32.51045],[35.308049,32.510449],[35.307915,32.510409],[35.307022,32.510143],[35.306555,32.510011],[35.306375,32.50996],[35.306076,32.509922],[35.305726,32.50991],[35.304881,32.509906],[35.304423,32.509905],[35.304186,32.509895],[35.303915,32.509833],[35.303642,32.509728],[35.303089,32.50949],[35.302713,32.50932],[35.302416,32.509168],[35.302247,32.509129],[35.302088,32.509103],[35.301931,32.509111],[35.301717,32.509134],[35.301393,32.509216],[35.300678,32.509439],[35.300313,32.509517],[35.299916,32.509591],[35.299769,32.509603],[35.299442,32.509628],[35.299037,32.50965],[35.298468,32.509642],[35.297368,32.509585],[35.296584,32.509523],[35.295986,32.509496],[35.295513,32.5095],[35.294742,32.509514],[35.294324,32.509522],[35.293795,32.50956],[35.293397,32.50961],[35.292948,32.50969],[35.292472,32.509775],[35.291956,32.509889],[35.291465,32.510041],[35.290978,32.510174],[35.290302,32.510358],[35.289355,32.51062],[35.288932,32.510736],[35.287556,32.511129],[35.286942,32.511296],[35.286314,32.511467],[35.285331,32.511771],[35.284708,32.511932],[35.283696,32.512218],[35.282606,32.512548],[35.281466,32.512898],[35.280866,32.513076],[35.280354,32.513228],[35.279857,32.51337],[35.27868,32.513707],[35.278249,32.513825],[35.277444,32.51403],[35.276179,32.514359],[35.275602,32.514488],[35.274873,32.514692],[35.274398,32.514835],[35.273801,32.515051],[35.272323,32.515607],[35.270727,32.516208],[35.269785,32.516588],[35.268712,32.516994],[35.267891,32.517276],[35.266919,32.517594],[35.265869,32.517976],[35.264675,32.518408],[35.26388,32.518682],[35.263105,32.518963],[35.262335,32.519278],[35.261504,32.519593],[35.260543,32.519926],[35.259929,32.520132],[35.259499,32.520269],[35.258742,32.520495],[35.258139,32.520697],[35.257441,32.520929],[35.256587,32.521259],[35.255723,32.521599],[35.255176,32.521819],[35.254434,32.522114],[35.254053,32.522233],[35.253316,32.522489],[35.252813,32.522651],[35.252484,32.522795],[35.252123,32.523002],[35.251808,32.523232],[35.251455,32.523539],[35.251048,32.523923],[35.250827,32.524118],[35.250165,32.524684],[35.248328,32.52621],[35.247551,32.526911],[35.24669,32.527707],[35.246161,32.528203],[35.245687,32.528598],[35.245029,32.529106],[35.243912,32.529961],[35.242825,32.530844],[35.240829,32.532431],[35.239956,32.533129],[35.238045,32.534659],[35.236824,32.535597],[35.23651,32.535893],[35.236236,32.536213],[35.236007,32.536499],[35.2358,32.536798],[35.235081,32.537809],[35.234543,32.538572],[35.233952,32.539489],[35.233441,32.540233],[35.232982,32.540824],[35.232214,32.541899],[35.231512,32.54289],[35.231163,32.54334],[35.230687,32.543971],[35.230179,32.544639],[35.229798,32.54517],[35.229456,32.545687],[35.228817,32.546512],[35.22794,32.547721],[35.22769,32.548097],[35.226539,32.549626],[35.226092,32.550235],[35.225262,32.551354],[35.224972,32.551708],[35.224751,32.551898],[35.224612,32.551958],[35.224438,32.55198],[35.224268,32.551968],[35.224069,32.551896],[35.223824,32.551776],[35.223155,32.551419],[35.222151,32.550884],[35.218892,32.549079],[35.218696,32.548901],[35.218505,32.548713],[35.218318,32.548456],[35.217854,32.547658],[35.217095,32.546366],[35.216784,32.545875],[35.216492,32.545432],[35.216041,32.544805],[35.215681,32.544377],[35.215357,32.544044],[35.215017,32.543707],[35.214597,32.543351],[35.213748,32.542763],[35.21318,32.542324],[35.212899,32.542119],[35.212772,32.542019],[35.21269,32.541877],[35.21269,32.541876],[35.212681,32.541739],[35.212675,32.541708],[35.212675,32.541708],[35.212668,32.541677],[35.212411,32.541519],[35.212047,32.541616],[35.211886,32.541661],[35.21142,32.54179],[35.210889,32.541966],[35.210059,32.542167],[35.209454,32.542335],[35.209174,32.542368],[35.208977,32.542377],[35.208722,32.542333],[35.208522,32.542227],[35.208214,32.542051],[35.20786,32.541871],[35.20784,32.541863],[35.20782,32.541855],[35.207564,32.541748],[35.207206,32.54163],[35.207098,32.541598],[35.206565,32.541441],[35.205969,32.541275],[35.205572,32.541138],[35.204601,32.540697],[35.204274,32.540558],[35.204128,32.540496],[35.203343,32.540161],[35.202397,32.539724],[35.202136,32.539601],[35.202105,32.539587],[35.201742,32.539416],[35.201451,32.539268],[35.201211,32.539129],[35.200982,32.538995],[35.200755,32.538913],[35.200534,32.538883],[35.200524,32.538884],[35.200514,32.538884],[35.200394,32.538886],[35.200133,32.538886],[35.199739,32.538902],[35.199339,32.538914],[35.199007,32.53892],[35.198746,32.538829],[35.198516,32.538637],[35.19833,32.538407],[35.198327,32.538396],[35.198324,32.538386],[35.198255,32.538136],[35.198262,32.53795],[35.198336,32.537734],[35.198425,32.537455],[35.198458,32.537192],[35.198395,32.536921],[35.1983,32.536746],[35.198123,32.536616],[35.197883,32.536487],[35.197402,32.536194],[35.196923,32.535916],[35.196647,32.535711],[35.196423,32.535524],[35.196169,32.53528],[35.196029,32.535078],[35.19583,32.534781],[35.195752,32.534577],[35.195314,32.533246],[35.19527,32.53307],[35.195239,32.532708],[35.195285,32.532507],[35.195323,32.53243],[35.195414,32.532247],[35.195696,32.531812],[35.195907,32.531475],[35.195933,32.53136],[35.195935,32.531202],[35.195856,32.53097],[35.195716,32.530772],[35.195509,32.530599],[35.194908,32.530342],[35.194263,32.530073],[35.193394,32.52971],[35.192516,32.529349],[35.192335,32.529275],[35.192061,32.52915],[35.191578,32.52893],[35.191246,32.528735],[35.190994,32.528539],[35.190789,32.528369],[35.190126,32.52775],[35.189666,32.527362],[35.189366,32.527062],[35.189121,32.526732],[35.188812,32.526292],[35.188572,32.525914],[35.188354,32.525531],[35.188134,32.525058],[35.187938,32.524627],[35.187831,32.524332],[35.18783,32.524331],[35.187829,32.524328],[35.187678,32.52393],[35.187607,32.523743],[35.187409,32.523259],[35.187285,32.523023],[35.187198,32.522896],[35.187079,32.522874],[35.186954,32.522847],[35.186728,32.522823],[35.18656,32.52283],[35.186357,32.522848],[35.186227,32.522884],[35.186027,32.52294],[35.185463,32.523121],[35.184302,32.523414],[35.183446,32.523648],[35.183121,32.52373],[35.182808,32.523831],[35.182634,32.523858],[35.182415,32.52389],[35.182275,32.523926],[35.182074,32.523992],[35.181868,32.524076],[35.18165,32.524142],[35.18147,32.524174],[35.181335,32.524162],[35.18116,32.524155],[35.180996,32.52412],[35.18087,32.524046],[35.180743,32.523924],[35.180639,32.523816],[35.180474,32.523637],[35.180361,32.523515],[35.179788,32.522938],[35.179182,32.522309],[35.178862,32.521909],[35.178665,32.521688],[35.178445,32.521439],[35.178264,32.521185],[35.177989,32.520751],[35.177788,32.520358],[35.17758,32.519975],[35.177547,32.519914],[35.177368,32.519516],[35.177231,32.519222],[35.177126,32.519076],[35.177017,32.518909],[35.176813,32.518654],[35.176583,32.518434],[35.176329,32.51819],[35.176105,32.518027],[35.175865,32.517855],[35.175597,32.517721],[35.175306,32.517597],[35.174987,32.51745],[35.174714,32.517321],[35.174502,32.517177],[35.174301,32.516999],[35.174167,32.516839],[35.174033,32.516631],[35.173994,32.516427],[35.174011,32.516217],[35.174035,32.516011],[35.174026,32.515934],[35.174013,32.51582],[35.173913,32.515631],[35.173757,32.515477],[35.173425,32.515244],[35.173105,32.515044],[35.172903,32.514911],[35.172703,32.514829],[35.172385,32.514706],[35.172377,32.514704],[35.172301,32.514685],[35.172119,32.514639],[35.172105,32.514635],[35.172091,32.514631],[35.17179,32.514554],[35.171434,32.514488],[35.171168,32.514431],[35.170894,32.514311],[35.170683,32.514177],[35.170536,32.514013],[35.170526,32.514001],[35.170515,32.513989],[35.170409,32.513819],[35.170274,32.513597],[35.170172,32.513312],[35.170064,32.513052],[35.169989,32.512733],[35.169989,32.512733],[35.169904,32.512514],[35.169899,32.512501],[35.169779,32.512169],[35.169778,32.512169],[35.16967,32.511865],[35.16961,32.511709],[35.169549,32.511524],[35.169482,32.511334],[35.169372,32.511202],[35.169222,32.511067],[35.169011,32.510932],[35.168732,32.510808],[35.168505,32.510759],[35.168269,32.510754],[35.168233,32.510753],[35.168197,32.510753],[35.167987,32.510749],[35.167581,32.510737],[35.167381,32.510712],[35.16731,32.510703],[35.167108,32.510647],[35.166813,32.510528],[35.166385,32.510326],[35.166062,32.510164],[35.165941,32.510104],[35.165485,32.509883],[35.165171,32.509707],[35.165025,32.509519],[35.164914,32.50932],[35.164857,32.50922],[35.164831,32.509174],[35.164812,32.509069],[35.164802,32.508907],[35.164783,32.508316],[35.164767,32.507669],[35.16477,32.507316],[35.164757,32.50702],[35.164723,32.506778],[35.164628,32.506569],[35.1645,32.5064],[35.164362,32.506273],[35.164173,32.506162],[35.163935,32.50609],[35.163732,32.50606],[35.163389,32.506033],[35.163385,32.506033],[35.163382,32.506032],[35.163112,32.506032],[35.162903,32.506031],[35.16277,32.506005],[35.162537,32.505913],[35.162274,32.505765],[35.162006,32.50552],[35.161999,32.505514],[35.161992,32.505507],[35.161658,32.505198],[35.161087,32.50465],[35.161086,32.504649],[35.160828,32.504406],[35.160821,32.5044],[35.160723,32.504307],[35.160718,32.504303],[35.160516,32.504101],[35.160344,32.503961],[35.160186,32.503839],[35.159935,32.503682],[35.15961,32.50352],[35.159142,32.50328],[35.158659,32.503064],[35.158254,32.502875],[35.15797,32.502775],[35.157833,32.502747],[35.157806,32.502741],[35.157778,32.502736],[35.157541,32.502706],[35.157304,32.502705],[35.157012,32.502734],[35.156636,32.502803],[35.156025,32.502904],[35.155621,32.502971],[35.155514,32.502989],[35.155289,32.502969],[35.155084,32.502887],[35.154947,32.502808],[35.15484,32.502712],[35.154763,32.502575],[35.154709,32.502442],[35.154708,32.502394],[35.154705,32.502266],[35.154679,32.50201],[35.154625,32.501489],[35.15456,32.50066],[35.154538,32.500462],[35.154551,32.500285],[35.15458,32.500099],[35.154705,32.499906],[35.15488,32.499688],[35.155122,32.499431],[35.155579,32.498979],[35.156217,32.498293],[35.156701,32.497812],[35.157048,32.497491],[35.157331,32.49732],[35.157727,32.497127],[35.158061,32.496978],[35.158295,32.496869],[35.158527,32.4968],[35.158829,32.496738],[35.15916,32.49667],[35.159464,32.49666],[35.159948,32.496638],[35.16047,32.49659],[35.16106,32.496537],[35.161572,32.496495],[35.162104,32.496395],[35.162536,32.496302],[35.162927,32.496185],[35.163316,32.495988],[35.163706,32.495776],[35.163888,32.495634],[35.164429,32.49527],[35.165138,32.494766],[35.165896,32.494228],[35.166634,32.493767],[35.166916,32.493571],[35.16724,32.493436],[35.167886,32.493175],[35.168372,32.493014],[35.168826,32.492925],[35.169242,32.492889],[35.169675,32.492877],[35.170278,32.492881],[35.17078,32.492901],[35.17112,32.492919],[35.171147,32.492921],[35.171174,32.492922],[35.171406,32.492976],[35.171623,32.493082],[35.17192,32.493258],[35.172196,32.493492],[35.17222,32.493514],[35.17222,32.493514],[35.172245,32.493536],[35.172443,32.493716],[35.172541,32.49381],[35.172812,32.493992],[35.173034,32.494107],[35.17321,32.494166],[35.173413,32.494172],[35.173672,32.494172],[35.17402,32.494133],[35.174501,32.493991],[35.175432,32.493813],[35.176407,32.49361],[35.177197,32.493462],[35.177641,32.493369],[35.178,32.49331],[35.178404,32.493236],[35.178762,32.493154],[35.179042,32.493073],[35.179389,32.493],[35.179669,32.492933],[35.179981,32.492799],[35.180288,32.492674],[35.180649,32.492482],[35.181144,32.492211],[35.18185,32.491845],[35.182065,32.491751],[35.182294,32.491642],[35.18254,32.491599],[35.182777,32.49161],[35.183003,32.491644],[35.183179,32.491712],[35.183434,32.49178],[35.183672,32.491837],[35.183887,32.491881],[35.184136,32.491906],[35.184384,32.491921],[35.184603,32.491922],[35.184896,32.491902],[35.185132,32.491874],[35.185418,32.491836],[35.185653,32.491789],[35.185876,32.491699],[35.186099,32.49159],[35.186327,32.491467],[35.186659,32.491242],[35.186841,32.4911],[35.187068,32.490905],[35.187277,32.490711],[35.18745,32.490514],[35.187626,32.490344],[35.187768,32.490141],[35.187935,32.489847],[35.188053,32.489611],[35.188177,32.489356],[35.188266,32.489097],[35.188327,32.488838],[35.188376,32.488532],[35.1884,32.488136],[35.188378,32.48721],[35.188369,32.486833],[35.188344,32.486512],[35.188344,32.486273],[35.188402,32.48611],[35.188528,32.485964],[35.188716,32.485818],[35.188911,32.485748],[35.189102,32.485725],[35.189266,32.485746],[35.189442,32.485815],[35.189625,32.485921],[35.189837,32.48607],[35.190043,32.486229],[35.190227,32.486355],[35.190511,32.48646],[35.190742,32.486489],[35.190967,32.48649],[35.191181,32.486457],[35.191393,32.486392],[35.191571,32.486317],[35.191766,32.486199],[35.191942,32.486043],[35.192097,32.485883],[35.192223,32.485704],[35.192281,32.485546],[35.192316,32.485369],[35.192311,32.485173],[35.192257,32.484969],[35.192167,32.484727],[35.192049,32.484519],[35.191925,32.484292],[35.191779,32.484042],[35.19162,32.483773],[35.191536,32.48354],[35.19148,32.483346],[35.191475,32.48314],[35.19147,32.482911],[35.19151,32.482729],[35.19155,32.482524],[35.191701,32.482254],[35.192305,32.48137],[35.192454,32.481257],[35.192637,32.481116],[35.192806,32.480893],[35.192869,32.480711],[35.192927,32.48056],[35.192995,32.480334],[35.19303,32.480152],[35.193025,32.479971],[35.192964,32.479781],[35.19284,32.479521],[35.192465,32.478907],[35.192294,32.478585],[35.192165,32.478387],[35.191986,32.478209],[35.191577,32.477825],[35.191151,32.477446],[35.190967,32.477268],[35.190844,32.477069],[35.190676,32.476929],[35.190453,32.476771],[35.190212,32.476617],[35.190007,32.476521],[35.18965,32.476412],[35.189296,32.476331],[35.189289,32.47633],[35.189282,32.476328],[35.188818,32.476231],[35.188405,32.476138],[35.188114,32.476],[35.188114,32.476],[35.188113,32.475999],[35.188112,32.475998],[35.188111,32.475997],[35.188103,32.47599],[35.188021,32.475922],[35.188015,32.475916],[35.187925,32.475841],[35.187903,32.475817],[35.187902,32.475816],[35.187881,32.475792],[35.187803,32.475705],[35.187703,32.475501],[35.187669,32.475278],[35.187688,32.47512],[35.187702,32.47479],[35.187697,32.474122],[35.187714,32.473163],[35.18773,32.472695],[35.187759,32.472031],[35.187744,32.471607],[35.187735,32.471249],[35.187703,32.471104],[35.18766,32.470957],[35.187515,32.470773],[35.18725,32.470506],[35.187066,32.470256],[35.186818,32.470031],[35.186544,32.46985],[35.186259,32.469702],[35.185906,32.469555],[35.185521,32.469452],[35.185515,32.469451],[35.185509,32.469451],[35.185187,32.469406],[35.184786,32.469331],[35.1843,32.469273],[35.183815,32.469215],[35.18353,32.469134],[35.183008,32.468971],[35.182588,32.468821],[35.182277,32.46874],[35.181812,32.468615],[35.181478,32.468516],[35.181256,32.468414],[35.181089,32.468288],[35.18098,32.468164],[35.180957,32.468137],[35.180933,32.46811],[35.180736,32.467865],[35.18051,32.467602],[35.180287,32.467448],[35.180098,32.467342],[35.179895,32.467302],[35.179636,32.467302],[35.1796,32.467311],[35.179564,32.46732],[35.179451,32.467348],[35.178965,32.467523],[35.178651,32.467629],[35.178271,32.467745],[35.178109,32.467777],[35.177912,32.46779],[35.177748,32.467759],[35.177572,32.4677],[35.177406,32.467589],[35.176916,32.467349],[35.176672,32.467197],[35.176671,32.467196],[35.17667,32.467196],[35.176408,32.467071],[35.176255,32.467012],[35.176102,32.466974],[35.176071,32.466966],[35.17604,32.466959],[35.175825,32.466934],[35.175069,32.466856],[35.174189,32.466761],[35.1737,32.466722],[35.173221,32.466683],[35.172827,32.466694],[35.172264,32.466699],[35.171669,32.466743],[35.170995,32.466807],[35.170349,32.46689],[35.169687,32.466978],[35.169098,32.467069],[35.168379,32.467205],[35.167433,32.467412],[35.166363,32.46766],[35.165653,32.467834],[35.165038,32.468017],[35.164485,32.468208],[35.163947,32.468434],[35.163112,32.468835],[35.162695,32.469062],[35.162505,32.469117],[35.162294,32.469226],[35.161738,32.469512],[35.161366,32.469743],[35.161005,32.469931],[35.16062,32.470109],[35.160163,32.470298],[35.159656,32.470503],[35.15928,32.470616],[35.158844,32.470738],[35.158352,32.470895],[35.157809,32.471009],[35.157298,32.471099],[35.156776,32.47116],[35.15626,32.471212],[35.155787,32.471235],[35.155146,32.471236],[35.154296,32.471246],[35.15345,32.471251],[35.152824,32.471238],[35.152059,32.471236],[35.151304,32.471221],[35.150707,32.471202],[35.150126,32.47116],[35.149584,32.471088],[35.149093,32.471025],[35.148662,32.47096],[35.148169,32.470859],[35.147592,32.470711],[35.147088,32.470586],[35.146538,32.470429],[35.146034,32.470299],[35.145591,32.470163],[35.145194,32.470008],[35.144874,32.469803],[35.144855,32.469789],[35.144837,32.469775],[35.144598,32.469589],[35.144356,32.469344],[35.144216,32.46918],[35.1441,32.469],[35.14397,32.468774],[35.143875,32.468537],[35.143801,32.468275],[35.143732,32.467962],[35.14365,32.467591],[35.143552,32.467263],[35.143502,32.467061],[35.143438,32.466752],[35.143375,32.466443],[35.143272,32.466135],[35.143135,32.465841],[35.142988,32.465581],[35.142865,32.465359],[35.142588,32.465058],[35.142426,32.46488],[35.14217,32.464683],[35.141935,32.464506],[35.141626,32.464311],[35.14133,32.464154],[35.140988,32.463992],[35.140608,32.463851],[35.140421,32.463793],[35.14033,32.463765],[35.139985,32.463704],[35.139484,32.463674],[35.139021,32.46363],[35.138519,32.4636],[35.138079,32.46356],[35.137791,32.463517],[35.137402,32.463476],[35.137199,32.463479],[35.137028,32.463449],[35.136756,32.463401],[35.136433,32.463311],[35.136127,32.463226],[35.135765,32.463132],[35.135351,32.462986],[35.134817,32.462809],[35.134324,32.462648],[35.134053,32.462541],[35.133881,32.462474],[35.133466,32.462328],[35.133034,32.462145],[35.132596,32.461947],[35.132278,32.461823],[35.132044,32.461694],[35.131665,32.4615],[35.131167,32.461179],[35.130783,32.460894],[35.130349,32.46063],[35.129887,32.460346],[35.129436,32.460091],[35.129208,32.459971],[35.128858,32.45981],[35.12846,32.459626],[35.128028,32.459461],[35.12802,32.459458],[35.128011,32.459455],[35.127562,32.459288],[35.127017,32.459087],[35.126529,32.458919],[35.126098,32.458778],[35.125729,32.458622],[35.12548,32.458472],[35.125329,32.458381],[35.125083,32.458232],[35.124744,32.457904],[35.124614,32.457739],[35.124474,32.457517],[35.124337,32.457209],[35.12423,32.456958],[35.124123,32.456721],[35.124006,32.456532],[35.123872,32.456334],[35.123739,32.456198],[35.123561,32.456048],[35.123373,32.455951],[35.123197,32.455883],[35.122982,32.45581],[35.122778,32.455761],[35.122535,32.455741],[35.122501,32.455741],[35.122467,32.455741],[35.12231,32.45574],[35.122035,32.45575],[35.121697,32.455746],[35.121472,32.455745],[35.121258,32.455739],[35.121042,32.455685],[35.120861,32.455607],[35.120706,32.4555],[35.120551,32.455378],[35.120484,32.455276],[35.120465,32.455247],[35.120446,32.455218],[35.120358,32.455057],[35.120313,32.454838],[35.120228,32.454561],[35.120148,32.454257],[35.120062,32.453957],[35.119972,32.453701],[35.119853,32.453426],[35.119722,32.453152],[35.119579,32.45282],[35.119438,32.452531],[35.1192,32.452068],[35.118948,32.451633],[35.118655,32.451146],[35.118519,32.450829],[35.118413,32.45064],[35.118306,32.450422],[35.11823,32.450261],[35.118119,32.450248],[35.118001,32.450191],[35.117807,32.45014],[35.117596,32.450169],[35.117385,32.450219],[35.116968,32.450366],[35.116532,32.450211],[35.116144,32.450046],[35.115866,32.449967],[35.11563,32.449924],[35.115474,32.449931],[35.115103,32.450008],[35.114949,32.450069],[35.114773,32.450145],[35.114592,32.45021],[35.114425,32.450264],[35.114271,32.450306],[35.114113,32.450375],[35.113991,32.450459],[35.113837,32.450593],[35.113769,32.450673],[35.113693,32.450754],[35.113643,32.45085],[35.113575,32.450957],[35.113507,32.451106],[35.113407,32.451317],[35.113213,32.451516],[35.113014,32.451642],[35.112666,32.451734],[35.112499,32.451738],[35.11221,32.451726],[35.110502,32.45161],[35.109535,32.451571],[35.109263,32.451551],[35.108948,32.451528],[35.108225,32.451497],[35.107502,32.451485],[35.106842,32.4515],[35.106354,32.451561],[35.105834,32.451618],[35.105532,32.451652],[35.105048,32.451751],[35.104601,32.451823],[35.104126,32.451915],[35.103674,32.452018],[35.10277,32.452213],[35.102567,32.452254],[35.101808,32.452407],[35.101012,32.452614],[35.100032,32.452877],[35.099609,32.453006],[35.09948,32.453045],[35.098233,32.453446],[35.097261,32.453767],[35.096633,32.453955],[35.095918,32.454188],[35.095258,32.454386],[35.09459,32.454605],[35.093952,32.454814],[35.093722,32.454864],[35.093469,32.454871],[35.093404,32.454863],[35.093342,32.454856],[35.093139,32.454825],[35.092976,32.454764],[35.092755,32.454691],[35.092624,32.454579],[35.092434,32.454425],[35.092368,32.454371],[35.092326,32.454338],[35.092132,32.454138],[35.091906,32.453924],[35.091816,32.453816],[35.091672,32.453648],[35.091126,32.45321],[35.09111,32.453197],[35.09093,32.453045],[35.090701,32.45285],[35.090464,32.452664],[35.090417,32.452627],[35.090392,32.452612],[35.090378,32.452603],[35.090178,32.452477],[35.090096,32.452425]]},"properties":{"OBJECTID":54,"Status":"Constructed","Type":"Fence","IS_COUNTED":1,"Shape_Leng":69352.1944461,"source_crs":"EPSG:32636","evidence":[{"source_id":"ocha_opt","title":"West Bank Separation Barrier (January 2018 alignment)","url":"https://www.ochaopt.org/page/datasets-and-mapping-tools","document_date":"2018-01-01","retrieved":"2026-08-09"}]}},{"type":"Feature","geometry":{"type":"LineString","coordinates":[[35.054424,32.417996],[35.054304,32.417843],[35.054239,32.417727],[35.054197,32.417618],[35.054172,32.417475],[35.05417,32.417405],[35.05417,32.417394],[35.054167,32.417265],[35.05417,32.417141],[35.054173,32.417026],[35.054153,32.416917],[35.054112,32.416817],[35.054048,32.416723],[35.053955,32.416615],[35.053829,32.416502],[35.053703,32.416399],[35.053687,32.416385],[35.053596,32.416301],[35.053509,32.416202],[35.053417,32.416099],[35.053364,32.415985],[35.05335,32.41588],[35.053336,32.415732],[35.053326,32.41558],[35.053323,32.415422],[35.05336,32.415317],[35.053425,32.415225],[35.053529,32.415095],[35.05365,32.414973],[35.053654,32.41497],[35.053782,32.414837],[35.053919,32.414687],[35.054029,32.414571],[35.054162,32.414445],[35.054245,32.414353],[35.054327,32.414242],[35.054431,32.414106],[35.054485,32.41401],[35.054533,32.413899],[35.054586,32.413746],[35.054633,32.413588],[35.054691,32.41341],[35.054732,32.413247],[35.054773,32.413084],[35.05482,32.412916],[35.054856,32.412768],[35.054909,32.412605],[35.054961,32.412451],[35.055014,32.412302],[35.055067,32.412149],[35.055103,32.412019],[35.055106,32.411974],[35.055112,32.411886],[35.055108,32.411709],[35.055098,32.411509],[35.055082,32.411337],[35.05506,32.411231]]},"properties":{"OBJECTID":55,"Status":"Constructed","Type":"Concrete","IS_COUNTED":1,"Shape_Leng":825.012555408,"source_crs":"EPSG:32636","evidence":[{"source_id":"ocha_opt","title":"West Bank Separation Barrier (January 2018 alignment)","url":"https://www.ochaopt.org/page/datasets-and-mapping-tools","document_date":"2018-01-01","retrieved":"2026-08-09"}]}},{"type":"Feature","geometry":{"type":"LineString","coordinates":[[35.055573,32.249725],[35.055916,32.249131],[35.056147,32.248725],[35.056286,32.248407],[35.056375,32.248158],[35.056414,32.247934],[35.056445,32.247704],[35.056535,32.247499],[35.056661,32.247274],[35.056816,32.24703],[35.057001,32.246847],[35.057253,32.246701],[35.057485,32.246607],[35.057664,32.246468],[35.057727,32.246324],[35.057723,32.246176],[35.057691,32.246015],[35.057578,32.245881],[35.057439,32.245815],[35.057438,32.245815],[35.057248,32.245775],[35.057066,32.245766],[35.056549,32.245774],[35.05618,32.24578],[35.055882,32.245785],[35.055621,32.245857],[35.055339,32.245942],[35.05513,32.246045],[35.054899,32.24616],[35.054625,32.246301],[35.054415,32.24636],[35.054218,32.246338],[35.054056,32.246248],[35.054056,32.246248],[35.053958,32.246082],[35.05397,32.245971],[35.05404,32.245852],[35.054212,32.245732],[35.054578,32.245496],[35.055521,32.244986],[35.056326,32.24449],[35.056736,32.244248],[35.056935,32.244053],[35.057181,32.243677],[35.057726,32.24295],[35.058021,32.242803],[35.05829,32.242755],[35.058522,32.24272],[35.058719,32.242717],[35.058893,32.242714],[35.059046,32.242681],[35.059175,32.242617],[35.059311,32.242515],[35.059388,32.242378],[35.059422,32.242266],[35.059419,32.242136],[35.059387,32.241982],[35.059282,32.241841],[35.059089,32.241689],[35.059089,32.241689],[35.058866,32.241498],[35.058866,32.241498],[35.05863,32.241384],[35.05863,32.241384],[35.058334,32.241148],[35.058333,32.241148],[35.058073,32.240916],[35.058073,32.240916],[35.057849,32.240679],[35.057692,32.240471],[35.057512,32.240238],[35.057382,32.239999],[35.057194,32.239723],[35.057072,32.23949],[35.056957,32.23925],[35.056859,32.239103],[35.05674,32.238975],[35.05674,32.238975],[35.056622,32.238863],[35.056622,32.238863],[35.056444,32.238754],[35.056444,32.238754],[35.056261,32.238677],[35.05626,32.238677],[35.056041,32.238612],[35.05604,32.238612],[35.055799,32.238573],[35.055507,32.238547],[35.055019,32.238524],[35.054639,32.238499],[35.054325,32.238461],[35.054135,32.23842],[35.053995,32.238342],[35.053995,32.238342],[35.053927,32.23825],[35.053887,32.238102],[35.053921,32.237972],[35.053998,32.237847],[35.054178,32.237738],[35.054516,32.237578],[35.055172,32.237246],[35.055387,32.2371],[35.055471,32.236943],[35.055518,32.236776],[35.055514,32.236584],[35.055467,32.236442],[35.055348,32.236339],[35.055348,32.236339],[35.05523,32.236254],[35.05523,32.236254],[35.055039,32.236189],[35.055039,32.236189],[35.054733,32.236188],[35.052524,32.236125],[35.052182,32.236102],[35.051904,32.236057],[35.051904,32.236057],[35.051692,32.235999],[35.051691,32.235999],[35.051493,32.235928],[35.051493,32.235928],[35.051338,32.235819],[35.051338,32.235819],[35.051175,32.23571],[35.051175,32.23571],[35.051005,32.235607],[35.051005,32.235607],[35.050821,32.235499],[35.050821,32.235499],[35.05068,32.23539],[35.05068,32.23539],[35.050532,32.235312],[35.050532,32.235312],[35.050363,32.235222],[35.050363,32.235222],[35.050172,32.235157],[35.050172,32.235157],[35.050011,32.235147],[35.049786,32.23515],[35.049546,32.235179],[35.049322,32.235263],[35.049142,32.235365],[35.04892,32.235517],[35.048798,32.235631],[35.048669,32.235726],[35.048502,32.235753],[35.048363,32.235731],[35.048216,32.235665],[35.048216,32.235665],[35.04804,32.235575],[35.048039,32.235575],[35.047804,32.23548],[35.047804,32.23548],[35.0476,32.235458],[35.047418,32.235461],[35.047243,32.235483],[35.04707,32.235529],[35.046918,32.235612],[35.046775,32.235707],[35.046654,32.235839],[35.046555,32.235983],[35.046472,32.236176],[35.046418,32.236357],[35.046373,32.236618],[35.046343,32.236909],[35.046306,32.237201],[35.046258,32.237369],[35.046203,32.237506],[35.046111,32.237619],[35.045974,32.237701],[35.045793,32.237748],[35.045633,32.237738],[35.045515,32.237684],[35.045515,32.237684],[35.045419,32.237605],[35.045419,32.237605],[35.045344,32.237513],[35.045319,32.237402],[35.045309,32.237242],[35.045328,32.23713],[35.045339,32.236987],[35.045331,32.236836],[35.045255,32.236657],[35.045141,32.236467],[35.044992,32.236309],[35.044992,32.236309],[35.044828,32.236169],[35.044828,32.236169],[35.044659,32.236073],[35.044659,32.236073],[35.044483,32.236013],[35.044483,32.236013],[35.044293,32.235992],[35.044096,32.235995],[35.043885,32.236011],[35.043616,32.236027],[35.043376,32.23605],[35.043129,32.236085],[35.042447,32.236183],[35.042178,32.236206],[35.041951,32.236191],[35.041703,32.236145],[35.041467,32.23605],[35.041467,32.23605],[35.041313,32.235966],[35.041313,32.235966],[35.041105,32.23582],[35.041105,32.23582],[35.040912,32.235625],[35.040912,32.235625],[35.040799,32.23546],[35.0407,32.23527],[35.04057,32.235012],[35.04018,32.234173],[35.040066,32.233977],[35.039925,32.233836],[35.039924,32.233836],[35.039748,32.233759],[35.039748,32.233759],[35.039579,32.233687],[35.039579,32.233687],[35.039396,32.233659],[35.039207,32.233662],[35.03904,32.233714],[35.038907,32.233797],[35.038749,32.233899],[35.038491,32.234101],[35.038232,32.234272],[35.038038,32.234375],[35.03777,32.234459],[35.037538,32.234482],[35.037305,32.234485],[35.037115,32.234451],[35.037115,32.234451],[35.036902,32.234393],[35.036902,32.234393],[35.036681,32.234273],[35.036681,32.234273],[35.036474,32.234152],[35.036474,32.234152],[35.03634,32.234012],[35.036226,32.233803],[35.036067,32.233558],[35.035891,32.233152],[35.03567,32.232735],[35.035542,32.232533],[35.035365,32.23243],[35.035365,32.23243],[35.03521,32.232346],[35.03521,32.232346],[35.034962,32.232325],[35.034802,32.232328],[35.034599,32.232381],[35.03444,32.232457],[35.034305,32.232596],[35.034199,32.232746],[35.034167,32.232951],[35.034179,32.233167],[35.03422,32.234003],[35.034194,32.234146],[35.034109,32.234283],[35.033937,32.234397],[35.033719,32.234419],[35.03355,32.23436],[35.03355,32.23436],[35.033359,32.234277],[35.033359,32.234277],[35.032802,32.233995],[35.032802,32.233995],[35.03239,32.233809],[35.03239,32.233809],[35.032073,32.233666],[35.032073,32.233666],[35.031699,32.233529],[35.031699,32.233529],[35.03131,32.233418],[35.03131,32.233418],[35.030754,32.233297],[35.030234,32.233194],[35.029979,32.233167],[35.029614,32.233123],[35.029146,32.23305],[35.028767,32.233044],[35.0283,32.233021],[35.02774,32.233036],[35.027005,32.233091],[35.026528,32.233151],[35.026165,32.233206],[35.025794,32.233212],[35.025524,32.233211],[35.025283,32.233159],[35.025283,32.233159],[35.025077,32.233069],[35.025077,32.233069],[35.024906,32.232905],[35.024906,32.232905],[35.024778,32.232733],[35.024723,32.232555],[35.024682,32.232351],[35.024625,32.232067],[35.024511,32.231846],[35.024309,32.231639],[35.024309,32.231639],[35.024094,32.23145],[35.024094,32.23145],[35.023814,32.231325],[35.023814,32.231325],[35.023491,32.231194],[35.023491,32.231194],[35.023235,32.231148],[35.022972,32.231121],[35.022652,32.23112],[35.020933,32.231142],[35.020176,32.231157],[35.019542,32.231161],[35.018974,32.231164],[35.018594,32.231139],[35.018257,32.231045],[35.018257,32.231045],[35.018014,32.230931],[35.018014,32.230931],[35.017748,32.230756],[35.017748,32.230756],[35.017568,32.23053],[35.017388,32.230273],[35.017287,32.230002],[35.017052,32.229566],[35.016433,32.228598],[35.015532,32.227064],[35.015411,32.226848]]},"properties":{"OBJECTID":56,"Status":"Constructed","Type":"Fence","IS_COUNTED":1,"Shape_Leng":7675.75891594,"source_crs":"EPSG:32636","evidence":[{"source_id":"ocha_opt","title":"West Bank Separation Barrier (January 2018 alignment)","url":"https://www.ochaopt.org/page/datasets-and-mapping-tools","document_date":"2018-01-01","retrieved":"2026-08-09"}]}},{"type":"Feature","geometry":{"type":"LineString","coordinates":[[35.258108,31.797343],[35.258048,31.797306],[35.257979,31.797258],[35.257933,31.797209],[35.257918,31.797175],[35.257917,31.797068],[35.257945,31.796994],[35.258109,31.796368],[35.258351,31.795469],[35.258454,31.795078],[35.258696,31.794195],[35.258896,31.793366],[35.259831,31.78991],[35.260034,31.789228],[35.260159,31.788734],[35.260273,31.788388],[35.260324,31.788156],[35.260496,31.787335],[35.260553,31.787147],[35.260613,31.786995],[35.260687,31.786848],[35.260773,31.786718],[35.260956,31.786496],[35.261086,31.786365],[35.261209,31.786235],[35.261363,31.786046],[35.261496,31.78586],[35.261651,31.785649],[35.261654,31.785492],[35.261679,31.785389],[35.261732,31.785343],[35.261874,31.785274],[35.261985,31.785154],[35.262079,31.785005],[35.262135,31.784867],[35.262163,31.784727],[35.262159,31.784589],[35.26214,31.784411]]},"properties":{"OBJECTID":57,"Status":"Constructed","Type":"Concrete","IS_COUNTED":1,"Shape_Leng":1518.3829122,"source_crs":"EPSG:32636","evidence":[{"source_id":"ocha_opt","title":"West Bank Separation Barrier (January 2018 alignment)","url":"https://www.ochaopt.org/page/datasets-and-mapping-tools","document_date":"2018-01-01","retrieved":"2026-08-09"}]}},{"type":"Feature","geometry":{"type":"LineString","coordinates":[[35.05506,32.411231],[35.055045,32.411161],[35.05498,32.411043],[35.054955,32.410938],[35.054976,32.410871],[35.054984,32.410838],[35.054992,32.410804],[35.05496,32.410657],[35.0549,32.41051],[35.054847,32.410367],[35.054786,32.410158],[35.05473,32.409959],[35.054627,32.409619],[35.054596,32.409477],[35.054517,32.409244],[35.054433,32.409012],[35.054406,32.408821],[35.054357,32.408612],[35.054335,32.408388],[35.054324,32.408138],[35.054312,32.407871],[35.054315,32.407513],[35.054311,32.407074],[35.05429,32.406664],[35.054282,32.406306],[35.054272,32.405879],[35.054259,32.40555],[35.054275,32.405244],[35.054275,32.405169],[35.054278,32.404891],[35.054254,32.404591],[35.054249,32.404357],[35.054208,32.40352],[35.054206,32.403186],[35.054201,32.402981],[35.054214,32.402828],[35.054182,32.402652],[35.054139,32.402471],[35.054055,32.402258],[35.053932,32.40205],[35.053798,32.401832],[35.05359,32.401578],[35.053313,32.401277],[35.052978,32.400882],[35.052613,32.400429],[35.052426,32.400165],[35.052148,32.399807],[35.051762,32.399398],[35.051559,32.399153],[35.051322,32.398847],[35.051026,32.398475],[35.050639,32.398016],[35.050331,32.397591],[35.050083,32.39728],[35.049949,32.397096],[35.049861,32.396916],[35.0498,32.396746],[35.049743,32.396451],[35.049703,32.396179],[35.049662,32.395851],[35.04965,32.395565],[35.049645,32.395336],[35.049656,32.395101],[35.049718,32.394852],[35.049833,32.394452],[35.049944,32.394135],[35.050116,32.393789],[35.050211,32.393506],[35.050305,32.393208],[35.050379,32.392964],[35.05043,32.392753],[35.050431,32.392519],[35.050409,32.392324],[35.050349,32.392138],[35.050255,32.391959],[35.05015,32.391817],[35.05,32.391653],[35.049755,32.391485],[35.049504,32.391365],[35.049256,32.391302],[35.049007,32.391244],[35.048663,32.391207],[35.048398,32.391197],[35.048099,32.391201],[35.047772,32.391192],[35.047557,32.391154],[35.047478,32.39114],[35.047263,32.391072],[35.047075,32.390951],[35.046959,32.390795],[35.046848,32.390616],[35.046771,32.390469],[35.046762,32.390302],[35.046752,32.390121],[35.046804,32.389905],[35.046827,32.389863],[35.046901,32.389727],[35.047065,32.38951],[35.047143,32.38926],[35.047191,32.389107],[35.047227,32.388982],[35.047236,32.388903],[35.047237,32.388901],[35.047022,32.388852],[35.046711,32.388771],[35.046371,32.388657],[35.046082,32.38859],[35.04581,32.388509],[35.045561,32.388432],[35.045278,32.388327],[35.045045,32.388249],[35.0448,32.388148],[35.044767,32.388134],[35.044556,32.38799],[35.044417,32.38783],[35.04429,32.387665],[35.044161,32.387433],[35.044053,32.387151],[35.043922,32.386833],[35.043739,32.386435],[35.043562,32.38608],[35.043414,32.385768],[35.043284,32.385464],[35.043159,32.385178],[35.04308,32.384921],[35.043052,32.384678],[35.043053,32.38465],[35.043059,32.384473],[35.043104,32.384238],[35.04315,32.384013],[35.043217,32.383726],[35.043269,32.383563],[35.043415,32.383031],[35.0435,32.382829],[35.043666,32.382463],[35.04389,32.382169],[35.044154,32.381883],[35.044425,32.381702],[35.044776,32.381524],[35.045233,32.38134],[35.045623,32.381205],[35.046165,32.381058],[35.04692,32.380864],[35.047692,32.380651],[35.04902,32.380315],[35.049915,32.380076],[35.050759,32.379857],[35.051223,32.379725],[35.051497,32.379664],[35.051726,32.379593],[35.051916,32.379514],[35.052121,32.37942],[35.052316,32.379326],[35.052444,32.379238],[35.052554,32.37916],[35.052727,32.378973],[35.052891,32.378775],[35.053033,32.378582],[35.053157,32.37835],[35.053209,32.378149],[35.053249,32.377948],[35.053267,32.377762],[35.053256,32.377533],[35.053212,32.377295],[35.053125,32.376953],[35.052518,32.374719],[35.051791,32.371923],[35.051704,32.371564],[35.0517,32.371383],[35.051735,32.371201],[35.051838,32.371008],[35.052231,32.370229],[35.052256,32.37008],[35.05225,32.369851],[35.052212,32.369647],[35.052146,32.369476],[35.051579,32.368003],[35.051541,32.367837],[35.051548,32.367631],[35.051599,32.367406],[35.051729,32.367189],[35.051873,32.367096],[35.052085,32.366964],[35.052418,32.366782],[35.056181,32.364831],[35.057818,32.363962],[35.058768,32.363464],[35.059401,32.36311],[35.059606,32.362978],[35.059751,32.362895],[35.059916,32.362749],[35.060069,32.362565],[35.060184,32.362434],[35.060326,32.362239],[35.060417,32.362051],[35.060512,32.361763],[35.060579,32.36148],[35.060613,32.361241],[35.06063,32.361007],[35.060591,32.360798],[35.060511,32.360479],[35.060358,32.360191],[35.060137,32.359846],[35.059934,32.359596],[35.059699,32.359385],[35.059471,32.359236],[35.059124,32.359051],[35.058879,32.358912],[35.058657,32.358787],[35.05849,32.358627],[35.058385,32.358457],[35.058285,32.358277],[35.058236,32.358102],[35.058227,32.357944],[35.058241,32.357796],[35.058264,32.3576],[35.058298,32.357356],[35.058322,32.357179],[35.058318,32.356984],[35.05824,32.35677],[35.058112,32.356572],[35.057713,32.35612],[35.057194,32.355522],[35.05701,32.355363],[35.056883,32.355236],[35.056706,32.35512],[35.056467,32.355019],[35.056139,32.354914],[35.055794,32.354834],[35.055382,32.354774],[35.054842,32.35474],[35.054233,32.354688],[35.053816,32.354623],[35.053442,32.35451],[35.053141,32.354381],[35.05293,32.354251],[35.052724,32.354097],[35.052172,32.353621],[35.051794,32.353303],[35.051542,32.353116],[35.051309,32.352982],[35.051087,32.352875],[35.05086,32.352793],[35.050629,32.352749],[35.050352,32.352696],[35.050025,32.352668],[35.049727,32.352668],[35.049435,32.352683],[35.049189,32.35272],[35.048853,32.352792],[35.048489,32.352875],[35.048237,32.352907],[35.048024,32.352906],[35.047831,32.352842],[35.04766,32.352735],[35.047538,32.352585],[35.047445,32.352419],[35.047441,32.352247],[35.047477,32.352108],[35.047524,32.351969],[35.047548,32.351833],[35.047567,32.35168],[35.047569,32.351513],[35.047532,32.35137],[35.047434,32.351267],[35.047291,32.351183],[35.047122,32.351129],[35.046975,32.351121],[35.046829,32.351129],[35.046724,32.351183],[35.046563,32.3513],[35.046493,32.351411],[35.046462,32.35155],[35.046448,32.351684],[35.046339,32.352082],[35.046292,32.352245],[35.046255,32.352336],[35.046183,32.352404],[35.046089,32.352444],[35.045954,32.352455],[35.045858,32.352438],[35.045767,32.352396],[35.045703,32.352321],[35.045662,32.352236],[35.04566,32.352131],[35.045667,32.35172],[35.045665,32.351625],[35.045624,32.351525],[35.045547,32.351374],[35.044592,32.35017],[35.04445,32.350072],[35.04424,32.349999],[35.043986,32.349946],[35.043778,32.349935],[35.043564,32.349953],[35.043392,32.350022],[35.042394,32.350649],[35.042286,32.350689],[35.042151,32.350696],[35.042108,32.350685],[35.042032,32.350665],[35.041913,32.3506],[35.041821,32.350501],[35.041734,32.350388],[35.041094,32.349189],[35.04095,32.349043],[35.040761,32.348869],[35.040595,32.348743],[35.04043,32.348636],[35.040174,32.348516],[35.039777,32.348351],[35.039772,32.348349],[35.03977,32.348348]]},"properties":{"OBJECTID":58,"Status":"Constructed","Type":"Fence","IS_COUNTED":1,"Shape_Leng":10295.4443903,"source_crs":"EPSG:32636","evidence":[{"source_id":"ocha_opt","title":"West Bank Separation Barrier (January 2018 alignment)","url":"https://www.ochaopt.org/page/datasets-and-mapping-tools","document_date":"2018-01-01","retrieved":"2026-08-09"}]}},{"type":"Feature","geometry":{"type":"LineString","coordinates":[[35.050266,32.123738],[35.050568,32.123444],[35.050816,32.123273],[35.051132,32.123072],[35.051465,32.122938],[35.051827,32.122837],[35.052202,32.122768],[35.052666,32.122718],[35.052995,32.122655],[35.053348,32.122616],[35.053617,32.122636],[35.053777,32.122671],[35.053918,32.122721],[35.054055,32.12281],[35.054175,32.122913],[35.0543,32.122997],[35.05443,32.123052],[35.054594,32.123083],[35.054756,32.123056],[35.054894,32.122982],[35.055021,32.122856],[35.055101,32.122712],[35.05512,32.122518],[35.0551,32.12239],[35.055036,32.122276],[35.054932,32.122173],[35.05475,32.122042],[35.054516,32.12186],[35.054209,32.12166],[35.054021,32.121562],[35.05384,32.121465],[35.053551,32.121341],[35.053282,32.121224],[35.052887,32.121077],[35.052575,32.120925],[35.052432,32.120832],[35.052323,32.120719],[35.052265,32.120596],[35.052262,32.120486],[35.052286,32.120309],[35.052435,32.120187],[35.052601,32.120089],[35.052813,32.120062],[35.053078,32.120091],[35.05336,32.120177],[35.053625,32.120254],[35.053896,32.120316],[35.054098,32.120323],[35.054243,32.120311],[35.054371,32.120237],[35.054475,32.120116],[35.05456,32.119933],[35.054656,32.119688],[35.054928,32.118844],[35.055091,32.118326],[35.055226,32.117885],[35.055299,32.117635],[35.055351,32.117424],[35.055387,32.117271],[35.055405,32.117097],[35.055415,32.116791],[35.055437,32.116266],[35.055458,32.11544],[35.055432,32.115307],[35.055351,32.115203],[35.05522,32.1151],[35.055095,32.11504],[35.054938,32.115009],[35.054769,32.114998],[35.054601,32.115015],[35.054249,32.115063],[35.053223,32.115175],[35.051727,32.115257],[35.051262,32.115264],[35.050892,32.115261],[35.0506,32.115237],[35.050285,32.115199],[35.050003,32.115137],[35.049698,32.115051],[35.049342,32.114933],[35.049087,32.114822],[35.048803,32.114708],[35.048507,32.114536],[35.048342,32.114395],[35.048187,32.114236],[35.048071,32.114061],[35.047993,32.113838],[35.047948,32.11359],[35.04784,32.113029],[35.047777,32.11271],[35.047705,32.112487],[35.047616,32.112274],[35.047539,32.112098],[35.047451,32.111938],[35.047313,32.111758],[35.047174,32.111589],[35.046968,32.111392],[35.046751,32.111223],[35.045641,32.110423],[35.045425,32.110288],[35.045192,32.110168],[35.044824,32.109992],[35.04428,32.109738],[35.043437,32.109404],[35.042662,32.109101],[35.042454,32.109043],[35.042234,32.108994],[35.042048,32.108963],[35.041706,32.108964],[35.040934,32.109029],[35.040581,32.109058],[35.040346,32.109067],[35.040199,32.109031],[35.040052,32.108967],[35.039921,32.108873],[35.039829,32.108775],[35.039731,32.108638],[35.039682,32.108462],[35.039678,32.108271],[35.039673,32.108037]]},"properties":{"OBJECTID":59,"Status":"Constructed","Type":"Fence","IS_COUNTED":1,"Shape_Leng":3630.6620672,"source_crs":"EPSG:32636","evidence":[{"source_id":"ocha_opt","title":"West Bank Separation Barrier (January 2018 alignment)","url":"https://www.ochaopt.org/page/datasets-and-mapping-tools","document_date":"2018-01-01","retrieved":"2026-08-09"}]}},{"type":"Feature","geometry":{"type":"LineString","coordinates":[[35.067945,32.174431],[35.068211,32.174541],[35.068321,32.174568],[35.06853,32.174589],[35.068737,32.17458],[35.068956,32.174577],[35.069152,32.174574],[35.069377,32.174579],[35.069596,32.17459],[35.06977,32.174621],[35.070002,32.174693],[35.070228,32.174771],[35.070541,32.174961],[35.07078,32.175115],[35.070957,32.175227],[35.07116,32.175285],[35.071341,32.17533],[35.071754,32.175445],[35.072054,32.175535],[35.072285,32.175589],[35.072583,32.175622],[35.072875,32.175617],[35.073216,32.175583],[35.073563,32.17553],[35.074312,32.175393],[35.074653,32.175345],[35.074961,32.175302],[35.07524,32.175249],[35.075485,32.175183],[35.075764,32.175117],[35.076044,32.175079],[35.076257,32.175061],[35.076518,32.175057],[35.0769,32.175069],[35.077092,32.1751],[35.077328,32.175139],[35.077531,32.175159],[35.077794,32.175141],[35.07804,32.175094],[35.078358,32.175007],[35.078698,32.174911],[35.078931,32.174816],[35.079221,32.174721],[35.079265,32.174707]]},"properties":{"OBJECTID":60,"Status":"Under Construction","Type":"Fence","IS_COUNTED":1,"Shape_Leng":1113.59423613,"source_crs":"EPSG:32636","evidence":[{"source_id":"ocha_opt","title":"West Bank Separation Barrier (January 2018 alignment)","url":"https://www.ochaopt.org/page/datasets-and-mapping-tools","document_date":"2018-01-01","retrieved":"2026-08-09"}]}},{"type":"Feature","geometry":{"type":"LineString","coordinates":[[35.064407,32.168496],[35.064419,32.168864],[35.064432,32.169196],[35.064435,32.169334],[35.064489,32.169491],[35.0646,32.16968],[35.064727,32.169854],[35.064877,32.170016],[35.065157,32.170243],[35.065729,32.17074],[35.065929,32.170923],[35.066005,32.171046],[35.066065,32.171188],[35.066073,32.171331],[35.066076,32.171464],[35.066057,32.171579],[35.066014,32.171704],[35.065933,32.17181],[35.065768,32.171985],[35.065528,32.172294],[35.065425,32.172449],[35.065378,32.172583],[35.065371,32.17276],[35.065385,32.172893],[35.065431,32.173097],[35.065494,32.173254],[35.065656,32.173402],[35.065814,32.173526],[35.066109,32.173674],[35.066426,32.173783],[35.066726,32.173878],[35.066986,32.173969],[35.067275,32.174098],[35.067616,32.174279],[35.067945,32.174431]]},"properties":{"OBJECTID":61,"Status":"Constructed","Type":"Fence","IS_COUNTED":1,"Shape_Leng":870.564249447,"source_crs":"EPSG:32636","evidence":[{"source_id":"ocha_opt","title":"West Bank Separation Barrier (January 2018 alignment)","url":"https://www.ochaopt.org/page/datasets-and-mapping-tools","document_date":"2018-01-01","retrieved":"2026-08-09"}]}},{"type":"Feature","geometry":{"type":"LineString","coordinates":[[35.067928,32.159085],[35.067684,32.159228],[35.067435,32.159375],[35.067153,32.159546],[35.066965,32.159683],[35.066817,32.159857],[35.066737,32.160035],[35.066708,32.160227],[35.066723,32.160393],[35.066783,32.160564],[35.066837,32.160702],[35.06685,32.160814],[35.066848,32.160957],[35.066829,32.16111],[35.066748,32.161274],[35.066656,32.161404],[35.066535,32.16153],[35.066399,32.161685],[35.066284,32.161816],[35.066224,32.161922],[35.066194,32.162051],[35.06618,32.16218],[35.066162,32.162367],[35.066134,32.16262],[35.066082,32.162816],[35.066034,32.162946],[35.065931,32.163081],[35.065772,32.163265],[35.065559,32.163493],[35.065416,32.163658],[35.065279,32.163794],[35.065203,32.163895],[35.065132,32.163992],[35.065089,32.164074],[35.065081,32.164198],[35.065112,32.164321],[35.06517,32.164416],[35.065329,32.164521],[35.06546,32.16459],[35.065653,32.164692],[35.065784,32.164776],[35.06587,32.16487],[35.065923,32.164969],[35.065949,32.165131],[35.065941,32.16526],[35.065887,32.165375],[35.065806,32.165486],[35.065662,32.165589],[35.065491,32.165677],[35.065467,32.16569],[35.065385,32.165732],[35.065285,32.165798],[35.065131,32.16592],[35.065061,32.166002],[35.064963,32.166137],[35.064882,32.166287],[35.064857,32.166392],[35.06486,32.166535],[35.064866,32.166793],[35.064874,32.166898],[35.064871,32.167036],[35.064845,32.167146],[35.06477,32.167276],[35.064635,32.167529],[35.064533,32.167707],[35.064464,32.167876],[35.064416,32.168005],[35.064397,32.168149],[35.064407,32.168496]]},"properties":{"OBJECTID":62,"Status":"Under Construction","Type":"Fence","IS_COUNTED":1,"Shape_Leng":1232.58805271,"source_crs":"EPSG:32636","evidence":[{"source_id":"ocha_opt","title":"West Bank Separation Barrier (January 2018 alignment)","url":"https://www.ochaopt.org/page/datasets-and-mapping-tools","document_date":"2018-01-01","retrieved":"2026-08-09"}]}},{"type":"Feature","geometry":{"type":"LineString","coordinates":[[35.157197,32.169628],[35.157234,32.168953],[35.157259,32.168604],[35.157254,32.16838],[35.157227,32.168189],[35.157144,32.168023],[35.156973,32.167902],[35.156808,32.167795],[35.156672,32.167736],[35.156536,32.167705],[35.156334,32.167684],[35.156104,32.167688],[35.155892,32.167749],[35.155665,32.167858],[35.155454,32.167962],[35.155254,32.168037],[35.155047,32.168064],[35.154861,32.168048],[35.154681,32.167999],[35.154521,32.167877],[35.154363,32.167739],[35.154168,32.167561],[35.154031,32.167444],[35.153889,32.167365],[35.153707,32.167297],[35.153504,32.167243],[35.153285,32.167214],[35.153087,32.167174],[35.15293,32.167122],[35.152504,32.166867],[35.152165,32.166539],[35.151941,32.166299],[35.151789,32.166059],[35.151665,32.165798],[35.15163,32.165498],[35.151727,32.165074],[35.151738,32.16484],[35.151656,32.16467],[35.151369,32.164407],[35.151011,32.163979],[35.150755,32.163573],[35.15058,32.163311],[35.150431,32.162913],[35.150365,32.162503],[35.150287,32.162061],[35.150208,32.161547],[35.150215,32.161155],[35.150243,32.16088],[35.150321,32.160655],[35.150512,32.160394],[35.150753,32.160165],[35.150988,32.159913],[35.151119,32.159734],[35.15116,32.159576],[35.15114,32.159429],[35.151052,32.159292],[35.150843,32.1592],[35.150553,32.159114],[35.150176,32.15903],[35.149849,32.158964],[35.149593,32.158811],[35.149387,32.158657],[35.149151,32.158422],[35.148994,32.158158],[35.148893,32.157925],[35.148854,32.157692],[35.148833,32.157516],[35.148795,32.157326],[35.148612,32.157082],[35.148342,32.157028]]},"properties":{"OBJECTID":63,"Status":"Under Construction","Type":"Fence","IS_COUNTED":1,"Shape_Leng":2007.87440758,"source_crs":"EPSG:32636","evidence":[{"source_id":"ocha_opt","title":"West Bank Separation Barrier (January 2018 alignment)","url":"https://www.ochaopt.org/page/datasets-and-mapping-tools","document_date":"2018-01-01","retrieved":"2026-08-09"}]}},{"type":"Feature","geometry":{"type":"LineString","coordinates":[[35.028538,32.103604],[35.027792,32.103989],[35.027664,32.10402],[35.027491,32.104066],[35.027252,32.104165],[35.027051,32.104206],[35.026839,32.104258],[35.026594,32.104338],[35.026383,32.104408],[35.026178,32.104531],[35.025957,32.104668],[35.025764,32.104824],[35.025473,32.105086],[35.025242,32.105295],[35.024999,32.10548],[35.024756,32.105656],[35.024462,32.105823],[35.024129,32.105986],[35.023857,32.106119],[35.023578,32.106204],[35.023238,32.106277],[35.022942,32.106329],[35.022601,32.106397],[35.022222,32.106479],[35.021921,32.106565],[35.021426,32.106735],[35.020975,32.106871],[35.020635,32.106972],[35.020244,32.107055],[35.019803,32.107143],[35.019414,32.107192],[35.01895,32.10725],[35.01819,32.107371],[35.017435,32.107474],[35.016725,32.107571],[35.016138,32.107648],[35.015702,32.107697],[35.015309,32.107704],[35.01477,32.107712],[35.014472,32.107688],[35.01414,32.107627],[35.01388,32.107564],[35.013548,32.107512],[35.01329,32.107507],[35.012909,32.107498],[35.012595,32.107523],[35.012238,32.107586],[35.01197,32.107633],[35.011706,32.107637],[35.011353,32.107643],[35.011022,32.107619],[35.01069,32.107581],[35.010381,32.107543],[35.009939,32.107488],[35.009281,32.107408],[35.00882,32.107358],[35.008472,32.107326],[35.008096,32.107298],[35.007719,32.107242],[35.007342,32.107205],[35.006932,32.107173],[35.006477,32.107138],[35.006106,32.107101],[35.00582,32.107081],[35.005532,32.107009],[35.005402,32.106964],[35.005236,32.106892],[35.005071,32.106771],[35.004928,32.106625],[35.00479,32.106465],[35.004696,32.106271],[35.004637,32.106129],[35.004634,32.106117],[35.004599,32.105958],[35.004624,32.10579],[35.004659,32.105622],[35.004713,32.105517],[35.0048,32.105372],[35.004892,32.105261],[35.004994,32.105157],[35.005182,32.105015],[35.00541,32.104916],[35.005688,32.104831],[35.006084,32.104724],[35.007501,32.104372],[35.008042,32.104249],[35.008499,32.104132],[35.008911,32.104002],[35.009295,32.103848],[35.009656,32.103689],[35.009988,32.103493],[35.010281,32.103302],[35.010626,32.103044],[35.010995,32.102742],[35.011242,32.102509],[35.011491,32.102104],[35.011698,32.101819],[35.011889,32.101577],[35.0121,32.101216],[35.01221,32.100885],[35.012261,32.100662],[35.012348,32.10026],[35.012352,32.09995],[35.012348,32.099506],[35.012319,32.099215],[35.012305,32.099056],[35.012289,32.098836],[35.012239,32.098613],[35.01216,32.098323],[35.011995,32.097958],[35.011707,32.097132],[35.0116,32.09685],[35.011473,32.096399],[35.011247,32.095586],[35.011019,32.094883],[35.010935,32.094627],[35.010868,32.094394],[35.010876,32.094227],[35.010888,32.094017],[35.010938,32.093749],[35.010986,32.093633],[35.011078,32.093465],[35.01122,32.09331],[35.011396,32.093164],[35.011579,32.093085],[35.011964,32.092978],[35.012393,32.092862],[35.012962,32.092729],[35.013324,32.092618],[35.013574,32.092509],[35.013801,32.092362],[35.014016,32.092196],[35.014196,32.091998],[35.014349,32.0918],[35.014407,32.091632],[35.014474,32.091368],[35.014497,32.091143],[35.014521,32.090957],[35.014566,32.090694],[35.014629,32.090249],[35.014654,32.089905],[35.014672,32.089451],[35.014656,32.088998],[35.014635,32.08854],[35.014594,32.088221],[35.014545,32.088007],[35.014541,32.087816],[35.014593,32.087629],[35.014684,32.087432],[35.014814,32.087253],[35.015068,32.087073],[35.015797,32.08657],[35.016432,32.086075],[35.017402,32.085334],[35.017645,32.08513],[35.01792,32.08493],[35.018307,32.084666],[35.018495,32.084525],[35.018648,32.084341],[35.018761,32.084143],[35.018862,32.083889],[35.018923,32.083597],[35.018933,32.083291],[35.018897,32.083164],[35.018738,32.082819],[35.018473,32.082498],[35.018164,32.082231],[35.01779,32.082037],[35.017438,32.081873],[35.017338,32.081827],[35.016811,32.081573],[35.016504,32.081377],[35.016298,32.081175],[35.016159,32.080986],[35.016037,32.080812],[35.015899,32.080642],[35.015722,32.080473],[35.015557,32.080375],[35.015365,32.080317],[35.015157,32.080305],[35.014889,32.080329],[35.014594,32.080415],[35.01299,32.080917],[35.0112,32.081416],[35.011081,32.081449],[35.009883,32.081783],[35.008847,32.082081],[35.007442,32.082471],[35.006444,32.082744],[35.005853,32.082906],[35.005586,32.082963],[35.005239,32.083002],[35.004942,32.083007],[35.004639,32.082983],[35.00429,32.082917],[35.003736,32.082735],[35.003294,32.082527],[35.002968,32.082286],[35.002676,32.081985],[35.002474,32.081726],[35.002271,32.081424],[35.002141,32.081125],[35.002049,32.080783],[35.001983,32.080412],[35.001976,32.080202],[35.002003,32.079681],[35.002182,32.078006],[35.002238,32.077597],[35.002251,32.077153],[35.002185,32.076882],[35.002045,32.076471],[35.001968,32.076281],[35.001828,32.07604],[35.001593,32.075781],[35.001062,32.075331],[35.000195,32.074636],[34.999374,32.074015],[34.997964,32.07292],[34.997422,32.072475],[34.997152,32.072169],[34.996921,32.071863],[34.996746,32.071531],[34.996581,32.071176],[34.996437,32.070706],[34.996395,32.070325],[34.996328,32.069598],[34.996272,32.069336],[34.996247,32.069265]]},"properties":{"OBJECTID":65,"Status":"Constructed","Type":"Fence","IS_COUNTED":1,"Shape_Leng":9161.33914243,"source_crs":"EPSG:32636","evidence":[{"source_id":"ocha_opt","title":"West Bank Separation Barrier (January 2018 alignment)","url":"https://www.ochaopt.org/page/datasets-and-mapping-tools","document_date":"2018-01-01","retrieved":"2026-08-09"}]}},{"type":"Feature","geometry":{"type":"LineString","coordinates":[[35.147352,32.214363],[35.148519,32.216148],[35.14852,32.216146],[35.148522,32.216144],[35.149341,32.216732],[35.151263,32.216787],[35.151302,32.216789],[35.15134,32.21679],[35.151417,32.216796],[35.151494,32.216803],[35.151532,32.216809],[35.151569,32.216814],[35.151645,32.216826],[35.151682,32.216833],[35.15172,32.21684],[35.151795,32.216857],[35.151869,32.216876],[35.151905,32.216887],[35.151941,32.216897],[35.152013,32.216921],[35.152049,32.216933],[35.152084,32.216945],[35.152154,32.216973],[35.152188,32.216987],[35.152188,32.216987],[35.152223,32.217001],[35.152291,32.217033],[35.152357,32.217066],[35.152389,32.217084],[35.152422,32.217101],[35.152485,32.217138],[35.152516,32.217158],[35.152547,32.217178],[35.152607,32.21722],[35.152637,32.217241],[35.152666,32.217262],[35.152723,32.217306],[35.152778,32.217352],[35.152804,32.217375],[35.15283,32.217398],[35.152882,32.217447],[35.152931,32.217498],[35.152954,32.217523],[35.152954,32.217524],[35.152978,32.217549],[35.153022,32.217603],[35.153044,32.21763],[35.153065,32.217658],[35.153106,32.217714],[35.153125,32.217742],[35.153125,32.217742],[35.153143,32.21777],[35.154917,32.220524],[35.154925,32.220537],[35.154934,32.220551],[35.15495,32.22058],[35.154964,32.220609],[35.154978,32.220638],[35.15499,32.220667],[35.155002,32.220696],[35.155011,32.220728],[35.15502,32.220757],[35.155028,32.220788],[35.155034,32.220817],[35.155039,32.220849],[35.155043,32.22088],[35.155045,32.220912],[35.155046,32.220943],[35.155047,32.220975],[35.155045,32.221007],[35.155043,32.221036],[35.155039,32.221068],[35.155034,32.221099],[35.15503,32.221114],[35.155027,32.221129],[35.15502,32.22116],[35.155011,32.22119],[35.155001,32.221219],[35.154989,32.221249],[35.154977,32.221278],[35.15497,32.221293],[35.15497,32.221293],[35.154963,32.221308],[35.154948,32.221337],[35.154932,32.221365],[35.154915,32.221392],[35.154897,32.221419],[35.154877,32.221447],[35.154857,32.221472],[35.154835,32.221497],[35.154813,32.221522],[35.154789,32.221545],[35.154765,32.221568],[35.154739,32.221591],[35.154713,32.221614],[35.1547,32.221625],[35.1547,32.221625],[35.154686,32.221635],[35.154658,32.221656],[35.154629,32.221674],[35.1546,32.221693],[35.154569,32.221711],[35.154538,32.221728],[35.154514,32.221739],[35.154507,32.221742],[35.154499,32.221746],[35.154475,32.221758],[35.154441,32.221772],[35.154408,32.221784],[35.154374,32.221796],[35.15434,32.221808],[35.154323,32.221812],[35.154305,32.221817],[35.15427,32.221827],[35.154235,32.221834],[35.154214,32.221837],[35.154198,32.221839],[35.154195,32.22184],[35.154163,32.221847],[35.154126,32.221852],[35.154108,32.221853],[35.15409,32.221855],[35.154053,32.221858],[35.154016,32.221858],[35.154016,32.221858],[35.15398,32.221859],[35.153943,32.22186],[35.153915,32.221857],[35.153906,32.221856],[35.153893,32.221855],[35.15387,32.221854],[35.153833,32.22185],[35.153815,32.221847],[35.153815,32.221847],[35.153797,32.221844],[35.1533,32.221769],[35.153283,32.221765],[35.153265,32.221765],[35.153247,32.221763],[35.153228,32.221761],[35.153211,32.221762],[35.153193,32.221762],[35.153175,32.221762],[35.153157,32.221763],[35.153139,32.221765],[35.153121,32.221768],[35.153103,32.22177],[35.153085,32.221773],[35.153068,32.221778],[35.153051,32.22178],[35.15146,32.222195],[35.151439,32.2222],[35.151419,32.222207],[35.151398,32.222214],[35.151378,32.222221],[35.151358,32.222228],[35.151338,32.222238],[35.15132,32.222247],[35.151301,32.222256],[35.151283,32.222268],[35.151265,32.222279],[35.151248,32.222291],[35.151231,32.222303],[35.151214,32.222314],[35.151198,32.222328],[35.151183,32.222342],[35.151168,32.222356],[35.151154,32.222369],[35.15114,32.222383],[35.151128,32.222399],[35.151115,32.222415],[35.151103,32.222431],[35.151091,32.222445],[35.151081,32.222463],[35.151072,32.222479],[35.151062,32.222497],[35.151054,32.222513],[35.151046,32.222531],[35.15104,32.222549],[35.151033,32.222567],[35.151028,32.222586],[35.151023,32.222604],[35.151019,32.222622],[35.151015,32.22264],[35.151013,32.222658],[35.151011,32.222676],[35.15101,32.222696],[35.15101,32.222714],[35.15101,32.222732],[35.151011,32.222753],[35.151014,32.222771],[35.151016,32.222789],[35.15102,32.222807],[35.151024,32.222825],[35.151029,32.222845],[35.151034,32.222863],[35.151041,32.222881],[35.151048,32.222899],[35.151056,32.222914],[35.151065,32.222932],[35.151074,32.22295],[35.151084,32.222966],[35.151095,32.222981],[35.151106,32.222999],[35.151118,32.223015],[35.15113,32.223028],[35.151569,32.223543],[35.151613,32.223595],[35.151629,32.223614],[35.151644,32.223633],[35.151674,32.223673],[35.151688,32.223693],[35.151702,32.223713],[35.151728,32.223753],[35.151741,32.223773],[35.151753,32.223793],[35.151776,32.223836],[35.151798,32.223878],[35.151817,32.22392],[35.151835,32.223965],[35.151844,32.223987],[35.151852,32.224008],[35.151865,32.224053],[35.151872,32.224075],[35.151872,32.224075],[35.151878,32.224098],[35.151889,32.224145],[35.151898,32.22419],[35.151905,32.224235],[35.151911,32.224282],[35.151912,32.224304],[35.151912,32.224304],[35.151914,32.224327],[35.151915,32.224374],[35.151915,32.224397],[35.151915,32.224419],[35.151913,32.224467],[35.151911,32.224489],[35.151909,32.224512],[35.151903,32.224559],[35.151899,32.224582],[35.151899,32.224582],[35.151895,32.224605],[35.151885,32.22465],[35.15188,32.224672],[35.151874,32.224695],[35.151273,32.226892],[35.15126,32.226938],[35.151244,32.226983],[35.151227,32.227028],[35.151218,32.22705],[35.151208,32.227072],[35.151187,32.227115],[35.151176,32.227136],[35.151176,32.227136],[35.151176,32.227136],[35.151164,32.227158],[35.15114,32.227201],[35.151127,32.227222],[35.151114,32.227242],[35.151085,32.227283],[35.151071,32.227304],[35.151071,32.227304],[35.151057,32.227324],[35.151025,32.227363],[35.151009,32.227382],[35.150992,32.2274],[35.150958,32.227439],[35.15094,32.227456],[35.150922,32.227473],[35.150885,32.22751],[35.150866,32.227527],[35.150846,32.227544],[35.150807,32.227577],[35.150786,32.227592],[35.150786,32.227592],[35.150765,32.227607],[35.150722,32.227639],[35.150701,32.227653],[35.150679,32.227667],[35.150634,32.227695],[35.15061,32.227707],[35.150587,32.22772],[35.15054,32.227746],[35.150492,32.227769],[35.150443,32.22779],[35.150393,32.227812],[35.150368,32.227821],[35.150342,32.22783],[35.15029,32.227849],[35.150264,32.227858],[35.150238,32.227866],[35.150186,32.22788],[35.150159,32.227886],[35.150132,32.227893],[35.150078,32.227905],[35.150051,32.227909],[35.150024,32.227912],[35.149969,32.22792],[35.149942,32.227924],[35.149942,32.227924],[35.149914,32.227928],[35.149859,32.227933],[35.149803,32.227937],[35.149748,32.227937],[35.149229,32.227945],[35.147788,32.227964],[35.147769,32.227964],[35.147751,32.227965],[35.147733,32.227967],[35.147715,32.22797],[35.147697,32.227972],[35.147679,32.227975],[35.147661,32.227977],[35.147644,32.227982],[35.147627,32.227987],[35.147609,32.227992],[35.147592,32.227999],[35.147575,32.228004],[35.147559,32.228011],[35.147542,32.228018],[35.147527,32.228027],[35.147511,32.228034],[35.147496,32.228043],[35.147481,32.22805],[35.147467,32.228062],[35.147452,32.228071],[35.147439,32.22808],[35.147425,32.228092],[35.147413,32.228103],[35.1474,32.228115],[35.147389,32.228126],[35.147377,32.228138],[35.147366,32.228152],[35.147355,32.228163],[35.147345,32.228177],[35.147336,32.22819],[35.147327,32.228204],[35.147319,32.228218],[35.147311,32.228231],[35.147304,32.228245],[35.147298,32.228261],[35.147292,32.228275],[35.147286,32.22829],[35.147281,32.228304],[35.147278,32.22832],[35.147274,32.228336],[35.147271,32.228349],[35.147269,32.228365],[35.147267,32.228381],[35.147266,32.228397],[35.147265,32.228413],[35.147266,32.228428],[35.147267,32.228444],[35.147268,32.22846],[35.14727,32.228473],[35.147273,32.228489],[35.147277,32.228505],[35.14728,32.228521],[35.147285,32.228534],[35.14729,32.22855],[35.147296,32.228565],[35.147302,32.228579],[35.147309,32.228594],[35.147317,32.228608],[35.147325,32.228621],[35.147333,32.228635],[35.147343,32.228648],[35.148101,32.229706],[35.148101,32.229706],[35.14849,32.23025],[35.148508,32.230278],[35.148513,32.230285],[35.148518,32.230292],[35.148544,32.230332],[35.148569,32.230374],[35.14858,32.230396],[35.148592,32.230417],[35.148613,32.230462],[35.148622,32.230483],[35.148622,32.230483],[35.148622,32.230483],[35.148631,32.230504],[35.148649,32.230549],[35.148657,32.230571],[35.148665,32.230594],[35.148678,32.230641],[35.148684,32.230663],[35.14869,32.230686],[35.148701,32.230733],[35.148705,32.230755],[35.148709,32.230778],[35.148715,32.230825],[35.148717,32.230849],[35.148719,32.230872],[35.148722,32.23092],[35.148722,32.230942],[35.148722,32.230965],[35.14872,32.231012],[35.148719,32.231036],[35.148719,32.231036],[35.148718,32.23106],[35.148712,32.231107],[35.148708,32.23113],[35.148708,32.23113],[35.148704,32.231152],[35.148696,32.2312],[35.14869,32.231222],[35.148685,32.231245],[35.148122,32.233412],[35.147567,32.235555],[35.147565,32.235561],[35.147564,32.235568],[35.147564,32.235575],[35.147563,32.23558],[35.147562,32.235586],[35.147562,32.235593],[35.147562,32.2356],[35.147563,32.235607],[35.147563,32.235611],[35.147564,32.235618],[35.147565,32.235625],[35.147566,32.235631],[35.147568,32.235636],[35.14757,32.235643],[35.147572,32.235649],[35.147574,32.235654],[35.147577,32.235661],[35.14758,32.235667],[35.147583,32.235672],[35.147586,32.235678],[35.14759,32.235683],[35.147594,32.23569],[35.147597,32.235694],[35.147601,32.235698],[35.147606,32.235705],[35.147611,32.235709],[35.147615,32.235714],[35.14762,32.235718],[35.147626,32.235723],[35.147631,32.235727],[35.147636,32.235732],[35.147642,32.235736],[35.147648,32.235738],[35.147654,32.235743],[35.14766,32.235747],[35.147666,32.235749],[35.147673,32.235754],[35.147679,32.235756],[35.147686,32.235758],[35.147693,32.23576],[35.147699,32.235762],[35.147707,32.235764],[35.147713,32.235766],[35.147721,32.235769],[35.147728,32.235771],[35.147735,32.235771],[35.147742,32.235773],[35.147749,32.235773],[35.147757,32.235775],[35.147764,32.235775],[35.147772,32.235774],[35.148801,32.235784],[35.148819,32.235786],[35.148838,32.235783],[35.148856,32.235783],[35.148874,32.23578],[35.148893,32.235778],[35.148911,32.235775],[35.148929,32.235773],[35.148946,32.235768],[35.148964,32.235765],[35.148982,32.235761],[35.148999,32.235754],[35.149016,32.235749],[35.149033,32.235742],[35.149049,32.235735],[35.149065,32.235728],[35.149081,32.235721],[35.149097,32.235711],[35.149112,32.235702],[35.149127,32.235693],[35.149141,32.235683],[35.149156,32.235674],[35.149169,32.235663],[35.150991,32.234216],[35.151111,32.234121],[35.151138,32.234101],[35.151165,32.23408],[35.151222,32.234038],[35.151281,32.233999],[35.151311,32.233982],[35.15134,32.233964],[35.151402,32.233927],[35.151433,32.233911],[35.151465,32.233894],[35.151529,32.233862],[35.151562,32.233848],[35.151562,32.233847],[35.151595,32.233833],[35.151662,32.233805],[35.151729,32.233779],[35.151763,32.233767],[35.151798,32.233756],[35.151867,32.233734],[35.151903,32.233725],[35.151938,32.233715],[35.152009,32.233698],[35.152045,32.233691],[35.152081,32.233683],[35.152154,32.233668],[35.15219,32.233663],[35.152226,32.233658],[35.1523,32.23365],[35.152337,32.233646],[35.152374,32.233642],[35.152448,32.233639],[35.152485,32.233638],[35.152522,32.233637],[35.152596,32.233636],[35.15267,32.233639],[35.152707,32.233641],[35.152744,32.233643],[35.152818,32.23365],[35.152892,32.233658],[35.152928,32.233663],[35.152964,32.233668],[35.153037,32.233683],[35.153073,32.23369],[35.153109,32.233697],[35.15318,32.233714],[35.153215,32.233724],[35.153251,32.233733],[35.153315,32.233755],[35.15332,32.233757],[35.153355,32.233767],[35.153389,32.233778],[35.153457,32.233804],[35.15349,32.233818],[35.153524,32.233832],[35.153589,32.233863],[35.153621,32.233878],[35.153653,32.233893],[35.153716,32.233928],[35.153747,32.233946],[35.153778,32.233963],[35.153837,32.234],[35.153867,32.234019],[35.153896,32.234038],[35.154673,32.234574],[35.154673,32.234574],[35.154673,32.234574],[35.155424,32.235092],[35.155445,32.235105],[35.155452,32.235109],[35.155457,32.235113],[35.155482,32.235129],[35.155512,32.235147],[35.155543,32.235162],[35.155574,32.235177],[35.155606,32.235192],[35.155639,32.235205],[35.155671,32.235218],[35.155705,32.235231],[35.15574,32.235242],[35.155757,32.235246],[35.155757,32.235246],[35.155774,32.23525],[35.155809,32.235261],[35.155844,32.235267],[35.15588,32.235273],[35.155916,32.235279],[35.155951,32.235283],[35.155987,32.23529],[35.156024,32.235291],[35.15606,32.235293],[35.156079,32.235292],[35.156097,32.235292],[35.156133,32.235292],[35.156169,32.235291],[35.156205,32.235288],[35.156242,32.235283],[35.156277,32.235278],[35.156278,32.235278],[35.156278,32.235278],[35.156278,32.235278],[35.156313,32.235273],[35.156349,32.235265],[35.156384,32.235258],[35.156419,32.235248],[35.156453,32.235239],[35.156487,32.235227],[35.156521,32.235215],[35.156554,32.235203],[35.156586,32.235189],[35.15661,32.235177],[35.156618,32.235173],[35.156625,32.23517],[35.156649,32.235159],[35.15668,32.23514],[35.15671,32.235124],[35.156739,32.235105],[35.156768,32.235087],[35.157044,32.234891],[35.157146,32.234819],[35.157168,32.234805],[35.157189,32.234791],[35.157233,32.234763],[35.157255,32.23475],[35.157256,32.23475],[35.157277,32.234738],[35.157323,32.234712],[35.157347,32.2347],[35.15737,32.234689],[35.157418,32.234665],[35.157443,32.234655],[35.157467,32.234644],[35.157517,32.234625],[35.157542,32.234616],[35.157567,32.234606],[35.157618,32.23459],[35.157644,32.234583],[35.157669,32.234575],[35.157722,32.234561],[35.157748,32.234556],[35.15775,32.234556],[35.157774,32.234551],[35.157776,32.234551],[35.157828,32.234539],[35.157867,32.234533],[35.157869,32.234533],[35.157881,32.234531],[35.157935,32.234523],[35.157989,32.234518],[35.158043,32.234513],[35.158098,32.234512],[35.158153,32.234511],[35.158207,32.23451],[35.158262,32.234513],[35.158316,32.234517],[35.158343,32.234519],[35.158371,32.234521],[35.158424,32.234529],[35.158451,32.234533],[35.158478,32.234537],[35.158531,32.234547],[35.158558,32.234552],[35.158558,32.234552],[35.158584,32.234558],[35.158629,32.23457],[35.158636,32.234572],[35.158662,32.234579],[35.158662,32.234579],[35.158688,32.234585],[35.158739,32.234602],[35.158765,32.234611],[35.15879,32.234619],[35.158839,32.234639],[35.158864,32.234649],[35.158888,32.234658],[35.158937,32.234682],[35.15896,32.234693],[35.158984,32.234704],[35.15903,32.23473],[35.159075,32.234754],[35.15912,32.234783],[35.159163,32.234811],[35.159204,32.23484],[35.159245,32.234871],[35.159284,32.234904],[35.159303,32.234921],[35.159322,32.234937],[35.162191,32.237542],[35.163048,32.238321],[35.163124,32.238387],[35.163203,32.238451],[35.163285,32.238513],[35.163369,32.238575],[35.163456,32.238632],[35.163544,32.238687],[35.163635,32.238739],[35.163728,32.238787],[35.163823,32.238835],[35.163919,32.238879],[35.164018,32.23892],[35.164118,32.238959],[35.164219,32.238993],[35.164322,32.239025],[35.164426,32.239055],[35.164532,32.23908],[35.164637,32.239103],[35.164745,32.239124],[35.164853,32.23914],[35.164961,32.239154],[35.16507,32.239163],[35.16518,32.23917],[35.165289,32.239175],[35.165399,32.239176],[35.165508,32.239174],[35.165618,32.239167],[35.165727,32.239159],[35.165836,32.239148],[35.165943,32.239132],[35.166051,32.239113],[35.166158,32.239093],[35.166263,32.239068],[35.166368,32.23904],[35.166472,32.239011],[35.166574,32.238975],[35.168275,32.238384],[35.168285,32.238382],[35.168293,32.23838],[35.168302,32.238375],[35.16831,32.238371],[35.168311,32.23837],[35.168319,32.238368],[35.168327,32.238363],[35.168335,32.238359],[35.168344,32.238354],[35.168353,32.238347],[35.168361,32.238342],[35.168369,32.238336],[35.168377,32.238329],[35.168385,32.238322],[35.168392,32.238315],[35.168399,32.238308],[35.168406,32.238301],[35.168412,32.238294],[35.168419,32.238287],[35.168425,32.238278],[35.16843,32.238271],[35.168436,32.238262],[35.168441,32.238255],[35.168445,32.238246],[35.168449,32.238237],[35.168453,32.23823],[35.168457,32.238221],[35.16846,32.238212],[35.168463,32.238203],[35.168466,32.238194],[35.168468,32.238185],[35.16847,32.238176],[35.168624,32.237328],[35.168631,32.237289],[35.168639,32.237252],[35.168646,32.237215],[35.168664,32.23714],[35.168685,32.237065],[35.168708,32.236993],[35.168722,32.236958],[35.168735,32.236922],[35.168765,32.23685],[35.168797,32.236779],[35.168814,32.236745],[35.168832,32.236711],[35.168869,32.236643],[35.168889,32.236609],[35.168909,32.236574],[35.168952,32.236508],[35.168975,32.236476],[35.168998,32.236444],[35.169046,32.23638],[35.169097,32.236319],[35.169123,32.236289],[35.169149,32.236259],[35.169205,32.2362],[35.169749,32.235638],[35.169758,32.235626],[35.16976,32.235624],[35.169766,32.235618],[35.169771,32.235613],[35.169782,32.235601],[35.169791,32.235588],[35.1698,32.235574],[35.169808,32.23556],[35.169817,32.235549],[35.169824,32.235533],[35.169831,32.235519],[35.169838,32.235506],[35.169844,32.235492],[35.169849,32.235476],[35.169854,32.235462],[35.169857,32.235447],[35.169861,32.235433],[35.169864,32.235417],[35.169867,32.235401],[35.169869,32.235388],[35.16987,32.235372],[35.170014,32.232763],[35.170103,32.231145],[35.170115,32.23098],[35.170133,32.230818],[35.170157,32.230655],[35.170187,32.230492],[35.170223,32.230331],[35.170265,32.23017],[35.170313,32.23001],[35.170366,32.229853],[35.170184,32.229707],[35.169544,32.230117],[35.169518,32.230134],[35.169492,32.230148],[35.169465,32.230164],[35.169438,32.230176],[35.16941,32.23019],[35.169382,32.230199],[35.169353,32.230211],[35.169324,32.23022],[35.169294,32.23023],[35.169279,32.230234],[35.169264,32.230237],[35.169234,32.230247],[35.169203,32.230252],[35.169188,32.230254],[35.169173,32.230257],[35.169142,32.230262],[35.16911,32.230267],[35.169079,32.23027],[35.169048,32.23027],[35.169016,32.230271],[35.168985,32.230271],[35.168953,32.23027],[35.168922,32.230268],[35.168891,32.230266],[35.168859,32.230262],[35.168828,32.230258],[35.168798,32.230252],[35.168767,32.230246],[35.168737,32.230237],[35.168707,32.230229],[35.168677,32.23022],[35.168648,32.23021],[35.168619,32.230199],[35.168591,32.230188],[35.168563,32.230175],[35.168536,32.230162],[35.168509,32.230147],[35.168483,32.230131],[35.168458,32.230116],[35.168433,32.2301],[35.168409,32.230083],[35.168385,32.230065],[35.168363,32.230045],[35.168341,32.230028],[35.16832,32.230005],[35.1683,32.229986],[35.168281,32.229966],[35.168262,32.229943],[35.168245,32.229921],[35.168228,32.229899],[35.168212,32.229874],[35.168198,32.229852],[35.168184,32.229827],[35.168171,32.229803],[35.16816,32.229779],[35.16816,32.229778],[35.16816,32.229778],[35.168148,32.229754],[35.168139,32.229727],[35.168131,32.229702],[35.168123,32.229675],[35.168117,32.229648],[35.168111,32.229623],[35.168107,32.229597],[35.168104,32.22957],[35.168102,32.229542],[35.1681,32.229515],[35.1681,32.229491],[35.168102,32.229464],[35.168103,32.22945],[35.168104,32.229436],[35.168107,32.229409],[35.168112,32.229382],[35.168118,32.229357],[35.168124,32.22933],[35.168132,32.229305],[35.16814,32.229278],[35.168151,32.229253],[35.168161,32.229228],[35.168173,32.229203],[35.168186,32.229178],[35.1682,32.229155],[35.168215,32.22913],[35.168231,32.229107],[35.168564,32.22864],[35.168564,32.22864],[35.168564,32.22864],[35.168888,32.228185],[35.168901,32.228167],[35.168913,32.228147],[35.168924,32.228128],[35.168934,32.228108],[35.168944,32.22809],[35.168953,32.228069],[35.168961,32.228049],[35.168968,32.228028],[35.168974,32.228006],[35.16898,32.227985],[35.168985,32.227965],[35.168989,32.227942],[35.168992,32.227922],[35.168994,32.227899],[35.168995,32.227879],[35.168995,32.227856],[35.168995,32.227836],[35.168994,32.227814],[35.168991,32.227791],[35.168988,32.227771],[35.168984,32.227751],[35.16898,32.227728],[35.168974,32.227708],[35.168967,32.227688],[35.16896,32.227665],[35.16879,32.227213],[35.16863,32.226785],[35.168621,32.22676],[35.168613,32.226736],[35.168607,32.226713],[35.168602,32.226689],[35.168597,32.226662],[35.168594,32.226637],[35.168591,32.226612],[35.16859,32.226587],[35.168589,32.226563],[35.16859,32.226538],[35.168591,32.226513],[35.168594,32.226488],[35.168598,32.226461],[35.168603,32.226438],[35.168609,32.226413],[35.168616,32.226388],[35.168623,32.226364],[35.168632,32.226341],[35.168642,32.226316],[35.168652,32.226293],[35.168664,32.22627],[35.168677,32.226248],[35.16869,32.226225],[35.168705,32.226202],[35.16872,32.226181],[35.168736,32.226161],[35.168753,32.22614],[35.168771,32.22612],[35.16879,32.226099],[35.168809,32.226081],[35.168829,32.226062],[35.168851,32.226044],[35.168872,32.226028],[35.168894,32.226012],[35.168918,32.225995],[35.168941,32.225982],[35.168966,32.225968],[35.16899,32.225954],[35.169016,32.22594],[35.169042,32.225928],[35.169068,32.225916],[35.169095,32.225907],[35.169122,32.225897],[35.16915,32.225888],[35.169178,32.225878],[35.169206,32.225871],[35.169235,32.225866],[35.169263,32.225859],[35.169293,32.225856],[35.169322,32.225851],[35.169351,32.225848],[35.169381,32.225845],[35.16941,32.225845],[35.169439,32.225844],[35.169469,32.225846],[35.169499,32.225846],[35.169528,32.225847],[35.169788,32.225872],[35.169801,32.225777],[35.169327,32.225711],[35.169298,32.225707],[35.169269,32.225701],[35.16924,32.225695],[35.169212,32.225688],[35.169184,32.22568],[35.169156,32.225671],[35.169129,32.22566],[35.169102,32.225652],[35.169075,32.225639],[35.169049,32.225628],[35.169024,32.225615],[35.168999,32.225602],[35.168975,32.225586],[35.16895,32.225573],[35.168927,32.225558],[35.168905,32.22554],[35.168883,32.225523],[35.168862,32.225507],[35.168842,32.225487],[35.168821,32.22547],[35.168803,32.22545],[35.168784,32.22543],[35.168767,32.22541],[35.168751,32.225387],[35.168735,32.225367],[35.168721,32.225345],[35.168707,32.225323],[35.168695,32.2253],[35.168682,32.225278],[35.168672,32.225253],[35.168662,32.225231],[35.168652,32.225206],[35.168645,32.225182],[35.168637,32.225157],[35.168631,32.225132],[35.168626,32.225108],[35.168622,32.225083],[35.16862,32.225058],[35.168618,32.225033],[35.168617,32.225009],[35.168617,32.224984],[35.168618,32.224957],[35.16862,32.224932],[35.168624,32.224907],[35.168628,32.224882],[35.168633,32.224857],[35.16864,32.224832],[35.168647,32.22481],[35.168655,32.224785],[35.168665,32.224762],[35.168675,32.224737],[35.168686,32.224714],[35.168698,32.224692],[35.168711,32.224669],[35.168725,32.224646],[35.16874,32.224625],[35.168756,32.224603],[35.168772,32.224582],[35.16879,32.224564],[35.168808,32.224543],[35.168827,32.224522],[35.168847,32.224504],[35.168868,32.224486],[35.168889,32.22447],[35.168911,32.224453],[35.168934,32.224437],[35.168957,32.224421],[35.168981,32.224407],[35.168982,32.224407],[35.168982,32.224407],[35.169006,32.224393],[35.169031,32.224379],[35.169057,32.224367],[35.169083,32.224356],[35.169109,32.224344],[35.169137,32.224334],[35.169164,32.224325],[35.169192,32.224316],[35.16922,32.224308],[35.169248,32.224301],[35.169931,32.224149],[35.169931,32.224149],[35.169931,32.224149],[35.169931,32.224149],[35.170223,32.224084],[35.170275,32.224071],[35.170327,32.224057],[35.170378,32.22404],[35.170403,32.224032],[35.170403,32.224032],[35.170428,32.224024],[35.170478,32.224005],[35.170527,32.223986],[35.170574,32.223965],[35.170622,32.223942],[35.170645,32.22393],[35.170668,32.223918],[35.170713,32.223893],[35.170735,32.22388],[35.170757,32.223867],[35.170798,32.223839],[35.1708,32.223837],[35.170821,32.223823],[35.170843,32.223809],[35.17102,32.223682],[35.17107,32.223646],[35.171071,32.223646],[35.171072,32.223645],[35.171064,32.223616],[35.171034,32.223621],[35.171005,32.223626],[35.171004,32.223626],[35.170977,32.223631],[35.170976,32.223631],[35.170956,32.223633],[35.170954,32.223633],[35.170947,32.223634],[35.170935,32.223634],[35.170927,32.223634],[35.170925,32.223634],[35.170918,32.223634],[35.170917,32.223634],[35.170889,32.223637],[35.170888,32.223637],[35.170888,32.223637],[35.170881,32.223637],[35.170878,32.223637],[35.170872,32.223636],[35.170872,32.223636],[35.170861,32.223636],[35.170858,32.223635],[35.170848,32.223635],[35.170848,32.223635],[35.170842,32.223636],[35.170829,32.223636],[35.170826,32.223636],[35.170815,32.223635],[35.170813,32.223635],[35.170799,32.223634],[35.170785,32.223633],[35.170784,32.223633],[35.170769,32.223632],[35.170765,32.223632],[35.17075,32.22363],[35.17074,32.223628],[35.170733,32.223627],[35.170714,32.223625],[35.170711,32.223624],[35.170697,32.223622],[35.170683,32.22362],[35.170682,32.22362],[35.170667,32.223617],[35.170658,32.223615],[35.170653,32.223614],[35.170648,32.223613],[35.170639,32.223611],[35.170624,32.223608],[35.17061,32.223603],[35.170605,32.223602],[35.170596,32.223599],[35.170577,32.223593],[35.170568,32.223591],[35.170544,32.223583],[35.170541,32.223582],[35.170519,32.223573],[35.170513,32.223571],[35.170488,32.223561],[35.170487,32.223561],[35.170486,32.22356],[35.17046,32.22355],[35.170434,32.223539],[35.170409,32.223523],[35.170385,32.22351],[35.170378,32.223506],[35.170378,32.223506],[35.17036,32.223495],[35.170337,32.223482],[35.170314,32.223464],[35.170292,32.223449],[35.170284,32.223442],[35.17027,32.223431],[35.170249,32.223414],[35.170229,32.223394],[35.17021,32.223376],[35.170199,32.223364],[35.170191,32.223356],[35.170174,32.223336],[35.170157,32.223316],[35.170141,32.223294],[35.170126,32.223271],[35.170112,32.223249],[35.170111,32.223248],[35.170098,32.223227],[35.170086,32.223204],[35.170074,32.223182],[35.170064,32.223157],[35.170055,32.223135],[35.170054,32.223132],[35.170046,32.22311],[35.170038,32.223086],[35.170032,32.223061],[35.170027,32.223036],[35.170023,32.223016],[35.170022,32.223012],[35.170019,32.222987],[35.170016,32.222962],[35.170015,32.222937],[35.170014,32.22291],[35.170015,32.222888],[35.170015,32.222885],[35.170017,32.222861],[35.17002,32.222836],[35.170023,32.222811],[35.170028,32.222786],[35.170029,32.222782],[35.170034,32.222761],[35.170041,32.222736],[35.170049,32.222711],[35.170057,32.222689],[35.170068,32.222666],[35.170078,32.222641],[35.17009,32.222618],[35.170102,32.222595],[35.170104,32.222592],[35.17011,32.222582],[35.170116,32.222573],[35.17013,32.222552],[35.170138,32.22254],[35.170139,32.222539],[35.170146,32.222529],[35.170162,32.222509],[35.170179,32.222488],[35.170197,32.222467],[35.170216,32.222449],[35.170236,32.222429],[35.170256,32.22241],[35.170277,32.222394],[35.170299,32.222376],[35.170321,32.222359],[35.170344,32.222343],[35.170368,32.222329],[35.170392,32.222315],[35.170417,32.222301],[35.170442,32.222287],[35.170469,32.222276],[35.170495,32.222264],[35.170522,32.222254],[35.17055,32.222245],[35.170577,32.222236],[35.170695,32.222199],[35.171116,32.222071],[35.171122,32.222069],[35.171133,32.222066],[35.171145,32.222063],[35.171151,32.222061],[35.171167,32.222054],[35.171172,32.222052],[35.171183,32.222047],[35.1712,32.22204],[35.171215,32.222031],[35.171231,32.222024],[35.171246,32.222014],[35.171261,32.222005],[35.171275,32.221996],[35.171289,32.221984],[35.171303,32.221975],[35.171316,32.221964],[35.171328,32.221952],[35.171341,32.221941],[35.171352,32.221927],[35.171364,32.221915],[35.171374,32.221902],[35.171385,32.22189],[35.171394,32.221876],[35.171403,32.221863],[35.171411,32.221849],[35.17142,32.221835],[35.171427,32.22182],[35.171434,32.221806],[35.17144,32.22179],[35.171445,32.221776],[35.17145,32.221761],[35.171455,32.221747],[35.171458,32.221731],[35.171462,32.221715],[35.171464,32.221699],[35.171466,32.221684],[35.171467,32.221668],[35.171468,32.221652],[35.171467,32.221641],[35.171467,32.221636],[35.171467,32.22162],[35.171465,32.221605],[35.171464,32.221591],[35.171461,32.221575],[35.171458,32.22156],[35.171454,32.221544],[35.171449,32.221528],[35.171444,32.221513],[35.171438,32.221499],[35.171432,32.221484],[35.171425,32.22147],[35.171417,32.221457],[35.171409,32.221441],[35.171401,32.221428],[35.171391,32.221414],[35.171264,32.221236],[35.171259,32.221227],[35.171253,32.221218],[35.171246,32.221212],[35.171239,32.221205],[35.171232,32.221198],[35.171225,32.221192],[35.171216,32.221183],[35.171209,32.221176],[35.171201,32.221172],[35.171192,32.221165],[35.171183,32.221159],[35.171175,32.221154],[35.171166,32.221148],[35.171157,32.221143],[35.171147,32.221139],[35.171137,32.221135],[35.171127,32.22113],[35.171117,32.221126],[35.171107,32.221124],[35.171097,32.22112],[35.171086,32.221117],[35.171076,32.221113],[35.171065,32.221111],[35.171054,32.221109],[35.171044,32.221109],[35.171032,32.221107],[35.171022,32.221105],[35.17101,32.221105],[35.171,32.221105],[35.170989,32.221103],[35.170978,32.221106],[35.170967,32.221106],[35.170955,32.221106],[35.170945,32.221109],[35.170934,32.221109],[35.170923,32.221111],[35.170912,32.221114],[35.170902,32.221116],[35.170891,32.221119],[35.170881,32.221121],[35.170871,32.221126],[35.17086,32.221128],[35.170851,32.221133],[35.170841,32.221138],[35.170832,32.221142],[35.170822,32.221147],[35.170813,32.221151],[35.170803,32.221156],[35.170795,32.221163],[35.170787,32.221168],[35.17078,32.221173],[35.170778,32.221175],[35.17077,32.221181],[35.170762,32.221188],[35.170755,32.221195],[35.170747,32.221202],[35.17074,32.221209],[35.169871,32.222158],[35.169871,32.222158],[35.169871,32.222159],[35.169869,32.222161],[35.169868,32.222161],[35.169859,32.222172],[35.169844,32.222187],[35.169824,32.222209],[35.169809,32.222226],[35.169787,32.22225],[35.169785,32.222252],[35.169769,32.222269],[35.169759,32.22228],[35.169759,32.222281],[35.169624,32.222428],[35.169602,32.222451],[35.169579,32.222474],[35.169555,32.222497],[35.16953,32.222517],[35.169505,32.222538],[35.169478,32.222557],[35.169451,32.222575],[35.169423,32.222593],[35.169422,32.222594],[35.169394,32.22261],[35.169364,32.222626],[35.169334,32.222642],[35.169303,32.222656],[35.169272,32.222671],[35.16924,32.222682],[35.169208,32.222694],[35.169175,32.222706],[35.169175,32.222706],[35.169159,32.222711],[35.169142,32.222716],[35.169128,32.222719],[35.169108,32.222725],[35.169074,32.222733],[35.16904,32.22274],[35.169006,32.222745],[35.168971,32.22275],[35.16896,32.222751],[35.168939,32.222753],[35.168936,32.222753],[35.168901,32.222756],[35.168865,32.222756],[35.16883,32.222757],[35.168795,32.222758],[35.16876,32.222756],[35.168725,32.222754],[35.16869,32.22275],[35.168656,32.222744],[35.168621,32.22274],[35.168586,32.222732],[35.168552,32.222726],[35.168519,32.222717],[35.168486,32.222707],[35.168453,32.222696],[35.16842,32.222685],[35.168389,32.222672],[35.168357,32.222659],[35.168326,32.222644],[35.168296,32.222629],[35.168267,32.222613],[35.168238,32.222596],[35.168209,32.222576],[35.168182,32.222558],[35.168155,32.222539],[35.16813,32.222519],[35.168105,32.222497],[35.168081,32.222475],[35.168058,32.222452],[35.168036,32.22243],[35.168014,32.222406],[35.167995,32.222381],[35.167975,32.222357],[35.167957,32.22233],[35.16794,32.222306],[35.167924,32.222279],[35.167909,32.22225],[35.167895,32.222223],[35.167883,32.222196],[35.167871,32.222167],[35.167869,32.222161],[35.167866,32.222152],[35.167861,32.222138],[35.167859,32.222131],[35.167851,32.222109],[35.167844,32.222079],[35.167837,32.22205],[35.167832,32.222021],[35.167827,32.221992],[35.167824,32.221963],[35.167822,32.221931],[35.167797,32.221352],[35.167797,32.221336],[35.167759,32.220462],[35.167734,32.219867],[35.167732,32.219834],[35.167728,32.2198],[35.167724,32.219766],[35.167722,32.219759],[35.167718,32.219732],[35.167713,32.219715],[35.167709,32.219699],[35.167704,32.219677],[35.167701,32.219665],[35.16769,32.219634],[35.167679,32.2196],[35.167666,32.219569],[35.167651,32.219535],[35.167636,32.219504],[35.167619,32.219472],[35.167601,32.219444],[35.167582,32.219412],[35.167561,32.219383],[35.167539,32.219354],[35.167517,32.219328],[35.167493,32.219299],[35.167468,32.219272],[35.167442,32.219248],[35.167414,32.219221],[35.167387,32.219197],[35.167357,32.219173],[35.167327,32.219151],[35.167297,32.219129],[35.167281,32.219119],[35.167264,32.219109],[35.167264,32.219109],[35.167264,32.219109],[35.167232,32.219089],[35.167199,32.219069],[35.167181,32.219061],[35.167181,32.219061],[35.167164,32.219052],[35.167129,32.219034],[35.167094,32.219019],[35.167058,32.219004],[35.167021,32.218991],[35.166984,32.218978],[35.166965,32.218972],[35.166946,32.218965],[35.166908,32.218955],[35.166869,32.218946],[35.166831,32.218938],[35.166791,32.21893],[35.166751,32.218924],[35.166732,32.218922],[35.166712,32.21892],[35.166672,32.218916],[35.166633,32.218915],[35.166632,32.218915],[35.166631,32.218914],[35.166592,32.218913],[35.166552,32.218911],[35.166521,32.218914],[35.166512,32.218914],[35.166496,32.218915],[35.166472,32.218915],[35.166122,32.21894],[35.166122,32.21894],[35.165479,32.218982],[35.165318,32.218972],[35.165177,32.218939],[35.165044,32.218887],[35.164958,32.218839],[35.16488,32.218782],[35.164797,32.218702],[35.164715,32.218591],[35.164647,32.21844],[35.164623,32.218319],[35.164623,32.218203],[35.164639,32.218111],[35.164649,32.21808],[35.164661,32.21804],[35.164661,32.21804],[35.164671,32.218017],[35.164681,32.217994],[35.164692,32.217971],[35.164704,32.217949],[35.164717,32.217926],[35.164731,32.217905],[35.164746,32.217885],[35.164762,32.217862],[35.164778,32.217844],[35.164785,32.217835],[35.164795,32.217823],[35.164813,32.217805],[35.164832,32.217784],[35.164852,32.217766],[35.164872,32.21775],[35.164892,32.217731],[35.164914,32.217715],[35.164926,32.217708],[35.164939,32.217699],[35.164943,32.217697],[35.164948,32.217693],[35.16496,32.217685],[35.164966,32.217681],[35.164983,32.217671],[35.1645,32.217179],[35.164495,32.217174],[35.163847,32.21764],[35.163717,32.217733],[35.163695,32.217747],[35.163671,32.217763],[35.163647,32.217777],[35.163623,32.217791],[35.163598,32.217805],[35.163572,32.217817],[35.163546,32.217829],[35.16352,32.217838],[35.163493,32.217848],[35.163465,32.217857],[35.163438,32.217867],[35.16341,32.217874],[35.163382,32.217879],[35.163353,32.217886],[35.163324,32.217891],[35.163305,32.217895],[35.163296,32.217896],[35.163267,32.217899],[35.163238,32.217902],[35.163208,32.217902],[35.163179,32.217903],[35.163149,32.217903],[35.16312,32.217901],[35.163091,32.2179],[35.163062,32.217898],[35.163033,32.217894],[35.163004,32.21789],[35.162975,32.217884],[35.162947,32.217877],[35.162919,32.217871],[35.162891,32.217862],[35.162863,32.217854],[35.162836,32.217845],[35.16281,32.217835],[35.162783,32.217824],[35.162757,32.217813],[35.162732,32.2178],[35.162707,32.217787],[35.162683,32.217774],[35.162659,32.217758],[35.162636,32.217743],[35.162614,32.217727],[35.162592,32.21771],[35.162571,32.217692],[35.16255,32.217674],[35.16253,32.217657],[35.162512,32.217637],[35.162494,32.217617],[35.162477,32.217597],[35.16246,32.217577],[35.162444,32.217557],[35.162429,32.217534],[35.162415,32.217512],[35.162402,32.21749],[35.162391,32.217468],[35.162379,32.217445],[35.162369,32.217421],[35.16236,32.217398],[35.162351,32.217373],[35.162344,32.217349],[35.162337,32.217326],[35.162332,32.217302],[35.162328,32.217277],[35.162326,32.217262],[35.162324,32.217252],[35.162323,32.217227],[35.162321,32.217203],[35.162321,32.217178],[35.162321,32.217153],[35.162323,32.217128],[35.162326,32.217103],[35.16233,32.217078],[35.162334,32.217054],[35.16234,32.217029],[35.162346,32.217004],[35.162354,32.216981],[35.162363,32.216956],[35.162373,32.216933],[35.162383,32.216911],[35.162395,32.216888],[35.162407,32.216865],[35.162421,32.216842],[35.162435,32.21682],[35.16245,32.216799],[35.162466,32.216779],[35.162483,32.216758],[35.162501,32.216737],[35.162519,32.216719],[35.16252,32.216718],[35.162529,32.216708],[35.162534,32.216702],[35.162537,32.216698],[35.162558,32.216682],[35.162661,32.216338],[35.162879,32.215615],[35.162892,32.21557],[35.162926,32.215458],[35.162937,32.215424],[35.16295,32.21539],[35.162964,32.215356],[35.162979,32.215322],[35.162987,32.215306],[35.162995,32.21529],[35.163014,32.215256],[35.163033,32.215224],[35.163054,32.215195],[35.163075,32.215163],[35.163098,32.215133],[35.163123,32.215103],[35.163149,32.215076],[35.163175,32.215046],[35.1632,32.215024],[35.163203,32.215021],[35.163208,32.215016],[35.163232,32.214993],[35.163262,32.214968],[35.163292,32.214945],[35.163324,32.214922],[35.163357,32.214899],[35.163374,32.214888],[35.163374,32.214888],[35.163391,32.214878],[35.163425,32.214857],[35.163461,32.214836],[35.163497,32.214817],[35.163533,32.214801],[35.163572,32.214785],[35.163591,32.214776],[35.16361,32.214768],[35.163648,32.214754],[35.163688,32.214742],[35.163727,32.21473],[35.163768,32.21472],[35.163788,32.214715],[35.163808,32.214711],[35.16385,32.214703],[35.163892,32.214696],[35.163933,32.21469],[35.163975,32.214685],[35.163996,32.214684],[35.163996,32.214684],[35.164017,32.214682],[35.164059,32.214679],[35.164101,32.214679],[35.164143,32.21468],[35.164186,32.214682],[35.164227,32.214683],[35.164269,32.214687],[35.164311,32.214693],[35.164332,32.214696],[35.164353,32.214699],[35.164394,32.214707],[35.16442,32.214714],[35.164435,32.214718],[35.164444,32.21472],[35.164475,32.214726],[35.164515,32.214739],[35.164555,32.21475],[35.164593,32.214765],[35.164632,32.21478],[35.164651,32.214787],[35.16467,32.214795],[35.164707,32.214812],[35.164743,32.21483],[35.164779,32.21485],[35.164814,32.214869],[35.164848,32.214891],[35.164881,32.214913],[35.164913,32.214937],[35.164976,32.214984],[35.164976,32.214984],[35.164987,32.214992],[35.165291,32.21522],[35.16595,32.215711],[35.165955,32.215715],[35.165961,32.21572],[35.165967,32.215724],[35.165973,32.215726],[35.16598,32.215731],[35.165986,32.215733],[35.165992,32.215737],[35.165999,32.21574],[35.166006,32.215742],[35.166012,32.215744],[35.166019,32.215746],[35.166026,32.215748],[35.166031,32.21575],[35.166072,32.215747],[35.166086,32.215746],[35.166088,32.215746],[35.166156,32.215741],[35.166183,32.215739],[35.16619,32.215736],[35.166196,32.215732],[35.166202,32.215729],[35.166209,32.215725],[35.166215,32.215722],[35.166221,32.215718],[35.166226,32.215715],[35.166232,32.215711],[35.166237,32.215706],[35.166242,32.215702],[35.167413,32.214674],[35.167416,32.214671],[35.167418,32.214669],[35.16742,32.214667],[35.167422,32.214664],[35.167424,32.214662],[35.167427,32.21466],[35.167428,32.214658],[35.16743,32.214655],[35.167432,32.214651],[35.167433,32.214649],[35.167435,32.214646],[35.167436,32.214644],[35.167438,32.214639],[35.167438,32.214637],[35.167439,32.214635],[35.16744,32.214633],[35.167441,32.214628],[35.167442,32.214626],[35.167442,32.214624],[35.167442,32.214619],[35.167443,32.214617],[35.167443,32.214612],[35.167443,32.21461],[35.167443,32.214608],[35.167443,32.214603],[35.167442,32.214601],[35.167442,32.214599],[35.167441,32.214594],[35.16744,32.214592],[35.16744,32.21459],[35.167438,32.214585],[35.167438,32.214583],[35.167436,32.214579],[35.167435,32.214576],[35.167033,32.213759],[35.166976,32.213642],[35.166964,32.213617],[35.166952,32.213593],[35.16693,32.213539],[35.16692,32.213513],[35.16691,32.213487],[35.166892,32.213433],[35.166885,32.213407],[35.166877,32.21338],[35.166864,32.213326],[35.166859,32.213299],[35.166853,32.213272],[35.166845,32.213216],[35.166841,32.213189],[35.166838,32.213162],[35.166834,32.213105],[35.166833,32.213078],[35.166832,32.213051],[35.166833,32.212995],[35.166834,32.212968],[35.166836,32.212941],[35.16684,32.212886],[35.166848,32.21283],[35.166852,32.212803],[35.166852,32.212803],[35.166857,32.212776],[35.166869,32.212721],[35.166883,32.212667],[35.166891,32.212641],[35.166899,32.212615],[35.166917,32.212563],[35.166938,32.212508],[35.166949,32.212483],[35.166961,32.212458],[35.166985,32.212406],[35.166999,32.212381],[35.167013,32.212356],[35.167041,32.212306],[35.167057,32.212282],[35.167073,32.212258],[35.167105,32.21221],[35.167123,32.212187],[35.16714,32.212164],[35.167177,32.212119],[35.167215,32.212073],[35.167236,32.212052],[35.167256,32.212032],[35.167298,32.211988],[35.167546,32.211752],[35.16755,32.211745],[35.167556,32.211742],[35.167559,32.211736],[35.167564,32.211731],[35.167568,32.211726],[35.167572,32.21172],[35.167575,32.211715]]},"properties":{"OBJECTID":66,"Status":"Projected","Type":"NA","IS_COUNTED":1,"Shape_Leng":11050.187306,"source_crs":"EPSG:32636","evidence":[{"source_id":"ocha_opt","title":"West Bank Separation Barrier (January 2018 alignment)","url":"https://www.ochaopt.org/page/datasets-and-mapping-tools","document_date":"2018-01-01","retrieved":"2026-08-09"}]}},{"type":"Feature","geometry":{"type":"LineString","coordinates":[[35.148342,32.157028],[35.148343,32.156892],[35.148354,32.155709],[35.148354,32.15478],[35.14856,32.153619],[35.148697,32.152865],[35.148765,32.151762],[35.147811,32.15031],[35.14638,32.148336],[35.145357,32.146304],[35.144198,32.145026],[35.142971,32.143516],[35.141744,32.142355],[35.140585,32.141542],[35.138378,32.140741]]},"properties":{"OBJECTID":67,"Status":"Projected","Type":"NA","IS_COUNTED":1,"Shape_Leng":2197.49793266,"source_crs":"EPSG:32636","evidence":[{"source_id":"ocha_opt","title":"West Bank Separation Barrier (January 2018 alignment)","url":"https://www.ochaopt.org/page/datasets-and-mapping-tools","document_date":"2018-01-01","retrieved":"2026-08-09"}]}},{"type":"Feature","geometry":{"type":"LineString","coordinates":[[35.072545,32.150729],[35.075735,32.149848],[35.076797,32.150657],[35.078315,32.152239],[35.081055,32.153839],[35.083074,32.155314],[35.08495,32.156544],[35.086539,32.155563],[35.087696,32.153968],[35.08842,32.152126],[35.090153,32.151391],[35.093186,32.150411],[35.094631,32.14943],[35.094202,32.146114],[35.093049,32.14427],[35.093051,32.142674],[35.095793,32.143536],[35.097668,32.144766],[35.099534,32.145439],[35.101253,32.145786],[35.102582,32.143553],[35.104153,32.142978],[35.10519,32.143313],[35.105785,32.144027],[35.107194,32.145265],[35.108463,32.14563],[35.109614,32.145205],[35.111023,32.144746],[35.112248,32.143917],[35.11225,32.14183],[35.113118,32.139865],[35.114707,32.139007],[35.11745,32.138272],[35.120193,32.138151],[35.123224,32.137907],[35.125534,32.137417],[35.128421,32.136928],[35.130875,32.136438],[35.132698,32.13687],[35.133473,32.137054],[35.135204,32.138774],[35.136357,32.140003],[35.138378,32.140741]]},"properties":{"OBJECTID":68,"Status":"Projected","Type":"NA","IS_COUNTED":1,"Shape_Leng":8826.89010631,"source_crs":"EPSG:32636","evidence":[{"source_id":"ocha_opt","title":"West Bank Separation Barrier (January 2018 alignment)","url":"https://www.ochaopt.org/page/datasets-and-mapping-tools","document_date":"2018-01-01","retrieved":"2026-08-09"}]}},{"type":"Feature","geometry":{"type":"LineString","coordinates":[[35.157376,31.740418],[35.157371,31.740013],[35.157377,31.7399],[35.157324,31.73945],[35.157131,31.739077],[35.156439,31.738826],[35.155968,31.738821],[35.155554,31.738726],[35.155216,31.738523],[35.154878,31.737984],[35.15491,31.737425],[35.155011,31.737213],[35.155118,31.736782],[35.15544,31.73615],[35.15544,31.73615],[35.155499,31.735649],[35.155273,31.735256],[35.155044,31.735128],[35.154991,31.734968]]},"properties":{"OBJECTID":69,"Status":"Constructed","Type":"Concrete","IS_COUNTED":1,"Shape_Leng":777.921872241,"source_crs":"EPSG:32636","evidence":[{"source_id":"ocha_opt","title":"West Bank Separation Barrier (January 2018 alignment)","url":"https://www.ochaopt.org/page/datasets-and-mapping-tools","document_date":"2018-01-01","retrieved":"2026-08-09"}]}},{"type":"Feature","geometry":{"type":"LineString","coordinates":[[35.042097,31.897345],[35.039971,31.897466],[35.03963,31.897476],[35.039444,31.897431],[35.03928,31.897353],[35.039165,31.897206],[35.039116,31.897012],[35.039155,31.896736],[35.039312,31.894987],[35.039598,31.893014],[35.039579,31.890852],[35.039588,31.889258],[35.039601,31.888797],[35.039642,31.888629],[35.03971,31.888418],[35.039863,31.887762],[35.039919,31.887527],[35.03993,31.88725],[35.039933,31.886369],[35.0399,31.886146],[35.039696,31.884984],[35.039302,31.882361],[35.039275,31.882132],[35.039226,31.881966],[35.039138,31.881772],[35.038999,31.881535],[35.038731,31.881174],[35.038555,31.880936],[35.038471,31.880708],[35.038357,31.880343],[35.038238,31.879784],[35.038044,31.878818],[35.03799,31.878399],[35.037729,31.876697],[35.037713,31.876492],[35.037714,31.876301],[35.03774,31.875952]]},"properties":{"OBJECTID":71,"Status":"Constructed","Type":"Fence","IS_COUNTED":1,"Shape_Leng":2681.34572929,"source_crs":"EPSG:32636","evidence":[{"source_id":"ocha_opt","title":"West Bank Separation Barrier (January 2018 alignment)","url":"https://www.ochaopt.org/page/datasets-and-mapping-tools","document_date":"2018-01-01","retrieved":"2026-08-09"}]}},{"type":"Feature","geometry":{"type":"LineString","coordinates":[[34.890159,31.371003],[34.890269,31.370677],[34.890466,31.370249],[34.890689,31.369971],[34.890957,31.369601],[34.891396,31.369188],[34.891758,31.368934],[34.892083,31.368781],[34.892493,31.368689],[34.892729,31.368679],[34.893179,31.36866],[34.894131,31.368665],[34.894536,31.368607],[34.894945,31.3685],[34.895317,31.368457],[34.895808,31.368531],[34.897061,31.368894],[34.898147,31.369198],[34.89866,31.369286],[34.899028,31.369328],[34.899512,31.369388],[34.901171,31.369439],[34.903237,31.369509],[34.90364,31.369474],[34.903949,31.369374],[34.904236,31.369222],[34.904493,31.369037],[34.904728,31.368818],[34.904911,31.368525],[34.905179,31.367991],[34.905376,31.367556],[34.905505,31.367339],[34.905717,31.367097],[34.906189,31.366763],[34.907261,31.366296],[34.907956,31.366],[34.908295,31.365742],[34.908468,31.365496],[34.908536,31.364974],[34.90851,31.364788],[34.908432,31.364513],[34.907941,31.363608],[34.907892,31.363413],[34.907919,31.3631],[34.908029,31.36275],[34.908143,31.362329],[34.908143,31.362078],[34.908049,31.361817],[34.907917,31.361618],[34.907736,31.361473],[34.907421,31.361306],[34.906988,31.361064],[34.906782,31.3609],[34.906608,31.360721],[34.906493,31.360499],[34.906432,31.360232],[34.906271,31.358352],[34.90629,31.358153],[34.906299,31.358065],[34.906444,31.3578],[34.906668,31.357591],[34.906987,31.35741],[34.907549,31.357149],[34.908148,31.356873],[34.908523,31.356705],[34.909285,31.356125],[34.909947,31.355619],[34.910191,31.355436],[34.910408,31.355273],[34.910867,31.354894],[34.911351,31.354316],[34.911762,31.353475],[34.912391,31.352046],[34.912662,31.351385],[34.912827,31.351025],[34.913026,31.350716],[34.913205,31.350456],[34.913548,31.350093],[34.915736,31.348282],[34.918527,31.346009],[34.919161,31.345477],[34.919839,31.344946],[34.920416,31.34457],[34.92101,31.344277],[34.9217,31.344009],[34.922358,31.343789],[34.923139,31.343644],[34.924121,31.343567],[34.9252,31.343584],[34.926917,31.343769],[34.928783,31.34395],[34.930396,31.344093],[34.930864,31.344155],[34.9311,31.344252],[34.931281,31.344388],[34.931502,31.344618],[34.931645,31.344807],[34.931873,31.345066],[34.932083,31.345254],[34.932701,31.345584],[34.933072,31.345742],[34.933562,31.345728],[34.934879,31.345131],[34.935067,31.345104],[34.935352,31.345143],[34.935747,31.34518],[34.93655,31.34518],[34.937046,31.345174],[34.937535,31.345169],[34.938586,31.345163],[34.939765,31.34516],[34.940283,31.345281],[34.941553,31.345648],[34.943036,31.34607],[34.94408,31.346335],[34.944858,31.346591],[34.945753,31.347069],[34.945768,31.347076],[34.946572,31.347434],[34.947238,31.347629],[34.948075,31.34774],[34.948609,31.347748],[34.949365,31.347759],[34.950354,31.347765],[34.951253,31.347825],[34.952685,31.347899],[34.954406,31.347983],[34.955605,31.348174],[34.956604,31.348341],[34.957391,31.348447],[34.958561,31.348487],[34.959329,31.348523],[34.959897,31.348553],[34.960181,31.348592],[34.960403,31.348704]]},"properties":{"OBJECTID":72,"Status":"Constructed","Type":"Fence","IS_COUNTED":1,"Shape_Leng":9044.65016018,"source_crs":"EPSG:32636","evidence":[{"source_id":"ocha_opt","title":"West Bank Separation Barrier (January 2018 alignment)","url":"https://www.ochaopt.org/page/datasets-and-mapping-tools","document_date":"2018-01-01","retrieved":"2026-08-09"}]}},{"type":"Feature","geometry":{"type":"LineString","coordinates":[[35.017843,32.339681],[35.017761,32.339609],[35.017582,32.339438],[35.017525,32.339383],[35.017294,32.339086],[35.017166,32.338893],[35.017065,32.338656],[35.016994,32.338495],[35.016975,32.338395],[35.016938,32.338266],[35.016897,32.338176],[35.016878,32.337594],[35.016862,32.336593],[35.016854,32.335216],[35.016848,32.334218],[35.016811,32.332522],[35.016779,32.330821],[35.016787,32.330182],[35.016711,32.328014],[35.016707,32.32684],[35.016698,32.326702],[35.016512,32.325917],[35.016444,32.325601],[35.016416,32.325391],[35.016417,32.325157],[35.016419,32.324995],[35.016477,32.324832],[35.01653,32.324697],[35.016578,32.324549],[35.016595,32.324336],[35.016547,32.322383],[35.01652,32.322197],[35.016441,32.321435],[35.01633,32.320456],[35.016297,32.319984],[35.016295,32.319645],[35.016267,32.319402],[35.016247,32.319268],[35.0162,32.319183],[35.01585,32.318344],[35.015642,32.317827],[35.015593,32.317632],[35.015526,32.317374],[35.015525,32.317371],[35.015349,32.316539],[35.015318,32.316403],[35.015296,32.316174],[35.015302,32.315955],[35.015326,32.31573],[35.015412,32.315299],[35.015439,32.315168],[35.015472,32.315002],[35.015486,32.314864],[35.015504,32.314632],[35.015368,32.313097],[35.015368,32.313093],[35.015337,32.312933],[35.015288,32.312786],[35.015146,32.312459],[35.015088,32.312345],[35.015047,32.31227],[35.015,32.312194],[35.014986,32.312065],[35.014975,32.311822],[35.014966,32.311577]]},"properties":{"OBJECTID":73,"Status":"Constructed","Type":"Concrete","IS_COUNTED":1,"Shape_Leng":3169.74234038,"source_crs":"EPSG:32636","evidence":[{"source_id":"ocha_opt","title":"West Bank Separation Barrier (January 2018 alignment)","url":"https://www.ochaopt.org/page/datasets-and-mapping-tools","document_date":"2018-01-01","retrieved":"2026-08-09"}]}},{"type":"Feature","geometry":{"type":"LineString","coordinates":[[35.24845,31.732583],[35.248477,31.732525],[35.248983,31.73196],[35.249362,31.7315],[35.249729,31.731193],[35.250114,31.730962],[35.250606,31.730734],[35.251308,31.730444],[35.25179,31.730278],[35.252156,31.730181],[35.252466,31.730085],[35.25272,31.729956],[35.252924,31.729824],[35.253121,31.729658],[35.253305,31.729438],[35.253706,31.72891],[35.254014,31.728514],[35.254238,31.728281],[35.254538,31.727989],[35.254844,31.727759],[35.255023,31.727565],[35.25512,31.727406],[35.255177,31.727247],[35.255168,31.727071],[35.255136,31.726905],[35.255013,31.726682],[35.254714,31.726335],[35.254631,31.726143],[35.254549,31.725968],[35.254494,31.725773],[35.254483,31.725544],[35.254505,31.725295],[35.254583,31.725075],[35.254732,31.724757],[35.254983,31.724309],[35.255329,31.723594],[35.255794,31.722717],[35.256037,31.722149],[35.256103,31.721876],[35.256147,31.72162],[35.256212,31.721333],[35.256261,31.721041],[35.25636,31.720743],[35.256487,31.720464],[35.256587,31.720195],[35.256649,31.719984],[35.256672,31.719788],[35.256665,31.719501],[35.25667,31.719258],[35.256631,31.71903],[35.25653,31.718778],[35.25639,31.718537],[35.256298,31.718396]]},"properties":{"OBJECTID":74,"Status":"Constructed","Type":"Fence","IS_COUNTED":1,"Shape_Leng":1938.87940959,"source_crs":"EPSG:32636","evidence":[{"source_id":"ocha_opt","title":"West Bank Separation Barrier (January 2018 alignment)","url":"https://www.ochaopt.org/page/datasets-and-mapping-tools","document_date":"2018-01-01","retrieved":"2026-08-09"}]}},{"type":"Feature","geometry":{"type":"LineString","coordinates":[[35.175774,32.110998],[35.175971,32.110819],[35.176328,32.110717],[35.176691,32.110659],[35.176948,32.110602],[35.177404,32.110441],[35.178038,32.110249],[35.178645,32.110062],[35.179152,32.109915],[35.179659,32.109806],[35.180219,32.109749],[35.180706,32.109731],[35.180998,32.109773],[35.181275,32.109869],[35.181649,32.11001],[35.182005,32.110119],[35.182263,32.110152],[35.182532,32.110148],[35.182901,32.110098],[35.18327,32.110044],[35.183784,32.109964],[35.184271,32.109913],[35.184757,32.109875],[35.18513,32.10985],[35.185343,32.109846],[35.185522,32.109824],[35.185672,32.10975],[35.18594,32.109698],[35.186236,32.109678],[35.186562,32.109696],[35.18686,32.109734],[35.187165,32.109805],[35.187457,32.109848],[35.18776,32.109862],[35.188074,32.109856],[35.188449,32.109826],[35.188768,32.109782],[35.189013,32.109711],[35.189296,32.109601],[35.189601,32.109467],[35.189966,32.10932],[35.190743,32.108987],[35.191703,32.108593],[35.192503,32.108274],[35.19328,32.107946],[35.193958,32.107662],[35.194333,32.107495],[35.194678,32.107399],[35.194952,32.107351],[35.195193,32.107352],[35.195485,32.107366],[35.195727,32.107414],[35.195998,32.107519],[35.196653,32.107937],[35.196961,32.108123],[35.197318,32.108312],[35.197716,32.108415],[35.198048,32.108452],[35.198619,32.108438],[35.199078,32.108406],[35.200731,32.108358],[35.205847,32.10825],[35.208264,32.108193],[35.208573,32.108202],[35.208848,32.108231],[35.209231,32.108286],[35.209501,32.108334],[35.210065,32.108475],[35.210465,32.108563],[35.210905,32.10866],[35.211271,32.108735],[35.211654,32.108805],[35.212059,32.108841],[35.212535,32.108851],[35.21313,32.10885],[35.213718,32.108835],[35.2142,32.108798],[35.214624,32.108738],[35.215048,32.10864],[35.215415,32.108586],[35.215744,32.108514],[35.216077,32.108384],[35.216398,32.108235],[35.216685,32.108039],[35.216971,32.107795],[35.217102,32.107659],[35.21727,32.107413],[35.21742,32.107124],[35.217519,32.106793],[35.217562,32.106516],[35.217573,32.106243],[35.217556,32.106005],[35.217493,32.105751],[35.217374,32.105447],[35.217234,32.105211],[35.217112,32.105056],[35.216942,32.104963],[35.216654,32.104906],[35.216221,32.104819],[35.215679,32.104694],[35.215335,32.104595],[35.215068,32.104471],[35.214875,32.104341],[35.214771,32.104247],[35.214668,32.104137],[35.214552,32.103977],[35.21448,32.103792],[35.214435,32.103545],[35.214417,32.103268],[35.214345,32.101914],[35.214328,32.101685],[35.214318,32.101485],[35.214274,32.101309],[35.214192,32.101148],[35.21403,32.100955],[35.213929,32.100828],[35.213705,32.100637],[35.213541,32.100544],[35.213348,32.100466],[35.213184,32.100417],[35.212976,32.100373],[35.212745,32.100348],[35.212572,32.100351],[35.212353,32.10036],[35.212141,32.100382],[35.211978,32.100385],[35.211832,32.100359],[35.211718,32.100299],[35.211643,32.100219],[35.211591,32.10013],[35.21156,32.100035],[35.21156,32.100001],[35.211559,32.099968],[35.211518,32.099909],[35.211438,32.099834],[35.211313,32.09976],[35.210963,32.099561],[35.21084,32.099477],[35.210707,32.099293],[35.21034,32.098708],[35.210095,32.098321],[35.21002,32.098215],[35.209956,32.098111],[35.209853,32.098046],[35.209734,32.097981],[35.209609,32.097926],[35.209451,32.097857],[35.20919,32.097742],[35.20893,32.097647],[35.208574,32.097538],[35.206519,32.096925],[35.206292,32.096838],[35.205924,32.096659],[35.205594,32.096488],[35.205338,32.096301],[35.205188,32.096209],[35.204908,32.096013],[35.204452,32.095673],[35.204142,32.095363],[35.203462,32.094602],[35.20271,32.093863],[35.202469,32.093633],[35.202217,32.093428],[35.201875,32.093171],[35.201515,32.092891],[35.201145,32.092659],[35.200872,32.092492],[35.200588,32.092354],[35.200341,32.092267],[35.200121,32.092204],[35.199902,32.092194],[35.199605,32.092185],[35.199331,32.092228],[35.199092,32.092279],[35.198774,32.092376],[35.195259,32.093534],[35.192548,32.094426],[35.19202,32.094588],[35.191396,32.094761],[35.190638,32.094946],[35.190136,32.09506],[35.188439,32.095418],[35.18735,32.095623],[35.187121,32.095651]]},"properties":{"OBJECTID":75,"Status":"Constructed","Type":"Fence","IS_COUNTED":1,"Shape_Leng":8010.65081123,"source_crs":"EPSG:32636","evidence":[{"source_id":"ocha_opt","title":"West Bank Separation Barrier (January 2018 alignment)","url":"https://www.ochaopt.org/page/datasets-and-mapping-tools","document_date":"2018-01-01","retrieved":"2026-08-09"}]}},{"type":"Feature","geometry":{"type":"LineString","coordinates":[[35.187121,32.095651],[35.18687,32.095685],[35.186448,32.095686],[35.18609,32.095617],[35.185744,32.095499],[35.185019,32.095177],[35.184684,32.09503],[35.184339,32.094903],[35.184168,32.094846],[35.183942,32.094759],[35.183722,32.09472],[35.183408,32.094706],[35.181201,32.094802],[35.179415,32.09489],[35.17878,32.09491],[35.17771,32.094948],[35.17635,32.095019],[35.175566,32.095051],[35.175291,32.095042],[35.175066,32.095007],[35.174772,32.094912],[35.17404,32.094557],[35.173855,32.094444],[35.17369,32.09437],[35.173521,32.094301],[35.173323,32.094238],[35.173171,32.094202],[35.173013,32.094177],[35.172822,32.094165],[35.17262,32.094155],[35.172469,32.094157],[35.172284,32.09416],[35.172072,32.094202],[35.171138,32.094516],[35.170967,32.094574],[35.170664,32.094696],[35.170363,32.094878],[35.169527,32.094919],[35.166429,32.09359]]},"properties":{"OBJECTID":76,"Status":"Constructed","Type":"Fence","IS_COUNTED":1,"Shape_Leng":2053.30073656,"source_crs":"EPSG:32636","evidence":[{"source_id":"ocha_opt","title":"West Bank Separation Barrier (January 2018 alignment)","url":"https://www.ochaopt.org/page/datasets-and-mapping-tools","document_date":"2018-01-01","retrieved":"2026-08-09"}]}},{"type":"Feature","geometry":{"type":"LineString","coordinates":[[35.041005,32.005808],[35.040365,32.005844],[35.039681,32.005759],[35.03877,32.00596],[35.038038,32.005998],[35.037604,32.00602],[35.037567,32.006641],[35.037638,32.007619],[35.037982,32.008519],[35.0384,32.009265],[35.039127,32.009871],[35.039636,32.01043],[35.040163,32.011051],[35.04038,32.011626],[35.040288,32.012262],[35.039959,32.012991],[35.039721,32.013518],[35.03941,32.014433],[35.039189,32.015628],[35.038805,32.016915],[35.038419,32.018668],[35.038286,32.020589],[35.038392,32.020945]]},"properties":{"OBJECTID":77,"Status":"Under Construction","Type":"Fence","IS_COUNTED":1,"Shape_Leng":2085.12991682,"source_crs":"EPSG:32636","evidence":[{"source_id":"ocha_opt","title":"West Bank Separation Barrier (January 2018 alignment)","url":"https://www.ochaopt.org/page/datasets-and-mapping-tools","document_date":"2018-01-01","retrieved":"2026-08-09"}]}},{"type":"Feature","geometry":{"type":"LineString","coordinates":[[35.038392,32.020945],[35.038663,32.021131],[35.039085,32.021254],[35.040581,32.021769],[35.041571,32.022206],[35.042629,32.022523],[35.043208,32.022729],[35.043591,32.022973],[35.043806,32.023172],[35.04391,32.023445],[35.043946,32.023803],[35.043961,32.024506],[35.043971,32.024936],[35.044053,32.025483],[35.044234,32.026077],[35.044523,32.027075],[35.044898,32.028202],[35.044935,32.028619],[35.044865,32.029229],[35.044765,32.029779],[35.044609,32.030342],[35.044437,32.030799],[35.04428,32.031266],[35.044231,32.031601],[35.044209,32.031888],[35.044203,32.032234],[35.044239,32.032568],[35.044344,32.0329],[35.044708,32.033559],[35.045021,32.033986],[35.045384,32.034777],[35.047411,32.034989]]},"properties":{"OBJECTID":78,"Status":"Under Construction","Type":"Fence","IS_COUNTED":1,"Shape_Leng":2097.65398761,"source_crs":"EPSG:32636","evidence":[{"source_id":"ocha_opt","title":"West Bank Separation Barrier (January 2018 alignment)","url":"https://www.ochaopt.org/page/datasets-and-mapping-tools","document_date":"2018-01-01","retrieved":"2026-08-09"}]}},{"type":"Feature","geometry":{"type":"LineString","coordinates":[[35.047797,32.04819],[35.047977,32.048038],[35.047978,32.048038],[35.048218,32.047965],[35.048601,32.04793],[35.048846,32.047879],[35.049094,32.047708],[35.049314,32.047485],[35.049531,32.047161],[35.049619,32.046874],[35.049711,32.046211],[35.049802,32.046004],[35.049947,32.045735],[35.05016,32.045493],[35.050617,32.044877],[35.050941,32.044604],[35.051232,32.044342],[35.051512,32.044065],[35.051703,32.043824],[35.051854,32.043578],[35.05197,32.043266],[35.052126,32.042984],[35.052337,32.042646],[35.052571,32.042268],[35.052946,32.041796],[35.053308,32.041272],[35.053748,32.040555],[35.053923,32.040146],[35.054013,32.039906],[35.054143,32.039703],[35.054371,32.039361],[35.054574,32.039157],[35.054733,32.038997],[35.054736,32.038906],[35.054725,32.038785],[35.054751,32.038698],[35.054905,32.038543],[35.055035,32.038355],[35.055086,32.03812],[35.055098,32.037903],[35.055082,32.037707],[35.055026,32.037446],[35.054981,32.037194],[35.05487,32.037005],[35.054714,32.036797],[35.054529,32.036523],[35.054323,32.036336],[35.054129,32.0362],[35.053891,32.03608],[35.053626,32.03597],[35.053444,32.035858],[35.053308,32.035784],[35.053137,32.035653],[35.052971,32.035513],[35.052855,32.035338],[35.052805,32.035124],[35.052796,32.034929],[35.052836,32.034737],[35.052917,32.034583],[35.053058,32.034404],[35.053227,32.034196],[35.053403,32.034045],[35.053563,32.033904],[35.053757,32.03382],[35.054036,32.033763],[35.054411,32.033743],[35.055442,32.033745],[35.055907,32.033752],[35.056164,32.033719],[35.056827,32.033715],[35.057322,32.033812],[35.057742,32.034003],[35.058303,32.034282],[35.058967,32.034311],[35.05989,32.034243],[35.060703,32.034086],[35.061361,32.033854],[35.062059,32.033426],[35.062296,32.033154],[35.062513,32.032789],[35.062568,32.032457],[35.062515,32.031626],[35.062511,32.031056],[35.062463,32.030577],[35.062429,32.03022],[35.062311,32.030015],[35.062144,32.029901],[35.062006,32.029825],[35.061622,32.029754],[35.060957,32.029732],[35.059937,32.02963],[35.059464,32.029525],[35.059189,32.029356],[35.059031,32.029125],[35.058992,32.028907],[35.059007,32.028609],[35.059141,32.028349],[35.059402,32.02811],[35.059954,32.027867],[35.060526,32.027553],[35.060995,32.027201],[35.06135,32.026874],[35.061518,32.026627],[35.061592,32.026359],[35.061588,32.026111],[35.0615,32.025867],[35.061342,32.02567],[35.061121,32.025502],[35.060791,32.025388],[35.06049,32.025342],[35.060121,32.025387],[35.059313,32.025697],[35.058549,32.025986],[35.058125,32.026153],[35.057715,32.026396],[35.057585,32.026554],[35.057585,32.026555],[35.057584,32.026555],[35.057584,32.026555],[35.05706,32.02687],[35.056568,32.027019],[35.056032,32.026841],[35.05588,32.026515],[35.05599,32.026031],[35.05645,32.025584],[35.057107,32.025073],[35.057479,32.02458],[35.05753,32.024481],[35.057698,32.024152],[35.057721,32.023621],[35.057576,32.023314],[35.057119,32.023155],[35.056716,32.023228],[35.056355,32.023507],[35.055895,32.023926],[35.055479,32.024335],[35.054932,32.024698],[35.054534,32.024757],[35.054534,32.024757],[35.054003,32.024585],[35.05349,32.024147],[35.052922,32.023745],[35.052463,32.023391],[35.052158,32.022776],[35.052061,32.022264],[35.05205,32.021826],[35.0521,32.021557],[35.052102,32.021547],[35.052106,32.021539],[35.052115,32.021537],[35.052133,32.021462],[35.052211,32.021129],[35.052324,32.020674],[35.052479,32.020089],[35.052566,32.019744],[35.052591,32.019347],[35.052573,32.019052],[35.052495,32.018786],[35.052322,32.018571],[35.052139,32.018398],[35.051939,32.018229],[35.05166,32.018028],[35.051186,32.017621],[35.050842,32.017245],[35.050426,32.016804],[35.050075,32.016524],[35.049865,32.016399],[35.049367,32.016178],[35.049015,32.015964],[35.048803,32.015738],[35.048752,32.015472],[35.04886,32.015265],[35.048996,32.015091],[35.049172,32.014964],[35.049373,32.014918],[35.049602,32.014909],[35.049978,32.014932],[35.050635,32.015017],[35.051153,32.015118],[35.051593,32.015264],[35.052102,32.01547],[35.052588,32.015663],[35.052856,32.015735],[35.053154,32.015797],[35.053508,32.015824],[35.053984,32.015817],[35.054594,32.015812],[35.055143,32.015812],[35.055518,32.015773],[35.055752,32.015712],[35.055916,32.015678],[35.056095,32.015675],[35.056353,32.015671],[35.056612,32.015719],[35.056775,32.015736],[35.057038,32.01576],[35.057183,32.015724],[35.057415,32.015563],[35.057574,32.015436],[35.057578,32.015322],[35.057551,32.015117],[35.057597,32.014963],[35.057617,32.014834],[35.057553,32.014726],[35.0574,32.014652],[35.057186,32.014612],[35.05701,32.01451],[35.056736,32.014281],[35.056627,32.014127],[35.056522,32.013952],[35.056519,32.013833],[35.0566,32.013689],[35.056743,32.013567],[35.056916,32.013526],[35.057134,32.013542],[35.05736,32.01361],[35.05762,32.013701],[35.05785,32.01375],[35.05813,32.013735],[35.058437,32.013683],[35.058699,32.013602],[35.058881,32.01348],[35.059006,32.01332],[35.059035,32.013134],[35.058991,32.012901],[35.058886,32.012721],[35.058731,32.012561],[35.058382,32.012199],[35.05758,32.011439],[35.057432,32.011337],[35.056578,32.010711],[35.056452,32.010598],[35.056376,32.01043],[35.056309,32.010197],[35.056306,32.009567],[35.056296,32.009119],[35.056233,32.00881],[35.056126,32.008525],[35.055962,32.008203],[35.055801,32.008029],[35.055585,32.007861],[35.055057,32.007569],[35.054431,32.007316],[35.053482,32.006979],[35.052975,32.006868],[35.052581,32.006769],[35.052027,32.006768],[35.051534,32.006815],[35.050991,32.006861],[35.050775,32.006951],[35.050555,32.007117],[35.050396,32.007277],[35.050237,32.007446],[35.050112,32.007596],[35.049979,32.007704],[35.049801,32.007759],[35.049622,32.007752],[35.049486,32.007659],[35.049336,32.007494],[35.048994,32.006961],[35.048712,32.006636],[35.048319,32.006308],[35.047979,32.006142],[35.047651,32.006028],[35.047364,32.005956],[35.045377,32.005673],[35.043641,32.005424],[35.043045,32.005358],[35.042551,32.005342],[35.042076,32.005378],[35.041602,32.005471],[35.041248,32.005649],[35.041005,32.005808]]},"properties":{"OBJECTID":79,"Status":"Under Construction","Type":"Fence","IS_COUNTED":1,"Shape_Leng":10375.4534446,"source_crs":"EPSG:32636","evidence":[{"source_id":"ocha_opt","title":"West Bank Separation Barrier (January 2018 alignment)","url":"https://www.ochaopt.org/page/datasets-and-mapping-tools","document_date":"2018-01-01","retrieved":"2026-08-09"}]}},{"type":"Feature","geometry":{"type":"LineString","coordinates":[[35.042163,32.044891],[35.041708,32.044912],[35.041373,32.045188],[35.041276,32.045211],[35.040983,32.045163],[35.040815,32.045171],[35.040595,32.045452],[35.040348,32.046461],[35.038735,32.048214],[35.036779,32.049248],[35.035959,32.049587],[35.035137,32.04993],[35.034716,32.050132],[35.034424,32.050185],[35.034206,32.050202],[35.033931,32.050193],[35.033654,32.050102],[35.03328,32.049907],[35.03259,32.049622],[35.032285,32.049527],[35.032043,32.04945],[35.031835,32.049424],[35.03165,32.049413],[35.03142,32.049417],[35.031191,32.049449],[35.030857,32.04955],[35.03043,32.049738],[35.029335,32.050405],[35.027962,32.051088],[35.026815,32.05165],[35.026221,32.051908],[35.025748,32.052049],[35.025368,32.052103],[35.025015,32.052127],[35.024724,32.052113],[35.024449,32.052089],[35.02405,32.052024],[35.023543,32.051927],[35.022979,32.05174],[35.022437,32.051582],[35.021918,32.051418],[35.021625,32.051356],[35.02131,32.051285],[35.020956,32.051233],[35.020616,32.051205],[35.020093,32.051147],[35.019514,32.051079],[35.018873,32.050961],[35.0179,32.050795],[35.017434,32.050709],[35.016634,32.050541],[35.015913,32.050366],[35.015311,32.050256],[35.014738,32.050198],[35.014188,32.050136],[35.013759,32.050018],[35.013516,32.049946],[35.01324,32.049907],[35.012892,32.049865],[35.012455,32.049877],[35.011991,32.049918],[35.011471,32.049983],[35.010992,32.050086],[35.010484,32.050204],[35.010023,32.050369],[35.009151,32.050657],[35.008434,32.050893],[35.007983,32.051024],[35.007554,32.051141],[35.00728,32.051183],[35.006944,32.051179],[35.006696,32.051126],[35.006437,32.051053],[35.005888,32.050701],[35.005596,32.050453],[35.005303,32.050172],[35.004972,32.049716]]},"properties":{"OBJECTID":80,"Status":"Under Construction","Type":"Fence","IS_COUNTED":1,"Shape_Leng":4005.15280985,"source_crs":"EPSG:32636","evidence":[{"source_id":"ocha_opt","title":"West Bank Separation Barrier (January 2018 alignment)","url":"https://www.ochaopt.org/page/datasets-and-mapping-tools","document_date":"2018-01-01","retrieved":"2026-08-09"}]}},{"type":"Feature","geometry":{"type":"LineString","coordinates":[[34.996247,32.069265],[34.996165,32.069037],[34.995716,32.068262],[34.995389,32.067659],[34.995267,32.067446],[34.995206,32.067218],[34.995201,32.067008],[34.995263,32.066754],[34.995333,32.066624],[34.995459,32.066493],[34.99567,32.066399],[34.996026,32.066269],[34.99724,32.065897],[34.997758,32.065748],[34.998276,32.065592]]},"properties":{"OBJECTID":81,"Status":"Constructed","Type":"Fence","IS_COUNTED":1,"Shape_Leng":619.222583041,"source_crs":"EPSG:32636","evidence":[{"source_id":"ocha_opt","title":"West Bank Separation Barrier (January 2018 alignment)","url":"https://www.ochaopt.org/page/datasets-and-mapping-tools","document_date":"2018-01-01","retrieved":"2026-08-09"}]}},{"type":"Feature","geometry":{"type":"LineString","coordinates":[[35.004972,32.049716],[35.004871,32.049487],[35.004823,32.049228],[35.004807,32.048987],[35.004862,32.048705],[35.004952,32.04845],[35.005069,32.048162],[35.00544,32.047426],[35.005826,32.046654],[35.006688,32.045079],[35.007518,32.04356],[35.007824,32.042949],[35.007855,32.042796],[35.007861,32.042558],[35.007861,32.042326],[35.007806,32.042122],[35.007067,32.040611],[35.006669,32.039818],[35.00584,32.040089],[35.005814,32.040068],[35.005789,32.040046],[35.005678,32.039825],[35.005651,32.03972],[35.005738,32.039546],[35.005915,32.039185],[35.005977,32.038929],[35.005996,32.038781],[35.005971,32.038628],[35.005923,32.038486],[35.005829,32.038292],[35.005707,32.038093],[35.005524,32.037915],[35.005065,32.037455],[35.004634,32.036922],[35.004463,32.036559],[35.004311,32.036261],[35.004023,32.035648],[35.003715,32.034986],[35.003488,32.034496],[35.0031,32.03366],[35.003044,32.033489],[35.002981,32.033185],[35.002958,32.032913],[35.002984,32.032574],[35.003076,32.032133],[35.003236,32.031768],[35.003506,32.03132],[35.003792,32.030817],[35.003927,32.030581],[35.004012,32.03036],[35.004025,32.030164],[35.004007,32.029634],[35.004052,32.029352],[35.00408,32.029122],[35.004081,32.028898],[35.004029,32.02856],[35.003945,32.028299],[35.003644,32.02712],[35.0036,32.026863],[35.003584,32.026639],[35.003613,32.026443],[35.003693,32.026265],[35.003828,32.026048],[35.003944,32.025932],[35.004109,32.025791],[35.004621,32.025356],[35.005335,32.02475],[35.005526,32.024515],[35.005663,32.024365],[35.005788,32.024187],[35.005873,32.023971],[35.005968,32.023726],[35.005997,32.02352],[35.006016,32.023076],[35.005989,32.022881],[35.005917,32.022672],[35.005823,32.022477],[35.005684,32.022265],[35.005544,32.022005],[35.005491,32.021857],[35.005476,32.021695],[35.005518,32.021552],[35.005603,32.02134],[35.005715,32.021214]]},"properties":{"OBJECTID":82,"Status":"Constructed","Type":"Fence","IS_COUNTED":1,"Shape_Leng":3558.96805037,"source_crs":"EPSG:32636","evidence":[{"source_id":"ocha_opt","title":"West Bank Separation Barrier (January 2018 alignment)","url":"https://www.ochaopt.org/page/datasets-and-mapping-tools","document_date":"2018-01-01","retrieved":"2026-08-09"}]}},{"type":"Feature","geometry":{"type":"LineString","coordinates":[[35.005715,32.021214],[35.006453,32.02041],[35.007042,32.019666],[35.007216,32.019425],[35.007313,32.019218],[35.007365,32.019036],[35.007405,32.018825],[35.007428,32.018586],[35.007401,32.018372],[35.007321,32.018087],[35.007068,32.016979],[35.007034,32.016717],[35.007029,32.016488],[35.007069,32.016282],[35.00715,32.016128],[35.007258,32.01593],[35.007405,32.015747],[35.007565,32.015625],[35.007792,32.015516],[35.008131,32.015406],[35.008498,32.015281],[35.00871,32.015189],[35.008926,32.015081],[35.009108,32.014949],[35.00924,32.014823],[35.009372,32.014706],[35.009508,32.014523],[35.009627,32.014325],[35.009761,32.014046],[35.010416,32.012759],[35.010536,32.012604],[35.010757,32.012462],[35.010995,32.012349],[35.011168,32.012318],[35.011392,32.01229],[35.011581,32.012244],[35.011781,32.012179],[35.011942,32.01209],[35.012085,32.011964],[35.012166,32.01182],[35.012229,32.011644],[35.012226,32.011482],[35.012177,32.011311],[35.012091,32.011193],[35.011913,32.011034],[35.01168,32.010889],[35.011138,32.010669],[35.010748,32.010503],[35.010442,32.010332],[35.010134,32.010054],[35.009846,32.009744],[35.009746,32.009527],[35.009616,32.009228]]},"properties":{"OBJECTID":83,"Status":"Constructed","Type":"Fence","IS_COUNTED":1,"Shape_Leng":1735.90293158,"source_crs":"EPSG:32636","evidence":[{"source_id":"ocha_opt","title":"West Bank Separation Barrier (January 2018 alignment)","url":"https://www.ochaopt.org/page/datasets-and-mapping-tools","document_date":"2018-01-01","retrieved":"2026-08-09"}]}},{"type":"Feature","geometry":{"type":"LineString","coordinates":[[35.03774,31.875952],[35.037747,31.875756],[35.03771,31.875595],[35.037602,31.875277],[35.037608,31.875019],[35.037665,31.874803],[35.037772,31.874591],[35.037876,31.874438],[35.037913,31.874384],[35.038115,31.873908],[35.038154,31.873678],[35.038187,31.873401],[35.038175,31.873115],[35.038064,31.872363],[35.037731,31.870196],[35.037502,31.868713],[35.037486,31.868489],[35.037441,31.868204],[35.037222,31.867214]]},"properties":{"OBJECTID":85,"Status":"Constructed","Type":"Fence","IS_COUNTED":1,"Shape_Leng":987.284728242,"source_crs":"EPSG:32636","evidence":[{"source_id":"ocha_opt","title":"West Bank Separation Barrier (January 2018 alignment)","url":"https://www.ochaopt.org/page/datasets-and-mapping-tools","document_date":"2018-01-01","retrieved":"2026-08-09"}]}},{"type":"Feature","geometry":{"type":"LineString","coordinates":[[35.043297,32.064747],[35.042974,32.066938],[35.043058,32.068262],[35.044783,32.06981],[35.046077,32.071062],[35.048581,32.072684],[35.052295,32.074161],[35.055577,32.075121],[35.058859,32.07645],[35.06171,32.077704],[35.063609,32.078957],[35.064904,32.079621],[35.066979,32.079697],[35.069572,32.079405],[35.072511,32.079334],[35.075275,32.079926],[35.078558,32.081033],[35.082273,32.082508],[35.084778,32.083615],[35.087801,32.085089],[35.089858,32.085558],[35.090052,32.085602],[35.090394,32.08568],[35.092207,32.086639],[35.093589,32.087964],[35.093328,32.089141]]},"properties":{"OBJECTID":86,"Status":"Projected","Type":"NA","IS_COUNTED":1,"Shape_Leng":5930.90450702,"source_crs":"EPSG:32636","evidence":[{"source_id":"ocha_opt","title":"West Bank Separation Barrier (January 2018 alignment)","url":"https://www.ochaopt.org/page/datasets-and-mapping-tools","document_date":"2018-01-01","retrieved":"2026-08-09"}]}},{"type":"Feature","geometry":{"type":"LineString","coordinates":[[35.004839,32.065189],[35.004982,32.065259],[35.005687,32.065353],[35.006436,32.065211],[35.007201,32.065098],[35.007941,32.065128],[35.008638,32.065358],[35.009016,32.065566],[35.009773,32.065424],[35.010076,32.065081],[35.010228,32.064652],[35.010378,32.064301],[35.010555,32.064137],[35.010841,32.064001],[35.011136,32.063937],[35.011741,32.063938],[35.015069,32.064072],[35.015355,32.064065],[35.0157,32.064001],[35.016028,32.06388],[35.017442,32.06326],[35.017866,32.063096],[35.018084,32.063024],[35.018404,32.063011],[35.018773,32.063068],[35.019563,32.063112],[35.019967,32.062977],[35.020203,32.062791],[35.020304,32.062491],[35.020541,32.061654],[35.020769,32.061403],[35.02103,32.061261],[35.021526,32.061211],[35.024005,32.061308],[35.024232,32.061265],[35.024518,32.06113],[35.030894,32.058223],[35.033794,32.056876],[35.033971,32.056798],[35.034349,32.056763],[35.03466,32.056784],[35.03492,32.056885],[35.035231,32.057057],[35.038335,32.060504],[35.038496,32.060699],[35.038765,32.060886],[35.043497,32.063489],[35.043561,32.063819],[35.043297,32.064747]]},"properties":{"OBJECTID":87,"Status":"Projected","Type":"NA","IS_COUNTED":1,"Shape_Leng":4488.04244417,"source_crs":"EPSG:32636","evidence":[{"source_id":"ocha_opt","title":"West Bank Separation Barrier (January 2018 alignment)","url":"https://www.ochaopt.org/page/datasets-and-mapping-tools","document_date":"2018-01-01","retrieved":"2026-08-09"}]}},{"type":"Feature","geometry":{"type":"LineString","coordinates":[[35.037222,31.867214],[35.036969,31.866075],[35.036848,31.865407],[35.036809,31.865159],[35.036585,31.864399],[35.036329,31.863136],[35.036255,31.862836],[35.036249,31.862574],[35.036265,31.862249],[35.036353,31.861694],[35.036422,31.861278],[35.036446,31.861082],[35.036425,31.860896],[35.036355,31.86074],[35.036245,31.860579],[35.036118,31.860409],[35.036042,31.860263],[35.036038,31.860096],[35.036091,31.859932],[35.036222,31.859797],[35.036316,31.859747],[35.036511,31.859701],[35.036773,31.859664],[35.037471,31.859624],[35.038051,31.859581],[35.038424,31.859532],[35.038714,31.859466],[35.038924,31.859367],[35.039184,31.859215],[35.040805,31.858205],[35.041517,31.857755],[35.04176,31.857622],[35.042095,31.857462],[35.04312,31.857006],[35.043535,31.856818],[35.043768,31.856714],[35.043945,31.856644],[35.044151,31.856603],[35.044425,31.856589],[35.045531,31.856538],[35.046059,31.856513],[35.046389,31.856493],[35.046718,31.856445],[35.047001,31.856359],[35.047239,31.85626],[35.047444,31.856151],[35.047664,31.856],[35.047999,31.855699],[35.04894,31.855025],[35.049484,31.854615],[35.050485,31.85384],[35.050734,31.853631],[35.050954,31.853479],[35.051181,31.853356],[35.051315,31.853339],[35.051449,31.853338],[35.051611,31.853359],[35.051802,31.853443],[35.05228,31.853759],[35.052619,31.853925],[35.052765,31.853961],[35.052972,31.853967],[35.0531,31.853961],[35.053738,31.85394],[35.053997,31.853928],[35.054173,31.853919],[35.05437,31.853935],[35.054584,31.854003],[35.054793,31.854138],[35.055906,31.854898],[35.05614,31.855052],[35.057491,31.855944],[35.058088,31.856287],[35.058768,31.856701],[35.059076,31.856849],[35.059279,31.856931],[35.059481,31.856957],[35.059643,31.856964],[35.059849,31.856922],[35.060043,31.856833],[35.060236,31.856687],[35.060551,31.856416],[35.061317,31.855758],[35.061866,31.855334],[35.062033,31.855274],[35.062456,31.855243],[35.063017,31.855291],[35.063993,31.855438],[35.064676,31.855603],[35.065384,31.855878],[35.065938,31.856155],[35.066311,31.856321],[35.066544,31.856415],[35.066788,31.856509],[35.067309,31.85671],[35.067968,31.856919],[35.068735,31.857212],[35.069182,31.85744],[35.069747,31.857747],[35.070109,31.857932],[35.070413,31.858056],[35.070655,31.858109],[35.070902,31.858129],[35.071198,31.858115],[35.07152,31.858038],[35.071677,31.858026],[35.071844,31.858028],[35.072012,31.858025],[35.072145,31.857971],[35.072216,31.857893],[35.072303,31.857791],[35.072334,31.857676],[35.072337,31.857552],[35.072357,31.857452],[35.072429,31.857393],[35.072589,31.857324],[35.072755,31.857242],[35.073021,31.857171],[35.073532,31.85702],[35.073893,31.856909],[35.074176,31.85678],[35.074418,31.856623],[35.074649,31.856424],[35.074928,31.856166],[35.075174,31.8559],[35.075491,31.855575],[35.075699,31.855376],[35.075865,31.855282],[35.076058,31.855198],[35.076214,31.855172],[35.076438,31.855149],[35.076684,31.855164],[35.076903,31.855213],[35.07714,31.855305],[35.077581,31.855531],[35.077875,31.855784],[35.078093,31.855991],[35.078359,31.856134],[35.078538,31.856169],[35.078785,31.856199],[35.079003,31.856181],[35.079198,31.856154],[35.079442,31.856054],[35.079795,31.855858],[35.080127,31.855685],[35.080338,31.855625],[35.080506,31.855617],[35.080674,31.855633],[35.080865,31.855697],[35.081086,31.855803],[35.081634,31.856047],[35.081853,31.85611],[35.081873,31.856114]]},"properties":{"OBJECTID":88,"Status":"Constructed","Type":"Fence","IS_COUNTED":1,"Shape_Leng":5863.27853518,"source_crs":"EPSG:32636","evidence":[{"source_id":"ocha_opt","title":"West Bank Separation Barrier (January 2018 alignment)","url":"https://www.ochaopt.org/page/datasets-and-mapping-tools","document_date":"2018-01-01","retrieved":"2026-08-09"}]}},{"type":"Feature","geometry":{"type":"LineString","coordinates":[[35.096793,31.835512],[35.096962,31.835055],[35.097113,31.834809],[35.097382,31.834605],[35.097548,31.834525],[35.097797,31.834421],[35.098092,31.834349],[35.098354,31.834332],[35.098633,31.834364],[35.098855,31.83448],[35.099128,31.834686],[35.099499,31.835009],[35.099653,31.835168],[35.099829,31.835261],[35.099975,31.835297],[35.100142,31.835275],[35.100342,31.835195],[35.100462,31.83506],[35.100525,31.83492],[35.100561,31.834753],[35.100518,31.834605],[35.100449,31.834501],[35.100268,31.834414],[35.100009,31.834332],[35.099772,31.83425],[35.09954,31.83412],[35.099149,31.833871],[35.098864,31.833628],[35.098704,31.833478],[35.098572,31.833318],[35.098385,31.833206],[35.098252,31.833142],[35.098204,31.833119],[35.098019,31.833098],[35.097778,31.833078],[35.097554,31.833077],[35.097242,31.83312],[35.097037,31.833176],[35.09687,31.833222],[35.096726,31.833277],[35.096614,31.833278],[35.096524,31.833247],[35.096449,31.833157],[35.096446,31.833038],[35.096471,31.832904],[35.096608,31.832772],[35.09678,31.832708],[35.096902,31.832682],[35.09717,31.832625],[35.097392,31.832593],[35.097677,31.832578],[35.098029,31.832582],[35.098466,31.832613],[35.098818,31.83271],[35.098826,31.832712],[35.099266,31.832896],[35.099482,31.833021],[35.09963,31.833138],[35.099738,31.833208],[35.099884,31.833244],[35.100051,31.833231],[35.100179,31.833186],[35.100339,31.833088],[35.100442,31.832977],[35.100484,31.832861],[35.100465,31.832728],[35.100379,31.832629],[35.100152,31.832518],[35.099499,31.832179],[35.099355,31.832105],[35.098441,31.831571],[35.097982,31.831225],[35.097851,31.831113],[35.097787,31.83094],[35.097766,31.830823],[35.097769,31.830718],[35.097808,31.830587],[35.097811,31.830579],[35.09793,31.830431],[35.098201,31.830274],[35.098511,31.830135],[35.099118,31.82981],[35.100011,31.829242],[35.100518,31.828914],[35.100799,31.828752],[35.100958,31.828587],[35.100949,31.828439],[35.100889,31.828282],[35.10077,31.828189],[35.100629,31.828129],[35.100472,31.828118],[35.100327,31.828125],[35.100155,31.828175],[35.09994,31.828317],[35.099704,31.828526],[35.099467,31.828664],[35.099162,31.828774],[35.098362,31.829007],[35.098228,31.828995],[35.098109,31.82893],[35.098094,31.828905],[35.098079,31.828881],[35.098016,31.828798],[35.098003,31.828693],[35.098057,31.828606],[35.098173,31.828552],[35.098498,31.828399],[35.098753,31.828279],[35.099145,31.828037],[35.099752,31.827678],[35.100413,31.827224],[35.100913,31.826876],[35.101348,31.826609],[35.102457,31.825956],[35.103314,31.825512],[35.10405,31.825185],[35.104465,31.825026],[35.104688,31.824979],[35.104999,31.824912],[35.105373,31.824886],[35.105588,31.824876],[35.105814,31.824865],[35.10635,31.824832],[35.106724,31.824807],[35.107047,31.824763],[35.107258,31.824703],[35.107401,31.824609],[35.107583,31.824473],[35.107747,31.824327],[35.108043,31.82406],[35.108256,31.823851],[35.108477,31.823718],[35.108798,31.823589],[35.108996,31.823538],[35.109252,31.823495],[35.109487,31.823492],[35.109896,31.823542],[35.110311,31.823621],[35.110597,31.823645],[35.11091,31.82364],[35.1112,31.823606],[35.111506,31.823544],[35.111814,31.823452],[35.111828,31.823448],[35.112121,31.823314],[35.112364,31.823172],[35.112618,31.823043],[35.112879,31.822963],[35.113207,31.822881],[35.113446,31.82282],[35.114144,31.822653],[35.115435,31.822318],[35.115678,31.82225],[35.115912,31.822246],[35.116165,31.822276],[35.116363,31.822377]]},"properties":{"OBJECTID":89,"Status":"Constructed","Type":"Fence","IS_COUNTED":1,"Shape_Leng":4496.97405203,"source_crs":"EPSG:32636","evidence":[{"source_id":"ocha_opt","title":"West Bank Separation Barrier (January 2018 alignment)","url":"https://www.ochaopt.org/page/datasets-and-mapping-tools","document_date":"2018-01-01","retrieved":"2026-08-09"}]}},{"type":"Feature","geometry":{"type":"LineString","coordinates":[[35.033706,31.66241],[35.033672,31.662403],[35.033414,31.662357],[35.033044,31.662282],[35.032741,31.662177],[35.032538,31.662075],[35.032378,31.661939],[35.032314,31.661787],[35.032255,31.661687],[35.032221,31.661592],[35.032143,31.661375],[35.032013,31.661043],[35.031926,31.660877],[35.031823,31.660779],[35.031682,31.66069],[35.031565,31.660649],[35.031429,31.660589],[35.031054,31.660504],[35.030622,31.660388],[35.030285,31.660331],[35.030081,31.660292],[35.029747,31.660229],[35.029249,31.660156],[35.02884,31.660058],[35.028419,31.659959],[35.028065,31.659822],[35.027839,31.659716],[35.027398,31.65946],[35.026969,31.659238],[35.026712,31.659101],[35.026425,31.659001],[35.026116,31.658915],[35.025308,31.658699],[35.024795,31.65856],[35.024539,31.658491],[35.02391,31.65831],[35.022982,31.657994],[35.022151,31.657718],[35.021018,31.65732],[35.02031,31.657064],[35.019168,31.656653],[35.018892,31.656528],[35.018706,31.656441],[35.016668,31.655743],[35.016246,31.655611],[35.015982,31.655515],[35.015707,31.655471],[35.015518,31.655474],[35.015308,31.655507],[35.015212,31.655522],[35.014001,31.65577],[35.013851,31.655787],[35.01365,31.655795],[35.013455,31.655793],[35.01327,31.655753],[35.013101,31.655689],[35.012953,31.655586],[35.012822,31.65544],[35.012655,31.655185],[35.012473,31.654802],[35.012405,31.654726],[35.012337,31.65469],[35.012224,31.654629],[35.012081,31.654455],[35.011858,31.654215],[35.011658,31.654008],[35.011506,31.653915],[35.011353,31.653841],[35.011179,31.653762],[35.010965,31.653661],[35.010531,31.653482],[35.008763,31.652755],[35.008543,31.652611],[35.008256,31.6524],[35.007848,31.652121],[35.007541,31.651834],[35.007159,31.651473],[35.00686,31.651086],[35.006609,31.650818],[35.006459,31.650578],[35.006267,31.650217],[35.005987,31.649663],[35.005486,31.64864],[35.004505,31.646634],[35.003857,31.645255],[35.003754,31.645138],[35.003618,31.64503],[35.00337,31.64491],[35.003151,31.644851],[35.002922,31.644845],[35.002722,31.644848],[35.002521,31.644885],[35.00235,31.644954],[35.002179,31.645048],[35.002031,31.645179],[35.001939,31.645295],[35.001831,31.645468],[35.001763,31.64568],[35.001351,31.647037],[35.001251,31.647318],[35.001165,31.647476],[35.001063,31.647626],[35.000943,31.647757],[35.000805,31.64785],[35.000661,31.647914],[35.000506,31.647945],[35.000296,31.647983],[35.000121,31.647956],[34.999919,31.647902],[34.999738,31.647809],[34.999578,31.647673],[34.999429,31.647494],[34.999369,31.647328],[34.999327,31.647152],[34.999329,31.647113],[34.999335,31.646952],[34.999431,31.646613],[34.999431,31.64661],[34.999433,31.646604],[34.999438,31.646587],[34.999489,31.64615],[34.99949,31.646147],[34.999614,31.64542],[34.999663,31.645113],[34.999714,31.644879],[34.999772,31.644711],[34.999779,31.644525],[34.999753,31.644353],[34.999668,31.644039],[34.999598,31.643883],[34.999477,31.643708],[34.999334,31.643548],[34.999101,31.643351],[34.998732,31.64308],[34.998278,31.642715],[34.998034,31.64249],[34.997788,31.64225],[34.997639,31.642045],[34.997381,31.641629],[34.996952,31.640452],[34.996666,31.639569],[34.996455,31.638856],[34.996052,31.637772],[34.995728,31.636946],[34.995461,31.636237],[34.994901,31.634604],[34.994399,31.633292],[34.994311,31.633059],[34.994165,31.632794],[34.99393,31.632493],[34.993708,31.632253],[34.992773,31.631327],[34.992631,31.631215],[34.992529,31.631149],[34.992226,31.631049],[34.990781,31.630508],[34.988073,31.62952],[34.986026,31.62875],[34.985005,31.628391],[34.98401,31.62801],[34.982588,31.627488],[34.982023,31.62727],[34.98171,31.627149],[34.981272,31.626963],[34.980937,31.626769],[34.980546,31.626494],[34.98016,31.626189],[34.979824,31.62586],[34.979503,31.625441],[34.979317,31.625081],[34.979142,31.624735],[34.97896,31.62432],[34.978851,31.623873],[34.978794,31.623564],[34.978778,31.62318],[34.97878,31.622905],[34.978791,31.622652],[34.978814,31.622482],[34.978835,31.622332],[34.978922,31.621987],[34.979086,31.621559],[34.979454,31.620752],[34.979683,31.620252],[34.97974,31.620022],[34.979746,31.619788],[34.979752,31.619564],[34.979698,31.619373],[34.979648,31.619117],[34.979526,31.61888],[34.978799,31.618001],[34.97726,31.616204],[34.977184,31.616009],[34.977147,31.615857],[34.977143,31.615685],[34.977162,31.615528],[34.977213,31.615302],[34.977294,31.615144],[34.977434,31.614908],[34.977634,31.614618],[34.978124,31.614052],[34.978258,31.613811],[34.978349,31.6136],[34.97839,31.613427],[34.978412,31.61316],[34.978395,31.612893],[34.978335,31.612669],[34.978207,31.612437],[34.977973,31.612188],[34.97769,31.612016],[34.977267,31.611779],[34.976653,31.611497],[34.975292,31.610931],[34.971271,31.609232],[34.968239,31.607947],[34.967204,31.607515],[34.966939,31.607366],[34.966712,31.607202],[34.966505,31.606976],[34.966334,31.606774],[34.9662,31.606513],[34.966122,31.606262],[34.96606,31.605971],[34.966039,31.605724],[34.96605,31.60548],[34.966091,31.605284],[34.966187,31.60511],[34.967062,31.603486],[34.967223,31.603197],[34.967324,31.602933],[34.967346,31.602646],[34.967346,31.602384],[34.96731,31.601988],[34.967216,31.601255],[34.967182,31.600682],[34.96715,31.600217],[34.967143,31.599893],[34.967181,31.599301],[34.967258,31.598455],[34.967292,31.59822],[34.967616,31.59612],[34.967669,31.595482],[34.967729,31.594641],[34.967826,31.593656],[34.967843,31.593133],[34.967802,31.5928],[34.967713,31.592553],[34.967592,31.592345],[34.967415,31.592142],[34.967233,31.591964],[34.967013,31.591838],[34.966799,31.591736],[34.966473,31.591617],[34.966204,31.591593],[34.965937,31.591587],[34.964671,31.591588],[34.964208,31.591576],[34.964056,31.591542],[34.963877,31.591469],[34.96374,31.591375],[34.963712,31.591357],[34.963569,31.591294],[34.963543,31.591283],[34.963469,31.591123],[34.963362,31.591031],[34.962935,31.590664],[34.962184,31.589994],[34.962715,31.589566],[34.962192,31.58914],[34.961578,31.589492],[34.961417,31.589325],[34.961387,31.589267],[34.961351,31.589195],[34.961336,31.589158],[34.96121,31.588839],[34.961187,31.588558],[34.961242,31.588266],[34.961399,31.588025],[34.961649,31.587744],[34.961864,31.587626],[34.962434,31.58741],[34.964327,31.586741],[34.964582,31.586608],[34.96478,31.586457],[34.96491,31.586293],[34.964995,31.586082],[34.965008,31.585905],[34.96497,31.58571],[34.964882,31.585508],[34.964723,31.585344],[34.964547,31.585222],[34.964356,31.585125],[34.964187,31.585056],[34.964003,31.58504],[34.963841,31.585042],[34.963662,31.585088],[34.960733,31.586068],[34.959593,31.586453],[34.956223,31.587586],[34.955918,31.587663],[34.95564,31.587695],[34.955267,31.587735],[34.955005,31.587729],[34.954664,31.587701],[34.954258,31.587664],[34.953833,31.587575],[34.953366,31.587406],[34.952916,31.587174],[34.952458,31.586914],[34.951709,31.58629],[34.950035,31.58485],[34.949586,31.584306],[34.949412,31.583994],[34.949271,31.583623],[34.949214,31.583314],[34.949209,31.583066],[34.949209,31.58278],[34.949269,31.582464],[34.949858,31.580786],[34.949888,31.580576],[34.949883,31.580342],[34.949861,31.580113],[34.949801,31.579923],[34.94969,31.579648],[34.949236,31.578753],[34.949112,31.578406],[34.948501,31.576912],[34.948287,31.576254],[34.948283,31.576059],[34.948418,31.575312],[34.948684,31.574731],[34.949451,31.57301],[34.949977,31.571773],[34.950006,31.571558],[34.949967,31.571291],[34.949901,31.571068],[34.949784,31.570785],[34.949551,31.57055],[34.94933,31.570396],[34.949059,31.570257],[34.948779,31.570171],[34.948555,31.570136],[34.947029,31.569916],[34.94676,31.569844],[34.94649,31.569728],[34.946325,31.569583],[34.946067,31.56928],[34.945989,31.569144],[34.945912,31.568921],[34.945908,31.56873],[34.94592,31.56851],[34.945993,31.568261],[34.946106,31.568054],[34.946303,31.567874],[34.946462,31.567743],[34.947399,31.567087],[34.948712,31.566141],[34.950014,31.565219],[34.95032,31.56493],[34.950417,31.564757],[34.950468,31.564532],[34.950469,31.564307],[34.950437,31.564127],[34.950366,31.563927],[34.950212,31.563753],[34.949997,31.563608],[34.949778,31.56353],[34.948955,31.563357],[34.946039,31.562793],[34.944183,31.56242],[34.94393,31.562333],[34.943709,31.562184],[34.943511,31.562025],[34.943311,31.561813],[34.943226,31.561723],[34.943093,31.561503],[34.942993,31.561252],[34.942933,31.561019],[34.942934,31.560819],[34.942951,31.560537],[34.943006,31.560269],[34.943184,31.559965],[34.943312,31.55978],[34.943341,31.559738],[34.944096,31.558519],[34.944176,31.558322],[34.944189,31.558146],[34.944184,31.557936],[34.944175,31.557745],[34.944111,31.55765],[34.944017,31.557418],[34.94389,31.557196],[34.943281,31.556232],[34.94325,31.556184],[34.943191,31.555994],[34.943192,31.555803],[34.943193,31.555735],[34.943195,31.55564],[34.943263,31.555427],[34.943391,31.555182],[34.943532,31.554993],[34.943779,31.554808],[34.945889,31.553588],[34.946141,31.553419],[34.946299,31.553264],[34.946435,31.553095],[34.946532,31.552917],[34.946632,31.552657],[34.94664,31.552481],[34.946635,31.552242],[34.946586,31.552033],[34.946481,31.55181],[34.946303,31.551579],[34.946092,31.551358],[34.945861,31.551209],[34.944596,31.550698],[34.943991,31.550469],[34.943743,31.550324],[34.943528,31.550175],[34.94333,31.549997],[34.943193,31.549841],[34.943037,31.549614],[34.942994,31.549415],[34.94295,31.549167],[34.942945,31.548943],[34.942963,31.548718],[34.943003,31.548488],[34.943293,31.546642],[34.943553,31.545189],[34.94371,31.544156],[34.943815,31.54355],[34.943825,31.543259],[34.943814,31.543001],[34.943747,31.542687],[34.943618,31.542379],[34.943495,31.542137],[34.943158,31.541737],[34.94232,31.540805],[34.942146,31.540487],[34.94205,31.540164],[34.941995,31.539917],[34.942006,31.539659],[34.942063,31.537274],[34.942055,31.536897],[34.942082,31.536605],[34.942192,31.536246],[34.942304,31.536005],[34.942547,31.535629],[34.942721,31.535417],[34.942989,31.535179],[34.943247,31.534982],[34.944573,31.534159],[34.94476,31.533997],[34.944917,31.53378],[34.945018,31.533535],[34.945046,31.533276],[34.945008,31.533043],[34.944902,31.532787],[34.944673,31.532499],[34.944677,31.532423],[34.944737,31.532326],[34.944493,31.532111],[34.944298,31.532137],[34.944191,31.532091],[34.944048,31.531926],[34.943359,31.531259],[34.943039,31.530873],[34.942734,31.5304],[34.942449,31.529831],[34.942292,31.529493],[34.942063,31.528998],[34.941388,31.52754],[34.940466,31.525532],[34.940406,31.525323],[34.940301,31.52484],[34.94026,31.524483],[34.940269,31.524134],[34.940333,31.523718],[34.940427,31.523387],[34.940439,31.523347],[34.940909,31.521764],[34.940911,31.521757],[34.941146,31.520968],[34.941876,31.518545],[34.942573,31.51614],[34.942683,31.515812],[34.942804,31.515461],[34.942967,31.515238],[34.942999,31.515196],[34.943214,31.514844],[34.943442,31.514526],[34.943742,31.514249],[34.944159,31.513909],[34.944554,31.513564],[34.944811,31.513326],[34.944941,31.513147],[34.94501,31.512974],[34.945051,31.512811],[34.945074,31.512601]]},"properties":{"OBJECTID":90,"Status":"Constructed","Type":"Fence","IS_COUNTED":1,"Shape_Leng":25189.5113494,"source_crs":"EPSG:32636","evidence":[{"source_id":"ocha_opt","title":"West Bank Separation Barrier (January 2018 alignment)","url":"https://www.ochaopt.org/page/datasets-and-mapping-tools","document_date":"2018-01-01","retrieved":"2026-08-09"}]}},{"type":"Feature","geometry":{"type":"LineString","coordinates":[[35.234983,31.844482],[35.23522,31.844437],[35.235928,31.844353],[35.236138,31.844258],[35.236463,31.84404],[35.2367,31.843912],[35.236832,31.843843],[35.23696,31.843812],[35.237106,31.843809],[35.237269,31.843849],[35.23748,31.843905],[35.237645,31.843919],[35.237768,31.843927],[35.237902,31.843896],[35.238023,31.843841],[35.238112,31.84383],[35.238175,31.843896],[35.238229,31.844028],[35.238312,31.844222],[35.238489,31.844391],[35.238728,31.844554],[35.239226,31.844812],[35.239662,31.845039],[35.239833,31.845179],[35.239994,31.845324],[35.240087,31.845485],[35.24017,31.845679],[35.240214,31.845874],[35.24039,31.846443],[35.240568,31.847089],[35.240594,31.847232],[35.240585,31.847342],[35.240499,31.847491],[35.240333,31.847771],[35.240269,31.84792],[35.240262,31.848068],[35.240288,31.848223],[35.240459,31.848592],[35.24062,31.849009],[35.240723,31.849351],[35.240804,31.849684],[35.240881,31.849873],[35.24107,31.850032],[35.241177,31.850068],[35.241283,31.850076],[35.241401,31.850074]]},"properties":{"OBJECTID":91,"Status":"Constructed","Type":"Concrete","IS_COUNTED":1,"Shape_Leng":1154.55367303,"source_crs":"EPSG:32636","evidence":[{"source_id":"ocha_opt","title":"West Bank Separation Barrier (January 2018 alignment)","url":"https://www.ochaopt.org/page/datasets-and-mapping-tools","document_date":"2018-01-01","retrieved":"2026-08-09"}]}},{"type":"Feature","geometry":{"type":"LineString","coordinates":[[35.116363,31.822377],[35.116506,31.822528],[35.116639,31.822721],[35.116718,31.823035],[35.116795,31.823437],[35.116822,31.823876],[35.116761,31.824182],[35.116783,31.824373],[35.116899,31.824576],[35.117082,31.824759],[35.117207,31.824838],[35.117486,31.824984],[35.117762,31.82508],[35.118171,31.82513],[35.118663,31.825127],[35.119221,31.825108],[35.119725,31.825119],[35.120048,31.82518],[35.120185,31.825206],[35.12053,31.825358],[35.120741,31.82556],[35.120813,31.825773],[35.12079,31.825979],[35.120632,31.826163],[35.120428,31.826305],[35.120141,31.826477],[35.120032,31.826581],[35.119891,31.826755],[35.119847,31.827023],[35.119845,31.827219],[35.119874,31.8275],[35.119925,31.827762],[35.120037,31.828042],[35.120281,31.828417],[35.12046,31.828672],[35.120615,31.828831],[35.120802,31.828957],[35.121201,31.829065],[35.121495,31.829103],[35.121774,31.829117],[35.12207,31.829108],[35.122432,31.82903],[35.122726,31.828925],[35.123098,31.828833],[35.123404,31.828775],[35.123618,31.828824],[35.123827,31.828902],[35.123925,31.829039]]},"properties":{"OBJECTID":92,"Status":"Constructed","Type":"Fence","IS_COUNTED":1,"Shape_Leng":1410.57796579,"source_crs":"EPSG:32636","evidence":[{"source_id":"ocha_opt","title":"West Bank Separation Barrier (January 2018 alignment)","url":"https://www.ochaopt.org/page/datasets-and-mapping-tools","document_date":"2018-01-01","retrieved":"2026-08-09"}]}},{"type":"Feature","geometry":{"type":"LineString","coordinates":[[35.123925,31.829039],[35.123979,31.829195],[35.123993,31.829343],[35.124012,31.829419],[35.124075,31.829504],[35.124151,31.829627],[35.124171,31.829784],[35.124153,31.829951],[35.124089,31.830086],[35.123958,31.830231],[35.123826,31.830348],[35.123773,31.830473],[35.123732,31.830648],[35.123709,31.83083],[35.123712,31.830987],[35.123746,31.831244],[35.123846,31.831448],[35.123986,31.831689],[35.124226,31.831947],[35.124516,31.832203],[35.124693,31.832331],[35.124994,31.832507],[35.125309,31.832621],[35.125675,31.832734],[35.126017,31.832767],[35.126369,31.832794],[35.126688,31.832784],[35.127067,31.832759],[35.127445,31.832657],[35.127878,31.832497],[35.128281,31.832246],[35.128715,31.831949],[35.129122,31.831682],[35.129382,31.831529],[35.12952,31.831451],[35.129692,31.831429],[35.129878,31.831459],[35.130105,31.831613],[35.130418,31.83188],[35.130706,31.832032],[35.130966,31.832133],[35.131259,31.832223],[35.131718,31.8323],[35.131998,31.832292],[35.132322,31.832263],[35.132616,31.832191],[35.132932,31.832071],[35.133336,31.831864],[35.134594,31.830907],[35.13489,31.830673]]},"properties":{"OBJECTID":93,"Status":"Constructed","Type":"Fence","IS_COUNTED":1,"Shape_Leng":1523.8471531,"source_crs":"EPSG:32636","evidence":[{"source_id":"ocha_opt","title":"West Bank Separation Barrier (January 2018 alignment)","url":"https://www.ochaopt.org/page/datasets-and-mapping-tools","document_date":"2018-01-01","retrieved":"2026-08-09"}]}},{"type":"Feature","geometry":{"type":"LineString","coordinates":[[35.154281,31.813027],[35.154433,31.813017],[35.15506,31.812977],[35.15588,31.812906],[35.156707,31.812862],[35.156996,31.81284],[35.157309,31.81283],[35.157551,31.812916],[35.157811,31.813031],[35.158055,31.813199],[35.158223,31.813444],[35.158359,31.813766],[35.158572,31.814035],[35.158787,31.81416],[35.159068,31.814212],[35.15933,31.814179],[35.159656,31.81404],[35.160549,31.813576],[35.161383,31.813161],[35.16165,31.813095],[35.161902,31.813114],[35.162061,31.813231],[35.162122,31.813445],[35.162116,31.813745],[35.162114,31.813875],[35.162113,31.813913],[35.162109,31.814179]]},"properties":{"OBJECTID":94,"Status":"Constructed","Type":"Fence","IS_COUNTED":1,"Shape_Leng":953.118351744,"source_crs":"EPSG:32636","evidence":[{"source_id":"ocha_opt","title":"West Bank Separation Barrier (January 2018 alignment)","url":"https://www.ochaopt.org/page/datasets-and-mapping-tools","document_date":"2018-01-01","retrieved":"2026-08-09"}]}},{"type":"Feature","geometry":{"type":"LineString","coordinates":[[35.081873,31.856114],[35.082044,31.856145],[35.082195,31.856148],[35.082374,31.856135],[35.082507,31.856081],[35.082655,31.855978],[35.083023,31.855781],[35.083244,31.855639],[35.083399,31.85556],[35.083599,31.855533],[35.083857,31.855557],[35.084177,31.855624],[35.084368,31.85563],[35.084549,31.855627]]},"properties":{"OBJECTID":95,"Status":"Constructed","Type":"Fence","IS_COUNTED":1,"Shape_Leng":274.306175641,"source_crs":"EPSG:32636","evidence":[{"source_id":"ocha_opt","title":"West Bank Separation Barrier (January 2018 alignment)","url":"https://www.ochaopt.org/page/datasets-and-mapping-tools","document_date":"2018-01-01","retrieved":"2026-08-09"}]}},{"type":"Feature","geometry":{"type":"LineString","coordinates":[[35.183027,31.860592],[35.183693,31.861038],[35.184236,31.861516],[35.184561,31.861816],[35.184655,31.861981]]},"properties":{"OBJECTID":96,"Status":"Constructed","Type":"Fence","IS_COUNTED":1,"Shape_Leng":219.679100834,"source_crs":"EPSG:32636","evidence":[{"source_id":"ocha_opt","title":"West Bank Separation Barrier (January 2018 alignment)","url":"https://www.ochaopt.org/page/datasets-and-mapping-tools","document_date":"2018-01-01","retrieved":"2026-08-09"}]}},{"type":"Feature","geometry":{"type":"LineString","coordinates":[[35.13489,31.830673],[35.135331,31.830325],[35.136036,31.829645],[35.136626,31.829029],[35.136923,31.828577],[35.137106,31.828283],[35.137275,31.828099],[35.137571,31.827836],[35.137796,31.827666],[35.138349,31.827193],[35.138678,31.826916],[35.138793,31.826823],[35.138965,31.826763],[35.139309,31.826638],[35.139636,31.826503],[35.139884,31.826342],[35.140241,31.826069],[35.140426,31.825874],[35.140556,31.825681],[35.140646,31.82547],[35.1408,31.825121],[35.140873,31.824877],[35.14088,31.824695],[35.140881,31.824528],[35.140833,31.824371],[35.140746,31.824215],[35.14063,31.82406],[35.140482,31.823953],[35.140239,31.823799],[35.139296,31.823426],[35.1391,31.823377],[35.138845,31.823348],[35.138562,31.823333],[35.138215,31.823311],[35.138052,31.823289],[35.137943,31.823195],[35.137829,31.823074],[35.137798,31.822941],[35.137796,31.822816],[35.137876,31.822672],[35.138061,31.822454],[35.138846,31.821598],[35.139332,31.82107],[35.139433,31.820882],[35.139497,31.820719],[35.13951,31.820571],[35.13952,31.820253],[35.139463,31.820001],[35.139364,31.819812]]},"properties":{"OBJECTID":97,"Status":"Constructed","Type":"Fence","IS_COUNTED":1,"Shape_Leng":1686.16185618,"source_crs":"EPSG:32636","evidence":[{"source_id":"ocha_opt","title":"West Bank Separation Barrier (January 2018 alignment)","url":"https://www.ochaopt.org/page/datasets-and-mapping-tools","document_date":"2018-01-01","retrieved":"2026-08-09"}]}},{"type":"Feature","geometry":{"type":"LineString","coordinates":[[35.139364,31.819812],[35.13918,31.819576],[35.138986,31.819398],[35.138714,31.819245],[35.13841,31.81915],[35.138137,31.819096],[35.137597,31.819049],[35.137127,31.819014],[35.136406,31.819017],[35.136113,31.819022],[35.135712,31.819071],[35.135289,31.819164],[35.133917,31.819517],[35.13365,31.819564],[35.133437,31.819554],[35.133285,31.819513],[35.133132,31.819425],[35.133029,31.819312],[35.132925,31.81918],[35.13286,31.819019],[35.132806,31.818843],[35.132802,31.818681],[35.132831,31.81849],[35.132971,31.818249],[35.133083,31.818035],[35.133236,31.817851],[35.13345,31.817685],[35.135272,31.816709],[35.13556,31.816609],[35.135832,31.816533],[35.1361,31.816495],[35.136535,31.816478],[35.138467,31.81646],[35.138634,31.816424],[35.13886,31.816315],[35.138975,31.816213],[35.139099,31.816008],[35.139343,31.815436],[35.139414,31.815124],[35.139425,31.814885],[35.13937,31.814681],[35.139227,31.814447],[35.13908,31.814206],[35.139032,31.814059],[35.139046,31.81394],[35.139128,31.813886],[35.139273,31.813874],[35.139453,31.813909],[35.139984,31.814158],[35.140038,31.814175],[35.140468,31.814312],[35.140839,31.814387],[35.141005,31.814389],[35.141267,31.814375],[35.141495,31.814309],[35.14171,31.814196],[35.141968,31.814024],[35.142276,31.813761],[35.142672,31.813483],[35.142901,31.813306],[35.143012,31.81325],[35.143123,31.813193],[35.143257,31.813186],[35.143258,31.813187],[35.143371,31.813256],[35.143402,31.813403],[35.143344,31.813543],[35.143186,31.813717],[35.142825,31.814077],[35.142545,31.814296],[35.142419,31.814384],[35.142366,31.814519],[35.142408,31.814671],[35.142562,31.814792],[35.142726,31.814861],[35.142921,31.814843],[35.14317,31.814729],[35.143351,31.814593],[35.143728,31.814197],[35.144399,31.81335]]},"properties":{"OBJECTID":98,"Status":"Constructed","Type":"Fence","IS_COUNTED":1,"Shape_Leng":2627.91505211,"source_crs":"EPSG:32636","evidence":[{"source_id":"ocha_opt","title":"West Bank Separation Barrier (January 2018 alignment)","url":"https://www.ochaopt.org/page/datasets-and-mapping-tools","document_date":"2018-01-01","retrieved":"2026-08-09"}]}},{"type":"Feature","geometry":{"type":"LineString","coordinates":[[35.144399,31.81335],[35.144727,31.812893],[35.144759,31.812848],[35.1449,31.812646],[35.145157,31.812422],[35.145608,31.812221],[35.145963,31.812091],[35.146457,31.811958],[35.146769,31.811891],[35.147097,31.811828],[35.147381,31.811776]]},"properties":{"OBJECTID":99,"Status":"Constructed","Type":"Fence","IS_COUNTED":1,"Shape_Leng":349.782230848,"source_crs":"EPSG:32636","evidence":[{"source_id":"ocha_opt","title":"West Bank Separation Barrier (January 2018 alignment)","url":"https://www.ochaopt.org/page/datasets-and-mapping-tools","document_date":"2018-01-01","retrieved":"2026-08-09"}]}},{"type":"Feature","geometry":{"type":"LineString","coordinates":[[35.147381,31.811776],[35.14767,31.811709],[35.148031,31.811617],[35.148403,31.811529],[35.148743,31.811485],[35.148877,31.811496],[35.148945,31.811501],[35.149331,31.811533],[35.149697,31.811636],[35.150612,31.811912],[35.150967,31.812025],[35.1512,31.812184],[35.151517,31.812479],[35.151736,31.812661],[35.151986,31.812829],[35.152291,31.812953],[35.152623,31.813076],[35.152959,31.813104],[35.153463,31.813114],[35.153775,31.81309],[35.154154,31.813036],[35.154281,31.813027]]},"properties":{"OBJECTID":100,"Status":"Constructed","Type":"Fence","IS_COUNTED":1,"Shape_Leng":709.174722198,"source_crs":"EPSG:32636","evidence":[{"source_id":"ocha_opt","title":"West Bank Separation Barrier (January 2018 alignment)","url":"https://www.ochaopt.org/page/datasets-and-mapping-tools","document_date":"2018-01-01","retrieved":"2026-08-09"}]}},{"type":"Feature","geometry":{"type":"LineString","coordinates":[[35.162109,31.814179],[35.162105,31.81439],[35.162119,31.814764],[35.162089,31.814908],[35.161992,31.815086],[35.161952,31.815254],[35.161989,31.815397],[35.162225,31.815722],[35.162225,31.815722],[35.163074,31.816624],[35.163074,31.816624],[35.163319,31.816853]]},"properties":{"OBJECTID":101,"Status":"Constructed","Type":"Fence","IS_COUNTED":1,"Shape_Leng":343.335244736,"source_crs":"EPSG:32636","evidence":[{"source_id":"ocha_opt","title":"West Bank Separation Barrier (January 2018 alignment)","url":"https://www.ochaopt.org/page/datasets-and-mapping-tools","document_date":"2018-01-01","retrieved":"2026-08-09"}]}},{"type":"Feature","geometry":{"type":"LineString","coordinates":[[35.163319,31.816853],[35.163319,31.816853],[35.163676,31.81753],[35.16376,31.817796],[35.163769,31.818168],[35.16365,31.818828],[35.163522,31.819327],[35.16305,31.820158],[35.16265,31.820528],[35.162138,31.820832],[35.161586,31.821133],[35.161027,31.821386],[35.161155,31.821859],[35.161418,31.822127],[35.161698,31.822336],[35.162045,31.822617],[35.16231,31.822946],[35.162635,31.82348],[35.162675,31.823747],[35.162663,31.824195],[35.162477,31.824609],[35.162147,31.825082],[35.161744,31.82554],[35.161261,31.825897],[35.160786,31.826167],[35.160663,31.826207],[35.160332,31.826314],[35.160272,31.826322],[35.157377,31.826747],[35.156024,31.827051],[35.15431,31.827826],[35.154204,31.827933],[35.154196,31.828146],[35.15441,31.828349],[35.154522,31.828376],[35.154745,31.828353],[35.15511,31.828194],[35.155748,31.827983],[35.156077,31.827915],[35.156502,31.827942],[35.15803,31.82814],[35.158615,31.828268],[35.159108,31.828317],[35.159163,31.828322],[35.159731,31.82841],[35.159796,31.82842],[35.16061,31.828449],[35.161121,31.828349],[35.161398,31.828277],[35.161594,31.828295],[35.16172,31.828394],[35.161728,31.828401],[35.161816,31.828544],[35.16181,31.828586],[35.161776,31.828672],[35.161642,31.828781],[35.161453,31.828879],[35.161238,31.828986],[35.160785,31.82905],[35.160182,31.829029],[35.159494,31.829007],[35.159092,31.829021],[35.1587,31.829035],[35.158474,31.829038],[35.158253,31.829042],[35.157742,31.829114],[35.157343,31.829246],[35.157012,31.829457],[35.156903,31.829607],[35.156911,31.829736],[35.156951,31.829867],[35.157172,31.829992],[35.15765,31.830122],[35.158287,31.830231],[35.158802,31.830365],[35.159214,31.830535],[35.159477,31.830725],[35.159617,31.83091],[35.159651,31.830954],[35.159655,31.831036],[35.159655,31.831055]]},"properties":{"OBJECTID":102,"Status":"Constructed","Type":"Fence","IS_COUNTED":1,"Shape_Leng":3564.6680001,"source_crs":"EPSG:32636","evidence":[{"source_id":"ocha_opt","title":"West Bank Separation Barrier (January 2018 alignment)","url":"https://www.ochaopt.org/page/datasets-and-mapping-tools","document_date":"2018-01-01","retrieved":"2026-08-09"}]}},{"type":"Feature","geometry":{"type":"LineString","coordinates":[[35.162063,31.836659],[35.162063,31.836659],[35.162165,31.836889],[35.162158,31.836966],[35.162156,31.836995],[35.162149,31.837064],[35.162149,31.837065],[35.162148,31.837075],[35.162148,31.837076],[35.162069,31.837275],[35.162069,31.837275],[35.162069,31.837275],[35.162066,31.837283],[35.162066,31.837283],[35.162065,31.837285],[35.162065,31.837285],[35.162065,31.837285],[35.161923,31.837648],[35.161508,31.838535],[35.16129,31.838778],[35.160541,31.839516],[35.159978,31.840041],[35.15976,31.840302],[35.159725,31.84046],[35.159734,31.840642],[35.159773,31.840846],[35.159782,31.841008],[35.159758,31.841161],[35.159699,31.841291],[35.159535,31.841452],[35.159302,31.841522],[35.159114,31.841597],[35.158954,31.841691],[35.158861,31.841807],[35.158809,31.841956],[35.15878,31.842133],[35.158784,31.842309],[35.158743,31.842496],[35.158582,31.842795],[35.158269,31.843258],[35.158175,31.843346],[35.15801,31.843434],[35.157843,31.843475],[35.157703,31.843487],[35.15756,31.843556],[35.157423,31.843707],[35.156831,31.844457],[35.156584,31.844833],[35.156584,31.844833]]},"properties":{"OBJECTID":103,"Status":"Constructed","Type":"Fence","IS_COUNTED":1,"Shape_Leng":1109.48870903,"source_crs":"EPSG:32636","evidence":[{"source_id":"ocha_opt","title":"West Bank Separation Barrier (January 2018 alignment)","url":"https://www.ochaopt.org/page/datasets-and-mapping-tools","document_date":"2018-01-01","retrieved":"2026-08-09"}]}},{"type":"Feature","geometry":{"type":"LineString","coordinates":[[35.156584,31.844833],[35.156453,31.845031],[35.156201,31.845486],[35.156064,31.845832],[35.155968,31.846025],[35.155867,31.846165],[35.155821,31.846228],[35.155511,31.846591],[35.155063,31.847046],[35.154811,31.847303],[35.154563,31.847507],[35.154395,31.847663],[35.154278,31.847791],[35.154119,31.847903],[35.154007,31.848068],[35.153933,31.848178],[35.153818,31.84835],[35.153816,31.848354],[35.153546,31.848555],[35.15275,31.848951],[35.152712,31.84897],[35.152687,31.848986],[35.152491,31.849112],[35.152334,31.849305],[35.151842,31.850287],[35.151782,31.850465],[35.151721,31.850714],[35.151699,31.850977],[35.151776,31.851892],[35.151765,31.852126],[35.151696,31.852353],[35.151692,31.852366],[35.151386,31.853141],[35.151144,31.853754],[35.150928,31.854135],[35.150808,31.854262],[35.150682,31.85448],[35.150405,31.854733],[35.150278,31.854828],[35.149982,31.855049],[35.149713,31.855249],[35.149598,31.855401],[35.149538,31.855583],[35.149542,31.855759],[35.149639,31.855989],[35.149716,31.856092],[35.14979,31.856192],[35.150163,31.856547],[35.150436,31.856732],[35.1506,31.856881],[35.15067,31.857018],[35.150561,31.857134],[35.150425,31.857149],[35.15031,31.857155],[35.149667,31.857051],[35.14931,31.857009],[35.149087,31.857023],[35.148807,31.857071],[35.148517,31.857199],[35.148244,31.857399],[35.148059,31.857634],[35.147947,31.857915],[35.147919,31.858282],[35.147918,31.858604],[35.14788,31.858842],[35.147695,31.858997],[35.147502,31.859023],[35.147502,31.859023],[35.147301,31.859017],[35.147159,31.858953],[35.147159,31.858953],[35.147159,31.858952],[35.146999,31.858738],[35.146706,31.858561],[35.14654,31.858548],[35.146447,31.85854],[35.146316,31.858588],[35.146175,31.858686],[35.146122,31.858755],[35.146101,31.858848],[35.146126,31.858989],[35.146126,31.858989],[35.146328,31.859182],[35.14674,31.859425],[35.146951,31.859617],[35.146951,31.859617],[35.147184,31.8598],[35.147533,31.860197],[35.147588,31.860644],[35.147599,31.86102],[35.147667,31.861335],[35.147734,31.861544],[35.147796,31.861675],[35.14777,31.861751],[35.147655,31.861916],[35.147505,31.862026],[35.147315,31.862017],[35.147229,31.86198],[35.147122,31.861934],[35.146929,31.861803],[35.146728,31.861622],[35.146495,31.861445],[35.146323,31.861421],[35.146144,31.861396],[35.146019,31.861439],[35.145936,31.861521],[35.145861,31.861627],[35.14586,31.861628],[35.145861,31.861634],[35.145861,31.861638],[35.14587,31.861735],[35.145871,31.861738],[35.145877,31.861879],[35.145879,31.861928],[35.145881,31.861975],[35.145881,31.861984],[35.145881,31.861984],[35.145883,31.861986],[35.146004,31.862208],[35.146153,31.862387],[35.146252,31.862499],[35.146307,31.862616],[35.146307,31.862728],[35.146307,31.862728],[35.146193,31.862842],[35.14604,31.862872],[35.145896,31.862835],[35.14571,31.862494],[35.145602,31.862081],[35.145572,31.861876],[35.145471,31.861761],[35.145356,31.861702],[35.145167,31.861672],[35.145062,31.861717],[35.144922,31.861788],[35.144872,31.86185],[35.144831,31.861901],[35.144813,31.862062],[35.144824,31.862172],[35.144931,31.862441],[35.145051,31.862673],[35.145216,31.86291],[35.145457,31.86315],[35.145658,31.863324],[35.145913,31.86348],[35.145983,31.863542],[35.14602,31.863615],[35.146057,31.863686],[35.145987,31.863784],[35.145833,31.863826],[35.145645,31.863818],[35.145645,31.863818],[35.145431,31.863754],[35.144865,31.863473],[35.144261,31.862975],[35.143995,31.862617],[35.143744,31.862393],[35.143541,31.862333],[35.143363,31.862309],[35.143255,31.862273],[35.143146,31.862288],[35.142958,31.862327],[35.142807,31.862357],[35.142496,31.862455],[35.142314,31.862494],[35.142059,31.862526],[35.141832,31.862485],[35.141616,31.862407],[35.141333,31.862195],[35.140976,31.862025],[35.14063,31.861923],[35.140445,31.861902],[35.140274,31.861887],[35.139942,31.861845],[35.139633,31.86184],[35.139348,31.86184],[35.138845,31.861943],[35.138415,31.86205],[35.137978,31.862202],[35.136856,31.862688],[35.136803,31.862712],[35.136237,31.862998],[35.135688,31.863296],[35.135191,31.863629],[35.134784,31.863766],[35.134219,31.864005],[35.133989,31.864052],[35.133651,31.86412],[35.13365,31.86412],[35.133315,31.864154],[35.133036,31.864178],[35.133036,31.864178],[35.13273,31.864263],[35.132539,31.864304],[35.132346,31.864412],[35.132191,31.864525],[35.1321,31.864698],[35.132019,31.86491],[35.132019,31.864911],[35.132052,31.865144],[35.132107,31.865334],[35.132262,31.865546],[35.132498,31.865826],[35.132808,31.866165],[35.132995,31.866319]]},"properties":{"OBJECTID":104,"Status":"Constructed","Type":"Fence","IS_COUNTED":1,"Shape_Leng":5198.47563539,"source_crs":"EPSG:32636","evidence":[{"source_id":"ocha_opt","title":"West Bank Separation Barrier (January 2018 alignment)","url":"https://www.ochaopt.org/page/datasets-and-mapping-tools","document_date":"2018-01-01","retrieved":"2026-08-09"}]}},{"type":"Feature","geometry":{"type":"LineString","coordinates":[[35.160056,31.638626],[35.160236,31.638474],[35.160337,31.63823],[35.160362,31.637944],[35.160236,31.637744],[35.159224,31.636906],[35.159124,31.636712],[35.15726,31.636164],[35.155006,31.636163],[35.152753,31.635835],[35.150542,31.635543],[35.148586,31.635142],[35.146587,31.634814],[35.145684,31.634714],[35.145187,31.63483],[35.144374,31.634984],[35.14329,31.635138],[35.142341,31.635292],[35.141122,31.635523],[35.140359,31.635555],[35.139949,31.63562],[35.13943,31.635533],[35.139071,31.635347],[35.138669,31.635061],[35.13831,31.634767],[35.137975,31.634502],[35.137403,31.6339],[35.136596,31.63259],[35.135789,31.63157],[35.134343,31.630733],[35.13362,31.631424],[35.133704,31.632406],[35.135319,31.633535],[35.135774,31.634916],[35.135322,31.635588],[35.132682,31.639541],[35.132313,31.640135],[35.132204,31.640385],[35.132187,31.640693],[35.132462,31.64281],[35.132369,31.643318],[35.132185,31.643647],[35.131992,31.643948],[35.131758,31.644069],[35.131231,31.64399],[35.130913,31.643811],[35.130612,31.643503],[35.130554,31.642737],[35.130404,31.642064],[35.130287,31.641291],[35.130237,31.64079],[35.130029,31.639831],[35.129954,31.639301],[35.129771,31.638575],[35.129536,31.638267],[35.128529,31.63788],[35.127615,31.637912],[35.126756,31.63853],[35.125491,31.639997],[35.124315,31.641001],[35.123592,31.641078],[35.122735,31.640537],[35.121877,31.640343],[35.12103,31.639801],[35.119663,31.640728],[35.117946,31.641036],[35.115914,31.641228],[35.114919,31.642232],[35.113789,31.643081],[35.112388,31.643466],[35.110898,31.643504],[35.109362,31.643425],[35.107736,31.643656],[35.105341,31.64435],[35.104549,31.645509],[35.10378,31.646899],[35.103463,31.647594],[35.103371,31.648792],[35.103686,31.649874],[35.104137,31.650493],[35.105221,31.650533],[35.107676,31.649636],[35.107986,31.649629],[35.108287,31.649701],[35.108504,31.649908],[35.108638,31.650109],[35.108654,31.650424],[35.108637,31.650681],[35.107798,31.652728],[35.107647,31.652929],[35.107262,31.653111],[35.106743,31.653304],[35.10398,31.654354],[35.100707,31.655647],[35.098071,31.656606]]},"properties":{"OBJECTID":105,"Status":"Projected","Type":"NA","IS_COUNTED":1,"Shape_Leng":10513.2701468,"source_crs":"EPSG:32636","evidence":[{"source_id":"ocha_opt","title":"West Bank Separation Barrier (January 2018 alignment)","url":"https://www.ochaopt.org/page/datasets-and-mapping-tools","document_date":"2018-01-01","retrieved":"2026-08-09"}]}},{"type":"Feature","geometry":{"type":"LineString","coordinates":[[35.129428,31.87517],[35.129705,31.875384],[35.129964,31.875583],[35.129094,31.876137],[35.128386,31.876588],[35.128381,31.876591],[35.128305,31.876596],[35.128293,31.876589],[35.128237,31.876558],[35.128129,31.876497],[35.127949,31.876237],[35.127819,31.876154],[35.127717,31.876123],[35.127605,31.876131],[35.127503,31.876156],[35.127496,31.876158],[35.127283,31.876213],[35.127272,31.876216],[35.127046,31.876289],[35.127038,31.876291],[35.126542,31.876464],[35.126542,31.876464],[35.126059,31.876633],[35.125663,31.876767],[35.125634,31.876777],[35.125606,31.876788],[35.125469,31.876842],[35.12531,31.876962],[35.125298,31.876971],[35.125264,31.876996],[35.12514,31.877087],[35.125091,31.877254],[35.125092,31.87728],[35.125104,31.877479],[35.125063,31.877753],[35.12503,31.878062],[35.125012,31.878159],[35.124944,31.87836]]},"properties":{"OBJECTID":107,"Status":"Constructed","Type":"Concrete","IS_COUNTED":1,"Shape_Leng":753.666609626,"source_crs":"EPSG:32636","evidence":[{"source_id":"ocha_opt","title":"West Bank Separation Barrier (January 2018 alignment)","url":"https://www.ochaopt.org/page/datasets-and-mapping-tools","document_date":"2018-01-01","retrieved":"2026-08-09"}]}},{"type":"Feature","geometry":{"type":"LineString","coordinates":[[35.121462,31.881325],[35.122395,31.881631],[35.122772,31.88171],[35.123007,31.881716],[35.123504,31.881711],[35.123782,31.881641],[35.124288,31.881484],[35.124626,31.881374],[35.125555,31.881105],[35.126155,31.880923],[35.126423,31.880871],[35.126606,31.880835],[35.126758,31.880861],[35.126888,31.88093],[35.126985,31.881019],[35.127017,31.881157],[35.126969,31.881282],[35.126871,31.881374],[35.126628,31.881512],[35.124331,31.882577],[35.123883,31.882823],[35.123774,31.88292],[35.123748,31.883016],[35.123768,31.88314],[35.123821,31.883277],[35.123947,31.883404],[35.124139,31.883501],[35.124302,31.883517],[35.124497,31.8835],[35.124741,31.883396],[35.125111,31.883203],[35.125662,31.883046],[35.127242,31.882709],[35.128242,31.882437],[35.128508,31.882318],[35.128689,31.882172],[35.129053,31.881937],[35.129214,31.881867],[35.129353,31.881836],[35.129526,31.881833],[35.129678,31.881888],[35.129821,31.881996],[35.129852,31.882124],[35.129856,31.8823],[35.129528,31.883633],[35.129399,31.883831],[35.129235,31.88401],[35.129048,31.884147],[35.12881,31.88426],[35.126596,31.884917],[35.126188,31.885038],[35.125998,31.88515],[35.125772,31.88529],[35.125556,31.885523],[35.125403,31.8857],[35.125278,31.885788],[35.125181,31.885936],[35.125155,31.885975],[35.125125,31.886021],[35.125106,31.886048],[35.125092,31.886068],[35.124957,31.886257],[35.124866,31.886687],[35.124975,31.887079],[35.125069,31.887309],[35.125182,31.887459],[35.125332,31.887646],[35.125514,31.88778],[35.12578,31.88797],[35.126327,31.888289],[35.126428,31.888349],[35.127288,31.888789],[35.127594,31.888968],[35.127858,31.889115],[35.128421,31.889493],[35.129818,31.890639],[35.130212,31.890866],[35.13054,31.891023],[35.130812,31.891143],[35.131122,31.891261],[35.131527,31.89136],[35.131909,31.89143],[35.132307,31.891475],[35.132632,31.891484],[35.13299,31.891483],[35.133359,31.891453],[35.133776,31.891379],[35.134233,31.891281],[35.135134,31.891046],[35.135726,31.89086],[35.136369,31.890639],[35.136813,31.890474],[35.137659,31.890025],[35.138316,31.889661],[35.138968,31.889302],[35.139664,31.888937],[35.140399,31.888571],[35.140759,31.888403],[35.140943,31.888376],[35.141122,31.888382],[35.141269,31.888461],[35.141441,31.888644],[35.142054,31.889503],[35.142439,31.889948],[35.142678,31.890122],[35.142929,31.890314],[35.143196,31.890486],[35.143485,31.890657],[35.143807,31.890786],[35.144271,31.890935],[35.144805,31.891055],[35.145237,31.8911],[35.145673,31.891107],[35.146176,31.891075],[35.146632,31.890991],[35.147021,31.89086],[35.147448,31.890695],[35.147797,31.890532],[35.14816,31.890306],[35.148462,31.890058],[35.148718,31.889762],[35.148935,31.889468],[35.149092,31.889331],[35.149401,31.889149],[35.149712,31.889034],[35.150035,31.888981],[35.150452,31.888893],[35.150846,31.888738],[35.151139,31.888585],[35.151401,31.888319],[35.151508,31.888097],[35.151624,31.88778],[35.151717,31.887464],[35.151836,31.88729],[35.151985,31.887206],[35.152163,31.887155],[35.152358,31.887133],[35.152538,31.887173],[35.152687,31.887309],[35.152815,31.887521],[35.153459,31.888775],[35.153749,31.889336],[35.153903,31.889622],[35.154059,31.889834],[35.154315,31.889997],[35.154558,31.890088],[35.154822,31.890131],[35.155062,31.890132],[35.155368,31.890055],[35.155783,31.889872],[35.157541,31.888983],[35.158302,31.888602],[35.158639,31.888519],[35.158804,31.888513],[35.158989,31.888553],[35.159192,31.888611],[35.159373,31.888723],[35.159551,31.888891],[35.159724,31.889141],[35.160528,31.890259],[35.160695,31.890485],[35.160889,31.890639],[35.161053,31.890742],[35.161273,31.89079],[35.161435,31.890802],[35.16192,31.890736],[35.162444,31.890646],[35.163095,31.890482],[35.163516,31.890308],[35.163984,31.890014],[35.164399,31.889587],[35.164696,31.88909],[35.165013,31.888536],[35.165248,31.888081],[35.165333,31.88787],[35.165403,31.887549],[35.165411,31.887167],[35.165412,31.886002],[35.16545,31.885715],[35.165549,31.885413],[35.16566,31.885129],[35.165779,31.884989],[35.165928,31.884876],[35.166099,31.884802],[35.166321,31.884708],[35.166554,31.884641],[35.166804,31.884547],[35.167025,31.884443],[35.167234,31.884296],[35.167375,31.884112],[35.167504,31.883895],[35.167562,31.883722],[35.167591,31.883517],[35.167592,31.883349],[35.167521,31.88316],[35.167357,31.882857],[35.166732,31.881472],[35.166694,31.881301],[35.166696,31.881138],[35.166715,31.880995],[35.166744,31.880784],[35.166861,31.880558],[35.166975,31.880408],[35.167326,31.880121],[35.168283,31.879427],[35.168746,31.879104],[35.168962,31.879005],[35.169212,31.878977],[35.169459,31.879006],[35.169696,31.879092],[35.169896,31.879242],[35.170678,31.880173],[35.170929,31.880403],[35.171213,31.880608],[35.171501,31.880717],[35.17186,31.880745],[35.172172,31.880687],[35.172487,31.880538],[35.172806,31.880285],[35.173062,31.880013],[35.173359,31.879817],[35.173616,31.879775],[35.173907,31.87977],[35.174223,31.879826],[35.174505,31.879945],[35.174778,31.880132],[35.174929,31.880323],[35.175047,31.880609],[35.175226,31.881083],[35.175328,31.881406],[35.175445,31.881633],[35.175669,31.881882],[35.175915,31.882093],[35.176187,31.882254],[35.176559,31.882373],[35.176913,31.882453],[35.177119,31.882456]]},"properties":{"OBJECTID":108,"Status":"Constructed","Type":"Fence","IS_COUNTED":1,"Shape_Leng":9591.68547914,"source_crs":"EPSG:32636","evidence":[{"source_id":"ocha_opt","title":"West Bank Separation Barrier (January 2018 alignment)","url":"https://www.ochaopt.org/page/datasets-and-mapping-tools","document_date":"2018-01-01","retrieved":"2026-08-09"}]}},{"type":"Feature","geometry":{"type":"LineString","coordinates":[[35.18935,31.881554],[35.189457,31.881567],[35.189899,31.881569],[35.19015,31.881521],[35.190365,31.881394],[35.190535,31.881238],[35.190627,31.881103],[35.190651,31.880969],[35.190651,31.880716],[35.190647,31.880327],[35.190712,31.879758],[35.190854,31.878906],[35.190872,31.87871],[35.190857,31.878538],[35.190817,31.878269],[35.190756,31.878075],[35.190674,31.877919],[35.190504,31.877797],[35.190289,31.877725],[35.190042,31.877686],[35.189723,31.877649],[35.189476,31.877634],[35.189086,31.877679],[35.188847,31.877745],[35.188552,31.877836],[35.188341,31.877882],[35.188095,31.877887],[35.187698,31.877874],[35.185788,31.877764],[35.185591,31.87771],[35.185433,31.877602],[35.185351,31.87748],[35.185286,31.877334],[35.185294,31.87719],[35.185335,31.877027],[35.18548,31.876767],[35.186373,31.875523],[35.186463,31.875321],[35.186544,31.874961],[35.186547,31.874818],[35.186492,31.874662],[35.186227,31.873822],[35.186194,31.873646],[35.186176,31.872887],[35.186218,31.87276],[35.186327,31.872634],[35.18673,31.872159],[35.186794,31.87202],[35.186884,31.871818],[35.186999,31.871715],[35.187246,31.871525],[35.187437,31.871336],[35.187594,31.871104],[35.187715,31.87088],[35.187743,31.870646],[35.187813,31.870043],[35.187854,31.869675],[35.187927,31.869425],[35.188053,31.869099],[35.188172,31.868927],[35.188429,31.868675],[35.188996,31.868278],[35.189583,31.867819],[35.189987,31.867603],[35.190237,31.867531],[35.190577,31.867492],[35.190969,31.867504],[35.191704,31.86763],[35.192105,31.867786],[35.193591,31.868265],[35.196273,31.869131],[35.196847,31.869372],[35.197119,31.86952],[35.197391,31.869687],[35.197711,31.869963],[35.198055,31.870301],[35.198326,31.870673],[35.198508,31.871042],[35.198917,31.872009],[35.199083,31.872397],[35.199394,31.872988],[35.199485,31.873159]]},"properties":{"OBJECTID":109,"Status":"Constructed","Type":"Fence","IS_COUNTED":1,"Shape_Leng":3481.57526719,"source_crs":"EPSG:32636","evidence":[{"source_id":"ocha_opt","title":"West Bank Separation Barrier (January 2018 alignment)","url":"https://www.ochaopt.org/page/datasets-and-mapping-tools","document_date":"2018-01-01","retrieved":"2026-08-09"}]}},{"type":"Feature","geometry":{"type":"LineString","coordinates":[[35.193591,31.868265],[35.194014,31.868176],[35.194252,31.868067],[35.19446,31.867892],[35.194506,31.867719],[35.194496,31.867505],[35.194199,31.867032],[35.194001,31.866683],[35.193963,31.866488],[35.194008,31.866272],[35.194127,31.866098],[35.194401,31.865869],[35.194775,31.865605],[35.195083,31.865395],[35.195428,31.865202],[35.196602,31.864724],[35.197122,31.864467],[35.197573,31.864149],[35.198006,31.863764],[35.198402,31.863466],[35.198777,31.863226],[35.199202,31.863018],[35.199702,31.862871],[35.200052,31.862765],[35.201054,31.862225],[35.20218,31.861609],[35.202571,31.861325],[35.202805,31.861063],[35.20309,31.860829],[35.204106,31.860296],[35.20438,31.860173],[35.204801,31.860008]]},"properties":{"OBJECTID":110,"Status":"Constructed","Type":"Concrete","IS_COUNTED":1,"Shape_Leng":1535.36623814,"source_crs":"EPSG:32636","evidence":[{"source_id":"ocha_opt","title":"West Bank Separation Barrier (January 2018 alignment)","url":"https://www.ochaopt.org/page/datasets-and-mapping-tools","document_date":"2018-01-01","retrieved":"2026-08-09"}]}},{"type":"Feature","geometry":{"type":"LineString","coordinates":[[35.212572,31.870998],[35.212593,31.870721],[35.21266,31.870467],[35.212782,31.870222],[35.213029,31.869988],[35.213226,31.869837],[35.213491,31.869694],[35.213769,31.869608],[35.214109,31.869554],[35.214428,31.869558],[35.214753,31.869645],[35.215279,31.869868],[35.215832,31.870097],[35.216159,31.870206],[35.216653,31.870278],[35.21705,31.870281],[35.217419,31.870251],[35.217757,31.870135],[35.218079,31.87001],[35.218354,31.869852],[35.218605,31.869586],[35.218794,31.869277],[35.218947,31.86895],[35.219215,31.868224],[35.219543,31.867216],[35.219656,31.867043],[35.21983,31.866839],[35.220018,31.866666]]},"properties":{"OBJECTID":111,"Status":"Constructed","Type":"Concrete","IS_COUNTED":1,"Shape_Leng":1060.50750151,"source_crs":"EPSG:32636","evidence":[{"source_id":"ocha_opt","title":"West Bank Separation Barrier (January 2018 alignment)","url":"https://www.ochaopt.org/page/datasets-and-mapping-tools","document_date":"2018-01-01","retrieved":"2026-08-09"}]}},{"type":"Feature","geometry":{"type":"LineString","coordinates":[[35.227419,31.862449],[35.228494,31.862044],[35.228751,31.862025],[35.228998,31.861846],[35.229367,31.861606],[35.229379,31.861482],[35.229331,31.861354],[35.228886,31.860746],[35.228858,31.860742],[35.22883,31.860737],[35.227477,31.861229],[35.22722,31.861257],[35.226907,31.861236],[35.226762,31.861171],[35.226755,31.861163]]},"properties":{"OBJECTID":112,"Status":"Constructed","Type":"Concrete","IS_COUNTED":1,"Shape_Leng":533.857066011,"source_crs":"EPSG:32636","evidence":[{"source_id":"ocha_opt","title":"West Bank Separation Barrier (January 2018 alignment)","url":"https://www.ochaopt.org/page/datasets-and-mapping-tools","document_date":"2018-01-01","retrieved":"2026-08-09"}]}},{"type":"Feature","geometry":{"type":"LineString","coordinates":[[35.226755,31.861163],[35.226227,31.860628],[35.225876,31.860219],[35.225695,31.859916],[35.225564,31.85958],[35.225507,31.859283],[35.225387,31.858512],[35.225331,31.858011],[35.225234,31.857698],[35.225088,31.85699],[35.225005,31.856332],[35.224765,31.854972],[35.224685,31.854429],[35.224629,31.853724],[35.224619,31.853285],[35.224674,31.852799],[35.224755,31.852512],[35.224994,31.852135],[35.225221,31.85184],[35.225763,31.8511],[35.226526,31.850061],[35.227553,31.848819],[35.227948,31.848301],[35.22812,31.848036],[35.228293,31.84778],[35.228394,31.847568],[35.228494,31.847292],[35.228633,31.846803],[35.228734,31.846343],[35.228853,31.845868],[35.229051,31.845343],[35.229219,31.845018]]},"properties":{"OBJECTID":113,"Status":"Constructed","Type":"Concrete","IS_COUNTED":1,"Shape_Leng":1944.93944813,"source_crs":"EPSG:32636","evidence":[{"source_id":"ocha_opt","title":"West Bank Separation Barrier (January 2018 alignment)","url":"https://www.ochaopt.org/page/datasets-and-mapping-tools","document_date":"2018-01-01","retrieved":"2026-08-09"}]}},{"type":"Feature","geometry":{"type":"LineString","coordinates":[[35.175688,31.842131],[35.175572,31.84219],[35.175475,31.84233],[35.175024,31.843349],[35.174425,31.844531],[35.173877,31.845688],[35.173486,31.846554],[35.17344,31.846741],[35.173444,31.846899],[35.173515,31.847074],[35.173614,31.847235],[35.173941,31.847837],[35.174148,31.848311],[35.174246,31.848677],[35.174286,31.848953],[35.174275,31.849192],[35.174212,31.849384],[35.174174,31.849416]]},"properties":{"OBJECTID":115,"Status":"Constructed","Type":"Concrete","IS_COUNTED":1,"Shape_Leng":871.073404296,"source_crs":"EPSG:32636","evidence":[{"source_id":"ocha_opt","title":"West Bank Separation Barrier (January 2018 alignment)","url":"https://www.ochaopt.org/page/datasets-and-mapping-tools","document_date":"2018-01-01","retrieved":"2026-08-09"}]}},{"type":"Feature","geometry":{"type":"LineString","coordinates":[[35.185687,31.867879],[35.187725,31.867116],[35.188006,31.867083],[35.189409,31.866567],[35.18969,31.866414],[35.190122,31.866225],[35.190399,31.866116],[35.19189,31.865431],[35.192372,31.865223],[35.192616,31.865156],[35.192895,31.865128],[35.193101,31.865086],[35.19351,31.864893],[35.193791,31.864707],[35.194464,31.864084],[35.19486,31.863843],[35.195392,31.863624],[35.195585,31.863492],[35.19576,31.863346],[35.195998,31.863232],[35.196644,31.862891],[35.196904,31.862772],[35.197049,31.862732],[35.197226,31.862686],[35.197376,31.862616],[35.197608,31.862526],[35.197859,31.86246],[35.198043,31.862438],[35.198205,31.862454],[35.198363,31.862508],[35.198476,31.862549],[35.198557,31.862562],[35.198687,31.862566],[35.198865,31.862478],[35.199114,31.862363],[35.199503,31.862157],[35.200018,31.861936],[35.200312,31.861771],[35.200518,31.861447],[35.200909,31.861188],[35.201173,31.861021],[35.201461,31.860868],[35.201772,31.860786],[35.202139,31.860689],[35.202446,31.860627],[35.202668,31.860561],[35.203094,31.860377],[35.203581,31.860149],[35.203764,31.860088],[35.20398,31.859994],[35.204173,31.859895],[35.204241,31.859789],[35.20445,31.859413],[35.204721,31.859027],[35.205004,31.858726],[35.20528,31.858554],[35.205606,31.858415],[35.206055,31.858259],[35.20705,31.857927],[35.207366,31.857811],[35.207647,31.857654],[35.208127,31.857383],[35.208546,31.857147],[35.208789,31.857013],[35.20896,31.856886],[35.209063,31.856775],[35.20922,31.856707],[35.209329,31.85661],[35.209465,31.856456],[35.209502,31.856341],[35.209495,31.856222],[35.209614,31.856033],[35.20973,31.85589],[35.209883,31.855734],[35.21001,31.855567],[35.21002,31.855446],[35.210101,31.855339],[35.210206,31.855032],[35.210319,31.854596],[35.210415,31.854169],[35.210421,31.85413],[35.210473,31.853815],[35.2105,31.853531],[35.210506,31.853087],[35.210485,31.852653],[35.210448,31.852305],[35.210422,31.85209],[35.210358,31.851574],[35.210357,31.851563],[35.210357,31.851563],[35.210303,31.850912],[35.210287,31.85076],[35.210259,31.850484],[35.210253,31.850423],[35.210238,31.850006],[35.210235,31.849932],[35.210239,31.849407],[35.210256,31.848705],[35.210289,31.847951],[35.210343,31.847635],[35.210368,31.847505],[35.210507,31.846806],[35.210515,31.846656],[35.210527,31.846448],[35.210611,31.845773],[35.210695,31.845254],[35.210718,31.845113],[35.210803,31.84468],[35.210903,31.84417],[35.211041,31.843559],[35.21106,31.843475],[35.211151,31.842869],[35.211225,31.84219],[35.211262,31.84167],[35.211244,31.840899],[35.211234,31.840016],[35.211188,31.839036],[35.211139,31.838116],[35.211082,31.836922],[35.211074,31.83611],[35.211008,31.834737],[35.210987,31.832955],[35.211045,31.832541]]},"properties":{"OBJECTID":116,"Status":"Constructed","Type":"Concrete","IS_COUNTED":1,"Shape_Leng":5335.4750395,"source_crs":"EPSG:32636","evidence":[{"source_id":"ocha_opt","title":"West Bank Separation Barrier (January 2018 alignment)","url":"https://www.ochaopt.org/page/datasets-and-mapping-tools","document_date":"2018-01-01","retrieved":"2026-08-09"}]}},{"type":"Feature","geometry":{"type":"LineString","coordinates":[[35.248866,31.847752],[35.249321,31.847619],[35.249683,31.84758],[35.250074,31.847568],[35.250483,31.847599],[35.250809,31.847674],[35.25116,31.847816],[35.251364,31.847927],[35.252516,31.848582],[35.25348,31.849123],[35.253661,31.849225],[35.253841,31.849246],[35.254047,31.849209],[35.254222,31.849077],[35.254374,31.848869],[35.254562,31.848574],[35.254672,31.848486],[35.254866,31.848435],[35.255078,31.848398],[35.255451,31.848339],[35.25588,31.848274],[35.256027,31.848319],[35.256305,31.84851],[35.256492,31.848597],[35.256625,31.848643],[35.256781,31.84864],[35.257037,31.848588],[35.257876,31.848348],[35.258709,31.848143],[35.258959,31.848071],[35.259186,31.847972],[35.259395,31.847815],[35.259878,31.847454],[35.260052,31.847337],[35.260131,31.847285],[35.260336,31.847205],[35.260536,31.847168],[35.260704,31.847179],[35.26094,31.847232],[35.261077,31.847349],[35.26122,31.847573],[35.261257,31.847692]]},"properties":{"OBJECTID":117,"Status":"Constructed","Type":"Concrete","IS_COUNTED":1,"Shape_Leng":1357.6279935,"source_crs":"EPSG:32636","evidence":[{"source_id":"ocha_opt","title":"West Bank Separation Barrier (January 2018 alignment)","url":"https://www.ochaopt.org/page/datasets-and-mapping-tools","document_date":"2018-01-01","retrieved":"2026-08-09"}]}},{"type":"Feature","geometry":{"type":"LineString","coordinates":[[35.261426,31.849339],[35.261516,31.849362],[35.261712,31.849368],[35.261895,31.849336],[35.262039,31.849267],[35.262158,31.849117],[35.262204,31.84893],[35.262291,31.848594],[35.262461,31.848219],[35.262644,31.847953],[35.262899,31.847629],[35.263239,31.847346],[35.263579,31.847078],[35.264026,31.84685],[35.264351,31.846739],[35.264905,31.846543],[35.265326,31.846369],[35.265694,31.846095],[35.265834,31.845887],[35.265905,31.845604],[35.265918,31.845194],[35.265871,31.844899],[35.265698,31.844678],[35.265442,31.844482],[35.265058,31.84435],[35.264569,31.844216],[35.264353,31.844107],[35.264159,31.843944],[35.263986,31.843732],[35.26389,31.843428],[35.263837,31.843105],[35.263712,31.842584],[35.263579,31.842143],[35.263404,31.841864],[35.263062,31.84135],[35.262672,31.840928],[35.262244,31.840592],[35.261881,31.84036],[35.261491,31.840185],[35.261045,31.840021],[35.260679,31.839918],[35.260219,31.83984],[35.259658,31.839779],[35.259254,31.839709]]},"properties":{"OBJECTID":118,"Status":"Constructed","Type":"Fence","IS_COUNTED":1,"Shape_Leng":1645.95385219,"source_crs":"EPSG:32636","evidence":[{"source_id":"ocha_opt","title":"West Bank Separation Barrier (January 2018 alignment)","url":"https://www.ochaopt.org/page/datasets-and-mapping-tools","document_date":"2018-01-01","retrieved":"2026-08-09"}]}},{"type":"Feature","geometry":{"type":"LineString","coordinates":[[35.259254,31.839709],[35.258747,31.839561],[35.258242,31.839362],[35.257709,31.839085],[35.257261,31.838826],[35.257023,31.838673],[35.256745,31.838496],[35.256511,31.838315],[35.256351,31.83816],[35.256262,31.837947],[35.256206,31.837745],[35.256097,31.837398],[35.255989,31.837104],[35.25585,31.836873],[35.255649,31.836667],[35.255393,31.836471],[35.254933,31.836188],[35.254083,31.835702],[35.253229,31.835223],[35.252752,31.834926],[35.25241,31.834655],[35.252135,31.834383],[35.25193,31.83401],[35.25145,31.833104],[35.251205,31.832689],[35.251026,31.832453],[35.25085,31.832091],[35.250793,31.831849],[35.250789,31.831677],[35.250762,31.831477]]},"properties":{"OBJECTID":119,"Status":"Constructed","Type":"Fence","IS_COUNTED":1,"Shape_Leng":1278.91835505,"source_crs":"EPSG:32636","evidence":[{"source_id":"ocha_opt","title":"West Bank Separation Barrier (January 2018 alignment)","url":"https://www.ochaopt.org/page/datasets-and-mapping-tools","document_date":"2018-01-01","retrieved":"2026-08-09"}]}},{"type":"Feature","geometry":{"type":"LineString","coordinates":[[35.241618,31.814617],[35.241421,31.814573],[35.241234,31.814471],[35.241097,31.81435],[35.240981,31.814194],[35.240927,31.814042],[35.240867,31.813862],[35.240847,31.81369],[35.240846,31.813686]]},"properties":{"OBJECTID":120,"Status":"Constructed","Type":"Concrete","IS_COUNTED":1,"Shape_Leng":137.419179445,"source_crs":"EPSG:32636","evidence":[{"source_id":"ocha_opt","title":"West Bank Separation Barrier (January 2018 alignment)","url":"https://www.ochaopt.org/page/datasets-and-mapping-tools","document_date":"2018-01-01","retrieved":"2026-08-09"}]}},{"type":"Feature","geometry":{"type":"LineString","coordinates":[[35.257175,31.828634],[35.257531,31.828093],[35.257807,31.82773],[35.258043,31.827535],[35.258363,31.827357],[35.258701,31.827237],[35.259118,31.827172],[35.259454,31.82719],[35.260234,31.827252],[35.260738,31.827258],[35.261178,31.827193],[35.261818,31.827095],[35.262018,31.82702],[35.262133,31.826937],[35.262297,31.826777],[35.262361,31.826647],[35.262408,31.826517],[35.262409,31.826331],[35.262413,31.826059],[35.26253,31.82578],[35.262717,31.825438],[35.262759,31.825318],[35.262788,31.825164],[35.262791,31.824792],[35.262768,31.824573],[35.262731,31.824411],[35.262717,31.824283],[35.262769,31.824124],[35.263047,31.823857],[35.263229,31.823744],[35.263451,31.823687],[35.263827,31.823733],[35.264146,31.823747],[35.264502,31.823697],[35.265473,31.823556],[35.266051,31.823436],[35.266584,31.823283],[35.266883,31.823173],[35.267543,31.822925],[35.267995,31.822683],[35.268359,31.822481],[35.268578,31.822286],[35.268579,31.822285],[35.268579,31.822284],[35.268616,31.822239],[35.268673,31.822169],[35.268689,31.822149],[35.268692,31.822146],[35.268698,31.822135],[35.268799,31.821967],[35.268867,31.821789],[35.268879,31.821579],[35.268879,31.821579],[35.268879,31.821578],[35.268879,31.821575],[35.268879,31.821574],[35.268879,31.821574],[35.268878,31.821566],[35.26887,31.821431],[35.268865,31.821355],[35.268824,31.820702],[35.268781,31.82055],[35.26867,31.820342],[35.268404,31.819994],[35.268188,31.819845],[35.267978,31.819715],[35.267775,31.819642],[35.267556,31.819589]]},"properties":{"OBJECTID":121,"Status":"Constructed","Type":"Fence","IS_COUNTED":1,"Shape_Leng":1850.45369163,"source_crs":"EPSG:32636","evidence":[{"source_id":"ocha_opt","title":"West Bank Separation Barrier (January 2018 alignment)","url":"https://www.ochaopt.org/page/datasets-and-mapping-tools","document_date":"2018-01-01","retrieved":"2026-08-09"}]}},{"type":"Feature","geometry":{"type":"LineString","coordinates":[[35.288679,31.767483],[35.288737,31.7676],[35.289085,31.768296],[35.289308,31.768625],[35.289441,31.768726],[35.289556,31.768824],[35.289588,31.768854],[35.289606,31.768871],[35.289642,31.768905],[35.289628,31.768971],[35.289595,31.769009],[35.289547,31.769036],[35.28946,31.769052],[35.289301,31.76894],[35.289058,31.768757],[35.288844,31.768683],[35.288689,31.768601],[35.288549,31.768456],[35.288416,31.768287],[35.288358,31.768151],[35.288264,31.768135],[35.288123,31.768113],[35.288023,31.76817],[35.28795,31.768222],[35.287933,31.768308],[35.287956,31.768404],[35.288001,31.768494],[35.288057,31.768576],[35.288135,31.768652],[35.288295,31.768782],[35.28838,31.768941],[35.28871,31.76931],[35.289028,31.769852],[35.289119,31.770062],[35.289159,31.770808],[35.289096,31.771227],[35.288815,31.771721],[35.288556,31.772049],[35.287836,31.772985],[35.287551,31.773441],[35.28746,31.773707],[35.287443,31.773964],[35.287465,31.774283],[35.287494,31.774396],[35.287524,31.774517],[35.287537,31.77457],[35.287634,31.774808],[35.287687,31.775133],[35.287621,31.775493],[35.28757,31.775733],[35.287474,31.776058],[35.287396,31.776342],[35.287383,31.776777],[35.287377,31.777248],[35.287376,31.777809],[35.287226,31.778164],[35.287123,31.778239],[35.287052,31.77829],[35.286973,31.778348],[35.286973,31.778348],[35.286689,31.778365]]},"properties":{"OBJECTID":122,"Status":"Under Construction","Type":"Fence","IS_COUNTED":1,"Shape_Leng":1647.63719373,"source_crs":"EPSG:32636","evidence":[{"source_id":"ocha_opt","title":"West Bank Separation Barrier (January 2018 alignment)","url":"https://www.ochaopt.org/page/datasets-and-mapping-tools","document_date":"2018-01-01","retrieved":"2026-08-09"}]}},{"type":"Feature","geometry":{"type":"LineString","coordinates":[[35.286689,31.778365],[35.286553,31.778227],[35.286486,31.778143],[35.286443,31.778088],[35.286426,31.777703],[35.286338,31.777085],[35.28617,31.776745],[35.28615,31.776705],[35.285854,31.776297],[35.285791,31.775867],[35.285661,31.775644],[35.285525,31.775397],[35.28539,31.775063],[35.285118,31.77495],[35.285118,31.77495],[35.284917,31.774826],[35.284631,31.774782],[35.284306,31.774816],[35.283982,31.774778],[35.283803,31.774708],[35.2837,31.774609],[35.283652,31.774432],[35.283669,31.774259],[35.283672,31.774228],[35.28368,31.774152],[35.283677,31.774046],[35.283657,31.773977],[35.283637,31.773908],[35.283471,31.773778],[35.283471,31.773778],[35.28334,31.773676],[35.28334,31.773676],[35.283174,31.773584],[35.282893,31.773446],[35.282703,31.773387],[35.282373,31.7733],[35.28215,31.773283],[35.28173,31.773194],[35.280605,31.773067],[35.28038,31.773032],[35.280086,31.772904],[35.279329,31.772503],[35.279021,31.772417],[35.278805,31.772434],[35.278628,31.772455],[35.278262,31.772618],[35.278049,31.772765],[35.277372,31.77297],[35.277274,31.772999],[35.27695,31.77296],[35.276435,31.772877],[35.276299,31.772869],[35.27609,31.772856],[35.27602,31.772852]]},"properties":{"OBJECTID":123,"Status":"Under Construction","Type":"Fence","IS_COUNTED":1,"Shape_Leng":1426.10143849,"source_crs":"EPSG:32636","evidence":[{"source_id":"ocha_opt","title":"West Bank Separation Barrier (January 2018 alignment)","url":"https://www.ochaopt.org/page/datasets-and-mapping-tools","document_date":"2018-01-01","retrieved":"2026-08-09"}]}},{"type":"Feature","geometry":{"type":"LineString","coordinates":[[35.167215,31.705066],[35.16705,31.705092],[35.166617,31.705159],[35.166134,31.705207],[35.165401,31.70537],[35.164621,31.705508],[35.163919,31.705606],[35.163278,31.705674],[35.162609,31.705729],[35.161968,31.705759],[35.161421,31.705763],[35.160912,31.705705],[35.160383,31.705542],[35.160071,31.705434],[35.159466,31.705285],[35.159282,31.705165]]},"properties":{"OBJECTID":124,"Status":"Constructed","Type":"Concrete","IS_COUNTED":1,"Shape_Leng":771.751385788,"source_crs":"EPSG:32636","evidence":[{"source_id":"ocha_opt","title":"West Bank Separation Barrier (January 2018 alignment)","url":"https://www.ochaopt.org/page/datasets-and-mapping-tools","document_date":"2018-01-01","retrieved":"2026-08-09"}]}},{"type":"Feature","geometry":{"type":"LineString","coordinates":[[35.159282,31.705165],[35.159132,31.705067],[35.158523,31.704699],[35.158058,31.704269],[35.157731,31.703831]]},"properties":{"OBJECTID":125,"Status":"Constructed","Type":"Concrete","IS_COUNTED":1,"Shape_Leng":211.16735675,"source_crs":"EPSG:32636","evidence":[{"source_id":"ocha_opt","title":"West Bank Separation Barrier (January 2018 alignment)","url":"https://www.ochaopt.org/page/datasets-and-mapping-tools","document_date":"2018-01-01","retrieved":"2026-08-09"}]}},{"type":"Feature","geometry":{"type":"LineString","coordinates":[[35.157731,31.703831],[35.157731,31.70383],[35.157482,31.703501],[35.157324,31.703184],[35.157254,31.702808],[35.15716,31.70212],[35.157035,31.701568],[35.156944,31.701231],[35.156777,31.70079],[35.156739,31.700604],[35.156721,31.700275],[35.156707,31.700231],[35.156696,31.700195],[35.156629,31.699961],[35.156601,31.699863],[35.156647,31.699756],[35.156605,31.699559],[35.156614,31.699451],[35.156618,31.699151],[35.156534,31.69884],[35.156331,31.698505],[35.155923,31.69811],[35.155872,31.697913],[35.155488,31.696998],[35.155401,31.696531],[35.155409,31.696169],[35.155437,31.695803],[35.15554,31.695618],[35.155607,31.695393],[35.15573,31.695123],[35.155898,31.694915],[35.156176,31.694657],[35.156446,31.694467],[35.156749,31.694295],[35.15723,31.694103],[35.157746,31.693989],[35.158062,31.693864],[35.158494,31.693728],[35.158792,31.693632],[35.159125,31.69356],[35.159636,31.693432],[35.16004,31.693301],[35.160377,31.693152],[35.160681,31.692994],[35.161065,31.692725],[35.161333,31.692496],[35.161586,31.692303],[35.16187,31.69205],[35.162447,31.691507],[35.162448,31.691507],[35.162477,31.69148],[35.162541,31.691389],[35.162896,31.69088],[35.162896,31.69088],[35.162912,31.690857]]},"properties":{"OBJECTID":126,"Status":"Constructed","Type":"Concrete","IS_COUNTED":1,"Shape_Leng":1873.32893424,"source_crs":"EPSG:32636","evidence":[{"source_id":"ocha_opt","title":"West Bank Separation Barrier (January 2018 alignment)","url":"https://www.ochaopt.org/page/datasets-and-mapping-tools","document_date":"2018-01-01","retrieved":"2026-08-09"}]}},{"type":"Feature","geometry":{"type":"LineString","coordinates":[[35.210811,31.854418],[35.210815,31.854326],[35.210832,31.854256],[35.21085,31.85418],[35.210862,31.854089],[35.210867,31.854053],[35.210873,31.854006],[35.210874,31.853986],[35.210876,31.853859],[35.210878,31.853772],[35.210878,31.853762],[35.210884,31.853698],[35.210887,31.853666],[35.2109,31.853518],[35.210904,31.853471],[35.2109,31.853425],[35.210881,31.853204],[35.210864,31.852946],[35.210842,31.85263],[35.210831,31.852482],[35.210765,31.852149],[35.210707,31.851861],[35.210706,31.851836],[35.2107,31.851607],[35.210688,31.851452],[35.210653,31.851012],[35.210638,31.850867],[35.210611,31.850614],[35.210558,31.85045],[35.210562,31.850066],[35.210564,31.849835],[35.210569,31.849314],[35.21057,31.849196],[35.210627,31.848676],[35.210637,31.848592],[35.210643,31.848535],[35.210657,31.848405],[35.210721,31.84783],[35.210755,31.847524],[35.210773,31.847357],[35.210788,31.847224],[35.210842,31.846935],[35.210863,31.84682],[35.210953,31.846339],[35.210997,31.8461],[35.211095,31.845574],[35.211133,31.845369],[35.211278,31.844594],[35.211413,31.84387],[35.211414,31.843863],[35.211651,31.843861],[35.211778,31.84386],[35.212199,31.844144],[35.21248,31.844458],[35.212701,31.844822],[35.212917,31.845191],[35.213134,31.845612],[35.213321,31.845962],[35.213408,31.846337],[35.213437,31.846817],[35.213434,31.847282],[35.213434,31.847609],[35.213492,31.847856],[35.21372,31.848024],[35.214013,31.848146],[35.21418,31.848251],[35.214304,31.848433],[35.214454,31.848806],[35.214612,31.84916],[35.214747,31.849527],[35.214868,31.849906],[35.214972,31.850197],[35.215008,31.850457],[35.214839,31.850738],[35.214572,31.850942],[35.214406,31.851149],[35.214325,31.851532],[35.214259,31.85189],[35.214189,31.852204],[35.214148,31.852373],[35.214057,31.852594],[35.213807,31.852604],[35.213686,31.853098],[35.213716,31.853306],[35.213644,31.853518],[35.213514,31.853761],[35.213356,31.854172],[35.213078,31.854425],[35.212649,31.854511],[35.212131,31.854481],[35.212098,31.85448],[35.21145,31.854415],[35.211205,31.854431],[35.21117,31.854428],[35.211042,31.854417],[35.210811,31.854418]]},"properties":{"OBJECTID":129,"Status":"Constructed","Type":"Concrete","IS_COUNTED":1,"Shape_Leng":2762.02751799,"source_crs":"EPSG:32636","evidence":[{"source_id":"ocha_opt","title":"West Bank Separation Barrier (January 2018 alignment)","url":"https://www.ochaopt.org/page/datasets-and-mapping-tools","document_date":"2018-01-01","retrieved":"2026-08-09"}]}},{"type":"Feature","geometry":{"type":"LineString","coordinates":[[35.253717,31.717506],[35.25358,31.717523],[35.25289,31.717621],[35.25246,31.717695],[35.252132,31.717735],[35.251753,31.71776],[35.249012,31.717799],[35.248784,31.717832],[35.248547,31.717932],[35.248318,31.718069],[35.248143,31.718216],[35.247836,31.718715]]},"properties":{"OBJECTID":130,"Status":"Constructed","Type":"Fence","IS_COUNTED":1,"Shape_Leng":607.652205505,"source_crs":"EPSG:32636","evidence":[{"source_id":"ocha_opt","title":"West Bank Separation Barrier (January 2018 alignment)","url":"https://www.ochaopt.org/page/datasets-and-mapping-tools","document_date":"2018-01-01","retrieved":"2026-08-09"}]}},{"type":"Feature","geometry":{"type":"LineString","coordinates":[[35.247836,31.718715],[35.247079,31.719952],[35.247009,31.720075],[35.246917,31.720168],[35.246795,31.720208],[35.246678,31.72022],[35.246577,31.720188],[35.246553,31.720143],[35.246502,31.72006],[35.246518,31.719931],[35.246552,31.719783],[35.246598,31.719575],[35.246624,31.719458],[35.246653,31.719278],[35.246708,31.718929]]},"properties":{"OBJECTID":131,"Status":"Constructed","Type":"Fence","IS_COUNTED":1,"Shape_Leng":360.160619077,"source_crs":"EPSG:32636","evidence":[{"source_id":"ocha_opt","title":"West Bank Separation Barrier (January 2018 alignment)","url":"https://www.ochaopt.org/page/datasets-and-mapping-tools","document_date":"2018-01-01","retrieved":"2026-08-09"}]}},{"type":"Feature","geometry":{"type":"LineString","coordinates":[[35.177119,31.882456],[35.177484,31.882462],[35.178925,31.88239],[35.180653,31.882384],[35.182846,31.88238],[35.183878,31.882367],[35.185749,31.882293],[35.186488,31.882269],[35.186813,31.882292],[35.186993,31.882332],[35.187261,31.882484],[35.187982,31.883274],[35.188147,31.883396],[35.18831,31.883417],[35.188471,31.883381],[35.188608,31.883249],[35.188704,31.883052],[35.188811,31.882606],[35.18892,31.882273],[35.188927,31.882096],[35.188911,31.881962]]},"properties":{"OBJECTID":132,"Status":"Constructed","Type":"Fence","IS_COUNTED":1,"Shape_Leng":1295.50503934,"source_crs":"EPSG:32636","evidence":[{"source_id":"ocha_opt","title":"West Bank Separation Barrier (January 2018 alignment)","url":"https://www.ochaopt.org/page/datasets-and-mapping-tools","document_date":"2018-01-01","retrieved":"2026-08-09"}]}},{"type":"Feature","geometry":{"type":"LineString","coordinates":[[35.184583,31.864244],[35.184504,31.864361],[35.184225,31.864637],[35.183792,31.864998],[35.182998,31.865701],[35.182564,31.866043],[35.182306,31.866267],[35.182045,31.866553],[35.181883,31.866809],[35.181697,31.86722],[35.181625,31.867503],[35.181594,31.867842],[35.181602,31.868186],[35.18168,31.868749],[35.181814,31.868845]]},"properties":{"OBJECTID":133,"Status":"Constructed","Type":"Fence","IS_COUNTED":1,"Shape_Leng":620.488557538,"source_crs":"EPSG:32636","evidence":[{"source_id":"ocha_opt","title":"West Bank Separation Barrier (January 2018 alignment)","url":"https://www.ochaopt.org/page/datasets-and-mapping-tools","document_date":"2018-01-01","retrieved":"2026-08-09"}]}},{"type":"Feature","geometry":{"type":"LineString","coordinates":[[35.184655,31.861981],[35.184786,31.862211],[35.184891,31.862514],[35.184954,31.862823],[35.184947,31.86321],[35.184908,31.863487],[35.18481,31.863799],[35.184672,31.864114],[35.184583,31.864244]]},"properties":{"OBJECTID":134,"Status":"Constructed","Type":"Fence","IS_COUNTED":1,"Shape_Leng":261.788840192,"source_crs":"EPSG:32636","evidence":[{"source_id":"ocha_opt","title":"West Bank Separation Barrier (January 2018 alignment)","url":"https://www.ochaopt.org/page/datasets-and-mapping-tools","document_date":"2018-01-01","retrieved":"2026-08-09"}]}},{"type":"Feature","geometry":{"type":"LineString","coordinates":[[35.132995,31.866319],[35.132995,31.86632],[35.13317,31.866464],[35.133695,31.866808],[35.134443,31.867216],[35.135196,31.867618],[35.135322,31.867736],[35.135358,31.867864],[35.135361,31.867974],[35.135308,31.868089],[35.135181,31.868191],[35.134988,31.868295],[35.134827,31.86836],[35.134605,31.868411],[35.134381,31.868424],[35.134163,31.868423],[35.133983,31.868383],[35.133809,31.868358],[35.133555,31.868262],[35.133357,31.868146],[35.132959,31.867871],[35.132654,31.867728],[35.132305,31.867619],[35.131584,31.867412],[35.131421,31.867395],[35.131259,31.867408],[35.131054,31.867502],[35.130907,31.867652],[35.130839,31.867859],[35.130855,31.868064],[35.130975,31.868195],[35.131122,31.86824],[35.131437,31.868345],[35.131681,31.868484],[35.132017,31.868765],[35.132317,31.869156],[35.132468,31.869399],[35.132739,31.870001],[35.133025,31.870502],[35.133102,31.87071],[35.133107,31.87093],[35.133114,31.871216],[35.13318,31.871401],[35.133314,31.871602]]},"properties":{"OBJECTID":135,"Status":"Constructed","Type":"Fence","IS_COUNTED":1,"Shape_Leng":1304.27095999,"source_crs":"EPSG:32636","evidence":[{"source_id":"ocha_opt","title":"West Bank Separation Barrier (January 2018 alignment)","url":"https://www.ochaopt.org/page/datasets-and-mapping-tools","document_date":"2018-01-01","retrieved":"2026-08-09"}]}},{"type":"Feature","geometry":{"type":"LineString","coordinates":[[35.084549,31.855627],[35.084664,31.855625],[35.084888,31.855636],[35.085151,31.855636],[35.085359,31.855685],[35.085606,31.855763],[35.085809,31.855826],[35.086051,31.85587],[35.086292,31.855904],[35.086555,31.855928],[35.086801,31.85592],[35.087081,31.85592],[35.087237,31.855908],[35.087663,31.855824],[35.087969,31.855733],[35.088335,31.855603],[35.088484,31.855505],[35.088543,31.85539],[35.08854,31.85528],[35.088515,31.855171],[35.088447,31.855095],[35.088345,31.855045],[35.088227,31.855018],[35.088076,31.85502],[35.087897,31.855047],[35.087686,31.855094],[35.087474,31.855126],[35.087256,31.855134],[35.087055,31.855123],[35.086875,31.855083],[35.0867,31.855014],[35.086384,31.854836],[35.086247,31.854726],[35.086172,31.854636],[35.086153,31.854532],[35.086156,31.854441],[35.086191,31.854304],[35.086174,31.854216],[35.086139,31.854141],[35.08607,31.854061],[35.085945,31.85401],[35.085856,31.853997],[35.08571,31.853995],[35.085537,31.854007],[35.085392,31.854029],[35.085238,31.854024],[35.085083,31.853943],[35.084969,31.853864],[35.084838,31.853728],[35.084698,31.853496],[35.084651,31.853378],[35.084648,31.853277],[35.084674,31.853167],[35.084795,31.853089],[35.084928,31.85302],[35.085112,31.852998],[35.085822,31.852981],[35.086213,31.85297],[35.086637,31.852939],[35.086927,31.852915],[35.087278,31.852843],[35.0875,31.852791],[35.087761,31.852696],[35.088111,31.852598],[35.089521,31.85215],[35.09072,31.851782],[35.091127,31.851699],[35.091505,31.851597],[35.091726,31.851517],[35.091895,31.851416],[35.09218,31.851149],[35.092962,31.850392],[35.093346,31.850061],[35.093776,31.849767],[35.094146,31.849575],[35.094645,31.849366],[35.095216,31.84918],[35.095627,31.849054],[35.095955,31.848939],[35.096176,31.848826],[35.096423,31.848667],[35.096609,31.848473],[35.096701,31.848323],[35.096792,31.848155],[35.096833,31.847987],[35.096841,31.847839],[35.09681,31.847734],[35.096729,31.847597],[35.09662,31.847484],[35.09649,31.847425],[35.096332,31.847375],[35.096063,31.847341],[35.095364,31.847318],[35.09429,31.847351],[35.093989,31.847375],[35.093593,31.847448],[35.092732,31.847687],[35.09221,31.847839],[35.092076,31.84786],[35.091964,31.847847],[35.091851,31.847787],[35.091776,31.847707],[35.091763,31.847612],[35.091788,31.847497],[35.091881,31.847405],[35.092332,31.847056],[35.092611,31.846799],[35.09294,31.84648],[35.093201,31.846178],[35.093446,31.845869],[35.093684,31.845526],[35.093905,31.845183],[35.094197,31.844713],[35.094342,31.844453],[35.094433,31.844275],[35.09443,31.844146],[35.094405,31.844008],[35.09433,31.843924],[35.094222,31.843863],[35.094099,31.843851],[35.093904,31.843869],[35.093743,31.843928],[35.092776,31.844422],[35.091914,31.84488],[35.091696,31.84499],[35.091244,31.845182],[35.090814,31.845332],[35.09054,31.845365],[35.090261,31.84537],[35.090031,31.845354],[35.089784,31.845292],[35.089542,31.845234],[35.089316,31.845137],[35.089184,31.845069],[35.089101,31.845026],[35.088936,31.84489],[35.088781,31.844726],[35.088621,31.844566],[35.088528,31.844406],[35.088428,31.844173],[35.088385,31.844002],[35.088341,31.843793],[35.088332,31.843631],[35.088338,31.843425],[35.088393,31.843107],[35.088493,31.842838],[35.088616,31.842593],[35.088746,31.842405],[35.089007,31.842085],[35.089266,31.841895],[35.089916,31.841464],[35.090428,31.841119],[35.090823,31.840788],[35.091184,31.840429],[35.091445,31.840134],[35.091765,31.83967],[35.092155,31.839206],[35.092434,31.838948],[35.09308,31.83836],[35.093978,31.837524],[35.094148,31.837362],[35.094296,31.837245],[35.094441,31.837218],[35.094539,31.837215],[35.094704,31.837209],[35.094939,31.837215],[35.095245,31.837172],[35.095594,31.837032],[35.095826,31.836876],[35.0961,31.836661],[35.096379,31.83638],[35.096503,31.836192],[35.096793,31.835512]]},"properties":{"OBJECTID":136,"Status":"Constructed","Type":"Fence","IS_COUNTED":1,"Shape_Leng":5305.48098228,"source_crs":"EPSG:32636","evidence":[{"source_id":"ocha_opt","title":"West Bank Separation Barrier (January 2018 alignment)","url":"https://www.ochaopt.org/page/datasets-and-mapping-tools","document_date":"2018-01-01","retrieved":"2026-08-09"}]}},{"type":"Feature","geometry":{"type":"LineString","coordinates":[[35.05134,31.663819],[35.051235,31.663544],[35.050991,31.663123],[35.050762,31.662831],[35.050448,31.662507],[35.050204,31.662348],[35.049995,31.662237],[35.049759,31.662141],[35.049427,31.662003],[35.049123,31.661917],[35.048821,31.661865],[35.048511,31.661824],[35.048113,31.661754],[35.047402,31.661642],[35.04673,31.661538],[35.046125,31.661438],[35.045482,31.661353],[35.044972,31.66127],[35.044599,31.661233],[35.04418,31.661192],[35.0437,31.661166],[35.043303,31.661135],[35.042917,31.661098],[35.042548,31.661051],[35.042177,31.660962],[35.041756,31.660844],[35.041362,31.660693],[35.040974,31.660532],[35.040721,31.66046],[35.04052,31.660444],[35.04033,31.660461],[35.040092,31.660532],[35.039916,31.660649],[35.039765,31.660771],[35.039651,31.660911],[35.038916,31.662011],[35.038796,31.662133],[35.038658,31.66224],[35.038448,31.662329],[35.038321,31.662367],[35.038205,31.662431],[35.038112,31.662509],[35.038036,31.662601],[35.037994,31.662716],[35.03799,31.662816],[35.037993,31.662926],[35.037978,31.663002],[35.037896,31.663118],[35.037208,31.663793],[35.037092,31.663861],[35.036926,31.663907],[35.036731,31.66392],[35.03659,31.663884],[35.036421,31.66381],[35.035545,31.663289],[35.035138,31.663048],[35.034962,31.662972],[35.034612,31.662791],[35.034302,31.66262],[35.034093,31.662537],[35.03388,31.662469],[35.033706,31.66241]]},"properties":{"OBJECTID":137,"Status":"Constructed","Type":"Fence","IS_COUNTED":1,"Shape_Leng":2041.04905174,"source_crs":"EPSG:32636","evidence":[{"source_id":"ocha_opt","title":"West Bank Separation Barrier (January 2018 alignment)","url":"https://www.ochaopt.org/page/datasets-and-mapping-tools","document_date":"2018-01-01","retrieved":"2026-08-09"}]}},{"type":"Feature","geometry":{"type":"LineString","coordinates":[[35.014581,32.192719],[35.015052,32.192767],[35.015566,32.1929],[35.015895,32.192986],[35.016939,32.19325],[35.01722,32.193322],[35.017767,32.193467],[35.017767,32.193467],[35.017795,32.193474],[35.018461,32.193651],[35.018899,32.193767],[35.019308,32.193876],[35.020025,32.194066],[35.02123,32.194372],[35.02123,32.194372],[35.021479,32.194437],[35.022652,32.194744],[35.023837,32.195059],[35.024488,32.195233],[35.024489,32.195233],[35.024783,32.195311],[35.025311,32.195443],[35.025362,32.195456],[35.025408,32.195467],[35.025467,32.195482],[35.025469,32.195482],[35.025593,32.195513],[35.025627,32.195522],[35.025657,32.195529],[35.025674,32.195534],[35.025706,32.195541],[35.025715,32.195544],[35.025757,32.195554],[35.025761,32.195555],[35.025799,32.195565],[35.025807,32.195567],[35.025808,32.195567],[35.025837,32.195574],[35.025867,32.195582],[35.025872,32.195583],[35.025878,32.195585],[35.025914,32.195595],[35.025916,32.195596],[35.02667,32.195822],[35.02667,32.195822],[35.026807,32.195946],[35.026902,32.196125],[35.026927,32.196309],[35.026819,32.196549],[35.02672,32.196636],[35.026268,32.196923],[35.026164,32.196992],[35.025987,32.19711]]},"properties":{"OBJECTID":138,"Status":"Constructed","Type":"Fence","IS_COUNTED":1,"Shape_Leng":1381.5111853,"source_crs":"EPSG:32636","evidence":[{"source_id":"ocha_opt","title":"West Bank Separation Barrier (January 2018 alignment)","url":"https://www.ochaopt.org/page/datasets-and-mapping-tools","document_date":"2018-01-01","retrieved":"2026-08-09"}]}},{"type":"Feature","geometry":{"type":"LineString","coordinates":[[35.206372,31.86971],[35.206427,31.869802],[35.206495,31.869883],[35.206615,31.870025],[35.206623,31.870251],[35.206593,31.870383],[35.206524,31.870573],[35.206459,31.870898],[35.206206,31.871465],[35.206281,31.871721],[35.206496,31.872041],[35.207266,31.872608],[35.207351,31.873344],[35.207258,31.874027],[35.207123,31.874404],[35.206853,31.874961],[35.20661,31.875656],[35.206433,31.876475],[35.206359,31.877537],[35.206227,31.878846],[35.206227,31.878849]]},"properties":{"OBJECTID":140,"Status":"Constructed","Type":"Concrete","IS_COUNTED":1,"Shape_Leng":1079.89446003,"source_crs":"EPSG:32636","evidence":[{"source_id":"ocha_opt","title":"West Bank Separation Barrier (January 2018 alignment)","url":"https://www.ochaopt.org/page/datasets-and-mapping-tools","document_date":"2018-01-01","retrieved":"2026-08-09"}]}},{"type":"Feature","geometry":{"type":"LineString","coordinates":[[35.010622,32.293787],[35.010617,32.293766],[35.010612,32.29355],[35.010648,32.293322],[35.010761,32.293157],[35.010896,32.293032],[35.011066,32.292936],[35.011399,32.292791],[35.011712,32.292675],[35.012347,32.292466],[35.013241,32.292191],[35.013357,32.292155],[35.014216,32.291874],[35.014918,32.291643],[35.015147,32.291549],[35.015385,32.291416],[35.015568,32.291275],[35.015725,32.291137],[35.015944,32.290885],[35.016069,32.290687],[35.016172,32.290499],[35.016208,32.290341],[35.016242,32.290097],[35.016243,32.289883],[35.016197,32.289607],[35.016117,32.289279],[35.016066,32.289014],[35.016023,32.288843],[35.015973,32.28862],[35.015916,32.28833],[35.015848,32.28804],[35.01573,32.287559],[35.015679,32.287248],[35.015641,32.287081],[35.015644,32.286971],[35.015636,32.286852],[35.015574,32.286562],[35.015505,32.286243],[35.0154,32.285825],[35.015331,32.285499],[35.015304,32.285318],[35.015302,32.285194],[35.01535,32.285079],[35.015461,32.28503],[35.015601,32.284989],[35.01574,32.284968],[35.015864,32.284942],[35.015958,32.284888],[35.016052,32.284815],[35.016316,32.284548],[35.016476,32.28445],[35.01666,32.28438],[35.016811,32.284364],[35.017603,32.284341],[35.017737,32.284311],[35.017854,32.284247],[35.018229,32.283921],[35.018373,32.283842],[35.018518,32.283778],[35.018736,32.283727],[35.019603,32.283555],[35.019988,32.283459],[35.020157,32.283406],[35.020285,32.283327],[35.020418,32.283239],[35.020533,32.283109],[35.020625,32.282988],[35.020711,32.282805],[35.020829,32.282555],[35.020921,32.282372],[35.021036,32.282251],[35.02118,32.282139],[35.021357,32.282031],[35.021513,32.281981],[35.021737,32.281925],[35.021995,32.281911],[35.02222,32.28195],[35.022429,32.282],[35.022912,32.282211],[35.023611,32.282568],[35.023826,32.282674],[35.024031,32.282757],[35.024216,32.282768],[35.024424,32.282755],[35.024647,32.282689],[35.024825,32.282615],[35.025011,32.28254],[35.025122,32.28252],[35.025297,32.282517],[35.025533,32.282551],[35.025799,32.282633],[35.02673,32.282809],[35.027333,32.28289],[35.027614,32.2829],[35.027884,32.282914],[35.028199,32.282905],[35.028865,32.282803],[35.029206,32.28275],[35.02952,32.282716],[35.02984,32.282706],[35.03029,32.282713],[35.03081,32.282729],[35.031435,32.282752],[35.032114,32.28276],[35.032856,32.282768],[35.03353,32.282757],[35.034513,32.282731],[35.035024,32.282723],[35.035986,32.282698],[35.036754,32.282657],[35.037281,32.282606],[35.037656,32.282523],[35.037957,32.282404],[35.038262,32.282222],[35.038582,32.281988],[35.038841,32.281745],[35.039092,32.281426],[35.039176,32.281162],[35.039248,32.28089],[35.039283,32.280752]]},"properties":{"OBJECTID":142,"Status":"Constructed","Type":"Fence","IS_COUNTED":1,"Shape_Leng":3828.21164937,"source_crs":"EPSG:32636","evidence":[{"source_id":"ocha_opt","title":"West Bank Separation Barrier (January 2018 alignment)","url":"https://www.ochaopt.org/page/datasets-and-mapping-tools","document_date":"2018-01-01","retrieved":"2026-08-09"}]}},{"type":"Feature","geometry":{"type":"LineString","coordinates":[[35.014581,32.192719],[35.014573,32.192719],[35.014479,32.19272],[35.014402,32.192721],[35.014392,32.192721],[35.014368,32.192721],[35.014364,32.192722],[35.014215,32.192723],[35.014207,32.192723],[35.014139,32.192727],[35.014069,32.192731],[35.014032,32.192733],[35.014002,32.192735],[35.013891,32.192736],[35.013722,32.192739],[35.013648,32.19274],[35.013512,32.192742],[35.013478,32.192743],[35.013005,32.192764],[35.012743,32.192787],[35.012481,32.192797],[35.012205,32.192802],[35.011928,32.192794],[35.011695,32.19281],[35.011492,32.192856],[35.011341,32.192915],[35.011218,32.192954],[35.010448,32.193034],[35.010026,32.193078],[35.009794,32.1931],[35.009575,32.193104],[35.009465,32.193062],[35.009274,32.19296],[35.008914,32.192835],[35.008756,32.192798],[35.008581,32.19277],[35.008355,32.192773],[35.0081,32.192783],[35.007774,32.192832],[35.003778,32.193564],[35.003589,32.193586],[35.003443,32.193582],[35.003282,32.193547],[35.003135,32.193457],[35.002915,32.193287],[35.002605,32.193075],[35.002362,32.192955],[35.002156,32.192878],[35.001944,32.192813],[35.001739,32.192779],[35.001469,32.192765],[35.001185,32.192769],[34.999456,32.192939],[34.999086,32.192988],[34.99873,32.193025],[34.998519,32.193028],[34.998264,32.193051],[34.998039,32.193073],[34.997807,32.193107],[34.997517,32.193162],[34.996923,32.193301],[34.996416,32.193445],[34.996214,32.193517],[34.995757,32.193688],[34.995194,32.193951],[34.994704,32.194187],[34.994295,32.194423],[34.993655,32.194836],[34.992845,32.195406],[34.991526,32.196374],[34.990077,32.197359],[34.989619,32.197707],[34.989246,32.197967],[34.988679,32.19836],[34.988149,32.198733],[34.987796,32.198949],[34.987473,32.199134],[34.987033,32.199339],[34.986499,32.199552],[34.985711,32.199806],[34.985393,32.199916],[34.985148,32.200031],[34.985005,32.200151],[34.984877,32.200296],[34.984794,32.200477],[34.984712,32.200744],[34.984422,32.201807],[34.984374,32.201926],[34.98421,32.202089],[34.984081,32.20219],[34.983887,32.202342],[34.983656,32.202439],[34.983439,32.202492],[34.983156,32.202515],[34.982799,32.20252],[34.979563,32.202391],[34.979356,32.202351],[34.979136,32.202305],[34.97885,32.202198],[34.978534,32.202079],[34.978298,32.201953],[34.978085,32.201832],[34.977797,32.201651],[34.975688,32.200099],[34.975503,32.199997],[34.975196,32.199902],[34.974873,32.199808],[34.974631,32.199744],[34.974288,32.199675],[34.973827,32.199589],[34.973557,32.199563],[34.973149,32.19955],[34.9728,32.199562],[34.972429,32.199611],[34.972152,32.199671],[34.96939,32.200612],[34.969166,32.200671],[34.968952,32.200708],[34.968926,32.200712],[34.968722,32.200715],[34.968511,32.200706]]},"properties":{"OBJECTID":144,"Status":"Constructed","Type":"Fence","IS_COUNTED":1,"Shape_Leng":4929.73960853,"source_crs":"EPSG:32636","evidence":[{"source_id":"ocha_opt","title":"West Bank Separation Barrier (January 2018 alignment)","url":"https://www.ochaopt.org/page/datasets-and-mapping-tools","document_date":"2018-01-01","retrieved":"2026-08-09"}]}},{"type":"Feature","geometry":{"type":"LineString","coordinates":[[34.968511,32.200706],[34.968045,32.200689],[34.96733,32.200644],[34.967105,32.200625],[34.966768,32.200597],[34.965699,32.200515],[34.965321,32.200479],[34.965137,32.200462],[34.964735,32.200394],[34.964427,32.200312],[34.964156,32.200211],[34.96384,32.200092],[34.963465,32.199918],[34.963162,32.199725],[34.962896,32.199518],[34.962621,32.199287],[34.962383,32.199056],[34.962144,32.19875],[34.961843,32.198327],[34.961535,32.197867],[34.961414,32.197653],[34.961306,32.197477],[34.961164,32.197245],[34.960713,32.196508],[34.960387,32.195975],[34.959262,32.194184],[34.958718,32.193252],[34.95865,32.19311],[34.958557,32.192889],[34.958455,32.192507],[34.958341,32.19231],[34.958302,32.192233]]},"properties":{"OBJECTID":146,"Status":"Constructed","Type":"Concrete","IS_COUNTED":1,"Shape_Leng":1480.37420586,"source_crs":"EPSG:32636","evidence":[{"source_id":"ocha_opt","title":"West Bank Separation Barrier (January 2018 alignment)","url":"https://www.ochaopt.org/page/datasets-and-mapping-tools","document_date":"2018-01-01","retrieved":"2026-08-09"}]}},{"type":"Feature","geometry":{"type":"LineString","coordinates":[[34.960445,32.175996],[34.960941,32.176007],[34.96124,32.176027],[34.961465,32.176023],[34.961666,32.176014],[34.961833,32.175987],[34.962049,32.175909],[34.962453,32.175717],[34.962973,32.175504],[34.963275,32.175364],[34.963362,32.175331],[34.9635,32.175317],[34.963646,32.175314],[34.963908,32.175329],[34.964141,32.175338],[34.96428,32.175336],[34.964424,32.175302],[34.964714,32.175217],[34.965148,32.175074],[34.965351,32.175034],[34.965576,32.175024],[34.965947,32.175025],[34.966589,32.175089],[34.96799,32.175204],[34.968891,32.17527],[34.96954,32.175316],[34.970378,32.175358],[34.971326,32.17543],[34.971786,32.175479],[34.972151,32.175554],[34.972672,32.175707],[34.973736,32.176105],[34.975025,32.176611],[34.975421,32.176735],[34.976008,32.176955],[34.976559,32.177169],[34.977336,32.177442],[34.977909,32.177656],[34.978517,32.177832],[34.97996,32.178218],[34.981822,32.178709],[34.983426,32.179142],[34.984486,32.179379],[34.985146,32.179567],[34.985871,32.179785],[34.986612,32.180039],[34.987122,32.18018],[34.98768,32.180394],[34.988247,32.180682],[34.989373,32.181247],[34.990537,32.181854],[34.992701,32.182959],[34.993477,32.183365],[34.993904,32.183599],[34.994347,32.18389],[34.994754,32.184193],[34.995258,32.1846],[34.995688,32.184946],[34.996007,32.18522],[34.996266,32.185407],[34.996539,32.185549],[34.996818,32.185649],[34.997037,32.185689],[34.997343,32.185715],[34.997656,32.185711],[34.997932,32.185663],[34.998149,32.185597],[34.998343,32.185508],[34.99858,32.185343],[34.998824,32.185166],[34.999125,32.184789],[34.999288,32.184583],[34.999521,32.184257],[34.999707,32.184099],[34.999966,32.183946],[35.000247,32.183818],[35.000486,32.183765],[35.000798,32.183735],[35.001592,32.183723],[35.003085,32.18373],[35.003473,32.183736],[35.003814,32.183706],[35.004134,32.183664],[35.004503,32.183565],[35.005002,32.183433],[35.005611,32.183281],[35.006189,32.183099],[35.007043,32.18285],[35.007354,32.182771],[35.007789,32.182677],[35.008152,32.182628],[35.00861,32.18259],[35.009134,32.182581],[35.009949,32.182593],[35.010659,32.182662],[35.011352,32.182707],[35.012081,32.182739],[35.012707,32.182747],[35.013326,32.182731],[35.014023,32.182671],[35.014313,32.182623],[35.014742,32.182597],[35.015062,32.182555],[35.015294,32.182542],[35.01549,32.182527],[35.015729,32.182486],[35.016135,32.182405],[35.016433,32.182344],[35.016802,32.182264],[35.017099,32.182191],[35.017483,32.182086],[35.017779,32.182007],[35.018054,32.181897],[35.018212,32.181796],[35.018391,32.181663],[35.018519,32.181543],[35.018675,32.181374],[35.018824,32.181179],[35.019001,32.180966],[35.019151,32.180827],[35.019302,32.18072],[35.019518,32.180623],[35.019799,32.180501],[35.020008,32.180386],[35.020173,32.180266],[35.020315,32.180115],[35.020406,32.179971],[35.02049,32.179809],[35.02054,32.179588],[35.020573,32.179415],[35.02057,32.179285],[35.020545,32.179143],[35.02049,32.178976],[35.020435,32.17881],[35.020388,32.178662],[35.020356,32.178533],[35.020361,32.178421],[35.020396,32.178328],[35.020482,32.178289],[35.020577,32.178281],[35.020715,32.178285],[35.020826,32.178352],[35.020937,32.17843],[35.021106,32.178533],[35.021275,32.17858],[35.021464,32.178595],[35.021617,32.178599],[35.021755,32.178554],[35.021877,32.178496],[35.022006,32.17837],[35.022083,32.178233],[35.022159,32.178046],[35.022277,32.177815],[35.02246,32.177521],[35.022589,32.177407],[35.02274,32.177343],[35.0229,32.177328],[35.02304,32.177394],[35.023151,32.177497],[35.023299,32.177606],[35.023453,32.17766],[35.023672,32.177687],[35.023854,32.177672],[35.023912,32.177649],[35.02402,32.177607],[35.024235,32.177455],[35.024456,32.177229],[35.024688,32.177011],[35.024924,32.176816],[35.025288,32.176469],[35.025723,32.176066],[35.025964,32.175777],[35.026182,32.175439],[35.026351,32.175164],[35.026518,32.174833],[35.026686,32.174503],[35.027573,32.171841],[35.02765,32.171698],[35.027763,32.171541],[35.027885,32.171452],[35.028088,32.171406],[35.028219,32.171416],[35.028423,32.171438],[35.028584,32.171466],[35.028766,32.171451],[35.028969,32.171416],[35.029148,32.171296],[35.029384,32.171106],[35.02964,32.170811],[35.029804,32.170672],[35.029976,32.170533],[35.03019,32.17035],[35.030396,32.170143],[35.030588,32.169904],[35.030742,32.16966],[35.03083,32.169498],[35.03092,32.169286],[35.030996,32.169081],[35.031107,32.168825],[35.031217,32.168563],[35.031359,32.168363],[35.031516,32.168255],[35.031733,32.168158],[35.031921,32.168124],[35.032219,32.16812],[35.032635,32.168144],[35.033393,32.168206],[35.033955,32.168253],[35.034174,32.168286],[35.034423,32.168351],[35.034674,32.168489],[35.03483,32.168654],[35.034899,32.168789],[35.034932,32.168974],[35.034979,32.169146],[35.03507,32.169281],[35.035167,32.169379],[35.035285,32.169464],[35.035349,32.16948],[35.035417,32.169499],[35.035584,32.169496],[35.03578,32.169468],[35.035968,32.169397]]},"properties":{"OBJECTID":147,"Status":"Constructed","Type":"Fence","IS_COUNTED":1,"Shape_Leng":8636.33231068,"source_crs":"EPSG:32636","evidence":[{"source_id":"ocha_opt","title":"West Bank Separation Barrier (January 2018 alignment)","url":"https://www.ochaopt.org/page/datasets-and-mapping-tools","document_date":"2018-01-01","retrieved":"2026-08-09"}]}},{"type":"Feature","geometry":{"type":"LineString","coordinates":[[35.035968,32.169397],[35.036096,32.169283],[35.036173,32.169146],[35.036206,32.168997],[35.036203,32.168848],[35.036171,32.168725],[35.036074,32.168596],[35.035872,32.168364],[35.035738,32.168212],[35.035669,32.16807],[35.035549,32.167905],[35.035384,32.167722],[35.035228,32.167582],[35.035081,32.167492],[35.034839,32.167409],[35.034546,32.167321],[35.034026,32.167199],[35.033799,32.167135],[35.033094,32.166864],[35.03277,32.166696],[35.032476,32.166571],[35.0321,32.166348],[35.031885,32.166178],[35.031764,32.165988],[35.03168,32.165779],[35.031624,32.165581],[35.031613,32.165377],[35.031623,32.165191],[35.031699,32.165029],[35.031827,32.164891],[35.031979,32.164839],[35.032168,32.164823],[35.03241,32.164881],[35.032908,32.165022],[35.0332,32.165067],[35.033455,32.165087],[35.033702,32.165084],[35.034007,32.165035],[35.034333,32.164937],[35.034751,32.164757],[35.035104,32.164615],[35.035245,32.164551],[35.035419,32.164511],[35.035557,32.164503],[35.035754,32.164524],[35.036053,32.164575],[35.036331,32.164602],[35.036563,32.164598],[35.036738,32.164583],[35.036875,32.164525],[35.03704,32.164429],[35.037248,32.164308],[35.037435,32.1642],[35.037594,32.164142],[35.037761,32.164114],[35.037965,32.164117],[35.038788,32.164129],[35.039291,32.164158],[35.039545,32.164141],[35.039748,32.164107],[35.039921,32.164011],[35.040027,32.163873],[35.04036,32.163465],[35.040493,32.163253],[35.040568,32.16301],[35.040543,32.162862],[35.040474,32.162708],[35.040369,32.162586],[35.040314,32.162553],[35.040229,32.162502],[35.040075,32.162455],[35.039783,32.162397],[35.039285,32.162294],[35.039008,32.162237]]},"properties":{"OBJECTID":148,"Status":"Constructed","Type":"Fence","IS_COUNTED":1,"Shape_Leng":1860.88744662,"source_crs":"EPSG:32636","evidence":[{"source_id":"ocha_opt","title":"West Bank Separation Barrier (January 2018 alignment)","url":"https://www.ochaopt.org/page/datasets-and-mapping-tools","document_date":"2018-01-01","retrieved":"2026-08-09"}]}},{"type":"Feature","geometry":{"type":"LineString","coordinates":[[35.039008,32.162237],[35.038633,32.162099],[35.038248,32.161934],[35.03801,32.161833],[35.037738,32.161713],[35.037426,32.161551],[35.037097,32.161423],[35.036678,32.161238],[35.036236,32.161055],[35.035811,32.160871],[35.035335,32.160644],[35.034769,32.160401],[35.034491,32.160295],[35.033452,32.159825],[35.033209,32.159738],[35.03295,32.159671],[35.032628,32.15959],[35.032346,32.159537],[35.031941,32.159487],[35.031632,32.159463],[35.030829,32.159404],[35.030547,32.159371],[35.030075,32.159311],[35.029687,32.159279],[35.02927,32.159205],[35.029038,32.15918],[35.028784,32.159113],[35.027667,32.158849],[35.026465,32.158544],[35.025851,32.15841],[35.02549,32.158335],[35.025221,32.158339],[35.024964,32.158372],[35.024662,32.158448],[35.024451,32.158542],[35.024163,32.158705],[35.024024,32.158826],[35.023926,32.158957],[35.023777,32.159093],[35.023634,32.159195],[35.023506,32.15925],[35.023333,32.1593],[35.023187,32.159302],[35.023002,32.159301],[35.02276,32.159257],[35.020905,32.158866],[35.020674,32.158822],[35.020541,32.158796],[35.020539,32.158796]]},"properties":{"OBJECTID":149,"Status":"Constructed","Type":"Fence","IS_COUNTED":1,"Shape_Leng":1870.3038314,"source_crs":"EPSG:32636","evidence":[{"source_id":"ocha_opt","title":"West Bank Separation Barrier (January 2018 alignment)","url":"https://www.ochaopt.org/page/datasets-and-mapping-tools","document_date":"2018-01-01","retrieved":"2026-08-09"}]}},{"type":"Feature","geometry":{"type":"LineString","coordinates":[[34.991499,32.169421],[34.991258,32.169436],[34.990412,32.169501],[34.990082,32.16953],[34.989807,32.16953],[34.989599,32.169529],[34.989286,32.169562],[34.989068,32.169628],[34.98884,32.169722],[34.988568,32.16986],[34.988153,32.170105],[34.987766,32.170342],[34.986847,32.170915],[34.985628,32.171636],[34.984291,32.172363],[34.98387,32.172594],[34.983673,32.172736],[34.983463,32.172887],[34.983242,32.173019],[34.983053,32.173099],[34.982779,32.173179],[34.978885,32.173942],[34.978695,32.173974],[34.978554,32.173976],[34.978403,32.173969],[34.978296,32.173942],[34.978186,32.173896],[34.976842,32.173215],[34.976688,32.173127],[34.976553,32.173086],[34.9764,32.17305],[34.976198,32.17302],[34.976012,32.173013],[34.975833,32.173011],[34.975446,32.173017],[34.975132,32.173017],[34.974889,32.172973],[34.974674,32.172886],[34.974481,32.172789],[34.973948,32.172506],[34.973737,32.172347],[34.973532,32.172188],[34.973359,32.172],[34.973196,32.171726],[34.973119,32.171545],[34.973061,32.171432],[34.972895,32.171024],[34.972785,32.170878],[34.972664,32.170741],[34.972539,32.170629],[34.972351,32.170507],[34.972108,32.170416],[34.97155,32.170319],[34.971088,32.170241],[34.970874,32.170196],[34.970715,32.170089],[34.970521,32.169939],[34.970416,32.169793],[34.970317,32.169628],[34.970291,32.169423],[34.970303,32.169217],[34.970445,32.16801],[34.970567,32.166867],[34.970586,32.16671],[34.970595,32.166616],[34.970599,32.166571],[34.970601,32.166404],[34.970586,32.166223],[34.970544,32.166071],[34.970479,32.165929],[34.970403,32.165777],[34.970355,32.165635],[34.97033,32.165501],[34.97035,32.165396],[34.970421,32.165304],[34.97052,32.165217],[34.970591,32.165149],[34.970646,32.16511],[34.970707,32.165066],[34.970979,32.164909],[34.973223,32.163604],[34.973599,32.16336],[34.973887,32.163174],[34.974075,32.163049],[34.974295,32.162855],[34.974537,32.162608],[34.974849,32.162274],[34.975183,32.161882],[34.975649,32.161364],[34.975786,32.161214],[34.976066,32.160933],[34.976329,32.160671],[34.976433,32.160512],[34.976553,32.160352],[34.976654,32.160112],[34.976722,32.159882],[34.97683,32.159699],[34.976966,32.159501],[34.977108,32.159298],[34.977262,32.159162],[34.977444,32.159021],[34.977509,32.158944],[34.977558,32.158871],[34.977635,32.158794],[34.977723,32.158735],[34.977868,32.158685],[34.978008,32.158664],[34.978154,32.158666],[34.978301,32.158707],[34.978437,32.158772],[34.978574,32.158875],[34.97875,32.15901],[34.978966,32.159117],[34.979215,32.159203],[34.97948,32.159266],[34.979733,32.159291],[34.979963,32.159287],[34.980254,32.159264],[34.980528,32.159207],[34.980766,32.159089],[34.980927,32.158981],[34.981125,32.158825],[34.981301,32.158636],[34.981415,32.158458],[34.9815,32.158242],[34.981585,32.158011],[34.982292,32.155896],[34.982452,32.155506],[34.982582,32.15529],[34.982752,32.155125],[34.982984,32.154959],[34.983195,32.15486],[34.983434,32.15478],[34.983641,32.154743],[34.983921,32.15472],[34.984152,32.15474],[34.984428,32.154793],[34.984654,32.15489],[34.984943,32.155028],[34.985346,32.155213],[34.985498,32.155258],[34.985667,32.155294],[34.985804,32.155301],[34.985971,32.15527],[34.986272,32.155165],[34.987385,32.154756],[34.988138,32.15452],[34.988655,32.154335],[34.98886,32.154227],[34.989049,32.154114],[34.989143,32.154039],[34.989279,32.153884],[34.989399,32.153715],[34.989524,32.153522],[34.989609,32.153306],[34.98966,32.153086],[34.989719,32.152934],[34.989827,32.152761],[34.989981,32.152611],[34.990176,32.152526],[34.990504,32.152431],[34.990829,32.152387],[34.991026,32.152351],[34.991232,32.152285],[34.991449,32.152167],[34.991664,32.152021],[34.991851,32.151856],[34.992027,32.151667],[34.99224,32.151391],[34.992587,32.150861],[34.992903,32.150426],[34.99311,32.150132],[34.993256,32.149896],[34.993325,32.149694],[34.993387,32.149479],[34.993416,32.149273],[34.993429,32.149082],[34.993413,32.148877],[34.993376,32.148686],[34.993244,32.148307],[34.992968,32.147504],[34.992901,32.147229],[34.992804,32.14691],[34.992544,32.146044],[34.99219,32.14498],[34.992157,32.144763],[34.992087,32.144387],[34.992041,32.144083],[34.992036,32.143839],[34.992064,32.143572],[34.992175,32.143265],[34.992298,32.142976],[34.992643,32.142365],[34.99316,32.141364],[34.993291,32.141171],[34.993426,32.140973],[34.993502,32.140857],[34.99354,32.140776],[34.994082,32.139667],[34.994205,32.139383],[34.994318,32.139172],[34.994395,32.139077],[34.994587,32.138898],[34.994819,32.138732],[34.995085,32.138589],[34.995303,32.138538],[34.995532,32.138501],[34.995768,32.138507],[34.996074,32.138559],[34.997632,32.138778],[34.998465,32.138889],[34.998769,32.138956],[34.999164,32.139059],[34.999581,32.139148],[34.999806,32.139178],[35.000014,32.13917],[35.00022,32.139109],[35.000352,32.139002],[35.000461,32.138877],[35.000521,32.138766],[35.00054,32.138622],[35.00053,32.138432],[35.000507,32.138141],[35.000433,32.137321],[35.000456,32.137101],[35.000515,32.136952],[35.000618,32.136808],[35.000728,32.136701],[35.00085,32.136618],[35.000963,32.136573],[35.001147,32.136522],[35.001465,32.136446],[35.001816,32.136378],[35.002699,32.136207],[35.003051,32.136129],[35.003435,32.136009],[35.00373,32.13588],[35.004045,32.135694],[35.004261,32.135566],[35.004571,32.135361],[35.005003,32.135077],[35.005468,32.134793],[35.005955,32.134494],[35.00622,32.134299],[35.006747,32.134014],[35.007063,32.133851],[35.008095,32.133358],[35.008672,32.133072],[35.008856,32.132993]]},"properties":{"OBJECTID":151,"Status":"Constructed","Type":"Fence","IS_COUNTED":1,"Shape_Leng":8943.47040807,"source_crs":"EPSG:32636","evidence":[{"source_id":"ocha_opt","title":"West Bank Separation Barrier (January 2018 alignment)","url":"https://www.ochaopt.org/page/datasets-and-mapping-tools","document_date":"2018-01-01","retrieved":"2026-08-09"}]}},{"type":"Feature","geometry":{"type":"LineString","coordinates":[[35.039673,32.108037],[35.039623,32.107578],[35.039606,32.107067],[35.03964,32.106847],[35.03973,32.106602],[35.039768,32.106546],[35.039819,32.106471],[35.039866,32.1064],[35.040069,32.106177],[35.040162,32.106104],[35.040689,32.105596],[35.041432,32.104978],[35.042043,32.104439],[35.042296,32.104206],[35.042514,32.103966],[35.042661,32.103758],[35.042713,32.103595],[35.042753,32.103389],[35.042755,32.103198],[35.042706,32.103008],[35.042635,32.102852],[35.042508,32.102687],[35.042336,32.102518],[35.042154,32.102397],[35.042012,32.102311],[35.04187,32.102237],[35.041718,32.102177],[35.041566,32.102156],[35.041353,32.102145],[35.041157,32.102157],[35.040878,32.102214],[35.04022,32.102378],[35.039656,32.102511],[35.03858,32.102757],[35.037196,32.103061],[35.036809,32.103134],[35.036044,32.103294],[35.035034,32.103525],[35.034091,32.103727],[35.033098,32.103943],[35.032205,32.104129],[35.031785,32.104229],[35.031579,32.104275],[35.031399,32.104278],[35.031214,32.104262],[35.031004,32.104165],[35.030913,32.104095],[35.030824,32.104061],[35.03081,32.104061],[35.030802,32.104064]]},"properties":{"OBJECTID":153,"Status":"Constructed","Type":"Fence","IS_COUNTED":1,"Shape_Leng":1869.02597985,"source_crs":"EPSG:32636","evidence":[{"source_id":"ocha_opt","title":"West Bank Separation Barrier (January 2018 alignment)","url":"https://www.ochaopt.org/page/datasets-and-mapping-tools","document_date":"2018-01-01","retrieved":"2026-08-09"}]}},{"type":"Feature","geometry":{"type":"LineString","coordinates":[[35.003422,32.063189],[35.003479,32.062937],[35.003514,32.062741],[35.003559,32.06253],[35.00355,32.062363],[35.003502,32.062202],[35.003378,32.061927],[35.003023,32.061303],[35.002744,32.060854],[35.002574,32.060537],[35.002295,32.060073],[35.001967,32.05942],[35.001811,32.059217],[35.001588,32.058991],[35.001342,32.058785],[35.000784,32.058365],[34.999821,32.057616],[34.998949,32.056947],[34.99878,32.056804],[34.998517,32.05656],[34.99837,32.056402],[34.998235,32.056255],[34.997948,32.055939],[34.997538,32.055473],[34.995569,32.052681],[34.995526,32.05251],[34.995522,32.052353],[34.995536,32.052209],[34.995661,32.05205],[34.995833,32.051966],[34.996051,32.051929],[34.996364,32.051915],[34.99674,32.051928],[34.997105,32.05197],[34.997387,32.052051],[34.997665,32.052171],[34.997921,32.052353],[34.998183,32.052569],[34.99853,32.052783],[34.998897,32.05292],[34.999074,32.052984],[34.999151,32.053],[34.999265,32.053024],[34.999467,32.053026],[34.999691,32.053012],[34.999925,32.052975],[35.000154,32.052905],[35.000416,32.052848],[35.000633,32.052797],[35.00079,32.052785],[35.001019,32.052782],[35.001244,32.052797],[35.001436,32.052847],[35.00165,32.05291],[35.001859,32.052973],[35.002067,32.052999],[35.002291,32.053005],[35.002453,32.052988],[35.002659,32.052923],[35.002819,32.052806],[35.002967,32.052674],[35.003115,32.052524],[35.003236,32.052412],[35.003386,32.052338],[35.003564,32.052274],[35.00373,32.052266],[35.004049,32.052271],[35.00531,32.052289],[35.005708,32.052257]]},"properties":{"OBJECTID":154,"Status":"Constructed","Type":"Fence","IS_COUNTED":1,"Shape_Leng":2518.27123022,"source_crs":"EPSG:32636","evidence":[{"source_id":"ocha_opt","title":"West Bank Separation Barrier (January 2018 alignment)","url":"https://www.ochaopt.org/page/datasets-and-mapping-tools","document_date":"2018-01-01","retrieved":"2026-08-09"}]}},{"type":"Feature","geometry":{"type":"LineString","coordinates":[[35.050458,31.941549],[35.050773,31.941001],[35.050987,31.940591],[35.051179,31.94039],[35.051827,31.939895],[35.053105,31.938628],[35.05504,31.936342]]},"properties":{"OBJECTID":156,"Status":"Constructed","Type":"Fence","IS_COUNTED":1,"Shape_Leng":726.455155508,"source_crs":"EPSG:32636","evidence":[{"source_id":"ocha_opt","title":"West Bank Separation Barrier (January 2018 alignment)","url":"https://www.ochaopt.org/page/datasets-and-mapping-tools","document_date":"2018-01-01","retrieved":"2026-08-09"}]}},{"type":"Feature","geometry":{"type":"LineString","coordinates":[[35.288679,31.767483],[35.288684,31.767471],[35.288684,31.767466],[35.288684,31.767462],[35.288685,31.767451],[35.288682,31.767443],[35.28866,31.767391],[35.288514,31.766798],[35.288184,31.766358],[35.288098,31.766005],[35.287956,31.765689],[35.287742,31.765264],[35.287571,31.764973],[35.2874,31.76456],[35.287243,31.764195],[35.287214,31.763855],[35.287257,31.763478],[35.287759,31.763162],[35.288366,31.763014],[35.289437,31.762889],[35.290257,31.762709],[35.290796,31.76213],[35.291027,31.761405],[35.291604,31.759971],[35.29143,31.759385],[35.291342,31.758594],[35.291255,31.758026],[35.291226,31.757655],[35.291225,31.757062],[35.291048,31.756731],[35.291147,31.756464],[35.291318,31.75616],[35.291417,31.755844],[35.291601,31.755491],[35.291843,31.755102],[35.292184,31.754823],[35.292411,31.754592],[35.292781,31.754409],[35.293023,31.754287],[35.293222,31.754178],[35.293392,31.75402],[35.293449,31.753874],[35.293449,31.753752],[35.293349,31.753473],[35.293164,31.753218],[35.292979,31.753024],[35.292865,31.752878],[35.292609,31.752623],[35.292466,31.752489],[35.292409,31.752246],[35.292423,31.7521],[35.292494,31.751882],[35.292693,31.751723],[35.293077,31.751614],[35.293376,31.751553],[35.293759,31.751468],[35.294059,31.751435],[35.294478,31.751411],[35.294785,31.751434],[35.295316,31.751386],[35.296153,31.751481],[35.296963,31.751552],[35.297661,31.751456],[35.298554,31.750954],[35.299192,31.750474]]},"properties":{"OBJECTID":158,"Status":"Projected","Type":"NA","IS_COUNTED":1,"Shape_Leng":2816.18922093,"source_crs":"EPSG:32636","evidence":[{"source_id":"ocha_opt","title":"West Bank Separation Barrier (January 2018 alignment)","url":"https://www.ochaopt.org/page/datasets-and-mapping-tools","document_date":"2018-01-01","retrieved":"2026-08-09"}]}},{"type":"Feature","geometry":{"type":"LineString","coordinates":[[35.323951,31.751817],[35.326717,31.749386],[35.326182,31.74851],[35.322588,31.746822],[35.321666,31.74625],[35.321666,31.74625],[35.32041,31.74643],[35.318244,31.747792],[35.316552,31.749563]]},"properties":{"OBJECTID":159,"Status":"Projected","Type":"NA","IS_COUNTED":1,"Shape_Leng":1611.4145402,"source_crs":"EPSG:32636","evidence":[{"source_id":"ocha_opt","title":"West Bank Separation Barrier (January 2018 alignment)","url":"https://www.ochaopt.org/page/datasets-and-mapping-tools","document_date":"2018-01-01","retrieved":"2026-08-09"}]}},{"type":"Feature","geometry":{"type":"LineString","coordinates":[[35.114404,31.371],[35.116053,31.370304],[35.117712,31.370463],[35.119493,31.371149],[35.121214,31.371151],[35.123057,31.37131],[35.124653,31.371891],[35.125882,31.37263],[35.126803,31.372577],[35.12834,31.37126],[35.129877,31.369785],[35.131969,31.366676],[35.132093,31.365042],[35.132647,31.363672],[35.133201,31.362196],[35.134983,31.360932],[35.134493,31.359878],[35.133879,31.358665],[35.134065,31.35682],[35.135048,31.356399],[35.136523,31.355925],[35.137628,31.356189],[35.138629,31.356712],[35.140151,31.35744],[35.140514,31.357614],[35.142296,31.357931],[35.143831,31.358143],[35.145227,31.358715],[35.148337,31.359474],[35.149939,31.359836],[35.151067,31.359778],[35.151497,31.359571],[35.152923,31.358885],[35.154274,31.358094],[35.15538,31.357779],[35.155727,31.357087],[35.157162,31.357358],[35.159312,31.357753],[35.16097,31.358097],[35.164472,31.358731],[35.165708,31.358653],[35.167813,31.358047],[35.169158,31.357523],[35.17038,31.357372],[35.172064,31.357908],[35.172118,31.358398],[35.172553,31.358759],[35.173191,31.358864],[35.173653,31.359063],[35.174177,31.359946],[35.17473,31.361475],[35.174793,31.362513],[35.174725,31.362967],[35.174344,31.363643],[35.174154,31.364062],[35.174256,31.36428],[35.174357,31.364494],[35.174697,31.36475],[35.175199,31.364832],[35.175648,31.364704],[35.175799,31.36446],[35.175987,31.364156],[35.176612,31.362991],[35.17702,31.36249],[35.177509,31.362397],[35.178106,31.362781],[35.178378,31.363586],[35.178758,31.36418],[35.179703,31.365226],[35.17979,31.365322],[35.180523,31.366022],[35.181039,31.366208],[35.18148,31.366126],[35.182158,31.366014],[35.182248,31.365999],[35.183457,31.365323],[35.184544,31.364845],[35.185087,31.364729],[35.185712,31.36495],[35.187355,31.36685],[35.187898,31.367596],[35.187973,31.367752],[35.188401,31.368634],[35.188903,31.369822],[35.189351,31.370661],[35.190057,31.371268],[35.191117,31.371582],[35.19276,31.371792],[35.192882,31.371801],[35.194172,31.371889],[35.196322,31.371415],[35.197858,31.370624],[35.198847,31.369754],[35.200015,31.368725],[35.200257,31.368804],[35.200476,31.368766],[35.200639,31.368721],[35.200837,31.368532],[35.201417,31.367842],[35.202033,31.367073],[35.202213,31.366941],[35.202485,31.366798],[35.202793,31.36673],[35.203211,31.366673],[35.203466,31.366669],[35.203786,31.366809],[35.204094,31.367069],[35.204564,31.367488],[35.204925,31.36782],[35.205246,31.367922],[35.20569,31.368084],[35.206217,31.368189],[35.206841,31.368208],[35.207422,31.368144],[35.207857,31.368027],[35.208503,31.367805],[35.208824,31.367665],[35.209268,31.367616],[35.209804,31.367669],[35.210125,31.367827],[35.210485,31.368069],[35.210745,31.368378],[35.210749,31.368604],[35.210701,31.368906],[35.210701,31.369132],[35.210881,31.369524],[35.211154,31.369871],[35.211686,31.370611],[35.211945,31.370833],[35.212314,31.371063],[35.212758,31.371244],[35.212811,31.371467],[35.212758,31.371572],[35.21278,31.371674],[35.212965,31.3717],[35.213083,31.371648],[35.213396,31.371493],[35.213681,31.37135],[35.214112,31.371225],[35.214943,31.371221],[35.215215,31.371221],[35.215703,31.371127],[35.216046,31.371101],[35.216371,31.371138],[35.217092,31.371406],[35.217607,31.371628],[35.218042,31.371802],[35.218319,31.37196],[35.218574,31.372149],[35.218442,31.372433],[35.217396,31.374683],[35.218195,31.37521],[35.219608,31.376],[35.221022,31.376685],[35.221882,31.377054],[35.22391,31.377423],[35.224893,31.37795],[35.225569,31.378899],[35.226798,31.379426],[35.227966,31.379847],[35.228765,31.380638],[35.229072,31.381956],[35.229257,31.383115],[35.229933,31.384169],[35.230671,31.385013],[35.232207,31.385223],[35.23405,31.385381],[35.235433,31.386277],[35.236355,31.387647],[35.236479,31.38886],[35.238138,31.390019],[35.239675,31.390756],[35.241641,31.391547],[35.243239,31.391757],[35.24453,31.39202],[35.246128,31.391967],[35.24791,31.391703],[35.24963,31.391597],[35.251316,31.392034],[35.251732,31.392009],[35.251978,31.391918],[35.25216,31.391767],[35.25228,31.391611],[35.2524,31.391455],[35.25257,31.391083],[35.252757,31.390977],[35.252962,31.390937],[35.253203,31.390912],[35.253355,31.390897],[35.253689,31.390901],[35.253953,31.390977],[35.254199,31.391134],[35.25448,31.391342],[35.254527,31.39159],[35.254637,31.391838],[35.254723,31.392093],[35.254785,31.392462],[35.254832,31.392582],[35.254981,31.392703],[35.255145,31.392804],[35.255325,31.392803],[35.255513,31.392797],[35.255763,31.392743],[35.255989,31.392723],[35.25613,31.392783],[35.255683,31.394087],[35.255661,31.39431],[35.255614,31.394791],[35.256024,31.39597],[35.256209,31.397182],[35.258421,31.397761],[35.259835,31.398129],[35.259897,31.399236],[35.260021,31.400765],[35.259653,31.401872],[35.258921,31.402379],[35.258887,31.402511],[35.25884,31.402679],[35.258747,31.40296],[35.258645,31.403148],[35.258497,31.40345],[35.258458,31.403658],[35.258614,31.404006],[35.258974,31.404335],[35.259342,31.404676],[35.259536,31.404991],[35.259605,31.405175],[35.259609,31.405342],[35.259451,31.405486],[35.25917,31.405764],[35.258356,31.406457],[35.258076,31.406754],[35.258053,31.406929],[35.257971,31.407065],[35.257925,31.4073],[35.257806,31.407478],[35.257618,31.407631],[35.257216,31.407866],[35.256138,31.408461],[35.255541,31.408758],[35.255363,31.408879],[35.255205,31.409035],[35.255096,31.409205],[35.25503,31.409386],[35.254967,31.409544],[35.254779,31.40974],[35.254654,31.409881],[35.254443,31.409972],[35.254051,31.410176],[35.25351,31.410413],[35.253368,31.410544],[35.253243,31.410846],[35.253059,31.411378],[35.25299,31.411788],[35.253046,31.412054],[35.253145,31.412246],[35.253373,31.412538],[35.253528,31.412707],[35.253604,31.412897],[35.253805,31.413112],[35.253904,31.413242],[35.254029,31.413355],[35.254204,31.413443],[35.254429,31.41351],[35.254689,31.413567],[35.255022,31.413649],[35.255177,31.413702],[35.255326,31.413753],[35.255468,31.413753],[35.255666,31.413807],[35.256118,31.413945],[35.256471,31.414033],[35.256599,31.414135],[35.256735,31.414225],[35.256942,31.414389],[35.257193,31.414502],[35.257328,31.414564],[35.257353,31.414594],[35.257378,31.414624],[35.257464,31.414714],[35.257586,31.414776],[35.257721,31.41479],[35.25782,31.414793],[35.257858,31.414803],[35.257896,31.414813],[35.258008,31.414878],[35.258189,31.414926],[35.258486,31.414943],[35.25873,31.414951],[35.258876,31.414975],[35.259199,31.4151],[35.259627,31.415297],[35.259981,31.415386],[35.260263,31.41535],[35.260461,31.41535],[35.260607,31.415368],[35.260815,31.415252],[35.260992,31.415234],[35.261326,31.415189],[35.261784,31.41518],[35.262129,31.415278],[35.262504,31.415412],[35.262879,31.415555],[35.263127,31.415569],[35.263182,31.415572],[35.263703,31.415474],[35.264224,31.41533],[35.264401,31.415339],[35.264735,31.41542],[35.264981,31.415405],[35.265336,31.415534],[35.265339,31.415536]]},"properties":{"OBJECTID":160,"Status":"Projected","Type":"NA","IS_COUNTED":1,"Shape_Leng":22912.496211,"source_crs":"EPSG:32636","evidence":[{"source_id":"ocha_opt","title":"West Bank Separation Barrier (January 2018 alignment)","url":"https://www.ochaopt.org/page/datasets-and-mapping-tools","document_date":"2018-01-01","retrieved":"2026-08-09"}]}},{"type":"Feature","geometry":{"type":"LineString","coordinates":[[35.168519,31.681674],[35.168918,31.681802],[35.169356,31.682025],[35.169537,31.682198],[35.170198,31.683048],[35.171029,31.683897],[35.171389,31.684229],[35.172785,31.684769],[35.174397,31.685371]]},"properties":{"OBJECTID":161,"Status":"Under Construction","Type":"Fence","IS_COUNTED":1,"Shape_Leng":712.782239956,"source_crs":"EPSG:32636","evidence":[{"source_id":"ocha_opt","title":"West Bank Separation Barrier (January 2018 alignment)","url":"https://www.ochaopt.org/page/datasets-and-mapping-tools","document_date":"2018-01-01","retrieved":"2026-08-09"}]}},{"type":"Feature","geometry":{"type":"LineString","coordinates":[[35.327203,31.752258],[35.32536,31.752689],[35.324606,31.752663],[35.324061,31.752207],[35.323914,31.751849],[35.323951,31.751817]]},"properties":{"OBJECTID":162,"Status":"Projected","Type":"NA","IS_COUNTED":1,"Shape_Leng":371.869333762,"source_crs":"EPSG:32636","evidence":[{"source_id":"ocha_opt","title":"West Bank Separation Barrier (January 2018 alignment)","url":"https://www.ochaopt.org/page/datasets-and-mapping-tools","document_date":"2018-01-01","retrieved":"2026-08-09"}]}},{"type":"Feature","geometry":{"type":"LineString","coordinates":[[35.168279,31.726946],[35.168366,31.727271],[35.168365,31.7276],[35.168369,31.727933],[35.168335,31.728248],[35.16792,31.728471],[35.16738,31.72883],[35.166901,31.729093],[35.166613,31.729337],[35.166272,31.729819],[35.166093,31.730347]]},"properties":{"OBJECTID":163,"Status":"Constructed","Type":"Concrete","IS_COUNTED":1,"Shape_Leng":472.536448026,"source_crs":"EPSG:32636","evidence":[{"source_id":"ocha_opt","title":"West Bank Separation Barrier (January 2018 alignment)","url":"https://www.ochaopt.org/page/datasets-and-mapping-tools","document_date":"2018-01-01","retrieved":"2026-08-09"}]}},{"type":"Feature","geometry":{"type":"LineString","coordinates":[[35.175961,31.6826],[35.176947,31.681477],[35.177025,31.681178],[35.177042,31.680752],[35.177103,31.68006],[35.177313,31.679828],[35.177668,31.67979],[35.178011,31.680136],[35.179042,31.681392],[35.179635,31.682013],[35.179928,31.682141],[35.180261,31.682141],[35.180743,31.681989],[35.181618,31.6818],[35.181845,31.681653]]},"properties":{"OBJECTID":164,"Status":"Under Construction","Type":"Fence","IS_COUNTED":1,"Shape_Leng":913.852958481,"source_crs":"EPSG:32636","evidence":[{"source_id":"ocha_opt","title":"West Bank Separation Barrier (January 2018 alignment)","url":"https://www.ochaopt.org/page/datasets-and-mapping-tools","document_date":"2018-01-01","retrieved":"2026-08-09"}]}},{"type":"Feature","geometry":{"type":"LineString","coordinates":[[35.181845,31.681653],[35.18194,31.681468],[35.18194,31.681246],[35.181764,31.680948],[35.181236,31.680568],[35.180852,31.680275],[35.180525,31.679781],[35.18004,31.679136],[35.179739,31.678728],[35.179496,31.67832],[35.179211,31.677848],[35.179153,31.677433],[35.179019,31.676996],[35.178701,31.676624],[35.17794,31.676115],[35.177454,31.675814],[35.177128,31.675714],[35.176667,31.675728],[35.176123,31.675886],[35.175437,31.675907],[35.174993,31.675599],[35.174784,31.675284],[35.174709,31.674905],[35.1745,31.674232],[35.174291,31.673623],[35.173981,31.673186],[35.173869,31.672829],[35.173897,31.672431],[35.173936,31.671687],[35.173787,31.671346],[35.173548,31.671128],[35.171546,31.670516],[35.17117,31.670108],[35.170952,31.6698],[35.170835,31.669463],[35.170459,31.66922],[35.169747,31.668826],[35.169321,31.668525],[35.168902,31.668324],[35.168358,31.668217],[35.16773,31.668167],[35.167036,31.668131],[35.166425,31.668088],[35.165747,31.667894],[35.165153,31.667658],[35.164667,31.667221],[35.164191,31.666741],[35.163755,31.666412],[35.163362,31.666039],[35.162994,31.665724],[35.162668,31.665373],[35.162258,31.664822],[35.16199,31.664464],[35.161589,31.663998],[35.161246,31.663669],[35.160869,31.663347],[35.160376,31.663075],[35.159815,31.66281],[35.15933,31.662451],[35.158878,31.662129],[35.158401,31.661886],[35.157815,31.66142],[35.157472,31.660976],[35.15723,31.660468],[35.157071,31.660053],[35.156854,31.659251],[35.156653,31.658549],[35.156478,31.657976],[35.156202,31.657217],[35.156043,31.656731],[35.155843,31.656172],[35.15581,31.655807],[35.155573,31.655263],[35.15539,31.654642],[35.155396,31.65432],[35.15743,31.650886],[35.157614,31.650492],[35.157648,31.650292],[35.157658,31.650056],[35.157581,31.649838],[35.157392,31.649606],[35.15706,31.649416],[35.156512,31.649241],[35.155991,31.649094],[35.155676,31.648866],[35.155604,31.648672],[35.155604,31.648477],[35.155981,31.647975],[35.156142,31.647686],[35.156164,31.647407],[35.156325,31.64708]]},"properties":{"OBJECTID":165,"Status":"Under Construction","Type":"Fence","IS_COUNTED":1,"Shape_Leng":5309.56454216,"source_crs":"EPSG:32636","evidence":[{"source_id":"ocha_opt","title":"West Bank Separation Barrier (January 2018 alignment)","url":"https://www.ochaopt.org/page/datasets-and-mapping-tools","document_date":"2018-01-01","retrieved":"2026-08-09"}]}},{"type":"Feature","geometry":{"type":"LineString","coordinates":[[35.176417,31.718629],[35.176309,31.718553],[35.175947,31.718558],[35.175053,31.718813],[35.174229,31.718937],[35.174019,31.719036],[35.173745,31.719241],[35.173535,31.719355],[35.17317,31.719476],[35.172726,31.719607],[35.17243,31.719636],[35.17205,31.719628],[35.171525,31.719604],[35.171279,31.719594],[35.171022,31.719608],[35.170761,31.719679],[35.170535,31.719778],[35.170232,31.719979],[35.170124,31.720089]]},"properties":{"OBJECTID":166,"Status":"Constructed","Type":"Fence","IS_COUNTED":1,"Shape_Leng":642.82063713,"source_crs":"EPSG:32636","evidence":[{"source_id":"ocha_opt","title":"West Bank Separation Barrier (January 2018 alignment)","url":"https://www.ochaopt.org/page/datasets-and-mapping-tools","document_date":"2018-01-01","retrieved":"2026-08-09"}]}},{"type":"Feature","geometry":{"type":"LineString","coordinates":[[35.181225,31.718654],[35.181263,31.718688],[35.181442,31.718742],[35.181566,31.718779],[35.181688,31.718862],[35.182004,31.719115],[35.182616,31.719677],[35.183117,31.720123],[35.183514,31.720543],[35.18381,31.720908],[35.184256,31.721333],[35.184442,31.721564],[35.184442,31.721605]]},"properties":{"OBJECTID":167,"Status":"Constructed","Type":"Concrete","IS_COUNTED":1,"Shape_Leng":453.271398282,"source_crs":"EPSG:32636","evidence":[{"source_id":"ocha_opt","title":"West Bank Separation Barrier (January 2018 alignment)","url":"https://www.ochaopt.org/page/datasets-and-mapping-tools","document_date":"2018-01-01","retrieved":"2026-08-09"}]}},{"type":"Feature","geometry":{"type":"LineString","coordinates":[[35.253235,31.76995],[35.253225,31.769838],[35.253204,31.769814],[35.252474,31.769712],[35.252455,31.769552],[35.252424,31.769458],[35.252435,31.769327],[35.252543,31.769214],[35.252582,31.768836],[35.252253,31.768732],[35.25231,31.768507],[35.25235,31.767623],[35.252406,31.767393],[35.252543,31.767262],[35.251833,31.76628],[35.252173,31.766227],[35.252081,31.765835],[35.252035,31.76548],[35.252016,31.765365],[35.252183,31.765324],[35.252276,31.76526],[35.252273,31.764916],[35.252241,31.764736],[35.252114,31.764561],[35.252067,31.764457],[35.252047,31.764324],[35.252123,31.764251],[35.252217,31.764211],[35.252323,31.764214],[35.252482,31.764287],[35.252651,31.764366],[35.252763,31.764368],[35.25288,31.764338],[35.252939,31.764251],[35.252902,31.764127],[35.252798,31.763957],[35.252789,31.763848],[35.252899,31.763741],[35.253173,31.763535],[35.253148,31.763433],[35.252963,31.763155],[35.252931,31.762998],[35.252955,31.76284],[35.253013,31.762715],[35.253128,31.762603],[35.253219,31.762449],[35.25327,31.762028],[35.253346,31.761922],[35.253495,31.761833],[35.253672,31.761787],[35.253923,31.761768],[35.254488,31.761773],[35.254834,31.761766],[35.255011,31.761711],[35.255331,31.761593],[35.255618,31.761445],[35.255827,31.761298],[35.25598,31.761152],[35.256274,31.760865],[35.256602,31.760554],[35.256815,31.760354],[35.257057,31.760193],[35.257358,31.76003],[35.257672,31.759867],[35.258042,31.759693],[35.258551,31.759465],[35.258809,31.759317],[35.258924,31.759186],[35.259055,31.758838],[35.259126,31.758555],[35.259182,31.758339],[35.259267,31.758137],[35.259402,31.757939],[35.259624,31.757658],[35.259715,31.757509],[35.259745,31.757365],[35.259728,31.757127],[35.259627,31.756866],[35.259261,31.75608],[35.259097,31.755759],[35.258717,31.755283],[35.25852,31.755],[35.258285,31.754499],[35.25809,31.754073],[35.258047,31.75393],[35.257975,31.753488],[35.257964,31.753235],[35.257976,31.753044],[35.258023,31.752933],[35.258256,31.752614],[35.258348,31.752512],[35.258484,31.752367],[35.259189,31.751353],[35.25918,31.750938],[35.259576,31.75087],[35.259965,31.750801],[35.260249,31.750744],[35.260421,31.750693],[35.260537,31.750638],[35.260635,31.750551],[35.26066,31.75044],[35.260674,31.750292],[35.260643,31.750193],[35.260579,31.750094],[35.260477,31.750005],[35.260369,31.749945],[35.260223,31.749923],[35.260179,31.749924],[35.260134,31.749925],[35.260023,31.749955],[35.259884,31.749996],[35.259599,31.750197],[35.259279,31.750365],[35.259083,31.750454],[35.258939,31.750495],[35.258816,31.750492],[35.258708,31.750423],[35.258616,31.75031],[35.258591,31.750196],[35.258608,31.750054],[35.258617,31.749894],[35.258646,31.749703],[35.2587,31.749585]]},"properties":{"OBJECTID":168,"Status":"Constructed","Type":"Concrete","IS_COUNTED":1,"Shape_Leng":3309.77519987,"source_crs":"EPSG:32636","evidence":[{"source_id":"ocha_opt","title":"West Bank Separation Barrier (January 2018 alignment)","url":"https://www.ochaopt.org/page/datasets-and-mapping-tools","document_date":"2018-01-01","retrieved":"2026-08-09"}]}},{"type":"Feature","geometry":{"type":"LineString","coordinates":[[35.159655,31.831055],[35.159672,31.831187],[35.159677,31.831221],[35.159643,31.831445],[35.159643,31.831446],[35.159196,31.83217],[35.159046,31.832494],[35.159046,31.832494],[35.158838,31.832944],[35.15867,31.833266],[35.158561,31.833552],[35.158586,31.833817],[35.158762,31.834163],[35.158762,31.834163],[35.158762,31.834163],[35.159103,31.834417],[35.159103,31.834417],[35.159542,31.83474],[35.160052,31.835104],[35.160474,31.835405],[35.160723,31.835623],[35.161034,31.835836],[35.161259,31.835931],[35.161411,31.835994],[35.161429,31.836006],[35.161639,31.836147],[35.161721,31.836202],[35.161741,31.836214],[35.161915,31.836321],[35.161916,31.836325],[35.162062,31.836653],[35.162063,31.836659],[35.162063,31.836659]]},"properties":{"OBJECTID":169,"Status":"Constructed","Type":"Fence","IS_COUNTED":1,"Shape_Leng":794.358092545,"source_crs":"EPSG:32636","evidence":[{"source_id":"ocha_opt","title":"West Bank Separation Barrier (January 2018 alignment)","url":"https://www.ochaopt.org/page/datasets-and-mapping-tools","document_date":"2018-01-01","retrieved":"2026-08-09"}]}},{"type":"Feature","geometry":{"type":"LineString","coordinates":[[35.220018,31.866666],[35.220169,31.866528],[35.220401,31.866385],[35.221127,31.866096],[35.221704,31.865852],[35.222209,31.865685],[35.222846,31.865455],[35.223428,31.865201],[35.223836,31.864994],[35.224124,31.86486],[35.22459,31.864704],[35.225173,31.864545],[35.225668,31.864432],[35.225957,31.86435],[35.226334,31.864205],[35.226608,31.864062],[35.227021,31.863802],[35.22762,31.863367],[35.227412,31.862841],[35.227505,31.862772],[35.227419,31.862449]]},"properties":{"OBJECTID":170,"Status":"Constructed","Type":"Concrete","IS_COUNTED":1,"Shape_Leng":924.561347615,"source_crs":"EPSG:32636","evidence":[{"source_id":"ocha_opt","title":"West Bank Separation Barrier (January 2018 alignment)","url":"https://www.ochaopt.org/page/datasets-and-mapping-tools","document_date":"2018-01-01","retrieved":"2026-08-09"}]}},{"type":"Feature","geometry":{"type":"LineString","coordinates":[[35.174397,31.685371],[35.17529,31.684979],[35.175682,31.684838],[35.175968,31.684668],[35.176138,31.684391],[35.176303,31.684121],[35.176248,31.683832],[35.176127,31.683519],[35.175961,31.6826]]},"properties":{"OBJECTID":171,"Status":"Projected","Type":"NA","IS_COUNTED":1,"Shape_Leng":409.259198186,"source_crs":"EPSG:32636","evidence":[{"source_id":"ocha_opt","title":"West Bank Separation Barrier (January 2018 alignment)","url":"https://www.ochaopt.org/page/datasets-and-mapping-tools","document_date":"2018-01-01","retrieved":"2026-08-09"}]}},{"type":"Feature","geometry":{"type":"LineString","coordinates":[[35.162912,31.690857],[35.162961,31.69067],[35.162995,31.690039],[35.163044,31.689505],[35.163005,31.689289],[35.16286,31.688961],[35.162555,31.688514],[35.16214,31.687853],[35.161584,31.687233],[35.161678,31.686765],[35.16217,31.686344],[35.162575,31.685825],[35.162951,31.685454],[35.163468,31.685168],[35.163885,31.684957],[35.164258,31.684617],[35.164525,31.684281],[35.165777,31.682679],[35.166801,31.681567],[35.167106,31.681372],[35.167523,31.681227],[35.167867,31.681153],[35.168043,31.681375],[35.168519,31.681674]]},"properties":{"OBJECTID":172,"Status":"Projected","Type":"NA","IS_COUNTED":1,"Shape_Leng":1453.20950038,"source_crs":"EPSG:32636","evidence":[{"source_id":"ocha_opt","title":"West Bank Separation Barrier (January 2018 alignment)","url":"https://www.ochaopt.org/page/datasets-and-mapping-tools","document_date":"2018-01-01","retrieved":"2026-08-09"}]}},{"type":"Feature","geometry":{"type":"LineString","coordinates":[[35.241401,31.850074],[35.241534,31.850048],[35.241695,31.849992],[35.241976,31.849825],[35.242498,31.849537],[35.242835,31.84935],[35.243001,31.849304],[35.243202,31.849276],[35.243805,31.84927],[35.244359,31.849275],[35.244493,31.849263],[35.244621,31.849237],[35.246816,31.848439],[35.248527,31.847863],[35.248866,31.847752]]},"properties":{"OBJECTID":174,"Status":"Constructed","Type":"Fence","IS_COUNTED":1,"Shape_Leng":763.583191531,"source_crs":"EPSG:32636","evidence":[{"source_id":"ocha_opt","title":"West Bank Separation Barrier (January 2018 alignment)","url":"https://www.ochaopt.org/page/datasets-and-mapping-tools","document_date":"2018-01-01","retrieved":"2026-08-09"}]}},{"type":"Feature","geometry":{"type":"LineString","coordinates":[[35.261257,31.847692],[35.261202,31.848019],[35.261101,31.848616],[35.261052,31.848912],[35.261056,31.84906],[35.261115,31.849193],[35.261308,31.849309],[35.261426,31.849339]]},"properties":{"OBJECTID":175,"Status":"Constructed","Type":"Fence","IS_COUNTED":1,"Shape_Leng":202.950509245,"source_crs":"EPSG:32636","evidence":[{"source_id":"ocha_opt","title":"West Bank Separation Barrier (January 2018 alignment)","url":"https://www.ochaopt.org/page/datasets-and-mapping-tools","document_date":"2018-01-01","retrieved":"2026-08-09"}]}},{"type":"Feature","geometry":{"type":"LineString","coordinates":[[35.242475,31.809736],[35.242427,31.809653],[35.242263,31.809362],[35.242233,31.809309],[35.242232,31.809308],[35.242168,31.809194],[35.242163,31.809185],[35.242146,31.809156],[35.242146,31.809156],[35.242144,31.809152],[35.242145,31.809146],[35.242191,31.808847],[35.242383,31.808739],[35.242503,31.808656],[35.242728,31.808362],[35.242801,31.808283],[35.242937,31.808136],[35.243129,31.807981],[35.243207,31.807947],[35.243412,31.80771],[35.24351,31.807682],[35.243718,31.807622],[35.243771,31.807608],[35.24378,31.807606],[35.243846,31.807588],[35.243907,31.807553],[35.243963,31.807523],[35.243966,31.807521],[35.244144,31.807506],[35.244144,31.807506],[35.244146,31.807506],[35.244147,31.807505],[35.244147,31.807505],[35.244147,31.807505],[35.244148,31.807505],[35.244345,31.807501],[35.244349,31.807501],[35.244349,31.807501],[35.244351,31.807501],[35.244361,31.807501],[35.244372,31.807501],[35.244411,31.807501],[35.244483,31.807501],[35.244609,31.807501],[35.244925,31.807481],[35.244931,31.807482],[35.245183,31.807505],[35.245271,31.807513],[35.245474,31.807489],[35.245685,31.807468],[35.246057,31.807354],[35.246211,31.807263],[35.246457,31.807118],[35.246732,31.807052],[35.246871,31.807078],[35.247311,31.807161],[35.247568,31.80749],[35.247832,31.807817],[35.247845,31.807833],[35.247859,31.807845],[35.247864,31.807849],[35.247889,31.807872],[35.247951,31.807927],[35.248082,31.807985],[35.24823,31.80801],[35.248266,31.808016],[35.24828,31.808017],[35.248413,31.808021],[35.248735,31.807929],[35.248859,31.807816],[35.248952,31.807732],[35.248982,31.807647],[35.249017,31.807552],[35.249037,31.807476],[35.249072,31.807344],[35.249093,31.80724],[35.249111,31.807148],[35.249133,31.807034],[35.249286,31.806837],[35.249357,31.806812],[35.249414,31.806792],[35.249522,31.806759],[35.249634,31.806724],[35.249734,31.806719],[35.249739,31.806719],[35.249884,31.806711],[35.250238,31.806744],[35.250446,31.806771],[35.250446,31.806771],[35.25067,31.806765],[35.250948,31.806643],[35.251172,31.806454],[35.251223,31.806257],[35.251293,31.805991],[35.251329,31.805859],[35.251357,31.805758],[35.251366,31.805723],[35.251383,31.805685],[35.251421,31.805597],[35.251463,31.805525],[35.251501,31.805467],[35.251519,31.805439],[35.25154,31.805407],[35.251571,31.80536],[35.251637,31.805235],[35.251755,31.805142],[35.251912,31.805048],[35.252093,31.804977],[35.252169,31.804954],[35.252361,31.804897],[35.252627,31.80484],[35.252929,31.804856],[35.253192,31.80487],[35.253228,31.804874],[35.253481,31.804903],[35.253789,31.804987],[35.253824,31.804996],[35.254226,31.805105],[35.254524,31.805201],[35.254778,31.80527],[35.255062,31.805323],[35.255356,31.805371],[35.255394,31.805378],[35.255691,31.805432],[35.255818,31.805416],[35.255842,31.805413],[35.255876,31.805409],[35.255876,31.805409],[35.25593,31.805402],[35.255944,31.8054],[35.256216,31.805378],[35.256491,31.805317],[35.256491,31.805317],[35.256491,31.805317]]},"properties":{"OBJECTID":176,"Status":"Constructed","Type":"Concrete","IS_COUNTED":1,"Shape_Leng":1801.74072968,"source_crs":"EPSG:32636","evidence":[{"source_id":"ocha_opt","title":"West Bank Separation Barrier (January 2018 alignment)","url":"https://www.ochaopt.org/page/datasets-and-mapping-tools","document_date":"2018-01-01","retrieved":"2026-08-09"}]}},{"type":"Feature","geometry":{"type":"LineString","coordinates":[[35.256491,31.805317],[35.256528,31.805309],[35.256721,31.805249],[35.257013,31.805023],[35.257159,31.80483],[35.257291,31.804653],[35.257556,31.804249],[35.257843,31.803886],[35.258116,31.803504],[35.258385,31.803133],[35.258581,31.802886],[35.2588,31.802762],[35.258836,31.802607],[35.258952,31.802502],[35.259145,31.802383],[35.259459,31.802191],[35.259571,31.802141],[35.259571,31.802141],[35.259572,31.802141],[35.259834,31.802026],[35.260039,31.801939],[35.260242,31.801853],[35.260574,31.801719],[35.260826,31.801573],[35.260889,31.801537],[35.261026,31.801386]]},"properties":{"OBJECTID":177,"Status":"Constructed","Type":"Concrete","IS_COUNTED":1,"Shape_Leng":632.858721326,"source_crs":"EPSG:32636","evidence":[{"source_id":"ocha_opt","title":"West Bank Separation Barrier (January 2018 alignment)","url":"https://www.ochaopt.org/page/datasets-and-mapping-tools","document_date":"2018-01-01","retrieved":"2026-08-09"}]}},{"type":"Feature","geometry":{"type":"LineString","coordinates":[[35.209008,31.858596],[35.209011,31.858596],[35.210023,31.85932],[35.210848,31.859788],[35.211654,31.860072],[35.212185,31.860183]]},"properties":{"OBJECTID":178,"Status":"Constructed","Type":"Concrete","IS_COUNTED":1,"Shape_Leng":353.277074905,"source_crs":"EPSG:32636","evidence":[{"source_id":"ocha_opt","title":"West Bank Separation Barrier (January 2018 alignment)","url":"https://www.ochaopt.org/page/datasets-and-mapping-tools","document_date":"2018-01-01","retrieved":"2026-08-09"}]}},{"type":"Feature","geometry":{"type":"LineString","coordinates":[[35.181814,31.868845],[35.18196,31.868881],[35.182145,31.868857],[35.182351,31.868762],[35.182537,31.86871],[35.182799,31.868683],[35.183079,31.868693],[35.183544,31.868609],[35.183931,31.868508],[35.184142,31.868466],[35.184414,31.868362],[35.184981,31.868146]]},"properties":{"OBJECTID":179,"Status":"Constructed","Type":"Concrete","IS_COUNTED":1,"Shape_Leng":315.044409073,"source_crs":"EPSG:32636","evidence":[{"source_id":"ocha_opt","title":"West Bank Separation Barrier (January 2018 alignment)","url":"https://www.ochaopt.org/page/datasets-and-mapping-tools","document_date":"2018-01-01","retrieved":"2026-08-09"}]}},{"type":"Feature","geometry":{"type":"LineString","coordinates":[[35.183027,31.860592],[35.182091,31.859763],[35.180799,31.858739],[35.180204,31.858426],[35.179793,31.858276],[35.179307,31.858168],[35.178803,31.858139],[35.178158,31.858189],[35.176732,31.858497],[35.176371,31.858497],[35.176069,31.85844],[35.175843,31.858318],[35.1757,31.858103],[35.175675,31.857867],[35.17565,31.856371],[35.175617,31.854986],[35.175517,31.854642],[35.175341,31.854098],[35.175124,31.853714],[35.174199,31.853556],[35.173384,31.853595]]},"properties":{"OBJECTID":180,"Status":"Constructed","Type":"Fence","IS_COUNTED":1,"Shape_Leng":1476.5992431,"source_crs":"EPSG:32636","evidence":[{"source_id":"ocha_opt","title":"West Bank Separation Barrier (January 2018 alignment)","url":"https://www.ochaopt.org/page/datasets-and-mapping-tools","document_date":"2018-01-01","retrieved":"2026-08-09"}]}},{"type":"Feature","geometry":{"type":"LineString","coordinates":[[35.175688,31.842131],[35.17697,31.842212],[35.177611,31.842151],[35.178008,31.841959],[35.178444,31.841514],[35.178907,31.840806],[35.180274,31.838755],[35.180796,31.838225],[35.181199,31.838004],[35.18161,31.837889],[35.182021,31.837825],[35.182389,31.837839],[35.182775,31.837918],[35.184301,31.838491],[35.184737,31.838605],[35.185265,31.838727],[35.185592,31.838792],[35.186037,31.838842],[35.186423,31.838849],[35.18703,31.838942],[35.187493,31.838944],[35.187902,31.839125],[35.188391,31.839271],[35.189731,31.840298],[35.190035,31.840501],[35.190398,31.840619],[35.19088,31.840704],[35.191369,31.840676],[35.191924,31.84049],[35.192287,31.840298],[35.192571,31.840022],[35.192756,31.839723],[35.192862,31.839497],[35.192875,31.839215],[35.192909,31.837721],[35.193021,31.837513],[35.193193,31.837377],[35.193536,31.837293],[35.19452,31.837411]]},"properties":{"OBJECTID":181,"Status":"Constructed","Type":"Fence","IS_COUNTED":1,"Shape_Leng":2386.7165473,"source_crs":"EPSG:32636","evidence":[{"source_id":"ocha_opt","title":"West Bank Separation Barrier (January 2018 alignment)","url":"https://www.ochaopt.org/page/datasets-and-mapping-tools","document_date":"2018-01-01","retrieved":"2026-08-09"}]}},{"type":"Feature","geometry":{"type":"LineString","coordinates":[[35.259132,31.780258],[35.259633,31.78009],[35.259593,31.780392],[35.259566,31.780444],[35.259531,31.780483],[35.259524,31.780536],[35.259498,31.78063],[35.259477,31.780806],[35.25989,31.781002],[35.260169,31.781079],[35.260788,31.781046],[35.261169,31.780945],[35.261497,31.78088],[35.261853,31.780839],[35.262152,31.780839],[35.262461,31.780924],[35.262728,31.781168],[35.262832,31.781362],[35.262899,31.781643],[35.262866,31.781931],[35.262645,31.782229],[35.262454,31.782548],[35.2622,31.782674],[35.261986,31.782837],[35.261854,31.782971]]},"properties":{"OBJECTID":182,"Status":"Constructed","Type":"Concrete","IS_COUNTED":1,"Shape_Leng":704.663844269,"source_crs":"EPSG:32636","evidence":[{"source_id":"ocha_opt","title":"West Bank Separation Barrier (January 2018 alignment)","url":"https://www.ochaopt.org/page/datasets-and-mapping-tools","document_date":"2018-01-01","retrieved":"2026-08-09"}]}},{"type":"Feature","geometry":{"type":"LineString","coordinates":[[35.262454,31.782548],[35.262734,31.783031],[35.2632,31.782962],[35.263741,31.782767],[35.264017,31.782556],[35.26431,31.782256]]},"properties":{"OBJECTID":183,"Status":"Under Construction","Type":"Fence","IS_COUNTED":1,"Shape_Leng":238.715694593,"source_crs":"EPSG:32636","evidence":[{"source_id":"ocha_opt","title":"West Bank Separation Barrier (January 2018 alignment)","url":"https://www.ochaopt.org/page/datasets-and-mapping-tools","document_date":"2018-01-01","retrieved":"2026-08-09"}]}},{"type":"Feature","geometry":{"type":"LineString","coordinates":[[35.299192,31.750474],[35.299252,31.750429],[35.299671,31.749975],[35.299838,31.749832],[35.300033,31.749569],[35.300033,31.749259],[35.30006,31.748901],[35.300032,31.748448],[35.29992,31.748114],[35.299808,31.747732],[35.29964,31.747398],[35.299416,31.74704],[35.299276,31.746707],[35.2995,31.746335],[35.299685,31.746213],[35.299841,31.746007],[35.299841,31.745837],[35.29984,31.745594],[35.299869,31.745338],[35.299968,31.745168],[35.300224,31.744949],[35.300679,31.744742],[35.300906,31.744693],[35.301148,31.744693],[35.301475,31.744693],[35.30166,31.744693],[35.301944,31.744668],[35.302172,31.74462],[35.302441,31.74464]]},"properties":{"OBJECTID":184,"Status":"Projected","Type":"NA","IS_COUNTED":1,"Shape_Leng":902.772567285,"source_crs":"EPSG:32636","evidence":[{"source_id":"ocha_opt","title":"West Bank Separation Barrier (January 2018 alignment)","url":"https://www.ochaopt.org/page/datasets-and-mapping-tools","document_date":"2018-01-01","retrieved":"2026-08-09"}]}},{"type":"Feature","geometry":{"type":"LineString","coordinates":[[35.233335,31.712413],[35.233109,31.712229],[35.232831,31.71201],[35.232465,31.711716],[35.232192,31.711491],[35.231972,31.711291],[35.231729,31.711136],[35.23148,31.710873],[35.23114,31.710662],[35.230854,31.710477],[35.230598,31.710353],[35.230342,31.7103],[35.230091,31.710304],[35.229712,31.710591],[35.229457,31.710764],[35.229285,31.710907],[35.229148,31.710975],[35.22843,31.711099],[35.228267,31.711182],[35.228192,31.711371],[35.228192,31.711533],[35.228148,31.711608],[35.227945,31.71174],[35.227773,31.711717],[35.227518,31.711759],[35.227359,31.71197],[35.227416,31.712106],[35.227632,31.712222],[35.227892,31.712354],[35.228064,31.712524],[35.228153,31.712678],[35.228122,31.712791],[35.227968,31.712867],[35.227752,31.712908],[35.227438,31.712944],[35.226949,31.713012],[35.226737,31.713046],[35.226495,31.712974],[35.226318,31.713019],[35.226089,31.713114],[35.225922,31.713295],[35.225732,31.713607],[35.225609,31.71389],[35.22545,31.714123],[35.225301,31.714395],[35.225151,31.714611],[35.224983,31.714833],[35.224776,31.715026],[35.224529,31.715191],[35.224221,31.715406],[35.223932,31.715706],[35.223924,31.715714],[35.22392,31.715718],[35.223915,31.715721],[35.223894,31.715739]]},"properties":{"OBJECTID":185,"Status":"Projected","Type":"NA","IS_COUNTED":1,"Shape_Leng":1432.7155023,"source_crs":"EPSG:32636","evidence":[{"source_id":"ocha_opt","title":"West Bank Separation Barrier (January 2018 alignment)","url":"https://www.ochaopt.org/page/datasets-and-mapping-tools","document_date":"2018-01-01","retrieved":"2026-08-09"}]}},{"type":"Feature","geometry":{"type":"LineString","coordinates":[[35.067192,31.682605],[35.070557,31.684698],[35.072424,31.685859],[35.076887,31.687751],[35.080435,31.68918],[35.083118,31.691529],[35.084575,31.693228],[35.084711,31.693454],[35.085624,31.694977],[35.087549,31.696526],[35.088482,31.697476],[35.089743,31.698511],[35.089882,31.698625],[35.089951,31.698643],[35.090107,31.698683]]},"properties":{"OBJECTID":186,"Status":"Projected","Type":"NA","IS_COUNTED":1,"Shape_Leng":2867.77176581,"source_crs":"EPSG:32636","evidence":[{"source_id":"ocha_opt","title":"West Bank Separation Barrier (January 2018 alignment)","url":"https://www.ochaopt.org/page/datasets-and-mapping-tools","document_date":"2018-01-01","retrieved":"2026-08-09"}]}},{"type":"Feature","geometry":{"type":"LineString","coordinates":[[35.351493,31.791775],[35.35124,31.791112],[35.351227,31.790588],[35.351555,31.789221],[35.351348,31.788748],[35.350474,31.788189]]},"properties":{"OBJECTID":187,"Status":"Under Construction","Type":"Fence","IS_COUNTED":1,"Shape_Leng":449.648325671,"source_crs":"EPSG:32636","evidence":[{"source_id":"ocha_opt","title":"West Bank Separation Barrier (January 2018 alignment)","url":"https://www.ochaopt.org/page/datasets-and-mapping-tools","document_date":"2018-01-01","retrieved":"2026-08-09"}]}},{"type":"Feature","geometry":{"type":"LineString","coordinates":[[35.075652,31.66634],[35.075033,31.66633],[35.074248,31.66614],[35.073597,31.665745],[35.073597,31.665745],[35.07336,31.665736],[35.073143,31.666002],[35.071894,31.667651],[35.07107,31.668701],[35.070325,31.669544],[35.069323,31.6703],[35.068768,31.670417],[35.067056,31.670624],[35.06525,31.670939],[35.062489,31.670769],[35.060674,31.670739],[35.059734,31.670491],[35.059734,31.670491],[35.058773,31.669934],[35.058773,31.669934],[35.057968,31.669482],[35.057968,31.669482],[35.057055,31.669222],[35.057055,31.669222],[35.056766,31.669258]]},"properties":{"OBJECTID":188,"Status":"Projected","Type":"NA","IS_COUNTED":1,"Shape_Leng":2113.56891218,"source_crs":"EPSG:32636","evidence":[{"source_id":"ocha_opt","title":"West Bank Separation Barrier (January 2018 alignment)","url":"https://www.ochaopt.org/page/datasets-and-mapping-tools","document_date":"2018-01-01","retrieved":"2026-08-09"}]}},{"type":"Feature","geometry":{"type":"LineString","coordinates":[[35.108663,32.088006],[35.111155,32.087768],[35.112204,32.086254],[35.113147,32.084739],[35.115765,32.084028],[35.117545,32.083851],[35.119326,32.082515],[35.120165,32.081001],[35.122364,32.079755],[35.124248,32.079578],[35.125818,32.080915],[35.126235,32.081896],[35.128642,32.082967],[35.131258,32.084127],[35.13356,32.085644],[35.134293,32.085644],[35.136911,32.084754],[35.140889,32.084578],[35.143087,32.08547],[35.143819,32.086897],[35.145284,32.08761],[35.147064,32.086274],[35.149786,32.08583],[35.152404,32.085742],[35.154916,32.085832],[35.157429,32.085922],[35.159417,32.086725],[35.161301,32.088241],[35.162242,32.090113],[35.164231,32.091807],[35.165173,32.092609],[35.166429,32.09359]]},"properties":{"OBJECTID":189,"Status":"Projected","Type":"NA","IS_COUNTED":1,"Shape_Leng":6735.63252875,"source_crs":"EPSG:32636","evidence":[{"source_id":"ocha_opt","title":"West Bank Separation Barrier (January 2018 alignment)","url":"https://www.ochaopt.org/page/datasets-and-mapping-tools","document_date":"2018-01-01","retrieved":"2026-08-09"}]}},{"type":"Feature","geometry":{"type":"LineString","coordinates":[[35.108663,32.088006],[35.108059,32.088287],[35.107888,32.088413],[35.107483,32.088519],[35.107224,32.088648],[35.106992,32.088652],[35.106844,32.08853],[35.106662,32.088238],[35.10651,32.087943],[35.106288,32.087105],[35.106017,32.086738],[35.105686,32.086247],[35.105161,32.086159],[35.10441,32.086392],[35.104391,32.085527],[35.104338,32.084488],[35.104172,32.083601],[35.104092,32.082662],[35.103756,32.081925],[35.103417,32.081113],[35.10349,32.080469],[35.103299,32.07973],[35.10328,32.078912],[35.10304,32.078596],[35.102685,32.078329],[35.101807,32.078071],[35.101132,32.077809],[35.100319,32.077822],[35.099589,32.077688],[35.099066,32.077672],[35.098455,32.077657],[35.09741,32.077749],[35.097243,32.077756],[35.096713,32.077783],[35.095958,32.077773],[35.095143,32.077737],[35.094211,32.077678],[35.094008,32.077681],[35.093511,32.077565],[35.092927,32.077476],[35.092722,32.07738],[35.092596,32.076936],[35.092669,32.076341],[35.092057,32.076277],[35.09165,32.076259],[35.091065,32.07612],[35.090424,32.076031],[35.089928,32.075965],[35.089222,32.075607],[35.088571,32.075097],[35.087654,32.074395],[35.087031,32.07381],[35.086144,32.073157],[35.085288,32.072578],[35.084706,32.072588],[35.083551,32.072902],[35.083469,32.072905],[35.080734,32.072998],[35.079768,32.072719],[35.079125,32.072556],[35.078334,32.072271],[35.077482,32.071913],[35.077561,32.07165],[35.077482,32.07096],[35.077495,32.070946],[35.077509,32.070932],[35.077701,32.07041],[35.077585,32.069807],[35.076758,32.069388],[35.076644,32.068874],[35.075503,32.068114],[35.074402,32.067458],[35.069279,32.065077],[35.064857,32.063243],[35.061184,32.059786],[35.058529,32.058051],[35.055671,32.056183],[35.053077,32.054487],[35.053168,32.052665],[35.053713,32.052251],[35.054096,32.051706],[35.054241,32.051097],[35.0543,32.050219],[35.054045,32.049415],[35.053855,32.048723]]},"properties":{"OBJECTID":190,"Status":"Projected","Type":"NA","IS_COUNTED":1,"Shape_Leng":8045.76463007,"source_crs":"EPSG:32636","evidence":[{"source_id":"ocha_opt","title":"West Bank Separation Barrier (January 2018 alignment)","url":"https://www.ochaopt.org/page/datasets-and-mapping-tools","document_date":"2018-01-01","retrieved":"2026-08-09"}]}},{"type":"Feature","geometry":{"type":"LineString","coordinates":[[35.229219,31.845018],[35.229326,31.845064],[35.229351,31.845095],[35.229376,31.845126],[35.229437,31.845222],[35.229734,31.8451],[35.230072,31.844983],[35.230249,31.844911],[35.230465,31.844828],[35.230654,31.844755],[35.230693,31.844748],[35.230733,31.84474],[35.231001,31.844691],[35.231254,31.844641],[35.231284,31.844628],[35.231313,31.844615],[35.231481,31.844525],[35.231568,31.84449],[35.231693,31.844465],[35.231858,31.844413],[35.231982,31.844349],[35.232061,31.844308],[35.232138,31.84422],[35.232229,31.844138],[35.232269,31.844131],[35.232309,31.844125],[35.232455,31.844183],[35.232776,31.844391],[35.233133,31.844596],[35.233342,31.844731],[35.233474,31.844775],[35.233474,31.844775],[35.233508,31.844782],[35.233515,31.844785],[35.233528,31.844792],[35.233546,31.844805]]},"properties":{"OBJECTID":191,"Status":"Constructed","Type":"Concrete","IS_COUNTED":1,"Shape_Leng":474.489008849,"source_crs":"EPSG:32636","evidence":[{"source_id":"ocha_opt","title":"West Bank Separation Barrier (January 2018 alignment)","url":"https://www.ochaopt.org/page/datasets-and-mapping-tools","document_date":"2018-01-01","retrieved":"2026-08-09"}]}},{"type":"Feature","geometry":{"type":"LineString","coordinates":[[35.012205,31.933221],[35.012299,31.933424],[35.012299,31.933424],[35.012536,31.933933],[35.012651,31.934157],[35.012859,31.934561],[35.012938,31.934652],[35.013325,31.934815],[35.01492,31.934447],[35.015084,31.934417],[35.015404,31.934357],[35.015819,31.934361],[35.016359,31.934439],[35.016359,31.934439],[35.016946,31.934525],[35.017894,31.934561],[35.01795,31.934569],[35.018166,31.934601],[35.01839,31.934639],[35.018518,31.934721],[35.018533,31.934889],[35.018443,31.935033],[35.018134,31.935128],[35.017601,31.9353],[35.017265,31.935611],[35.016889,31.936137],[35.01684,31.936411],[35.016916,31.936803],[35.016945,31.936855],[35.017096,31.937128],[35.017261,31.93736],[35.017392,31.937509],[35.01762,31.937624],[35.017866,31.937696],[35.01813,31.937705],[35.018704,31.93764],[35.019158,31.937609],[35.019526,31.937674],[35.019757,31.937698],[35.021112,31.937832],[35.022257,31.938076],[35.023057,31.938288],[35.023947,31.93827],[35.024708,31.938323],[35.025396,31.938639],[35.026027,31.938974],[35.026491,31.939213],[35.026933,31.939319],[35.027208,31.939319],[35.027415,31.939315],[35.027728,31.939163],[35.027852,31.938958],[35.027819,31.938604],[35.027461,31.938213],[35.027416,31.93813],[35.027316,31.93795],[35.027339,31.937735],[35.027572,31.937669],[35.027907,31.937648],[35.027908,31.937648],[35.028341,31.937727],[35.028777,31.937837],[35.029146,31.937952],[35.029594,31.938072],[35.029594,31.938072],[35.030038,31.938295],[35.030038,31.938295],[35.030525,31.938596],[35.030525,31.938596],[35.030855,31.938876],[35.031312,31.939263],[35.031313,31.939263],[35.03246,31.940345],[35.032481,31.940366],[35.032657,31.940543],[35.03285,31.940737],[35.033333,31.941224],[35.033359,31.94125]]},"properties":{"OBJECTID":192,"Status":"Constructed","Type":"Fence","IS_COUNTED":1,"Shape_Leng":3045.63768488,"source_crs":"EPSG:32636","evidence":[{"source_id":"ocha_opt","title":"West Bank Separation Barrier (January 2018 alignment)","url":"https://www.ochaopt.org/page/datasets-and-mapping-tools","document_date":"2018-01-01","retrieved":"2026-08-09"}]}},{"type":"Feature","geometry":{"type":"LineString","coordinates":[[35.250762,31.831477],[35.250691,31.831168],[35.250659,31.830855],[35.250689,31.830415],[35.250761,31.82999],[35.250817,31.829854],[35.250903,31.829646],[35.251042,31.829462],[35.251219,31.8293],[35.251472,31.82914],[35.251768,31.829027],[35.252073,31.828908],[35.252222,31.828829],[35.252396,31.8287],[35.252471,31.828648],[35.252605,31.828531]]},"properties":{"OBJECTID":193,"Status":"Constructed","Type":"Concrete","IS_COUNTED":1,"Shape_Leng":413.610595995,"source_crs":"EPSG:32636","evidence":[{"source_id":"ocha_opt","title":"West Bank Separation Barrier (January 2018 alignment)","url":"https://www.ochaopt.org/page/datasets-and-mapping-tools","document_date":"2018-01-01","retrieved":"2026-08-09"}]}},{"type":"Feature","geometry":{"type":"LineString","coordinates":[[35.253372,31.828132],[35.254004,31.828263],[35.254396,31.828504],[35.254714,31.828689],[35.255186,31.828893],[35.255643,31.829076],[35.256032,31.829222],[35.256256,31.829237],[35.256479,31.829214],[35.256651,31.829149],[35.256855,31.829026],[35.257025,31.82888],[35.257175,31.828634]]},"properties":{"OBJECTID":194,"Status":"Constructed","Type":"Concrete","IS_COUNTED":1,"Shape_Leng":419.530785469,"source_crs":"EPSG:32636","evidence":[{"source_id":"ocha_opt","title":"West Bank Separation Barrier (January 2018 alignment)","url":"https://www.ochaopt.org/page/datasets-and-mapping-tools","document_date":"2018-01-01","retrieved":"2026-08-09"}]}},{"type":"Feature","geometry":{"type":"LineString","coordinates":[[35.25408,31.770696],[35.253789,31.770027],[35.253798,31.769849],[35.253813,31.769817],[35.253802,31.769778],[35.253742,31.769774],[35.25368,31.769782],[35.253669,31.769812],[35.253607,31.769846],[35.253527,31.769932],[35.253235,31.76995]]},"properties":{"OBJECTID":196,"Status":"Constructed","Type":"Concrete","IS_COUNTED":1,"Shape_Leng":169.230347858,"source_crs":"EPSG:32636","evidence":[{"source_id":"ocha_opt","title":"West Bank Separation Barrier (January 2018 alignment)","url":"https://www.ochaopt.org/page/datasets-and-mapping-tools","document_date":"2018-01-01","retrieved":"2026-08-09"}]}},{"type":"Feature","geometry":{"type":"LineString","coordinates":[[35.03977,32.348348],[35.039031,32.347995],[35.038132,32.347514],[35.037796,32.347333],[35.037012,32.346969],[35.036093,32.346487],[35.035775,32.346335],[35.03552,32.346253],[35.035266,32.346224],[35.034979,32.346223],[35.034715,32.346228],[35.034513,32.34625],[35.034256,32.346292],[35.033751,32.346367],[35.033084,32.346455],[35.032808,32.346464],[35.032567,32.346458],[35.032302,32.346424],[35.032075,32.346371],[35.032059,32.346365],[35.031832,32.346289],[35.031622,32.346206],[35.031389,32.346105],[35.031213,32.346012],[35.030979,32.345839],[35.030497,32.345403],[35.030347,32.345253],[35.030248,32.345088],[35.030154,32.344903],[35.030103,32.344727],[35.030082,32.344565],[35.030072,32.344374],[35.03008,32.344222],[35.030138,32.344035],[35.030271,32.343732],[35.030669,32.342671],[35.030721,32.342467],[35.030729,32.342343],[35.030715,32.3422],[35.030683,32.342029],[35.030601,32.341882],[35.030519,32.341735],[35.030426,32.341613],[35.030266,32.341477],[35.030032,32.341318],[35.029189,32.340826],[35.028816,32.34062],[35.028561,32.340514],[35.028278,32.340418],[35.028057,32.340374],[35.027804,32.340335],[35.027539,32.34033],[35.027236,32.34033],[35.027067,32.340351],[35.026882,32.340374],[35.025925,32.340533],[35.025402,32.340622],[35.025009,32.340657],[35.024717,32.340666],[35.024549,32.34066],[35.024283,32.340621],[35.02408,32.340572],[35.023831,32.340504],[35.023807,32.340493],[35.022894,32.340071],[35.021927,32.339551],[35.021604,32.339433],[35.021294,32.339414],[35.021114,32.339407],[35.020912,32.339425],[35.020745,32.33948],[35.019536,32.339828],[35.019167,32.33992],[35.01896,32.339952],[35.018775,32.339955],[35.018572,32.339939],[35.018373,32.339907],[35.018335,32.3399],[35.018114,32.339832],[35.017927,32.339754],[35.017843,32.339681]]},"properties":{"OBJECTID":198,"Status":"Constructed","Type":"Fence","IS_COUNTED":1,"Shape_Leng":2703.49366419,"source_crs":"EPSG:32636","evidence":[{"source_id":"ocha_opt","title":"West Bank Separation Barrier (January 2018 alignment)","url":"https://www.ochaopt.org/page/datasets-and-mapping-tools","document_date":"2018-01-01","retrieved":"2026-08-09"}]}},{"type":"Feature","geometry":{"type":"LineString","coordinates":[[35.351493,31.791775],[35.351572,31.792655],[35.352141,31.793403],[35.352594,31.793805],[35.353529,31.794158],[35.353574,31.794186]]},"properties":{"OBJECTID":200,"Status":"Under Construction","Type":"Fence","IS_COUNTED":1,"Shape_Leng":360.792113534,"source_crs":"EPSG:32636","evidence":[{"source_id":"ocha_opt","title":"West Bank Separation Barrier (January 2018 alignment)","url":"https://www.ochaopt.org/page/datasets-and-mapping-tools","document_date":"2018-01-01","retrieved":"2026-08-09"}]}},{"type":"Feature","geometry":{"type":"LineString","coordinates":[[35.014752,32.222264],[35.014683,32.221712],[35.014352,32.22102],[35.013798,32.22061],[35.012837,32.220358],[35.011655,32.219853],[35.011027,32.219506],[35.009701,32.217021],[35.008596,32.215196],[35.008079,32.214723],[35.005678,32.213745],[35.00383,32.213019],[35.002871,32.212011],[35.002356,32.210785],[35.002432,32.209905],[35.003179,32.206574],[35.003624,32.205883],[35.004439,32.205444],[35.005363,32.205445],[35.008171,32.206236],[35.010462,32.206805],[35.011165,32.206775],[35.012053,32.206587],[35.014459,32.205396],[35.015717,32.204833],[35.016567,32.204928],[35.019153,32.205812],[35.020779,32.206223],[35.022037,32.206225],[35.023109,32.206195],[35.023884,32.206668],[35.024586,32.207266],[35.025325,32.207267],[35.026176,32.206891],[35.026524,32.206738]]},"properties":{"OBJECTID":201,"Status":"Constructed","Type":"Fence","IS_COUNTED":1,"Shape_Leng":4733.08301721,"source_crs":"EPSG:32636","evidence":[{"source_id":"ocha_opt","title":"West Bank Separation Barrier (January 2018 alignment)","url":"https://www.ochaopt.org/page/datasets-and-mapping-tools","document_date":"2018-01-01","retrieved":"2026-08-09"}]}},{"type":"Feature","geometry":{"type":"LineString","coordinates":[[35.026524,32.206738],[35.026514,32.206579],[35.026468,32.206146],[35.026412,32.205893],[35.026356,32.205671],[35.026279,32.205493],[35.026165,32.205297],[35.026001,32.20512],[35.025756,32.204901],[35.025756,32.204901],[35.025497,32.204719],[35.025497,32.204719],[35.025261,32.204581],[35.025261,32.204581],[35.02507,32.204485],[35.025069,32.204485],[35.024908,32.204413],[35.024908,32.204413],[35.024673,32.204361],[35.024425,32.204322],[35.024169,32.204282],[35.023848,32.204238],[35.023556,32.204199],[35.023205,32.204155],[35.022869,32.204117],[35.022584,32.204072],[35.022278,32.204065],[35.022089,32.204062],[35.021871,32.204071],[35.021732,32.204055],[35.021658,32.203994],[35.021583,32.203921],[35.021582,32.203847],[35.021609,32.203754],[35.021658,32.203691],[35.021825,32.203651],[35.022101,32.203641],[35.022327,32.203643],[35.022618,32.203632],[35.022851,32.203629],[35.023047,32.203601],[35.023323,32.203571],[35.023642,32.203511],[35.025129,32.203208],[35.025267,32.2032],[35.025427,32.203197],[35.025544,32.203214],[35.025733,32.203223],[35.025894,32.203239],[35.02601,32.203225],[35.02611,32.203155],[35.026218,32.203073],[35.026266,32.202961],[35.026271,32.202855],[35.026254,32.20272],[35.026215,32.202627],[35.026126,32.202542],[35.025979,32.20247],[35.025979,32.20247],[35.025847,32.202423],[35.025672,32.202407],[35.025511,32.202409],[35.025358,32.202412],[35.025176,32.202402],[35.02503,32.20238],[35.023086,32.202077],[35.022903,32.20203],[35.022756,32.201983],[35.022573,32.201918],[35.022573,32.201918],[35.022441,32.201864],[35.022441,32.201864],[35.022228,32.201818],[35.022075,32.201783],[35.021855,32.201731],[35.021679,32.201684],[35.021518,32.201625],[35.021518,32.201625],[35.021414,32.20154],[35.021346,32.201436],[35.021292,32.201313],[35.021305,32.201214],[35.021346,32.201102],[35.021446,32.201032],[35.021627,32.200973],[35.021852,32.200914],[35.022041,32.200892],[35.022309,32.200845],[35.022534,32.200804],[35.02278,32.200744],[35.023004,32.200685],[35.023286,32.200575],[35.023524,32.20046],[35.023762,32.200357],[35.023992,32.200242],[35.024238,32.200145],[35.024433,32.200092],[35.024709,32.200032],[35.024956,32.200022],[35.025255,32.200024],[35.025547,32.200062],[35.025824,32.200101],[35.026139,32.200152],[35.026386,32.200166],[35.026671,32.200168],[35.026918,32.200145],[35.027135,32.200111],[35.027403,32.200026],[35.027575,32.199906],[35.027626,32.199763],[35.027643,32.19957],[35.027618,32.199397],[35.027535,32.199306],[35.027439,32.199215],[35.027314,32.199155],[35.027314,32.199155],[35.027159,32.199089],[35.027159,32.199089],[35.026969,32.199036],[35.026712,32.198941],[35.026492,32.198871],[35.026492,32.198871],[35.026242,32.198776],[35.026242,32.198776],[35.026014,32.198686],[35.026014,32.198686],[35.025794,32.198597],[35.025794,32.198597],[35.025794,32.198597],[35.025645,32.198457],[35.025504,32.198317],[35.025404,32.198114],[35.025385,32.197879],[35.025388,32.197718],[35.025451,32.197562],[35.025556,32.197412],[35.02572,32.197248],[35.025721,32.197248],[35.025916,32.197151],[35.02595,32.197131],[35.025987,32.19711]]},"properties":{"OBJECTID":202,"Status":"Constructed","Type":"Fence","IS_COUNTED":1,"Shape_Leng":2766.3279759,"source_crs":"EPSG:32636","evidence":[{"source_id":"ocha_opt","title":"West Bank Separation Barrier (January 2018 alignment)","url":"https://www.ochaopt.org/page/datasets-and-mapping-tools","document_date":"2018-01-01","retrieved":"2026-08-09"}]}},{"type":"Feature","geometry":{"type":"LineString","coordinates":[[35.340462,31.779504],[35.340462,31.779504],[35.340278,31.77916],[35.340143,31.778845],[35.340033,31.778402],[35.340073,31.776963],[35.340214,31.775581],[35.340296,31.774908],[35.340212,31.774694]]},"properties":{"OBJECTID":204,"Status":"Under Construction","Type":"Fence","IS_COUNTED":1,"Shape_Leng":542.9785663,"source_crs":"EPSG:32636","evidence":[{"source_id":"ocha_opt","title":"West Bank Separation Barrier (January 2018 alignment)","url":"https://www.ochaopt.org/page/datasets-and-mapping-tools","document_date":"2018-01-01","retrieved":"2026-08-09"}]}},{"type":"Feature","geometry":{"type":"LineString","coordinates":[[35.316552,31.749563],[35.316551,31.749564],[35.316539,31.749577],[35.31388,31.750653],[35.312106,31.750465],[35.310405,31.749772],[35.308261,31.749205],[35.305896,31.749144],[35.304639,31.748387],[35.304639,31.748387],[35.304859,31.746555],[35.305522,31.745292],[35.305078,31.744282],[35.303896,31.744472],[35.302441,31.74464]]},"properties":{"OBJECTID":205,"Status":"Projected","Type":"NA","IS_COUNTED":1,"Shape_Leng":1942.08241892,"source_crs":"EPSG:32636","evidence":[{"source_id":"ocha_opt","title":"West Bank Separation Barrier (January 2018 alignment)","url":"https://www.ochaopt.org/page/datasets-and-mapping-tools","document_date":"2018-01-01","retrieved":"2026-08-09"}]}},{"type":"Feature","geometry":{"type":"LineString","coordinates":[[35.240861,31.812908],[35.241029,31.812668],[35.241029,31.812668],[35.241018,31.812358],[35.241018,31.812345],[35.241061,31.812095],[35.241061,31.812093],[35.241062,31.812088],[35.241059,31.812076],[35.241054,31.812051],[35.24104,31.811991],[35.240989,31.811756],[35.240987,31.811747],[35.240985,31.811738],[35.240987,31.811733],[35.241062,31.811579],[35.241264,31.811401],[35.241467,31.811247],[35.241545,31.811178],[35.241547,31.811176],[35.241658,31.811078],[35.241795,31.810961],[35.242019,31.810849],[35.242205,31.810765],[35.242275,31.810763],[35.242429,31.81076],[35.242431,31.81076],[35.242436,31.81076],[35.242425,31.810739],[35.242403,31.810702],[35.242356,31.81062],[35.242328,31.810571],[35.242284,31.810462],[35.242281,31.810454],[35.242287,31.81044],[35.242351,31.81031],[35.242375,31.810263],[35.242438,31.810143],[35.242441,31.810138],[35.242502,31.810013],[35.242505,31.809961],[35.242505,31.809946],[35.242506,31.809944],[35.242506,31.80993],[35.242507,31.80992],[35.242478,31.809795],[35.242475,31.809739],[35.242475,31.809736]]},"properties":{"OBJECTID":206,"Status":"Constructed","Type":"Concrete","IS_COUNTED":1,"Shape_Leng":439.464565536,"source_crs":"EPSG:32636","evidence":[{"source_id":"ocha_opt","title":"West Bank Separation Barrier (January 2018 alignment)","url":"https://www.ochaopt.org/page/datasets-and-mapping-tools","document_date":"2018-01-01","retrieved":"2026-08-09"}]}},{"type":"Feature","geometry":{"type":"LineString","coordinates":[[35.178577,31.721683],[35.177131,31.722012],[35.176653,31.722042],[35.176459,31.722059],[35.176359,31.722118],[35.176226,31.722359],[35.1761,31.722485],[35.175863,31.722627],[35.175352,31.722674],[35.175188,31.722659],[35.174777,31.722483],[35.173918,31.721993],[35.173787,31.721741],[35.173811,31.721563],[35.173896,31.721424],[35.174078,31.721336],[35.174206,31.721318]]},"properties":{"OBJECTID":207,"Status":"Constructed","Type":"Fence","IS_COUNTED":1,"Shape_Leng":598.434240951,"source_crs":"EPSG:32636","evidence":[{"source_id":"ocha_opt","title":"West Bank Separation Barrier (January 2018 alignment)","url":"https://www.ochaopt.org/page/datasets-and-mapping-tools","document_date":"2018-01-01","retrieved":"2026-08-09"}]}},{"type":"Feature","geometry":{"type":"LineString","coordinates":[[35.174206,31.721318],[35.174311,31.721303],[35.174627,31.721315],[35.174949,31.721345],[35.175203,31.721358],[35.175389,31.721318],[35.175537,31.721182],[35.175742,31.720873],[35.176013,31.720496],[35.176278,31.719895],[35.176457,31.719405],[35.176589,31.719078],[35.176589,31.718864],[35.176496,31.718684],[35.176417,31.718629]]},"properties":{"OBJECTID":208,"Status":"Constructed","Type":"Fence","IS_COUNTED":1,"Shape_Leng":443.846622245,"source_crs":"EPSG:32636","evidence":[{"source_id":"ocha_opt","title":"West Bank Separation Barrier (January 2018 alignment)","url":"https://www.ochaopt.org/page/datasets-and-mapping-tools","document_date":"2018-01-01","retrieved":"2026-08-09"}]}},{"type":"Feature","geometry":{"type":"LineString","coordinates":[[35.020539,32.158796],[35.020537,32.158795],[35.019886,32.158861],[35.019361,32.158914]]},"properties":{"OBJECTID":210,"Status":"Constructed","Type":"Fence","IS_COUNTED":1,"Shape_Leng":111.934652042,"source_crs":"EPSG:32636","evidence":[{"source_id":"ocha_opt","title":"West Bank Separation Barrier (January 2018 alignment)","url":"https://www.ochaopt.org/page/datasets-and-mapping-tools","document_date":"2018-01-01","retrieved":"2026-08-09"}]}},{"type":"Feature","geometry":{"type":"LineString","coordinates":[[35.057246,31.918275],[35.057254,31.918289],[35.057283,31.918342],[35.057294,31.918363],[35.057351,31.918468],[35.057458,31.918676],[35.057427,31.918932],[35.057301,31.919167],[35.05713,31.919327],[35.057072,31.919427],[35.057068,31.919435],[35.057024,31.919509],[35.056988,31.919633],[35.056971,31.919689],[35.056836,31.920147],[35.056798,31.920277],[35.056797,31.920279],[35.056791,31.920343],[35.05678,31.920464],[35.05677,31.920575],[35.056739,31.920901],[35.056723,31.921093],[35.056721,31.921122],[35.056707,31.921334],[35.056691,31.921613],[35.05669,31.921621],[35.05669,31.921621],[35.056714,31.921694],[35.056741,31.921776],[35.056768,31.921856],[35.05677,31.921862],[35.056785,31.921884],[35.056856,31.921987],[35.056871,31.922009],[35.056871,31.922009],[35.056919,31.922042],[35.057095,31.922162],[35.057396,31.922398],[35.05741,31.92242],[35.057706,31.922879],[35.057745,31.922952],[35.057887,31.92322],[35.05793,31.923377],[35.057942,31.923421],[35.057942,31.923473],[35.057941,31.923516],[35.057953,31.92357],[35.057989,31.923728],[35.057977,31.923761],[35.057924,31.923904],[35.057801,31.924045],[35.057792,31.924055],[35.057539,31.924095],[35.057324,31.924126],[35.057254,31.924138],[35.056856,31.924206],[35.05669,31.924219],[35.056271,31.924251],[35.056247,31.924253],[35.056245,31.924254],[35.056105,31.924306],[35.055922,31.924374],[35.055797,31.92442],[35.055099,31.924659],[35.055032,31.924682],[35.055029,31.924683],[35.054673,31.924954],[35.054589,31.925018],[35.054588,31.92502],[35.054495,31.925229],[35.05442,31.925396],[35.054401,31.925441],[35.054398,31.925453],[35.05438,31.92553],[35.054332,31.925739],[35.054278,31.925975],[35.054243,31.926036],[35.054146,31.926205],[35.054073,31.926332],[35.054072,31.926334],[35.053868,31.926438],[35.053709,31.926519],[35.053697,31.926526],[35.053697,31.926526],[35.053397,31.926597],[35.053388,31.926596],[35.053388,31.926596],[35.053032,31.926565],[35.053024,31.926563],[35.052695,31.926485],[35.05252,31.926422],[35.05243,31.92639],[35.052405,31.92638],[35.052208,31.92638],[35.052096,31.926508],[35.052152,31.9267],[35.052292,31.926867],[35.052451,31.927043],[35.052862,31.927523],[35.053123,31.928258],[35.053262,31.928629],[35.05344,31.929105],[35.053673,31.929448],[35.053654,31.929863],[35.053535,31.929962],[35.053326,31.930134],[35.053148,31.930182],[35.05282,31.930286],[35.052623,31.930389],[35.05252,31.930501],[35.052538,31.930685],[35.052678,31.930852],[35.05309,31.9311],[35.054512,31.931741],[35.055298,31.932157],[35.055447,31.932421],[35.055577,31.933084],[35.055585,31.93405],[35.055594,31.934553],[35.05564,31.934872],[35.055688,31.935],[35.055785,31.935261],[35.055785,31.935262],[35.055795,31.935276],[35.055802,31.935285]]},"properties":{"OBJECTID":211,"Status":"Constructed","Type":"Concrete","IS_COUNTED":1,"Shape_Leng":2616.44887606,"source_crs":"EPSG:32636","evidence":[{"source_id":"ocha_opt","title":"West Bank Separation Barrier (January 2018 alignment)","url":"https://www.ochaopt.org/page/datasets-and-mapping-tools","document_date":"2018-01-01","retrieved":"2026-08-09"}]}},{"type":"Feature","geometry":{"type":"LineString","coordinates":[[35.254832,31.771554],[35.254812,31.771493],[35.25467,31.77147],[35.254505,31.771453],[35.254498,31.771318],[35.254511,31.771252],[35.254651,31.771296],[35.254725,31.771214],[35.2547,31.77107],[35.2547,31.770948],[35.25456,31.770864],[35.254382,31.770806],[35.254156,31.770786],[35.254091,31.770683]]},"properties":{"OBJECTID":212,"Status":"Constructed","Type":"Concrete","IS_COUNTED":1,"Shape_Leng":183.003373719,"source_crs":"EPSG:32636","evidence":[{"source_id":"ocha_opt","title":"West Bank Separation Barrier (January 2018 alignment)","url":"https://www.ochaopt.org/page/datasets-and-mapping-tools","document_date":"2018-01-01","retrieved":"2026-08-09"}]}},{"type":"Feature","geometry":{"type":"LineString","coordinates":[[34.88795,31.378113],[34.887892,31.37834],[34.887371,31.380351],[34.887551,31.380655],[34.888568,31.382378],[34.889451,31.382903],[34.890176,31.383128],[34.891523,31.383517],[34.891734,31.383592],[34.892899,31.384006],[34.893815,31.384299],[34.893916,31.384331],[34.896129,31.385046],[34.897752,31.385498],[34.897769,31.385496],[34.8982,31.385461],[34.898477,31.385437],[34.89913,31.385108],[34.899189,31.385078],[34.899959,31.384607],[34.900569,31.384447],[34.900585,31.384448],[34.900596,31.384448],[34.90112,31.384473],[34.901436,31.38464],[34.901453,31.384648],[34.902523,31.385534],[34.90436,31.387143],[34.906298,31.388753],[34.906875,31.389563],[34.907276,31.391243],[34.907447,31.391721],[34.907592,31.392127],[34.907562,31.392438],[34.907431,31.392811],[34.907024,31.392897],[34.906836,31.392921],[34.906458,31.39297],[34.905892,31.39333],[34.905237,31.393901],[34.904728,31.394546],[34.903721,31.395326],[34.902361,31.395424],[34.901446,31.395696],[34.90037,31.396278],[34.900211,31.396364],[34.899325,31.396885],[34.898773,31.397145],[34.898331,31.397236],[34.898303,31.397241],[34.898294,31.397243],[34.897859,31.39718],[34.897468,31.396955],[34.897252,31.396643],[34.897122,31.396233],[34.897299,31.395574],[34.897372,31.395241],[34.897372,31.395238],[34.896096,31.395372],[34.893864,31.395702],[34.893861,31.395702],[34.893325,31.395651],[34.892934,31.395464],[34.892544,31.394978],[34.892473,31.394405],[34.892852,31.393684],[34.893173,31.393287],[34.89355,31.393164],[34.893363,31.392678],[34.893353,31.391509],[34.893358,31.391499],[34.893469,31.391297],[34.893484,31.391136],[34.893346,31.391038],[34.893325,31.391023],[34.892833,31.390885],[34.891863,31.390311],[34.891385,31.389961],[34.890765,31.389089],[34.890538,31.388692],[34.890174,31.388055],[34.889837,31.387668],[34.88974,31.387556],[34.8889,31.387143],[34.888897,31.387143],[34.88835,31.387092],[34.887436,31.387127],[34.887071,31.387142],[34.886014,31.387186],[34.885376,31.387334],[34.885042,31.387532],[34.884547,31.387892],[34.884197,31.388575],[34.883421,31.390725],[34.882792,31.392463],[34.882674,31.392788],[34.882532,31.393071],[34.882397,31.39334],[34.882105,31.395106]]},"properties":{"OBJECTID":214,"Status":"Under Construction","Type":"Fence","IS_COUNTED":1,"Shape_Leng":7170.90892248,"source_crs":"EPSG:32636","evidence":[{"source_id":"ocha_opt","title":"West Bank Separation Barrier (January 2018 alignment)","url":"https://www.ochaopt.org/page/datasets-and-mapping-tools","document_date":"2018-01-01","retrieved":"2026-08-09"}]}},{"type":"Feature","geometry":{"type":"LineString","coordinates":[[35.204801,31.860008],[35.204831,31.859993],[35.204878,31.860014],[35.204978,31.860058],[35.205368,31.860012],[35.20601,31.859843],[35.206369,31.859677],[35.207205,31.859161],[35.207861,31.858744],[35.208259,31.858563],[35.208333,31.858529],[35.208686,31.858512],[35.209008,31.858596]]},"properties":{"OBJECTID":215,"Status":"Constructed","Type":"Concrete","IS_COUNTED":1,"Shape_Leng":449.549961333,"source_crs":"EPSG:32636","evidence":[{"source_id":"ocha_opt","title":"West Bank Separation Barrier (January 2018 alignment)","url":"https://www.ochaopt.org/page/datasets-and-mapping-tools","document_date":"2018-01-01","retrieved":"2026-08-09"}]}},{"type":"Feature","geometry":{"type":"LineString","coordinates":[[35.199637,31.87344],[35.199686,31.873532],[35.200202,31.874062],[35.200643,31.874484],[35.200892,31.87464],[35.201186,31.874764],[35.20158,31.874862],[35.20191,31.87488],[35.202374,31.874862],[35.203256,31.87479],[35.203926,31.87475],[35.204262,31.874787],[35.204572,31.874891],[35.204834,31.875058],[35.204978,31.875237],[35.205044,31.875432],[35.205117,31.875688],[35.205135,31.875974],[35.205095,31.876409],[35.205086,31.876715],[35.205163,31.877148],[35.205251,31.877547],[35.205273,31.877766],[35.205325,31.877949],[35.205493,31.878175],[35.205826,31.878523],[35.206226,31.878849],[35.206227,31.878849],[35.206841,31.87935],[35.207729,31.879998],[35.208064,31.880197],[35.208328,31.880236],[35.208591,31.880241],[35.208886,31.880183],[35.209117,31.88005],[35.209275,31.879842],[35.209441,31.879543],[35.209617,31.879211],[35.209785,31.878955],[35.209922,31.878857],[35.210127,31.878753],[35.210284,31.878729],[35.210458,31.878721],[35.210682,31.87877],[35.21136,31.879016],[35.21181,31.879156],[35.212012,31.879181],[35.212208,31.879168],[35.212374,31.879108],[35.212539,31.879005],[35.212698,31.878864],[35.212828,31.878675],[35.212907,31.878459],[35.212955,31.878153],[35.21295,31.877929],[35.212901,31.877734],[35.212818,31.877554],[35.212674,31.877399],[35.212486,31.877254],[35.211636,31.876763],[35.210904,31.876344],[35.21071,31.87618],[35.210628,31.876029],[35.210557,31.875839],[35.21053,31.875649],[35.210559,31.875472],[35.210666,31.87526],[35.210791,31.875115],[35.210956,31.875002],[35.211184,31.874936],[35.211423,31.874903],[35.211848,31.874886],[35.212619,31.87484],[35.212936,31.874791],[35.213158,31.874696],[35.213384,31.874545],[35.213525,31.874375],[35.213632,31.874182],[35.213695,31.873986],[35.213684,31.873785],[35.213635,31.873619],[35.213053,31.872407],[35.212899,31.872038],[35.212708,31.871559],[35.2126,31.871241],[35.212572,31.870998]]},"properties":{"OBJECTID":216,"Status":"Constructed","Type":"Fence","IS_COUNTED":1,"Shape_Leng":3014.26548396,"source_crs":"EPSG:32636","evidence":[{"source_id":"ocha_opt","title":"West Bank Separation Barrier (January 2018 alignment)","url":"https://www.ochaopt.org/page/datasets-and-mapping-tools","document_date":"2018-01-01","retrieved":"2026-08-09"}]}},{"type":"Feature","geometry":{"type":"LineString","coordinates":[[35.165724,31.732436],[35.165796,31.73312],[35.165906,31.733665],[35.166147,31.734274],[35.166317,31.734756],[35.166309,31.735328],[35.166304,31.735697],[35.166377,31.736284],[35.166406,31.736465],[35.166366,31.736734],[35.166197,31.736874],[35.166017,31.736908],[35.165713,31.736873],[35.165474,31.736878],[35.165212,31.736989],[35.164948,31.737141],[35.164719,31.737276],[35.164378,31.73745],[35.164116,31.737671],[35.163938,31.737892]]},"properties":{"OBJECTID":217,"Status":"Constructed","Type":"Concrete","IS_COUNTED":1,"Shape_Leng":762.856992005,"source_crs":"EPSG:32636","evidence":[{"source_id":"ocha_opt","title":"West Bank Separation Barrier (January 2018 alignment)","url":"https://www.ochaopt.org/page/datasets-and-mapping-tools","document_date":"2018-01-01","retrieved":"2026-08-09"}]}},{"type":"Feature","geometry":{"type":"LineString","coordinates":[[35.261026,31.801386],[35.261092,31.801261],[35.261109,31.801064],[35.261019,31.800828],[35.260808,31.800603],[35.260584,31.800394],[35.260173,31.800031],[35.259985,31.799867],[35.259709,31.799641],[35.259249,31.799315],[35.258573,31.798874],[35.258141,31.798576],[35.25796,31.79847],[35.257891,31.798404],[35.25785,31.798328],[35.257837,31.798238],[35.257856,31.798133],[35.257904,31.798041],[35.258113,31.797899]]},"properties":{"OBJECTID":218,"Status":"Constructed","Type":"Concrete","IS_COUNTED":1,"Shape_Leng":533.667318745,"source_crs":"EPSG:32636","evidence":[{"source_id":"ocha_opt","title":"West Bank Separation Barrier (January 2018 alignment)","url":"https://www.ochaopt.org/page/datasets-and-mapping-tools","document_date":"2018-01-01","retrieved":"2026-08-09"}]}},{"type":"Feature","geometry":{"type":"LineString","coordinates":[[35.163938,31.737892],[35.16383,31.738009],[35.163726,31.738266],[35.163599,31.738578],[35.163634,31.738973],[35.163614,31.739231],[35.1634,31.73947],[35.163093,31.739743],[35.162776,31.739958],[35.16254,31.740098],[35.162146,31.740352],[35.161672,31.740567],[35.161385,31.740692],[35.161235,31.740841],[35.161103,31.741038]]},"properties":{"OBJECTID":219,"Status":"Constructed","Type":"Concrete","IS_COUNTED":1,"Shape_Leng":471.973642805,"source_crs":"EPSG:32636","evidence":[{"source_id":"ocha_opt","title":"West Bank Separation Barrier (January 2018 alignment)","url":"https://www.ochaopt.org/page/datasets-and-mapping-tools","document_date":"2018-01-01","retrieved":"2026-08-09"}]}},{"type":"Feature","geometry":{"type":"LineString","coordinates":[[34.991499,32.169421],[34.991509,32.169434],[34.991572,32.169445],[34.991584,32.169447],[34.991615,32.169452],[34.99177,32.169478],[34.991952,32.169454],[34.992216,32.16942],[34.992354,32.169402],[34.992959,32.169224],[34.993132,32.169154],[34.993344,32.169083],[34.993618,32.168931],[34.994058,32.168776],[34.994252,32.168743],[34.994366,32.168724],[34.995005,32.168633],[34.995923,32.168618],[34.996449,32.168553],[34.996649,32.168529],[34.997068,32.168475],[34.998064,32.168089],[34.998724,32.167894],[34.998835,32.167861],[34.999488,32.167642],[34.999794,32.167557],[35.000352,32.167339],[35.000609,32.16718],[35.000702,32.167078],[35.000745,32.166855],[35.000695,32.166605],[35.000693,32.166594],[35.000673,32.166546],[35.000624,32.166429],[35.000575,32.166312],[35.000253,32.166102],[34.999437,32.166067],[34.998819,32.166037],[34.998312,32.166025],[34.997868,32.165978],[34.997582,32.165896],[34.997578,32.165889],[34.997457,32.165656],[34.997415,32.165515],[34.997472,32.165231],[34.997894,32.165016]]},"properties":{"OBJECTID":220,"Status":"Constructed","Type":"Fence","IS_COUNTED":1,"Shape_Leng":1427.3396186,"source_crs":"EPSG:32636","evidence":[{"source_id":"ocha_opt","title":"West Bank Separation Barrier (January 2018 alignment)","url":"https://www.ochaopt.org/page/datasets-and-mapping-tools","document_date":"2018-01-01","retrieved":"2026-08-09"}]}},{"type":"Feature","geometry":{"type":"LineString","coordinates":[[35.016066,32.161542],[35.016071,32.161534],[35.01614,32.1614],[35.016699,32.160913],[35.017532,32.16028],[35.018139,32.159766],[35.018933,32.159187],[35.019184,32.159062],[35.019361,32.158914]]},"properties":{"OBJECTID":221,"Status":"Constructed","Type":"Fence","IS_COUNTED":1,"Shape_Leng":428.349885422,"source_crs":"EPSG:32636","evidence":[{"source_id":"ocha_opt","title":"West Bank Separation Barrier (January 2018 alignment)","url":"https://www.ochaopt.org/page/datasets-and-mapping-tools","document_date":"2018-01-01","retrieved":"2026-08-09"}]}},{"type":"Feature","geometry":{"type":"LineString","coordinates":[[35.173384,31.853595],[35.173037,31.853612],[35.172323,31.853414],[35.172026,31.852636],[35.171928,31.851819],[35.172073,31.851063],[35.172404,31.850894],[35.172799,31.850743],[35.173185,31.850611],[35.173579,31.850432],[35.173822,31.85021],[35.174091,31.849809],[35.174174,31.849416]]},"properties":{"OBJECTID":222,"Status":"Constructed","Type":"Concrete","IS_COUNTED":1,"Shape_Leng":659.016203578,"source_crs":"EPSG:32636","evidence":[{"source_id":"ocha_opt","title":"West Bank Separation Barrier (January 2018 alignment)","url":"https://www.ochaopt.org/page/datasets-and-mapping-tools","document_date":"2018-01-01","retrieved":"2026-08-09"}]}},{"type":"Feature","geometry":{"type":"LineString","coordinates":[[35.211292,31.823972],[35.211319,31.824199],[35.212099,31.827341],[35.212095,31.827537]]},"properties":{"OBJECTID":223,"Status":"Constructed","Type":"Concrete","IS_COUNTED":1,"Shape_Leng":403.212119115,"source_crs":"EPSG:32636","evidence":[{"source_id":"ocha_opt","title":"West Bank Separation Barrier (January 2018 alignment)","url":"https://www.ochaopt.org/page/datasets-and-mapping-tools","document_date":"2018-01-01","retrieved":"2026-08-09"}]}},{"type":"Feature","geometry":{"type":"LineString","coordinates":[[35.124944,31.87836],[35.124885,31.878464],[35.124713,31.878553],[35.124155,31.878705],[35.123611,31.878862],[35.123174,31.879035],[35.122848,31.879185],[35.122724,31.879242],[35.122448,31.879441],[35.122233,31.879684],[35.121833,31.880038],[35.121472,31.880312],[35.121177,31.880568],[35.121054,31.880677],[35.121039,31.88069],[35.120957,31.880881],[35.121011,31.881048],[35.121126,31.881194],[35.121397,31.881304],[35.121462,31.881325]]},"properties":{"OBJECTID":224,"Status":"Constructed","Type":"Concrete","IS_COUNTED":1,"Shape_Leng":558.660859297,"source_crs":"EPSG:32636","evidence":[{"source_id":"ocha_opt","title":"West Bank Separation Barrier (January 2018 alignment)","url":"https://www.ochaopt.org/page/datasets-and-mapping-tools","document_date":"2018-01-01","retrieved":"2026-08-09"}]}},{"type":"Feature","geometry":{"type":"LineString","coordinates":[[35.252705,31.828444],[35.2529,31.828273],[35.25307,31.828168],[35.253372,31.828132]]},"properties":{"OBJECTID":225,"Status":"Constructed","Type":"Concrete","IS_COUNTED":1,"Shape_Leng":75.184421792,"source_crs":"EPSG:32636","evidence":[{"source_id":"ocha_opt","title":"West Bank Separation Barrier (January 2018 alignment)","url":"https://www.ochaopt.org/page/datasets-and-mapping-tools","document_date":"2018-01-01","retrieved":"2026-08-09"}]}},{"type":"Feature","geometry":{"type":"LineString","coordinates":[[35.161103,31.741038],[35.16097,31.741348],[35.160615,31.742162],[35.160264,31.742566],[35.159984,31.742781]]},"properties":{"OBJECTID":226,"Status":"Constructed","Type":"Concrete","IS_COUNTED":1,"Shape_Leng":224.398442293,"source_crs":"EPSG:32636","evidence":[{"source_id":"ocha_opt","title":"West Bank Separation Barrier (January 2018 alignment)","url":"https://www.ochaopt.org/page/datasets-and-mapping-tools","document_date":"2018-01-01","retrieved":"2026-08-09"}]}},{"type":"Feature","geometry":{"type":"LineString","coordinates":[[35.165229,31.722618],[35.16524,31.722618],[35.165344,31.722611],[35.165462,31.722605],[35.165815,31.722597],[35.165959,31.722593],[35.166077,31.722588],[35.166177,31.722581],[35.166306,31.722574],[35.166599,31.722563],[35.166729,31.722556],[35.166866,31.722543],[35.166928,31.722534],[35.166986,31.722524],[35.167031,31.722516],[35.167122,31.722495],[35.167214,31.722473],[35.167304,31.722448],[35.167393,31.72242],[35.167482,31.72239],[35.16757,31.722357],[35.167658,31.722322],[35.167744,31.722284],[35.167836,31.72224],[35.167927,31.722194]]},"properties":{"OBJECTID":227,"Status":"Constructed","Type":"Concrete","IS_COUNTED":1,"Shape_Leng":263.860326818,"source_crs":"EPSG:32636","evidence":[{"source_id":"ocha_opt","title":"West Bank Separation Barrier (January 2018 alignment)","url":"https://www.ochaopt.org/page/datasets-and-mapping-tools","document_date":"2018-01-01","retrieved":"2026-08-09"}]}},{"type":"Feature","geometry":{"type":"LineString","coordinates":[[35.165148,31.726532],[35.164804,31.726526],[35.164658,31.72652],[35.164581,31.726514],[35.164511,31.726505],[35.164444,31.726495],[35.164382,31.726482],[35.164299,31.726461],[35.164215,31.726436],[35.164129,31.726406],[35.164043,31.726373],[35.163957,31.726336],[35.163871,31.726295],[35.163787,31.726251],[35.163704,31.726205],[35.163616,31.72615],[35.16353,31.726092],[35.163445,31.726029],[35.163363,31.725963],[35.163284,31.725893],[35.163209,31.725822],[35.163138,31.725748],[35.163072,31.725673],[35.163012,31.725597],[35.162957,31.725521],[35.162907,31.725444],[35.162864,31.725367],[35.162826,31.72529],[35.162794,31.725214],[35.162769,31.725138],[35.162749,31.725063],[35.162736,31.724995],[35.162726,31.724926],[35.162719,31.724857],[35.162715,31.724789],[35.162714,31.724724],[35.162717,31.72466],[35.162723,31.7246],[35.162733,31.724542],[35.162748,31.724481],[35.162769,31.72442],[35.162797,31.724357],[35.162832,31.724294],[35.162873,31.724229],[35.162921,31.724162],[35.162976,31.724093],[35.16304,31.724021],[35.163161,31.723895],[35.163364,31.723697]]},"properties":{"OBJECTID":228,"Status":"Constructed","Type":"Concrete","IS_COUNTED":1,"Shape_Leng":474.542806806,"source_crs":"EPSG:32636","evidence":[{"source_id":"ocha_opt","title":"West Bank Separation Barrier (January 2018 alignment)","url":"https://www.ochaopt.org/page/datasets-and-mapping-tools","document_date":"2018-01-01","retrieved":"2026-08-09"}]}},{"type":"Feature","geometry":{"type":"LineString","coordinates":[[35.166093,31.730347],[35.166009,31.730785],[35.165963,31.731127],[35.165852,31.731572],[35.165765,31.732],[35.165724,31.732436]]},"properties":{"OBJECTID":230,"Status":"Constructed","Type":"Concrete","IS_COUNTED":1,"Shape_Leng":234.535228984,"source_crs":"EPSG:32636","evidence":[{"source_id":"ocha_opt","title":"West Bank Separation Barrier (January 2018 alignment)","url":"https://www.ochaopt.org/page/datasets-and-mapping-tools","document_date":"2018-01-01","retrieved":"2026-08-09"}]}},{"type":"Feature","geometry":{"type":"LineString","coordinates":[[35.169089,31.721329],[35.169032,31.72141],[35.168863,31.721661],[35.168543,31.721954],[35.168039,31.722132]]},"properties":{"OBJECTID":231,"Status":"Under Construction","Type":"Fence","IS_COUNTED":1,"Shape_Leng":138.711250652,"source_crs":"EPSG:32636","evidence":[{"source_id":"ocha_opt","title":"West Bank Separation Barrier (January 2018 alignment)","url":"https://www.ochaopt.org/page/datasets-and-mapping-tools","document_date":"2018-01-01","retrieved":"2026-08-09"}]}},{"type":"Feature","geometry":{"type":"LineString","coordinates":[[35.170124,31.720089],[35.169998,31.720217],[35.169752,31.720474],[35.169307,31.721023],[35.169089,31.721329]]},"properties":{"OBJECTID":232,"Status":"Constructed","Type":"Fence","IS_COUNTED":1,"Shape_Leng":169.208837218,"source_crs":"EPSG:32636","evidence":[{"source_id":"ocha_opt","title":"West Bank Separation Barrier (January 2018 alignment)","url":"https://www.ochaopt.org/page/datasets-and-mapping-tools","document_date":"2018-01-01","retrieved":"2026-08-09"}]}},{"type":"Feature","geometry":{"type":"LineString","coordinates":[[35.163364,31.723697],[35.163425,31.723636],[35.163594,31.72347],[35.163746,31.723329],[35.163829,31.723257],[35.163909,31.723189],[35.163988,31.723126],[35.164066,31.723067],[35.164143,31.723012],[35.164219,31.722961],[35.164295,31.722914],[35.16437,31.72287],[35.164455,31.722825],[35.16454,31.722784],[35.164624,31.722748],[35.164707,31.722717],[35.164763,31.722699],[35.164821,31.722683],[35.164882,31.722668],[35.164945,31.722655],[35.16501,31.722644],[35.165079,31.722634],[35.165229,31.722618]]},"properties":{"OBJECTID":233,"Status":"Constructed","Type":"Concrete","IS_COUNTED":1,"Shape_Leng":219.848699059,"source_crs":"EPSG:32636","evidence":[{"source_id":"ocha_opt","title":"West Bank Separation Barrier (January 2018 alignment)","url":"https://www.ochaopt.org/page/datasets-and-mapping-tools","document_date":"2018-01-01","retrieved":"2026-08-09"}]}},{"type":"Feature","geometry":{"type":"LineString","coordinates":[[35.159984,31.742781],[35.159488,31.742927],[35.159094,31.742867],[35.158783,31.742737],[35.158551,31.742568],[35.15835,31.74223],[35.158156,31.741832],[35.157827,31.741477],[35.157433,31.740789],[35.157376,31.740418]]},"properties":{"OBJECTID":236,"Status":"Constructed","Type":"Concrete","IS_COUNTED":1,"Shape_Leng":415.843281623,"source_crs":"EPSG:32636","evidence":[{"source_id":"ocha_opt","title":"West Bank Separation Barrier (January 2018 alignment)","url":"https://www.ochaopt.org/page/datasets-and-mapping-tools","document_date":"2018-01-01","retrieved":"2026-08-09"}]}},{"type":"Feature","geometry":{"type":"LineString","coordinates":[[35.152766,31.733843],[35.152341,31.73406],[35.151671,31.734351],[35.151669,31.734351],[35.151514,31.734418],[35.151357,31.734481],[35.151198,31.734539],[35.151038,31.734594],[35.151038,31.734594],[35.150888,31.73464],[35.150753,31.734676],[35.150514,31.73473],[35.15041,31.734756],[35.150323,31.73478],[35.150232,31.73481],[35.150132,31.734848],[35.150031,31.73489],[35.149832,31.734976],[35.149728,31.735019],[35.149639,31.735053],[35.149525,31.73509],[35.14945,31.735109],[35.149394,31.735121],[35.149333,31.73513],[35.149333,31.73513],[35.149266,31.735138],[35.149193,31.735145],[35.149192,31.735145],[35.149019,31.735155],[35.149018,31.735155],[35.149016,31.735155]]},"properties":{"OBJECTID":237,"Status":"Under Construction","Type":"Concrete","IS_COUNTED":1,"Shape_Leng":386.87825373,"source_crs":"EPSG:32636","evidence":[{"source_id":"ocha_opt","title":"West Bank Separation Barrier (January 2018 alignment)","url":"https://www.ochaopt.org/page/datasets-and-mapping-tools","document_date":"2018-01-01","retrieved":"2026-08-09"}]}},{"type":"Feature","geometry":{"type":"LineString","coordinates":[[35.05504,31.936342],[35.055271,31.936134],[35.055534,31.935876],[35.055647,31.93566],[35.055769,31.935367],[35.055797,31.935297],[35.055802,31.935285]]},"properties":{"OBJECTID":239,"Status":"Constructed","Type":"Fence","IS_COUNTED":1,"Shape_Leng":139.930048512,"source_crs":"EPSG:32636","evidence":[{"source_id":"ocha_opt","title":"West Bank Separation Barrier (January 2018 alignment)","url":"https://www.ochaopt.org/page/datasets-and-mapping-tools","document_date":"2018-01-01","retrieved":"2026-08-09"}]}},{"type":"Feature","geometry":{"type":"LineString","coordinates":[[35.057252,31.918276],[35.057246,31.918275],[35.057235,31.918273],[35.05702,31.918236],[35.056508,31.91812],[35.055804,31.917888],[35.055578,31.917816],[35.055376,31.917781],[35.055123,31.917747],[35.054843,31.917718],[35.054629,31.917664],[35.053855,31.917309],[35.053686,31.917238],[35.05345,31.917199],[35.052131,31.917253],[35.051873,31.917248],[35.051666,31.917232],[35.051513,31.917173],[35.051212,31.916972],[35.050412,31.916231],[35.050102,31.915878],[35.050048,31.915678],[35.050022,31.915531],[35.049875,31.914204],[35.049843,31.914028],[35.04976,31.9138],[35.049681,31.913537],[35.048962,31.911902],[35.048329,31.910293],[35.048225,31.910155],[35.048059,31.910024],[35.047906,31.909936],[35.047608,31.909869],[35.047256,31.909865],[35.047004,31.90984],[35.046739,31.909759],[35.045562,31.909198],[35.044952,31.908926],[35.044756,31.908791],[35.044108,31.908202],[35.043695,31.907872],[35.043557,31.907712],[35.043424,31.907528],[35.042979,31.906614],[35.042855,31.906344],[35.042746,31.906236],[35.042598,31.906095],[35.041044,31.905132],[35.04089,31.905001],[35.040763,31.904841],[35.040689,31.904539],[35.040552,31.903897],[35.040474,31.903421],[35.040439,31.903097],[35.040337,31.90276],[35.040228,31.90217],[35.040206,31.901927],[35.040226,31.901797],[35.040317,31.901634],[35.040585,31.901343],[35.041033,31.900835],[35.041157,31.900651],[35.041228,31.900564],[35.041264,31.900421],[35.04127,31.900206],[35.041256,31.899531],[35.041239,31.899307],[35.041196,31.899107],[35.041126,31.898974],[35.040971,31.898795],[35.040805,31.898641],[35.04077,31.89856]]},"properties":{"OBJECTID":242,"Status":"Constructed","Type":"Fence","IS_COUNTED":1,"Shape_Leng":3132.08369165,"source_crs":"EPSG:32636","evidence":[{"source_id":"ocha_opt","title":"West Bank Separation Barrier (January 2018 alignment)","url":"https://www.ochaopt.org/page/datasets-and-mapping-tools","document_date":"2018-01-01","retrieved":"2026-08-09"}]}},{"type":"Feature","geometry":{"type":"LineString","coordinates":[[35.090107,31.698683],[35.090287,31.698707],[35.090464,31.698734],[35.090641,31.698763],[35.090816,31.698794],[35.090989,31.698829],[35.091161,31.698866],[35.091332,31.698905],[35.091501,31.698947],[35.091668,31.698992],[35.091834,31.699039],[35.091999,31.699089],[35.092162,31.699141],[35.092324,31.699196],[35.092485,31.699254],[35.092644,31.699314],[35.092801,31.699377],[35.09294,31.699435],[35.09308,31.699497],[35.09322,31.699562],[35.093362,31.699631],[35.093504,31.699704],[35.093647,31.69978],[35.093792,31.69986],[35.093937,31.699944],[35.094083,31.700031],[35.094231,31.700122],[35.094379,31.700217],[35.094529,31.700315],[35.094681,31.700418],[35.094834,31.700525],[35.09499,31.700636],[35.095147,31.700751],[35.095393,31.700936],[35.095623,31.701114],[35.09584,31.701287],[35.096045,31.701457],[35.096046,31.701457],[35.096236,31.701621],[35.096418,31.701782],[35.09659,31.701942],[35.096753,31.702101],[35.096753,31.702101],[35.09685,31.702199],[35.096944,31.702297],[35.097034,31.702394],[35.097122,31.702491],[35.097206,31.702588],[35.097287,31.702684],[35.097366,31.702781],[35.097441,31.702877],[35.097538,31.703008],[35.09763,31.703139],[35.097717,31.703269],[35.097798,31.7034],[35.097873,31.70353],[35.097944,31.703661],[35.098008,31.703792],[35.098068,31.703922],[35.0981,31.704],[35.098136,31.7041],[35.0982,31.704275],[35.098224,31.704336],[35.098248,31.70439],[35.098295,31.704488],[35.098341,31.70458],[35.098388,31.704666],[35.098434,31.704747],[35.098482,31.704825],[35.09853,31.704899],[35.098579,31.704969],[35.09863,31.705035],[35.098691,31.705109],[35.098765,31.705189],[35.098833,31.705259],[35.099033,31.705457],[35.099086,31.705511],[35.099086,31.705511],[35.099297,31.705716],[35.099357,31.705778],[35.099409,31.705834],[35.099513,31.705954],[35.099588,31.706046],[35.099652,31.706131],[35.099705,31.706211],[35.099739,31.70627],[35.099772,31.706337],[35.099803,31.70641],[35.099855,31.706543],[35.099892,31.706632],[35.099927,31.706703],[35.099963,31.706766],[35.100005,31.706833],[35.100055,31.706905],[35.100119,31.706992],[35.10024,31.707152],[35.100311,31.707252],[35.10037,31.707348],[35.100394,31.707393],[35.100416,31.707437],[35.100446,31.707509],[35.100475,31.707586],[35.100501,31.707669],[35.100525,31.707758],[35.100561,31.707921],[35.10062,31.708231],[35.100646,31.708355],[35.100649,31.70837],[35.10066,31.708438],[35.100676,31.708588],[35.100687,31.70865],[35.100696,31.708687],[35.100707,31.708721],[35.10072,31.708752],[35.100735,31.70878],[35.100761,31.708819],[35.100793,31.708858],[35.100831,31.708897],[35.100876,31.708936],[35.100926,31.708975],[35.100984,31.709016],[35.10105,31.709059],[35.101136,31.709112],[35.101187,31.70914],[35.101242,31.709167],[35.101302,31.709194],[35.101369,31.709219],[35.101483,31.709257],[35.101739,31.709334],[35.10185,31.70937],[35.101901,31.709387],[35.102028,31.709424],[35.102319,31.709497],[35.102444,31.709534],[35.102517,31.70956],[35.102583,31.709588],[35.102642,31.709618],[35.102696,31.70965],[35.10275,31.709687],[35.102803,31.70973],[35.102857,31.709777],[35.102912,31.70983],[35.102966,31.709887],[35.103023,31.709952],[35.103082,31.710024],[35.103153,31.710113],[35.10321,31.710193],[35.103266,31.710286],[35.103317,31.710381],[35.103426,31.710594],[35.103468,31.710671],[35.103507,31.710737],[35.103706,31.711066],[35.103756,31.711145],[35.103803,31.711215],[35.103857,31.711289],[35.103912,31.711356],[35.103966,31.711417],[35.104023,31.711472],[35.10408,31.711524],[35.104141,31.711574],[35.104205,31.711624],[35.104272,31.711672],[35.10434,31.711718],[35.104411,31.711762],[35.104483,31.711805],[35.104556,31.711844],[35.104594,31.711863],[35.104636,31.711881],[35.104742,31.711921],[35.104853,31.711959],[35.104921,31.711985],[35.104981,31.712012],[35.105033,31.712039],[35.105122,31.712095],[35.105193,31.712144],[35.105252,31.712191],[35.105299,31.712238],[35.105334,31.71228],[35.105365,31.712327],[35.105392,31.712379],[35.105417,31.712437],[35.105439,31.7125],[35.105458,31.71257],[35.105475,31.712648],[35.105495,31.712751],[35.105509,31.71285],[35.105515,31.712957],[35.105514,31.713073],[35.105505,31.713202],[35.105497,31.713259],[35.105482,31.713329],[35.105456,31.713429],[35.105444,31.713484],[35.105437,31.713537],[35.105435,31.713584],[35.105437,31.71365],[35.105441,31.713709],[35.105447,31.713764],[35.105457,31.713814],[35.105468,31.713862],[35.105483,31.713906],[35.1055,31.713947],[35.10552,31.713984],[35.105523,31.713989],[35.105527,31.713995],[35.105559,31.714039],[35.105601,31.714085],[35.105651,31.714134],[35.105738,31.714211],[35.105802,31.714266],[35.105862,31.714315],[35.105919,31.714358],[35.105975,31.714397],[35.106032,31.714431],[35.10606,31.714447],[35.106125,31.714481],[35.106193,31.714513],[35.106264,31.714542],[35.106337,31.714568],[35.106412,31.714592],[35.106488,31.714613],[35.106564,31.71463],[35.10664,31.714644],[35.106711,31.714652],[35.106791,31.714654],[35.10688,31.71465],[35.107011,31.714638],[35.107112,31.71463],[35.107189,31.714626],[35.107259,31.714627],[35.107322,31.714633],[35.107435,31.714651],[35.107548,31.714674],[35.107661,31.714704],[35.10777,31.714738],[35.10784,31.714766],[35.107915,31.714802],[35.107994,31.714846],[35.108114,31.714919],[35.108187,31.714962],[35.108246,31.714994],[35.108302,31.715022],[35.108354,31.715044],[35.108436,31.715075],[35.108526,31.715106],[35.108626,31.715137],[35.108751,31.715173],[35.108853,31.715203],[35.108909,31.715216],[35.108953,31.71522],[35.108984,31.71522],[35.109015,31.715217],[35.109047,31.715213],[35.109081,31.715206],[35.109151,31.715186],[35.109229,31.715156],[35.109229,31.715156],[35.109299,31.715125],[35.109446,31.715054],[35.109508,31.715025],[35.109569,31.714997],[35.109633,31.714962],[35.109702,31.714921],[35.1098,31.714859],[35.109876,31.714811],[35.109936,31.714776],[35.109991,31.714745],[35.110043,31.71472],[35.110126,31.714684],[35.110215,31.71465],[35.110309,31.714617],[35.110412,31.714584],[35.110515,31.714555],[35.110631,31.714524],[35.110996,31.714434],[35.111154,31.714398],[35.111333,31.714363],[35.111517,31.714331],[35.111884,31.714272],[35.112071,31.71424],[35.11223,31.714209],[35.112358,31.714181],[35.112495,31.71415],[35.112821,31.714067],[35.113211,31.713965],[35.113441,31.713907],[35.113657,31.713858],[35.113853,31.713818],[35.113949,31.7138],[35.114186,31.713749],[35.114312,31.713726],[35.114382,31.713716],[35.114447,31.713709],[35.11451,31.713705],[35.114569,31.713703],[35.114644,31.713706],[35.114728,31.713715],[35.114816,31.713728],[35.114973,31.713757],[35.115084,31.713774],[35.115175,31.713784],[35.11526,31.713788],[35.115349,31.713791],[35.11544,31.713792],[35.115535,31.713792],[35.115736,31.713785],[35.115962,31.713771],[35.116021,31.713765],[35.116083,31.713757],[35.116213,31.713736],[35.116355,31.713704],[35.116523,31.713661],[35.116523,31.713661],[35.116882,31.713563],[35.116994,31.713535],[35.117096,31.713513],[35.117199,31.713496],[35.117295,31.713483],[35.117388,31.713476],[35.117477,31.713475],[35.117618,31.71348],[35.117762,31.713491],[35.11791,31.713508],[35.11806,31.713531],[35.118211,31.71356],[35.118363,31.713595],[35.118514,31.713635],[35.118663,31.713681],[35.118738,31.713706],[35.118815,31.713735],[35.118895,31.713767],[35.118979,31.713803],[35.119157,31.713885],[35.119405,31.714006],[35.119465,31.714038],[35.119532,31.714076],[35.119714,31.714185],[35.119796,31.714232],[35.119882,31.714276],[35.119962,31.714311],[35.120038,31.714337],[35.120147,31.714368],[35.120239,31.714395],[35.120306,31.714418],[35.120396,31.714453],[35.120485,31.714491],[35.120571,31.71453],[35.120656,31.714572],[35.120737,31.714615],[35.120816,31.71466],[35.120891,31.714706],[35.120963,31.714754],[35.121031,31.714802],[35.121095,31.714852],[35.121155,31.714902],[35.121212,31.714953],[35.121264,31.715005],[35.121312,31.715058],[35.121357,31.715111],[35.121397,31.715165],[35.121436,31.715225],[35.121473,31.715289],[35.121509,31.715358],[35.121542,31.71543],[35.121573,31.715506],[35.121602,31.715585],[35.121628,31.715667],[35.121651,31.715751],[35.121662,31.715802],[35.12167,31.715855],[35.121674,31.715911],[35.121676,31.71597],[35.121674,31.716032],[35.12167,31.716099],[35.12165,31.716267],[35.121625,31.716454],[35.121615,31.71658],[35.121613,31.716638],[35.121614,31.716693],[35.121618,31.716745],[35.121624,31.716795],[35.121651,31.716999],[35.12167,31.717101],[35.121684,31.717151],[35.121699,31.717195],[35.121716,31.717235],[35.121736,31.717272],[35.121755,31.7173],[35.121778,31.717327],[35.121804,31.717353],[35.121833,31.717379],[35.121867,31.717403],[35.121905,31.717428],[35.121947,31.717453],[35.121995,31.717478],[35.121995,31.717478],[35.122072,31.717515],[35.122251,31.717596],[35.122331,31.717636],[35.122377,31.717661],[35.122418,31.717685],[35.122455,31.71771],[35.122488,31.717735],[35.122527,31.717768],[35.122567,31.717806],[35.122609,31.717849],[35.122657,31.717902],[35.122759,31.718017],[35.122822,31.718083],[35.122885,31.71814],[35.122946,31.718187],[35.123,31.718221],[35.123062,31.718252],[35.123135,31.718282],[35.123229,31.718314],[35.123398,31.718371],[35.123451,31.718391],[35.123498,31.718411],[35.123543,31.718433],[35.123583,31.718455],[35.123619,31.718479],[35.123651,31.718504],[35.123684,31.718535],[35.123717,31.71857],[35.123748,31.718608],[35.12378,31.718652],[35.123833,31.718732],[35.123928,31.718892],[35.123968,31.718957],[35.123994,31.718999],[35.124019,31.719044],[35.124043,31.719093],[35.124067,31.719145],[35.124098,31.719222],[35.12413,31.719311],[35.12422,31.71959],[35.124221,31.719591],[35.124251,31.719682],[35.124278,31.719757],[35.124278,31.719758],[35.124316,31.719852],[35.124355,31.719933],[35.124396,31.720004],[35.12444,31.720066],[35.124464,31.720094],[35.124488,31.72012],[35.124513,31.720144],[35.124539,31.720167],[35.124566,31.720187],[35.124594,31.720205],[35.124623,31.720221],[35.124654,31.720236],[35.124707,31.720256],[35.124767,31.720272],[35.124833,31.720285],[35.124908,31.720295],[35.124972,31.720301],[35.125046,31.720304],[35.125325,31.720311],[35.125439,31.720316],[35.125509,31.720322],[35.125572,31.72033],[35.125634,31.720338],[35.125704,31.720344],[35.125896,31.720354],[35.125897,31.720355],[35.126102,31.720366],[35.126177,31.720373],[35.126244,31.720381],[35.126305,31.720391],[35.126361,31.720404],[35.12641,31.720419],[35.126454,31.720436],[35.126493,31.720456],[35.126528,31.720478],[35.126557,31.720502],[35.126581,31.72053],[35.126594,31.720549],[35.126606,31.720571],[35.126615,31.720595],[35.126623,31.720623],[35.126634,31.720685],[35.126643,31.720786],[35.126651,31.720856],[35.126661,31.72091],[35.126675,31.720956],[35.126694,31.720996],[35.126711,31.721022],[35.126731,31.721049],[35.126754,31.721077],[35.126781,31.721105],[35.126834,31.721155],[35.126978,31.721283],[35.127032,31.721338],[35.127129,31.721442],[35.127171,31.72149],[35.12721,31.721539],[35.127242,31.721584],[35.12727,31.721635],[35.127295,31.72169],[35.127317,31.72175],[35.127335,31.721815],[35.127349,31.721883],[35.127361,31.721959],[35.127372,31.722043],[35.127383,31.722164],[35.127391,31.722242],[35.127394,31.722297],[35.127391,31.722355],[35.127384,31.722415],[35.127371,31.722479],[35.127354,31.722546],[35.12733,31.722618],[35.127301,31.722695],[35.127266,31.722781],[35.127222,31.722877],[35.127111,31.723115],[35.127057,31.72324],[35.127031,31.723308],[35.12701,31.72337],[35.126994,31.723428],[35.126983,31.723482],[35.126975,31.723539],[35.126973,31.723592],[35.126976,31.723642],[35.126985,31.723689],[35.127,31.723733],[35.12702,31.723774],[35.127046,31.723813],[35.127077,31.723849],[35.127136,31.723903],[35.127208,31.72396],[35.127276,31.724007],[35.127348,31.724051],[35.127421,31.724092],[35.127491,31.724125],[35.127528,31.72414],[35.127565,31.724151],[35.127602,31.724159],[35.127639,31.724163],[35.127675,31.724163],[35.127711,31.72416],[35.127748,31.724153],[35.127784,31.724143],[35.127821,31.724128],[35.127859,31.72411],[35.127897,31.724087],[35.127934,31.72406],[35.127973,31.724029],[35.128011,31.723994],[35.128051,31.723954],[35.128091,31.72391],[35.12813,31.723864],[35.12817,31.723812],[35.128257,31.723693],[35.128351,31.723552],[35.128492,31.723331],[35.128636,31.723109],[35.128695,31.723022],[35.128751,31.722944],[35.128806,31.72287],[35.12886,31.722802],[35.128913,31.72274],[35.128965,31.722683],[35.129019,31.722629],[35.129072,31.722581],[35.129125,31.722536],[35.129178,31.722497],[35.129232,31.722462],[35.129286,31.722431],[35.12934,31.722405],[35.129395,31.722383],[35.129509,31.722337],[35.129551,31.722322],[35.129597,31.72231],[35.129637,31.722306],[35.129666,31.722307],[35.129695,31.722312],[35.129726,31.722321],[35.129759,31.722333],[35.129823,31.722365],[35.129958,31.722442],[35.13007,31.722498],[35.130176,31.722553],[35.130214,31.722577],[35.130246,31.7226],[35.130272,31.722621],[35.130292,31.722643],[35.130306,31.722663],[35.130314,31.722684],[35.130315,31.722706],[35.13031,31.72273],[35.130297,31.722756],[35.130276,31.722784],[35.130251,31.722813],[35.130217,31.722845],[35.130098,31.722948],[35.130041,31.723],[35.130001,31.723043],[35.129946,31.723112],[35.129886,31.723191],[35.129647,31.72352],[35.129591,31.723594],[35.129537,31.72366],[35.129453,31.723756],[35.129292,31.723932],[35.129195,31.724042],[35.129052,31.724217],[35.128931,31.724376],[35.128852,31.724487],[35.128731,31.72467],[35.128652,31.724786],[35.128602,31.724855],[35.128451,31.725055],[35.128408,31.725116],[35.128372,31.725172],[35.128307,31.72528],[35.128247,31.725389],[35.128193,31.725497],[35.128145,31.725604],[35.128124,31.72566],[35.128102,31.725722],[35.128046,31.72591],[35.128021,31.72599],[35.127998,31.726055],[35.127969,31.726127],[35.127924,31.726236],[35.127899,31.726305],[35.127876,31.726378],[35.127855,31.726451],[35.127837,31.726524],[35.127821,31.726598],[35.127807,31.726672],[35.127796,31.726745],[35.127787,31.726818],[35.127781,31.726891],[35.127779,31.726949],[35.127779,31.727014],[35.127789,31.727233],[35.12779,31.727296],[35.127789,31.727388],[35.127783,31.727509],[35.127775,31.727663],[35.127774,31.727771],[35.127776,31.727829],[35.12778,31.727883],[35.127791,31.727961],[35.127809,31.728048],[35.12783,31.728129],[35.12788,31.728308],[35.127898,31.728381],[35.127912,31.728443],[35.127921,31.7285],[35.127948,31.728687],[35.12796,31.728806],[35.127963,31.728861],[35.127964,31.728914],[35.127962,31.728963],[35.127958,31.729011],[35.127953,31.729049],[35.127944,31.729089],[35.127913,31.729192],[35.127888,31.72927],[35.127873,31.729323],[35.127862,31.729371],[35.127857,31.729414],[35.127856,31.729457],[35.127859,31.729501],[35.127866,31.729545],[35.127877,31.72959],[35.127891,31.729636],[35.127909,31.729684],[35.127931,31.729733],[35.127958,31.729784],[35.127958,31.729784],[35.127999,31.729853],[35.128049,31.72993],[35.12825,31.730215],[35.128261,31.730232],[35.128311,31.73031],[35.128353,31.730381],[35.128386,31.730448],[35.128413,31.730511],[35.128436,31.730582],[35.128454,31.730663],[35.12847,31.730755],[35.128486,31.730882],[35.12851,31.731054],[35.128522,31.731117],[35.128535,31.731173],[35.128551,31.731225],[35.128569,31.731272],[35.12859,31.731315],[35.128614,31.731354],[35.128637,31.731385],[35.128662,31.731413],[35.128701,31.73145],[35.128746,31.731485],[35.128796,31.731519],[35.128851,31.731552],[35.128911,31.731584],[35.128976,31.731614],[35.129046,31.731642],[35.129119,31.731669],[35.129174,31.731687],[35.129286,31.731718],[35.1294,31.731744],[35.129514,31.731764],[35.129625,31.731778],[35.129694,31.731782],[35.129766,31.731783],[35.129766,31.731783],[35.129772,31.731782],[35.129772,31.731782],[35.129859,31.731778],[35.129949,31.731767],[35.129949,31.731767],[35.129989,31.731761],[35.12999,31.731761],[35.130093,31.731741],[35.1302,31.731715],[35.130311,31.731683],[35.130427,31.731644],[35.130548,31.731599],[35.130674,31.731547],[35.130808,31.731487],[35.130953,31.731419],[35.131038,31.731373],[35.131129,31.731316],[35.131213,31.731257],[35.131403,31.731119],[35.131493,31.731057],[35.131573,31.731008],[35.131649,31.730969],[35.131962,31.730814],[35.132118,31.730741],[35.132197,31.730708],[35.13227,31.730679],[35.132337,31.730655],[35.1324,31.730635],[35.132463,31.730619],[35.13252,31.730608],[35.132573,31.730602],[35.132621,31.730601],[35.132665,31.730606],[35.132703,31.730615],[35.132738,31.730629],[35.132767,31.730649],[35.132785,31.730664],[35.132802,31.730683],[35.132835,31.730727],[35.132866,31.730782],[35.132895,31.730847],[35.132921,31.73092],[35.132943,31.730999],[35.13296,31.73108],[35.13297,31.731156],[35.132971,31.731207],[35.132965,31.73126],[35.132953,31.731316],[35.132933,31.731375],[35.132911,31.731429],[35.132882,31.731488],[35.13277,31.731696],[35.132728,31.73178],[35.132708,31.731825],[35.132692,31.731866],[35.13268,31.731906],[35.13267,31.731944],[35.132647,31.732069],[35.132629,31.732206],[35.132617,31.732359],[35.132607,31.732554],[35.132602,31.732647],[35.132579,31.732913],[35.132575,31.732994],[35.132576,31.733066],[35.132582,31.733144],[35.132595,31.733214],[35.132613,31.733279],[35.132638,31.733337],[35.132667,31.733387],[35.132705,31.733436],[35.13275,31.733486],[35.132805,31.733537],[35.13285,31.733575],[35.132903,31.733616],[35.133154,31.733797],[35.133212,31.733841],[35.133261,31.733881],[35.133349,31.733959],[35.133457,31.734058],[35.133549,31.734145],[35.133549,31.734146],[35.133636,31.734226],[35.133636,31.734227],[35.133694,31.734279],[35.133694,31.734279],[35.133749,31.734327],[35.13375,31.734328],[35.133799,31.734369],[35.1338,31.734369],[35.133898,31.734444],[35.133982,31.734502],[35.134066,31.734553],[35.134154,31.734601],[35.134237,31.734645],[35.134318,31.734685],[35.134395,31.734722],[35.134493,31.734763],[35.134567,31.734793],[35.134639,31.734818],[35.13471,31.734841],[35.134779,31.73486],[35.134846,31.734877],[35.134913,31.73489],[35.134977,31.734899],[35.135041,31.734906],[35.135143,31.734911],[35.135227,31.73491],[35.135346,31.734903],[35.135472,31.734889],[35.135607,31.734868],[35.135752,31.73484],[35.135868,31.734813],[35.13601,31.734774],[35.136116,31.73474],[35.136116,31.73474],[35.136221,31.734701],[35.136222,31.734701],[35.136223,31.734701],[35.136252,31.734688],[35.136281,31.734677],[35.136294,31.734671],[35.136306,31.734666],[35.136315,31.734662],[35.136319,31.73466],[35.136322,31.734659],[35.136325,31.734658],[35.136336,31.734652],[35.136344,31.734649],[35.136358,31.734643],[35.136362,31.734641],[35.136365,31.734639],[35.136368,31.734638],[35.136386,31.734629],[35.136392,31.734626],[35.136399,31.734623],[35.136404,31.73462],[35.136425,31.734609],[35.136432,31.734606],[35.136438,31.734602],[35.136455,31.734593],[35.136456,31.734593],[35.136475,31.734583],[35.1365,31.734564],[35.136825,31.734294],[35.136919,31.734209],[35.136959,31.734175],[35.136998,31.734145],[35.136998,31.734145],[35.137046,31.734111],[35.137086,31.734088],[35.137086,31.734088],[35.13712,31.734071],[35.13712,31.734071],[35.137163,31.734052],[35.137163,31.734052],[35.137222,31.73403],[35.137222,31.73403],[35.137269,31.734013],[35.137269,31.734013],[35.137331,31.733992],[35.137412,31.733963],[35.137412,31.733963],[35.137449,31.733949],[35.137449,31.733949],[35.137481,31.733935],[35.137481,31.733935],[35.137514,31.733919],[35.13754,31.733905],[35.137565,31.733889],[35.137585,31.733874],[35.137585,31.733874],[35.137605,31.733855],[35.137621,31.733835],[35.137621,31.733835],[35.137631,31.733817],[35.137637,31.733802],[35.137639,31.733796],[35.137639,31.733793],[35.13764,31.73379],[35.13764,31.733788],[35.137641,31.733785],[35.137641,31.733781],[35.137642,31.733779],[35.137642,31.733778],[35.137642,31.733776],[35.137642,31.733775],[35.137642,31.733773],[35.137642,31.733771],[35.137642,31.733746],[35.137638,31.733717],[35.13763,31.733685],[35.137617,31.733648],[35.137614,31.73364],[35.137589,31.733581],[35.137589,31.733581],[35.137563,31.733514],[35.137545,31.733458],[35.137536,31.733411],[35.137531,31.733326],[35.137532,31.733235],[35.13754,31.733136],[35.137554,31.733027],[35.137563,31.732976],[35.137577,31.732923],[35.137594,31.732868],[35.137615,31.73281],[35.137667,31.732692],[35.13777,31.73248],[35.137806,31.732403],[35.137835,31.732335],[35.137858,31.732272],[35.137876,31.732212],[35.137895,31.732126],[35.137911,31.732023],[35.137911,31.732022],[35.137932,31.73184],[35.137946,31.731746],[35.137967,31.731657],[35.137979,31.731617],[35.137993,31.731579],[35.138011,31.731535],[35.138033,31.731491],[35.138087,31.731394],[35.138144,31.731306],[35.138296,31.73108],[35.1384,31.730906],[35.138436,31.730849],[35.13848,31.730788],[35.138525,31.730738],[35.138566,31.7307],[35.138612,31.730664],[35.138663,31.73063],[35.138719,31.730597],[35.138777,31.730567],[35.138841,31.730538],[35.13891,31.73051],[35.138985,31.730484],[35.139067,31.730457],[35.139159,31.73043],[35.139409,31.730365],[35.139511,31.73034],[35.139611,31.730318],[35.139708,31.7303],[35.139803,31.730285],[35.13992,31.730271],[35.140033,31.730262],[35.140141,31.730259],[35.140246,31.73026],[35.140312,31.730265],[35.140381,31.730271],[35.140451,31.73028],[35.140524,31.730291],[35.1406,31.730305],[35.14068,31.730322],[35.140852,31.730363],[35.14101,31.730402],[35.141093,31.730427],[35.141138,31.730445],[35.141177,31.730464],[35.141218,31.730488],[35.141258,31.730515],[35.141296,31.730545],[35.141332,31.730576],[35.141364,31.730607],[35.141393,31.730639],[35.141418,31.730672],[35.14144,31.730704],[35.141465,31.730752],[35.141486,31.730807],[35.141503,31.730871],[35.141522,31.730958],[35.141529,31.73101],[35.141533,31.731067],[35.141533,31.731125],[35.141529,31.731253],[35.141531,31.731341],[35.141542,31.731458],[35.141564,31.731632],[35.141572,31.731723],[35.141578,31.731831],[35.141578,31.731832],[35.141581,31.732011],[35.141584,31.732154],[35.141592,31.732265],[35.1416,31.732326],[35.14161,31.732383],[35.141622,31.732436],[35.141636,31.732486],[35.14165,31.732525],[35.141666,31.732563],[35.141684,31.732599],[35.141703,31.732633],[35.141731,31.732675],[35.141763,31.732714],[35.1418,31.732752],[35.141846,31.732794],[35.141898,31.732837],[35.141985,31.732905],[35.142026,31.732938],[35.142252,31.733128],[35.14226,31.733135],[35.142388,31.733237],[35.142444,31.733279],[35.142499,31.733316],[35.142535,31.733339],[35.142535,31.733339],[35.1426,31.733377],[35.142664,31.733409],[35.142664,31.733409],[35.142715,31.733432],[35.142888,31.733506],[35.142972,31.733539],[35.143035,31.733561],[35.143093,31.733577],[35.143146,31.733587],[35.143195,31.733592],[35.143208,31.733593],[35.143222,31.733593],[35.143229,31.733592],[35.14325,31.733591],[35.143276,31.733588],[35.143288,31.733585],[35.143295,31.733584],[35.143298,31.733583],[35.143307,31.73358],[35.143313,31.733578],[35.143319,31.733576],[35.143322,31.733576],[35.143327,31.733574],[35.143334,31.73357],[35.143347,31.733564],[35.143358,31.733559],[35.143368,31.733552],[35.143383,31.733543],[35.143395,31.733535],[35.143401,31.73353],[35.143405,31.733528],[35.143408,31.733525],[35.143408,31.733525],[35.143454,31.73349],[35.143497,31.73346],[35.143526,31.733442],[35.143584,31.733416],[35.143584,31.733416],[35.143632,31.733398],[35.143632,31.733398],[35.143678,31.733385],[35.143727,31.733374],[35.143727,31.733374],[35.143788,31.733365],[35.143833,31.733361],[35.143833,31.733361],[35.143858,31.73336],[35.143858,31.73336],[35.143884,31.733359],[35.143934,31.73336],[35.143934,31.73336],[35.143998,31.733364],[35.143998,31.733364],[35.144069,31.733373],[35.144069,31.733373],[35.144142,31.733385],[35.144237,31.733406],[35.144237,31.733406],[35.144297,31.733422],[35.144297,31.733422],[35.14436,31.733441],[35.14436,31.733441],[35.144453,31.733472],[35.144454,31.733472],[35.144538,31.733502],[35.144538,31.733502],[35.144664,31.733552],[35.144664,31.733552],[35.144817,31.733617],[35.144817,31.733617],[35.144932,31.733669],[35.145068,31.733731],[35.1452,31.733791],[35.145201,31.733792],[35.145359,31.73386],[35.14545,31.733898],[35.14545,31.733898],[35.145764,31.734026],[35.145765,31.734026],[35.145926,31.734098],[35.145996,31.734132],[35.146061,31.734165],[35.146142,31.734211],[35.146215,31.734256],[35.146259,31.734287],[35.1463,31.734317],[35.146338,31.734349],[35.146374,31.73438],[35.146407,31.734412],[35.146436,31.734445],[35.146464,31.734478],[35.146488,31.734511],[35.146504,31.734537],[35.146518,31.734564],[35.146531,31.734593],[35.146542,31.734625],[35.146561,31.734697],[35.146577,31.734785],[35.146577,31.734785],[35.146604,31.734979],[35.146615,31.735035],[35.146627,31.735084],[35.146641,31.735127],[35.146657,31.735166],[35.146676,31.735201],[35.146698,31.735232],[35.146749,31.735293],[35.146811,31.735355],[35.14686,31.735399],[35.146913,31.735442],[35.146913,31.735442],[35.147,31.735507],[35.147091,31.735566],[35.147091,31.735566],[35.147183,31.735619],[35.147275,31.735664],[35.147326,31.735686],[35.147376,31.735705],[35.147424,31.735721],[35.147472,31.735734],[35.147539,31.735748],[35.147602,31.735755],[35.147659,31.735755],[35.147712,31.735749],[35.147736,31.735743],[35.147759,31.735736],[35.147793,31.735721],[35.147827,31.735699],[35.147862,31.73567],[35.147899,31.735634],[35.1479,31.735634],[35.147926,31.735603],[35.148013,31.735496]]},"properties":{"OBJECTID":243,"Status":"Projected","Type":"NA","IS_COUNTED":1,"Shape_Leng":9780.84700748,"source_crs":"EPSG:32636","evidence":[{"source_id":"ocha_opt","title":"West Bank Separation Barrier (January 2018 alignment)","url":"https://www.ochaopt.org/page/datasets-and-mapping-tools","document_date":"2018-01-01","retrieved":"2026-08-09"}]}},{"type":"Feature","geometry":{"type":"LineString","coordinates":[[35.553624,32.38938],[35.553511,32.389186],[35.553348,32.388985],[35.553175,32.388812],[35.553037,32.388714],[35.55289,32.388688],[35.552733,32.388696],[35.552571,32.388728],[35.552426,32.388793],[35.552283,32.388882],[35.552088,32.388981],[35.551877,32.389076],[35.55165,32.389172],[35.551421,32.389257],[35.55131,32.389284],[35.551164,32.389286],[35.551006,32.389275],[35.550881,32.38924],[35.550767,32.38919],[35.550648,32.389149],[35.550488,32.389128],[35.550222,32.389077],[35.550054,32.389075],[35.549857,32.389079],[35.549671,32.389069],[35.549463,32.389063],[35.54922,32.389044],[35.549034,32.389029],[35.548848,32.389004],[35.548639,32.388975],[35.548431,32.38896],[35.548239,32.388945],[35.548059,32.388939],[35.54793,32.388961],[35.547824,32.388982],[35.547667,32.388985],[35.547492,32.388984],[35.54725,32.388965],[35.547063,32.38893],[35.546792,32.388879],[35.546583,32.388845],[35.546446,32.388833],[35.546265,32.388803],[35.546078,32.38876],[35.545868,32.388697],[35.545704,32.388648],[35.545483,32.388571],[35.54525,32.38849],[35.545011,32.388399],[35.544761,32.388299],[35.54451,32.388185],[35.544271,32.38809],[35.543992,32.387967],[35.543781,32.387875],[35.543588,32.387793],[35.543383,32.387712],[35.543179,32.387635],[35.542969,32.387563],[35.542765,32.387519],[35.542613,32.387508],[35.542455,32.387501],[35.542281,32.387505],[35.542062,32.387519],[35.541866,32.387542],[35.54167,32.387565],[35.541511,32.387578],[35.541404,32.38758],[35.541292,32.387601],[35.541158,32.387647],[35.541014,32.387717],[35.540848,32.387801],[35.540709,32.387871],[35.540582,32.387935],[35.540421,32.38802],[35.540293,32.388065],[35.540164,32.388096],[35.540008,32.388123],[35.539862,32.388136],[35.539755,32.388138],[35.539626,32.388169],[35.539459,32.388225],[35.539315,32.38829],[35.539149,32.388389],[35.538989,32.388483],[35.538806,32.388587],[35.538651,32.38869],[35.538513,32.388788],[35.538387,32.388905],[35.53825,32.389027],[35.538097,32.389169],[35.537927,32.389303],[35.537751,32.38945],[35.53757,32.389606],[35.537382,32.389734],[35.537156,32.389901],[35.53698,32.390038],[35.536831,32.390146],[35.536677,32.390269],[35.53649,32.390425],[35.536325,32.390552],[35.536187,32.39066],[35.536017,32.390792],[35.535846,32.390915],[35.535653,32.391067],[35.535488,32.391185],[35.535306,32.391317],[35.535146,32.391435],[35.535002,32.391514],[35.534869,32.391574],[35.534669,32.391659],[35.534465,32.39174],[35.534209,32.39184],[35.533926,32.391951],[35.533681,32.392066],[35.533476,32.39218],[35.533283,32.392298],[35.533039,32.392417],[35.532783,32.392509],[35.532493,32.392619],[35.532237,32.39272],[35.531942,32.392836],[35.531591,32.392948],[35.531246,32.39306],[35.53095,32.393147],[35.53061,32.393239],[35.530247,32.393352],[35.529663,32.393506],[35.529317,32.39359],[35.528987,32.393677],[35.528714,32.39375],[35.528406,32.393818],[35.528032,32.393911],[35.527652,32.394],[35.527317,32.394083],[35.526988,32.394166],[35.526658,32.394249],[35.526357,32.394336],[35.526055,32.394414],[35.525517,32.39453],[35.524964,32.394651],[35.524517,32.394769],[35.523986,32.39489],[35.523466,32.39501],[35.52302,32.395128],[35.522662,32.395222],[35.522232,32.39533],[35.521802,32.395444],[35.521441,32.395532],[35.521151,32.395619],[35.520939,32.395657],[35.520827,32.395669],[35.520685,32.395648],[35.52051,32.395622],[35.520262,32.39558],[35.520024,32.395542],[35.519776,32.395499],[35.51959,32.395483],[35.519432,32.395477],[35.519286,32.395485],[35.519096,32.395517],[35.518934,32.395568],[35.518256,32.395849],[35.517772,32.396045],[35.517314,32.396226],[35.516958,32.396366],[35.516597,32.396526],[35.516252,32.396657],[35.51589,32.396789],[35.515584,32.396914],[35.515311,32.397015],[35.515005,32.39714],[35.514699,32.397261],[35.51441,32.397367],[35.514097,32.397464],[35.513752,32.397571],[35.513445,32.397658],[35.513242,32.397715],[35.513002,32.397772],[35.512778,32.397815],[35.512565,32.397847],[35.51233,32.397881],[35.51205,32.397934],[35.511827,32.397981],[35.511552,32.398035],[35.51129,32.398088],[35.510971,32.398161],[35.510736,32.398218],[35.510396,32.398311],[35.510178,32.398377],[35.509939,32.398463],[35.509604,32.398551],[35.509332,32.398625],[35.509036,32.398693],[35.508712,32.398762],[35.50841,32.398834],[35.508103,32.398898],[35.507812,32.398961],[35.507515,32.399015],[35.507313,32.399038],[35.507107,32.399085],[35.506911,32.399136],[35.506637,32.399189],[35.506374,32.399238],[35.506139,32.399281],[35.505831,32.399339],[35.505568,32.399392],[35.505255,32.399446],[35.504958,32.399504],[35.504604,32.399569],[35.504212,32.399639],[35.503748,32.399743],[35.503323,32.399828],[35.502903,32.399898],[35.502551,32.399967],[35.502098,32.400053],[35.50174,32.400127],[35.501343,32.400206],[35.501001,32.400265],[35.500565,32.40035],[35.499652,32.40055],[35.498785,32.400734],[35.498097,32.400886],[35.497488,32.401017],[35.496845,32.401169],[35.496438,32.401272],[35.496206,32.401312],[35.496009,32.401312],[35.495908,32.401287],[35.494565,32.400958],[35.494535,32.400976],[35.494505,32.400993],[35.494496,32.401103],[35.494521,32.401198],[35.494525,32.401346],[35.494507,32.401475],[35.494438,32.401639],[35.494317,32.401746],[35.494072,32.401846],[35.493476,32.402054],[35.49316,32.402203],[35.492732,32.402402],[35.492338,32.402582],[35.492335,32.402584],[35.491927,32.402776],[35.491637,32.402918],[35.491314,32.403068],[35.490926,32.403247],[35.490598,32.403411],[35.490332,32.40355],[35.489958,32.403743],[35.489958,32.403744],[35.489954,32.403746],[35.489533,32.404038],[35.489108,32.404323],[35.488533,32.404692],[35.488042,32.405031],[35.487594,32.405308],[35.487163,32.405588],[35.486555,32.40597],[35.486262,32.406166],[35.485948,32.406378],[35.485567,32.406643],[35.485258,32.406893],[35.484906,32.407162],[35.484553,32.407436],[35.484223,32.407691],[35.483871,32.407974],[35.483675,32.408141],[35.483378,32.408375],[35.483103,32.408596],[35.482845,32.408815],[35.482601,32.408968],[35.482297,32.409151],[35.481965,32.409343],[35.481615,32.409532],[35.481255,32.409715],[35.480933,32.409874],[35.480605,32.410019],[35.480325,32.410144],[35.480009,32.410289],[35.479737,32.410413],[35.47948,32.410485],[35.479278,32.410508],[35.479059,32.410517],[35.478828,32.410507],[35.478568,32.41047],[35.478279,32.410385],[35.47804,32.410299],[35.477829,32.410193],[35.477623,32.410064],[35.477473,32.409933],[35.477311,32.409764],[35.477167,32.409619],[35.476999,32.409455],[35.476827,32.40933],[35.476604,32.409196],[35.476389,32.40909],[35.476162,32.409004],[35.475941,32.408932],[35.475561,32.40882],[35.475318,32.408773],[35.474939,32.408699],[35.474599,32.408639],[35.474288,32.408564],[35.474028,32.408512],[35.473757,32.408474],[35.473504,32.408479],[35.473032,32.408488],[35.472599,32.408502],[35.471611,32.408512],[35.470858,32.408536],[35.470127,32.408555],[35.469711,32.408563],[35.469447,32.408549],[35.469232,32.40851],[35.468971,32.408444],[35.468767,32.408376],[35.468545,32.4083],[35.468374,32.408198],[35.468179,32.408111],[35.467979,32.40802],[35.46774,32.407915],[35.467479,32.40782],[35.467156,32.407735],[35.466834,32.407675],[35.466557,32.407656],[35.466327,32.407656],[35.466045,32.407633],[35.465785,32.4076],[35.465514,32.407553],[35.46518,32.407488],[35.464868,32.407393],[35.464533,32.407257],[35.464191,32.407106],[35.463861,32.406965],[35.463576,32.406899],[35.463277,32.406842],[35.463022,32.406781],[35.462766,32.406695],[35.462489,32.406619],[35.462244,32.406509],[35.46196,32.406396],[35.461669,32.406277],[35.461424,32.406163],[35.461158,32.406077],[35.460886,32.405997],[35.460575,32.405955],[35.46027,32.405923],[35.459995,32.405919],[35.459707,32.405905],[35.45942,32.405868],[35.459136,32.405847],[35.458849,32.405824],[35.458544,32.405811],[35.458128,32.405786],[35.457863,32.405772],[35.457598,32.405753],[35.457422,32.405699],[35.457257,32.405617],[35.457063,32.40553],[35.456903,32.405442],[35.456709,32.405317],[35.456564,32.405163],[35.456459,32.405026],[35.456388,32.404899],[35.45633,32.404768],[35.456312,32.4046],[35.456308,32.404457],[35.456276,32.404285],[35.456204,32.40412],[35.456047,32.403951],[35.455887,32.403844],[35.455683,32.403782],[35.455507,32.403742],[35.455327,32.403741],[35.455165,32.403763],[35.454975,32.403819],[35.454846,32.403855],[35.454598,32.403898],[35.454223,32.403958],[35.45335,32.404104],[35.452309,32.404301],[35.451234,32.404489],[35.450691,32.40458],[35.450478,32.404613],[35.450361,32.404658],[35.450259,32.404713],[35.450149,32.404801],[35.450023,32.404913],[35.449914,32.405034],[35.4498,32.405199],[35.449521,32.405686],[35.449204,32.406246],[35.448671,32.407137],[35.448393,32.407648],[35.448173,32.408058],[35.448027,32.408295],[35.447882,32.408517],[35.447794,32.408604],[35.447684,32.408688],[35.447545,32.408762],[35.447433,32.408805],[35.447277,32.408865],[35.447108,32.408878],[35.446979,32.40889],[35.446844,32.408888],[35.44668,32.408858],[35.446499,32.408809],[35.446339,32.408731],[35.446174,32.408634],[35.446047,32.408526],[35.445948,32.408414],[35.445854,32.408263],[35.445759,32.408055],[35.445651,32.407818],[35.445525,32.407534],[35.445389,32.407265],[35.445286,32.407014],[35.445197,32.406854],[35.44508,32.40666],[35.444952,32.4065],[35.444816,32.406379],[35.444656,32.406277],[35.444501,32.406161],[35.444335,32.406073],[35.444101,32.405978],[35.443812,32.405869],[35.443239,32.405675],[35.442762,32.405507],[35.442212,32.405332],[35.441734,32.405155],[35.44153,32.405087],[35.4414,32.405057],[35.441213,32.405027],[35.440988,32.405026],[35.440583,32.40503],[35.440424,32.405028],[35.44025,32.405026],[35.440108,32.404981],[35.440016,32.404897],[35.439957,32.404798],[35.439959,32.404684],[35.440012,32.404554],[35.440125,32.404373],[35.440233,32.40418],[35.44034,32.403977],[35.440381,32.403833],[35.440378,32.403709],[35.440346,32.403586],[35.440264,32.403478],[35.440071,32.403415],[35.439908,32.403394],[35.439734,32.403407],[35.43943,32.403432],[35.439386,32.403435],[35.439386,32.403435],[35.439341,32.403438],[35.439189,32.403441],[35.439037,32.403435],[35.438872,32.403371],[35.438724,32.403288],[35.438539,32.40311],[35.43797,32.402467],[35.437693,32.402177],[35.437544,32.402001],[35.437277,32.401686],[35.436847,32.401165],[35.436469,32.4007],[35.436289,32.400484],[35.436081,32.400302],[35.435865,32.400187],[35.435586,32.400092],[35.435331,32.400025],[35.435049,32.399983],[35.434785,32.399979],[35.434549,32.399993],[35.434257,32.400036],[35.433984,32.400123],[35.433751,32.400237],[35.433502,32.400395],[35.433307,32.400542],[35.433149,32.400721],[35.43302,32.400929],[35.432913,32.40115],[35.432829,32.401372],[35.432785,32.401611],[35.432776,32.401888],[35.432789,32.402164],[35.432823,32.402412],[35.432881,32.402683],[35.432956,32.40296],[35.433056,32.403345],[35.433173,32.403701],[35.433215,32.403851],[35.433273,32.404076],[35.433282,32.404214],[35.433286,32.404333],[35.433243,32.404425],[35.43316,32.404488],[35.433065,32.404519],[35.433021,32.40452],[35.432976,32.404521],[35.432857,32.404489],[35.432747,32.404401],[35.432614,32.404236],[35.432433,32.404016],[35.43227,32.403804],[35.432083,32.403526],[35.431911,32.403224],[35.43178,32.402935],[35.431621,32.402657],[35.431496,32.402416],[35.431412,32.402236],[35.431347,32.402111],[35.431286,32.401931],[35.431238,32.401812],[35.431207,32.401708],[35.431158,32.401566],[35.431089,32.401501],[35.431052,32.401492],[35.431015,32.401483],[35.430931,32.401499],[35.430901,32.401526],[35.430871,32.401552],[35.43084,32.401639],[35.430827,32.401792],[35.430831,32.401941],[35.430829,32.402102],[35.430807,32.402303],[35.430774,32.402542],[35.430735,32.402762],[35.430685,32.403012],[35.430619,32.403266],[35.430552,32.403501],[35.430403,32.403811],[35.430237,32.404134],[35.430071,32.404433],[35.429942,32.404679],[35.429762,32.404973],[35.429691,32.40518],[35.429683,32.405286],[35.429686,32.405405],[35.429713,32.405567],[35.429788,32.405856],[35.429921,32.406181],[35.430037,32.406519],[35.430134,32.40679],[35.430195,32.406965],[35.430244,32.407121],[35.430237,32.40726],[35.430206,32.407389],[35.430141,32.407486],[35.430043,32.407593],[35.429312,32.408213],[35.42919,32.408297],[35.429063,32.408371],[35.428974,32.408396],[35.428878,32.408398],[35.428754,32.408381],[35.428674,32.40833],[35.42864,32.40831],[35.428605,32.408289],[35.428535,32.408204],[35.428522,32.408128],[35.428514,32.408052],[35.428525,32.408016],[35.428525,32.408015],[35.428535,32.40798],[35.428576,32.407834],[35.428644,32.407622],[35.428666,32.407417],[35.428684,32.40723],[35.428674,32.407083],[35.428652,32.406868],[35.428608,32.406716],[35.428532,32.406599],[35.428299,32.406319],[35.428061,32.406033],[35.42787,32.405836],[35.42765,32.405592],[35.42753,32.405468]]},"properties":{"OBJECTID":244,"Status":"Constructed","Type":"Fence","IS_COUNTED":1,"Shape_Leng":15384.7173064,"source_crs":"EPSG:32636","evidence":[{"source_id":"ocha_opt","title":"West Bank Separation Barrier (January 2018 alignment)","url":"https://www.ochaopt.org/page/datasets-and-mapping-tools","document_date":"2018-01-01","retrieved":"2026-08-09"}]}},{"type":"Feature","geometry":{"type":"LineString","coordinates":[[35.090096,32.452425],[35.089803,32.45224],[35.089491,32.452129],[35.089198,32.451994],[35.088846,32.451856],[35.088444,32.451714],[35.088346,32.451679],[35.088313,32.451668],[35.088218,32.451649],[35.087667,32.451499],[35.087418,32.45141],[35.086917,32.451341],[35.086587,32.451306],[35.086122,32.451244],[35.085575,32.451187],[35.085494,32.451179],[35.085437,32.451177],[35.085092,32.451167],[35.084866,32.451166],[35.084351,32.451227],[35.084003,32.451281],[35.083718,32.45133],[35.083497,32.451361],[35.083248,32.451402],[35.082932,32.451406],[35.082819,32.451375],[35.082679,32.451333],[35.082542,32.45125],[35.082326,32.451163],[35.082126,32.451052],[35.081894,32.450975],[35.08164,32.450949],[35.081432,32.450926],[35.081152,32.450933],[35.080764,32.450956],[35.080398,32.450974],[35.080032,32.451001],[35.079811,32.450979],[35.079698,32.450968],[35.079634,32.450962],[35.079452,32.450918],[35.07943,32.450913],[35.07914,32.450817],[35.078884,32.450707],[35.078678,32.450548],[35.078482,32.450403],[35.078457,32.450385],[35.078241,32.450155],[35.078119,32.449961],[35.078001,32.449729],[35.077911,32.449497],[35.077838,32.449245],[35.077671,32.448832],[35.077437,32.448197],[35.077287,32.447817],[35.077127,32.447448],[35.076991,32.447192],[35.076846,32.44698],[35.076713,32.446849],[35.076599,32.44676],[35.076427,32.446624],[35.07621,32.446485],[35.075818,32.446291],[35.075403,32.446126],[35.074937,32.445933],[35.074669,32.445794],[35.074294,32.445643],[35.073942,32.445486],[35.073618,32.445363],[35.072478,32.444845],[35.071812,32.444526],[35.070999,32.444144],[35.070389,32.443829],[35.069653,32.443402],[35.068844,32.442948],[35.068227,32.442614],[35.067862,32.442396],[35.067609,32.442186],[35.06739,32.441941],[35.067239,32.441753],[35.06714,32.441601],[35.067061,32.441369],[35.067023,32.441164],[35.067029,32.44094],[35.06703,32.440735],[35.067083,32.440586],[35.067163,32.440389],[35.067238,32.440235],[35.067391,32.440046],[35.067683,32.43975],[35.068207,32.439279],[35.068597,32.438955],[35.068955,32.438629],[35.069231,32.438396],[35.069378,32.438198],[35.069482,32.438039],[35.069527,32.437809],[35.069545,32.437622],[35.069426,32.437061],[35.069422,32.436904],[35.069424,32.436756],[35.06937,32.436585],[35.069316,32.436443],[35.069284,32.436286],[35.069266,32.436],[35.06919,32.435595],[35.069107,32.435179],[35.069073,32.434917],[35.069118,32.434668],[35.069253,32.434408],[35.069439,32.434209],[35.069705,32.434033],[35.069977,32.433871],[35.070177,32.433734],[35.070421,32.433582],[35.070592,32.433436],[35.070764,32.43331],[35.070945,32.433116],[35.071087,32.432908],[35.071244,32.432657],[35.071324,32.43247],[35.071393,32.432264],[35.071429,32.431905],[35.071443,32.431039],[35.071437,32.430514],[35.071442,32.430251],[35.071401,32.429969],[35.071369,32.429888],[35.071359,32.429864],[35.071185,32.429848],[35.070981,32.429813],[35.070828,32.429778],[35.070709,32.429703],[35.070583,32.429629],[35.070451,32.429502],[35.070374,32.42936],[35.070309,32.429228],[35.070193,32.429036],[35.070088,32.428881],[35.069954,32.428687],[35.069866,32.428545],[35.069772,32.428366],[35.069683,32.428167],[35.069601,32.428001],[35.069479,32.42786],[35.069266,32.427629],[35.069139,32.427488],[35.068996,32.42739],[35.068853,32.427297],[35.06867,32.427191],[35.068466,32.427127],[35.068317,32.427082],[35.068046,32.42702],[35.067837,32.42698],[35.067583,32.426965],[35.067223,32.426971],[35.06683,32.426997],[35.066487,32.427021],[35.066111,32.427042],[35.065717,32.427048],[35.065373,32.427035],[35.065063,32.427006],[35.064803,32.426939],[35.06457,32.426838],[35.064359,32.426732],[35.064154,32.426606],[35.064004,32.426461],[35.063815,32.426292],[35.063658,32.426089],[35.063575,32.425914],[35.063515,32.425717],[35.063485,32.425403],[35.063444,32.425079],[35.063395,32.424645],[35.063354,32.424345],[35.063319,32.424055],[35.063274,32.423783],[35.063207,32.423594],[35.063125,32.423428],[35.062985,32.423225],[35.062829,32.423037],[35.062575,32.422821],[35.062335,32.422677],[35.062124,32.422547],[35.061795,32.422433],[35.061518,32.422361],[35.061286,32.422327],[35.06101,32.422317],[35.06065,32.422294],[35.060312,32.422271],[35.059951,32.422268],[35.059602,32.422249],[35.05927,32.422231],[35.058988,32.422202],[35.05874,32.422192],[35.058509,32.422167],[35.058288,32.422099],[35.058129,32.422025],[35.057963,32.421918],[35.057785,32.421773],[35.057652,32.421604],[35.057593,32.4215],[35.0575,32.421329],[35.057422,32.421125],[35.057365,32.420821],[35.057291,32.42056],[35.057291,32.420559],[35.057274,32.420461],[35.057239,32.420255],[35.057171,32.419989],[35.057048,32.419757],[35.056909,32.419597],[35.056765,32.41943],[35.056633,32.419303],[35.056489,32.419196],[35.056285,32.419104],[35.056063,32.418993],[35.055847,32.418906],[35.055596,32.418767],[35.055397,32.41867],[35.05517,32.418554],[35.054969,32.418414],[35.054736,32.418275],[35.054587,32.418163],[35.054425,32.417998],[35.054424,32.417996]]},"properties":{"OBJECTID":245,"Status":"Constructed","Type":"Fence","IS_COUNTED":1,"Shape_Leng":6488.59147584,"source_crs":"EPSG:32636","evidence":[{"source_id":"ocha_opt","title":"West Bank Separation Barrier (January 2018 alignment)","url":"https://www.ochaopt.org/page/datasets-and-mapping-tools","document_date":"2018-01-01","retrieved":"2026-08-09"}]}},{"type":"Feature","geometry":{"type":"LineString","coordinates":[[35.015411,32.226848],[35.014698,32.225573],[35.014522,32.225185],[35.01442,32.224853],[35.01439,32.224482],[35.01436,32.224129],[35.014361,32.223844],[35.014387,32.223355],[35.01448,32.222932],[35.014609,32.222515],[35.014752,32.222264]]},"properties":{"OBJECTID":246,"Status":"Constructed","Type":"Fence","IS_COUNTED":1,"Shape_Leng":533.567177485,"source_crs":"EPSG:32636","evidence":[{"source_id":"ocha_opt","title":"West Bank Separation Barrier (January 2018 alignment)","url":"https://www.ochaopt.org/page/datasets-and-mapping-tools","document_date":"2018-01-01","retrieved":"2026-08-09"}]}},{"type":"Feature","geometry":{"type":"LineString","coordinates":[[35.079265,32.174707],[35.079533,32.17462],[35.079917,32.174476],[35.08019,32.174409],[35.080442,32.174367],[35.080644,32.174378],[35.081052,32.1744],[35.081619,32.174419],[35.082254,32.174428],[35.082882,32.174432],[35.083336,32.174419],[35.083656,32.1744],[35.084003,32.17437],[35.084278,32.174356],[35.084654,32.174355],[35.084997,32.174392],[35.085341,32.174468],[35.085817,32.174621],[35.08635,32.174785],[35.086851,32.174897],[35.087142,32.174943],[35.087449,32.175006]]},"properties":{"OBJECTID":247,"Status":"Under Construction","Type":"Fence","IS_COUNTED":1,"Shape_Leng":789.614024646,"source_crs":"EPSG:32636","evidence":[{"source_id":"ocha_opt","title":"West Bank Separation Barrier (January 2018 alignment)","url":"https://www.ochaopt.org/page/datasets-and-mapping-tools","document_date":"2018-01-01","retrieved":"2026-08-09"}]}},{"type":"Feature","geometry":{"type":"LineString","coordinates":[[35.154716,32.179998],[35.155171,32.179532],[35.155794,32.17883],[35.15621,32.178357],[35.156458,32.177943],[35.156668,32.177562],[35.156826,32.17712],[35.156897,32.176814],[35.156972,32.176421],[35.156989,32.175717],[35.157073,32.174267],[35.157118,32.172873],[35.157149,32.171574],[35.157148,32.170555],[35.157197,32.169628]]},"properties":{"OBJECTID":249,"Status":"Under Construction","Type":"Fence","IS_COUNTED":1,"Shape_Leng":1212.13648808,"source_crs":"EPSG:32636","evidence":[{"source_id":"ocha_opt","title":"West Bank Separation Barrier (January 2018 alignment)","url":"https://www.ochaopt.org/page/datasets-and-mapping-tools","document_date":"2018-01-01","retrieved":"2026-08-09"}]}},{"type":"Feature","geometry":{"type":"LineString","coordinates":[[35.040314,32.162553],[35.042206,32.162392],[35.04596,32.162028],[35.050438,32.161174],[35.054049,32.160196],[35.057805,32.158481],[35.06084,32.156396],[35.064164,32.154067],[35.066043,32.152841],[35.068066,32.151492],[35.071366,32.151055],[35.072545,32.150729]]},"properties":{"OBJECTID":250,"Status":"Projected","Type":"NA","IS_COUNTED":1,"Shape_Leng":3400.51191866,"source_crs":"EPSG:32636","evidence":[{"source_id":"ocha_opt","title":"West Bank Separation Barrier (January 2018 alignment)","url":"https://www.ochaopt.org/page/datasets-and-mapping-tools","document_date":"2018-01-01","retrieved":"2026-08-09"}]}},{"type":"Feature","geometry":{"type":"LineString","coordinates":[[35.016799,32.131451],[35.016892,32.131438],[35.017491,32.131366],[35.017776,32.131309],[35.018076,32.131209],[35.018404,32.131089],[35.018637,32.130971],[35.01878,32.130844],[35.018899,32.130742],[35.019032,32.130645],[35.019192,32.130532],[35.01938,32.130429],[35.019598,32.130354],[35.019848,32.130278],[35.020099,32.130212],[35.020322,32.130156],[35.020511,32.130072],[35.020699,32.129936],[35.020847,32.129795],[35.020979,32.12965],[35.021076,32.12949],[35.021155,32.129279],[35.021223,32.129049],[35.021291,32.12879],[35.021359,32.128596],[35.021394,32.128409],[35.021468,32.128212],[35.021538,32.128073],[35.021658,32.127909],[35.021801,32.127792],[35.021918,32.127728],[35.022062,32.127668],[35.022229,32.127623],[35.022409,32.127605],[35.022605,32.127621],[35.022831,32.127675],[35.023192,32.127789],[35.023785,32.127989],[35.024846,32.128378],[35.025338,32.128532],[35.025681,32.128584],[35.026007,32.128631],[35.026265,32.128641],[35.026574,32.128637],[35.026898,32.128588],[35.027384,32.128485],[35.028321,32.128251],[35.029322,32.128034],[35.030995,32.127621],[35.031686,32.127438],[35.031826,32.127393]]},"properties":{"OBJECTID":251,"Status":"Constructed","Type":"Fence","IS_COUNTED":1,"Shape_Leng":1668.21688445,"source_crs":"EPSG:32636","evidence":[{"source_id":"ocha_opt","title":"West Bank Separation Barrier (January 2018 alignment)","url":"https://www.ochaopt.org/page/datasets-and-mapping-tools","document_date":"2018-01-01","retrieved":"2026-08-09"}]}},{"type":"Feature","geometry":{"type":"LineString","coordinates":[[35.031826,32.127393],[35.031904,32.127367],[35.032092,32.12725],[35.032302,32.127108],[35.032483,32.126943],[35.032631,32.126821],[35.032762,32.126666],[35.03291,32.126507],[35.033098,32.126351],[35.033391,32.126174],[35.03373,32.126026],[35.034408,32.125738],[35.035731,32.12523],[35.036131,32.125061],[35.036398,32.124952],[35.03663,32.124805],[35.036818,32.124663],[35.037066,32.124483],[35.03745,32.124186],[35.037609,32.124021],[35.037772,32.123794],[35.037986,32.123595],[35.038309,32.123246],[35.03867,32.122796],[35.039008,32.122376],[35.03932,32.122034],[35.039479,32.121855],[35.039627,32.121705],[35.039837,32.121577],[35.040049,32.121516],[35.040294,32.12146],[35.040474,32.121476],[35.040834,32.121518],[35.041065,32.121581],[35.041247,32.121702],[35.041425,32.121876],[35.041604,32.122117],[35.041808,32.122457],[35.042372,32.123578]]},"properties":{"OBJECTID":252,"Status":"Constructed","Type":"Fence","IS_COUNTED":1,"Shape_Leng":1391.38790439,"source_crs":"EPSG:32636","evidence":[{"source_id":"ocha_opt","title":"West Bank Separation Barrier (January 2018 alignment)","url":"https://www.ochaopt.org/page/datasets-and-mapping-tools","document_date":"2018-01-01","retrieved":"2026-08-09"}]}},{"type":"Feature","geometry":{"type":"LineString","coordinates":[[35.042372,32.123578],[35.042651,32.124133],[35.042862,32.12453],[35.043017,32.1247],[35.0432,32.124883],[35.043405,32.125013],[35.043694,32.125152],[35.043943,32.125253],[35.044209,32.125334],[35.044445,32.125369],[35.04472,32.125383],[35.045011,32.125359],[35.045347,32.125325],[35.046676,32.125084],[35.047056,32.12504],[35.047739,32.124962],[35.048398,32.124866],[35.048727,32.124774],[35.049022,32.12466],[35.049333,32.124531],[35.049615,32.12434],[35.049841,32.124169],[35.049984,32.124024],[35.050189,32.123813],[35.050266,32.123738]]},"properties":{"OBJECTID":253,"Status":"Constructed","Type":"Fence","IS_COUNTED":1,"Shape_Leng":895.446177071,"source_crs":"EPSG:32636","evidence":[{"source_id":"ocha_opt","title":"West Bank Separation Barrier (January 2018 alignment)","url":"https://www.ochaopt.org/page/datasets-and-mapping-tools","document_date":"2018-01-01","retrieved":"2026-08-09"}]}},{"type":"Feature","geometry":{"type":"LineString","coordinates":[[34.998276,32.065592],[34.998643,32.065481],[34.99934,32.065284],[35.000066,32.065043],[35.001108,32.064731],[35.001981,32.064445],[35.002326,32.06432],[35.002575,32.064188],[35.002796,32.064027],[35.003077,32.063781],[35.00312,32.063735],[35.003252,32.063597],[35.003376,32.06338],[35.003422,32.063189]]},"properties":{"OBJECTID":254,"Status":"Constructed","Type":"Fence","IS_COUNTED":1,"Shape_Leng":575.665813972,"source_crs":"EPSG:32636","evidence":[{"source_id":"ocha_opt","title":"West Bank Separation Barrier (January 2018 alignment)","url":"https://www.ochaopt.org/page/datasets-and-mapping-tools","document_date":"2018-01-01","retrieved":"2026-08-09"}]}},{"type":"Feature","geometry":{"type":"LineString","coordinates":[[35.00312,32.063735],[35.00348,32.064004],[35.003949,32.064563],[35.004427,32.064986],[35.004839,32.065189]]},"properties":{"OBJECTID":255,"Status":"Projected","Type":"NA","IS_COUNTED":1,"Shape_Leng":231.358593062,"source_crs":"EPSG:32636","evidence":[{"source_id":"ocha_opt","title":"West Bank Separation Barrier (January 2018 alignment)","url":"https://www.ochaopt.org/page/datasets-and-mapping-tools","document_date":"2018-01-01","retrieved":"2026-08-09"}]}},{"type":"Feature","geometry":{"type":"LineString","coordinates":[[35.053855,32.048723],[35.053787,32.048475],[35.051746,32.04804],[35.050831,32.048075],[35.049902,32.04811],[35.048837,32.048151],[35.04808,32.04818],[35.047797,32.04819]]},"properties":{"OBJECTID":256,"Status":"Projected","Type":"NA","IS_COUNTED":1,"Shape_Leng":600.286438972,"source_crs":"EPSG:32636","evidence":[{"source_id":"ocha_opt","title":"West Bank Separation Barrier (January 2018 alignment)","url":"https://www.ochaopt.org/page/datasets-and-mapping-tools","document_date":"2018-01-01","retrieved":"2026-08-09"}]}},{"type":"Feature","geometry":{"type":"LineString","coordinates":[[35.188911,31.881962],[35.188906,31.88192],[35.188914,31.881757],[35.188972,31.881637],[35.189072,31.881573],[35.189239,31.881542],[35.18935,31.881554]]},"properties":{"OBJECTID":258,"Status":"Constructed","Type":"Fence","IS_COUNTED":1,"Shape_Leng":75.7490491915,"source_crs":"EPSG:32636","evidence":[{"source_id":"ocha_opt","title":"West Bank Separation Barrier (January 2018 alignment)","url":"https://www.ochaopt.org/page/datasets-and-mapping-tools","document_date":"2018-01-01","retrieved":"2026-08-09"}]}},{"type":"Feature","geometry":{"type":"LineString","coordinates":[[35.3643,31.819481],[35.364499,31.818995],[35.364659,31.817516],[35.364548,31.816084],[35.364979,31.814929],[35.365815,31.814047],[35.365955,31.8139],[35.366215,31.813625]]},"properties":{"OBJECTID":259,"Status":"Projected","Type":"NA","IS_COUNTED":1,"Shape_Leng":701.572776415,"source_crs":"EPSG:32636","evidence":[{"source_id":"ocha_opt","title":"West Bank Separation Barrier (January 2018 alignment)","url":"https://www.ochaopt.org/page/datasets-and-mapping-tools","document_date":"2018-01-01","retrieved":"2026-08-09"}]}},{"type":"Feature","geometry":{"type":"LineString","coordinates":[[35.366215,31.813625],[35.366383,31.813449],[35.367734,31.812477],[35.368868,31.811367],[35.369569,31.810165],[35.369512,31.808779],[35.368852,31.807412]]},"properties":{"OBJECTID":260,"Status":"Projected","Type":"NA","IS_COUNTED":1,"Shape_Leng":822.506275839,"source_crs":"EPSG:32636","evidence":[{"source_id":"ocha_opt","title":"West Bank Separation Barrier (January 2018 alignment)","url":"https://www.ochaopt.org/page/datasets-and-mapping-tools","document_date":"2018-01-01","retrieved":"2026-08-09"}]}},{"type":"Feature","geometry":{"type":"LineString","coordinates":[[35.256298,31.718396],[35.256234,31.718297],[35.256045,31.718124],[35.255784,31.717923],[35.255534,31.717784],[35.25527,31.717679],[35.255004,31.717569],[35.254729,31.717512],[35.254338,31.717471],[35.254003,31.717472],[35.253717,31.717506]]},"properties":{"OBJECTID":261,"Status":"Constructed","Type":"Fence","IS_COUNTED":1,"Shape_Leng":279.203893241,"source_crs":"EPSG:32636","evidence":[{"source_id":"ocha_opt","title":"West Bank Separation Barrier (January 2018 alignment)","url":"https://www.ochaopt.org/page/datasets-and-mapping-tools","document_date":"2018-01-01","retrieved":"2026-08-09"}]}},{"type":"Feature","geometry":{"type":"LineString","coordinates":[[35.148013,31.735496],[35.148022,31.735484],[35.148026,31.73548],[35.148047,31.735453],[35.148048,31.735452],[35.148072,31.735424],[35.148072,31.735424],[35.148088,31.735406],[35.148088,31.735406],[35.148131,31.735361],[35.148149,31.735345],[35.148179,31.735321],[35.148208,31.735301],[35.148237,31.735284],[35.148281,31.735262],[35.148327,31.735242],[35.148366,31.735229],[35.148407,31.735216],[35.148496,31.735196],[35.148524,31.735191]]},"properties":{"OBJECTID":262,"Status":"Projected","Type":"NA","IS_COUNTED":1,"Shape_Leng":61.1599178523,"source_crs":"EPSG:32636","evidence":[{"source_id":"ocha_opt","title":"West Bank Separation Barrier (January 2018 alignment)","url":"https://www.ochaopt.org/page/datasets-and-mapping-tools","document_date":"2018-01-01","retrieved":"2026-08-09"}]}},{"type":"Feature","geometry":{"type":"LineString","coordinates":[[35.056766,31.669258],[35.056511,31.669289],[35.056155,31.669329],[35.055692,31.66935],[35.055068,31.669384],[35.054488,31.669398],[35.054159,31.669428],[35.053797,31.669452],[35.053258,31.669547],[35.052702,31.669671],[35.052382,31.669709],[35.052081,31.669752],[35.051852,31.669751],[35.051655,31.669673],[35.051384,31.669506],[35.051037,31.669225],[35.050652,31.668966],[35.050544,31.668863],[35.050495,31.668701],[35.050487,31.668563],[35.050506,31.66841],[35.050575,31.668256],[35.050667,31.668116],[35.050786,31.667957],[35.05086,31.667784],[35.050913,31.66763],[35.050953,31.667424],[35.050987,31.6672],[35.051091,31.666587],[35.051225,31.66585],[35.051337,31.665361],[35.051391,31.665024],[35.051433,31.664656],[35.051433,31.664364],[35.051414,31.66404],[35.051343,31.663827],[35.05134,31.663819]]},"properties":{"OBJECTID":263,"Status":"Constructed","Type":"Fence","IS_COUNTED":1,"Shape_Leng":1203.66815307,"source_crs":"EPSG:32636","evidence":[{"source_id":"ocha_opt","title":"West Bank Separation Barrier (January 2018 alignment)","url":"https://www.ochaopt.org/page/datasets-and-mapping-tools","document_date":"2018-01-01","retrieved":"2026-08-09"}]}},{"type":"Feature","geometry":{"type":"LineString","coordinates":[[35.084558,31.661742],[35.083602,31.661469],[35.083602,31.661469],[35.082424,31.661299],[35.081742,31.66137],[35.080622,31.661437],[35.080157,31.661587],[35.079913,31.661925],[35.078977,31.663611],[35.078515,31.664155],[35.077643,31.664468],[35.076926,31.664837],[35.0766,31.665236],[35.076554,31.66569],[35.076309,31.665987],[35.075773,31.666342],[35.075652,31.66634]]},"properties":{"OBJECTID":264,"Status":"Projected","Type":"NA","IS_COUNTED":1,"Shape_Leng":1142.94338639,"source_crs":"EPSG:32636","evidence":[{"source_id":"ocha_opt","title":"West Bank Separation Barrier (January 2018 alignment)","url":"https://www.ochaopt.org/page/datasets-and-mapping-tools","document_date":"2018-01-01","retrieved":"2026-08-09"}]}},{"type":"Feature","geometry":{"type":"LineString","coordinates":[[35.091217,31.661123],[35.090232,31.661188],[35.086561,31.66178],[35.084682,31.661778],[35.084558,31.661742]]},"properties":{"OBJECTID":265,"Status":"Projected","Type":"NA","IS_COUNTED":1,"Shape_Leng":638.619247025,"source_crs":"EPSG:32636","evidence":[{"source_id":"ocha_opt","title":"West Bank Separation Barrier (January 2018 alignment)","url":"https://www.ochaopt.org/page/datasets-and-mapping-tools","document_date":"2018-01-01","retrieved":"2026-08-09"}]}},{"type":"Feature","geometry":{"type":"LineString","coordinates":[[35.098071,31.656606],[35.097698,31.656742],[35.097061,31.657099],[35.096333,31.65765],[35.09433,31.659158],[35.093706,31.659492],[35.093098,31.660062],[35.091217,31.661123]]},"properties":{"OBJECTID":266,"Status":"Projected","Type":"NA","IS_COUNTED":1,"Shape_Leng":825.120559648,"source_crs":"EPSG:32636","evidence":[{"source_id":"ocha_opt","title":"West Bank Separation Barrier (January 2018 alignment)","url":"https://www.ochaopt.org/page/datasets-and-mapping-tools","document_date":"2018-01-01","retrieved":"2026-08-09"}]}},{"type":"Feature","geometry":{"type":"LineString","coordinates":[[35.156325,31.64708],[35.158419,31.64807],[35.159118,31.648399],[35.15952,31.648614],[35.159821,31.64865],[35.160106,31.648572],[35.160223,31.648414],[35.16029,31.648056],[35.160341,31.647118],[35.159195,31.64588],[35.158835,31.645794],[35.158433,31.645836],[35.157262,31.646258],[35.157011,31.646287],[35.156475,31.646151],[35.154767,31.645811],[35.154666,31.645611],[35.1546,31.645382],[35.154558,31.645167],[35.154583,31.644895],[35.156232,31.643464],[35.156676,31.643299],[35.157479,31.643128],[35.158795,31.642756],[35.159222,31.642298],[35.159557,31.641919],[35.160093,31.64096],[35.159984,31.640659],[35.159223,31.639984],[35.159081,31.639826],[35.159039,31.639669],[35.159098,31.639433],[35.160056,31.638626]]},"properties":{"OBJECTID":267,"Status":"Projected","Type":"NA","IS_COUNTED":1,"Shape_Leng":2335.20953415,"source_crs":"EPSG:32636","evidence":[{"source_id":"ocha_opt","title":"West Bank Separation Barrier (January 2018 alignment)","url":"https://www.ochaopt.org/page/datasets-and-mapping-tools","document_date":"2018-01-01","retrieved":"2026-08-09"}]}},{"type":"Feature","geometry":{"type":"LineString","coordinates":[[35.212185,31.860183],[35.212248,31.860207],[35.21237,31.860195],[35.212472,31.860242],[35.212583,31.860253],[35.212687,31.860285],[35.212775,31.860343],[35.212883,31.860327],[35.212957,31.860258],[35.212957,31.860259],[35.213,31.860269],[35.213068,31.860273],[35.213178,31.860257],[35.213288,31.860257],[35.213407,31.860258],[35.213518,31.86026],[35.213582,31.860337],[35.213633,31.860422],[35.213713,31.860483],[35.213818,31.860508],[35.213907,31.860565],[35.213955,31.860657],[35.213973,31.860752],[35.213993,31.860842],[35.21405,31.860922],[35.21405,31.861017],[35.21413,31.861107],[35.214097,31.861202],[35.214025,31.861273],[35.214078,31.861363],[35.214077,31.861465],[35.214152,31.861538],[35.21415,31.861645],[35.214187,31.861752],[35.214243,31.86184],[35.214298,31.861918],[35.214222,31.861985],[35.214212,31.862075],[35.214303,31.862148],[35.214313,31.862263],[35.214348,31.862373],[35.214347,31.862478],[35.214375,31.862572],[35.214382,31.862677],[35.214407,31.862778],[35.214427,31.86287],[35.214442,31.86296],[35.21446,31.863055],[35.214477,31.863155],[35.214475,31.863248],[35.214452,31.863345],[35.214435,31.863435],[35.214447,31.863525],[35.214443,31.863617],[35.214432,31.863712],[35.21443,31.863805],[35.214397,31.863902],[35.214357,31.86399],[35.214307,31.864072],[35.21425,31.86415],[35.214188,31.864225],[35.21411,31.864292],[35.214027,31.864355],[35.21393,31.864398],[35.213822,31.86442],[35.213717,31.864445],[35.213603,31.864437],[35.213493,31.864425],[35.213388,31.864407],[35.21328,31.864405],[35.213182,31.86436],[35.213075,31.864347],[35.21297,31.86431],[35.212858,31.864278],[35.21275,31.864268],[35.212645,31.864293],[35.21253,31.86432],[35.212422,31.864305],[35.212312,31.864312],[35.212217,31.864355],[35.212112,31.864385],[35.212005,31.864422],[35.211915,31.864492],[35.211812,31.864538],[35.211702,31.864578],[35.211602,31.864635],[35.2115,31.864685],[35.21139,31.864717],[35.211282,31.864762],[35.211188,31.86481],[35.21109,31.86485],[35.210983,31.86488],[35.210885,31.86493],[35.21079,31.864978],[35.210685,31.865017],[35.210577,31.865055],[35.210483,31.865102],[35.210412,31.865175],[35.210313,31.865232],[35.210217,31.865283],[35.210133,31.865347],[35.210033,31.8654],[35.209933,31.86545],[35.209837,31.865497],[35.20974,31.865543],[35.20964,31.86559],[35.20955,31.865648],[35.209443,31.86567],[35.209338,31.8657],[35.209257,31.865762],[35.209178,31.86583],[35.20909,31.865883],[35.209015,31.865948],[35.20891,31.865982],[35.20882,31.866033],[35.208742,31.866102],[35.208658,31.866162],[35.208558,31.866192],[35.208467,31.866245],[35.208373,31.866288],[35.208255,31.866298],[35.20818,31.866367],[35.208093,31.866437],[35.207998,31.86648],[35.207892,31.866488],[35.207812,31.866555],[35.207705,31.86657],[35.207607,31.866617],[35.207492,31.866662],[35.207417,31.866727],[35.207308,31.866737],[35.207212,31.866775],[35.207115,31.866812],[35.207027,31.866863],[35.206938,31.86693],[35.206833,31.866968],[35.206732,31.867017],[35.206638,31.867075],[35.206532,31.867107],[35.206425,31.867142],[35.20634,31.867207],[35.20625,31.867268],[35.206163,31.867323],[35.206078,31.867382],[35.20599,31.867448],[35.205923,31.867523],[35.205858,31.867597],[35.205792,31.867678],[35.205715,31.867753],[35.205632,31.867822],[35.20557,31.8679],[35.20552,31.867987],[35.205468,31.86807],[35.205428,31.868158],[35.20538,31.868245],[35.205343,31.86833],[35.205323,31.868425],[35.20531,31.86852],[35.205297,31.868617],[35.205237,31.868705],[35.205212,31.868793],[35.205125,31.868857],[35.205092,31.868945],[35.205075,31.869037],[35.205105,31.869133],[35.205183,31.869205],[35.205255,31.86928],[35.20533,31.869348],[35.20544,31.869373],[35.205545,31.869398],[35.205658,31.869417],[35.205773,31.869442],[35.205878,31.869467],[35.205982,31.869488],[35.20609,31.869522],[35.206188,31.869572],[35.206268,31.869637],[35.206372,31.86971]]},"properties":{"OBJECTID":272,"Status":"Constructed","Type":"Concrete","IS_COUNTED":1,"Shape_Leng":1868.63188927,"source_crs":"EPSG:32636","evidence":[{"source_id":"ocha_opt","title":"West Bank Separation Barrier (January 2018 alignment)","url":"https://www.ochaopt.org/page/datasets-and-mapping-tools","document_date":"2018-01-01","retrieved":"2026-08-09"}]}},{"type":"Feature","geometry":{"type":"LineString","coordinates":[[35.055573,32.249725],[35.055105,32.250153],[35.054767,32.250679],[35.053954,32.251049],[35.052286,32.251536],[35.051022,32.252047],[35.049581,32.253289],[35.04755,32.255521],[35.046709,32.256218],[35.045551,32.256801],[35.044037,32.257108],[35.042497,32.257073],[35.037381,32.256591],[35.033368,32.256181],[35.032775,32.256264],[35.031856,32.256576],[35.030573,32.257087],[35.030002,32.257349],[35.029628,32.257816],[35.029376,32.258295],[35.029302,32.258891],[35.029381,32.259291],[35.029855,32.260159],[35.03061,32.261113],[35.031028,32.261819],[35.031463,32.263268],[35.031578,32.263742],[35.031487,32.264338],[35.031088,32.265604],[35.030932,32.266603],[35.030863,32.267284],[35.031074,32.267901],[35.031728,32.270169],[35.031927,32.27155],[35.032062,32.272718],[35.032016,32.272958],[35.03154,32.273486],[35.030428,32.27453],[35.030221,32.274819],[35.030227,32.275091],[35.030338,32.27529],[35.030505,32.275459],[35.030742,32.275532],[35.031294,32.27559],[35.032367,32.275582],[35.032731,32.275538],[35.033218,32.275435],[35.035606,32.274694],[35.036097,32.274553],[35.036343,32.274511],[35.036568,32.274541],[35.036778,32.274614],[35.036944,32.27474],[35.037134,32.274951],[35.037446,32.275863],[35.038124,32.27778],[35.038333,32.278588],[35.03829,32.279161],[35.038228,32.279668],[35.038214,32.279766],[35.038277,32.279811],[35.038461,32.27987],[35.038719,32.27987],[35.038891,32.279896],[35.038919,32.279982]]},"properties":{"OBJECTID":273,"Status":"Constructed","Type":"Fence","IS_COUNTED":1,"Shape_Leng":6214.59346248,"source_crs":"EPSG:32636","evidence":[{"source_id":"ocha_opt","title":"West Bank Separation Barrier (January 2018 alignment)","url":"https://www.ochaopt.org/page/datasets-and-mapping-tools","document_date":"2018-01-01","retrieved":"2026-08-09"}]}},{"type":"Feature","geometry":{"type":"LineString","coordinates":[[35.016799,32.131451],[35.016745,32.13133],[35.016653,32.130757],[35.01668,32.130199],[35.016698,32.129454],[35.01675,32.128953],[35.016784,32.128595],[35.016835,32.128416],[35.016919,32.128238],[35.017063,32.128009],[35.017164,32.127801],[35.0173,32.127422],[35.017393,32.127122],[35.01741,32.126886],[35.017353,32.126245],[35.017488,32.125794],[35.017657,32.125415],[35.017944,32.125036],[35.018348,32.124858],[35.018785,32.12478],[35.019324,32.124702],[35.019736,32.124631],[35.020081,32.124638],[35.020375,32.124667],[35.020636,32.12466],[35.020889,32.124503],[35.021074,32.124332],[35.02157,32.12397],[35.021906,32.12377],[35.022285,32.123571],[35.022698,32.123464],[35.0229,32.123235],[35.023069,32.122849],[35.023306,32.122298],[35.023491,32.121933],[35.023601,32.121704],[35.023602,32.121482],[35.023577,32.12126],[35.023493,32.120981],[35.023284,32.120413],[35.023192,32.120112],[35.023176,32.119905],[35.023269,32.11969],[35.023513,32.119454],[35.023682,32.11919],[35.023775,32.118954],[35.023784,32.118653],[35.023717,32.118417],[35.023423,32.118023],[35.022825,32.11731],[35.020949,32.115536],[35.019452,32.114764],[35.016951,32.113621],[35.015375,32.113338],[35.014081,32.113564],[35.012709,32.114331],[35.011246,32.1151],[35.009798,32.115123],[35.008675,32.114858],[35.007152,32.114265],[35.005956,32.113436],[35.004084,32.112078],[35.002653,32.11151],[35.001534,32.11145],[35.000477,32.111441],[34.99943,32.111869],[34.997732,32.11295],[34.995115,32.114764],[34.994613,32.115312],[34.994426,32.116445],[34.994592,32.117137],[34.995268,32.11764],[34.996302,32.118009],[34.996708,32.118594],[34.996724,32.119339],[34.996345,32.119962],[34.996358,32.120578],[34.996776,32.121728],[34.997294,32.123269],[34.997393,32.1243],[34.997532,32.126158],[34.997613,32.127225],[34.997797,32.128029],[34.997989,32.12838],[34.998308,32.128645],[34.998687,32.128825],[34.999233,32.128969],[34.999746,32.129034],[35.001884,32.129324],[35.002312,32.129418],[35.002624,32.129447],[35.002901,32.129376],[35.003103,32.129247],[35.003588,32.128727],[35.004005,32.128505],[35.004304,32.128505],[35.004663,32.128594],[35.005617,32.128917],[35.007933,32.129641],[35.00963,32.12995],[35.009693,32.129971],[35.010253,32.130123],[35.010613,32.130456],[35.010701,32.130884],[35.01046,32.131394],[35.009966,32.131636],[35.009255,32.131971],[35.008991,32.132458],[35.008856,32.132993]]},"properties":{"OBJECTID":274,"Status":"Constructed","Type":"Fence","IS_COUNTED":1,"Shape_Leng":8365.77741902,"source_crs":"EPSG:32636","evidence":[{"source_id":"ocha_opt","title":"West Bank Separation Barrier (January 2018 alignment)","url":"https://www.ochaopt.org/page/datasets-and-mapping-tools","document_date":"2018-01-01","retrieved":"2026-08-09"}]}},{"type":"Feature","geometry":{"type":"LineString","coordinates":[[35.261854,31.782971],[35.261771,31.783069],[35.26186,31.783233],[35.261948,31.783515],[35.261948,31.783757],[35.262019,31.783922],[35.26214,31.784411]]},"properties":{"OBJECTID":276,"Status":"Constructed","Type":"","IS_COUNTED":1,"Shape_Leng":167.65307322,"source_crs":"EPSG:32636","evidence":[{"source_id":"ocha_opt","title":"West Bank Separation Barrier (January 2018 alignment)","url":"https://www.ochaopt.org/page/datasets-and-mapping-tools","document_date":"2018-01-01","retrieved":"2026-08-09"}]}},{"type":"Feature","geometry":{"type":"LineString","coordinates":[[35.014966,32.311577],[35.015476,32.311595],[35.01553,32.311584],[35.015744,32.311388],[35.015744,32.311254],[35.015729,32.31114],[35.015728,32.311048],[35.015733,32.310958],[35.015707,32.310718],[35.01583,32.310703],[35.016082,32.310693],[35.016128,32.3103],[35.016126,32.310039],[35.016111,32.309928],[35.016041,32.309895],[35.016041,32.309827],[35.0161,32.309792],[35.016089,32.309405],[35.016068,32.309063],[35.016077,32.30893],[35.016067,32.308418],[35.01607,32.30804],[35.01607,32.307918],[35.015974,32.307779],[35.015786,32.307469],[35.015766,32.307364],[35.015654,32.307011],[35.015576,32.306776],[35.015364,32.306138],[35.015341,32.306117],[35.015205,32.305745],[35.015125,32.305491],[35.015058,32.305265],[35.014926,32.304826],[35.015027,32.304786],[35.014892,32.304183],[35.014821,32.303715],[35.014777,32.303354],[35.014433,32.30338],[35.014424,32.3033],[35.013632,32.303431],[35.013728,32.303793],[35.013857,32.304496],[35.014019,32.305613],[35.014087,32.306249],[35.014093,32.306438],[35.013654,32.306956],[35.013602,32.306983],[35.013117,32.307051],[35.013018,32.307042]]},"properties":{"OBJECTID":277,"Status":"Constructed","Type":"Concrete","IS_COUNTED":1,"Shape_Leng":1626.40271438,"source_crs":"EPSG:32636","evidence":[{"source_id":"ocha_opt","title":"West Bank Separation Barrier (January 2018 alignment)","url":"https://www.ochaopt.org/page/datasets-and-mapping-tools","document_date":"2018-01-01","retrieved":"2026-08-09"}]}},{"type":"Feature","geometry":{"type":"LineString","coordinates":[[35.013018,32.307042],[35.013046,32.30701],[35.013103,32.306942],[35.013106,32.306796],[35.013106,32.306451],[35.013049,32.306073],[35.01287,32.305128],[35.012829,32.304813],[35.012782,32.30426],[35.012779,32.304091],[35.012801,32.303851],[35.012811,32.30367],[35.012814,32.303507],[35.012772,32.303181],[35.012764,32.303118],[35.012747,32.302988],[35.012731,32.302866],[35.012648,32.302512],[35.012633,32.302423],[35.012592,32.30218],[35.012544,32.301883],[35.012466,32.301453],[35.012395,32.301022],[35.012251,32.300415],[35.012166,32.300002],[35.012088,32.299571],[35.012018,32.299216],[35.01195,32.298932],[35.011117,32.296524],[35.010964,32.296112],[35.01094,32.295972],[35.010937,32.295844],[35.01099,32.295738],[35.011056,32.295626],[35.011143,32.295508],[35.011201,32.295326],[35.011169,32.295134],[35.011103,32.29496],[35.010903,32.29459],[35.010795,32.294352],[35.010715,32.294167],[35.010669,32.293963],[35.010622,32.293787]]},"properties":{"OBJECTID":278,"Status":"Constructed","Type":"Concrete","IS_COUNTED":1,"Shape_Leng":1510.03057358,"source_crs":"EPSG:32636","evidence":[{"source_id":"ocha_opt","title":"West Bank Separation Barrier (January 2018 alignment)","url":"https://www.ochaopt.org/page/datasets-and-mapping-tools","document_date":"2018-01-01","retrieved":"2026-08-09"}]}},{"type":"Feature","geometry":{"type":"LineString","coordinates":[[35.087449,32.175006],[35.087623,32.175126],[35.087851,32.175307],[35.088318,32.175577],[35.08857,32.175706],[35.088779,32.175822],[35.088907,32.175911],[35.088963,32.175961],[35.089013,32.17608],[35.089047,32.176149],[35.089563,32.176321],[35.089899,32.176552],[35.090395,32.1765]]},"properties":{"OBJECTID":281,"Status":"Constructed","Type":"","IS_COUNTED":1,"Shape_Leng":340.763135751,"source_crs":"EPSG:32636","evidence":[{"source_id":"ocha_opt","title":"West Bank Separation Barrier (January 2018 alignment)","url":"https://www.ochaopt.org/page/datasets-and-mapping-tools","document_date":"2018-01-01","retrieved":"2026-08-09"}]}},{"type":"Feature","geometry":{"type":"LineString","coordinates":[[35.005708,32.052257],[35.005814,32.052105],[35.005812,32.051975],[35.005826,32.051723],[35.005743,32.051595],[35.005602,32.051457],[35.005182,32.051149],[35.005001,32.051019],[35.0049,32.050912],[35.004781,32.050761],[35.004706,32.050633],[35.00465,32.050498],[35.004594,32.050196],[35.004638,32.049998],[35.004972,32.049716]]},"properties":{"OBJECTID":284,"Status":"Constructed","Type":"","IS_COUNTED":1,"Shape_Leng":341.065088486,"source_crs":"EPSG:32636","evidence":[{"source_id":"ocha_opt","title":"West Bank Separation Barrier (January 2018 alignment)","url":"https://www.ochaopt.org/page/datasets-and-mapping-tools","document_date":"2018-01-01","retrieved":"2026-08-09"}]}},{"type":"Feature","geometry":{"type":"LineString","coordinates":[[35.18682,31.723872],[35.186851,31.723769],[35.186926,31.723539],[35.18695,31.723462],[35.18699,31.723376],[35.187055,31.72328],[35.187121,31.723209],[35.187182,31.723147],[35.187225,31.723102],[35.187255,31.723063],[35.187272,31.723032],[35.187284,31.722996],[35.187301,31.722934],[35.187307,31.722895],[35.1873,31.722839],[35.18729,31.722801],[35.187257,31.722749],[35.187226,31.722704],[35.187197,31.722661],[35.187171,31.722638],[35.187135,31.722613],[35.187065,31.722592],[35.187013,31.722583],[35.186961,31.722576],[35.186874,31.722588],[35.186807,31.7226],[35.186778,31.722604],[35.186745,31.722618],[35.186717,31.722639],[35.186661,31.722661],[35.186578,31.722691],[35.186301,31.722803],[35.186267,31.722811],[35.186244,31.722819],[35.186157,31.722857],[35.186139,31.722844],[35.186032,31.722721],[35.18593,31.722595],[35.185823,31.722459],[35.185821,31.722444],[35.185844,31.722407],[35.185865,31.722367],[35.185871,31.722318],[35.185874,31.722278],[35.185863,31.722236],[35.185861,31.722213],[35.185844,31.72218],[35.185822,31.722146],[35.185792,31.722115],[35.185765,31.722092],[35.185745,31.722074],[35.185677,31.722039],[35.185619,31.722024],[35.185577,31.722018],[35.185525,31.722013],[35.185449,31.722027],[35.185371,31.722047],[35.185352,31.721994],[35.185314,31.721926],[35.185249,31.72184],[35.185218,31.721798],[35.185164,31.72175],[35.185117,31.721713],[35.185046,31.721665],[35.185013,31.721639],[35.184925,31.721566],[35.18477,31.721376],[35.184634,31.721209],[35.184568,31.721127],[35.184543,31.721102],[35.184469,31.721011],[35.184429,31.720964],[35.184349,31.720816],[35.184275,31.720667],[35.184271,31.72063],[35.18427,31.720564],[35.184261,31.720545],[35.184251,31.72053],[35.184189,31.720465],[35.184136,31.720406],[35.184051,31.720371],[35.183995,31.720343],[35.183849,31.720215],[35.183715,31.7201],[35.183689,31.720076],[35.183648,31.720034],[35.183601,31.719978],[35.183541,31.71991],[35.183456,31.719817],[35.183364,31.719714],[35.183272,31.719618],[35.183203,31.719548],[35.183134,31.719482],[35.183089,31.719439],[35.182976,31.719321],[35.182867,31.719219],[35.182762,31.719102],[35.182662,31.719005],[35.182565,31.718911],[35.18238,31.71873],[35.18229,31.71864],[35.182182,31.718528],[35.182005,31.718347],[35.181893,31.718235],[35.181662,31.718008],[35.181592,31.717932],[35.181532,31.717888],[35.181474,31.71786],[35.18135,31.717827],[35.181282,31.717814],[35.181237,31.7178],[35.181116,31.717772],[35.181057,31.717739],[35.180955,31.717674],[35.180884,31.717625],[35.180817,31.717586],[35.18073,31.717558],[35.180637,31.717545],[35.180561,31.717558],[35.180464,31.717587],[35.180385,31.717647],[35.180339,31.717705],[35.180301,31.71778],[35.180292,31.717828],[35.180286,31.717887],[35.180343,31.718028],[35.180398,31.718094],[35.180506,31.718155],[35.180714,31.71825],[35.180777,31.718284],[35.180824,31.718299],[35.180954,31.718367],[35.181092,31.718484],[35.181195,31.718628],[35.181225,31.718654]]},"properties":{"OBJECTID":286,"Status":"Constructed","Type":"Concrete","IS_COUNTED":1,"Shape_Leng":1267.6129135,"source_crs":"EPSG:32636","evidence":[{"source_id":"ocha_opt","title":"West Bank Separation Barrier (January 2018 alignment)","url":"https://www.ochaopt.org/page/datasets-and-mapping-tools","document_date":"2018-01-01","retrieved":"2026-08-09"}]}},{"type":"Feature","geometry":{"type":"LineString","coordinates":[[35.133314,31.871602],[35.13318,31.871703],[35.132996,31.87189],[35.133204,31.872457],[35.13193,31.87326],[35.130882,31.873964],[35.129548,31.874792],[35.129216,31.875012],[35.129428,31.87517]]},"properties":{"OBJECTID":287,"Status":"Constructed","Type":"Fence","IS_COUNTED":1,"Shape_Leng":608.556806225,"source_crs":"EPSG:32636","evidence":[{"source_id":"ocha_opt","title":"West Bank Separation Barrier (January 2018 alignment)","url":"https://www.ochaopt.org/page/datasets-and-mapping-tools","document_date":"2018-01-01","retrieved":"2026-08-09"}]}},{"type":"Feature","geometry":{"type":"LineString","coordinates":[[35.187428,31.724246],[35.187333,31.724193],[35.187277,31.724159],[35.187241,31.724137],[35.187225,31.724165],[35.187175,31.724127],[35.187099,31.72407],[35.186994,31.72399],[35.186918,31.723933],[35.18687,31.723904],[35.18682,31.723872]]},"properties":{"OBJECTID":288,"Status":"Constructed","Type":"Concrete","IS_COUNTED":1,"Shape_Leng":75.3296477663,"source_crs":"EPSG:32636","evidence":[{"source_id":"ocha_opt","title":"West Bank Separation Barrier (January 2018 alignment)","url":"https://www.ochaopt.org/page/datasets-and-mapping-tools","document_date":"2018-01-01","retrieved":"2026-08-09"}]}},{"type":"Feature","geometry":{"type":"LineString","coordinates":[[35.184442,31.721605],[35.184427,31.721807],[35.184421,31.721998],[35.184455,31.722165],[35.184458,31.722234],[35.18453,31.722366],[35.184672,31.722547],[35.184519,31.722631],[35.184301,31.722707],[35.184039,31.722697],[35.183909,31.722631],[35.183813,31.722466],[35.183723,31.721996],[35.183668,31.721666],[35.183648,31.721258],[35.183539,31.72116],[35.183383,31.721077],[35.183193,31.721105],[35.182808,31.721578],[35.182579,31.721762],[35.182294,31.721843],[35.181937,31.721847],[35.18154,31.721876],[35.180669,31.721818],[35.180626,31.721782]]},"properties":{"OBJECTID":289,"Status":"Constructed","Type":"Fence","IS_COUNTED":1,"Shape_Leng":677.668329552,"source_crs":"EPSG:32636","evidence":[{"source_id":"ocha_opt","title":"West Bank Separation Barrier (January 2018 alignment)","url":"https://www.ochaopt.org/page/datasets-and-mapping-tools","document_date":"2018-01-01","retrieved":"2026-08-09"}]}},{"type":"Feature","geometry":{"type":"LineString","coordinates":[[35.180626,31.721782],[35.180294,31.721505],[35.180209,31.721511],[35.180109,31.721519],[35.179427,31.721472],[35.179196,31.721529],[35.178941,31.72154],[35.178577,31.721683]]},"properties":{"OBJECTID":290,"Status":"Projected","Type":"NA","IS_COUNTED":1,"Shape_Leng":211.436607772,"source_crs":"EPSG:32636","evidence":[{"source_id":"ocha_opt","title":"West Bank Separation Barrier (January 2018 alignment)","url":"https://www.ochaopt.org/page/datasets-and-mapping-tools","document_date":"2018-01-01","retrieved":"2026-08-09"}]}},{"type":"Feature","geometry":{"type":"LineString","coordinates":[[35.112662,31.372559],[35.113561,31.372819],[35.114404,31.371],[35.113229,31.370755]]},"properties":{"OBJECTID":291,"Status":"Constructed","Type":"Fence","IS_COUNTED":1,"Shape_Leng":422.355405181,"source_crs":"EPSG:32636","evidence":[{"source_id":"ocha_opt","title":"West Bank Separation Barrier (January 2018 alignment)","url":"https://www.ochaopt.org/page/datasets-and-mapping-tools","document_date":"2018-01-01","retrieved":"2026-08-09"}]}},{"type":"Feature","geometry":{"type":"LineString","coordinates":[[35.047411,32.034989],[35.047151,32.035125],[35.046183,32.035768],[35.045967,32.035878],[35.045802,32.036028],[35.0456,32.03626],[35.045435,32.036531],[35.04523,32.036879],[35.045116,32.03712],[35.044994,32.03729],[35.04485,32.037441],[35.04477,32.037502],[35.044601,32.037718],[35.044415,32.037913],[35.044232,32.038147],[35.044156,32.038315],[35.043783,32.039014],[35.043751,32.039161],[35.043739,32.039312],[35.043745,32.039424],[35.0438,32.039596],[35.043902,32.039846],[35.043976,32.039941],[35.044058,32.039992],[35.044159,32.040018],[35.044268,32.040027],[35.044558,32.040069],[35.044753,32.040148],[35.044846,32.040227],[35.045001,32.040423],[35.045063,32.040567],[35.045152,32.04091],[35.045171,32.041097],[35.04516,32.041239],[35.045131,32.041437],[35.044985,32.041817],[35.044986,32.041895],[35.044996,32.042052],[35.045043,32.042235],[35.045079,32.042406],[35.045114,32.042587],[35.045107,32.042676],[35.045016,32.043474],[35.045017,32.04361],[35.045075,32.044096],[35.044464,32.044089],[35.044332,32.044114],[35.044232,32.04415],[35.044118,32.044233],[35.044006,32.044381],[35.043957,32.044417],[35.043826,32.04444],[35.043393,32.044544],[35.042938,32.044705],[35.042489,32.04482],[35.042163,32.044891]]},"properties":{"OBJECTID":292,"Status":"Constructed","Type":"Fence","IS_COUNTED":1,"Shape_Leng":1512.03534756,"source_crs":"EPSG:32636","evidence":[{"source_id":"ocha_opt","title":"West Bank Separation Barrier (January 2018 alignment)","url":"https://www.ochaopt.org/page/datasets-and-mapping-tools","document_date":"2018-01-01","retrieved":"2026-08-09"}]}},{"type":"Feature","geometry":{"type":"LineString","coordinates":[[35.335272,31.756178],[35.33479,31.756116],[35.334413,31.756009],[35.33414,31.755678],[35.334077,31.755356],[35.334003,31.755132],[35.333866,31.75447],[35.33352,31.754005],[35.333205,31.753657],[35.332765,31.753523],[35.332493,31.753353],[35.331906,31.753273],[35.331351,31.753167],[35.33067,31.753122],[35.330209,31.752783],[35.33002,31.752416],[35.3298,31.75213],[35.329517,31.751862],[35.329181,31.751728],[35.328584,31.751729],[35.328061,31.751935],[35.327611,31.752061],[35.327433,31.752168],[35.327203,31.752258]]},"properties":{"OBJECTID":293,"Status":"Projected","Type":"Fence","IS_COUNTED":1,"Shape_Leng":1042.25431128,"source_crs":"EPSG:32636","evidence":[{"source_id":"ocha_opt","title":"West Bank Separation Barrier (January 2018 alignment)","url":"https://www.ochaopt.org/page/datasets-and-mapping-tools","document_date":"2018-01-01","retrieved":"2026-08-09"}]}},{"type":"Feature","geometry":{"type":"LineString","coordinates":[[35.154991,31.734968],[35.154866,31.734586],[35.154871,31.734318],[35.15496,31.73404],[35.154924,31.733692],[35.154848,31.733584],[35.154684,31.733491],[35.154424,31.733352],[35.154151,31.733385],[35.153667,31.733465],[35.152766,31.733843]]},"properties":{"OBJECTID":294,"Status":"Under Construction","Type":"Concrete","IS_COUNTED":1,"Shape_Leng":374.134876584,"source_crs":"EPSG:32636","evidence":[{"source_id":"ocha_opt","title":"West Bank Separation Barrier (January 2018 alignment)","url":"https://www.ochaopt.org/page/datasets-and-mapping-tools","document_date":"2018-01-01","retrieved":"2026-08-09"}]}},{"type":"Feature","geometry":{"type":"LineString","coordinates":[[35.148524,31.735191],[35.148529,31.73519],[35.148593,31.735181],[35.148663,31.735173],[35.148663,31.735173],[35.148765,31.735165],[35.148766,31.735165],[35.148887,31.73516],[35.148916,31.735158],[35.149016,31.735155]]},"properties":{"OBJECTID":295,"Status":"Under Construction","Type":"Concrete","IS_COUNTED":1,"Shape_Leng":46.8658321694,"source_crs":"EPSG:32636","evidence":[{"source_id":"ocha_opt","title":"West Bank Separation Barrier (January 2018 alignment)","url":"https://www.ochaopt.org/page/datasets-and-mapping-tools","document_date":"2018-01-01","retrieved":"2026-08-09"}]}}]}