{"type":"FeatureCollection","features":[{"type":"Feature","geometry":{"type":"Point","coordinates":[35.212391,31.408109]},"properties":{"locality_id":"503265","name":"An Najada","names":{"primary":"An Najada","arabic":"النَجادَة"},"district":"Hebron","subdistrict":null,"pop_1945_total":null,"pop_1945_palestinian":null,"in_east_jerusalem":false,"oslo_area":"C","population":[{"year":2017,"value":449,"source_id":"ocha_opt"}],"depopulated_1948":false,"depopulated_date":null,"status_now":null,"group_1945":null,"group_now":null,"mechanism":null,"references":{},"evidence":[{"source_id":"ocha_opt","title":"State of Palestine - Palestinian Communities in the West Bank and the Gaza Strip","url":"https://www.ochaopt.org/page/datasets-and-mapping-tools","document_date":"2019-07-17","retrieved":"2026-08-09"}]}},{"type":"Feature","geometry":{"type":"Point","coordinates":[34.986829,31.488873]},"properties":{"locality_id":"502875","name":"Fuqeiqis","names":{"primary":"Fuqeiqis","arabic":"فْقِيقِيس"},"district":"Hebron","subdistrict":null,"pop_1945_total":null,"pop_1945_palestinian":null,"in_east_jerusalem":false,"oslo_area":"C","population":[{"year":2017,"value":278,"source_id":"ocha_opt"}],"depopulated_1948":false,"depopulated_date":null,"status_now":null,"group_1945":null,"group_now":null,"mechanism":null,"references":{},"evidence":[{"source_id":"ocha_opt","title":"State of Palestine - Palestinian Communities in the West Bank and the Gaza Strip","url":"https://www.ochaopt.org/page/datasets-and-mapping-tools","document_date":"2019-07-17","retrieved":"2026-08-09"}]}},{"type":"Feature","geometry":{"type":"Point","coordinates":[35.156544,31.464603]},"properties":{"locality_id":"503005","name":"Al Buweib","names":{"primary":"Al Buweib","arabic":"البُوَيْب"},"district":"Hebron","subdistrict":null,"pop_1945_total":null,"pop_1945_palestinian":null,"in_east_jerusalem":false,"oslo_area":"C","population":[{"year":2017,"value":734,"source_id":"ocha_opt"}],"depopulated_1948":false,"depopulated_date":null,"status_now":null,"group_1945":null,"group_now":null,"mechanism":null,"references":{},"evidence":[{"source_id":"ocha_opt","title":"State of Palestine - Palestinian Communities in the West Bank and the Gaza Strip","url":"https://www.ochaopt.org/page/datasets-and-mapping-tools","document_date":"2019-07-17","retrieved":"2026-08-09"}]}},{"type":"Feature","geometry":{"type":"Point","coordinates":[35.153664,32.468174]},"properties":{"locality_id":"10145","name":"Tura al Gharbiya","names":{"primary":"Tura al Gharbiya","arabic":"طورة الغَرْبِيَّة"},"district":"Jenin","subdistrict":null,"pop_1945_total":null,"pop_1945_palestinian":null,"in_east_jerusalem":false,"oslo_area":"A","population":[{"year":2017,"value":1053,"source_id":"ocha_opt"}],"depopulated_1948":false,"depopulated_date":null,"status_now":null,"group_1945":null,"group_now":null,"mechanism":null,"references":{},"evidence":[{"source_id":"ocha_opt","title":"State of Palestine - Palestinian Communities in the West Bank and the Gaza Strip","url":"https://www.ochaopt.org/page/datasets-and-mapping-tools","document_date":"2019-07-17","retrieved":"2026-08-09"}]}},{"type":"Feature","geometry":{"type":"Point","coordinates":[35.066308,31.393816]},"properties":{"locality_id":"503320","name":"As Samu'","names":{"primary":"As Samu'","arabic":"السَمُوع"},"district":"Hebron","subdistrict":null,"pop_1945_total":null,"pop_1945_palestinian":null,"in_east_jerusalem":false,"oslo_area":"A","population":[{"year":2017,"value":22395,"source_id":"ocha_opt"}],"depopulated_1948":false,"depopulated_date":null,"status_now":null,"group_1945":null,"group_now":null,"mechanism":null,"references":{},"evidence":[{"source_id":"ocha_opt","title":"State of Palestine - Palestinian Communities in the West Bank and the Gaza Strip","url":"https://www.ochaopt.org/page/datasets-and-mapping-tools","document_date":"2019-07-17","retrieved":"2026-08-09"}]}},{"type":"Feature","geometry":{"type":"Point","coordinates":[35.529904,32.172726]},"properties":{"locality_id":"351110","name":"Az Zubeidat","names":{"primary":"Az Zubeidat","arabic":"الزُبَيْدات"},"district":"Jericho","subdistrict":null,"pop_1945_total":null,"pop_1945_palestinian":null,"in_east_jerusalem":false,"oslo_area":"A","population":[{"year":2017,"value":1679,"source_id":"ocha_opt"}],"depopulated_1948":false,"depopulated_date":null,"status_now":null,"group_1945":null,"group_now":null,"mechanism":null,"references":{},"evidence":[{"source_id":"ocha_opt","title":"State of Palestine - Palestinian Communities in the West Bank and the Gaza Strip","url":"https://www.ochaopt.org/page/datasets-and-mapping-tools","document_date":"2019-07-17","retrieved":"2026-08-09"}]}},{"type":"Feature","geometry":{"type":"Point","coordinates":[35.436968,32.26264]},"properties":{"locality_id":"50790","name":"Khirbet 'Atuf","names":{"primary":"Khirbet 'Atuf","arabic":"خِرْبِة عَاطُوف"},"district":"Tubas","subdistrict":null,"pop_1945_total":null,"pop_1945_palestinian":null,"in_east_jerusalem":false,"oslo_area":"A","population":[{"year":2017,"value":216,"source_id":"ocha_opt"}],"depopulated_1948":false,"depopulated_date":null,"status_now":null,"group_1945":null,"group_now":null,"mechanism":null,"references":{},"evidence":[{"source_id":"ocha_opt","title":"State of Palestine - Palestinian Communities in the West Bank and the Gaza Strip","url":"https://www.ochaopt.org/page/datasets-and-mapping-tools","document_date":"2019-07-17","retrieved":"2026-08-09"}]}},{"type":"Feature","geometry":{"type":"Point","coordinates":[35.271679,31.690408]},"properties":{"locality_id":"452285","name":"Ash Shawawra","names":{"primary":"Ash Shawawra","arabic":"أشَّواورَة"},"district":"Bethlehem","subdistrict":null,"pop_1945_total":null,"pop_1945_palestinian":null,"in_east_jerusalem":false,"oslo_area":"A","population":[{"year":2017,"value":3779,"source_id":"ocha_opt"}],"depopulated_1948":false,"depopulated_date":null,"status_now":null,"group_1945":null,"group_now":null,"mechanism":null,"references":{},"evidence":[{"source_id":"ocha_opt","title":"State of Palestine - Palestinian Communities in the West Bank and the Gaza Strip","url":"https://www.ochaopt.org/page/datasets-and-mapping-tools","document_date":"2019-07-17","retrieved":"2026-08-09"}]}},{"type":"Feature","geometry":{"type":"Point","coordinates":[34.914397,31.378514]},"properties":{"locality_id":"503335","name":"Ar Ramadin","names":{"primary":"Ar Ramadin","arabic":"الرَماضِين"},"district":"Hebron","subdistrict":null,"pop_1945_total":null,"pop_1945_palestinian":null,"in_east_jerusalem":false,"oslo_area":"A","population":[{"year":2017,"value":4150,"source_id":"ocha_opt"}],"depopulated_1948":false,"depopulated_date":null,"status_now":null,"group_1945":null,"group_now":null,"mechanism":null,"references":{},"evidence":[{"source_id":"ocha_opt","title":"State of Palestine - Palestinian Communities in the West Bank and the Gaza Strip","url":"https://www.ochaopt.org/page/datasets-and-mapping-tools","document_date":"2019-07-17","retrieved":"2026-08-09"}]}},{"type":"Feature","geometry":{"type":"Point","coordinates":[34.927604,31.397774]},"properties":{"locality_id":"503295","name":"Anab al Kabir","names":{"primary":"Anab al Kabir","arabic":"عِنَّاب الكَبِير"},"district":"Hebron","subdistrict":null,"pop_1945_total":null,"pop_1945_palestinian":null,"in_east_jerusalem":false,"oslo_area":"A","population":[],"depopulated_1948":false,"depopulated_date":null,"status_now":null,"group_1945":null,"group_now":null,"mechanism":null,"references":{},"evidence":[{"source_id":"ocha_opt","title":"State of Palestine - Palestinian Communities in the West Bank and the Gaza Strip","url":"https://www.ochaopt.org/page/datasets-and-mapping-tools","document_date":"2019-07-17","retrieved":"2026-08-09"}]}},{"type":"Feature","geometry":{"type":"Point","coordinates":[35.211685,31.389871]},"properties":{"locality_id":"503325","name":"Khirbet Tawil ash Shih","names":{"primary":"Khirbet Tawil ash Shih","arabic":"خِرْبِة طَويل الشِيح"},"district":"Hebron","subdistrict":null,"pop_1945_total":null,"pop_1945_palestinian":null,"in_east_jerusalem":false,"oslo_area":"C","population":[{"year":2017,"value":301,"source_id":"ocha_opt"}],"depopulated_1948":false,"depopulated_date":null,"status_now":null,"group_1945":null,"group_now":null,"mechanism":null,"references":{},"evidence":[{"source_id":"ocha_opt","title":"State of Palestine - Palestinian Communities in the West Bank and the Gaza Strip","url":"https://www.ochaopt.org/page/datasets-and-mapping-tools","document_date":"2019-07-17","retrieved":"2026-08-09"}]}},{"type":"Feature","geometry":{"type":"Point","coordinates":[34.916995,31.435244]},"properties":{"locality_id":"503170","name":"Al Burj","names":{"primary":"Al Burj","arabic":"البُرْج"},"district":"Hebron","subdistrict":null,"pop_1945_total":null,"pop_1945_palestinian":null,"in_east_jerusalem":false,"oslo_area":"A","population":[{"year":2017,"value":3205,"source_id":"ocha_opt"}],"depopulated_1948":false,"depopulated_date":null,"status_now":null,"group_1945":null,"group_now":null,"mechanism":null,"references":{},"evidence":[{"source_id":"ocha_opt","title":"State of Palestine - Palestinian Communities in the West Bank and the Gaza Strip","url":"https://www.ochaopt.org/page/datasets-and-mapping-tools","document_date":"2019-07-17","retrieved":"2026-08-09"}]}},{"type":"Feature","geometry":{"type":"Point","coordinates":[34.999035,31.440666]},"properties":{"locality_id":"503135","name":"Kurza","names":{"primary":"Kurza","arabic":"كُرْزَة"},"district":"Hebron","subdistrict":null,"pop_1945_total":null,"pop_1945_palestinian":null,"in_east_jerusalem":false,"oslo_area":"A","population":[{"year":2017,"value":943,"source_id":"ocha_opt"}],"depopulated_1948":false,"depopulated_date":null,"status_now":null,"group_1945":null,"group_now":null,"mechanism":null,"references":{},"evidence":[{"source_id":"ocha_opt","title":"State of Palestine - Palestinian Communities in the West Bank and the Gaza Strip","url":"https://www.ochaopt.org/page/datasets-and-mapping-tools","document_date":"2019-07-17","retrieved":"2026-08-09"}]}},{"type":"Feature","geometry":{"type":"Point","coordinates":[35.131552,31.426041]},"properties":{"locality_id":"503215","name":"Al Karmil","names":{"primary":"Al Karmil","arabic":"الكَرْمِل"},"district":"Hebron","subdistrict":null,"pop_1945_total":null,"pop_1945_palestinian":null,"in_east_jerusalem":false,"oslo_area":"A","population":[{"year":2017,"value":6146,"source_id":"ocha_opt"}],"depopulated_1948":false,"depopulated_date":null,"status_now":null,"group_1945":null,"group_now":null,"mechanism":null,"references":{},"evidence":[{"source_id":"ocha_opt","title":"State of Palestine - Palestinian Communities in the West Bank and the Gaza Strip","url":"https://www.ochaopt.org/page/datasets-and-mapping-tools","document_date":"2019-07-17","retrieved":"2026-08-09"}]}},{"type":"Feature","geometry":{"type":"Point","coordinates":[35.115548,31.419785]},"properties":{"locality_id":"503225","name":"Khallet Salih","names":{"primary":"Khallet Salih","arabic":"خَلِّةْ صَالِح"},"district":"Hebron","subdistrict":null,"pop_1945_total":null,"pop_1945_palestinian":null,"in_east_jerusalem":false,"oslo_area":"A","population":[{"year":2017,"value":1157,"source_id":"ocha_opt"}],"depopulated_1948":false,"depopulated_date":null,"status_now":null,"group_1945":null,"group_now":null,"mechanism":null,"references":{},"evidence":[{"source_id":"ocha_opt","title":"State of Palestine - Palestinian Communities in the West Bank and the Gaza Strip","url":"https://www.ochaopt.org/page/datasets-and-mapping-tools","document_date":"2019-07-17","retrieved":"2026-08-09"}]}},{"type":"Feature","geometry":{"type":"Point","coordinates":[34.975276,31.415111]},"properties":{"locality_id":"503245","name":"Adh Dhahiriya","names":{"primary":"Adh Dhahiriya","arabic":"الظَاهِرِيَّة"},"district":"Hebron","subdistrict":null,"pop_1945_total":null,"pop_1945_palestinian":null,"in_east_jerusalem":false,"oslo_area":"A","population":[{"year":2017,"value":35924,"source_id":"ocha_opt"}],"depopulated_1948":false,"depopulated_date":null,"status_now":null,"group_1945":null,"group_now":null,"mechanism":null,"references":{},"evidence":[{"source_id":"ocha_opt","title":"State of Palestine - Palestinian Communities in the West Bank and the Gaza Strip","url":"https://www.ochaopt.org/page/datasets-and-mapping-tools","document_date":"2019-07-17","retrieved":"2026-08-09"}]}},{"type":"Feature","geometry":{"type":"Point","coordinates":[35.34357,31.809077]},"properties":{"locality_id":"999759","name":"Khan Al Ahmar - Wadi As Sider","names":{"primary":"Khan Al Ahmar - Wadi As Sider"},"district":"Jerusalem","subdistrict":null,"pop_1945_total":null,"pop_1945_palestinian":null,"in_east_jerusalem":false,"oslo_area":"C","population":[],"depopulated_1948":false,"depopulated_date":null,"status_now":null,"group_1945":null,"group_now":null,"mechanism":null,"references":{},"evidence":[{"source_id":"ocha_opt","title":"State of Palestine - Palestinian Communities in the West Bank and the Gaza Strip","url":"https://www.ochaopt.org/page/datasets-and-mapping-tools","document_date":"2019-07-17","retrieved":"2026-08-09"}]}},{"type":"Feature","geometry":{"type":"Point","coordinates":[35.156344,31.43622]},"properties":{"locality_id":"503150","name":"Umm Lasafa","names":{"primary":"Umm Lasafa","arabic":"أمُّ لصَفَا"},"district":"Hebron","subdistrict":null,"pop_1945_total":null,"pop_1945_palestinian":null,"in_east_jerusalem":false,"oslo_area":"A","population":[{"year":2017,"value":1648,"source_id":"ocha_opt"}],"depopulated_1948":false,"depopulated_date":null,"status_now":null,"group_1945":null,"group_now":null,"mechanism":null,"references":{},"evidence":[{"source_id":"ocha_opt","title":"State of Palestine - Palestinian Communities in the West Bank and the Gaza Strip","url":"https://www.ochaopt.org/page/datasets-and-mapping-tools","document_date":"2019-07-17","retrieved":"2026-08-09"}]}},{"type":"Feature","geometry":{"type":"Point","coordinates":[34.952121,31.480676]},"properties":{"locality_id":"502910","name":"Al Majd","names":{"primary":"Al Majd","arabic":"المَجْد"},"district":"Hebron","subdistrict":null,"pop_1945_total":null,"pop_1945_palestinian":null,"in_east_jerusalem":false,"oslo_area":"A","population":[{"year":2017,"value":1993,"source_id":"ocha_opt"}],"depopulated_1948":false,"depopulated_date":null,"status_now":null,"group_1945":null,"group_now":null,"mechanism":null,"references":{},"evidence":[{"source_id":"ocha_opt","title":"State of Palestine - Palestinian Communities in the West Bank and the Gaza Strip","url":"https://www.ochaopt.org/page/datasets-and-mapping-tools","document_date":"2019-07-17","retrieved":"2026-08-09"}]}},{"type":"Feature","geometry":{"type":"Point","coordinates":[34.944975,31.473251]},"properties":{"locality_id":"502925","name":"Deir al 'Asal at Tahta","names":{"primary":"Deir al 'Asal at Tahta","arabic":"دِير العَسَل التَحْتَا"},"district":"Hebron","subdistrict":null,"pop_1945_total":null,"pop_1945_palestinian":null,"in_east_jerusalem":false,"oslo_area":"A","population":[{"year":2017,"value":616,"source_id":"ocha_opt"}],"depopulated_1948":false,"depopulated_date":null,"status_now":null,"group_1945":null,"group_now":null,"mechanism":null,"references":{},"evidence":[{"source_id":"ocha_opt","title":"State of Palestine - Palestinian Communities in the West Bank and the Gaza Strip","url":"https://www.ochaopt.org/page/datasets-and-mapping-tools","document_date":"2019-07-17","retrieved":"2026-08-09"}]}},{"type":"Feature","geometry":{"type":"Point","coordinates":[34.938436,31.467703]},"properties":{"locality_id":"502970","name":"Deir al 'Asal al Fauqa","names":{"primary":"Deir al 'Asal al Fauqa","arabic":"دِير العَسَل الفُوقا"},"district":"Hebron","subdistrict":null,"pop_1945_total":null,"pop_1945_palestinian":null,"in_east_jerusalem":false,"oslo_area":"A","population":[{"year":2017,"value":1859,"source_id":"ocha_opt"}],"depopulated_1948":false,"depopulated_date":null,"status_now":null,"group_1945":null,"group_now":null,"mechanism":null,"references":{},"evidence":[{"source_id":"ocha_opt","title":"State of Palestine - Palestinian Communities in the West Bank and the Gaza Strip","url":"https://www.ochaopt.org/page/datasets-and-mapping-tools","document_date":"2019-07-17","retrieved":"2026-08-09"}]}},{"type":"Feature","geometry":{"type":"Point","coordinates":[34.936499,31.462859]},"properties":{"locality_id":"503010","name":"Beit ar Rush at Tahta","names":{"primary":"Beit ar Rush at Tahta","arabic":"بِيت الرُوشْ التَحْتَا"},"district":"Hebron","subdistrict":null,"pop_1945_total":null,"pop_1945_palestinian":null,"in_east_jerusalem":false,"oslo_area":"A","population":[{"year":2017,"value":428,"source_id":"ocha_opt"}],"depopulated_1948":false,"depopulated_date":null,"status_now":null,"group_1945":null,"group_now":null,"mechanism":null,"references":{},"evidence":[{"source_id":"ocha_opt","title":"State of Palestine - Palestinian Communities in the West Bank and the Gaza Strip","url":"https://www.ochaopt.org/page/datasets-and-mapping-tools","document_date":"2019-07-17","retrieved":"2026-08-09"}]}},{"type":"Feature","geometry":{"type":"Point","coordinates":[34.943336,31.491429]},"properties":{"locality_id":"502860","name":"Sikka","names":{"primary":"Sikka","arabic":"سِكَّة"},"district":"Hebron","subdistrict":null,"pop_1945_total":null,"pop_1945_palestinian":null,"in_east_jerusalem":false,"oslo_area":"A","population":[{"year":2017,"value":914,"source_id":"ocha_opt"}],"depopulated_1948":false,"depopulated_date":null,"status_now":null,"group_1945":null,"group_now":null,"mechanism":null,"references":{},"evidence":[{"source_id":"ocha_opt","title":"State of Palestine - Palestinian Communities in the West Bank and the Gaza Strip","url":"https://www.ochaopt.org/page/datasets-and-mapping-tools","document_date":"2019-07-17","retrieved":"2026-08-09"}]}},{"type":"Feature","geometry":{"type":"Point","coordinates":[34.917689,31.450582]},"properties":{"locality_id":"503075","name":"Beit Mirsim","names":{"primary":"Beit Mirsim","arabic":"بِيت مِرْسِم"},"district":"Hebron","subdistrict":null,"pop_1945_total":null,"pop_1945_palestinian":null,"in_east_jerusalem":false,"oslo_area":"A","population":[{"year":2017,"value":395,"source_id":"ocha_opt"}],"depopulated_1948":false,"depopulated_date":null,"status_now":null,"group_1945":null,"group_now":null,"mechanism":null,"references":{},"evidence":[{"source_id":"ocha_opt","title":"State of Palestine - Palestinian Communities in the West Bank and the Gaza Strip","url":"https://www.ochaopt.org/page/datasets-and-mapping-tools","document_date":"2019-07-17","retrieved":"2026-08-09"}]}},{"type":"Feature","geometry":{"type":"Point","coordinates":[34.986522,31.468491]},"properties":{"locality_id":"502975","name":"Khallet al 'Aqed","names":{"primary":"Khallet al 'Aqed","arabic":"خَلِّةْ العَقْد"},"district":"Hebron","subdistrict":null,"pop_1945_total":null,"pop_1945_palestinian":null,"in_east_jerusalem":false,"oslo_area":"A","population":[{"year":2017,"value":462,"source_id":"ocha_opt"}],"depopulated_1948":false,"depopulated_date":null,"status_now":null,"group_1945":null,"group_now":null,"mechanism":null,"references":{},"evidence":[{"source_id":"ocha_opt","title":"State of Palestine - Palestinian Communities in the West Bank and the Gaza Strip","url":"https://www.ochaopt.org/page/datasets-and-mapping-tools","document_date":"2019-07-17","retrieved":"2026-08-09"}]}},{"type":"Feature","geometry":{"type":"Point","coordinates":[34.995385,31.454406]},"properties":{"locality_id":"503040","name":"Hadab al 'Alaqa","names":{"primary":"Hadab al 'Alaqa","arabic":"حَدْبْ العَلَقَة"},"district":"Hebron","subdistrict":null,"pop_1945_total":null,"pop_1945_palestinian":null,"in_east_jerusalem":false,"oslo_area":"A","population":[{"year":2017,"value":1007,"source_id":"ocha_opt"}],"depopulated_1948":false,"depopulated_date":null,"status_now":null,"group_1945":null,"group_now":null,"mechanism":null,"references":{},"evidence":[{"source_id":"ocha_opt","title":"State of Palestine - Palestinian Communities in the West Bank and the Gaza Strip","url":"https://www.ochaopt.org/page/datasets-and-mapping-tools","document_date":"2019-07-17","retrieved":"2026-08-09"}]}},{"type":"Feature","geometry":{"type":"Point","coordinates":[35.031874,31.469518]},"properties":{"locality_id":"502940","name":"Wadi ash Shajina","names":{"primary":"Wadi ash Shajina","arabic":"وادي الشَاجِنَة"},"district":"Hebron","subdistrict":null,"pop_1945_total":null,"pop_1945_palestinian":null,"in_east_jerusalem":false,"oslo_area":"A","population":[{"year":2017,"value":731,"source_id":"ocha_opt"}],"depopulated_1948":false,"depopulated_date":null,"status_now":null,"group_1945":null,"group_now":null,"mechanism":null,"references":{},"evidence":[{"source_id":"ocha_opt","title":"State of Palestine - Palestinian Communities in the West Bank and the Gaza Strip","url":"https://www.ochaopt.org/page/datasets-and-mapping-tools","document_date":"2019-07-17","retrieved":"2026-08-09"}]}},{"type":"Feature","geometry":{"type":"Point","coordinates":[34.927188,31.451006]},"properties":{"locality_id":"503090","name":"Beit ar Rush al Fauqa","names":{"primary":"Beit ar Rush al Fauqa","arabic":"بِيت الرُوشْ الفُوقا"},"district":"Hebron","subdistrict":null,"pop_1945_total":null,"pop_1945_palestinian":null,"in_east_jerusalem":false,"oslo_area":"A","population":[{"year":2017,"value":1380,"source_id":"ocha_opt"}],"depopulated_1948":false,"depopulated_date":null,"status_now":null,"group_1945":null,"group_now":null,"mechanism":null,"references":{},"evidence":[{"source_id":"ocha_opt","title":"State of Palestine - Palestinian Communities in the West Bank and the Gaza Strip","url":"https://www.ochaopt.org/page/datasets-and-mapping-tools","document_date":"2019-07-17","retrieved":"2026-08-09"}]}},{"type":"Feature","geometry":{"type":"Point","coordinates":[35.027272,31.451269]},"properties":{"locality_id":"503095","name":"Karma","names":{"primary":"Karma","arabic":"كَرْمَة"},"district":"Hebron","subdistrict":null,"pop_1945_total":null,"pop_1945_palestinian":null,"in_east_jerusalem":false,"oslo_area":"A","population":[{"year":2017,"value":1781,"source_id":"ocha_opt"}],"depopulated_1948":false,"depopulated_date":null,"status_now":null,"group_1945":null,"group_now":null,"mechanism":null,"references":{},"evidence":[{"source_id":"ocha_opt","title":"State of Palestine - Palestinian Communities in the West Bank and the Gaza Strip","url":"https://www.ochaopt.org/page/datasets-and-mapping-tools","document_date":"2019-07-17","retrieved":"2026-08-09"}]}},{"type":"Feature","geometry":{"type":"Point","coordinates":[35.032346,31.480511]},"properties":{"locality_id":"502900","name":"Tarrama","names":{"primary":"Tarrama","arabic":"طَرَّامَة"},"district":"Hebron","subdistrict":null,"pop_1945_total":null,"pop_1945_palestinian":null,"in_east_jerusalem":false,"oslo_area":"A","population":[{"year":2017,"value":642,"source_id":"ocha_opt"}],"depopulated_1948":false,"depopulated_date":null,"status_now":null,"group_1945":null,"group_now":null,"mechanism":null,"references":{},"evidence":[{"source_id":"ocha_opt","title":"State of Palestine - Palestinian Communities in the West Bank and the Gaza Strip","url":"https://www.ochaopt.org/page/datasets-and-mapping-tools","document_date":"2019-07-17","retrieved":"2026-08-09"}]}},{"type":"Feature","geometry":{"type":"Point","coordinates":[35.054617,31.477176]},"properties":{"locality_id":"502920","name":"Hadab al Fawwar","names":{"primary":"Hadab al Fawwar","arabic":"حَدَبْ ألفَوَّار"},"district":"Hebron","subdistrict":null,"pop_1945_total":null,"pop_1945_palestinian":null,"in_east_jerusalem":false,"oslo_area":"A","population":[{"year":2017,"value":2354,"source_id":"ocha_opt"}],"depopulated_1948":false,"depopulated_date":null,"status_now":null,"group_1945":null,"group_now":null,"mechanism":null,"references":{},"evidence":[{"source_id":"ocha_opt","title":"State of Palestine - Palestinian Communities in the West Bank and the Gaza Strip","url":"https://www.ochaopt.org/page/datasets-and-mapping-tools","document_date":"2019-07-17","retrieved":"2026-08-09"}]}},{"type":"Feature","geometry":{"type":"Point","coordinates":[35.048267,31.449404]},"properties":{"locality_id":"503100","name":"Beit 'Amra","names":{"primary":"Beit 'Amra","arabic":"بِيت عَمْرَة"},"district":"Hebron","subdistrict":null,"pop_1945_total":null,"pop_1945_palestinian":null,"in_east_jerusalem":false,"oslo_area":"A","population":[{"year":2017,"value":3181,"source_id":"ocha_opt"}],"depopulated_1948":false,"depopulated_date":null,"status_now":null,"group_1945":null,"group_now":null,"mechanism":null,"references":{},"evidence":[{"source_id":"ocha_opt","title":"State of Palestine - Palestinian Communities in the West Bank and the Gaza Strip","url":"https://www.ochaopt.org/page/datasets-and-mapping-tools","document_date":"2019-07-17","retrieved":"2026-08-09"}]}},{"type":"Feature","geometry":{"type":"Point","coordinates":[35.01734,31.482573]},"properties":{"locality_id":"502895","name":"Khursa","names":{"primary":"Khursa","arabic":"خُرَسا"},"district":"Hebron","subdistrict":null,"pop_1945_total":null,"pop_1945_palestinian":null,"in_east_jerusalem":false,"oslo_area":"A","population":[{"year":2017,"value":3481,"source_id":"ocha_opt"}],"depopulated_1948":false,"depopulated_date":null,"status_now":null,"group_1945":null,"group_now":null,"mechanism":null,"references":{},"evidence":[{"source_id":"ocha_opt","title":"State of Palestine - Palestinian Communities in the West Bank and the Gaza Strip","url":"https://www.ochaopt.org/page/datasets-and-mapping-tools","document_date":"2019-07-17","retrieved":"2026-08-09"}]}},{"type":"Feature","geometry":{"type":"Point","coordinates":[35.064355,31.479763]},"properties":{"locality_id":"502905","name":"Al Fawwar Camp","names":{"primary":"Al Fawwar Camp","arabic":"مُخَيَّمْ الفَوَّار"},"district":"Hebron","subdistrict":null,"pop_1945_total":null,"pop_1945_palestinian":null,"in_east_jerusalem":false,"oslo_area":"A","population":[{"year":2017,"value":7641,"source_id":"ocha_opt"}],"depopulated_1948":false,"depopulated_date":null,"status_now":null,"group_1945":null,"group_now":null,"mechanism":null,"references":{},"evidence":[{"source_id":"ocha_opt","title":"State of Palestine - Palestinian Communities in the West Bank and the Gaza Strip","url":"https://www.ochaopt.org/page/datasets-and-mapping-tools","document_date":"2019-07-17","retrieved":"2026-08-09"}]}},{"type":"Feature","geometry":{"type":"Point","coordinates":[35.095185,31.491723]},"properties":{"locality_id":"502855","name":"Qalqas","names":{"primary":"Qalqas","arabic":"قَلْقَس"},"district":"Hebron","subdistrict":null,"pop_1945_total":null,"pop_1945_palestinian":null,"in_east_jerusalem":false,"oslo_area":"A","population":[{"year":2017,"value":1709,"source_id":"ocha_opt"}],"depopulated_1948":false,"depopulated_date":null,"status_now":null,"group_1945":null,"group_now":null,"mechanism":null,"references":{},"evidence":[{"source_id":"ocha_opt","title":"State of Palestine - Palestinian Communities in the West Bank and the Gaza Strip","url":"https://www.ochaopt.org/page/datasets-and-mapping-tools","document_date":"2019-07-17","retrieved":"2026-08-09"}]}},{"type":"Feature","geometry":{"type":"Point","coordinates":[35.108224,31.472106]},"properties":{"locality_id":"502935","name":"Al Heila","names":{"primary":"Al Heila","arabic":"الحِيلَة"},"district":"Hebron","subdistrict":null,"pop_1945_total":null,"pop_1945_palestinian":null,"in_east_jerusalem":false,"oslo_area":"A","population":[{"year":2017,"value":1785,"source_id":"ocha_opt"}],"depopulated_1948":false,"depopulated_date":null,"status_now":null,"group_1945":null,"group_now":null,"mechanism":null,"references":{},"evidence":[{"source_id":"ocha_opt","title":"State of Palestine - Palestinian Communities in the West Bank and the Gaza Strip","url":"https://www.ochaopt.org/page/datasets-and-mapping-tools","document_date":"2019-07-17","retrieved":"2026-08-09"}]}},{"type":"Feature","geometry":{"type":"Point","coordinates":[35.078766,31.470274]},"properties":{"locality_id":"502960","name":"Ar Rihiya","names":{"primary":"Ar Rihiya","arabic":"الرِيحِيَّة"},"district":"Hebron","subdistrict":null,"pop_1945_total":null,"pop_1945_palestinian":null,"in_east_jerusalem":false,"oslo_area":"A","population":[{"year":2017,"value":5754,"source_id":"ocha_opt"}],"depopulated_1948":false,"depopulated_date":null,"status_now":null,"group_1945":null,"group_now":null,"mechanism":null,"references":{},"evidence":[{"source_id":"ocha_opt","title":"State of Palestine - Palestinian Communities in the West Bank and the Gaza Strip","url":"https://www.ochaopt.org/page/datasets-and-mapping-tools","document_date":"2019-07-17","retrieved":"2026-08-09"}]}},{"type":"Feature","geometry":{"type":"Point","coordinates":[35.16466,31.463755]},"properties":{"locality_id":"999957","name":"Khallet Hajar Fauqa","names":{"primary":"Khallet Hajar Fauqa"},"district":"Hebron","subdistrict":null,"pop_1945_total":null,"pop_1945_palestinian":null,"in_east_jerusalem":false,"oslo_area":"C","population":[],"depopulated_1948":false,"depopulated_date":null,"status_now":null,"group_1945":null,"group_now":null,"mechanism":null,"references":{},"evidence":[{"source_id":"ocha_opt","title":"State of Palestine - Palestinian Communities in the West Bank and the Gaza Strip","url":"https://www.ochaopt.org/page/datasets-and-mapping-tools","document_date":"2019-07-17","retrieved":"2026-08-09"}]}},{"type":"Feature","geometry":{"type":"Point","coordinates":[35.165813,31.456881]},"properties":{"locality_id":"999956","name":"Khallet Hajar Tahta","names":{"primary":"Khallet Hajar Tahta"},"district":"Hebron","subdistrict":null,"pop_1945_total":null,"pop_1945_palestinian":null,"in_east_jerusalem":false,"oslo_area":"C","population":[],"depopulated_1948":false,"depopulated_date":null,"status_now":null,"group_1945":null,"group_now":null,"mechanism":null,"references":{},"evidence":[{"source_id":"ocha_opt","title":"State of Palestine - Palestinian Communities in the West Bank and the Gaza Strip","url":"https://www.ochaopt.org/page/datasets-and-mapping-tools","document_date":"2019-07-17","retrieved":"2026-08-09"}]}},{"type":"Feature","geometry":{"type":"Point","coordinates":[35.201665,31.595685]},"properties":{"locality_id":"999955","name":"Al Ganoub","names":{"primary":"Al Ganoub"},"district":"Hebron","subdistrict":null,"pop_1945_total":null,"pop_1945_palestinian":null,"in_east_jerusalem":false,"oslo_area":"C","population":[],"depopulated_1948":false,"depopulated_date":null,"status_now":null,"group_1945":null,"group_now":null,"mechanism":null,"references":{},"evidence":[{"source_id":"ocha_opt","title":"State of Palestine - Palestinian Communities in the West Bank and the Gaza Strip","url":"https://www.ochaopt.org/page/datasets-and-mapping-tools","document_date":"2019-07-17","retrieved":"2026-08-09"}]}},{"type":"Feature","geometry":{"type":"Point","coordinates":[35.08881,31.368415]},"properties":{"locality_id":"503385","name":"Khirbet al Kharaba","names":{"primary":"Khirbet al Kharaba","arabic":"خِرْبِة الخَرابَة"},"district":"Hebron","subdistrict":null,"pop_1945_total":null,"pop_1945_palestinian":null,"in_east_jerusalem":false,"oslo_area":"C","population":[{"year":2017,"value":17,"source_id":"ocha_opt"}],"depopulated_1948":false,"depopulated_date":null,"status_now":null,"group_1945":null,"group_now":null,"mechanism":null,"references":{},"evidence":[{"source_id":"ocha_opt","title":"State of Palestine - Palestinian Communities in the West Bank and the Gaza Strip","url":"https://www.ochaopt.org/page/datasets-and-mapping-tools","document_date":"2019-07-17","retrieved":"2026-08-09"}]}},{"type":"Feature","geometry":{"type":"Point","coordinates":[35.326192,31.752104]},"properties":{"locality_id":"999952","name":"Al Muntar","names":{"primary":"Al Muntar"},"district":"Jerusalem","subdistrict":null,"pop_1945_total":null,"pop_1945_palestinian":null,"in_east_jerusalem":false,"oslo_area":"C","population":[],"depopulated_1948":false,"depopulated_date":null,"status_now":null,"group_1945":null,"group_now":null,"mechanism":null,"references":{},"evidence":[{"source_id":"ocha_opt","title":"State of Palestine - Palestinian Communities in the West Bank and the Gaza Strip","url":"https://www.ochaopt.org/page/datasets-and-mapping-tools","document_date":"2019-07-17","retrieved":"2026-08-09"}]}},{"type":"Feature","geometry":{"type":"Point","coordinates":[35.113679,31.364411]},"properties":{"locality_id":"999951","name":"A Seefer","names":{"primary":"A Seefer"},"district":"Hebron","subdistrict":null,"pop_1945_total":null,"pop_1945_palestinian":null,"in_east_jerusalem":false,"oslo_area":"C","population":[],"depopulated_1948":false,"depopulated_date":null,"status_now":null,"group_1945":null,"group_now":null,"mechanism":null,"references":{},"evidence":[{"source_id":"ocha_opt","title":"State of Palestine - Palestinian Communities in the West Bank and the Gaza Strip","url":"https://www.ochaopt.org/page/datasets-and-mapping-tools","document_date":"2019-07-17","retrieved":"2026-08-09"}]}},{"type":"Feature","geometry":{"type":"Point","coordinates":[35.314037,31.802498]},"properties":{"locality_id":"999949","name":"Bir al Maskoob A","names":{"primary":"Bir al Maskoob A"},"district":"Jerusalem","subdistrict":null,"pop_1945_total":null,"pop_1945_palestinian":null,"in_east_jerusalem":false,"oslo_area":"C","population":[],"depopulated_1948":false,"depopulated_date":null,"status_now":null,"group_1945":null,"group_now":null,"mechanism":null,"references":{},"evidence":[{"source_id":"ocha_opt","title":"State of Palestine - Palestinian Communities in the West Bank and the Gaza Strip","url":"https://www.ochaopt.org/page/datasets-and-mapping-tools","document_date":"2019-07-17","retrieved":"2026-08-09"}]}},{"type":"Feature","geometry":{"type":"Point","coordinates":[35.308842,31.802618]},"properties":{"locality_id":"999947","name":"Bir al Maskoob B","names":{"primary":"Bir al Maskoob B"},"district":"Jerusalem","subdistrict":null,"pop_1945_total":null,"pop_1945_palestinian":null,"in_east_jerusalem":false,"oslo_area":"C","population":[],"depopulated_1948":false,"depopulated_date":null,"status_now":null,"group_1945":null,"group_now":null,"mechanism":null,"references":{},"evidence":[{"source_id":"ocha_opt","title":"State of Palestine - Palestinian Communities in the West Bank and the Gaza Strip","url":"https://www.ochaopt.org/page/datasets-and-mapping-tools","document_date":"2019-07-17","retrieved":"2026-08-09"}]}},{"type":"Feature","geometry":{"type":"Point","coordinates":[35.305816,31.802128]},"properties":{"locality_id":"999948","name":"Wadi Sneysel","names":{"primary":"Wadi Sneysel"},"district":"Jerusalem","subdistrict":null,"pop_1945_total":null,"pop_1945_palestinian":null,"in_east_jerusalem":false,"oslo_area":"C","population":[],"depopulated_1948":false,"depopulated_date":null,"status_now":null,"group_1945":null,"group_now":null,"mechanism":null,"references":{},"evidence":[{"source_id":"ocha_opt","title":"State of Palestine - Palestinian Communities in the West Bank and the Gaza Strip","url":"https://www.ochaopt.org/page/datasets-and-mapping-tools","document_date":"2019-07-17","retrieved":"2026-08-09"}]}},{"type":"Feature","geometry":{"type":"Point","coordinates":[35.308827,31.806919]},"properties":{"locality_id":"999965","name":"Abu George Road Bedouins - Kassara","names":{"primary":"Abu George Road Bedouins - Kassara"},"district":"Jerusalem","subdistrict":null,"pop_1945_total":null,"pop_1945_palestinian":null,"in_east_jerusalem":false,"oslo_area":"C","population":[],"depopulated_1948":false,"depopulated_date":null,"status_now":null,"group_1945":null,"group_now":null,"mechanism":null,"references":{},"evidence":[{"source_id":"ocha_opt","title":"State of Palestine - Palestinian Communities in the West Bank and the Gaza Strip","url":"https://www.ochaopt.org/page/datasets-and-mapping-tools","document_date":"2019-07-17","retrieved":"2026-08-09"}]}},{"type":"Feature","geometry":{"type":"Point","coordinates":[35.243995,31.429283]},"properties":{"locality_id":"503126","name":"Khashem ad Daraj","names":{"primary":"Khashem ad Daraj","arabic":"خَشْم الدرج (الهذالين)"},"district":"Hebron","subdistrict":null,"pop_1945_total":null,"pop_1945_palestinian":null,"in_east_jerusalem":false,"oslo_area":"C","population":[{"year":2017,"value":989,"source_id":"ocha_opt"}],"depopulated_1948":false,"depopulated_date":null,"status_now":null,"group_1945":null,"group_now":null,"mechanism":null,"references":{},"evidence":[{"source_id":"ocha_opt","title":"State of Palestine - Palestinian Communities in the West Bank and the Gaza Strip","url":"https://www.ochaopt.org/page/datasets-and-mapping-tools","document_date":"2019-07-17","retrieved":"2026-08-09"}]}},{"type":"Feature","geometry":{"type":"Point","coordinates":[35.00849,31.367256]},"properties":{"locality_id":"999945","name":"Wedadie","names":{"primary":"Wedadie"},"district":"Hebron","subdistrict":null,"pop_1945_total":null,"pop_1945_palestinian":null,"in_east_jerusalem":false,"oslo_area":"C","population":[{"year":2017,"value":0,"source_id":"ocha_opt"}],"depopulated_1948":false,"depopulated_date":null,"status_now":null,"group_1945":null,"group_now":null,"mechanism":null,"references":{},"evidence":[{"source_id":"ocha_opt","title":"State of Palestine - Palestinian Communities in the West Bank and the Gaza Strip","url":"https://www.ochaopt.org/page/datasets-and-mapping-tools","document_date":"2019-07-17","retrieved":"2026-08-09"}]}},{"type":"Feature","geometry":{"type":"Point","coordinates":[35.39502,31.806378]},"properties":{"locality_id":"999943","name":"Sateh al Bahr","names":{"primary":"Sateh al Bahr"},"district":"Jericho","subdistrict":null,"pop_1945_total":null,"pop_1945_palestinian":null,"in_east_jerusalem":false,"oslo_area":"C","population":[],"depopulated_1948":false,"depopulated_date":null,"status_now":null,"group_1945":null,"group_now":null,"mechanism":null,"references":{},"evidence":[{"source_id":"ocha_opt","title":"State of Palestine - Palestinian Communities in the West Bank and the Gaza Strip","url":"https://www.ochaopt.org/page/datasets-and-mapping-tools","document_date":"2019-07-17","retrieved":"2026-08-09"}]}},{"type":"Feature","geometry":{"type":"Point","coordinates":[35.375341,31.816348]},"properties":{"locality_id":"999941","name":"Al Hathroura","names":{"primary":"Al Hathroura"},"district":"Jericho","subdistrict":null,"pop_1945_total":null,"pop_1945_palestinian":null,"in_east_jerusalem":false,"oslo_area":"C","population":[],"depopulated_1948":false,"depopulated_date":null,"status_now":null,"group_1945":null,"group_now":null,"mechanism":null,"references":{},"evidence":[{"source_id":"ocha_opt","title":"State of Palestine - Palestinian Communities in the West Bank and the Gaza Strip","url":"https://www.ochaopt.org/page/datasets-and-mapping-tools","document_date":"2019-07-17","retrieved":"2026-08-09"}]}},{"type":"Feature","geometry":{"type":"Point","coordinates":[35.14023,32.426448]},"properties":{"locality_id":"999815","name":"Khirbet al Mkahhal","names":{"primary":"Khirbet al Mkahhal"},"district":"Jenin","subdistrict":null,"pop_1945_total":null,"pop_1945_palestinian":null,"in_east_jerusalem":false,"oslo_area":"C","population":[],"depopulated_1948":false,"depopulated_date":null,"status_now":null,"group_1945":null,"group_now":null,"mechanism":null,"references":{},"evidence":[{"source_id":"ocha_opt","title":"State of Palestine - Palestinian Communities in the West Bank and the Gaza Strip","url":"https://www.ochaopt.org/page/datasets-and-mapping-tools","document_date":"2019-07-17","retrieved":"2026-08-09"}]}},{"type":"Feature","geometry":{"type":"Point","coordinates":[35.127892,32.418879]},"properties":{"locality_id":"999814","name":"Khirbet al-Hamaam","names":{"primary":"Khirbet al-Hamaam"},"district":"Jenin","subdistrict":null,"pop_1945_total":null,"pop_1945_palestinian":null,"in_east_jerusalem":false,"oslo_area":"C","population":[],"depopulated_1948":false,"depopulated_date":null,"status_now":null,"group_1945":null,"group_now":null,"mechanism":null,"references":{},"evidence":[{"source_id":"ocha_opt","title":"State of Palestine - Palestinian Communities in the West Bank and the Gaza Strip","url":"https://www.ochaopt.org/page/datasets-and-mapping-tools","document_date":"2019-07-17","retrieved":"2026-08-09"}]}},{"type":"Feature","geometry":{"type":"Point","coordinates":[35.321645,31.887559]},"properties":{"locality_id":"999968","name":"Maghayer ad Deir","names":{"primary":"Maghayer ad Deir"},"district":"Ramallah","subdistrict":null,"pop_1945_total":null,"pop_1945_palestinian":null,"in_east_jerusalem":false,"oslo_area":"C","population":[],"depopulated_1948":false,"depopulated_date":null,"status_now":null,"group_1945":null,"group_now":null,"mechanism":null,"references":{},"evidence":[{"source_id":"ocha_opt","title":"State of Palestine - Palestinian Communities in the West Bank and the Gaza Strip","url":"https://www.ochaopt.org/page/datasets-and-mapping-tools","document_date":"2019-07-17","retrieved":"2026-08-09"}]}},{"type":"Feature","geometry":{"type":"Point","coordinates":[35.326695,31.684929]},"properties":{"locality_id":"999939","name":"Zatara al Kurshan","names":{"primary":"Zatara al Kurshan"},"district":"Bethlehem","subdistrict":null,"pop_1945_total":null,"pop_1945_palestinian":null,"in_east_jerusalem":false,"oslo_area":"C","population":[],"depopulated_1948":false,"depopulated_date":null,"status_now":null,"group_1945":null,"group_now":null,"mechanism":null,"references":{},"evidence":[{"source_id":"ocha_opt","title":"State of Palestine - Palestinian Communities in the West Bank and the Gaza Strip","url":"https://www.ochaopt.org/page/datasets-and-mapping-tools","document_date":"2019-07-17","retrieved":"2026-08-09"}]}},{"type":"Feature","geometry":{"type":"Point","coordinates":[35.151833,31.424014]},"properties":{"locality_id":"999938","name":"Al Jwaya","names":{"primary":"Al Jwaya"},"district":"Hebron","subdistrict":null,"pop_1945_total":null,"pop_1945_palestinian":null,"in_east_jerusalem":false,"oslo_area":"C","population":[],"depopulated_1948":false,"depopulated_date":null,"status_now":null,"group_1945":null,"group_now":null,"mechanism":null,"references":{},"evidence":[{"source_id":"ocha_opt","title":"State of Palestine - Palestinian Communities in the West Bank and the Gaza Strip","url":"https://www.ochaopt.org/page/datasets-and-mapping-tools","document_date":"2019-07-17","retrieved":"2026-08-09"}]}},{"type":"Feature","geometry":{"type":"Point","coordinates":[34.923583,31.390298]},"properties":{"locality_id":"999936","name":"Osaileh","names":{"primary":"Osaileh"},"district":"Hebron","subdistrict":null,"pop_1945_total":null,"pop_1945_palestinian":null,"in_east_jerusalem":false,"oslo_area":"C","population":[],"depopulated_1948":false,"depopulated_date":null,"status_now":null,"group_1945":null,"group_now":null,"mechanism":null,"references":{},"evidence":[{"source_id":"ocha_opt","title":"State of Palestine - Palestinian Communities in the West Bank and the Gaza Strip","url":"https://www.ochaopt.org/page/datasets-and-mapping-tools","document_date":"2019-07-17","retrieved":"2026-08-09"}]}},{"type":"Feature","geometry":{"type":"Point","coordinates":[34.909084,31.412126]},"properties":{"locality_id":"999935","name":"Abo El-Henna","names":{"primary":"Abo El-Henna"},"district":"Hebron","subdistrict":null,"pop_1945_total":null,"pop_1945_palestinian":null,"in_east_jerusalem":false,"oslo_area":"C","population":[],"depopulated_1948":false,"depopulated_date":null,"status_now":null,"group_1945":null,"group_now":null,"mechanism":null,"references":{},"evidence":[{"source_id":"ocha_opt","title":"State of Palestine - Palestinian Communities in the West Bank and the Gaza Strip","url":"https://www.ochaopt.org/page/datasets-and-mapping-tools","document_date":"2019-07-17","retrieved":"2026-08-09"}]}},{"type":"Feature","geometry":{"type":"Point","coordinates":[35.374554,32.13569]},"properties":{"locality_id":"151240","name":"Ad Dawa","names":{"primary":"Ad Dawa","arabic":"الدَوا"},"district":"Nablus","subdistrict":null,"pop_1945_total":null,"pop_1945_palestinian":null,"in_east_jerusalem":false,"oslo_area":"C","population":[],"depopulated_1948":false,"depopulated_date":null,"status_now":null,"group_1945":null,"group_now":null,"mechanism":null,"references":{},"evidence":[{"source_id":"ocha_opt","title":"State of Palestine - Palestinian Communities in the West Bank and the Gaza Strip","url":"https://www.ochaopt.org/page/datasets-and-mapping-tools","document_date":"2019-07-17","retrieved":"2026-08-09"}]}},{"type":"Feature","geometry":{"type":"Point","coordinates":[35.241274,31.560442]},"properties":{"locality_id":"999958","name":"Al Walayda","names":{"primary":"Al Walayda"},"district":"Bethlehem","subdistrict":null,"pop_1945_total":null,"pop_1945_palestinian":null,"in_east_jerusalem":false,"oslo_area":"Nature Reserve","population":[],"depopulated_1948":false,"depopulated_date":null,"status_now":null,"group_1945":null,"group_now":null,"mechanism":null,"references":{},"evidence":[{"source_id":"ocha_opt","title":"State of Palestine - Palestinian Communities in the West Bank and the Gaza Strip","url":"https://www.ochaopt.org/page/datasets-and-mapping-tools","document_date":"2019-07-17","retrieved":"2026-08-09"}]}},{"type":"Feature","geometry":{"type":"Point","coordinates":[35.108459,32.424648]},"properties":{"locality_id":"10286","name":"Firasin","names":{"primary":"Firasin"},"district":"Jenin","subdistrict":null,"pop_1945_total":null,"pop_1945_palestinian":null,"in_east_jerusalem":false,"oslo_area":"C","population":[{"year":2017,"value":27,"source_id":"ocha_opt"}],"depopulated_1948":false,"depopulated_date":null,"status_now":null,"group_1945":null,"group_now":null,"mechanism":null,"references":{},"evidence":[{"source_id":"ocha_opt","title":"State of Palestine - Palestinian Communities in the West Bank and the Gaza Strip","url":"https://www.ochaopt.org/page/datasets-and-mapping-tools","document_date":"2019-07-17","retrieved":"2026-08-09"}]}},{"type":"Feature","geometry":{"type":"Point","coordinates":[35.129339,32.083278]},"properties":{"locality_id":"999769","name":"Al Matwi","names":{"primary":"Al Matwi"},"district":"Salfit","subdistrict":null,"pop_1945_total":null,"pop_1945_palestinian":null,"in_east_jerusalem":false,"oslo_area":"C","population":[],"depopulated_1948":false,"depopulated_date":null,"status_now":null,"group_1945":null,"group_now":null,"mechanism":null,"references":{},"evidence":[{"source_id":"ocha_opt","title":"State of Palestine - Palestinian Communities in the West Bank and the Gaza Strip","url":"https://www.ochaopt.org/page/datasets-and-mapping-tools","document_date":"2019-07-17","retrieved":"2026-08-09"}]}},{"type":"Feature","geometry":{"type":"Point","coordinates":[35.13646,32.075643]},"properties":{"locality_id":"999922","name":"Iraq al Sakhra","names":{"primary":"Iraq al Sakhra"},"district":"Salfit","subdistrict":null,"pop_1945_total":null,"pop_1945_palestinian":null,"in_east_jerusalem":false,"oslo_area":"C","population":[],"depopulated_1948":false,"depopulated_date":null,"status_now":null,"group_1945":null,"group_now":null,"mechanism":null,"references":{},"evidence":[{"source_id":"ocha_opt","title":"State of Palestine - Palestinian Communities in the West Bank and the Gaza Strip","url":"https://www.ochaopt.org/page/datasets-and-mapping-tools","document_date":"2019-07-17","retrieved":"2026-08-09"}]}},{"type":"Feature","geometry":{"type":"Point","coordinates":[35.129544,32.099692]},"properties":{"locality_id":"251350","name":"Dar Abu Basal","names":{"primary":"Dar Abu Basal","arabic":"دار أبو بَصَل"},"district":"Salfit","subdistrict":null,"pop_1945_total":null,"pop_1945_palestinian":null,"in_east_jerusalem":false,"oslo_area":"C","population":[{"year":2017,"value":0,"source_id":"ocha_opt"}],"depopulated_1948":false,"depopulated_date":null,"status_now":null,"group_1945":null,"group_now":null,"mechanism":null,"references":{},"evidence":[{"source_id":"ocha_opt","title":"State of Palestine - Palestinian Communities in the West Bank and the Gaza Strip","url":"https://www.ochaopt.org/page/datasets-and-mapping-tools","document_date":"2019-07-17","retrieved":"2026-08-09"}]}},{"type":"Feature","geometry":{"type":"Point","coordinates":[35.160728,32.089979]},"properties":{"locality_id":"999921","name":"Muhaajir","names":{"primary":"Muhaajir"},"district":"Salfit","subdistrict":null,"pop_1945_total":null,"pop_1945_palestinian":null,"in_east_jerusalem":false,"oslo_area":"C","population":[],"depopulated_1948":false,"depopulated_date":null,"status_now":null,"group_1945":null,"group_now":null,"mechanism":null,"references":{},"evidence":[{"source_id":"ocha_opt","title":"State of Palestine - Palestinian Communities in the West Bank and the Gaza Strip","url":"https://www.ochaopt.org/page/datasets-and-mapping-tools","document_date":"2019-07-17","retrieved":"2026-08-09"}]}},{"type":"Feature","geometry":{"type":"Point","coordinates":[35.102365,32.002756]},"properties":{"locality_id":"999918","name":"Deir Nidham Bedouins - Al Hossa","names":{"primary":"Deir Nidham Bedouins - Al Hossa"},"district":"Ramallah","subdistrict":null,"pop_1945_total":null,"pop_1945_palestinian":null,"in_east_jerusalem":false,"oslo_area":"C","population":[],"depopulated_1948":false,"depopulated_date":null,"status_now":null,"group_1945":null,"group_now":null,"mechanism":null,"references":{},"evidence":[{"source_id":"ocha_opt","title":"State of Palestine - Palestinian Communities in the West Bank and the Gaza Strip","url":"https://www.ochaopt.org/page/datasets-and-mapping-tools","document_date":"2019-07-17","retrieved":"2026-08-09"}]}},{"type":"Feature","geometry":{"type":"Point","coordinates":[35.158493,31.931491]},"properties":{"locality_id":"999917","name":"Ein Qiniya Bedouins - Wadi ad Dulum","names":{"primary":"Ein Qiniya Bedouins - Wadi ad Dulum"},"district":"Ramallah","subdistrict":null,"pop_1945_total":null,"pop_1945_palestinian":null,"in_east_jerusalem":false,"oslo_area":"C","population":[],"depopulated_1948":false,"depopulated_date":null,"status_now":null,"group_1945":null,"group_now":null,"mechanism":null,"references":{},"evidence":[{"source_id":"ocha_opt","title":"State of Palestine - Palestinian Communities in the West Bank and the Gaza Strip","url":"https://www.ochaopt.org/page/datasets-and-mapping-tools","document_date":"2019-07-17","retrieved":"2026-08-09"}]}},{"type":"Feature","geometry":{"type":"Point","coordinates":[35.08825,31.880008]},"properties":{"locality_id":"999916","name":"Wadi Salman","names":{"primary":"Wadi Salman"},"district":"Ramallah","subdistrict":null,"pop_1945_total":null,"pop_1945_palestinian":null,"in_east_jerusalem":false,"oslo_area":"C","population":[],"depopulated_1948":false,"depopulated_date":null,"status_now":null,"group_1945":null,"group_now":null,"mechanism":null,"references":{},"evidence":[{"source_id":"ocha_opt","title":"State of Palestine - Palestinian Communities in the West Bank and the Gaza Strip","url":"https://www.ochaopt.org/page/datasets-and-mapping-tools","document_date":"2019-07-17","retrieved":"2026-08-09"}]}},{"type":"Feature","geometry":{"type":"Point","coordinates":[35.373102,31.989652]},"properties":{"locality_id":"999852","name":"Ras al Tin","names":{"primary":"Ras al Tin"},"district":"Ramallah","subdistrict":null,"pop_1945_total":null,"pop_1945_palestinian":null,"in_east_jerusalem":false,"oslo_area":"C","population":[],"depopulated_1948":false,"depopulated_date":null,"status_now":null,"group_1945":null,"group_now":null,"mechanism":null,"references":{},"evidence":[{"source_id":"ocha_opt","title":"State of Palestine - Palestinian Communities in the West Bank and the Gaza Strip","url":"https://www.ochaopt.org/page/datasets-and-mapping-tools","document_date":"2019-07-17","retrieved":"2026-08-09"}]}},{"type":"Feature","geometry":{"type":"Point","coordinates":[35.399629,32.405668]},"properties":{"locality_id":"999914","name":"Wadi Shobash","names":{"primary":"Wadi Shobash"},"district":"Jenin","subdistrict":null,"pop_1945_total":null,"pop_1945_palestinian":null,"in_east_jerusalem":false,"oslo_area":"C","population":[{"year":2017,"value":0,"source_id":"ocha_opt"}],"depopulated_1948":false,"depopulated_date":null,"status_now":null,"group_1945":null,"group_now":null,"mechanism":null,"references":{},"evidence":[{"source_id":"ocha_opt","title":"State of Palestine - Palestinian Communities in the West Bank and the Gaza Strip","url":"https://www.ochaopt.org/page/datasets-and-mapping-tools","document_date":"2019-07-17","retrieved":"2026-08-09"}]}},{"type":"Feature","geometry":{"type":"Point","coordinates":[35.547704,32.23471]},"properties":{"locality_id":"999912","name":"Umm al 'Obor","names":{"primary":"Umm al 'Obor"},"district":"Tubas","subdistrict":null,"pop_1945_total":null,"pop_1945_palestinian":null,"in_east_jerusalem":false,"oslo_area":"C","population":[],"depopulated_1948":false,"depopulated_date":null,"status_now":null,"group_1945":null,"group_now":null,"mechanism":null,"references":{},"evidence":[{"source_id":"ocha_opt","title":"State of Palestine - Palestinian Communities in the West Bank and the Gaza Strip","url":"https://www.ochaopt.org/page/datasets-and-mapping-tools","document_date":"2019-07-17","retrieved":"2026-08-09"}]}},{"type":"Feature","geometry":{"type":"Point","coordinates":[35.407339,32.122709]},"properties":{"locality_id":"999911","name":"Lifjim","names":{"primary":"Lifjim"},"district":"Nablus","subdistrict":null,"pop_1945_total":null,"pop_1945_palestinian":null,"in_east_jerusalem":false,"oslo_area":"C","population":[],"depopulated_1948":false,"depopulated_date":null,"status_now":null,"group_1945":null,"group_now":null,"mechanism":null,"references":{},"evidence":[{"source_id":"ocha_opt","title":"State of Palestine - Palestinian Communities in the West Bank and the Gaza Strip","url":"https://www.ochaopt.org/page/datasets-and-mapping-tools","document_date":"2019-07-17","retrieved":"2026-08-09"}]}},{"type":"Feature","geometry":{"type":"Point","coordinates":[35.435819,32.034175]},"properties":{"locality_id":"999910","name":"Fasayil al Fauqa","names":{"primary":"Fasayil al Fauqa"},"district":"Jericho","subdistrict":null,"pop_1945_total":null,"pop_1945_palestinian":null,"in_east_jerusalem":false,"oslo_area":"C","population":[],"depopulated_1948":false,"depopulated_date":null,"status_now":null,"group_1945":null,"group_now":null,"mechanism":null,"references":{},"evidence":[{"source_id":"ocha_opt","title":"State of Palestine - Palestinian Communities in the West Bank and the Gaza Strip","url":"https://www.ochaopt.org/page/datasets-and-mapping-tools","document_date":"2019-07-17","retrieved":"2026-08-09"}]}},{"type":"Feature","geometry":{"type":"Point","coordinates":[35.441477,32.02987]},"properties":{"locality_id":"999909","name":"Fasayil al Wusta","names":{"primary":"Fasayil al Wusta"},"district":"Jericho","subdistrict":null,"pop_1945_total":null,"pop_1945_palestinian":null,"in_east_jerusalem":false,"oslo_area":"C","population":[],"depopulated_1948":false,"depopulated_date":null,"status_now":null,"group_1945":null,"group_now":null,"mechanism":null,"references":{},"evidence":[{"source_id":"ocha_opt","title":"State of Palestine - Palestinian Communities in the West Bank and the Gaza Strip","url":"https://www.ochaopt.org/page/datasets-and-mapping-tools","document_date":"2019-07-17","retrieved":"2026-08-09"}]}},{"type":"Feature","geometry":{"type":"Point","coordinates":[35.403339,31.94489]},"properties":{"locality_id":"999908","name":"Ras 'Ein al 'Auja","names":{"primary":"Ras 'Ein al 'Auja"},"district":"Jericho","subdistrict":null,"pop_1945_total":null,"pop_1945_palestinian":null,"in_east_jerusalem":false,"oslo_area":"C","population":[],"depopulated_1948":false,"depopulated_date":null,"status_now":null,"group_1945":null,"group_now":null,"mechanism":null,"references":{},"evidence":[{"source_id":"ocha_opt","title":"State of Palestine - Palestinian Communities in the West Bank and the Gaza Strip","url":"https://www.ochaopt.org/page/datasets-and-mapping-tools","document_date":"2019-07-17","retrieved":"2026-08-09"}]}},{"type":"Feature","geometry":{"type":"Point","coordinates":[35.405272,31.917625]},"properties":{"locality_id":"999907","name":"Al Mu'arrajat East","names":{"primary":"Al Mu'arrajat East"},"district":"Ramallah","subdistrict":null,"pop_1945_total":null,"pop_1945_palestinian":null,"in_east_jerusalem":false,"oslo_area":"C","population":[],"depopulated_1948":false,"depopulated_date":null,"status_now":null,"group_1945":null,"group_now":null,"mechanism":null,"references":{},"evidence":[{"source_id":"ocha_opt","title":"State of Palestine - Palestinian Communities in the West Bank and the Gaza Strip","url":"https://www.ochaopt.org/page/datasets-and-mapping-tools","document_date":"2019-07-17","retrieved":"2026-08-09"}]}},{"type":"Feature","geometry":{"type":"Point","coordinates":[35.428794,31.897162]},"properties":{"locality_id":"999904","name":"An Nuwei'ma Al-Fauqa Bedouins","names":{"primary":"An Nuwei'ma Al-Fauqa Bedouins"},"district":"Jericho","subdistrict":null,"pop_1945_total":null,"pop_1945_palestinian":null,"in_east_jerusalem":false,"oslo_area":"C","population":[{"year":2017,"value":1794,"source_id":"ocha_opt"}],"depopulated_1948":false,"depopulated_date":null,"status_now":null,"group_1945":null,"group_now":null,"mechanism":null,"references":{},"evidence":[{"source_id":"ocha_opt","title":"State of Palestine - Palestinian Communities in the West Bank and the Gaza Strip","url":"https://www.ochaopt.org/page/datasets-and-mapping-tools","document_date":"2019-07-17","retrieved":"2026-08-09"}]}},{"type":"Feature","geometry":{"type":"Point","coordinates":[35.379742,31.835609]},"properties":{"locality_id":"999902","name":"Ein el Qilt","names":{"primary":"Ein el Qilt"},"district":"Jericho","subdistrict":null,"pop_1945_total":null,"pop_1945_palestinian":null,"in_east_jerusalem":false,"oslo_area":"C","population":[],"depopulated_1948":false,"depopulated_date":null,"status_now":null,"group_1945":null,"group_now":null,"mechanism":null,"references":{},"evidence":[{"source_id":"ocha_opt","title":"State of Palestine - Palestinian Communities in the West Bank and the Gaza Strip","url":"https://www.ochaopt.org/page/datasets-and-mapping-tools","document_date":"2019-07-17","retrieved":"2026-08-09"}]}},{"type":"Feature","geometry":{"type":"Point","coordinates":[35.495662,32.39491]},"properties":{"locality_id":"999901","name":"Al Qaffaf","names":{"primary":"Al Qaffaf"},"district":"Tubas","subdistrict":null,"pop_1945_total":null,"pop_1945_palestinian":null,"in_east_jerusalem":false,"oslo_area":"C","population":[{"year":2017,"value":0,"source_id":"ocha_opt"}],"depopulated_1948":false,"depopulated_date":null,"status_now":null,"group_1945":null,"group_now":null,"mechanism":null,"references":{},"evidence":[{"source_id":"ocha_opt","title":"State of Palestine - Palestinian Communities in the West Bank and the Gaza Strip","url":"https://www.ochaopt.org/page/datasets-and-mapping-tools","document_date":"2019-07-17","retrieved":"2026-08-09"}]}},{"type":"Feature","geometry":{"type":"Point","coordinates":[35.04768,31.410843]},"properties":{"locality_id":"503230","name":"As Simiya","names":{"primary":"As Simiya","arabic":"السِيمْيَا"},"district":"Hebron","subdistrict":null,"pop_1945_total":null,"pop_1945_palestinian":null,"in_east_jerusalem":false,"oslo_area":"A","population":[{"year":2017,"value":2743,"source_id":"ocha_opt"}],"depopulated_1948":false,"depopulated_date":null,"status_now":null,"group_1945":null,"group_now":null,"mechanism":null,"references":{},"evidence":[{"source_id":"ocha_opt","title":"State of Palestine - Palestinian Communities in the West Bank and the Gaza Strip","url":"https://www.ochaopt.org/page/datasets-and-mapping-tools","document_date":"2019-07-17","retrieved":"2026-08-09"}]}},{"type":"Feature","geometry":{"type":"Point","coordinates":[35.502691,32.267777]},"properties":{"locality_id":"999891","name":"Mak-hul","names":{"primary":"Mak-hul"},"district":"Tubas","subdistrict":null,"pop_1945_total":null,"pop_1945_palestinian":null,"in_east_jerusalem":false,"oslo_area":"C","population":[{"year":2017,"value":30,"source_id":"ocha_opt"}],"depopulated_1948":false,"depopulated_date":null,"status_now":null,"group_1945":null,"group_now":null,"mechanism":null,"references":{},"evidence":[{"source_id":"ocha_opt","title":"State of Palestine - Palestinian Communities in the West Bank and the Gaza Strip","url":"https://www.ochaopt.org/page/datasets-and-mapping-tools","document_date":"2019-07-17","retrieved":"2026-08-09"}]}},{"type":"Feature","geometry":{"type":"Point","coordinates":[35.531463,32.175751]},"properties":{"locality_id":"999890","name":"Marj Na'ja Herders","names":{"primary":"Marj Na'ja Herders"},"district":"Jericho","subdistrict":null,"pop_1945_total":null,"pop_1945_palestinian":null,"in_east_jerusalem":false,"oslo_area":"C","population":[],"depopulated_1948":false,"depopulated_date":null,"status_now":null,"group_1945":null,"group_now":null,"mechanism":null,"references":{},"evidence":[{"source_id":"ocha_opt","title":"State of Palestine - Palestinian Communities in the West Bank and the Gaza Strip","url":"https://www.ochaopt.org/page/datasets-and-mapping-tools","document_date":"2019-07-17","retrieved":"2026-08-09"}]}},{"type":"Feature","geometry":{"type":"Point","coordinates":[35.187317,31.836141]},"properties":{"locality_id":"999888","name":"An Nabi Samwil Bedouins","names":{"primary":"An Nabi Samwil Bedouins"},"district":"Jerusalem","subdistrict":null,"pop_1945_total":null,"pop_1945_palestinian":null,"in_east_jerusalem":false,"oslo_area":"C","population":[],"depopulated_1948":false,"depopulated_date":null,"status_now":null,"group_1945":null,"group_now":null,"mechanism":null,"references":{},"evidence":[{"source_id":"ocha_opt","title":"State of Palestine - Palestinian Communities in the West Bank and the Gaza Strip","url":"https://www.ochaopt.org/page/datasets-and-mapping-tools","document_date":"2019-07-17","retrieved":"2026-08-09"}]}},{"type":"Feature","geometry":{"type":"Point","coordinates":[35.268674,31.795851]},"properties":{"locality_id":"999767","name":"Az Za'ayyem Bedouins","names":{"primary":"Az Za'ayyem Bedouins"},"district":"Jerusalem","subdistrict":null,"pop_1945_total":null,"pop_1945_palestinian":null,"in_east_jerusalem":false,"oslo_area":"C","population":[],"depopulated_1948":false,"depopulated_date":null,"status_now":null,"group_1945":null,"group_now":null,"mechanism":null,"references":{},"evidence":[{"source_id":"ocha_opt","title":"State of Palestine - Palestinian Communities in the West Bank and the Gaza Strip","url":"https://www.ochaopt.org/page/datasets-and-mapping-tools","document_date":"2019-07-17","retrieved":"2026-08-09"}]}},{"type":"Feature","geometry":{"type":"Point","coordinates":[35.491768,32.293773]},"properties":{"locality_id":"999892","name":"Khirbet Samra","names":{"primary":"Khirbet Samra"},"district":"Tubas","subdistrict":null,"pop_1945_total":null,"pop_1945_palestinian":null,"in_east_jerusalem":false,"oslo_area":"C","population":[{"year":2017,"value":41,"source_id":"ocha_opt"}],"depopulated_1948":false,"depopulated_date":null,"status_now":null,"group_1945":null,"group_now":null,"mechanism":null,"references":{},"evidence":[{"source_id":"ocha_opt","title":"State of Palestine - Palestinian Communities in the West Bank and the Gaza Strip","url":"https://www.ochaopt.org/page/datasets-and-mapping-tools","document_date":"2019-07-17","retrieved":"2026-08-09"}]}},{"type":"Feature","geometry":{"type":"Point","coordinates":[35.50884,32.357445]},"properties":{"locality_id":"999842","name":"Al Farisiya-Ihmayyer","names":{"primary":"Al Farisiya-Ihmayyer"},"district":"Tubas","subdistrict":null,"pop_1945_total":null,"pop_1945_palestinian":null,"in_east_jerusalem":false,"oslo_area":"C","population":[],"depopulated_1948":false,"depopulated_date":null,"status_now":null,"group_1945":null,"group_now":null,"mechanism":null,"references":{},"evidence":[{"source_id":"ocha_opt","title":"State of Palestine - Palestinian Communities in the West Bank and the Gaza Strip","url":"https://www.ochaopt.org/page/datasets-and-mapping-tools","document_date":"2019-07-17","retrieved":"2026-08-09"}]}},{"type":"Feature","geometry":{"type":"Point","coordinates":[35.440597,32.211992]},"properties":{"locality_id":"999756","name":"Abu Kbash","names":{"primary":"Abu Kbash"},"district":"Nablus","subdistrict":null,"pop_1945_total":null,"pop_1945_palestinian":null,"in_east_jerusalem":false,"oslo_area":"C","population":[],"depopulated_1948":false,"depopulated_date":null,"status_now":null,"group_1945":null,"group_now":null,"mechanism":null,"references":{},"evidence":[{"source_id":"ocha_opt","title":"State of Palestine - Palestinian Communities in the West Bank and the Gaza Strip","url":"https://www.ochaopt.org/page/datasets-and-mapping-tools","document_date":"2019-07-17","retrieved":"2026-08-09"}]}},{"type":"Feature","geometry":{"type":"Point","coordinates":[35.200483,31.831115]},"properties":{"locality_id":"999887","name":"Wadi Beit Hanina Bedouins","names":{"primary":"Wadi Beit Hanina Bedouins"},"district":"Jerusalem","subdistrict":null,"pop_1945_total":null,"pop_1945_palestinian":null,"in_east_jerusalem":false,"oslo_area":"C","population":[],"depopulated_1948":false,"depopulated_date":null,"status_now":null,"group_1945":null,"group_now":null,"mechanism":null,"references":{},"evidence":[{"source_id":"ocha_opt","title":"State of Palestine - Palestinian Communities in the West Bank and the Gaza Strip","url":"https://www.ochaopt.org/page/datasets-and-mapping-tools","document_date":"2019-07-17","retrieved":"2026-08-09"}]}},{"type":"Feature","geometry":{"type":"Point","coordinates":[35.166512,31.833595]},"properties":{"locality_id":"999886","name":"Beit Iksa Bedouins","names":{"primary":"Beit Iksa Bedouins"},"district":"Jerusalem","subdistrict":null,"pop_1945_total":null,"pop_1945_palestinian":null,"in_east_jerusalem":false,"oslo_area":"C","population":[],"depopulated_1948":false,"depopulated_date":null,"status_now":null,"group_1945":null,"group_now":null,"mechanism":null,"references":{},"evidence":[{"source_id":"ocha_opt","title":"State of Palestine - Palestinian Communities in the West Bank and the Gaza Strip","url":"https://www.ochaopt.org/page/datasets-and-mapping-tools","document_date":"2019-07-17","retrieved":"2026-08-09"}]}},{"type":"Feature","geometry":{"type":"Point","coordinates":[35.279681,31.77439]},"properties":{"locality_id":"999885","name":"Jabal al Baba","names":{"primary":"Jabal al Baba"},"district":"Jerusalem","subdistrict":null,"pop_1945_total":null,"pop_1945_palestinian":null,"in_east_jerusalem":false,"oslo_area":"C","population":[],"depopulated_1948":false,"depopulated_date":null,"status_now":null,"group_1945":null,"group_now":null,"mechanism":null,"references":{},"evidence":[{"source_id":"ocha_opt","title":"State of Palestine - Palestinian Communities in the West Bank and the Gaza Strip","url":"https://www.ochaopt.org/page/datasets-and-mapping-tools","document_date":"2019-07-17","retrieved":"2026-08-09"}]}},{"type":"Feature","geometry":{"type":"Point","coordinates":[35.285199,31.773761]},"properties":{"locality_id":"999884","name":"Wadi al Jimel","names":{"primary":"Wadi al Jimel"},"district":"Jerusalem","subdistrict":null,"pop_1945_total":null,"pop_1945_palestinian":null,"in_east_jerusalem":false,"oslo_area":"C","population":[],"depopulated_1948":false,"depopulated_date":null,"status_now":null,"group_1945":null,"group_now":null,"mechanism":null,"references":{},"evidence":[{"source_id":"ocha_opt","title":"State of Palestine - Palestinian Communities in the West Bank and the Gaza Strip","url":"https://www.ochaopt.org/page/datasets-and-mapping-tools","document_date":"2019-07-17","retrieved":"2026-08-09"}]}},{"type":"Feature","geometry":{"type":"Point","coordinates":[35.268405,31.860544]},"properties":{"locality_id":"999882","name":"Ma'azi Jaba'","names":{"primary":"Ma'azi Jaba'"},"district":"Jerusalem","subdistrict":null,"pop_1945_total":null,"pop_1945_palestinian":null,"in_east_jerusalem":false,"oslo_area":"C","population":[],"depopulated_1948":false,"depopulated_date":null,"status_now":null,"group_1945":null,"group_now":null,"mechanism":null,"references":{},"evidence":[{"source_id":"ocha_opt","title":"State of Palestine - Palestinian Communities in the West Bank and the Gaza Strip","url":"https://www.ochaopt.org/page/datasets-and-mapping-tools","document_date":"2019-07-17","retrieved":"2026-08-09"}]}},{"type":"Feature","geometry":{"type":"Point","coordinates":[35.312489,31.893087]},"properties":{"locality_id":"999880","name":"Khallet al Maghara","names":{"primary":"Khallet al Maghara"},"district":"Ramallah","subdistrict":null,"pop_1945_total":null,"pop_1945_palestinian":null,"in_east_jerusalem":false,"oslo_area":"C","population":[],"depopulated_1948":false,"depopulated_date":null,"status_now":null,"group_1945":null,"group_now":null,"mechanism":null,"references":{},"evidence":[{"source_id":"ocha_opt","title":"State of Palestine - Palestinian Communities in the West Bank and the Gaza Strip","url":"https://www.ochaopt.org/page/datasets-and-mapping-tools","document_date":"2019-07-17","retrieved":"2026-08-09"}]}},{"type":"Feature","geometry":{"type":"Point","coordinates":[35.325035,31.901138]},"properties":{"locality_id":"999877","name":"Wadi as Seeq","names":{"primary":"Wadi as Seeq"},"district":"Ramallah","subdistrict":null,"pop_1945_total":null,"pop_1945_palestinian":null,"in_east_jerusalem":false,"oslo_area":"C","population":[{"year":2017,"value":830,"source_id":"ocha_opt"}],"depopulated_1948":false,"depopulated_date":null,"status_now":null,"group_1945":null,"group_now":null,"mechanism":null,"references":{},"evidence":[{"source_id":"ocha_opt","title":"State of Palestine - Palestinian Communities in the West Bank and the Gaza Strip","url":"https://www.ochaopt.org/page/datasets-and-mapping-tools","document_date":"2019-07-17","retrieved":"2026-08-09"}]}},{"type":"Feature","geometry":{"type":"Point","coordinates":[35.267843,31.827798]},"properties":{"locality_id":"999876","name":"Tublas","names":{"primary":"Tublas"},"district":"Jerusalem","subdistrict":null,"pop_1945_total":null,"pop_1945_palestinian":null,"in_east_jerusalem":false,"oslo_area":"C","population":[],"depopulated_1948":false,"depopulated_date":null,"status_now":null,"group_1945":null,"group_now":null,"mechanism":null,"references":{},"evidence":[{"source_id":"ocha_opt","title":"State of Palestine - Palestinian Communities in the West Bank and the Gaza Strip","url":"https://www.ochaopt.org/page/datasets-and-mapping-tools","document_date":"2019-07-17","retrieved":"2026-08-09"}]}},{"type":"Feature","geometry":{"type":"Point","coordinates":[35.270666,31.819177]},"properties":{"locality_id":"999807","name":"North 'Anata Bedouins","names":{"primary":"North 'Anata Bedouins"},"district":"Jerusalem","subdistrict":null,"pop_1945_total":null,"pop_1945_palestinian":null,"in_east_jerusalem":false,"oslo_area":"C","population":[],"depopulated_1948":false,"depopulated_date":null,"status_now":null,"group_1945":null,"group_now":null,"mechanism":null,"references":{},"evidence":[{"source_id":"ocha_opt","title":"State of Palestine - Palestinian Communities in the West Bank and the Gaza Strip","url":"https://www.ochaopt.org/page/datasets-and-mapping-tools","document_date":"2019-07-17","retrieved":"2026-08-09"}]}},{"type":"Feature","geometry":{"type":"Point","coordinates":[35.264624,31.80585]},"properties":{"locality_id":"999871","name":"South 'Anata Bedouins (Wa'ar al Beik)","names":{"primary":"South 'Anata Bedouins (Wa'ar al Beik)"},"district":"Jerusalem","subdistrict":null,"pop_1945_total":null,"pop_1945_palestinian":null,"in_east_jerusalem":false,"oslo_area":"C","population":[],"depopulated_1948":false,"depopulated_date":null,"status_now":null,"group_1945":null,"group_now":null,"mechanism":null,"references":{},"evidence":[{"source_id":"ocha_opt","title":"State of Palestine - Palestinian Communities in the West Bank and the Gaza Strip","url":"https://www.ochaopt.org/page/datasets-and-mapping-tools","document_date":"2019-07-17","retrieved":"2026-08-09"}]}},{"type":"Feature","geometry":{"type":"Point","coordinates":[35.29351,31.761791]},"properties":{"locality_id":"999959","name":"Abu Nuwar","names":{"primary":"Abu Nuwar"},"district":"Jerusalem","subdistrict":null,"pop_1945_total":null,"pop_1945_palestinian":null,"in_east_jerusalem":false,"oslo_area":"C","population":[{"year":2017,"value":1856,"source_id":"ocha_opt"}],"depopulated_1948":false,"depopulated_date":null,"status_now":null,"group_1945":null,"group_now":null,"mechanism":null,"references":{},"evidence":[{"source_id":"ocha_opt","title":"State of Palestine - Palestinian Communities in the West Bank and the Gaza Strip","url":"https://www.ochaopt.org/page/datasets-and-mapping-tools","document_date":"2019-07-17","retrieved":"2026-08-09"}]}},{"type":"Feature","geometry":{"type":"Point","coordinates":[35.285105,31.759387]},"properties":{"locality_id":"999869","name":"Arab al Jahilin - al Jabal","names":{"primary":"Arab al Jahilin - al Jabal"},"district":"Jerusalem","subdistrict":null,"pop_1945_total":null,"pop_1945_palestinian":null,"in_east_jerusalem":false,"oslo_area":"C","population":[],"depopulated_1948":false,"depopulated_date":null,"status_now":null,"group_1945":null,"group_now":null,"mechanism":null,"references":{},"evidence":[{"source_id":"ocha_opt","title":"State of Palestine - Palestinian Communities in the West Bank and the Gaza Strip","url":"https://www.ochaopt.org/page/datasets-and-mapping-tools","document_date":"2019-07-17","retrieved":"2026-08-09"}]}},{"type":"Feature","geometry":{"type":"Point","coordinates":[35.060337,32.004483]},"properties":{"locality_id":"999808","name":"Deir Abu Masha'al Herders","names":{"primary":"Deir Abu Masha'al Herders"},"district":"Ramallah","subdistrict":null,"pop_1945_total":null,"pop_1945_palestinian":null,"in_east_jerusalem":false,"oslo_area":"C","population":[],"depopulated_1948":false,"depopulated_date":null,"status_now":null,"group_1945":null,"group_now":null,"mechanism":null,"references":{},"evidence":[{"source_id":"ocha_opt","title":"State of Palestine - Palestinian Communities in the West Bank and the Gaza Strip","url":"https://www.ochaopt.org/page/datasets-and-mapping-tools","document_date":"2019-07-17","retrieved":"2026-08-09"}]}},{"type":"Feature","geometry":{"type":"Point","coordinates":[35.061246,32.132178]},"properties":{"locality_id":"999797","name":"Abu Sultan","names":{"primary":"Abu Sultan"},"district":"Salfit","subdistrict":null,"pop_1945_total":null,"pop_1945_palestinian":null,"in_east_jerusalem":false,"oslo_area":"C","population":[{"year":2017,"value":0,"source_id":"ocha_opt"}],"depopulated_1948":false,"depopulated_date":null,"status_now":null,"group_1945":null,"group_now":null,"mechanism":null,"references":{},"evidence":[{"source_id":"ocha_opt","title":"State of Palestine - Palestinian Communities in the West Bank and the Gaza Strip","url":"https://www.ochaopt.org/page/datasets-and-mapping-tools","document_date":"2019-07-17","retrieved":"2026-08-09"}]}},{"type":"Feature","geometry":{"type":"Point","coordinates":[35.243048,31.702819]},"properties":{"locality_id":"999765","name":"Jabal Harasah","names":{"primary":"Jabal Harasah"},"district":"Bethlehem","subdistrict":null,"pop_1945_total":null,"pop_1945_palestinian":null,"in_east_jerusalem":false,"oslo_area":"C","population":[],"depopulated_1948":false,"depopulated_date":null,"status_now":null,"group_1945":null,"group_now":null,"mechanism":null,"references":{},"evidence":[{"source_id":"ocha_opt","title":"State of Palestine - Palestinian Communities in the West Bank and the Gaza Strip","url":"https://www.ochaopt.org/page/datasets-and-mapping-tools","document_date":"2019-07-17","retrieved":"2026-08-09"}]}},{"type":"Feature","geometry":{"type":"Point","coordinates":[35.339066,31.811778]},"properties":{"locality_id":"999862","name":"Khan Al Ahmar - Abu al Helu","names":{"primary":"Khan Al Ahmar - Abu al Helu"},"district":"Jerusalem","subdistrict":null,"pop_1945_total":null,"pop_1945_palestinian":null,"in_east_jerusalem":false,"oslo_area":"C","population":[],"depopulated_1948":false,"depopulated_date":null,"status_now":null,"group_1945":null,"group_now":null,"mechanism":null,"references":{},"evidence":[{"source_id":"ocha_opt","title":"State of Palestine - Palestinian Communities in the West Bank and the Gaza Strip","url":"https://www.ochaopt.org/page/datasets-and-mapping-tools","document_date":"2019-07-17","retrieved":"2026-08-09"}]}},{"type":"Feature","geometry":{"type":"Point","coordinates":[35.181772,31.840646]},"properties":{"locality_id":"999825","name":"South Al Jib Bedouins","names":{"primary":"South Al Jib Bedouins"},"district":"Jerusalem","subdistrict":null,"pop_1945_total":null,"pop_1945_palestinian":null,"in_east_jerusalem":false,"oslo_area":"C","population":[],"depopulated_1948":false,"depopulated_date":null,"status_now":null,"group_1945":null,"group_now":null,"mechanism":null,"references":{},"evidence":[{"source_id":"ocha_opt","title":"State of Palestine - Palestinian Communities in the West Bank and the Gaza Strip","url":"https://www.ochaopt.org/page/datasets-and-mapping-tools","document_date":"2019-07-17","retrieved":"2026-08-09"}]}},{"type":"Feature","geometry":{"type":"Point","coordinates":[35.196583,31.724278]},"properties":{"locality_id":"999770","name":"khirbet Khamis","names":{"primary":"khirbet Khamis"},"district":"Jerusalem","subdistrict":null,"pop_1945_total":null,"pop_1945_palestinian":null,"in_east_jerusalem":true,"oslo_area":"Israeli Declared East Jerusalem","population":[],"depopulated_1948":false,"depopulated_date":null,"status_now":null,"group_1945":null,"group_now":null,"mechanism":null,"references":{},"evidence":[{"source_id":"ocha_opt","title":"State of Palestine - Palestinian Communities in the West Bank and the Gaza Strip","url":"https://www.ochaopt.org/page/datasets-and-mapping-tools","document_date":"2019-07-17","retrieved":"2026-08-09"}]}},{"type":"Feature","geometry":{"type":"Point","coordinates":[35.299534,31.813521]},"properties":{"locality_id":"999806","name":"Abu George Road Bedouins - Nkheila","names":{"primary":"Abu George Road Bedouins - Nkheila"},"district":"Jerusalem","subdistrict":null,"pop_1945_total":null,"pop_1945_palestinian":null,"in_east_jerusalem":false,"oslo_area":"C","population":[],"depopulated_1948":false,"depopulated_date":null,"status_now":null,"group_1945":null,"group_now":null,"mechanism":null,"references":{},"evidence":[{"source_id":"ocha_opt","title":"State of Palestine - Palestinian Communities in the West Bank and the Gaza Strip","url":"https://www.ochaopt.org/page/datasets-and-mapping-tools","document_date":"2019-07-17","retrieved":"2026-08-09"}]}},{"type":"Feature","geometry":{"type":"Point","coordinates":[35.336432,31.805549]},"properties":{"locality_id":"999848","name":"Khan al Ahmar - Abu Falah","names":{"primary":"Khan al Ahmar - Abu Falah"},"district":"Jerusalem","subdistrict":null,"pop_1945_total":null,"pop_1945_palestinian":null,"in_east_jerusalem":false,"oslo_area":"C","population":[],"depopulated_1948":false,"depopulated_date":null,"status_now":null,"group_1945":null,"group_now":null,"mechanism":null,"references":{},"evidence":[{"source_id":"ocha_opt","title":"State of Palestine - Palestinian Communities in the West Bank and the Gaza Strip","url":"https://www.ochaopt.org/page/datasets-and-mapping-tools","document_date":"2019-07-17","retrieved":"2026-08-09"}]}},{"type":"Feature","geometry":{"type":"Point","coordinates":[35.419618,31.896255]},"properties":{"locality_id":"999903","name":"Ein ad Duyuk al Fauqa Bedouins","names":{"primary":"Ein ad Duyuk al Fauqa Bedouins"},"district":"Jericho","subdistrict":null,"pop_1945_total":null,"pop_1945_palestinian":null,"in_east_jerusalem":false,"oslo_area":"C","population":[],"depopulated_1948":false,"depopulated_date":null,"status_now":null,"group_1945":null,"group_now":null,"mechanism":null,"references":{},"evidence":[{"source_id":"ocha_opt","title":"State of Palestine - Palestinian Communities in the West Bank and the Gaza Strip","url":"https://www.ochaopt.org/page/datasets-and-mapping-tools","document_date":"2019-07-17","retrieved":"2026-08-09"}]}},{"type":"Feature","geometry":{"type":"Point","coordinates":[35.341204,31.977638]},"properties":{"locality_id":"301580","name":"Ein Samiya","names":{"primary":"Ein Samiya","arabic":"عِيْن سَامْيَة"},"district":"Ramallah","subdistrict":null,"pop_1945_total":null,"pop_1945_palestinian":null,"in_east_jerusalem":false,"oslo_area":"C","population":[{"year":2017,"value":245,"source_id":"ocha_opt"}],"depopulated_1948":false,"depopulated_date":null,"status_now":null,"group_1945":null,"group_now":null,"mechanism":null,"references":{},"evidence":[{"source_id":"ocha_opt","title":"State of Palestine - Palestinian Communities in the West Bank and the Gaza Strip","url":"https://www.ochaopt.org/page/datasets-and-mapping-tools","document_date":"2019-07-17","retrieved":"2026-08-09"}]}},{"type":"Feature","geometry":{"type":"Point","coordinates":[35.317568,31.758817]},"properties":{"locality_id":"999942","name":"Wadi Abu Hindi","names":{"primary":"Wadi Abu Hindi"},"district":"Jerusalem","subdistrict":null,"pop_1945_total":null,"pop_1945_palestinian":null,"in_east_jerusalem":false,"oslo_area":"C","population":[],"depopulated_1948":false,"depopulated_date":null,"status_now":null,"group_1945":null,"group_now":null,"mechanism":null,"references":{},"evidence":[{"source_id":"ocha_opt","title":"State of Palestine - Palestinian Communities in the West Bank and the Gaza Strip","url":"https://www.ochaopt.org/page/datasets-and-mapping-tools","document_date":"2019-07-17","retrieved":"2026-08-09"}]}},{"type":"Feature","geometry":{"type":"Point","coordinates":[35.499184,32.370141]},"properties":{"locality_id":"50470","name":"Khirbet Tell el Himma","names":{"primary":"Khirbet Tell el Himma","arabic":"خِرْبِة تَل الحِمَّة"},"district":"Tubas","subdistrict":null,"pop_1945_total":null,"pop_1945_palestinian":null,"in_east_jerusalem":false,"oslo_area":"C","population":[{"year":2017,"value":77,"source_id":"ocha_opt"}],"depopulated_1948":false,"depopulated_date":null,"status_now":null,"group_1945":null,"group_now":null,"mechanism":null,"references":{},"evidence":[{"source_id":"ocha_opt","title":"State of Palestine - Palestinian Communities in the West Bank and the Gaza Strip","url":"https://www.ochaopt.org/page/datasets-and-mapping-tools","document_date":"2019-07-17","retrieved":"2026-08-09"}]}},{"type":"Feature","geometry":{"type":"Point","coordinates":[35.254102,31.86629]},"properties":{"locality_id":"999766","name":"Abu Shusheh Bedouins","names":{"primary":"Abu Shusheh Bedouins"},"district":"Jerusalem","subdistrict":null,"pop_1945_total":null,"pop_1945_palestinian":null,"in_east_jerusalem":false,"oslo_area":"C","population":[],"depopulated_1948":false,"depopulated_date":null,"status_now":null,"group_1945":null,"group_now":null,"mechanism":null,"references":{},"evidence":[{"source_id":"ocha_opt","title":"State of Palestine - Palestinian Communities in the West Bank and the Gaza Strip","url":"https://www.ochaopt.org/page/datasets-and-mapping-tools","document_date":"2019-07-17","retrieved":"2026-08-09"}]}},{"type":"Feature","geometry":{"type":"Point","coordinates":[35.321278,31.918555]},"properties":{"locality_id":"999850","name":"Dar Faza'a","names":{"primary":"Dar Faza'a"},"district":"Ramallah","subdistrict":null,"pop_1945_total":null,"pop_1945_palestinian":null,"in_east_jerusalem":false,"oslo_area":"C","population":[{"year":2017,"value":830,"source_id":"ocha_opt"}],"depopulated_1948":false,"depopulated_date":null,"status_now":null,"group_1945":null,"group_now":null,"mechanism":null,"references":{},"evidence":[{"source_id":"ocha_opt","title":"State of Palestine - Palestinian Communities in the West Bank and the Gaza Strip","url":"https://www.ochaopt.org/page/datasets-and-mapping-tools","document_date":"2019-07-17","retrieved":"2026-08-09"}]}},{"type":"Feature","geometry":{"type":"Point","coordinates":[34.92792,31.351063]},"properties":{"locality_id":"999980","name":"Tatrit","names":{"primary":"Tatrit"},"district":"Hebron","subdistrict":null,"pop_1945_total":null,"pop_1945_palestinian":null,"in_east_jerusalem":false,"oslo_area":"C","population":[],"depopulated_1948":false,"depopulated_date":null,"status_now":null,"group_1945":null,"group_now":null,"mechanism":null,"references":{},"evidence":[{"source_id":"ocha_opt","title":"State of Palestine - Palestinian Communities in the West Bank and the Gaza Strip","url":"https://www.ochaopt.org/page/datasets-and-mapping-tools","document_date":"2019-07-17","retrieved":"2026-08-09"}]}},{"type":"Feature","geometry":{"type":"Point","coordinates":[35.455279,32.19795]},"properties":{"locality_id":"999858","name":"Humsa - Basaliya","names":{"primary":"Humsa - Basaliya"},"district":"Nablus","subdistrict":null,"pop_1945_total":null,"pop_1945_palestinian":null,"in_east_jerusalem":false,"oslo_area":"C","population":[],"depopulated_1948":false,"depopulated_date":null,"status_now":null,"group_1945":null,"group_now":null,"mechanism":null,"references":{},"evidence":[{"source_id":"ocha_opt","title":"State of Palestine - Palestinian Communities in the West Bank and the Gaza Strip","url":"https://www.ochaopt.org/page/datasets-and-mapping-tools","document_date":"2019-07-17","retrieved":"2026-08-09"}]}},{"type":"Feature","geometry":{"type":"Point","coordinates":[35.496962,31.870146]},"properties":{"locality_id":"999793","name":"Al Mashru' Bedouins","names":{"primary":"Al Mashru' Bedouins"},"district":"Jericho","subdistrict":null,"pop_1945_total":null,"pop_1945_palestinian":null,"in_east_jerusalem":false,"oslo_area":"C","population":[],"depopulated_1948":false,"depopulated_date":null,"status_now":null,"group_1945":null,"group_now":null,"mechanism":null,"references":{},"evidence":[{"source_id":"ocha_opt","title":"State of Palestine - Palestinian Communities in the West Bank and the Gaza Strip","url":"https://www.ochaopt.org/page/datasets-and-mapping-tools","document_date":"2019-07-17","retrieved":"2026-08-09"}]}},{"type":"Feature","geometry":{"type":"Point","coordinates":[35.43516,31.853992]},"properties":{"locality_id":"999792","name":"Isteih","names":{"primary":"Isteih"},"district":"Jericho","subdistrict":null,"pop_1945_total":null,"pop_1945_palestinian":null,"in_east_jerusalem":false,"oslo_area":"C","population":[],"depopulated_1948":false,"depopulated_date":null,"status_now":null,"group_1945":null,"group_now":null,"mechanism":null,"references":{},"evidence":[{"source_id":"ocha_opt","title":"State of Palestine - Palestinian Communities in the West Bank and the Gaza Strip","url":"https://www.ochaopt.org/page/datasets-and-mapping-tools","document_date":"2019-07-17","retrieved":"2026-08-09"}]}},{"type":"Feature","geometry":{"type":"Point","coordinates":[35.231763,31.84307]},"properties":{"locality_id":"999773","name":"Beit Hanina - Dahiyat Al Bareed","names":{"primary":"Beit Hanina - Dahiyat Al Bareed"},"district":"Jerusalem","subdistrict":null,"pop_1945_total":null,"pop_1945_palestinian":null,"in_east_jerusalem":true,"oslo_area":"C","population":[{"year":2017,"value":null,"note":"with Ar Ram","source_id":"ocha_opt"}],"depopulated_1948":false,"depopulated_date":null,"status_now":null,"group_1945":null,"group_now":null,"mechanism":null,"references":{},"evidence":[{"source_id":"ocha_opt","title":"State of Palestine - Palestinian Communities in the West Bank and the Gaza Strip","url":"https://www.ochaopt.org/page/datasets-and-mapping-tools","document_date":"2019-07-17","retrieved":"2026-08-09"}]}},{"type":"Feature","geometry":{"type":"Point","coordinates":[35.328639,31.93926]},"properties":{"locality_id":"999772","name":"East Tayba Bedouins","names":{"primary":"East Tayba Bedouins"},"district":"Ramallah","subdistrict":null,"pop_1945_total":null,"pop_1945_palestinian":null,"in_east_jerusalem":false,"oslo_area":"C","population":[],"depopulated_1948":false,"depopulated_date":null,"status_now":null,"group_1945":null,"group_now":null,"mechanism":null,"references":{},"evidence":[{"source_id":"ocha_opt","title":"State of Palestine - Palestinian Communities in the West Bank and the Gaza Strip","url":"https://www.ochaopt.org/page/datasets-and-mapping-tools","document_date":"2019-07-17","retrieved":"2026-08-09"}]}},{"type":"Feature","geometry":{"type":"Point","coordinates":[35.350755,31.912628]},"properties":{"locality_id":"301775","name":"Al Mu'arrajat Centre","names":{"primary":"Al Mu'arrajat Centre","arabic":"بَدِو المُعَرَّجَات"},"district":"Ramallah","subdistrict":null,"pop_1945_total":null,"pop_1945_palestinian":null,"in_east_jerusalem":false,"oslo_area":"C","population":[{"year":2017,"value":830,"source_id":"ocha_opt"}],"depopulated_1948":false,"depopulated_date":null,"status_now":null,"group_1945":null,"group_now":null,"mechanism":null,"references":{},"evidence":[{"source_id":"ocha_opt","title":"State of Palestine - Palestinian Communities in the West Bank and the Gaza Strip","url":"https://www.ochaopt.org/page/datasets-and-mapping-tools","document_date":"2019-07-17","retrieved":"2026-08-09"}]}},{"type":"Feature","geometry":{"type":"Point","coordinates":[35.111682,31.561128]},"properties":{"locality_id":"999763","name":"Qezoun","names":{"primary":"Qezoun"},"district":"Hebron","subdistrict":null,"pop_1945_total":null,"pop_1945_palestinian":null,"in_east_jerusalem":false,"oslo_area":"C","population":[{"year":2017,"value":0,"source_id":"ocha_opt"}],"depopulated_1948":false,"depopulated_date":null,"status_now":null,"group_1945":null,"group_now":null,"mechanism":null,"references":{},"evidence":[{"source_id":"ocha_opt","title":"State of Palestine - Palestinian Communities in the West Bank and the Gaza Strip","url":"https://www.ochaopt.org/page/datasets-and-mapping-tools","document_date":"2019-07-17","retrieved":"2026-08-09"}]}},{"type":"Feature","geometry":{"type":"Point","coordinates":[35.411757,31.795534]},"properties":{"locality_id":"352075","name":"An Nabi Musa Bedouins","names":{"primary":"An Nabi Musa Bedouins","arabic":"النَبي موسى"},"district":"Jericho","subdistrict":null,"pop_1945_total":null,"pop_1945_palestinian":null,"in_east_jerusalem":false,"oslo_area":"C","population":[{"year":2017,"value":343,"source_id":"ocha_opt"}],"depopulated_1948":false,"depopulated_date":null,"status_now":null,"group_1945":null,"group_now":null,"mechanism":null,"references":{},"evidence":[{"source_id":"ocha_opt","title":"State of Palestine - Palestinian Communities in the West Bank and the Gaza Strip","url":"https://www.ochaopt.org/page/datasets-and-mapping-tools","document_date":"2019-07-17","retrieved":"2026-08-09"}]}},{"type":"Feature","geometry":{"type":"Point","coordinates":[35.024944,31.367888]},"properties":{"locality_id":"999985","name":"Khirbet ar Ratheem","names":{"primary":"Khirbet ar Ratheem"},"district":"Hebron","subdistrict":null,"pop_1945_total":null,"pop_1945_palestinian":null,"in_east_jerusalem":false,"oslo_area":"C","population":[{"year":2017,"value":16,"source_id":"ocha_opt"}],"depopulated_1948":false,"depopulated_date":null,"status_now":null,"group_1945":null,"group_now":null,"mechanism":null,"references":{},"evidence":[{"source_id":"ocha_opt","title":"State of Palestine - Palestinian Communities in the West Bank and the Gaza Strip","url":"https://www.ochaopt.org/page/datasets-and-mapping-tools","document_date":"2019-07-17","retrieved":"2026-08-09"}]}},{"type":"Feature","geometry":{"type":"Point","coordinates":[35.005983,32.076149]},"properties":{"locality_id":"999924","name":"Umm al Hamam","names":{"primary":"Umm al Hamam"},"district":"Salfit","subdistrict":null,"pop_1945_total":null,"pop_1945_palestinian":null,"in_east_jerusalem":false,"oslo_area":"C","population":[],"depopulated_1948":false,"depopulated_date":null,"status_now":null,"group_1945":null,"group_now":null,"mechanism":null,"references":{},"evidence":[{"source_id":"ocha_opt","title":"State of Palestine - Palestinian Communities in the West Bank and the Gaza Strip","url":"https://www.ochaopt.org/page/datasets-and-mapping-tools","document_date":"2019-07-17","retrieved":"2026-08-09"}]}},{"type":"Feature","geometry":{"type":"Point","coordinates":[35.165096,31.849927]},"properties":{"locality_id":"999967","name":"Al Khalayleh","names":{"primary":"Al Khalayleh"},"district":"Jerusalem","subdistrict":null,"pop_1945_total":null,"pop_1945_palestinian":null,"in_east_jerusalem":false,"oslo_area":"C","population":[],"depopulated_1948":false,"depopulated_date":null,"status_now":null,"group_1945":null,"group_now":null,"mechanism":null,"references":{},"evidence":[{"source_id":"ocha_opt","title":"State of Palestine - Palestinian Communities in the West Bank and the Gaza Strip","url":"https://www.ochaopt.org/page/datasets-and-mapping-tools","document_date":"2019-07-17","retrieved":"2026-08-09"}]}},{"type":"Feature","geometry":{"type":"Point","coordinates":[35.189118,31.8563]},"properties":{"locality_id":"999889","name":"North Al Jib Bedouins","names":{"primary":"North Al Jib Bedouins"},"district":"Jerusalem","subdistrict":null,"pop_1945_total":null,"pop_1945_palestinian":null,"in_east_jerusalem":false,"oslo_area":"C","population":[],"depopulated_1948":false,"depopulated_date":null,"status_now":null,"group_1945":null,"group_now":null,"mechanism":null,"references":{},"evidence":[{"source_id":"ocha_opt","title":"State of Palestine - Palestinian Communities in the West Bank and the Gaza Strip","url":"https://www.ochaopt.org/page/datasets-and-mapping-tools","document_date":"2019-07-17","retrieved":"2026-08-09"}]}},{"type":"Feature","geometry":{"type":"Point","coordinates":[35.296819,31.794756]},"properties":{"locality_id":"999879","name":"Latoon Abu Jumaa","names":{"primary":"Latoon Abu Jumaa"},"district":"Jerusalem","subdistrict":null,"pop_1945_total":null,"pop_1945_palestinian":null,"in_east_jerusalem":false,"oslo_area":"C","population":[],"depopulated_1948":false,"depopulated_date":null,"status_now":null,"group_1945":null,"group_now":null,"mechanism":null,"references":{},"evidence":[{"source_id":"ocha_opt","title":"State of Palestine - Palestinian Communities in the West Bank and the Gaza Strip","url":"https://www.ochaopt.org/page/datasets-and-mapping-tools","document_date":"2019-07-17","retrieved":"2026-08-09"}]}},{"type":"Feature","geometry":{"type":"Point","coordinates":[35.2157,31.849326]},"properties":{"locality_id":"999851","name":"Tal al 'Addasa Bedouins","names":{"primary":"Tal al 'Addasa Bedouins"},"district":"Jerusalem","subdistrict":null,"pop_1945_total":null,"pop_1945_palestinian":null,"in_east_jerusalem":false,"oslo_area":"Israeli Declared East Jerusalem","population":[],"depopulated_1948":false,"depopulated_date":null,"status_now":null,"group_1945":null,"group_now":null,"mechanism":null,"references":{},"evidence":[{"source_id":"ocha_opt","title":"State of Palestine - Palestinian Communities in the West Bank and the Gaza Strip","url":"https://www.ochaopt.org/page/datasets-and-mapping-tools","document_date":"2019-07-17","retrieved":"2026-08-09"}]}},{"type":"Feature","geometry":{"type":"Point","coordinates":[35.315898,31.769613]},"properties":{"locality_id":"999868","name":"Wadi al A'awaj","names":{"primary":"Wadi al A'awaj"},"district":"Jerusalem","subdistrict":null,"pop_1945_total":null,"pop_1945_palestinian":null,"in_east_jerusalem":false,"oslo_area":"C","population":[],"depopulated_1948":false,"depopulated_date":null,"status_now":null,"group_1945":null,"group_now":null,"mechanism":null,"references":{},"evidence":[{"source_id":"ocha_opt","title":"State of Palestine - Palestinian Communities in the West Bank and the Gaza Strip","url":"https://www.ochaopt.org/page/datasets-and-mapping-tools","document_date":"2019-07-17","retrieved":"2026-08-09"}]}},{"type":"Feature","geometry":{"type":"Point","coordinates":[35.493432,32.083861]},"properties":{"locality_id":"999853","name":"Umm Daleen","names":{"primary":"Umm Daleen"},"district":"Jericho","subdistrict":null,"pop_1945_total":null,"pop_1945_palestinian":null,"in_east_jerusalem":false,"oslo_area":"C","population":[],"depopulated_1948":false,"depopulated_date":null,"status_now":null,"group_1945":null,"group_now":null,"mechanism":null,"references":{},"evidence":[{"source_id":"ocha_opt","title":"State of Palestine - Palestinian Communities in the West Bank and the Gaza Strip","url":"https://www.ochaopt.org/page/datasets-and-mapping-tools","document_date":"2019-07-17","retrieved":"2026-08-09"}]}},{"type":"Feature","geometry":{"type":"Point","coordinates":[35.528789,32.38069]},"properties":{"locality_id":"999860","name":"Ad Deir","names":{"primary":"Ad Deir"},"district":"Tubas","subdistrict":null,"pop_1945_total":null,"pop_1945_palestinian":null,"in_east_jerusalem":false,"oslo_area":"C","population":[],"depopulated_1948":false,"depopulated_date":null,"status_now":null,"group_1945":null,"group_now":null,"mechanism":null,"references":{},"evidence":[{"source_id":"ocha_opt","title":"State of Palestine - Palestinian Communities in the West Bank and the Gaza Strip","url":"https://www.ochaopt.org/page/datasets-and-mapping-tools","document_date":"2019-07-17","retrieved":"2026-08-09"}]}},{"type":"Feature","geometry":{"type":"Point","coordinates":[35.258881,31.691703]},"properties":{"locality_id":"452290","name":"Ras al Wad","names":{"primary":"Ras al Wad","arabic":"راسْ الواد"},"district":"Bethlehem","subdistrict":null,"pop_1945_total":null,"pop_1945_palestinian":null,"in_east_jerusalem":false,"oslo_area":"A","population":[],"depopulated_1948":false,"depopulated_date":null,"status_now":null,"group_1945":null,"group_now":null,"mechanism":null,"references":{},"evidence":[{"source_id":"ocha_opt","title":"State of Palestine - Palestinian Communities in the West Bank and the Gaza Strip","url":"https://www.ochaopt.org/page/datasets-and-mapping-tools","document_date":"2019-07-17","retrieved":"2026-08-09"}]}},{"type":"Feature","geometry":{"type":"Point","coordinates":[35.020753,31.431392]},"properties":{"locality_id":"503185","name":"Abu al 'Urqan","names":{"primary":"Abu al 'Urqan","arabic":"أبو العُرْقَان"},"district":"Hebron","subdistrict":null,"pop_1945_total":null,"pop_1945_palestinian":null,"in_east_jerusalem":false,"oslo_area":"A","population":[{"year":2017,"value":516,"source_id":"ocha_opt"}],"depopulated_1948":false,"depopulated_date":null,"status_now":null,"group_1945":null,"group_now":null,"mechanism":null,"references":{},"evidence":[{"source_id":"ocha_opt","title":"State of Palestine - Palestinian Communities in the West Bank and the Gaza Strip","url":"https://www.ochaopt.org/page/datasets-and-mapping-tools","document_date":"2019-07-17","retrieved":"2026-08-09"}]}},{"type":"Feature","geometry":{"type":"Point","coordinates":[35.008721,31.436769]},"properties":{"locality_id":"503160","name":"Abu al Ghuzlan","names":{"primary":"Abu al Ghuzlan","arabic":"أبو الغُزْلان"},"district":"Hebron","subdistrict":null,"pop_1945_total":null,"pop_1945_palestinian":null,"in_east_jerusalem":false,"oslo_area":"A","population":[{"year":2017,"value":783,"source_id":"ocha_opt"}],"depopulated_1948":false,"depopulated_date":null,"status_now":null,"group_1945":null,"group_now":null,"mechanism":null,"references":{},"evidence":[{"source_id":"ocha_opt","title":"State of Palestine - Palestinian Communities in the West Bank and the Gaza Strip","url":"https://www.ochaopt.org/page/datasets-and-mapping-tools","document_date":"2019-07-17","retrieved":"2026-08-09"}]}},{"type":"Feature","geometry":{"type":"Point","coordinates":[34.925625,31.437531]},"properties":{"locality_id":"503165","name":"Al Bira","names":{"primary":"Al Bira","arabic":"البِيرَة"},"district":"Hebron","subdistrict":null,"pop_1945_total":null,"pop_1945_palestinian":null,"in_east_jerusalem":false,"oslo_area":"C","population":[],"depopulated_1948":false,"depopulated_date":null,"status_now":null,"group_1945":null,"group_now":null,"mechanism":null,"references":{},"evidence":[{"source_id":"ocha_opt","title":"State of Palestine - Palestinian Communities in the West Bank and the Gaza Strip","url":"https://www.ochaopt.org/page/datasets-and-mapping-tools","document_date":"2019-07-17","retrieved":"2026-08-09"}]}},{"type":"Feature","geometry":{"type":"Point","coordinates":[35.518792,32.360298]},"properties":{"locality_id":"999843","name":"Al Farisiya-Khallet Khader","names":{"primary":"Al Farisiya-Khallet Khader"},"district":"Tubas","subdistrict":null,"pop_1945_total":null,"pop_1945_palestinian":null,"in_east_jerusalem":false,"oslo_area":"C","population":[],"depopulated_1948":false,"depopulated_date":null,"status_now":null,"group_1945":null,"group_now":null,"mechanism":null,"references":{},"evidence":[{"source_id":"ocha_opt","title":"State of Palestine - Palestinian Communities in the West Bank and the Gaza Strip","url":"https://www.ochaopt.org/page/datasets-and-mapping-tools","document_date":"2019-07-17","retrieved":"2026-08-09"}]}},{"type":"Feature","geometry":{"type":"Point","coordinates":[35.238806,31.41939]},"properties":{"locality_id":"503130","name":"Khashem al Karem","names":{"primary":"Khashem al Karem","arabic":"خَشْم الكَرْم"},"district":"Hebron","subdistrict":null,"pop_1945_total":null,"pop_1945_palestinian":null,"in_east_jerusalem":false,"oslo_area":"C","population":[{"year":2017,"value":151,"source_id":"ocha_opt"}],"depopulated_1948":false,"depopulated_date":null,"status_now":null,"group_1945":null,"group_now":null,"mechanism":null,"references":{},"evidence":[{"source_id":"ocha_opt","title":"State of Palestine - Palestinian Communities in the West Bank and the Gaza Strip","url":"https://www.ochaopt.org/page/datasets-and-mapping-tools","document_date":"2019-07-17","retrieved":"2026-08-09"}]}},{"type":"Feature","geometry":{"type":"Point","coordinates":[34.957126,31.465778]},"properties":{"locality_id":"502985","name":"Iskeik","names":{"primary":"Iskeik","arabic":"إسْكِيك"},"district":"Hebron","subdistrict":null,"pop_1945_total":null,"pop_1945_palestinian":null,"in_east_jerusalem":false,"oslo_area":"C","population":[{"year":2017,"value":212,"source_id":"ocha_opt"}],"depopulated_1948":false,"depopulated_date":null,"status_now":null,"group_1945":null,"group_now":null,"mechanism":null,"references":{},"evidence":[{"source_id":"ocha_opt","title":"State of Palestine - Palestinian Communities in the West Bank and the Gaza Strip","url":"https://www.ochaopt.org/page/datasets-and-mapping-tools","document_date":"2019-07-17","retrieved":"2026-08-09"}]}},{"type":"Feature","geometry":{"type":"Point","coordinates":[34.915673,31.405264]},"properties":{"locality_id":"999934","name":"Iqtait","names":{"primary":"Iqtait"},"district":"Hebron","subdistrict":null,"pop_1945_total":null,"pop_1945_palestinian":null,"in_east_jerusalem":false,"oslo_area":"C","population":[{"year":2017,"value":8,"source_id":"ocha_opt"}],"depopulated_1948":false,"depopulated_date":null,"status_now":null,"group_1945":null,"group_now":null,"mechanism":null,"references":{},"evidence":[{"source_id":"ocha_opt","title":"State of Palestine - Palestinian Communities in the West Bank and the Gaza Strip","url":"https://www.ochaopt.org/page/datasets-and-mapping-tools","document_date":"2019-07-17","retrieved":"2026-08-09"}]}},{"type":"Feature","geometry":{"type":"Point","coordinates":[35.057163,31.489025]},"properties":{"locality_id":"502885","name":"Al Hijra","names":{"primary":"Al Hijra","arabic":"الهِجْرَة"},"district":"Hebron","subdistrict":null,"pop_1945_total":null,"pop_1945_palestinian":null,"in_east_jerusalem":false,"oslo_area":"C","population":[{"year":2017,"value":993,"source_id":"ocha_opt"}],"depopulated_1948":false,"depopulated_date":null,"status_now":null,"group_1945":null,"group_now":null,"mechanism":null,"references":{},"evidence":[{"source_id":"ocha_opt","title":"State of Palestine - Palestinian Communities in the West Bank and the Gaza Strip","url":"https://www.ochaopt.org/page/datasets-and-mapping-tools","document_date":"2019-07-17","retrieved":"2026-08-09"}]}},{"type":"Feature","geometry":{"type":"Point","coordinates":[35.221661,31.405736]},"properties":{"locality_id":"999944","name":"Rojom Eshayeb","names":{"primary":"Rojom Eshayeb"},"district":"Hebron","subdistrict":null,"pop_1945_total":null,"pop_1945_palestinian":null,"in_east_jerusalem":false,"oslo_area":"C","population":[],"depopulated_1948":false,"depopulated_date":null,"status_now":null,"group_1945":null,"group_now":null,"mechanism":null,"references":{},"evidence":[{"source_id":"ocha_opt","title":"State of Palestine - Palestinian Communities in the West Bank and the Gaza Strip","url":"https://www.ochaopt.org/page/datasets-and-mapping-tools","document_date":"2019-07-17","retrieved":"2026-08-09"}]}},{"type":"Feature","geometry":{"type":"Point","coordinates":[34.929518,31.369464]},"properties":{"locality_id":"999937","name":"Deir al Hawa","names":{"primary":"Deir al Hawa"},"district":"Hebron","subdistrict":null,"pop_1945_total":null,"pop_1945_palestinian":null,"in_east_jerusalem":false,"oslo_area":"C","population":[],"depopulated_1948":false,"depopulated_date":null,"status_now":null,"group_1945":null,"group_now":null,"mechanism":null,"references":{},"evidence":[{"source_id":"ocha_opt","title":"State of Palestine - Palestinian Communities in the West Bank and the Gaza Strip","url":"https://www.ochaopt.org/page/datasets-and-mapping-tools","document_date":"2019-07-17","retrieved":"2026-08-09"}]}},{"type":"Feature","geometry":{"type":"Point","coordinates":[35.192542,32.497094]},"properties":{"locality_id":"999932","name":"Khallet Anjas","names":{"primary":"Khallet Anjas"},"district":"Jenin","subdistrict":null,"pop_1945_total":null,"pop_1945_palestinian":null,"in_east_jerusalem":false,"oslo_area":"C","population":[{"year":2017,"value":0,"source_id":"ocha_opt"}],"depopulated_1948":false,"depopulated_date":null,"status_now":null,"group_1945":null,"group_now":null,"mechanism":null,"references":{},"evidence":[{"source_id":"ocha_opt","title":"State of Palestine - Palestinian Communities in the West Bank and the Gaza Strip","url":"https://www.ochaopt.org/page/datasets-and-mapping-tools","document_date":"2019-07-17","retrieved":"2026-08-09"}]}},{"type":"Feature","geometry":{"type":"Point","coordinates":[35.180723,32.44781]},"properties":{"locality_id":"999930","name":"Adebal","names":{"primary":"Adebal","arabic":"اديبال"},"district":"Jenin","subdistrict":null,"pop_1945_total":null,"pop_1945_palestinian":null,"in_east_jerusalem":false,"oslo_area":"C","population":[],"depopulated_1948":false,"depopulated_date":null,"status_now":null,"group_1945":null,"group_now":null,"mechanism":null,"references":{},"evidence":[{"source_id":"ocha_opt","title":"State of Palestine - Palestinian Communities in the West Bank and the Gaza Strip","url":"https://www.ochaopt.org/page/datasets-and-mapping-tools","document_date":"2019-07-17","retrieved":"2026-08-09"}]}},{"type":"Feature","geometry":{"type":"Point","coordinates":[35.190197,32.194805]},"properties":{"locality_id":"999925","name":"Khallet Alatot","names":{"primary":"Khallet Alatot"},"district":"Nablus","subdistrict":null,"pop_1945_total":null,"pop_1945_palestinian":null,"in_east_jerusalem":false,"oslo_area":"C","population":[],"depopulated_1948":false,"depopulated_date":null,"status_now":null,"group_1945":null,"group_now":null,"mechanism":null,"references":{},"evidence":[{"source_id":"ocha_opt","title":"State of Palestine - Palestinian Communities in the West Bank and the Gaza Strip","url":"https://www.ochaopt.org/page/datasets-and-mapping-tools","document_date":"2019-07-17","retrieved":"2026-08-09"}]}},{"type":"Feature","geometry":{"type":"Point","coordinates":[35.175597,31.425149]},"properties":{"locality_id":"999811","name":"Tha'lah","names":{"primary":"Tha'lah"},"district":"Hebron","subdistrict":null,"pop_1945_total":null,"pop_1945_palestinian":null,"in_east_jerusalem":false,"oslo_area":"C","population":[{"year":2017,"value":0,"source_id":"ocha_opt"}],"depopulated_1948":false,"depopulated_date":null,"status_now":null,"group_1945":null,"group_now":null,"mechanism":null,"references":{},"evidence":[{"source_id":"ocha_opt","title":"State of Palestine - Palestinian Communities in the West Bank and the Gaza Strip","url":"https://www.ochaopt.org/page/datasets-and-mapping-tools","document_date":"2019-07-17","retrieved":"2026-08-09"}]}},{"type":"Feature","geometry":{"type":"Point","coordinates":[34.9917,31.382676]},"properties":{"locality_id":"999810","name":"Umm At Tiran","names":{"primary":"Umm At Tiran"},"district":"Hebron","subdistrict":null,"pop_1945_total":null,"pop_1945_palestinian":null,"in_east_jerusalem":false,"oslo_area":"C","population":[{"year":2017,"value":0,"source_id":"ocha_opt"}],"depopulated_1948":false,"depopulated_date":null,"status_now":null,"group_1945":null,"group_now":null,"mechanism":null,"references":{},"evidence":[{"source_id":"ocha_opt","title":"State of Palestine - Palestinian Communities in the West Bank and the Gaza Strip","url":"https://www.ochaopt.org/page/datasets-and-mapping-tools","document_date":"2019-07-17","retrieved":"2026-08-09"}]}},{"type":"Feature","geometry":{"type":"Point","coordinates":[34.995914,31.383479]},"properties":{"locality_id":"999809","name":"Umm Al Qaáran","names":{"primary":"Umm Al Qaáran"},"district":"Hebron","subdistrict":null,"pop_1945_total":null,"pop_1945_palestinian":null,"in_east_jerusalem":false,"oslo_area":"C","population":[],"depopulated_1948":false,"depopulated_date":null,"status_now":null,"group_1945":null,"group_now":null,"mechanism":null,"references":{},"evidence":[{"source_id":"ocha_opt","title":"State of Palestine - Palestinian Communities in the West Bank and the Gaza Strip","url":"https://www.ochaopt.org/page/datasets-and-mapping-tools","document_date":"2019-07-17","retrieved":"2026-08-09"}]}},{"type":"Feature","geometry":{"type":"Point","coordinates":[35.187804,32.253814]},"properties":{"locality_id":"150810","name":"Deir Sharaf","names":{"primary":"Deir Sharaf","arabic":"دِير شَرَفْ"},"district":"Nablus","subdistrict":null,"pop_1945_total":null,"pop_1945_palestinian":null,"in_east_jerusalem":false,"oslo_area":"A","population":[{"year":2017,"value":2914,"source_id":"ocha_opt"}],"depopulated_1948":false,"depopulated_date":null,"status_now":null,"group_1945":null,"group_now":null,"mechanism":null,"references":{},"evidence":[{"source_id":"ocha_opt","title":"State of Palestine - Palestinian Communities in the West Bank and the Gaza Strip","url":"https://www.ochaopt.org/page/datasets-and-mapping-tools","document_date":"2019-07-17","retrieved":"2026-08-09"}]}},{"type":"Feature","geometry":{"type":"Point","coordinates":[35.197707,31.647447]},"properties":{"locality_id":"452475","name":"Al Halqum","names":{"primary":"Al Halqum","arabic":"الحَلْقوم"},"district":"Bethlehem","subdistrict":null,"pop_1945_total":null,"pop_1945_palestinian":null,"in_east_jerusalem":false,"oslo_area":"C","population":[{"year":2017,"value":266,"source_id":"ocha_opt"}],"depopulated_1948":false,"depopulated_date":null,"status_now":null,"group_1945":null,"group_now":null,"mechanism":null,"references":{},"evidence":[{"source_id":"ocha_opt","title":"State of Palestine - Palestinian Communities in the West Bank and the Gaza Strip","url":"https://www.ochaopt.org/page/datasets-and-mapping-tools","document_date":"2019-07-17","retrieved":"2026-08-09"}]}},{"type":"Feature","geometry":{"type":"Point","coordinates":[35.221709,31.661154]},"properties":{"locality_id":"452420","name":"Harmala","names":{"primary":"Harmala","arabic":"حَرْمَلَة"},"district":"Bethlehem","subdistrict":null,"pop_1945_total":null,"pop_1945_palestinian":null,"in_east_jerusalem":false,"oslo_area":"C","population":[{"year":2017,"value":1087,"source_id":"ocha_opt"}],"depopulated_1948":false,"depopulated_date":null,"status_now":null,"group_1945":null,"group_now":null,"mechanism":null,"references":{},"evidence":[{"source_id":"ocha_opt","title":"State of Palestine - Palestinian Communities in the West Bank and the Gaza Strip","url":"https://www.ochaopt.org/page/datasets-and-mapping-tools","document_date":"2019-07-17","retrieved":"2026-08-09"}]}},{"type":"Feature","geometry":{"type":"Point","coordinates":[35.20494,31.505487]},"properties":{"locality_id":"999988","name":"Masafer Bani Na'im","names":{"primary":"Masafer Bani Na'im"},"district":"Hebron","subdistrict":null,"pop_1945_total":null,"pop_1945_palestinian":null,"in_east_jerusalem":false,"oslo_area":"A","population":[{"year":2017,"value":3,"source_id":"ocha_opt"}],"depopulated_1948":false,"depopulated_date":null,"status_now":null,"group_1945":null,"group_now":null,"mechanism":null,"references":{},"evidence":[{"source_id":"ocha_opt","title":"State of Palestine - Palestinian Communities in the West Bank and the Gaza Strip","url":"https://www.ochaopt.org/page/datasets-and-mapping-tools","document_date":"2019-07-17","retrieved":"2026-08-09"}]}},{"type":"Feature","geometry":{"type":"Point","coordinates":[34.993078,31.542206]},"properties":{"locality_id":"502730","name":"Suba","names":{"primary":"Suba","arabic":"سُوبَا"},"district":"Hebron","subdistrict":null,"pop_1945_total":null,"pop_1945_palestinian":null,"in_east_jerusalem":false,"oslo_area":"A","population":[{"year":2017,"value":139,"source_id":"ocha_opt"}],"depopulated_1948":false,"depopulated_date":null,"status_now":null,"group_1945":null,"group_now":null,"mechanism":null,"references":{},"evidence":[{"source_id":"ocha_opt","title":"State of Palestine - Palestinian Communities in the West Bank and the Gaza Strip","url":"https://www.ochaopt.org/page/datasets-and-mapping-tools","document_date":"2019-07-17","retrieved":"2026-08-09"}]}},{"type":"Feature","geometry":{"type":"Point","coordinates":[34.982625,31.572662]},"properties":{"locality_id":"502645","name":"Bir Musallam","names":{"primary":"Bir Musallam","arabic":"بِير مُسَلَّم"},"district":"Hebron","subdistrict":null,"pop_1945_total":null,"pop_1945_palestinian":null,"in_east_jerusalem":false,"oslo_area":"C","population":[{"year":2017,"value":165,"source_id":"ocha_opt"}],"depopulated_1948":false,"depopulated_date":null,"status_now":null,"group_1945":null,"group_now":null,"mechanism":null,"references":{},"evidence":[{"source_id":"ocha_opt","title":"State of Palestine - Palestinian Communities in the West Bank and the Gaza Strip","url":"https://www.ochaopt.org/page/datasets-and-mapping-tools","document_date":"2019-07-17","retrieved":"2026-08-09"}]}},{"type":"Feature","geometry":{"type":"Point","coordinates":[35.186032,32.238538]},"properties":{"locality_id":"150855","name":"Qusin","names":{"primary":"Qusin","arabic":"قُوصِين"},"district":"Nablus","subdistrict":null,"pop_1945_total":null,"pop_1945_palestinian":null,"in_east_jerusalem":false,"oslo_area":"A","population":[{"year":2017,"value":2251,"source_id":"ocha_opt"}],"depopulated_1948":false,"depopulated_date":null,"status_now":null,"group_1945":null,"group_now":null,"mechanism":null,"references":{},"evidence":[{"source_id":"ocha_opt","title":"State of Palestine - Palestinian Communities in the West Bank and the Gaza Strip","url":"https://www.ochaopt.org/page/datasets-and-mapping-tools","document_date":"2019-07-17","retrieved":"2026-08-09"}]}},{"type":"Feature","geometry":{"type":"Point","coordinates":[35.197755,32.242196]},"properties":{"locality_id":"150860","name":"Beit Iba","names":{"primary":"Beit Iba","arabic":"بِيت إيبَا"},"district":"Nablus","subdistrict":null,"pop_1945_total":null,"pop_1945_palestinian":null,"in_east_jerusalem":false,"oslo_area":"A","population":[{"year":2017,"value":4079,"source_id":"ocha_opt"}],"depopulated_1948":false,"depopulated_date":null,"status_now":null,"group_1945":null,"group_now":null,"mechanism":null,"references":{},"evidence":[{"source_id":"ocha_opt","title":"State of Palestine - Palestinian Communities in the West Bank and the Gaza Strip","url":"https://www.ochaopt.org/page/datasets-and-mapping-tools","document_date":"2019-07-17","retrieved":"2026-08-09"}]}},{"type":"Feature","geometry":{"type":"Point","coordinates":[35.215113,32.230644]},"properties":{"locality_id":"150875","name":"Beit Wazan","names":{"primary":"Beit Wazan","arabic":"بِيت وَزَنْ"},"district":"Nablus","subdistrict":null,"pop_1945_total":null,"pop_1945_palestinian":null,"in_east_jerusalem":false,"oslo_area":"A","population":[{"year":2017,"value":1312,"source_id":"ocha_opt"}],"depopulated_1948":false,"depopulated_date":null,"status_now":null,"group_1945":null,"group_now":null,"mechanism":null,"references":{},"evidence":[{"source_id":"ocha_opt","title":"State of Palestine - Palestinian Communities in the West Bank and the Gaza Strip","url":"https://www.ochaopt.org/page/datasets-and-mapping-tools","document_date":"2019-07-17","retrieved":"2026-08-09"}]}},{"type":"Feature","geometry":{"type":"Point","coordinates":[35.219236,32.240299]},"properties":{"locality_id":"150835","name":"Zawata","names":{"primary":"Zawata","arabic":"زَوَاتا"},"district":"Nablus","subdistrict":null,"pop_1945_total":null,"pop_1945_palestinian":null,"in_east_jerusalem":false,"oslo_area":"A","population":[{"year":2017,"value":2537,"source_id":"ocha_opt"}],"depopulated_1948":false,"depopulated_date":null,"status_now":null,"group_1945":null,"group_now":null,"mechanism":null,"references":{},"evidence":[{"source_id":"ocha_opt","title":"State of Palestine - Palestinian Communities in the West Bank and the Gaza Strip","url":"https://www.ochaopt.org/page/datasets-and-mapping-tools","document_date":"2019-07-17","retrieved":"2026-08-09"}]}},{"type":"Feature","geometry":{"type":"Point","coordinates":[35.266058,32.252612]},"properties":{"locality_id":"150820","name":"Asira ash Shamaliya","names":{"primary":"Asira ash Shamaliya","arabic":"عَصيرَة الشماليَّة"},"district":"Nablus","subdistrict":null,"pop_1945_total":null,"pop_1945_palestinian":null,"in_east_jerusalem":false,"oslo_area":"A","population":[{"year":2017,"value":8813,"source_id":"ocha_opt"}],"depopulated_1948":false,"depopulated_date":null,"status_now":null,"group_1945":null,"group_now":null,"mechanism":null,"references":{},"evidence":[{"source_id":"ocha_opt","title":"State of Palestine - Palestinian Communities in the West Bank and the Gaza Strip","url":"https://www.ochaopt.org/page/datasets-and-mapping-tools","document_date":"2019-07-17","retrieved":"2026-08-09"}]}},{"type":"Feature","geometry":{"type":"Point","coordinates":[35.311078,32.223775]},"properties":{"locality_id":"150910","name":"Azmut","names":{"primary":"Azmut","arabic":"عَزْمُوط"},"district":"Nablus","subdistrict":null,"pop_1945_total":null,"pop_1945_palestinian":null,"in_east_jerusalem":false,"oslo_area":"A","population":[{"year":2017,"value":3440,"source_id":"ocha_opt"}],"depopulated_1948":false,"depopulated_date":null,"status_now":null,"group_1945":null,"group_now":null,"mechanism":null,"references":{},"evidence":[{"source_id":"ocha_opt","title":"State of Palestine - Palestinian Communities in the West Bank and the Gaza Strip","url":"https://www.ochaopt.org/page/datasets-and-mapping-tools","document_date":"2019-07-17","retrieved":"2026-08-09"}]}},{"type":"Feature","geometry":{"type":"Point","coordinates":[35.320768,32.216497]},"properties":{"locality_id":"150935","name":"Deir al Hatab","names":{"primary":"Deir al Hatab","arabic":"دِير الحَطَب"},"district":"Nablus","subdistrict":null,"pop_1945_total":null,"pop_1945_palestinian":null,"in_east_jerusalem":false,"oslo_area":"A","population":[{"year":2017,"value":2838,"source_id":"ocha_opt"}],"depopulated_1948":false,"depopulated_date":null,"status_now":null,"group_1945":null,"group_now":null,"mechanism":null,"references":{},"evidence":[{"source_id":"ocha_opt","title":"State of Palestine - Palestinian Communities in the West Bank and the Gaza Strip","url":"https://www.ochaopt.org/page/datasets-and-mapping-tools","document_date":"2019-07-17","retrieved":"2026-08-09"}]}},{"type":"Feature","geometry":{"type":"Point","coordinates":[35.193566,31.60996]},"properties":{"locality_id":"502575","name":"Umm al Butm","names":{"primary":"Umm al Butm","arabic":"أُم البُطُم"},"district":"Hebron","subdistrict":null,"pop_1945_total":null,"pop_1945_palestinian":null,"in_east_jerusalem":false,"oslo_area":"C","population":[{"year":2017,"value":82,"source_id":"ocha_opt"}],"depopulated_1948":false,"depopulated_date":null,"status_now":null,"group_1945":null,"group_now":null,"mechanism":null,"references":{},"evidence":[{"source_id":"ocha_opt","title":"State of Palestine - Palestinian Communities in the West Bank and the Gaza Strip","url":"https://www.ochaopt.org/page/datasets-and-mapping-tools","document_date":"2019-07-17","retrieved":"2026-08-09"}]}},{"type":"Feature","geometry":{"type":"Point","coordinates":[35.175498,31.603948]},"properties":{"locality_id":"502580","name":"Hamrush","names":{"primary":"Hamrush","arabic":"حَمْرّوش"},"district":"Hebron","subdistrict":null,"pop_1945_total":null,"pop_1945_palestinian":null,"in_east_jerusalem":false,"oslo_area":"A","population":[{"year":2017,"value":53,"source_id":"ocha_opt"}],"depopulated_1948":false,"depopulated_date":null,"status_now":null,"group_1945":null,"group_now":null,"mechanism":null,"references":{},"evidence":[{"source_id":"ocha_opt","title":"State of Palestine - Palestinian Communities in the West Bank and the Gaza Strip","url":"https://www.ochaopt.org/page/datasets-and-mapping-tools","document_date":"2019-07-17","retrieved":"2026-08-09"}]}},{"type":"Feature","geometry":{"type":"Point","coordinates":[35.211425,31.651573]},"properties":{"locality_id":"452455","name":"Khirbet ad Deir","names":{"primary":"Khirbet ad Deir","arabic":"خِرْبِة الدِير"},"district":"Bethlehem","subdistrict":null,"pop_1945_total":null,"pop_1945_palestinian":null,"in_east_jerusalem":false,"oslo_area":"C","population":[{"year":2017,"value":2009,"source_id":"ocha_opt"}],"depopulated_1948":false,"depopulated_date":null,"status_now":null,"group_1945":null,"group_now":null,"mechanism":null,"references":{},"evidence":[{"source_id":"ocha_opt","title":"State of Palestine - Palestinian Communities in the West Bank and the Gaza Strip","url":"https://www.ochaopt.org/page/datasets-and-mapping-tools","document_date":"2019-07-17","retrieved":"2026-08-09"}]}},{"type":"Feature","geometry":{"type":"Point","coordinates":[35.181671,31.669578]},"properties":{"locality_id":"452380","name":"Al Beida","names":{"primary":"Al Beida","arabic":"البَيْضَا"},"district":"Bethlehem","subdistrict":null,"pop_1945_total":null,"pop_1945_palestinian":null,"in_east_jerusalem":false,"oslo_area":"A","population":[{"year":2017,"value":562,"source_id":"ocha_opt"}],"depopulated_1948":false,"depopulated_date":null,"status_now":null,"group_1945":null,"group_now":null,"mechanism":null,"references":{},"evidence":[{"source_id":"ocha_opt","title":"State of Palestine - Palestinian Communities in the West Bank and the Gaza Strip","url":"https://www.ochaopt.org/page/datasets-and-mapping-tools","document_date":"2019-07-17","retrieved":"2026-08-09"}]}},{"type":"Feature","geometry":{"type":"Point","coordinates":[35.040996,31.465379]},"properties":{"locality_id":"502955","name":"Deir Razih","names":{"primary":"Deir Razih","arabic":"دِير رَازِح"},"district":"Hebron","subdistrict":null,"pop_1945_total":null,"pop_1945_palestinian":null,"in_east_jerusalem":false,"oslo_area":"A","population":[{"year":2017,"value":294,"source_id":"ocha_opt"}],"depopulated_1948":false,"depopulated_date":null,"status_now":null,"group_1945":null,"group_now":null,"mechanism":null,"references":{},"evidence":[{"source_id":"ocha_opt","title":"State of Palestine - Palestinian Communities in the West Bank and the Gaza Strip","url":"https://www.ochaopt.org/page/datasets-and-mapping-tools","document_date":"2019-07-17","retrieved":"2026-08-09"}]}},{"type":"Feature","geometry":{"type":"Point","coordinates":[35.201186,31.445492]},"properties":{"locality_id":"503105","name":"Umm ad Daraj","names":{"primary":"Umm ad Daraj","arabic":"أم الدرج (عرب الكعابنه)"},"district":"Hebron","subdistrict":null,"pop_1945_total":null,"pop_1945_palestinian":null,"in_east_jerusalem":false,"oslo_area":"C","population":[{"year":2017,"value":1464,"source_id":"ocha_opt"}],"depopulated_1948":false,"depopulated_date":null,"status_now":null,"group_1945":null,"group_now":null,"mechanism":null,"references":{},"evidence":[{"source_id":"ocha_opt","title":"State of Palestine - Palestinian Communities in the West Bank and the Gaza Strip","url":"https://www.ochaopt.org/page/datasets-and-mapping-tools","document_date":"2019-07-17","retrieved":"2026-08-09"}]}},{"type":"Feature","geometry":{"type":"Point","coordinates":[35.026069,31.655847]},"properties":{"locality_id":"502435","name":"Khirbet ad Deir","names":{"primary":"Khirbet ad Deir","arabic":"خِرْبِة الدِير"},"district":"Hebron","subdistrict":null,"pop_1945_total":null,"pop_1945_palestinian":null,"in_east_jerusalem":false,"oslo_area":"C","population":[{"year":2017,"value":358,"source_id":"ocha_opt"}],"depopulated_1948":false,"depopulated_date":null,"status_now":null,"group_1945":null,"group_now":null,"mechanism":null,"references":{},"evidence":[{"source_id":"ocha_opt","title":"State of Palestine - Palestinian Communities in the West Bank and the Gaza Strip","url":"https://www.ochaopt.org/page/datasets-and-mapping-tools","document_date":"2019-07-17","retrieved":"2026-08-09"}]}},{"type":"Feature","geometry":{"type":"Point","coordinates":[35.126525,31.661489]},"properties":{"locality_id":"452415","name":"Khallet Sakariya","names":{"primary":"Khallet Sakariya","arabic":"خَلِّةْ سَكَارْيَا"},"district":"Bethlehem","subdistrict":null,"pop_1945_total":null,"pop_1945_palestinian":null,"in_east_jerusalem":false,"oslo_area":"C","population":[{"year":2017,"value":142,"source_id":"ocha_opt"}],"depopulated_1948":false,"depopulated_date":null,"status_now":null,"group_1945":null,"group_now":null,"mechanism":null,"references":{},"evidence":[{"source_id":"ocha_opt","title":"State of Palestine - Palestinian Communities in the West Bank and the Gaza Strip","url":"https://www.ochaopt.org/page/datasets-and-mapping-tools","document_date":"2019-07-17","retrieved":"2026-08-09"}]}},{"type":"Feature","geometry":{"type":"Point","coordinates":[34.996163,32.167189]},"properties":{"locality_id":"201120","name":"Wadi ar Rasha","names":{"primary":"Wadi ar Rasha","arabic":"وادي الرَشَا"},"district":"Qalqiliya","subdistrict":null,"pop_1945_total":null,"pop_1945_palestinian":null,"in_east_jerusalem":false,"oslo_area":"C","population":[{"year":2017,"value":152,"source_id":"ocha_opt"}],"depopulated_1948":false,"depopulated_date":null,"status_now":null,"group_1945":null,"group_now":null,"mechanism":null,"references":{},"evidence":[{"source_id":"ocha_opt","title":"State of Palestine - Palestinian Communities in the West Bank and the Gaza Strip","url":"https://www.ochaopt.org/page/datasets-and-mapping-tools","document_date":"2019-07-17","retrieved":"2026-08-09"}]}},{"type":"Feature","geometry":{"type":"Point","coordinates":[35.170129,31.651788]},"properties":{"locality_id":"452460","name":"Jurat ash Sham'a","names":{"primary":"Jurat ash Sham'a","arabic":"جْورَة الشَمْعَة"},"district":"Bethlehem","subdistrict":null,"pop_1945_total":null,"pop_1945_palestinian":null,"in_east_jerusalem":false,"oslo_area":"A","population":[{"year":2017,"value":1778,"source_id":"ocha_opt"}],"depopulated_1948":false,"depopulated_date":null,"status_now":null,"group_1945":null,"group_now":null,"mechanism":null,"references":{},"evidence":[{"source_id":"ocha_opt","title":"State of Palestine - Palestinian Communities in the West Bank and the Gaza Strip","url":"https://www.ochaopt.org/page/datasets-and-mapping-tools","document_date":"2019-07-17","retrieved":"2026-08-09"}]}},{"type":"Feature","geometry":{"type":"Point","coordinates":[35.055953,32.334259]},"properties":{"locality_id":"100555","name":"Al Masqufa","names":{"primary":"Al Masqufa","arabic":"المَسْقوفَة"},"district":"Tulkarm","subdistrict":null,"pop_1945_total":null,"pop_1945_palestinian":null,"in_east_jerusalem":false,"oslo_area":"C","population":[{"year":2017,"value":158,"source_id":"ocha_opt"}],"depopulated_1948":false,"depopulated_date":null,"status_now":null,"group_1945":null,"group_now":null,"mechanism":null,"references":{},"evidence":[{"source_id":"ocha_opt","title":"State of Palestine - Palestinian Communities in the West Bank and the Gaza Strip","url":"https://www.ochaopt.org/page/datasets-and-mapping-tools","document_date":"2019-07-17","retrieved":"2026-08-09"}]}},{"type":"Feature","geometry":{"type":"Point","coordinates":[35.074683,32.291991]},"properties":{"locality_id":"100715","name":"Al Haffasi","names":{"primary":"Al Haffasi","arabic":"الحَفَّاصي"},"district":"Tulkarm","subdistrict":null,"pop_1945_total":null,"pop_1945_palestinian":null,"in_east_jerusalem":false,"oslo_area":"C","population":[{"year":2017,"value":211,"source_id":"ocha_opt"}],"depopulated_1948":false,"depopulated_date":null,"status_now":null,"group_1945":null,"group_now":null,"mechanism":null,"references":{},"evidence":[{"source_id":"ocha_opt","title":"State of Palestine - Palestinian Communities in the West Bank and the Gaza Strip","url":"https://www.ochaopt.org/page/datasets-and-mapping-tools","document_date":"2019-07-17","retrieved":"2026-08-09"}]}},{"type":"Feature","geometry":{"type":"Point","coordinates":[35.050298,32.293904]},"properties":{"locality_id":"100710","name":"Kafa","names":{"primary":"Kafa","arabic":"كَفَا"},"district":"Tulkarm","subdistrict":null,"pop_1945_total":null,"pop_1945_palestinian":null,"in_east_jerusalem":false,"oslo_area":"C","population":[{"year":2017,"value":829,"source_id":"ocha_opt"}],"depopulated_1948":false,"depopulated_date":null,"status_now":null,"group_1945":null,"group_now":null,"mechanism":null,"references":{},"evidence":[{"source_id":"ocha_opt","title":"State of Palestine - Palestinian Communities in the West Bank and the Gaza Strip","url":"https://www.ochaopt.org/page/datasets-and-mapping-tools","document_date":"2019-07-17","retrieved":"2026-08-09"}]}},{"type":"Feature","geometry":{"type":"Point","coordinates":[35.133674,32.189485]},"properties":{"locality_id":"201035","name":"Al Funduq","names":{"primary":"Al Funduq","arabic":"الفُنْدُق"},"district":"Qalqiliya","subdistrict":null,"pop_1945_total":null,"pop_1945_palestinian":null,"in_east_jerusalem":false,"oslo_area":"C","population":[{"year":2017,"value":1125,"source_id":"ocha_opt"}],"depopulated_1948":false,"depopulated_date":null,"status_now":null,"group_1945":null,"group_now":null,"mechanism":null,"references":{},"evidence":[{"source_id":"ocha_opt","title":"State of Palestine - Palestinian Communities in the West Bank and the Gaza Strip","url":"https://www.ochaopt.org/page/datasets-and-mapping-tools","document_date":"2019-07-17","retrieved":"2026-08-09"}]}},{"type":"Feature","geometry":{"type":"Point","coordinates":[35.108703,31.377599]},"properties":{"locality_id":"503365","name":"Haribat an Nabi","names":{"primary":"Haribat an Nabi","arabic":"هَريبَة النَبي"},"district":"Hebron","subdistrict":null,"pop_1945_total":null,"pop_1945_palestinian":null,"in_east_jerusalem":false,"oslo_area":"C","population":[{"year":2017,"value":41,"source_id":"ocha_opt"}],"depopulated_1948":false,"depopulated_date":null,"status_now":null,"group_1945":null,"group_now":null,"mechanism":null,"references":{},"evidence":[{"source_id":"ocha_opt","title":"State of Palestine - Palestinian Communities in the West Bank and the Gaza Strip","url":"https://www.ochaopt.org/page/datasets-and-mapping-tools","document_date":"2019-07-17","retrieved":"2026-08-09"}]}},{"type":"Feature","geometry":{"type":"Point","coordinates":[35.108356,31.400875]},"properties":{"locality_id":"999987","name":"Susiya","names":{"primary":"Susiya","arabic":"سوسِيا"},"district":"Hebron","subdistrict":null,"pop_1945_total":null,"pop_1945_palestinian":null,"in_east_jerusalem":false,"oslo_area":"C","population":[{"year":2017,"value":199,"source_id":"ocha_opt"}],"depopulated_1948":false,"depopulated_date":null,"status_now":null,"group_1945":null,"group_now":null,"mechanism":null,"references":{},"evidence":[{"source_id":"ocha_opt","title":"State of Palestine - Palestinian Communities in the West Bank and the Gaza Strip","url":"https://www.ochaopt.org/page/datasets-and-mapping-tools","document_date":"2019-07-17","retrieved":"2026-08-09"}]}},{"type":"Feature","geometry":{"type":"Point","coordinates":[35.140266,31.364576]},"properties":{"locality_id":"999992","name":"Jinba","names":{"primary":"Jinba","arabic":"جِنبا"},"district":"Hebron","subdistrict":null,"pop_1945_total":null,"pop_1945_palestinian":null,"in_east_jerusalem":false,"oslo_area":"C","population":[{"year":2017,"value":115,"source_id":"ocha_opt"}],"depopulated_1948":false,"depopulated_date":null,"status_now":null,"group_1945":null,"group_now":null,"mechanism":null,"references":{},"evidence":[{"source_id":"ocha_opt","title":"State of Palestine - Palestinian Communities in the West Bank and the Gaza Strip","url":"https://www.ochaopt.org/page/datasets-and-mapping-tools","document_date":"2019-07-17","retrieved":"2026-08-09"}]}},{"type":"Feature","geometry":{"type":"Point","coordinates":[35.150248,31.363842]},"properties":{"locality_id":"999994","name":"Mirkez","names":{"primary":"Mirkez","arabic":"مِركِز"},"district":"Hebron","subdistrict":null,"pop_1945_total":null,"pop_1945_palestinian":null,"in_east_jerusalem":false,"oslo_area":"C","population":[{"year":2017,"value":40,"source_id":"ocha_opt"}],"depopulated_1948":false,"depopulated_date":null,"status_now":null,"group_1945":null,"group_now":null,"mechanism":null,"references":{},"evidence":[{"source_id":"ocha_opt","title":"State of Palestine - Palestinian Communities in the West Bank and the Gaza Strip","url":"https://www.ochaopt.org/page/datasets-and-mapping-tools","document_date":"2019-07-17","retrieved":"2026-08-09"}]}},{"type":"Feature","geometry":{"type":"Point","coordinates":[35.128837,31.396359]},"properties":{"locality_id":"503315","name":"Qawawis","names":{"primary":"Qawawis","arabic":"قَواوِيس"},"district":"Hebron","subdistrict":null,"pop_1945_total":null,"pop_1945_palestinian":null,"in_east_jerusalem":false,"oslo_area":"C","population":[{"year":2017,"value":31,"source_id":"ocha_opt"}],"depopulated_1948":false,"depopulated_date":null,"status_now":null,"group_1945":null,"group_now":null,"mechanism":null,"references":{},"evidence":[{"source_id":"ocha_opt","title":"State of Palestine - Palestinian Communities in the West Bank and the Gaza Strip","url":"https://www.ochaopt.org/page/datasets-and-mapping-tools","document_date":"2019-07-17","retrieved":"2026-08-09"}]}},{"type":"Feature","geometry":{"type":"Point","coordinates":[35.187977,31.378914]},"properties":{"locality_id":"503340","name":"Khirbet al Majaz","names":{"primary":"Khirbet al Majaz","arabic":"خِرْبِة المَجاز"},"district":"Hebron","subdistrict":null,"pop_1945_total":null,"pop_1945_palestinian":null,"in_east_jerusalem":false,"oslo_area":"C","population":[{"year":2017,"value":116,"source_id":"ocha_opt"}],"depopulated_1948":false,"depopulated_date":null,"status_now":null,"group_1945":null,"group_now":null,"mechanism":null,"references":{},"evidence":[{"source_id":"ocha_opt","title":"State of Palestine - Palestinian Communities in the West Bank and the Gaza Strip","url":"https://www.ochaopt.org/page/datasets-and-mapping-tools","document_date":"2019-07-17","retrieved":"2026-08-09"}]}},{"type":"Feature","geometry":{"type":"Point","coordinates":[35.174007,31.382047]},"properties":{"locality_id":"503330","name":"Khirbet at Tabban","names":{"primary":"Khirbet at Tabban","arabic":"خِرْبِة التَبَّان"},"district":"Hebron","subdistrict":null,"pop_1945_total":null,"pop_1945_palestinian":null,"in_east_jerusalem":false,"oslo_area":"C","population":[{"year":2017,"value":57,"source_id":"ocha_opt"}],"depopulated_1948":false,"depopulated_date":null,"status_now":null,"group_1945":null,"group_now":null,"mechanism":null,"references":{},"evidence":[{"source_id":"ocha_opt","title":"State of Palestine - Palestinian Communities in the West Bank and the Gaza Strip","url":"https://www.ochaopt.org/page/datasets-and-mapping-tools","document_date":"2019-07-17","retrieved":"2026-08-09"}]}},{"type":"Feature","geometry":{"type":"Point","coordinates":[35.184383,31.386968]},"properties":{"locality_id":"503345","name":"Maghayir al Abeed","names":{"primary":"Maghayir al Abeed","arabic":"مَغَايِر العَبِيد"},"district":"Hebron","subdistrict":null,"pop_1945_total":null,"pop_1945_palestinian":null,"in_east_jerusalem":false,"oslo_area":"C","population":[{"year":2017,"value":16,"source_id":"ocha_opt"}],"depopulated_1948":false,"depopulated_date":null,"status_now":null,"group_1945":null,"group_now":null,"mechanism":null,"references":{},"evidence":[{"source_id":"ocha_opt","title":"State of Palestine - Palestinian Communities in the West Bank and the Gaza Strip","url":"https://www.ochaopt.org/page/datasets-and-mapping-tools","document_date":"2019-07-17","retrieved":"2026-08-09"}]}},{"type":"Feature","geometry":{"type":"Point","coordinates":[35.180782,31.397738]},"properties":{"locality_id":"999989","name":"Isfey al Fauqa","names":{"primary":"Isfey al Fauqa","arabic":"إِسفِه فوقا"},"district":"Hebron","subdistrict":null,"pop_1945_total":null,"pop_1945_palestinian":null,"in_east_jerusalem":false,"oslo_area":"C","population":[{"year":2017,"value":73,"source_id":"ocha_opt"}],"depopulated_1948":false,"depopulated_date":null,"status_now":null,"group_1945":null,"group_now":null,"mechanism":null,"references":{},"evidence":[{"source_id":"ocha_opt","title":"State of Palestine - Palestinian Communities in the West Bank and the Gaza Strip","url":"https://www.ochaopt.org/page/datasets-and-mapping-tools","document_date":"2019-07-17","retrieved":"2026-08-09"}]}},{"type":"Feature","geometry":{"type":"Point","coordinates":[35.186613,31.399354]},"properties":{"locality_id":"999999","name":"Isfey al Tihta","names":{"primary":"Isfey al Tihta","arabic":"إِسفِه تِحتا"},"district":"Hebron","subdistrict":null,"pop_1945_total":null,"pop_1945_palestinian":null,"in_east_jerusalem":false,"oslo_area":"C","population":[],"depopulated_1948":false,"depopulated_date":null,"status_now":null,"group_1945":null,"group_now":null,"mechanism":null,"references":{},"evidence":[{"source_id":"ocha_opt","title":"State of Palestine - Palestinian Communities in the West Bank and the Gaza Strip","url":"https://www.ochaopt.org/page/datasets-and-mapping-tools","document_date":"2019-07-17","retrieved":"2026-08-09"}]}},{"type":"Feature","geometry":{"type":"Point","coordinates":[35.405877,32.376475]},"properties":{"locality_id":"50490","name":"Ibziq","names":{"primary":"Ibziq","arabic":"إبْزِيق"},"district":"Tubas","subdistrict":null,"pop_1945_total":null,"pop_1945_palestinian":null,"in_east_jerusalem":false,"oslo_area":"C","population":[{"year":2017,"value":129,"source_id":"ocha_opt"}],"depopulated_1948":false,"depopulated_date":null,"status_now":null,"group_1945":null,"group_now":null,"mechanism":null,"references":{},"evidence":[{"source_id":"ocha_opt","title":"State of Palestine - Palestinian Communities in the West Bank and the Gaza Strip","url":"https://www.ochaopt.org/page/datasets-and-mapping-tools","document_date":"2019-07-17","retrieved":"2026-08-09"}]}},{"type":"Feature","geometry":{"type":"Point","coordinates":[35.216597,31.627978]},"properties":{"locality_id":"452535","name":"Al Maniya","names":{"primary":"Al Maniya","arabic":"المَنِيِّة"},"district":"Bethlehem","subdistrict":null,"pop_1945_total":null,"pop_1945_palestinian":null,"in_east_jerusalem":false,"oslo_area":"A","population":[{"year":2017,"value":1346,"source_id":"ocha_opt"}],"depopulated_1948":false,"depopulated_date":null,"status_now":null,"group_1945":null,"group_now":null,"mechanism":null,"references":{},"evidence":[{"source_id":"ocha_opt","title":"State of Palestine - Palestinian Communities in the West Bank and the Gaza Strip","url":"https://www.ochaopt.org/page/datasets-and-mapping-tools","document_date":"2019-07-17","retrieved":"2026-08-09"}]}},{"type":"Feature","geometry":{"type":"Point","coordinates":[35.22162,32.519967]},"properties":{"locality_id":"10015","name":"Ti'innik","names":{"primary":"Ti'innik","arabic":"تِعِنِّك"},"district":"Jenin","subdistrict":null,"pop_1945_total":null,"pop_1945_palestinian":null,"in_east_jerusalem":false,"oslo_area":"A","population":[{"year":2017,"value":1298,"source_id":"ocha_opt"}],"depopulated_1948":false,"depopulated_date":null,"status_now":null,"group_1945":null,"group_now":null,"mechanism":null,"references":{},"evidence":[{"source_id":"ocha_opt","title":"State of Palestine - Palestinian Communities in the West Bank and the Gaza Strip","url":"https://www.ochaopt.org/page/datasets-and-mapping-tools","document_date":"2019-07-17","retrieved":"2026-08-09"}]}},{"type":"Feature","geometry":{"type":"Point","coordinates":[34.91995,31.3562]},"properties":{"locality_id":"503405","name":"Arab al Fureijat","names":{"primary":"Arab al Fureijat","arabic":"عَرَب الفُرَيْجَات"},"district":"Hebron","subdistrict":null,"pop_1945_total":null,"pop_1945_palestinian":null,"in_east_jerusalem":false,"oslo_area":"C","population":[{"year":2017,"value":431,"source_id":"ocha_opt"}],"depopulated_1948":false,"depopulated_date":null,"status_now":null,"group_1945":null,"group_now":null,"mechanism":null,"references":{},"evidence":[{"source_id":"ocha_opt","title":"State of Palestine - Palestinian Communities in the West Bank and the Gaza Strip","url":"https://www.ochaopt.org/page/datasets-and-mapping-tools","document_date":"2019-07-17","retrieved":"2026-08-09"}]}},{"type":"Feature","geometry":{"type":"Point","coordinates":[35.105674,31.371305]},"properties":{"locality_id":"503380","name":"Imneizil","names":{"primary":"Imneizil","arabic":"إِمنيزِل"},"district":"Hebron","subdistrict":null,"pop_1945_total":null,"pop_1945_palestinian":null,"in_east_jerusalem":false,"oslo_area":"C","population":[{"year":2017,"value":278,"source_id":"ocha_opt"}],"depopulated_1948":false,"depopulated_date":null,"status_now":null,"group_1945":null,"group_now":null,"mechanism":null,"references":{},"evidence":[{"source_id":"ocha_opt","title":"State of Palestine - Palestinian Communities in the West Bank and the Gaza Strip","url":"https://www.ochaopt.org/page/datasets-and-mapping-tools","document_date":"2019-07-17","retrieved":"2026-08-09"}]}},{"type":"Feature","geometry":{"type":"Point","coordinates":[35.16623,31.377107]},"properties":{"locality_id":"503350","name":"Khirbet al Fakheit","names":{"primary":"Khirbet al Fakheit","arabic":"خِرْبِة الفَخِيت"},"district":"Hebron","subdistrict":null,"pop_1945_total":null,"pop_1945_palestinian":null,"in_east_jerusalem":false,"oslo_area":"C","population":[{"year":2017,"value":29,"source_id":"ocha_opt"}],"depopulated_1948":false,"depopulated_date":null,"status_now":null,"group_1945":null,"group_now":null,"mechanism":null,"references":{},"evidence":[{"source_id":"ocha_opt","title":"State of Palestine - Palestinian Communities in the West Bank and the Gaza Strip","url":"https://www.ochaopt.org/page/datasets-and-mapping-tools","document_date":"2019-07-17","retrieved":"2026-08-09"}]}},{"type":"Feature","geometry":{"type":"Point","coordinates":[35.135705,31.383246]},"properties":{"locality_id":"503310","name":"Mantiqat Shi'b al Butum","names":{"primary":"Mantiqat Shi'b al Butum","arabic":"مَنْطِقَة شِعِب البَطِن"},"district":"Hebron","subdistrict":null,"pop_1945_total":null,"pop_1945_palestinian":null,"in_east_jerusalem":false,"oslo_area":"C","population":[{"year":2017,"value":177,"source_id":"ocha_opt"}],"depopulated_1948":false,"depopulated_date":null,"status_now":null,"group_1945":null,"group_now":null,"mechanism":null,"references":{},"evidence":[{"source_id":"ocha_opt","title":"State of Palestine - Palestinian Communities in the West Bank and the Gaza Strip","url":"https://www.ochaopt.org/page/datasets-and-mapping-tools","document_date":"2019-07-17","retrieved":"2026-08-09"}]}},{"type":"Feature","geometry":{"type":"Point","coordinates":[35.13151,31.373464]},"properties":{"locality_id":"503360","name":"Khirbet Bir al 'Idd","names":{"primary":"Khirbet Bir al 'Idd","arabic":"خِرْبِة بِير العِد"},"district":"Hebron","subdistrict":null,"pop_1945_total":null,"pop_1945_palestinian":null,"in_east_jerusalem":false,"oslo_area":"C","population":[{"year":2017,"value":3,"source_id":"ocha_opt"}],"depopulated_1948":false,"depopulated_date":null,"status_now":null,"group_1945":null,"group_now":null,"mechanism":null,"references":{},"evidence":[{"source_id":"ocha_opt","title":"State of Palestine - Palestinian Communities in the West Bank and the Gaza Strip","url":"https://www.ochaopt.org/page/datasets-and-mapping-tools","document_date":"2019-07-17","retrieved":"2026-08-09"}]}},{"type":"Feature","geometry":{"type":"Point","coordinates":[35.01651,31.438978]},"properties":{"locality_id":"503145","name":"Rabud","names":{"primary":"Rabud","arabic":"رَابُود"},"district":"Hebron","subdistrict":null,"pop_1945_total":null,"pop_1945_palestinian":null,"in_east_jerusalem":false,"oslo_area":"C","population":[{"year":2017,"value":736,"source_id":"ocha_opt"}],"depopulated_1948":false,"depopulated_date":null,"status_now":null,"group_1945":null,"group_now":null,"mechanism":null,"references":{},"evidence":[{"source_id":"ocha_opt","title":"State of Palestine - Palestinian Communities in the West Bank and the Gaza Strip","url":"https://www.ochaopt.org/page/datasets-and-mapping-tools","document_date":"2019-07-17","retrieved":"2026-08-09"}]}},{"type":"Feature","geometry":{"type":"Point","coordinates":[35.153335,31.412845]},"properties":{"locality_id":"503255","name":"At Tuwani","names":{"primary":"At Tuwani","arabic":"التَوانِي"},"district":"Hebron","subdistrict":null,"pop_1945_total":null,"pop_1945_palestinian":null,"in_east_jerusalem":false,"oslo_area":"C","population":[{"year":2017,"value":194,"source_id":"ocha_opt"}],"depopulated_1948":false,"depopulated_date":null,"status_now":null,"group_1945":null,"group_now":null,"mechanism":null,"references":{},"evidence":[{"source_id":"ocha_opt","title":"State of Palestine - Palestinian Communities in the West Bank and the Gaza Strip","url":"https://www.ochaopt.org/page/datasets-and-mapping-tools","document_date":"2019-07-17","retrieved":"2026-08-09"}]}},{"type":"Feature","geometry":{"type":"Point","coordinates":[35.12088,31.938279]},"properties":{"locality_id":"301740","name":"Al Janiya","names":{"primary":"Al Janiya","arabic":"الجانِيَة"},"district":"Ramallah","subdistrict":null,"pop_1945_total":null,"pop_1945_palestinian":null,"in_east_jerusalem":false,"oslo_area":"A","population":[{"year":2017,"value":1296,"source_id":"ocha_opt"}],"depopulated_1948":false,"depopulated_date":null,"status_now":null,"group_1945":null,"group_now":null,"mechanism":null,"references":{},"evidence":[{"source_id":"ocha_opt","title":"State of Palestine - Palestinian Communities in the West Bank and the Gaza Strip","url":"https://www.ochaopt.org/page/datasets-and-mapping-tools","document_date":"2019-07-17","retrieved":"2026-08-09"}]}},{"type":"Feature","geometry":{"type":"Point","coordinates":[35.096584,31.92638]},"properties":{"locality_id":"301755","name":"Kafr Ni'ma","names":{"primary":"Kafr Ni'ma","arabic":"كَفْر نِعْمَة"},"district":"Ramallah","subdistrict":null,"pop_1945_total":null,"pop_1945_palestinian":null,"in_east_jerusalem":false,"oslo_area":"A","population":[{"year":2017,"value":4659,"source_id":"ocha_opt"}],"depopulated_1948":false,"depopulated_date":null,"status_now":null,"group_1945":null,"group_now":null,"mechanism":null,"references":{},"evidence":[{"source_id":"ocha_opt","title":"State of Palestine - Palestinian Communities in the West Bank and the Gaza Strip","url":"https://www.ochaopt.org/page/datasets-and-mapping-tools","document_date":"2019-07-17","retrieved":"2026-08-09"}]}},{"type":"Feature","geometry":{"type":"Point","coordinates":[35.121771,31.917058]},"properties":{"locality_id":"301780","name":"Deir Ibzi'","names":{"primary":"Deir Ibzi'","arabic":"دِير إبزِيع"},"district":"Ramallah","subdistrict":null,"pop_1945_total":null,"pop_1945_palestinian":null,"in_east_jerusalem":false,"oslo_area":"A","population":[{"year":2017,"value":2590,"source_id":"ocha_opt"}],"depopulated_1948":false,"depopulated_date":null,"status_now":null,"group_1945":null,"group_now":null,"mechanism":null,"references":{},"evidence":[{"source_id":"ocha_opt","title":"State of Palestine - Palestinian Communities in the West Bank and the Gaza Strip","url":"https://www.ochaopt.org/page/datasets-and-mapping-tools","document_date":"2019-07-17","retrieved":"2026-08-09"}]}},{"type":"Feature","geometry":{"type":"Point","coordinates":[35.107229,31.942457]},"properties":{"locality_id":"301730","name":"Ras Karkar","names":{"primary":"Ras Karkar","arabic":"رَاس كَرْكَرْ"},"district":"Ramallah","subdistrict":null,"pop_1945_total":null,"pop_1945_palestinian":null,"in_east_jerusalem":false,"oslo_area":"A","population":[{"year":2017,"value":1956,"source_id":"ocha_opt"}],"depopulated_1948":false,"depopulated_date":null,"status_now":null,"group_1945":null,"group_now":null,"mechanism":null,"references":{},"evidence":[{"source_id":"ocha_opt","title":"State of Palestine - Palestinian Communities in the West Bank and the Gaza Strip","url":"https://www.ochaopt.org/page/datasets-and-mapping-tools","document_date":"2019-07-17","retrieved":"2026-08-09"}]}},{"type":"Feature","geometry":{"type":"Point","coordinates":[35.171188,31.897079]},"properties":{"locality_id":"301825","name":"Beituniya","names":{"primary":"Beituniya","arabic":"بِيتُونْيا"},"district":"Ramallah","subdistrict":null,"pop_1945_total":null,"pop_1945_palestinian":null,"in_east_jerusalem":false,"oslo_area":"A","population":[{"year":2017,"value":26071,"source_id":"ocha_opt"}],"depopulated_1948":false,"depopulated_date":null,"status_now":null,"group_1945":null,"group_now":null,"mechanism":null,"references":{},"evidence":[{"source_id":"ocha_opt","title":"State of Palestine - Palestinian Communities in the West Bank and the Gaza Strip","url":"https://www.ochaopt.org/page/datasets-and-mapping-tools","document_date":"2019-07-17","retrieved":"2026-08-09"}]}},{"type":"Feature","geometry":{"type":"Point","coordinates":[35.149637,31.926573]},"properties":{"locality_id":"301770","name":"Ein Qiniya","names":{"primary":"Ein Qiniya","arabic":"عِيْن قِينيا"},"district":"Ramallah","subdistrict":null,"pop_1945_total":null,"pop_1945_palestinian":null,"in_east_jerusalem":false,"oslo_area":"A","population":[{"year":2017,"value":721,"source_id":"ocha_opt"}],"depopulated_1948":false,"depopulated_date":null,"status_now":null,"group_1945":null,"group_now":null,"mechanism":null,"references":{},"evidence":[{"source_id":"ocha_opt","title":"State of Palestine - Palestinian Communities in the West Bank and the Gaza Strip","url":"https://www.ochaopt.org/page/datasets-and-mapping-tools","document_date":"2019-07-17","retrieved":"2026-08-09"}]}},{"type":"Feature","geometry":{"type":"Point","coordinates":[35.142644,31.906693]},"properties":{"locality_id":"301800","name":"Ein 'Arik","names":{"primary":"Ein 'Arik","arabic":"عِيْن عَرِيك"},"district":"Ramallah","subdistrict":null,"pop_1945_total":null,"pop_1945_palestinian":null,"in_east_jerusalem":false,"oslo_area":"A","population":[{"year":2017,"value":1774,"source_id":"ocha_opt"}],"depopulated_1948":false,"depopulated_date":null,"status_now":null,"group_1945":null,"group_now":null,"mechanism":null,"references":{},"evidence":[{"source_id":"ocha_opt","title":"State of Palestine - Palestinian Communities in the West Bank and the Gaza Strip","url":"https://www.ochaopt.org/page/datasets-and-mapping-tools","document_date":"2019-07-17","retrieved":"2026-08-09"}]}},{"type":"Feature","geometry":{"type":"Point","coordinates":[35.200603,31.938247]},"properties":{"locality_id":"301735","name":"Surda","names":{"primary":"Surda","arabic":"صُرْدَا"},"district":"Ramallah","subdistrict":null,"pop_1945_total":null,"pop_1945_palestinian":null,"in_east_jerusalem":false,"oslo_area":"A","population":[{"year":2017,"value":1308,"source_id":"ocha_opt"}],"depopulated_1948":false,"depopulated_date":null,"status_now":null,"group_1945":null,"group_now":null,"mechanism":null,"references":{},"evidence":[{"source_id":"ocha_opt","title":"State of Palestine - Palestinian Communities in the West Bank and the Gaza Strip","url":"https://www.ochaopt.org/page/datasets-and-mapping-tools","document_date":"2019-07-17","retrieved":"2026-08-09"}]}},{"type":"Feature","geometry":{"type":"Point","coordinates":[35.213703,31.906034]},"properties":{"locality_id":"301790","name":"Al Bireh","names":{"primary":"Al Bireh","arabic":"البِيرَة"},"district":"Ramallah","subdistrict":null,"pop_1945_total":null,"pop_1945_palestinian":null,"in_east_jerusalem":false,"oslo_area":"A","population":[{"year":2017,"value":45975,"source_id":"ocha_opt"}],"depopulated_1948":false,"depopulated_date":null,"status_now":null,"group_1945":null,"group_now":null,"mechanism":null,"references":{},"evidence":[{"source_id":"ocha_opt","title":"State of Palestine - Palestinian Communities in the West Bank and the Gaza Strip","url":"https://www.ochaopt.org/page/datasets-and-mapping-tools","document_date":"2019-07-17","retrieved":"2026-08-09"}]}},{"type":"Feature","geometry":{"type":"Point","coordinates":[35.239876,31.928037]},"properties":{"locality_id":"301765","name":"Beitin","names":{"primary":"Beitin","arabic":"بَيْتِين"},"district":"Ramallah","subdistrict":null,"pop_1945_total":null,"pop_1945_palestinian":null,"in_east_jerusalem":false,"oslo_area":"A","population":[{"year":2017,"value":2242,"source_id":"ocha_opt"}],"depopulated_1948":false,"depopulated_date":null,"status_now":null,"group_1945":null,"group_now":null,"mechanism":null,"references":{},"evidence":[{"source_id":"ocha_opt","title":"State of Palestine - Palestinian Communities in the West Bank and the Gaza Strip","url":"https://www.ochaopt.org/page/datasets-and-mapping-tools","document_date":"2019-07-17","retrieved":"2026-08-09"}]}},{"type":"Feature","geometry":{"type":"Point","coordinates":[35.200381,31.723252]},"properties":{"locality_id":"999816","name":"Al Wata","names":{"primary":"Al Wata"},"district":"Bethlehem","subdistrict":null,"pop_1945_total":null,"pop_1945_palestinian":null,"in_east_jerusalem":false,"oslo_area":"Israeli Declared East Jerusalem","population":[],"depopulated_1948":false,"depopulated_date":null,"status_now":null,"group_1945":null,"group_now":null,"mechanism":null,"references":{},"evidence":[{"source_id":"ocha_opt","title":"State of Palestine - Palestinian Communities in the West Bank and the Gaza Strip","url":"https://www.ochaopt.org/page/datasets-and-mapping-tools","document_date":"2019-07-17","retrieved":"2026-08-09"}]}},{"type":"Feature","geometry":{"type":"Point","coordinates":[35.08119,31.430728]},"properties":{"locality_id":"503190","name":"I'zeiz","names":{"primary":"I'zeiz","arabic":"إعْزِيز"},"district":"Hebron","subdistrict":null,"pop_1945_total":null,"pop_1945_palestinian":null,"in_east_jerusalem":false,"oslo_area":"A","population":[{"year":2017,"value":1677,"source_id":"ocha_opt"}],"depopulated_1948":false,"depopulated_date":null,"status_now":null,"group_1945":null,"group_now":null,"mechanism":null,"references":{},"evidence":[{"source_id":"ocha_opt","title":"State of Palestine - Palestinian Communities in the West Bank and the Gaza Strip","url":"https://www.ochaopt.org/page/datasets-and-mapping-tools","document_date":"2019-07-17","retrieved":"2026-08-09"}]}},{"type":"Feature","geometry":{"type":"Point","coordinates":[34.955971,31.488822]},"properties":{"locality_id":"502890","name":"Tawas","names":{"primary":"Tawas","arabic":"طَوَاس"},"district":"Hebron","subdistrict":null,"pop_1945_total":null,"pop_1945_palestinian":null,"in_east_jerusalem":false,"oslo_area":"A","population":[{"year":2017,"value":204,"source_id":"ocha_opt"}],"depopulated_1948":false,"depopulated_date":null,"status_now":null,"group_1945":null,"group_now":null,"mechanism":null,"references":{},"evidence":[{"source_id":"ocha_opt","title":"State of Palestine - Palestinian Communities in the West Bank and the Gaza Strip","url":"https://www.ochaopt.org/page/datasets-and-mapping-tools","document_date":"2019-07-17","retrieved":"2026-08-09"}]}},{"type":"Feature","geometry":{"type":"Point","coordinates":[34.952047,31.473878]},"properties":{"locality_id":"502930","name":"Khirbet Abu Hamid","names":{"primary":"Khirbet Abu Hamid","arabic":"خِرْبِة ابو حَامِد"},"district":"Hebron","subdistrict":null,"pop_1945_total":null,"pop_1945_palestinian":null,"in_east_jerusalem":false,"oslo_area":"A","population":[{"year":2017,"value":284,"source_id":"ocha_opt"}],"depopulated_1948":false,"depopulated_date":null,"status_now":null,"group_1945":null,"group_now":null,"mechanism":null,"references":{},"evidence":[{"source_id":"ocha_opt","title":"State of Palestine - Palestinian Communities in the West Bank and the Gaza Strip","url":"https://www.ochaopt.org/page/datasets-and-mapping-tools","document_date":"2019-07-17","retrieved":"2026-08-09"}]}},{"type":"Feature","geometry":{"type":"Point","coordinates":[35.288431,31.533268]},"properties":{"locality_id":"999849","name":"Arab ar Rashayida al Barriya","names":{"primary":"Arab ar Rashayida al Barriya"},"district":"Bethlehem","subdistrict":null,"pop_1945_total":null,"pop_1945_palestinian":null,"in_east_jerusalem":false,"oslo_area":"Nature Reserve","population":[],"depopulated_1948":false,"depopulated_date":null,"status_now":null,"group_1945":null,"group_now":null,"mechanism":null,"references":{},"evidence":[{"source_id":"ocha_opt","title":"State of Palestine - Palestinian Communities in the West Bank and the Gaza Strip","url":"https://www.ochaopt.org/page/datasets-and-mapping-tools","document_date":"2019-07-17","retrieved":"2026-08-09"}]}},{"type":"Feature","geometry":{"type":"Point","coordinates":[35.008962,31.460499]},"properties":{"locality_id":"503025","name":"Al 'Alaqa al Fauqa","names":{"primary":"Al 'Alaqa al Fauqa","arabic":"العَلَقَة الفُوقا"},"district":"Hebron","subdistrict":null,"pop_1945_total":null,"pop_1945_palestinian":null,"in_east_jerusalem":false,"oslo_area":"A","population":[{"year":2017,"value":122,"source_id":"ocha_opt"}],"depopulated_1948":false,"depopulated_date":null,"status_now":null,"group_1945":null,"group_now":null,"mechanism":null,"references":{},"evidence":[{"source_id":"ocha_opt","title":"State of Palestine - Palestinian Communities in the West Bank and the Gaza Strip","url":"https://www.ochaopt.org/page/datasets-and-mapping-tools","document_date":"2019-07-17","retrieved":"2026-08-09"}]}},{"type":"Feature","geometry":{"type":"Point","coordinates":[35.151532,31.448931]},"properties":{"locality_id":"503080","name":"Ar Rifa'iyya","names":{"primary":"Ar Rifa'iyya","arabic":"الرِفَاعِيَّة"},"district":"Hebron","subdistrict":null,"pop_1945_total":null,"pop_1945_palestinian":null,"in_east_jerusalem":false,"oslo_area":"C","population":[],"depopulated_1948":false,"depopulated_date":null,"status_now":null,"group_1945":null,"group_now":null,"mechanism":null,"references":{},"evidence":[{"source_id":"ocha_opt","title":"State of Palestine - Palestinian Communities in the West Bank and the Gaza Strip","url":"https://www.ochaopt.org/page/datasets-and-mapping-tools","document_date":"2019-07-17","retrieved":"2026-08-09"}]}},{"type":"Feature","geometry":{"type":"Point","coordinates":[34.963037,31.533858]},"properties":{"locality_id":"502770","name":"Al Kum","names":{"primary":"Al Kum","arabic":"ألكُوم"},"district":"Hebron","subdistrict":null,"pop_1945_total":null,"pop_1945_palestinian":null,"in_east_jerusalem":false,"oslo_area":"A","population":[{"year":2017,"value":1464,"source_id":"ocha_opt"}],"depopulated_1948":false,"depopulated_date":null,"status_now":null,"group_1945":null,"group_now":null,"mechanism":null,"references":{},"evidence":[{"source_id":"ocha_opt","title":"State of Palestine - Palestinian Communities in the West Bank and the Gaza Strip","url":"https://www.ochaopt.org/page/datasets-and-mapping-tools","document_date":"2019-07-17","retrieved":"2026-08-09"}]}},{"type":"Feature","geometry":{"type":"Point","coordinates":[35.162286,31.443464]},"properties":{"locality_id":"503125","name":"Ad Deirat","names":{"primary":"Ad Deirat","arabic":"الدِيرَات"},"district":"Hebron","subdistrict":null,"pop_1945_total":null,"pop_1945_palestinian":null,"in_east_jerusalem":false,"oslo_area":"C","population":[{"year":2017,"value":1312,"source_id":"ocha_opt"}],"depopulated_1948":false,"depopulated_date":null,"status_now":null,"group_1945":null,"group_now":null,"mechanism":null,"references":{},"evidence":[{"source_id":"ocha_opt","title":"State of Palestine - Palestinian Communities in the West Bank and the Gaza Strip","url":"https://www.ochaopt.org/page/datasets-and-mapping-tools","document_date":"2019-07-17","retrieved":"2026-08-09"}]}},{"type":"Feature","geometry":{"type":"Point","coordinates":[35.166492,31.645169]},"properties":{"locality_id":"452480","name":"Umm Salamuna","names":{"primary":"Umm Salamuna","arabic":"أُمُّ سَلْمُونَة"},"district":"Bethlehem","subdistrict":null,"pop_1945_total":null,"pop_1945_palestinian":null,"in_east_jerusalem":false,"oslo_area":"A","population":[{"year":2017,"value":1188,"source_id":"ocha_opt"}],"depopulated_1948":false,"depopulated_date":null,"status_now":null,"group_1945":null,"group_now":null,"mechanism":null,"references":{},"evidence":[{"source_id":"ocha_opt","title":"State of Palestine - Palestinian Communities in the West Bank and the Gaza Strip","url":"https://www.ochaopt.org/page/datasets-and-mapping-tools","document_date":"2019-07-17","retrieved":"2026-08-09"}]}},{"type":"Feature","geometry":{"type":"Point","coordinates":[35.193436,31.641793]},"properties":{"locality_id":"452490","name":"Al Manshiya","names":{"primary":"Al Manshiya","arabic":"المَنْشِيَّة"},"district":"Bethlehem","subdistrict":null,"pop_1945_total":null,"pop_1945_palestinian":null,"in_east_jerusalem":false,"oslo_area":"A","population":[{"year":2017,"value":533,"source_id":"ocha_opt"}],"depopulated_1948":false,"depopulated_date":null,"status_now":null,"group_1945":null,"group_now":null,"mechanism":null,"references":{},"evidence":[{"source_id":"ocha_opt","title":"State of Palestine - Palestinian Communities in the West Bank and the Gaza Strip","url":"https://www.ochaopt.org/page/datasets-and-mapping-tools","document_date":"2019-07-17","retrieved":"2026-08-09"}]}},{"type":"Feature","geometry":{"type":"Point","coordinates":[35.247843,31.663562]},"properties":{"locality_id":"452405","name":"Jubbet adh Dhib","names":{"primary":"Jubbet adh Dhib","arabic":"جُبِّة الذِيب"},"district":"Bethlehem","subdistrict":null,"pop_1945_total":null,"pop_1945_palestinian":null,"in_east_jerusalem":false,"oslo_area":"C","population":[{"year":2017,"value":144,"source_id":"ocha_opt"}],"depopulated_1948":false,"depopulated_date":null,"status_now":null,"group_1945":null,"group_now":null,"mechanism":null,"references":{},"evidence":[{"source_id":"ocha_opt","title":"State of Palestine - Palestinian Communities in the West Bank and the Gaza Strip","url":"https://www.ochaopt.org/page/datasets-and-mapping-tools","document_date":"2019-07-17","retrieved":"2026-08-09"}]}},{"type":"Feature","geometry":{"type":"Point","coordinates":[35.164435,31.733871]},"properties":{"locality_id":"452170","name":"Al Walaja","names":{"primary":"Al Walaja","arabic":"الوَلَجَة"},"district":"Bethlehem","subdistrict":null,"pop_1945_total":null,"pop_1945_palestinian":null,"in_east_jerusalem":false,"oslo_area":"Israeli Declared East Jerusalem","population":[{"year":2017,"value":2671,"source_id":"ocha_opt"}],"depopulated_1948":false,"depopulated_date":null,"status_now":null,"group_1945":null,"group_now":null,"mechanism":null,"references":{},"evidence":[{"source_id":"ocha_opt","title":"State of Palestine - Palestinian Communities in the West Bank and the Gaza Strip","url":"https://www.ochaopt.org/page/datasets-and-mapping-tools","document_date":"2019-07-17","retrieved":"2026-08-09"}]}},{"type":"Feature","geometry":{"type":"Point","coordinates":[35.094564,31.839273]},"properties":{"locality_id":"401985","name":"Kharayib Umm al Lahim","names":{"primary":"Kharayib Umm al Lahim","arabic":"خَرائِب أمُّ اللَحْمْ"},"district":"Jerusalem","subdistrict":null,"pop_1945_total":null,"pop_1945_palestinian":null,"in_east_jerusalem":false,"oslo_area":"C","population":[{"year":2017,"value":401,"source_id":"ocha_opt"}],"depopulated_1948":false,"depopulated_date":null,"status_now":null,"group_1945":null,"group_now":null,"mechanism":null,"references":{},"evidence":[{"source_id":"ocha_opt","title":"State of Palestine - Palestinian Communities in the West Bank and the Gaza Strip","url":"https://www.ochaopt.org/page/datasets-and-mapping-tools","document_date":"2019-07-17","retrieved":"2026-08-09"}]}},{"type":"Feature","geometry":{"type":"Point","coordinates":[34.971412,31.534494]},"properties":{"locality_id":"502765","name":"Beit Maqdum","names":{"primary":"Beit Maqdum","arabic":"بِيت مَقْدُوم"},"district":"Hebron","subdistrict":null,"pop_1945_total":null,"pop_1945_palestinian":null,"in_east_jerusalem":false,"oslo_area":"A","population":[{"year":2017,"value":1109,"source_id":"ocha_opt"}],"depopulated_1948":false,"depopulated_date":null,"status_now":null,"group_1945":null,"group_now":null,"mechanism":null,"references":{},"evidence":[{"source_id":"ocha_opt","title":"State of Palestine - Palestinian Communities in the West Bank and the Gaza Strip","url":"https://www.ochaopt.org/page/datasets-and-mapping-tools","document_date":"2019-07-17","retrieved":"2026-08-09"}]}},{"type":"Feature","geometry":{"type":"Point","coordinates":[35.01273,31.575492]},"properties":{"locality_id":"502640","name":"Tarqumiya","names":{"primary":"Tarqumiya","arabic":"تَرْقُومْيا"},"district":"Hebron","subdistrict":null,"pop_1945_total":null,"pop_1945_palestinian":null,"in_east_jerusalem":false,"oslo_area":"A","population":[{"year":2017,"value":19311,"source_id":"ocha_opt"}],"depopulated_1948":false,"depopulated_date":null,"status_now":null,"group_1945":null,"group_now":null,"mechanism":null,"references":{},"evidence":[{"source_id":"ocha_opt","title":"State of Palestine - Palestinian Communities in the West Bank and the Gaza Strip","url":"https://www.ochaopt.org/page/datasets-and-mapping-tools","document_date":"2019-07-17","retrieved":"2026-08-09"}]}},{"type":"Feature","geometry":{"type":"Point","coordinates":[34.972783,31.555357]},"properties":{"locality_id":"502685","name":"Idhna","names":{"primary":"Idhna","arabic":"إذْنَا"},"district":"Hebron","subdistrict":null,"pop_1945_total":null,"pop_1945_palestinian":null,"in_east_jerusalem":false,"oslo_area":"A","population":[{"year":2017,"value":25844,"source_id":"ocha_opt"}],"depopulated_1948":false,"depopulated_date":null,"status_now":null,"group_1945":null,"group_now":null,"mechanism":null,"references":{},"evidence":[{"source_id":"ocha_opt","title":"State of Palestine - Palestinian Communities in the West Bank and the Gaza Strip","url":"https://www.ochaopt.org/page/datasets-and-mapping-tools","document_date":"2019-07-17","retrieved":"2026-08-09"}]}},{"type":"Feature","geometry":{"type":"Point","coordinates":[35.049836,31.537212]},"properties":{"locality_id":"502750","name":"Taffuh","names":{"primary":"Taffuh","arabic":"تَفُّوح"},"district":"Hebron","subdistrict":null,"pop_1945_total":null,"pop_1945_palestinian":null,"in_east_jerusalem":false,"oslo_area":"A","population":[{"year":2017,"value":14682,"source_id":"ocha_opt"}],"depopulated_1948":false,"depopulated_date":null,"status_now":null,"group_1945":null,"group_now":null,"mechanism":null,"references":{},"evidence":[{"source_id":"ocha_opt","title":"State of Palestine - Palestinian Communities in the West Bank and the Gaza Strip","url":"https://www.ochaopt.org/page/datasets-and-mapping-tools","document_date":"2019-07-17","retrieved":"2026-08-09"}]}},{"type":"Feature","geometry":{"type":"Point","coordinates":[35.102458,31.580392]},"properties":{"locality_id":"502630","name":"Halhul","names":{"primary":"Halhul","arabic":"حَلْحُول"},"district":"Hebron","subdistrict":null,"pop_1945_total":null,"pop_1945_palestinian":null,"in_east_jerusalem":false,"oslo_area":"A","population":[{"year":2017,"value":26514,"source_id":"ocha_opt"}],"depopulated_1948":false,"depopulated_date":null,"status_now":null,"group_1945":null,"group_now":null,"mechanism":null,"references":{},"evidence":[{"source_id":"ocha_opt","title":"State of Palestine - Palestinian Communities in the West Bank and the Gaza Strip","url":"https://www.ochaopt.org/page/datasets-and-mapping-tools","document_date":"2019-07-17","retrieved":"2026-08-09"}]}},{"type":"Feature","geometry":{"type":"Point","coordinates":[35.165306,31.565819]},"properties":{"locality_id":"502635","name":"Ash Shuyukh","names":{"primary":"Ash Shuyukh","arabic":"الشُيُوخ"},"district":"Hebron","subdistrict":null,"pop_1945_total":null,"pop_1945_palestinian":null,"in_east_jerusalem":false,"oslo_area":"C","population":[{"year":2017,"value":10752,"source_id":"ocha_opt"}],"depopulated_1948":false,"depopulated_date":null,"status_now":null,"group_1945":null,"group_now":null,"mechanism":null,"references":{},"evidence":[{"source_id":"ocha_opt","title":"State of Palestine - Palestinian Communities in the West Bank and the Gaza Strip","url":"https://www.ochaopt.org/page/datasets-and-mapping-tools","document_date":"2019-07-17","retrieved":"2026-08-09"}]}},{"type":"Feature","geometry":{"type":"Point","coordinates":[35.146852,31.581501]},"properties":{"locality_id":"502620","name":"Sa'ir","names":{"primary":"Sa'ir","arabic":"سَعِيْر"},"district":"Hebron","subdistrict":null,"pop_1945_total":null,"pop_1945_palestinian":null,"in_east_jerusalem":false,"oslo_area":"A","population":[{"year":2017,"value":15897,"source_id":"ocha_opt"}],"depopulated_1948":false,"depopulated_date":null,"status_now":null,"group_1945":null,"group_now":null,"mechanism":null,"references":{},"evidence":[{"source_id":"ocha_opt","title":"State of Palestine - Palestinian Communities in the West Bank and the Gaza Strip","url":"https://www.ochaopt.org/page/datasets-and-mapping-tools","document_date":"2019-07-17","retrieved":"2026-08-09"}]}},{"type":"Feature","geometry":{"type":"Point","coordinates":[35.224579,31.611148]},"properties":{"locality_id":"452565","name":"Kisan","names":{"primary":"Kisan","arabic":"كِيسَان"},"district":"Bethlehem","subdistrict":null,"pop_1945_total":null,"pop_1945_palestinian":null,"in_east_jerusalem":false,"oslo_area":"A","population":[{"year":2017,"value":560,"source_id":"ocha_opt"}],"depopulated_1948":false,"depopulated_date":null,"status_now":null,"group_1945":null,"group_now":null,"mechanism":null,"references":{},"evidence":[{"source_id":"ocha_opt","title":"State of Palestine - Palestinian Communities in the West Bank and the Gaza Strip","url":"https://www.ochaopt.org/page/datasets-and-mapping-tools","document_date":"2019-07-17","retrieved":"2026-08-09"}]}},{"type":"Feature","geometry":{"type":"Point","coordinates":[35.067707,31.647319]},"properties":{"locality_id":"502450","name":"Surif","names":{"primary":"Surif","arabic":"صُورِيف"},"district":"Hebron","subdistrict":null,"pop_1945_total":null,"pop_1945_palestinian":null,"in_east_jerusalem":false,"oslo_area":"A","population":[{"year":2017,"value":17287,"source_id":"ocha_opt"}],"depopulated_1948":false,"depopulated_date":null,"status_now":null,"group_1945":null,"group_now":null,"mechanism":null,"references":{},"evidence":[{"source_id":"ocha_opt","title":"State of Palestine - Palestinian Communities in the West Bank and the Gaza Strip","url":"https://www.ochaopt.org/page/datasets-and-mapping-tools","document_date":"2019-07-17","retrieved":"2026-08-09"}]}},{"type":"Feature","geometry":{"type":"Point","coordinates":[35.167542,31.66466]},"properties":{"locality_id":"452400","name":"Wadi Rahhal","names":{"primary":"Wadi Rahhal","arabic":"وادي رَحَّال"},"district":"Bethlehem","subdistrict":null,"pop_1945_total":null,"pop_1945_palestinian":null,"in_east_jerusalem":false,"oslo_area":"A","population":[{"year":2017,"value":699,"source_id":"ocha_opt"}],"depopulated_1948":false,"depopulated_date":null,"status_now":null,"group_1945":null,"group_now":null,"mechanism":null,"references":{},"evidence":[{"source_id":"ocha_opt","title":"State of Palestine - Palestinian Communities in the West Bank and the Gaza Strip","url":"https://www.ochaopt.org/page/datasets-and-mapping-tools","document_date":"2019-07-17","retrieved":"2026-08-09"}]}},{"type":"Feature","geometry":{"type":"Point","coordinates":[35.1613,31.653751]},"properties":{"locality_id":"452445","name":"Wadi an Nis","names":{"primary":"Wadi an Nis","arabic":"وادي النِيصْ"},"district":"Bethlehem","subdistrict":null,"pop_1945_total":null,"pop_1945_palestinian":null,"in_east_jerusalem":false,"oslo_area":"A","population":[{"year":2017,"value":1001,"source_id":"ocha_opt"}],"depopulated_1948":false,"depopulated_date":null,"status_now":null,"group_1945":null,"group_now":null,"mechanism":null,"references":{},"evidence":[{"source_id":"ocha_opt","title":"State of Palestine - Palestinian Communities in the West Bank and the Gaza Strip","url":"https://www.ochaopt.org/page/datasets-and-mapping-tools","document_date":"2019-07-17","retrieved":"2026-08-09"}]}},{"type":"Feature","geometry":{"type":"Point","coordinates":[35.187913,31.634464]},"properties":{"locality_id":"452500","name":"Marah Rabah","names":{"primary":"Marah Rabah","arabic":"مَرَاح رَبَاح"},"district":"Bethlehem","subdistrict":null,"pop_1945_total":null,"pop_1945_palestinian":null,"in_east_jerusalem":false,"oslo_area":"A","population":[{"year":2017,"value":1729,"source_id":"ocha_opt"}],"depopulated_1948":false,"depopulated_date":null,"status_now":null,"group_1945":null,"group_now":null,"mechanism":null,"references":{},"evidence":[{"source_id":"ocha_opt","title":"State of Palestine - Palestinian Communities in the West Bank and the Gaza Strip","url":"https://www.ochaopt.org/page/datasets-and-mapping-tools","document_date":"2019-07-17","retrieved":"2026-08-09"}]}},{"type":"Feature","geometry":{"type":"Point","coordinates":[35.062657,32.25164]},"properties":{"locality_id":"100815","name":"Ar Ras","names":{"primary":"Ar Ras","arabic":"الرَاس"},"district":"Tulkarm","subdistrict":null,"pop_1945_total":null,"pop_1945_palestinian":null,"in_east_jerusalem":false,"oslo_area":"A","population":[{"year":2017,"value":650,"source_id":"ocha_opt"}],"depopulated_1948":false,"depopulated_date":null,"status_now":null,"group_1945":null,"group_now":null,"mechanism":null,"references":{},"evidence":[{"source_id":"ocha_opt","title":"State of Palestine - Palestinian Communities in the West Bank and the Gaza Strip","url":"https://www.ochaopt.org/page/datasets-and-mapping-tools","document_date":"2019-07-17","retrieved":"2026-08-09"}]}},{"type":"Feature","geometry":{"type":"Point","coordinates":[35.064557,32.243867]},"properties":{"locality_id":"100845","name":"Kafr Sur","names":{"primary":"Kafr Sur","arabic":"كَفْر صُور"},"district":"Tulkarm","subdistrict":null,"pop_1945_total":null,"pop_1945_palestinian":null,"in_east_jerusalem":false,"oslo_area":"A","population":[{"year":2017,"value":1288,"source_id":"ocha_opt"}],"depopulated_1948":false,"depopulated_date":null,"status_now":null,"group_1945":null,"group_now":null,"mechanism":null,"references":{},"evidence":[{"source_id":"ocha_opt","title":"State of Palestine - Palestinian Communities in the West Bank and the Gaza Strip","url":"https://www.ochaopt.org/page/datasets-and-mapping-tools","document_date":"2019-07-17","retrieved":"2026-08-09"}]}},{"type":"Feature","geometry":{"type":"Point","coordinates":[35.071232,32.22433]},"properties":{"locality_id":"100895","name":"Kafr Zibad","names":{"primary":"Kafr Zibad","arabic":"كَفْر زِيبَاد"},"district":"Tulkarm","subdistrict":null,"pop_1945_total":null,"pop_1945_palestinian":null,"in_east_jerusalem":false,"oslo_area":"A","population":[{"year":2017,"value":1219,"source_id":"ocha_opt"}],"depopulated_1948":false,"depopulated_date":null,"status_now":null,"group_1945":null,"group_now":null,"mechanism":null,"references":{},"evidence":[{"source_id":"ocha_opt","title":"State of Palestine - Palestinian Communities in the West Bank and the Gaza Strip","url":"https://www.ochaopt.org/page/datasets-and-mapping-tools","document_date":"2019-07-17","retrieved":"2026-08-09"}]}},{"type":"Feature","geometry":{"type":"Point","coordinates":[35.044941,32.225065]},"properties":{"locality_id":"100900","name":"Kafr Jammal","names":{"primary":"Kafr Jammal","arabic":"كَفْر جَمَّال"},"district":"Tulkarm","subdistrict":null,"pop_1945_total":null,"pop_1945_palestinian":null,"in_east_jerusalem":false,"oslo_area":"A","population":[{"year":2017,"value":2855,"source_id":"ocha_opt"}],"depopulated_1948":false,"depopulated_date":null,"status_now":null,"group_1945":null,"group_now":null,"mechanism":null,"references":{},"evidence":[{"source_id":"ocha_opt","title":"State of Palestine - Palestinian Communities in the West Bank and the Gaza Strip","url":"https://www.ochaopt.org/page/datasets-and-mapping-tools","document_date":"2019-07-17","retrieved":"2026-08-09"}]}},{"type":"Feature","geometry":{"type":"Point","coordinates":[35.097012,32.235635]},"properties":{"locality_id":"100870","name":"Kur","names":{"primary":"Kur","arabic":"كُورْ"},"district":"Tulkarm","subdistrict":null,"pop_1945_total":null,"pop_1945_palestinian":null,"in_east_jerusalem":false,"oslo_area":"A","population":[{"year":2017,"value":292,"source_id":"ocha_opt"}],"depopulated_1948":false,"depopulated_date":null,"status_now":null,"group_1945":null,"group_now":null,"mechanism":null,"references":{},"evidence":[{"source_id":"ocha_opt","title":"State of Palestine - Palestinian Communities in the West Bank and the Gaza Strip","url":"https://www.ochaopt.org/page/datasets-and-mapping-tools","document_date":"2019-07-17","retrieved":"2026-08-09"}]}},{"type":"Feature","geometry":{"type":"Point","coordinates":[35.084241,32.222701]},"properties":{"locality_id":"100915","name":"Kafr 'Abbush","names":{"primary":"Kafr 'Abbush","arabic":"كَفْر عَبُّوش"},"district":"Tulkarm","subdistrict":null,"pop_1945_total":null,"pop_1945_palestinian":null,"in_east_jerusalem":false,"oslo_area":"A","population":[{"year":2017,"value":1739,"source_id":"ocha_opt"}],"depopulated_1948":false,"depopulated_date":null,"status_now":null,"group_1945":null,"group_now":null,"mechanism":null,"references":{},"evidence":[{"source_id":"ocha_opt","title":"State of Palestine - Palestinian Communities in the West Bank and the Gaza Strip","url":"https://www.ochaopt.org/page/datasets-and-mapping-tools","document_date":"2019-07-17","retrieved":"2026-08-09"}]}},{"type":"Feature","geometry":{"type":"Point","coordinates":[35.144347,32.22104]},"properties":{"locality_id":"200925","name":"Kafr Qaddum","names":{"primary":"Kafr Qaddum","arabic":"كَفْر قَدُّوم"},"district":"Qalqiliya","subdistrict":null,"pop_1945_total":null,"pop_1945_palestinian":null,"in_east_jerusalem":false,"oslo_area":"A","population":[{"year":2017,"value":3280,"source_id":"ocha_opt"}],"depopulated_1948":false,"depopulated_date":null,"status_now":null,"group_1945":null,"group_now":null,"mechanism":null,"references":{},"evidence":[{"source_id":"ocha_opt","title":"State of Palestine - Palestinian Communities in the West Bank and the Gaza Strip","url":"https://www.ochaopt.org/page/datasets-and-mapping-tools","document_date":"2019-07-17","retrieved":"2026-08-09"}]}},{"type":"Feature","geometry":{"type":"Point","coordinates":[35.170357,32.214172]},"properties":{"locality_id":"200945","name":"Jit","names":{"primary":"Jit","arabic":"جِيْت"},"district":"Qalqiliya","subdistrict":null,"pop_1945_total":null,"pop_1945_palestinian":null,"in_east_jerusalem":false,"oslo_area":"A","population":[{"year":2017,"value":2405,"source_id":"ocha_opt"}],"depopulated_1948":false,"depopulated_date":null,"status_now":null,"group_1945":null,"group_now":null,"mechanism":null,"references":{},"evidence":[{"source_id":"ocha_opt","title":"State of Palestine - Palestinian Communities in the West Bank and the Gaza Strip","url":"https://www.ochaopt.org/page/datasets-and-mapping-tools","document_date":"2019-07-17","retrieved":"2026-08-09"}]}},{"type":"Feature","geometry":{"type":"Point","coordinates":[35.180602,31.654289]},"properties":{"locality_id":"452440","name":"Al Ma'sara","names":{"primary":"Al Ma'sara","arabic":"المَعْصَرَة"},"district":"Bethlehem","subdistrict":null,"pop_1945_total":null,"pop_1945_palestinian":null,"in_east_jerusalem":false,"oslo_area":"A","population":[{"year":2017,"value":1085,"source_id":"ocha_opt"}],"depopulated_1948":false,"depopulated_date":null,"status_now":null,"group_1945":null,"group_now":null,"mechanism":null,"references":{},"evidence":[{"source_id":"ocha_opt","title":"State of Palestine - Palestinian Communities in the West Bank and the Gaza Strip","url":"https://www.ochaopt.org/page/datasets-and-mapping-tools","document_date":"2019-07-17","retrieved":"2026-08-09"}]}},{"type":"Feature","geometry":{"type":"Point","coordinates":[35.21848,31.668539]},"properties":{"locality_id":"452385","name":"Jannatah (Beit Falouh)","names":{"primary":"Jannatah (Beit Falouh)","arabic":"جناتة (بيت فلوح)"},"district":"Bethlehem","subdistrict":null,"pop_1945_total":null,"pop_1945_palestinian":null,"in_east_jerusalem":false,"oslo_area":"A","population":[{"year":2017,"value":835,"source_id":"ocha_opt"}],"depopulated_1948":false,"depopulated_date":null,"status_now":null,"group_1945":null,"group_now":null,"mechanism":null,"references":{},"evidence":[{"source_id":"ocha_opt","title":"State of Palestine - Palestinian Communities in the West Bank and the Gaza Strip","url":"https://www.ochaopt.org/page/datasets-and-mapping-tools","document_date":"2019-07-17","retrieved":"2026-08-09"}]}},{"type":"Feature","geometry":{"type":"Point","coordinates":[35.103461,31.706785]},"properties":{"locality_id":"452235","name":"Wadi Fukin","names":{"primary":"Wadi Fukin","arabic":"وادي فُوكِين"},"district":"Bethlehem","subdistrict":null,"pop_1945_total":null,"pop_1945_palestinian":null,"in_east_jerusalem":false,"oslo_area":"A","population":[{"year":2017,"value":1342,"source_id":"ocha_opt"}],"depopulated_1948":false,"depopulated_date":null,"status_now":null,"group_1945":null,"group_now":null,"mechanism":null,"references":{},"evidence":[{"source_id":"ocha_opt","title":"State of Palestine - Palestinian Communities in the West Bank and the Gaza Strip","url":"https://www.ochaopt.org/page/datasets-and-mapping-tools","document_date":"2019-07-17","retrieved":"2026-08-09"}]}},{"type":"Feature","geometry":{"type":"Point","coordinates":[35.120436,31.685266]},"properties":{"locality_id":"452325","name":"Nahhalin","names":{"primary":"Nahhalin","arabic":"نَحَّالين"},"district":"Bethlehem","subdistrict":null,"pop_1945_total":null,"pop_1945_palestinian":null,"in_east_jerusalem":false,"oslo_area":"A","population":[{"year":2017,"value":8741,"source_id":"ocha_opt"}],"depopulated_1948":false,"depopulated_date":null,"status_now":null,"group_1945":null,"group_now":null,"mechanism":null,"references":{},"evidence":[{"source_id":"ocha_opt","title":"State of Palestine - Palestinian Communities in the West Bank and the Gaza Strip","url":"https://www.ochaopt.org/page/datasets-and-mapping-tools","document_date":"2019-07-17","retrieved":"2026-08-09"}]}},{"type":"Feature","geometry":{"type":"Point","coordinates":[35.135084,31.708584]},"properties":{"locality_id":"452230","name":"Husan","names":{"primary":"Husan","arabic":"حُوسَان"},"district":"Bethlehem","subdistrict":null,"pop_1945_total":null,"pop_1945_palestinian":null,"in_east_jerusalem":false,"oslo_area":"A","population":[{"year":2017,"value":7048,"source_id":"ocha_opt"}],"depopulated_1948":false,"depopulated_date":null,"status_now":null,"group_1945":null,"group_now":null,"mechanism":null,"references":{},"evidence":[{"source_id":"ocha_opt","title":"State of Palestine - Palestinian Communities in the West Bank and the Gaza Strip","url":"https://www.ochaopt.org/page/datasets-and-mapping-tools","document_date":"2019-07-17","retrieved":"2026-08-09"}]}},{"type":"Feature","geometry":{"type":"Point","coordinates":[35.16904,31.694327]},"properties":{"locality_id":"452270","name":"Al Khadr","names":{"primary":"Al Khadr","arabic":"الخَضِر"},"district":"Bethlehem","subdistrict":null,"pop_1945_total":null,"pop_1945_palestinian":null,"in_east_jerusalem":false,"oslo_area":"A","population":[{"year":2017,"value":11960,"source_id":"ocha_opt"}],"depopulated_1948":false,"depopulated_date":null,"status_now":null,"group_1945":null,"group_now":null,"mechanism":null,"references":{},"evidence":[{"source_id":"ocha_opt","title":"State of Palestine - Palestinian Communities in the West Bank and the Gaza Strip","url":"https://www.ochaopt.org/page/datasets-and-mapping-tools","document_date":"2019-07-17","retrieved":"2026-08-09"}]}},{"type":"Feature","geometry":{"type":"Point","coordinates":[35.18817,31.689229]},"properties":{"locality_id":"452300","name":"Artas","names":{"primary":"Artas","arabic":"إرْطَاس"},"district":"Bethlehem","subdistrict":null,"pop_1945_total":null,"pop_1945_palestinian":null,"in_east_jerusalem":false,"oslo_area":"A","population":[{"year":2017,"value":5745,"source_id":"ocha_opt"}],"depopulated_1948":false,"depopulated_date":null,"status_now":null,"group_1945":null,"group_now":null,"mechanism":null,"references":{},"evidence":[{"source_id":"ocha_opt","title":"State of Palestine - Palestinian Communities in the West Bank and the Gaza Strip","url":"https://www.ochaopt.org/page/datasets-and-mapping-tools","document_date":"2019-07-17","retrieved":"2026-08-09"}]}},{"type":"Feature","geometry":{"type":"Point","coordinates":[35.184939,31.693208]},"properties":{"locality_id":"452275","name":"Ad Duheisha Camp","names":{"primary":"Ad Duheisha Camp","arabic":"مُخَيَّمْ الدُهَيْشَة"},"district":"Bethlehem","subdistrict":null,"pop_1945_total":null,"pop_1945_palestinian":null,"in_east_jerusalem":false,"oslo_area":"A","population":[{"year":2017,"value":8805,"source_id":"ocha_opt"}],"depopulated_1948":false,"depopulated_date":null,"status_now":null,"group_1945":null,"group_now":null,"mechanism":null,"references":{},"evidence":[{"source_id":"ocha_opt","title":"State of Palestine - Palestinian Communities in the West Bank and the Gaza Strip","url":"https://www.ochaopt.org/page/datasets-and-mapping-tools","document_date":"2019-07-17","retrieved":"2026-08-09"}]}},{"type":"Feature","geometry":{"type":"Point","coordinates":[35.186008,31.700527]},"properties":{"locality_id":"452265","name":"Ad Doha","names":{"primary":"Ad Doha","arabic":"الدْوحَة"},"district":"Bethlehem","subdistrict":null,"pop_1945_total":null,"pop_1945_palestinian":null,"in_east_jerusalem":false,"oslo_area":"A","population":[{"year":2017,"value":12752,"source_id":"ocha_opt"}],"depopulated_1948":false,"depopulated_date":null,"status_now":null,"group_1945":null,"group_now":null,"mechanism":null,"references":{},"evidence":[{"source_id":"ocha_opt","title":"State of Palestine - Palestinian Communities in the West Bank and the Gaza Strip","url":"https://www.ochaopt.org/page/datasets-and-mapping-tools","document_date":"2019-07-17","retrieved":"2026-08-09"}]}},{"type":"Feature","geometry":{"type":"Point","coordinates":[35.184267,31.713749]},"properties":{"locality_id":"452210","name":"Beit Jala","names":{"primary":"Beit Jala","arabic":"بِيت جَالا"},"district":"Bethlehem","subdistrict":null,"pop_1945_total":null,"pop_1945_palestinian":null,"in_east_jerusalem":false,"oslo_area":"A","population":[{"year":2017,"value":13484,"source_id":"ocha_opt"}],"depopulated_1948":false,"depopulated_date":null,"status_now":null,"group_1945":null,"group_now":null,"mechanism":null,"references":{},"evidence":[{"source_id":"ocha_opt","title":"State of Palestine - Palestinian Communities in the West Bank and the Gaza Strip","url":"https://www.ochaopt.org/page/datasets-and-mapping-tools","document_date":"2019-07-17","retrieved":"2026-08-09"}]}},{"type":"Feature","geometry":{"type":"Point","coordinates":[34.97526,31.519072]},"properties":{"locality_id":"502810","name":"Deir Samit","names":{"primary":"Deir Samit","arabic":"دِير سَامِت"},"district":"Hebron","subdistrict":null,"pop_1945_total":null,"pop_1945_palestinian":null,"in_east_jerusalem":false,"oslo_area":"A","population":[{"year":2017,"value":7375,"source_id":"ocha_opt"}],"depopulated_1948":false,"depopulated_date":null,"status_now":null,"group_1945":null,"group_now":null,"mechanism":null,"references":{},"evidence":[{"source_id":"ocha_opt","title":"State of Palestine - Palestinian Communities in the West Bank and the Gaza Strip","url":"https://www.ochaopt.org/page/datasets-and-mapping-tools","document_date":"2019-07-17","retrieved":"2026-08-09"}]}},{"type":"Feature","geometry":{"type":"Point","coordinates":[35.112169,31.851354]},"properties":{"locality_id":"401950","name":"Beit 'Anan","names":{"primary":"Beit 'Anan","arabic":"بِيت عَنَان"},"district":"Jerusalem","subdistrict":null,"pop_1945_total":null,"pop_1945_palestinian":null,"in_east_jerusalem":false,"oslo_area":"A","population":[{"year":2017,"value":4210,"source_id":"ocha_opt"}],"depopulated_1948":false,"depopulated_date":null,"status_now":null,"group_1945":null,"group_now":null,"mechanism":null,"references":{},"evidence":[{"source_id":"ocha_opt","title":"State of Palestine - Palestinian Communities in the West Bank and the Gaza Strip","url":"https://www.ochaopt.org/page/datasets-and-mapping-tools","document_date":"2019-07-17","retrieved":"2026-08-09"}]}},{"type":"Feature","geometry":{"type":"Point","coordinates":[35.11915,31.834029]},"properties":{"locality_id":"402015","name":"Qatanna","names":{"primary":"Qatanna","arabic":"قَطَنَه"},"district":"Jerusalem","subdistrict":null,"pop_1945_total":null,"pop_1945_palestinian":null,"in_east_jerusalem":false,"oslo_area":"A","population":[{"year":2017,"value":6981,"source_id":"ocha_opt"}],"depopulated_1948":false,"depopulated_date":null,"status_now":null,"group_1945":null,"group_now":null,"mechanism":null,"references":{},"evidence":[{"source_id":"ocha_opt","title":"State of Palestine - Palestinian Communities in the West Bank and the Gaza Strip","url":"https://www.ochaopt.org/page/datasets-and-mapping-tools","document_date":"2019-07-17","retrieved":"2026-08-09"}]}},{"type":"Feature","geometry":{"type":"Point","coordinates":[35.151531,31.847106]},"properties":{"locality_id":"401965","name":"Beit Ijza","names":{"primary":"Beit Ijza","arabic":"بِيت إجْزَا"},"district":"Jerusalem","subdistrict":null,"pop_1945_total":null,"pop_1945_palestinian":null,"in_east_jerusalem":false,"oslo_area":"A","population":[{"year":2017,"value":854,"source_id":"ocha_opt"}],"depopulated_1948":false,"depopulated_date":null,"status_now":null,"group_1945":null,"group_now":null,"mechanism":null,"references":{},"evidence":[{"source_id":"ocha_opt","title":"State of Palestine - Palestinian Communities in the West Bank and the Gaza Strip","url":"https://www.ochaopt.org/page/datasets-and-mapping-tools","document_date":"2019-07-17","retrieved":"2026-08-09"}]}},{"type":"Feature","geometry":{"type":"Point","coordinates":[35.136938,31.838519]},"properties":{"locality_id":"401980","name":"Al Qubeiba","names":{"primary":"Al Qubeiba","arabic":"القُبَيْبَة"},"district":"Jerusalem","subdistrict":null,"pop_1945_total":null,"pop_1945_palestinian":null,"in_east_jerusalem":false,"oslo_area":"A","population":[{"year":2017,"value":3876,"source_id":"ocha_opt"}],"depopulated_1948":false,"depopulated_date":null,"status_now":null,"group_1945":null,"group_now":null,"mechanism":null,"references":{},"evidence":[{"source_id":"ocha_opt","title":"State of Palestine - Palestinian Communities in the West Bank and the Gaza Strip","url":"https://www.ochaopt.org/page/datasets-and-mapping-tools","document_date":"2019-07-17","retrieved":"2026-08-09"}]}},{"type":"Feature","geometry":{"type":"Point","coordinates":[35.148822,31.834946]},"properties":{"locality_id":"401995","name":"Biddu","names":{"primary":"Biddu","arabic":"بِدُّو"},"district":"Jerusalem","subdistrict":null,"pop_1945_total":null,"pop_1945_palestinian":null,"in_east_jerusalem":false,"oslo_area":"A","population":[{"year":2017,"value":8231,"source_id":"ocha_opt"}],"depopulated_1948":false,"depopulated_date":null,"status_now":null,"group_1945":null,"group_now":null,"mechanism":null,"references":{},"evidence":[{"source_id":"ocha_opt","title":"State of Palestine - Palestinian Communities in the West Bank and the Gaza Strip","url":"https://www.ochaopt.org/page/datasets-and-mapping-tools","document_date":"2019-07-17","retrieved":"2026-08-09"}]}},{"type":"Feature","geometry":{"type":"Point","coordinates":[35.148831,31.823917]},"properties":{"locality_id":"402020","name":"Beit Surik","names":{"primary":"Beit Surik","arabic":"بِيت سُورِيك"},"district":"Jerusalem","subdistrict":null,"pop_1945_total":null,"pop_1945_palestinian":null,"in_east_jerusalem":false,"oslo_area":"A","population":[{"year":2017,"value":4025,"source_id":"ocha_opt"}],"depopulated_1948":false,"depopulated_date":null,"status_now":null,"group_1945":null,"group_now":null,"mechanism":null,"references":{},"evidence":[{"source_id":"ocha_opt","title":"State of Palestine - Palestinian Communities in the West Bank and the Gaza Strip","url":"https://www.ochaopt.org/page/datasets-and-mapping-tools","document_date":"2019-07-17","retrieved":"2026-08-09"}]}},{"type":"Feature","geometry":{"type":"Point","coordinates":[35.20295,31.850574]},"properties":{"locality_id":"401960","name":"Bir Nabala","names":{"primary":"Bir Nabala","arabic":"بِير نَبَالا"},"district":"Jerusalem","subdistrict":null,"pop_1945_total":null,"pop_1945_palestinian":null,"in_east_jerusalem":false,"oslo_area":"A","population":[{"year":2017,"value":6004,"source_id":"ocha_opt"}],"depopulated_1948":false,"depopulated_date":null,"status_now":null,"group_1945":null,"group_now":null,"mechanism":null,"references":{},"evidence":[{"source_id":"ocha_opt","title":"State of Palestine - Palestinian Communities in the West Bank and the Gaza Strip","url":"https://www.ochaopt.org/page/datasets-and-mapping-tools","document_date":"2019-07-17","retrieved":"2026-08-09"}]}},{"type":"Feature","geometry":{"type":"Point","coordinates":[35.182899,31.833003]},"properties":{"locality_id":"402000","name":"An Nabi Samwil","names":{"primary":"An Nabi Samwil","arabic":"النَبِي صَمُوئيل"},"district":"Jerusalem","subdistrict":null,"pop_1945_total":null,"pop_1945_palestinian":null,"in_east_jerusalem":false,"oslo_area":"C","population":[{"year":2017,"value":234,"source_id":"ocha_opt"}],"depopulated_1948":false,"depopulated_date":null,"status_now":null,"group_1945":null,"group_now":null,"mechanism":null,"references":{},"evidence":[{"source_id":"ocha_opt","title":"State of Palestine - Palestinian Communities in the West Bank and the Gaza Strip","url":"https://www.ochaopt.org/page/datasets-and-mapping-tools","document_date":"2019-07-17","retrieved":"2026-08-09"}]}},{"type":"Feature","geometry":{"type":"Point","coordinates":[35.207218,31.830262]},"properties":{"locality_id":"402010","name":"Beit Hanina al Balad","names":{"primary":"Beit Hanina al Balad","arabic":"بِيت حَنِينَا البَلَد"},"district":"Jerusalem","subdistrict":null,"pop_1945_total":null,"pop_1945_palestinian":null,"in_east_jerusalem":false,"oslo_area":"A","population":[{"year":2017,"value":1107,"source_id":"ocha_opt"}],"depopulated_1948":false,"depopulated_date":null,"status_now":null,"group_1945":null,"group_now":null,"mechanism":null,"references":{},"evidence":[{"source_id":"ocha_opt","title":"State of Palestine - Palestinian Communities in the West Bank and the Gaza Strip","url":"https://www.ochaopt.org/page/datasets-and-mapping-tools","document_date":"2019-07-17","retrieved":"2026-08-09"}]}},{"type":"Feature","geometry":{"type":"Point","coordinates":[35.179005,31.818394]},"properties":{"locality_id":"402025","name":"Beit Iksa","names":{"primary":"Beit Iksa","arabic":"بِيت إكْسَا"},"district":"Jerusalem","subdistrict":null,"pop_1945_total":null,"pop_1945_palestinian":null,"in_east_jerusalem":false,"oslo_area":"A","population":[{"year":2017,"value":1773,"source_id":"ocha_opt"}],"depopulated_1948":false,"depopulated_date":null,"status_now":null,"group_1945":null,"group_now":null,"mechanism":null,"references":{},"evidence":[{"source_id":"ocha_opt","title":"State of Palestine - Palestinian Communities in the West Bank and the Gaza Strip","url":"https://www.ochaopt.org/page/datasets-and-mapping-tools","document_date":"2019-07-17","retrieved":"2026-08-09"}]}},{"type":"Feature","geometry":{"type":"Point","coordinates":[35.263933,31.833792]},"properties":{"locality_id":"402005","name":"Hizma","names":{"primary":"Hizma","arabic":"حِزْما"},"district":"Jerusalem","subdistrict":null,"pop_1945_total":null,"pop_1945_palestinian":null,"in_east_jerusalem":false,"oslo_area":"A","population":[{"year":2017,"value":7118,"source_id":"ocha_opt"}],"depopulated_1948":false,"depopulated_date":null,"status_now":null,"group_1945":null,"group_now":null,"mechanism":null,"references":{},"evidence":[{"source_id":"ocha_opt","title":"State of Palestine - Palestinian Communities in the West Bank and the Gaza Strip","url":"https://www.ochaopt.org/page/datasets-and-mapping-tools","document_date":"2019-07-17","retrieved":"2026-08-09"}]}},{"type":"Feature","geometry":{"type":"Point","coordinates":[35.07245,31.945244]},"properties":{"locality_id":"301725","name":"Kharbatha Bani Harith","names":{"primary":"Kharbatha Bani Harith","arabic":"خَرْبَثا بَنِي حَارِث"},"district":"Ramallah","subdistrict":null,"pop_1945_total":null,"pop_1945_palestinian":null,"in_east_jerusalem":false,"oslo_area":"A","population":[{"year":2017,"value":3471,"source_id":"ocha_opt"}],"depopulated_1948":false,"depopulated_date":null,"status_now":null,"group_1945":null,"group_now":null,"mechanism":null,"references":{},"evidence":[{"source_id":"ocha_opt","title":"State of Palestine - Palestinian Communities in the West Bank and the Gaza Strip","url":"https://www.ochaopt.org/page/datasets-and-mapping-tools","document_date":"2019-07-17","retrieved":"2026-08-09"}]}},{"type":"Feature","geometry":{"type":"Point","coordinates":[35.098974,31.966283]},"properties":{"locality_id":"301660","name":"Deir 'Ammar Camp","names":{"primary":"Deir 'Ammar Camp","arabic":"مُخَيَّمْ دِير عَمَّار"},"district":"Ramallah","subdistrict":null,"pop_1945_total":null,"pop_1945_palestinian":null,"in_east_jerusalem":false,"oslo_area":"A","population":[{"year":2017,"value":1884,"source_id":"ocha_opt"}],"depopulated_1948":false,"depopulated_date":null,"status_now":null,"group_1945":null,"group_now":null,"mechanism":null,"references":{},"evidence":[{"source_id":"ocha_opt","title":"State of Palestine - Palestinian Communities in the West Bank and the Gaza Strip","url":"https://www.ochaopt.org/page/datasets-and-mapping-tools","document_date":"2019-07-17","retrieved":"2026-08-09"}]}},{"type":"Feature","geometry":{"type":"Point","coordinates":[35.119306,31.974226]},"properties":{"locality_id":"301620","name":"Beitillu","names":{"primary":"Beitillu","arabic":"بِيتِللُّو"},"district":"Ramallah","subdistrict":null,"pop_1945_total":null,"pop_1945_palestinian":null,"in_east_jerusalem":false,"oslo_area":"A","population":[{"year":2017,"value":3465,"source_id":"ocha_opt"}],"depopulated_1948":false,"depopulated_date":null,"status_now":null,"group_1945":null,"group_now":null,"mechanism":null,"references":{},"evidence":[{"source_id":"ocha_opt","title":"State of Palestine - Palestinian Communities in the West Bank and the Gaza Strip","url":"https://www.ochaopt.org/page/datasets-and-mapping-tools","document_date":"2019-07-17","retrieved":"2026-08-09"}]}},{"type":"Feature","geometry":{"type":"Point","coordinates":[35.212692,31.950184]},"properties":{"locality_id":"301700","name":"Al Jalazun Camp","names":{"primary":"Al Jalazun Camp","arabic":"مُخَيَّمْ الجَلَزُون"},"district":"Ramallah","subdistrict":null,"pop_1945_total":null,"pop_1945_palestinian":null,"in_east_jerusalem":false,"oslo_area":"A","population":[{"year":2017,"value":8201,"source_id":"ocha_opt"}],"depopulated_1948":false,"depopulated_date":null,"status_now":null,"group_1945":null,"group_now":null,"mechanism":null,"references":{},"evidence":[{"source_id":"ocha_opt","title":"State of Palestine - Palestinian Communities in the West Bank and the Gaza Strip","url":"https://www.ochaopt.org/page/datasets-and-mapping-tools","document_date":"2019-07-17","retrieved":"2026-08-09"}]}},{"type":"Feature","geometry":{"type":"Point","coordinates":[35.228092,31.970937]},"properties":{"locality_id":"301640","name":"Ein Siniya","names":{"primary":"Ein Siniya","arabic":"عِيْن سِينْيا"},"district":"Ramallah","subdistrict":null,"pop_1945_total":null,"pop_1945_palestinian":null,"in_east_jerusalem":false,"oslo_area":"A","population":[{"year":2017,"value":925,"source_id":"ocha_opt"}],"depopulated_1948":false,"depopulated_date":null,"status_now":null,"group_1945":null,"group_now":null,"mechanism":null,"references":{},"evidence":[{"source_id":"ocha_opt","title":"State of Palestine - Palestinian Communities in the West Bank and the Gaza Strip","url":"https://www.ochaopt.org/page/datasets-and-mapping-tools","document_date":"2019-07-17","retrieved":"2026-08-09"}]}},{"type":"Feature","geometry":{"type":"Point","coordinates":[35.214742,31.962663]},"properties":{"locality_id":"301675","name":"Jifna","names":{"primary":"Jifna","arabic":"جِفْنَا"},"district":"Ramallah","subdistrict":null,"pop_1945_total":null,"pop_1945_palestinian":null,"in_east_jerusalem":false,"oslo_area":"A","population":[{"year":2017,"value":2919,"source_id":"ocha_opt"}],"depopulated_1948":false,"depopulated_date":null,"status_now":null,"group_1945":null,"group_now":null,"mechanism":null,"references":{},"evidence":[{"source_id":"ocha_opt","title":"State of Palestine - Palestinian Communities in the West Bank and the Gaza Strip","url":"https://www.ochaopt.org/page/datasets-and-mapping-tools","document_date":"2019-07-17","retrieved":"2026-08-09"}]}},{"type":"Feature","geometry":{"type":"Point","coordinates":[35.228297,31.958767]},"properties":{"locality_id":"301680","name":"Dura al Qar'a","names":{"primary":"Dura al Qar'a","arabic":"دُورا القَرِع"},"district":"Ramallah","subdistrict":null,"pop_1945_total":null,"pop_1945_palestinian":null,"in_east_jerusalem":false,"oslo_area":"A","population":[{"year":2017,"value":3032,"source_id":"ocha_opt"}],"depopulated_1948":false,"depopulated_date":null,"status_now":null,"group_1945":null,"group_now":null,"mechanism":null,"references":{},"evidence":[{"source_id":"ocha_opt","title":"State of Palestine - Palestinian Communities in the West Bank and the Gaza Strip","url":"https://www.ochaopt.org/page/datasets-and-mapping-tools","document_date":"2019-07-17","retrieved":"2026-08-09"}]}},{"type":"Feature","geometry":{"type":"Point","coordinates":[35.183909,31.949998]},"properties":{"locality_id":"301705","name":"Abu Qash","names":{"primary":"Abu Qash","arabic":"ابو قَشّ"},"district":"Ramallah","subdistrict":null,"pop_1945_total":null,"pop_1945_palestinian":null,"in_east_jerusalem":false,"oslo_area":"A","population":[{"year":2017,"value":2237,"source_id":"ocha_opt"}],"depopulated_1948":false,"depopulated_date":null,"status_now":null,"group_1945":null,"group_now":null,"mechanism":null,"references":{},"evidence":[{"source_id":"ocha_opt","title":"State of Palestine - Palestinian Communities in the West Bank and the Gaza Strip","url":"https://www.ochaopt.org/page/datasets-and-mapping-tools","document_date":"2019-07-17","retrieved":"2026-08-09"}]}},{"type":"Feature","geometry":{"type":"Point","coordinates":[35.194122,31.969119]},"properties":{"locality_id":"301635","name":"Bir Zeit","names":{"primary":"Bir Zeit","arabic":"بِير زيت"},"district":"Ramallah","subdistrict":null,"pop_1945_total":null,"pop_1945_palestinian":null,"in_east_jerusalem":false,"oslo_area":"A","population":[{"year":2017,"value":5878,"source_id":"ocha_opt"}],"depopulated_1948":false,"depopulated_date":null,"status_now":null,"group_1945":null,"group_now":null,"mechanism":null,"references":{},"evidence":[{"source_id":"ocha_opt","title":"State of Palestine - Palestinian Communities in the West Bank and the Gaza Strip","url":"https://www.ochaopt.org/page/datasets-and-mapping-tools","document_date":"2019-07-17","retrieved":"2026-08-09"}]}},{"type":"Feature","geometry":{"type":"Point","coordinates":[35.244964,31.974514]},"properties":{"locality_id":"301615","name":"Yabrud","names":{"primary":"Yabrud","arabic":"يَبْرُود"},"district":"Ramallah","subdistrict":null,"pop_1945_total":null,"pop_1945_palestinian":null,"in_east_jerusalem":false,"oslo_area":"A","population":[{"year":2017,"value":575,"source_id":"ocha_opt"}],"depopulated_1948":false,"depopulated_date":null,"status_now":null,"group_1945":null,"group_now":null,"mechanism":null,"references":{},"evidence":[{"source_id":"ocha_opt","title":"State of Palestine - Palestinian Communities in the West Bank and the Gaza Strip","url":"https://www.ochaopt.org/page/datasets-and-mapping-tools","document_date":"2019-07-17","retrieved":"2026-08-09"}]}},{"type":"Feature","geometry":{"type":"Point","coordinates":[35.114106,32.003219]},"properties":{"locality_id":"301560","name":"Deir Nidham","names":{"primary":"Deir Nidham","arabic":"دِير نِظَام"},"district":"Ramallah","subdistrict":null,"pop_1945_total":null,"pop_1945_palestinian":null,"in_east_jerusalem":false,"oslo_area":"A","population":[{"year":2017,"value":876,"source_id":"ocha_opt"}],"depopulated_1948":false,"depopulated_date":null,"status_now":null,"group_1945":null,"group_now":null,"mechanism":null,"references":{},"evidence":[{"source_id":"ocha_opt","title":"State of Palestine - Palestinian Communities in the West Bank and the Gaza Strip","url":"https://www.ochaopt.org/page/datasets-and-mapping-tools","document_date":"2019-07-17","retrieved":"2026-08-09"}]}},{"type":"Feature","geometry":{"type":"Point","coordinates":[35.153219,32.027887]},"properties":{"locality_id":"301505","name":"Deir as Sudan","names":{"primary":"Deir as Sudan","arabic":"دِير السُودَان"},"district":"Ramallah","subdistrict":null,"pop_1945_total":null,"pop_1945_palestinian":null,"in_east_jerusalem":false,"oslo_area":"A","population":[{"year":2017,"value":2159,"source_id":"ocha_opt"}],"depopulated_1948":false,"depopulated_date":null,"status_now":null,"group_1945":null,"group_now":null,"mechanism":null,"references":{},"evidence":[{"source_id":"ocha_opt","title":"State of Palestine - Palestinian Communities in the West Bank and the Gaza Strip","url":"https://www.ochaopt.org/page/datasets-and-mapping-tools","document_date":"2019-07-17","retrieved":"2026-08-09"}]}},{"type":"Feature","geometry":{"type":"Point","coordinates":[35.179005,32.022465]},"properties":{"locality_id":"301525","name":"Ajjul","names":{"primary":"Ajjul","arabic":"عَجُّول"},"district":"Ramallah","subdistrict":null,"pop_1945_total":null,"pop_1945_palestinian":null,"in_east_jerusalem":false,"oslo_area":"A","population":[{"year":2017,"value":1402,"source_id":"ocha_opt"}],"depopulated_1948":false,"depopulated_date":null,"status_now":null,"group_1945":null,"group_now":null,"mechanism":null,"references":{},"evidence":[{"source_id":"ocha_opt","title":"State of Palestine - Palestinian Communities in the West Bank and the Gaza Strip","url":"https://www.ochaopt.org/page/datasets-and-mapping-tools","document_date":"2019-07-17","retrieved":"2026-08-09"}]}},{"type":"Feature","geometry":{"type":"Point","coordinates":[35.16525,32.008823]},"properties":{"locality_id":"301550","name":"Umm Safa","names":{"primary":"Umm Safa","arabic":"أمُّ صَفَا"},"district":"Ramallah","subdistrict":null,"pop_1945_total":null,"pop_1945_palestinian":null,"in_east_jerusalem":false,"oslo_area":"A","population":[{"year":2017,"value":681,"source_id":"ocha_opt"}],"depopulated_1948":false,"depopulated_date":null,"status_now":null,"group_1945":null,"group_now":null,"mechanism":null,"references":{},"evidence":[{"source_id":"ocha_opt","title":"State of Palestine - Palestinian Communities in the West Bank and the Gaza Strip","url":"https://www.ochaopt.org/page/datasets-and-mapping-tools","document_date":"2019-07-17","retrieved":"2026-08-09"}]}},{"type":"Feature","geometry":{"type":"Point","coordinates":[35.16008,31.997869]},"properties":{"locality_id":"301575","name":"Jibiya","names":{"primary":"Jibiya","arabic":"جِيْبيا"},"district":"Ramallah","subdistrict":null,"pop_1945_total":null,"pop_1945_palestinian":null,"in_east_jerusalem":false,"oslo_area":"A","population":[{"year":2017,"value":156,"source_id":"ocha_opt"}],"depopulated_1948":false,"depopulated_date":null,"status_now":null,"group_1945":null,"group_now":null,"mechanism":null,"references":{},"evidence":[{"source_id":"ocha_opt","title":"State of Palestine - Palestinian Communities in the West Bank and the Gaza Strip","url":"https://www.ochaopt.org/page/datasets-and-mapping-tools","document_date":"2019-07-17","retrieved":"2026-08-09"}]}},{"type":"Feature","geometry":{"type":"Point","coordinates":[35.175239,31.988109]},"properties":{"locality_id":"301585","name":"Burham","names":{"primary":"Burham","arabic":"بُرْهَام"},"district":"Ramallah","subdistrict":null,"pop_1945_total":null,"pop_1945_palestinian":null,"in_east_jerusalem":false,"oslo_area":"A","population":[{"year":2017,"value":583,"source_id":"ocha_opt"}],"depopulated_1948":false,"depopulated_date":null,"status_now":null,"group_1945":null,"group_now":null,"mechanism":null,"references":{},"evidence":[{"source_id":"ocha_opt","title":"State of Palestine - Palestinian Communities in the West Bank and the Gaza Strip","url":"https://www.ochaopt.org/page/datasets-and-mapping-tools","document_date":"2019-07-17","retrieved":"2026-08-09"}]}},{"type":"Feature","geometry":{"type":"Point","coordinates":[35.157497,31.987127]},"properties":{"locality_id":"301600","name":"Kobar","names":{"primary":"Kobar","arabic":"كُوبَر"},"district":"Ramallah","subdistrict":null,"pop_1945_total":null,"pop_1945_palestinian":null,"in_east_jerusalem":false,"oslo_area":"A","population":[{"year":2017,"value":4320,"source_id":"ocha_opt"}],"depopulated_1948":false,"depopulated_date":null,"status_now":null,"group_1945":null,"group_now":null,"mechanism":null,"references":{},"evidence":[{"source_id":"ocha_opt","title":"State of Palestine - Palestinian Communities in the West Bank and the Gaza Strip","url":"https://www.ochaopt.org/page/datasets-and-mapping-tools","document_date":"2019-07-17","retrieved":"2026-08-09"}]}},{"type":"Feature","geometry":{"type":"Point","coordinates":[35.22731,32.028833]},"properties":{"locality_id":"301520","name":"Jilijliya","names":{"primary":"Jilijliya","arabic":"جلجيليا"},"district":"Ramallah","subdistrict":null,"pop_1945_total":null,"pop_1945_palestinian":null,"in_east_jerusalem":false,"oslo_area":"A","population":[{"year":2017,"value":632,"source_id":"ocha_opt"}],"depopulated_1948":false,"depopulated_date":null,"status_now":null,"group_1945":null,"group_now":null,"mechanism":null,"references":{},"evidence":[{"source_id":"ocha_opt","title":"State of Palestine - Palestinian Communities in the West Bank and the Gaza Strip","url":"https://www.ochaopt.org/page/datasets-and-mapping-tools","document_date":"2019-07-17","retrieved":"2026-08-09"}]}},{"type":"Feature","geometry":{"type":"Point","coordinates":[35.203687,31.99953]},"properties":{"locality_id":"301565","name":"Atara","names":{"primary":"Atara","arabic":"عَطَارَة"},"district":"Ramallah","subdistrict":null,"pop_1945_total":null,"pop_1945_palestinian":null,"in_east_jerusalem":false,"oslo_area":"A","population":[{"year":2017,"value":2492,"source_id":"ocha_opt"}],"depopulated_1948":false,"depopulated_date":null,"status_now":null,"group_1945":null,"group_now":null,"mechanism":null,"references":{},"evidence":[{"source_id":"ocha_opt","title":"State of Palestine - Palestinian Communities in the West Bank and the Gaza Strip","url":"https://www.ochaopt.org/page/datasets-and-mapping-tools","document_date":"2019-07-17","retrieved":"2026-08-09"}]}},{"type":"Feature","geometry":{"type":"Point","coordinates":[35.280564,31.999081]},"properties":{"locality_id":"301555","name":"Al Mazra'a ash Sharqiya","names":{"primary":"Al Mazra'a ash Sharqiya","arabic":"المَزْرَعَة الشَرْقِيَّة"},"district":"Ramallah","subdistrict":null,"pop_1945_total":null,"pop_1945_palestinian":null,"in_east_jerusalem":false,"oslo_area":"A","population":[{"year":2017,"value":4063,"source_id":"ocha_opt"}],"depopulated_1948":false,"depopulated_date":null,"status_now":null,"group_1945":null,"group_now":null,"mechanism":null,"references":{},"evidence":[{"source_id":"ocha_opt","title":"State of Palestine - Palestinian Communities in the West Bank and the Gaza Strip","url":"https://www.ochaopt.org/page/datasets-and-mapping-tools","document_date":"2019-07-17","retrieved":"2026-08-09"}]}},{"type":"Feature","geometry":{"type":"Point","coordinates":[35.311958,31.987866]},"properties":{"locality_id":"301590","name":"Kafr Malik","names":{"primary":"Kafr Malik","arabic":"كَفْر مَالِك"},"district":"Ramallah","subdistrict":null,"pop_1945_total":null,"pop_1945_palestinian":null,"in_east_jerusalem":false,"oslo_area":"A","population":[{"year":2017,"value":2701,"source_id":"ocha_opt"}],"depopulated_1948":false,"depopulated_date":null,"status_now":null,"group_1945":null,"group_now":null,"mechanism":null,"references":{},"evidence":[{"source_id":"ocha_opt","title":"State of Palestine - Palestinian Communities in the West Bank and the Gaza Strip","url":"https://www.ochaopt.org/page/datasets-and-mapping-tools","document_date":"2019-07-17","retrieved":"2026-08-09"}]}},{"type":"Feature","geometry":{"type":"Point","coordinates":[35.07991,31.459495]},"properties":{"locality_id":"503030","name":"Wadi as Sada","names":{"primary":"Wadi as Sada","arabic":"وادي السَادَة"},"district":"Hebron","subdistrict":null,"pop_1945_total":null,"pop_1945_palestinian":null,"in_east_jerusalem":false,"oslo_area":"A","population":[{"year":2017,"value":375,"source_id":"ocha_opt"}],"depopulated_1948":false,"depopulated_date":null,"status_now":null,"group_1945":null,"group_now":null,"mechanism":null,"references":{},"evidence":[{"source_id":"ocha_opt","title":"State of Palestine - Palestinian Communities in the West Bank and the Gaza Strip","url":"https://www.ochaopt.org/page/datasets-and-mapping-tools","document_date":"2019-07-17","retrieved":"2026-08-09"}]}},{"type":"Feature","geometry":{"type":"Point","coordinates":[35.015161,31.497675]},"properties":{"locality_id":"502850","name":"At Tabaqa","names":{"primary":"At Tabaqa","arabic":"الطَبَقَة"},"district":"Hebron","subdistrict":null,"pop_1945_total":null,"pop_1945_palestinian":null,"in_east_jerusalem":false,"oslo_area":"A","population":[{"year":2017,"value":1959,"source_id":"ocha_opt"}],"depopulated_1948":false,"depopulated_date":null,"status_now":null,"group_1945":null,"group_now":null,"mechanism":null,"references":{},"evidence":[{"source_id":"ocha_opt","title":"State of Palestine - Palestinian Communities in the West Bank and the Gaza Strip","url":"https://www.ochaopt.org/page/datasets-and-mapping-tools","document_date":"2019-07-17","retrieved":"2026-08-09"}]}},{"type":"Feature","geometry":{"type":"Point","coordinates":[35.010365,31.441074]},"properties":{"locality_id":"503155","name":"Abu al 'Asja","names":{"primary":"Abu al 'Asja","arabic":"أَبو العَسْجا"},"district":"Hebron","subdistrict":null,"pop_1945_total":null,"pop_1945_palestinian":null,"in_east_jerusalem":false,"oslo_area":"A","population":[{"year":2017,"value":781,"source_id":"ocha_opt"}],"depopulated_1948":false,"depopulated_date":null,"status_now":null,"group_1945":null,"group_now":null,"mechanism":null,"references":{},"evidence":[{"source_id":"ocha_opt","title":"State of Palestine - Palestinian Communities in the West Bank and the Gaza Strip","url":"https://www.ochaopt.org/page/datasets-and-mapping-tools","document_date":"2019-07-17","retrieved":"2026-08-09"}]}},{"type":"Feature","geometry":{"type":"Point","coordinates":[34.973132,31.448309]},"properties":{"locality_id":"503110","name":"Wadi al Kilab","names":{"primary":"Wadi al Kilab","arabic":"وادي الكِلاب"},"district":"Hebron","subdistrict":null,"pop_1945_total":null,"pop_1945_palestinian":null,"in_east_jerusalem":false,"oslo_area":"A","population":[{"year":2017,"value":49,"source_id":"ocha_opt"}],"depopulated_1948":false,"depopulated_date":null,"status_now":null,"group_1945":null,"group_now":null,"mechanism":null,"references":{},"evidence":[{"source_id":"ocha_opt","title":"State of Palestine - Palestinian Communities in the West Bank and the Gaza Strip","url":"https://www.ochaopt.org/page/datasets-and-mapping-tools","document_date":"2019-07-17","retrieved":"2026-08-09"}]}},{"type":"Feature","geometry":{"type":"Point","coordinates":[34.952033,31.434343]},"properties":{"locality_id":"503195","name":"Juwai & Kafr Jul","names":{"primary":"Juwai & Kafr Jul","arabic":"جُوَي وكَفْر جُول"},"district":"Hebron","subdistrict":null,"pop_1945_total":null,"pop_1945_palestinian":null,"in_east_jerusalem":false,"oslo_area":"A","population":[{"year":2017,"value":19,"source_id":"ocha_opt"}],"depopulated_1948":false,"depopulated_date":null,"status_now":null,"group_1945":null,"group_now":null,"mechanism":null,"references":{},"evidence":[{"source_id":"ocha_opt","title":"State of Palestine - Palestinian Communities in the West Bank and the Gaza Strip","url":"https://www.ochaopt.org/page/datasets-and-mapping-tools","document_date":"2019-07-17","retrieved":"2026-08-09"}]}},{"type":"Feature","geometry":{"type":"Point","coordinates":[35.091637,31.566958]},"properties":{"locality_id":"502675","name":"Khirbet al Hasaka","names":{"primary":"Khirbet al Hasaka","arabic":"خِرْبِة الحَسَكَة"},"district":"Hebron","subdistrict":null,"pop_1945_total":null,"pop_1945_palestinian":null,"in_east_jerusalem":false,"oslo_area":"A","population":[{"year":2017,"value":151,"source_id":"ocha_opt"}],"depopulated_1948":false,"depopulated_date":null,"status_now":null,"group_1945":null,"group_now":null,"mechanism":null,"references":{},"evidence":[{"source_id":"ocha_opt","title":"State of Palestine - Palestinian Communities in the West Bank and the Gaza Strip","url":"https://www.ochaopt.org/page/datasets-and-mapping-tools","document_date":"2019-07-17","retrieved":"2026-08-09"}]}},{"type":"Feature","geometry":{"type":"Point","coordinates":[35.148209,31.569824]},"properties":{"locality_id":"502650","name":"Qafan al Khamis","names":{"primary":"Qafan al Khamis","arabic":"قَفَان الخَمِيس"},"district":"Hebron","subdistrict":null,"pop_1945_total":null,"pop_1945_palestinian":null,"in_east_jerusalem":false,"oslo_area":"A","population":[{"year":2017,"value":1300,"source_id":"ocha_opt"}],"depopulated_1948":false,"depopulated_date":null,"status_now":null,"group_1945":null,"group_now":null,"mechanism":null,"references":{},"evidence":[{"source_id":"ocha_opt","title":"State of Palestine - Palestinian Communities in the West Bank and the Gaza Strip","url":"https://www.ochaopt.org/page/datasets-and-mapping-tools","document_date":"2019-07-17","retrieved":"2026-08-09"}]}},{"type":"Feature","geometry":{"type":"Point","coordinates":[35.0986,31.638242]},"properties":{"locality_id":"502485","name":"Safa","names":{"primary":"Safa","arabic":"صَافَا"},"district":"Hebron","subdistrict":null,"pop_1945_total":null,"pop_1945_palestinian":null,"in_east_jerusalem":false,"oslo_area":"A","population":[{"year":2017,"value":1299,"source_id":"ocha_opt"}],"depopulated_1948":false,"depopulated_date":null,"status_now":null,"group_1945":null,"group_now":null,"mechanism":null,"references":{},"evidence":[{"source_id":"ocha_opt","title":"State of Palestine - Palestinian Communities in the West Bank and the Gaza Strip","url":"https://www.ochaopt.org/page/datasets-and-mapping-tools","document_date":"2019-07-17","retrieved":"2026-08-09"}]}},{"type":"Feature","geometry":{"type":"Point","coordinates":[35.202184,31.660147]},"properties":{"locality_id":"452425","name":"Abu Nujeim","names":{"primary":"Abu Nujeim","arabic":"ابو نُجَيْم"},"district":"Bethlehem","subdistrict":null,"pop_1945_total":null,"pop_1945_palestinian":null,"in_east_jerusalem":false,"oslo_area":"A","population":[{"year":2017,"value":1437,"source_id":"ocha_opt"}],"depopulated_1948":false,"depopulated_date":null,"status_now":null,"group_1945":null,"group_now":null,"mechanism":null,"references":{},"evidence":[{"source_id":"ocha_opt","title":"State of Palestine - Palestinian Communities in the West Bank and the Gaza Strip","url":"https://www.ochaopt.org/page/datasets-and-mapping-tools","document_date":"2019-07-17","retrieved":"2026-08-09"}]}},{"type":"Feature","geometry":{"type":"Point","coordinates":[35.214209,31.666102]},"properties":{"locality_id":"452395","name":"Khallet al Qaranin","names":{"primary":"Khallet al Qaranin","arabic":"خَلِّةْ القَرانِين"},"district":"Bethlehem","subdistrict":null,"pop_1945_total":null,"pop_1945_palestinian":null,"in_east_jerusalem":false,"oslo_area":"C","population":[{"year":2017,"value":230,"source_id":"ocha_opt"}],"depopulated_1948":false,"depopulated_date":null,"status_now":null,"group_1945":null,"group_now":null,"mechanism":null,"references":{},"evidence":[{"source_id":"ocha_opt","title":"State of Palestine - Palestinian Communities in the West Bank and the Gaza Strip","url":"https://www.ochaopt.org/page/datasets-and-mapping-tools","document_date":"2019-07-17","retrieved":"2026-08-09"}]}},{"type":"Feature","geometry":{"type":"Point","coordinates":[35.078373,31.674141]},"properties":{"locality_id":"452355","name":"Al Jab'a","names":{"primary":"Al Jab'a","arabic":"الجَبْعَة"},"district":"Bethlehem","subdistrict":null,"pop_1945_total":null,"pop_1945_palestinian":null,"in_east_jerusalem":false,"oslo_area":"A","population":[{"year":2017,"value":1121,"source_id":"ocha_opt"}],"depopulated_1948":false,"depopulated_date":null,"status_now":null,"group_1945":null,"group_now":null,"mechanism":null,"references":{},"evidence":[{"source_id":"ocha_opt","title":"State of Palestine - Palestinian Communities in the West Bank and the Gaza Strip","url":"https://www.ochaopt.org/page/datasets-and-mapping-tools","document_date":"2019-07-17","retrieved":"2026-08-09"}]}},{"type":"Feature","geometry":{"type":"Point","coordinates":[35.251236,31.711972]},"properties":{"locality_id":"452220","name":"Al Hujeila","names":{"primary":"Al Hujeila","arabic":"الحُجَيْلَة"},"district":"Bethlehem","subdistrict":null,"pop_1945_total":null,"pop_1945_palestinian":null,"in_east_jerusalem":false,"oslo_area":"A","population":[{"year":2017,"value":237,"source_id":"ocha_opt"}],"depopulated_1948":false,"depopulated_date":null,"status_now":null,"group_1945":null,"group_now":null,"mechanism":null,"references":{},"evidence":[{"source_id":"ocha_opt","title":"State of Palestine - Palestinian Communities in the West Bank and the Gaza Strip","url":"https://www.ochaopt.org/page/datasets-and-mapping-tools","document_date":"2019-07-17","retrieved":"2026-08-09"}]}},{"type":"Feature","geometry":{"type":"Point","coordinates":[35.229324,31.683408]},"properties":{"locality_id":"452320","name":"Bureid'a","names":{"primary":"Bureid'a","arabic":"بُرَيْضِعَة"},"district":"Bethlehem","subdistrict":null,"pop_1945_total":null,"pop_1945_palestinian":null,"in_east_jerusalem":false,"oslo_area":"A","population":[],"depopulated_1948":false,"depopulated_date":null,"status_now":null,"group_1945":null,"group_now":null,"mechanism":null,"references":{},"evidence":[{"source_id":"ocha_opt","title":"State of Palestine - Palestinian Communities in the West Bank and the Gaza Strip","url":"https://www.ochaopt.org/page/datasets-and-mapping-tools","document_date":"2019-07-17","retrieved":"2026-08-09"}]}},{"type":"Feature","geometry":{"type":"Point","coordinates":[35.234343,31.69085]},"properties":{"locality_id":"452305","name":"Dhahrat an Nada","names":{"primary":"Dhahrat an Nada","arabic":"ظَهْرَة النَدَى"},"district":"Bethlehem","subdistrict":null,"pop_1945_total":null,"pop_1945_palestinian":null,"in_east_jerusalem":false,"oslo_area":"A","population":[{"year":2017,"value":593,"source_id":"ocha_opt"}],"depopulated_1948":false,"depopulated_date":null,"status_now":null,"group_1945":null,"group_now":null,"mechanism":null,"references":{},"evidence":[{"source_id":"ocha_opt","title":"State of Palestine - Palestinian Communities in the West Bank and the Gaza Strip","url":"https://www.ochaopt.org/page/datasets-and-mapping-tools","document_date":"2019-07-17","retrieved":"2026-08-09"}]}},{"type":"Feature","geometry":{"type":"Point","coordinates":[35.254043,31.704344]},"properties":{"locality_id":"452250","name":"Umm al Qasseis","names":{"primary":"Umm al Qasseis","arabic":"أمُّ القَسِّيس"},"district":"Bethlehem","subdistrict":null,"pop_1945_total":null,"pop_1945_palestinian":null,"in_east_jerusalem":false,"oslo_area":"A","population":[{"year":2017,"value":658,"source_id":"ocha_opt"}],"depopulated_1948":false,"depopulated_date":null,"status_now":null,"group_1945":null,"group_now":null,"mechanism":null,"references":{},"evidence":[{"source_id":"ocha_opt","title":"State of Palestine - Palestinian Communities in the West Bank and the Gaza Strip","url":"https://www.ochaopt.org/page/datasets-and-mapping-tools","document_date":"2019-07-17","retrieved":"2026-08-09"}]}},{"type":"Feature","geometry":{"type":"Point","coordinates":[35.268007,31.685067]},"properties":{"locality_id":"452330","name":"Al Khushna","names":{"primary":"Al Khushna","arabic":"الخُشْنَة"},"district":"Bethlehem","subdistrict":null,"pop_1945_total":null,"pop_1945_palestinian":null,"in_east_jerusalem":false,"oslo_area":"A","population":[{"year":2017,"value":45,"source_id":"ocha_opt"}],"depopulated_1948":false,"depopulated_date":null,"status_now":null,"group_1945":null,"group_now":null,"mechanism":null,"references":{},"evidence":[{"source_id":"ocha_opt","title":"State of Palestine - Palestinian Communities in the West Bank and the Gaza Strip","url":"https://www.ochaopt.org/page/datasets-and-mapping-tools","document_date":"2019-07-17","retrieved":"2026-08-09"}]}},{"type":"Feature","geometry":{"type":"Point","coordinates":[35.266597,31.706259]},"properties":{"locality_id":"452245","name":"Juhdum","names":{"primary":"Juhdum","arabic":"جُهْضُم"},"district":"Bethlehem","subdistrict":null,"pop_1945_total":null,"pop_1945_palestinian":null,"in_east_jerusalem":false,"oslo_area":"A","population":[{"year":2017,"value":1530,"source_id":"ocha_opt"}],"depopulated_1948":false,"depopulated_date":null,"status_now":null,"group_1945":null,"group_now":null,"mechanism":null,"references":{},"evidence":[{"source_id":"ocha_opt","title":"State of Palestine - Palestinian Communities in the West Bank and the Gaza Strip","url":"https://www.ochaopt.org/page/datasets-and-mapping-tools","document_date":"2019-07-17","retrieved":"2026-08-09"}]}},{"type":"Feature","geometry":{"type":"Point","coordinates":[35.282012,31.69931]},"properties":{"locality_id":"452260","name":"Umm 'Asla","names":{"primary":"Umm 'Asla","arabic":"أمُّ عَسْلَة"},"district":"Bethlehem","subdistrict":null,"pop_1945_total":null,"pop_1945_palestinian":null,"in_east_jerusalem":false,"oslo_area":"A","population":[{"year":2017,"value":306,"source_id":"ocha_opt"}],"depopulated_1948":false,"depopulated_date":null,"status_now":null,"group_1945":null,"group_now":null,"mechanism":null,"references":{},"evidence":[{"source_id":"ocha_opt","title":"State of Palestine - Palestinian Communities in the West Bank and the Gaza Strip","url":"https://www.ochaopt.org/page/datasets-and-mapping-tools","document_date":"2019-07-17","retrieved":"2026-08-09"}]}},{"type":"Feature","geometry":{"type":"Point","coordinates":[35.191411,31.74065]},"properties":{"locality_id":"402150","name":"Sharafat","names":{"primary":"Sharafat","arabic":"شرفات"},"district":"Jerusalem","subdistrict":null,"pop_1945_total":null,"pop_1945_palestinian":null,"in_east_jerusalem":true,"oslo_area":"Israeli Declared East Jerusalem","population":[{"year":2017,"value":null,"note":"with Beit Safafa","source_id":"ocha_opt"}],"depopulated_1948":false,"depopulated_date":null,"status_now":null,"group_1945":null,"group_now":null,"mechanism":null,"references":{},"evidence":[{"source_id":"ocha_opt","title":"State of Palestine - Palestinian Communities in the West Bank and the Gaza Strip","url":"https://www.ochaopt.org/page/datasets-and-mapping-tools","document_date":"2019-07-17","retrieved":"2026-08-09"}]}},{"type":"Feature","geometry":{"type":"Point","coordinates":[35.238446,31.732639]},"properties":{"locality_id":"402155","name":"Sur Bahir","names":{"primary":"Sur Bahir","arabic":"صور باهر"},"district":"Jerusalem","subdistrict":null,"pop_1945_total":null,"pop_1945_palestinian":null,"in_east_jerusalem":true,"oslo_area":"Israeli Declared East Jerusalem","population":[{"year":2017,"value":17230,"source_id":"ocha_opt"}],"depopulated_1948":false,"depopulated_date":null,"status_now":null,"group_1945":null,"group_now":null,"mechanism":null,"references":{},"evidence":[{"source_id":"ocha_opt","title":"State of Palestine - Palestinian Communities in the West Bank and the Gaza Strip","url":"https://www.ochaopt.org/page/datasets-and-mapping-tools","document_date":"2019-07-17","retrieved":"2026-08-09"}]}},{"type":"Feature","geometry":{"type":"Point","coordinates":[35.244369,31.743209]},"properties":{"locality_id":"402135","name":"As Sawahira al Gharbiya","names":{"primary":"As Sawahira al Gharbiya","arabic":"السَواحِرَة الغَرْبِيَّة"},"district":"Jerusalem","subdistrict":null,"pop_1945_total":null,"pop_1945_palestinian":null,"in_east_jerusalem":true,"oslo_area":"Israeli Declared East Jerusalem","population":[{"year":2017,"value":null,"note":"with J. al Mukabbir","source_id":"ocha_opt"}],"depopulated_1948":false,"depopulated_date":null,"status_now":null,"group_1945":null,"group_now":null,"mechanism":null,"references":{},"evidence":[{"source_id":"ocha_opt","title":"State of Palestine - Palestinian Communities in the West Bank and the Gaza Strip","url":"https://www.ochaopt.org/page/datasets-and-mapping-tools","document_date":"2019-07-17","retrieved":"2026-08-09"}]}},{"type":"Feature","geometry":{"type":"Point","coordinates":[35.233293,31.797386]},"properties":{"locality_id":"402055","name":"Sheikh Jarrah","names":{"primary":"Sheikh Jarrah","arabic":"شيخ جراح"},"district":"Jerusalem","subdistrict":null,"pop_1945_total":null,"pop_1945_palestinian":null,"in_east_jerusalem":true,"oslo_area":"Israeli Declared East Jerusalem","population":[{"year":2017,"value":14692,"source_id":"ocha_opt"}],"depopulated_1948":false,"depopulated_date":null,"status_now":null,"group_1945":null,"group_now":null,"mechanism":null,"references":{},"evidence":[{"source_id":"ocha_opt","title":"State of Palestine - Palestinian Communities in the West Bank and the Gaza Strip","url":"https://www.ochaopt.org/page/datasets-and-mapping-tools","document_date":"2019-07-17","retrieved":"2026-08-09"}]}},{"type":"Feature","geometry":{"type":"Point","coordinates":[35.2497,31.798516]},"properties":{"locality_id":"402050","name":"Al 'Isawiya","names":{"primary":"Al 'Isawiya"},"district":"Jerusalem","subdistrict":null,"pop_1945_total":null,"pop_1945_palestinian":null,"in_east_jerusalem":true,"oslo_area":"Israeli Declared East Jerusalem","population":[{"year":2017,"value":16790,"source_id":"ocha_opt"}],"depopulated_1948":false,"depopulated_date":null,"status_now":null,"group_1945":null,"group_now":null,"mechanism":null,"references":{},"evidence":[{"source_id":"ocha_opt","title":"State of Palestine - Palestinian Communities in the West Bank and the Gaza Strip","url":"https://www.ochaopt.org/page/datasets-and-mapping-tools","document_date":"2019-07-17","retrieved":"2026-08-09"}]}},{"type":"Feature","geometry":{"type":"Point","coordinates":[35.236913,31.785002]},"properties":{"locality_id":"402070","name":"Bab az Zahira","names":{"primary":"Bab az Zahira"},"district":"Jerusalem","subdistrict":null,"pop_1945_total":null,"pop_1945_palestinian":null,"in_east_jerusalem":true,"oslo_area":"Israeli Declared East Jerusalem","population":[{"year":2017,"value":5090,"source_id":"ocha_opt"}],"depopulated_1948":false,"depopulated_date":null,"status_now":null,"group_1945":null,"group_now":null,"mechanism":null,"references":{},"evidence":[{"source_id":"ocha_opt","title":"State of Palestine - Palestinian Communities in the West Bank and the Gaza Strip","url":"https://www.ochaopt.org/page/datasets-and-mapping-tools","document_date":"2019-07-17","retrieved":"2026-08-09"}]}},{"type":"Feature","geometry":{"type":"Point","coordinates":[35.226801,31.830222]},"properties":{"locality_id":"401990","name":"Beit Hanina","names":{"primary":"Beit Hanina","arabic":"بيت حَنِينَا"},"district":"Jerusalem","subdistrict":null,"pop_1945_total":null,"pop_1945_palestinian":null,"in_east_jerusalem":true,"oslo_area":"Israeli Declared East Jerusalem","population":[{"year":2017,"value":39210,"source_id":"ocha_opt"}],"depopulated_1948":false,"depopulated_date":null,"status_now":null,"group_1945":null,"group_now":null,"mechanism":null,"references":{},"evidence":[{"source_id":"ocha_opt","title":"State of Palestine - Palestinian Communities in the West Bank and the Gaza Strip","url":"https://www.ochaopt.org/page/datasets-and-mapping-tools","document_date":"2019-07-17","retrieved":"2026-08-09"}]}},{"type":"Feature","geometry":{"type":"Point","coordinates":[35.245416,31.811527]},"properties":{"locality_id":"402030","name":"Shu'fat Camp","names":{"primary":"Shu'fat Camp","arabic":"مخيم شُعفاط"},"district":"Jerusalem","subdistrict":null,"pop_1945_total":null,"pop_1945_palestinian":null,"in_east_jerusalem":false,"oslo_area":"Israeli Declared East Jerusalem","population":[{"year":2017,"value":20400,"source_id":"ocha_opt"}],"depopulated_1948":false,"depopulated_date":null,"status_now":null,"group_1945":null,"group_now":null,"mechanism":null,"references":{},"evidence":[{"source_id":"ocha_opt","title":"State of Palestine - Palestinian Communities in the West Bank and the Gaza Strip","url":"https://www.ochaopt.org/page/datasets-and-mapping-tools","document_date":"2019-07-17","retrieved":"2026-08-09"}]}},{"type":"Feature","geometry":{"type":"Point","coordinates":[35.230981,31.813643]},"properties":{"locality_id":"402035","name":"Shu'fat","names":{"primary":"Shu'fat","arabic":"شُعفاط"},"district":"Jerusalem","subdistrict":null,"pop_1945_total":null,"pop_1945_palestinian":null,"in_east_jerusalem":true,"oslo_area":"Israeli Declared East Jerusalem","population":[{"year":2017,"value":22320,"source_id":"ocha_opt"}],"depopulated_1948":false,"depopulated_date":null,"status_now":null,"group_1945":null,"group_now":null,"mechanism":null,"references":{},"evidence":[{"source_id":"ocha_opt","title":"State of Palestine - Palestinian Communities in the West Bank and the Gaza Strip","url":"https://www.ochaopt.org/page/datasets-and-mapping-tools","document_date":"2019-07-17","retrieved":"2026-08-09"}]}},{"type":"Feature","geometry":{"type":"Point","coordinates":[35.091745,31.972853]},"properties":{"locality_id":"301630","name":"Jammala","names":{"primary":"Jammala","arabic":"جَمَّالا"},"district":"Ramallah","subdistrict":null,"pop_1945_total":null,"pop_1945_palestinian":null,"in_east_jerusalem":false,"oslo_area":"A","population":[{"year":2017,"value":1664,"source_id":"ocha_opt"}],"depopulated_1948":false,"depopulated_date":null,"status_now":null,"group_1945":null,"group_now":null,"mechanism":null,"references":{},"evidence":[{"source_id":"ocha_opt","title":"State of Palestine - Palestinian Communities in the West Bank and the Gaza Strip","url":"https://www.ochaopt.org/page/datasets-and-mapping-tools","document_date":"2019-07-17","retrieved":"2026-08-09"}]}},{"type":"Feature","geometry":{"type":"Point","coordinates":[35.159178,31.954186]},"properties":{"locality_id":"301695","name":"Al Mazra'a al Qibliya","names":{"primary":"Al Mazra'a al Qibliya","arabic":"المَزْرَعَة القِبْلِيَّة"},"district":"Ramallah","subdistrict":null,"pop_1945_total":null,"pop_1945_palestinian":null,"in_east_jerusalem":false,"oslo_area":"A","population":[{"year":2017,"value":5180,"source_id":"ocha_opt"}],"depopulated_1948":false,"depopulated_date":null,"status_now":null,"group_1945":null,"group_now":null,"mechanism":null,"references":{},"evidence":[{"source_id":"ocha_opt","title":"State of Palestine - Palestinian Communities in the West Bank and the Gaza Strip","url":"https://www.ochaopt.org/page/datasets-and-mapping-tools","document_date":"2019-07-17","retrieved":"2026-08-09"}]}},{"type":"Feature","geometry":{"type":"Point","coordinates":[34.998492,32.150372]},"properties":{"locality_id":"201190","name":"Izbat Jal'ud","names":{"primary":"Izbat Jal'ud","arabic":"عِزْبَة جَلْعُود"},"district":"Qalqiliya","subdistrict":null,"pop_1945_total":null,"pop_1945_palestinian":null,"in_east_jerusalem":false,"oslo_area":"C","population":[{"year":2017,"value":146,"source_id":"ocha_opt"}],"depopulated_1948":false,"depopulated_date":null,"status_now":null,"group_1945":null,"group_now":null,"mechanism":null,"references":{},"evidence":[{"source_id":"ocha_opt","title":"State of Palestine - Palestinian Communities in the West Bank and the Gaza Strip","url":"https://www.ochaopt.org/page/datasets-and-mapping-tools","document_date":"2019-07-17","retrieved":"2026-08-09"}]}},{"type":"Feature","geometry":{"type":"Point","coordinates":[35.009642,32.158311]},"properties":{"locality_id":"201170","name":"Ad Dab'a","names":{"primary":"Ad Dab'a","arabic":"الضَبْعَة"},"district":"Qalqiliya","subdistrict":null,"pop_1945_total":null,"pop_1945_palestinian":null,"in_east_jerusalem":false,"oslo_area":"C","population":[{"year":2017,"value":412,"source_id":"ocha_opt"}],"depopulated_1948":false,"depopulated_date":null,"status_now":null,"group_1945":null,"group_now":null,"mechanism":null,"references":{},"evidence":[{"source_id":"ocha_opt","title":"State of Palestine - Palestinian Communities in the West Bank and the Gaza Strip","url":"https://www.ochaopt.org/page/datasets-and-mapping-tools","document_date":"2019-07-17","retrieved":"2026-08-09"}]}},{"type":"Feature","geometry":{"type":"Point","coordinates":[35.03437,32.181337]},"properties":{"locality_id":"201075","name":"Izbat at Tabib","names":{"primary":"Izbat at Tabib","arabic":"عِزْبَة الطَبِيب"},"district":"Qalqiliya","subdistrict":null,"pop_1945_total":null,"pop_1945_palestinian":null,"in_east_jerusalem":false,"oslo_area":"C","population":[{"year":2017,"value":258,"source_id":"ocha_opt"}],"depopulated_1948":false,"depopulated_date":null,"status_now":null,"group_1945":null,"group_now":null,"mechanism":null,"references":{},"evidence":[{"source_id":"ocha_opt","title":"State of Palestine - Palestinian Communities in the West Bank and the Gaza Strip","url":"https://www.ochaopt.org/page/datasets-and-mapping-tools","document_date":"2019-07-17","retrieved":"2026-08-09"}]}},{"type":"Feature","geometry":{"type":"Point","coordinates":[35.041469,32.268535]},"properties":{"locality_id":"100780","name":"Khirbet Jubara","names":{"primary":"Khirbet Jubara","arabic":"خِرْبَة جْبارة"},"district":"Tulkarm","subdistrict":null,"pop_1945_total":null,"pop_1945_palestinian":null,"in_east_jerusalem":false,"oslo_area":"C","population":[{"year":2017,"value":313,"source_id":"ocha_opt"}],"depopulated_1948":false,"depopulated_date":null,"status_now":null,"group_1945":null,"group_now":null,"mechanism":null,"references":{},"evidence":[{"source_id":"ocha_opt","title":"State of Palestine - Palestinian Communities in the West Bank and the Gaza Strip","url":"https://www.ochaopt.org/page/datasets-and-mapping-tools","document_date":"2019-07-17","retrieved":"2026-08-09"}]}},{"type":"Feature","geometry":{"type":"Point","coordinates":[35.417239,32.336938]},"properties":{"locality_id":"50560","name":"Al 'Aqaba","names":{"primary":"Al 'Aqaba","arabic":"العَقَبَة"},"district":"Tubas","subdistrict":null,"pop_1945_total":null,"pop_1945_palestinian":null,"in_east_jerusalem":false,"oslo_area":"C","population":[{"year":2017,"value":168,"source_id":"ocha_opt"}],"depopulated_1948":false,"depopulated_date":null,"status_now":null,"group_1945":null,"group_now":null,"mechanism":null,"references":{},"evidence":[{"source_id":"ocha_opt","title":"State of Palestine - Palestinian Communities in the West Bank and the Gaza Strip","url":"https://www.ochaopt.org/page/datasets-and-mapping-tools","document_date":"2019-07-17","retrieved":"2026-08-09"}]}},{"type":"Feature","geometry":{"type":"Point","coordinates":[35.145958,32.432595]},"properties":{"locality_id":"10285","name":"Imreiha","names":{"primary":"Imreiha","arabic":"إمريحة"},"district":"Jenin","subdistrict":null,"pop_1945_total":null,"pop_1945_palestinian":null,"in_east_jerusalem":false,"oslo_area":"C","population":[{"year":2017,"value":329,"source_id":"ocha_opt"}],"depopulated_1948":false,"depopulated_date":null,"status_now":null,"group_1945":null,"group_now":null,"mechanism":null,"references":{},"evidence":[{"source_id":"ocha_opt","title":"State of Palestine - Palestinian Communities in the West Bank and the Gaza Strip","url":"https://www.ochaopt.org/page/datasets-and-mapping-tools","document_date":"2019-07-17","retrieved":"2026-08-09"}]}},{"type":"Feature","geometry":{"type":"Point","coordinates":[35.231269,32.420976]},"properties":{"locality_id":"10320","name":"Bir al Basha","names":{"primary":"Bir al Basha","arabic":"بِير البَاشَا"},"district":"Jenin","subdistrict":null,"pop_1945_total":null,"pop_1945_palestinian":null,"in_east_jerusalem":false,"oslo_area":"C","population":[{"year":2017,"value":1725,"source_id":"ocha_opt"}],"depopulated_1948":false,"depopulated_date":null,"status_now":null,"group_1945":null,"group_now":null,"mechanism":null,"references":{},"evidence":[{"source_id":"ocha_opt","title":"State of Palestine - Palestinian Communities in the West Bank and the Gaza Strip","url":"https://www.ochaopt.org/page/datasets-and-mapping-tools","document_date":"2019-07-17","retrieved":"2026-08-09"}]}},{"type":"Feature","geometry":{"type":"Point","coordinates":[35.22125,32.392719]},"properties":{"locality_id":"10400","name":"Wadi Du'oq","names":{"primary":"Wadi Du'oq","arabic":"وادي دْعُوق"},"district":"Jenin","subdistrict":null,"pop_1945_total":null,"pop_1945_palestinian":null,"in_east_jerusalem":false,"oslo_area":"C","population":[{"year":2017,"value":170,"source_id":"ocha_opt"}],"depopulated_1948":false,"depopulated_date":null,"status_now":null,"group_1945":null,"group_now":null,"mechanism":null,"references":{},"evidence":[{"source_id":"ocha_opt","title":"State of Palestine - Palestinian Communities in the West Bank and the Gaza Strip","url":"https://www.ochaopt.org/page/datasets-and-mapping-tools","document_date":"2019-07-17","retrieved":"2026-08-09"}]}},{"type":"Feature","geometry":{"type":"Point","coordinates":[35.407122,32.419856]},"properties":{"locality_id":"10315","name":"Al Mutilla","names":{"primary":"Al Mutilla","arabic":"المُطِلَّة"},"district":"Jenin","subdistrict":null,"pop_1945_total":null,"pop_1945_palestinian":null,"in_east_jerusalem":false,"oslo_area":"C","population":[{"year":2017,"value":320,"source_id":"ocha_opt"}],"depopulated_1948":false,"depopulated_date":null,"status_now":null,"group_1945":null,"group_now":null,"mechanism":null,"references":{},"evidence":[{"source_id":"ocha_opt","title":"State of Palestine - Palestinian Communities in the West Bank and the Gaza Strip","url":"https://www.ochaopt.org/page/datasets-and-mapping-tools","document_date":"2019-07-17","retrieved":"2026-08-09"}]}},{"type":"Feature","geometry":{"type":"Point","coordinates":[35.081514,32.448968]},"properties":{"locality_id":"100250","name":"Akkaba","names":{"primary":"Akkaba","arabic":"عَكَّابَة"},"district":"Tulkarm","subdistrict":null,"pop_1945_total":null,"pop_1945_palestinian":null,"in_east_jerusalem":false,"oslo_area":"C","population":[{"year":2017,"value":336,"source_id":"ocha_opt"}],"depopulated_1948":false,"depopulated_date":null,"status_now":null,"group_1945":null,"group_now":null,"mechanism":null,"references":{},"evidence":[{"source_id":"ocha_opt","title":"State of Palestine - Palestinian Communities in the West Bank and the Gaza Strip","url":"https://www.ochaopt.org/page/datasets-and-mapping-tools","document_date":"2019-07-17","retrieved":"2026-08-09"}]}},{"type":"Feature","geometry":{"type":"Point","coordinates":[35.094032,32.45062]},"properties":{"locality_id":"10240","name":"Dhaher al 'Abed","names":{"primary":"Dhaher al 'Abed","arabic":"ظَهْر العَبْد"},"district":"Jenin","subdistrict":null,"pop_1945_total":null,"pop_1945_palestinian":null,"in_east_jerusalem":false,"oslo_area":"C","population":[{"year":2017,"value":467,"source_id":"ocha_opt"}],"depopulated_1948":false,"depopulated_date":null,"status_now":null,"group_1945":null,"group_now":null,"mechanism":null,"references":{},"evidence":[{"source_id":"ocha_opt","title":"State of Palestine - Palestinian Communities in the West Bank and the Gaza Strip","url":"https://www.ochaopt.org/page/datasets-and-mapping-tools","document_date":"2019-07-17","retrieved":"2026-08-09"}]}},{"type":"Feature","geometry":{"type":"Point","coordinates":[35.114042,32.475625]},"properties":{"locality_id":"10105","name":"Khirbet 'Abdallah al Yunis","names":{"primary":"Khirbet 'Abdallah al Yunis","arabic":"خِرْبِة عَبْدَ الله اليونِ"},"district":"Jenin","subdistrict":null,"pop_1945_total":null,"pop_1945_palestinian":null,"in_east_jerusalem":false,"oslo_area":"C","population":[{"year":2017,"value":167,"source_id":"ocha_opt"}],"depopulated_1948":false,"depopulated_date":null,"status_now":null,"group_1945":null,"group_now":null,"mechanism":null,"references":{},"evidence":[{"source_id":"ocha_opt","title":"State of Palestine - Palestinian Communities in the West Bank and the Gaza Strip","url":"https://www.ochaopt.org/page/datasets-and-mapping-tools","document_date":"2019-07-17","retrieved":"2026-08-09"}]}},{"type":"Feature","geometry":{"type":"Point","coordinates":[35.323793,32.459093]},"properties":{"locality_id":"10195","name":"Aba al Gharbiya","names":{"primary":"Aba al Gharbiya","arabic":"عابا  الغربية"},"district":"Jenin","subdistrict":null,"pop_1945_total":null,"pop_1945_palestinian":null,"in_east_jerusalem":false,"oslo_area":"C","population":[{"year":2017,"value":325,"source_id":"ocha_opt"}],"depopulated_1948":false,"depopulated_date":null,"status_now":null,"group_1945":null,"group_now":null,"mechanism":null,"references":{},"evidence":[{"source_id":"ocha_opt","title":"State of Palestine - Palestinian Communities in the West Bank and the Gaza Strip","url":"https://www.ochaopt.org/page/datasets-and-mapping-tools","document_date":"2019-07-17","retrieved":"2026-08-09"}]}},{"type":"Feature","geometry":{"type":"Point","coordinates":[35.33261,32.45499]},"properties":{"locality_id":"10235","name":"Wad ad Dabi' (Aba al ash Sharqiya)","names":{"primary":"Wad ad Dabi' (Aba al ash Sharqiya)","arabic":"وادي الضَبِع"},"district":"Jenin","subdistrict":null,"pop_1945_total":null,"pop_1945_palestinian":null,"in_east_jerusalem":false,"oslo_area":"C","population":[{"year":2017,"value":571,"source_id":"ocha_opt"}],"depopulated_1948":false,"depopulated_date":null,"status_now":null,"group_1945":null,"group_now":null,"mechanism":null,"references":{},"evidence":[{"source_id":"ocha_opt","title":"State of Palestine - Palestinian Communities in the West Bank and the Gaza Strip","url":"https://www.ochaopt.org/page/datasets-and-mapping-tools","document_date":"2019-07-17","retrieved":"2026-08-09"}]}},{"type":"Feature","geometry":{"type":"Point","coordinates":[35.142008,32.483182]},"properties":{"locality_id":"10085","name":"Umm ar Rihan","names":{"primary":"Umm ar Rihan","arabic":"أُمُّ الرِيحَان"},"district":"Jenin","subdistrict":null,"pop_1945_total":null,"pop_1945_palestinian":null,"in_east_jerusalem":false,"oslo_area":"C","population":[{"year":2017,"value":447,"source_id":"ocha_opt"}],"depopulated_1948":false,"depopulated_date":null,"status_now":null,"group_1945":null,"group_now":null,"mechanism":null,"references":{},"evidence":[{"source_id":"ocha_opt","title":"State of Palestine - Palestinian Communities in the West Bank and the Gaza Strip","url":"https://www.ochaopt.org/page/datasets-and-mapping-tools","document_date":"2019-07-17","retrieved":"2026-08-09"}]}},{"type":"Feature","geometry":{"type":"Point","coordinates":[35.234334,31.568341]},"properties":{"locality_id":"452660","name":"Arab ar Rashayida","names":{"primary":"Arab ar Rashayida","arabic":"عَرَبْ الرَشايْدِة"},"district":"Bethlehem","subdistrict":null,"pop_1945_total":null,"pop_1945_palestinian":null,"in_east_jerusalem":false,"oslo_area":"A","population":[{"year":2017,"value":1819,"source_id":"ocha_opt"}],"depopulated_1948":false,"depopulated_date":null,"status_now":null,"group_1945":null,"group_now":null,"mechanism":null,"references":{},"evidence":[{"source_id":"ocha_opt","title":"State of Palestine - Palestinian Communities in the West Bank and the Gaza Strip","url":"https://www.ochaopt.org/page/datasets-and-mapping-tools","document_date":"2019-07-17","retrieved":"2026-08-09"}]}},{"type":"Feature","geometry":{"type":"Point","coordinates":[35.216361,32.386465]},"properties":{"locality_id":"10410","name":"Al Mansura","names":{"primary":"Al Mansura","arabic":"المَنْصورَة"},"district":"Jenin","subdistrict":null,"pop_1945_total":null,"pop_1945_palestinian":null,"in_east_jerusalem":false,"oslo_area":"C","population":[{"year":2017,"value":222,"source_id":"ocha_opt"}],"depopulated_1948":false,"depopulated_date":null,"status_now":null,"group_1945":null,"group_now":null,"mechanism":null,"references":{},"evidence":[{"source_id":"ocha_opt","title":"State of Palestine - Palestinian Communities in the West Bank and the Gaza Strip","url":"https://www.ochaopt.org/page/datasets-and-mapping-tools","document_date":"2019-07-17","retrieved":"2026-08-09"}]}},{"type":"Feature","geometry":{"type":"Point","coordinates":[35.159186,32.473455]},"properties":{"locality_id":"10115","name":"Dhaher al Malih","names":{"primary":"Dhaher al Malih","arabic":"ظَهْر المَالِح"},"district":"Jenin","subdistrict":null,"pop_1945_total":null,"pop_1945_palestinian":null,"in_east_jerusalem":false,"oslo_area":"C","population":[{"year":2017,"value":195,"source_id":"ocha_opt"}],"depopulated_1948":false,"depopulated_date":null,"status_now":null,"group_1945":null,"group_now":null,"mechanism":null,"references":{},"evidence":[{"source_id":"ocha_opt","title":"State of Palestine - Palestinian Communities in the West Bank and the Gaza Strip","url":"https://www.ochaopt.org/page/datasets-and-mapping-tools","document_date":"2019-07-17","retrieved":"2026-08-09"}]}},{"type":"Feature","geometry":{"type":"Point","coordinates":[35.165963,32.466564]},"properties":{"locality_id":"10150","name":"Tura ash Sharqiya","names":{"primary":"Tura ash Sharqiya","arabic":"طورَة الشَرْقِيَّة"},"district":"Jenin","subdistrict":null,"pop_1945_total":null,"pop_1945_palestinian":null,"in_east_jerusalem":false,"oslo_area":"C","population":[{"year":2017,"value":233,"source_id":"ocha_opt"}],"depopulated_1948":false,"depopulated_date":null,"status_now":null,"group_1945":null,"group_now":null,"mechanism":null,"references":{},"evidence":[{"source_id":"ocha_opt","title":"State of Palestine - Palestinian Communities in the West Bank and the Gaza Strip","url":"https://www.ochaopt.org/page/datasets-and-mapping-tools","document_date":"2019-07-17","retrieved":"2026-08-09"}]}},{"type":"Feature","geometry":{"type":"Point","coordinates":[35.458246,32.265562]},"properties":{"locality_id":"50720","name":"Khirbet ar Ras al Ahmar","names":{"primary":"Khirbet ar Ras al Ahmar","arabic":"خِرْبِة الرَاس الأحْمَر"},"district":"Tubas","subdistrict":null,"pop_1945_total":null,"pop_1945_palestinian":null,"in_east_jerusalem":false,"oslo_area":"C","population":[{"year":2017,"value":74,"source_id":"ocha_opt"}],"depopulated_1948":false,"depopulated_date":null,"status_now":null,"group_1945":null,"group_now":null,"mechanism":null,"references":{},"evidence":[{"source_id":"ocha_opt","title":"State of Palestine - Palestinian Communities in the West Bank and the Gaza Strip","url":"https://www.ochaopt.org/page/datasets-and-mapping-tools","document_date":"2019-07-17","retrieved":"2026-08-09"}]}},{"type":"Feature","geometry":{"type":"Point","coordinates":[35.065479,31.570083]},"properties":{"locality_id":"502655","name":"Beit Kahil","names":{"primary":"Beit Kahil","arabic":"بِيت كاحِل"},"district":"Hebron","subdistrict":null,"pop_1945_total":null,"pop_1945_palestinian":null,"in_east_jerusalem":false,"oslo_area":"A","population":[{"year":2017,"value":8880,"source_id":"ocha_opt"}],"depopulated_1948":false,"depopulated_date":null,"status_now":null,"group_1945":null,"group_now":null,"mechanism":null,"references":{},"evidence":[{"source_id":"ocha_opt","title":"State of Palestine - Palestinian Communities in the West Bank and the Gaza Strip","url":"https://www.ochaopt.org/page/datasets-and-mapping-tools","document_date":"2019-07-17","retrieved":"2026-08-09"}]}},{"type":"Feature","geometry":{"type":"Point","coordinates":[35.137628,31.466983]},"properties":{"locality_id":"502965","name":"Zif","names":{"primary":"Zif","arabic":"زِيفْ"},"district":"Hebron","subdistrict":null,"pop_1945_total":null,"pop_1945_palestinian":null,"in_east_jerusalem":false,"oslo_area":"C","population":[{"year":2017,"value":366,"source_id":"ocha_opt"}],"depopulated_1948":false,"depopulated_date":null,"status_now":null,"group_1945":null,"group_now":null,"mechanism":null,"references":{},"evidence":[{"source_id":"ocha_opt","title":"State of Palestine - Palestinian Communities in the West Bank and the Gaza Strip","url":"https://www.ochaopt.org/page/datasets-and-mapping-tools","document_date":"2019-07-17","retrieved":"2026-08-09"}]}},{"type":"Feature","geometry":{"type":"Point","coordinates":[35.123596,31.481373]},"properties":{"locality_id":"502781","name":"Al Bowereh (Aqabat Injeleh)","names":{"primary":"Al Bowereh (Aqabat Injeleh)","arabic":"البويره (عقبة انجيله)"},"district":"Hebron","subdistrict":null,"pop_1945_total":null,"pop_1945_palestinian":null,"in_east_jerusalem":false,"oslo_area":"A","population":[{"year":2017,"value":1532,"source_id":"ocha_opt"}],"depopulated_1948":false,"depopulated_date":null,"status_now":null,"group_1945":null,"group_now":null,"mechanism":null,"references":{},"evidence":[{"source_id":"ocha_opt","title":"State of Palestine - Palestinian Communities in the West Bank and the Gaza Strip","url":"https://www.ochaopt.org/page/datasets-and-mapping-tools","document_date":"2019-07-17","retrieved":"2026-08-09"}]}},{"type":"Feature","geometry":{"type":"Point","coordinates":[35.117969,31.466166]},"properties":{"locality_id":"502995","name":"Biyar al 'Arus","names":{"primary":"Biyar al 'Arus","arabic":"بِيَار العَرُوس"},"district":"Hebron","subdistrict":null,"pop_1945_total":null,"pop_1945_palestinian":null,"in_east_jerusalem":false,"oslo_area":"A","population":[{"year":2017,"value":1497,"source_id":"ocha_opt"}],"depopulated_1948":false,"depopulated_date":null,"status_now":null,"group_1945":null,"group_now":null,"mechanism":null,"references":{},"evidence":[{"source_id":"ocha_opt","title":"State of Palestine - Palestinian Communities in the West Bank and the Gaza Strip","url":"https://www.ochaopt.org/page/datasets-and-mapping-tools","document_date":"2019-07-17","retrieved":"2026-08-09"}]}},{"type":"Feature","geometry":{"type":"Point","coordinates":[35.158623,31.891918]},"properties":{"locality_id":"999794","name":"Ein Jaryout","names":{"primary":"Ein Jaryout"},"district":"Ramallah","subdistrict":null,"pop_1945_total":null,"pop_1945_palestinian":null,"in_east_jerusalem":false,"oslo_area":"C","population":[],"depopulated_1948":false,"depopulated_date":null,"status_now":null,"group_1945":null,"group_now":null,"mechanism":null,"references":{},"evidence":[{"source_id":"ocha_opt","title":"State of Palestine - Palestinian Communities in the West Bank and the Gaza Strip","url":"https://www.ochaopt.org/page/datasets-and-mapping-tools","document_date":"2019-07-17","retrieved":"2026-08-09"}]}},{"type":"Feature","geometry":{"type":"Point","coordinates":[35.375432,32.054323]},"properties":{"locality_id":"999789","name":"Arab al Ka'abneh","names":{"primary":"Arab al Ka'abneh"},"district":"Nablus","subdistrict":null,"pop_1945_total":null,"pop_1945_palestinian":null,"in_east_jerusalem":false,"oslo_area":"C","population":[],"depopulated_1948":false,"depopulated_date":null,"status_now":null,"group_1945":null,"group_now":null,"mechanism":null,"references":{},"evidence":[{"source_id":"ocha_opt","title":"State of Palestine - Palestinian Communities in the West Bank and the Gaza Strip","url":"https://www.ochaopt.org/page/datasets-and-mapping-tools","document_date":"2019-07-17","retrieved":"2026-08-09"}]}},{"type":"Feature","geometry":{"type":"Point","coordinates":[35.005153,32.065349]},"properties":{"locality_id":"999796","name":"Jbour and 'Anani","names":{"primary":"Jbour and 'Anani"},"district":"Salfit","subdistrict":null,"pop_1945_total":null,"pop_1945_palestinian":null,"in_east_jerusalem":false,"oslo_area":"C","population":[],"depopulated_1948":false,"depopulated_date":null,"status_now":null,"group_1945":null,"group_now":null,"mechanism":null,"references":{},"evidence":[{"source_id":"ocha_opt","title":"State of Palestine - Palestinian Communities in the West Bank and the Gaza Strip","url":"https://www.ochaopt.org/page/datasets-and-mapping-tools","document_date":"2019-07-17","retrieved":"2026-08-09"}]}},{"type":"Feature","geometry":{"type":"Point","coordinates":[35.205795,31.856622]},"properties":{"locality_id":"999788","name":"North Bir Nabala Bedouins","names":{"primary":"North Bir Nabala Bedouins"},"district":"Jerusalem","subdistrict":null,"pop_1945_total":null,"pop_1945_palestinian":null,"in_east_jerusalem":false,"oslo_area":"C","population":[],"depopulated_1948":false,"depopulated_date":null,"status_now":null,"group_1945":null,"group_now":null,"mechanism":null,"references":{},"evidence":[{"source_id":"ocha_opt","title":"State of Palestine - Palestinian Communities in the West Bank and the Gaza Strip","url":"https://www.ochaopt.org/page/datasets-and-mapping-tools","document_date":"2019-07-17","retrieved":"2026-08-09"}]}},{"type":"Feature","geometry":{"type":"Point","coordinates":[35.287409,31.878027]},"properties":{"locality_id":"999757","name":"Mikhmas Bedouins","names":{"primary":"Mikhmas Bedouins"},"district":"Jerusalem","subdistrict":null,"pop_1945_total":null,"pop_1945_palestinian":null,"in_east_jerusalem":false,"oslo_area":"C","population":[],"depopulated_1948":false,"depopulated_date":null,"status_now":null,"group_1945":null,"group_now":null,"mechanism":null,"references":{},"evidence":[{"source_id":"ocha_opt","title":"State of Palestine - Palestinian Communities in the West Bank and the Gaza Strip","url":"https://www.ochaopt.org/page/datasets-and-mapping-tools","document_date":"2019-07-17","retrieved":"2026-08-09"}]}},{"type":"Feature","geometry":{"type":"Point","coordinates":[35.208033,31.841354]},"properties":{"locality_id":"999768","name":"North Beit Hanina Al Balad Bedouins","names":{"primary":"North Beit Hanina Al Balad Bedouins"},"district":"Jerusalem","subdistrict":null,"pop_1945_total":null,"pop_1945_palestinian":null,"in_east_jerusalem":false,"oslo_area":"C","population":[],"depopulated_1948":false,"depopulated_date":null,"status_now":null,"group_1945":null,"group_now":null,"mechanism":null,"references":{},"evidence":[{"source_id":"ocha_opt","title":"State of Palestine - Palestinian Communities in the West Bank and the Gaza Strip","url":"https://www.ochaopt.org/page/datasets-and-mapping-tools","document_date":"2019-07-17","retrieved":"2026-08-09"}]}},{"type":"Feature","geometry":{"type":"Point","coordinates":[35.207211,31.844278]},"properties":{"locality_id":"999966","name":"South Bir Nabala Bedouins","names":{"primary":"South Bir Nabala Bedouins"},"district":"Jerusalem","subdistrict":null,"pop_1945_total":null,"pop_1945_palestinian":null,"in_east_jerusalem":false,"oslo_area":"C","population":[],"depopulated_1948":false,"depopulated_date":null,"status_now":null,"group_1945":null,"group_now":null,"mechanism":null,"references":{},"evidence":[{"source_id":"ocha_opt","title":"State of Palestine - Palestinian Communities in the West Bank and the Gaza Strip","url":"https://www.ochaopt.org/page/datasets-and-mapping-tools","document_date":"2019-07-17","retrieved":"2026-08-09"}]}},{"type":"Feature","geometry":{"type":"Point","coordinates":[35.214598,31.835704]},"properties":{"locality_id":"999786","name":"Beit Hanina - Al Marwaha West","names":{"primary":"Beit Hanina - Al Marwaha West"},"district":"Jerusalem","subdistrict":null,"pop_1945_total":null,"pop_1945_palestinian":null,"in_east_jerusalem":true,"oslo_area":"C","population":[{"year":2017,"value":null,"note":"with Beit Hanina","source_id":"ocha_opt"}],"depopulated_1948":false,"depopulated_date":null,"status_now":null,"group_1945":null,"group_now":null,"mechanism":null,"references":{},"evidence":[{"source_id":"ocha_opt","title":"State of Palestine - Palestinian Communities in the West Bank and the Gaza Strip","url":"https://www.ochaopt.org/page/datasets-and-mapping-tools","document_date":"2019-07-17","retrieved":"2026-08-09"}]}},{"type":"Feature","geometry":{"type":"Point","coordinates":[35.226539,31.712934]},"properties":{"locality_id":"999883","name":"Jabal Al Deek","names":{"primary":"Jabal Al Deek"},"district":"Bethlehem","subdistrict":null,"pop_1945_total":null,"pop_1945_palestinian":null,"in_east_jerusalem":false,"oslo_area":"C","population":[],"depopulated_1948":false,"depopulated_date":null,"status_now":null,"group_1945":null,"group_now":null,"mechanism":null,"references":{},"evidence":[{"source_id":"ocha_opt","title":"State of Palestine - Palestinian Communities in the West Bank and the Gaza Strip","url":"https://www.ochaopt.org/page/datasets-and-mapping-tools","document_date":"2019-07-17","retrieved":"2026-08-09"}]}},{"type":"Feature","geometry":{"type":"Point","coordinates":[34.993745,32.17665]},"properties":{"locality_id":"201070","name":"Arab Abu Farda","names":{"primary":"Arab Abu Farda","arabic":"عَرَب أبو فَرْدَة"},"district":"Qalqiliya","subdistrict":null,"pop_1945_total":null,"pop_1945_palestinian":null,"in_east_jerusalem":false,"oslo_area":"C","population":[{"year":2017,"value":131,"source_id":"ocha_opt"}],"depopulated_1948":false,"depopulated_date":null,"status_now":null,"group_1945":null,"group_now":null,"mechanism":null,"references":{},"evidence":[{"source_id":"ocha_opt","title":"State of Palestine - Palestinian Communities in the West Bank and the Gaza Strip","url":"https://www.ochaopt.org/page/datasets-and-mapping-tools","document_date":"2019-07-17","retrieved":"2026-08-09"}]}},{"type":"Feature","geometry":{"type":"Point","coordinates":[34.988505,32.174226]},"properties":{"locality_id":"201105","name":"Arab ar Ramadin al Janubi","names":{"primary":"Arab ar Ramadin al Janubi","arabic":"عَرَب الرَماضِين الجَنُوبي"},"district":"Qalqiliya","subdistrict":null,"pop_1945_total":null,"pop_1945_palestinian":null,"in_east_jerusalem":false,"oslo_area":"C","population":[{"year":2017,"value":286,"source_id":"ocha_opt"}],"depopulated_1948":false,"depopulated_date":null,"status_now":null,"group_1945":null,"group_now":null,"mechanism":null,"references":{},"evidence":[{"source_id":"ocha_opt","title":"State of Palestine - Palestinian Communities in the West Bank and the Gaza Strip","url":"https://www.ochaopt.org/page/datasets-and-mapping-tools","document_date":"2019-07-17","retrieved":"2026-08-09"}]}},{"type":"Feature","geometry":{"type":"Point","coordinates":[35.132294,31.410349]},"properties":{"locality_id":"503260","name":"Ma'in","names":{"primary":"Ma'in","arabic":"مَعِين"},"district":"Hebron","subdistrict":null,"pop_1945_total":null,"pop_1945_palestinian":null,"in_east_jerusalem":false,"oslo_area":"C","population":[{"year":2017,"value":996,"source_id":"ocha_opt"}],"depopulated_1948":false,"depopulated_date":null,"status_now":null,"group_1945":null,"group_now":null,"mechanism":null,"references":{},"evidence":[{"source_id":"ocha_opt","title":"State of Palestine - Palestinian Communities in the West Bank and the Gaza Strip","url":"https://www.ochaopt.org/page/datasets-and-mapping-tools","document_date":"2019-07-17","retrieved":"2026-08-09"}]}},{"type":"Feature","geometry":{"type":"Point","coordinates":[35.300854,32.015596]},"properties":{"locality_id":"301545","name":"Khirbet Abu Falah","names":{"primary":"Khirbet Abu Falah","arabic":"خِرْبَةْ أبو فَلاَح"},"district":"Ramallah","subdistrict":null,"pop_1945_total":null,"pop_1945_palestinian":null,"in_east_jerusalem":false,"oslo_area":"A","population":[{"year":2017,"value":4394,"source_id":"ocha_opt"}],"depopulated_1948":false,"depopulated_date":null,"status_now":null,"group_1945":null,"group_now":null,"mechanism":null,"references":{},"evidence":[{"source_id":"ocha_opt","title":"State of Palestine - Palestinian Communities in the West Bank and the Gaza Strip","url":"https://www.ochaopt.org/page/datasets-and-mapping-tools","document_date":"2019-07-17","retrieved":"2026-08-09"}]}},{"type":"Feature","geometry":{"type":"Point","coordinates":[35.130835,32.179523]},"properties":{"locality_id":"201085","name":"Jinsafut","names":{"primary":"Jinsafut","arabic":"جِنْصَافُوط"},"district":"Qalqiliya","subdistrict":null,"pop_1945_total":null,"pop_1945_palestinian":null,"in_east_jerusalem":false,"oslo_area":"A","population":[{"year":2017,"value":2571,"source_id":"ocha_opt"}],"depopulated_1948":false,"depopulated_date":null,"status_now":null,"group_1945":null,"group_now":null,"mechanism":null,"references":{},"evidence":[{"source_id":"ocha_opt","title":"State of Palestine - Palestinian Communities in the West Bank and the Gaza Strip","url":"https://www.ochaopt.org/page/datasets-and-mapping-tools","document_date":"2019-07-17","retrieved":"2026-08-09"}]}},{"type":"Feature","geometry":{"type":"Point","coordinates":[35.537992,32.184642]},"properties":{"locality_id":"351045","name":"Marj Na'ja","names":{"primary":"Marj Na'ja","arabic":"مَرْج نَعْجَة"},"district":"Jericho","subdistrict":null,"pop_1945_total":null,"pop_1945_palestinian":null,"in_east_jerusalem":false,"oslo_area":"A","population":[{"year":2017,"value":828,"source_id":"ocha_opt"}],"depopulated_1948":false,"depopulated_date":null,"status_now":null,"group_1945":null,"group_now":null,"mechanism":null,"references":{},"evidence":[{"source_id":"ocha_opt","title":"State of Palestine - Palestinian Communities in the West Bank and the Gaza Strip","url":"https://www.ochaopt.org/page/datasets-and-mapping-tools","document_date":"2019-07-17","retrieved":"2026-08-09"}]}},{"type":"Feature","geometry":{"type":"Point","coordinates":[35.023323,32.225667]},"properties":{"locality_id":"200905","name":"Falamya","names":{"primary":"Falamya","arabic":"فَلامِية"},"district":"Qalqiliya","subdistrict":null,"pop_1945_total":null,"pop_1945_palestinian":null,"in_east_jerusalem":false,"oslo_area":"A","population":[{"year":2017,"value":757,"source_id":"ocha_opt"}],"depopulated_1948":false,"depopulated_date":null,"status_now":null,"group_1945":null,"group_now":null,"mechanism":null,"references":{},"evidence":[{"source_id":"ocha_opt","title":"State of Palestine - Palestinian Communities in the West Bank and the Gaza Strip","url":"https://www.ochaopt.org/page/datasets-and-mapping-tools","document_date":"2019-07-17","retrieved":"2026-08-09"}]}},{"type":"Feature","geometry":{"type":"Point","coordinates":[35.024089,32.286974]},"properties":{"locality_id":"100735","name":"Far'un","names":{"primary":"Far'un","arabic":"فَرْعُون"},"district":"Tulkarm","subdistrict":null,"pop_1945_total":null,"pop_1945_palestinian":null,"in_east_jerusalem":false,"oslo_area":"A","population":[{"year":2017,"value":4131,"source_id":"ocha_opt"}],"depopulated_1948":false,"depopulated_date":null,"status_now":null,"group_1945":null,"group_now":null,"mechanism":null,"references":{},"evidence":[{"source_id":"ocha_opt","title":"State of Palestine - Palestinian Communities in the West Bank and the Gaza Strip","url":"https://www.ochaopt.org/page/datasets-and-mapping-tools","document_date":"2019-07-17","retrieved":"2026-08-09"}]}},{"type":"Feature","geometry":{"type":"Point","coordinates":[35.08332,32.27588]},"properties":{"locality_id":"100760","name":"Shufa","names":{"primary":"Shufa","arabic":"شُوفَة"},"district":"Tulkarm","subdistrict":null,"pop_1945_total":null,"pop_1945_palestinian":null,"in_east_jerusalem":false,"oslo_area":"A","population":[{"year":2017,"value":1350,"source_id":"ocha_opt"}],"depopulated_1948":false,"depopulated_date":null,"status_now":null,"group_1945":null,"group_now":null,"mechanism":null,"references":{},"evidence":[{"source_id":"ocha_opt","title":"State of Palestine - Palestinian Communities in the West Bank and the Gaza Strip","url":"https://www.ochaopt.org/page/datasets-and-mapping-tools","document_date":"2019-07-17","retrieved":"2026-08-09"}]}},{"type":"Feature","geometry":{"type":"Point","coordinates":[35.109365,32.261815]},"properties":{"locality_id":"100795","name":"Saffarin","names":{"primary":"Saffarin","arabic":"سَفَّارِين"},"district":"Tulkarm","subdistrict":null,"pop_1945_total":null,"pop_1945_palestinian":null,"in_east_jerusalem":false,"oslo_area":"A","population":[{"year":2017,"value":754,"source_id":"ocha_opt"}],"depopulated_1948":false,"depopulated_date":null,"status_now":null,"group_1945":null,"group_now":null,"mechanism":null,"references":{},"evidence":[{"source_id":"ocha_opt","title":"State of Palestine - Palestinian Communities in the West Bank and the Gaza Strip","url":"https://www.ochaopt.org/page/datasets-and-mapping-tools","document_date":"2019-07-17","retrieved":"2026-08-09"}]}},{"type":"Feature","geometry":{"type":"Point","coordinates":[35.072215,32.369489]},"properties":{"locality_id":"100480","name":"Attil","names":{"primary":"Attil","arabic":"عَتِّيل"},"district":"Tulkarm","subdistrict":null,"pop_1945_total":null,"pop_1945_palestinian":null,"in_east_jerusalem":false,"oslo_area":"A","population":[{"year":2017,"value":10367,"source_id":"ocha_opt"}],"depopulated_1948":false,"depopulated_date":null,"status_now":null,"group_1945":null,"group_now":null,"mechanism":null,"references":{},"evidence":[{"source_id":"ocha_opt","title":"State of Palestine - Palestinian Communities in the West Bank and the Gaza Strip","url":"https://www.ochaopt.org/page/datasets-and-mapping-tools","document_date":"2019-07-17","retrieved":"2026-08-09"}]}},{"type":"Feature","geometry":{"type":"Point","coordinates":[35.076039,32.352772]},"properties":{"locality_id":"100530","name":"Deir al Ghusun","names":{"primary":"Deir al Ghusun","arabic":"دِير الغُصُون"},"district":"Tulkarm","subdistrict":null,"pop_1945_total":null,"pop_1945_palestinian":null,"in_east_jerusalem":false,"oslo_area":"A","population":[{"year":2017,"value":9936,"source_id":"ocha_opt"}],"depopulated_1948":false,"depopulated_date":null,"status_now":null,"group_1945":null,"group_now":null,"mechanism":null,"references":{},"evidence":[{"source_id":"ocha_opt","title":"State of Palestine - Palestinian Communities in the West Bank and the Gaza Strip","url":"https://www.ochaopt.org/page/datasets-and-mapping-tools","document_date":"2019-07-17","retrieved":"2026-08-09"}]}},{"type":"Feature","geometry":{"type":"Point","coordinates":[35.056021,32.384502]},"properties":{"locality_id":"100425","name":"Zeita","names":{"primary":"Zeita","arabic":"زَيْتَا"},"district":"Tulkarm","subdistrict":null,"pop_1945_total":null,"pop_1945_palestinian":null,"in_east_jerusalem":false,"oslo_area":"A","population":[{"year":2017,"value":3078,"source_id":"ocha_opt"}],"depopulated_1948":false,"depopulated_date":null,"status_now":null,"group_1945":null,"group_now":null,"mechanism":null,"references":{},"evidence":[{"source_id":"ocha_opt","title":"State of Palestine - Palestinian Communities in the West Bank and the Gaza Strip","url":"https://www.ochaopt.org/page/datasets-and-mapping-tools","document_date":"2019-07-17","retrieved":"2026-08-09"}]}},{"type":"Feature","geometry":{"type":"Point","coordinates":[35.120375,32.385935]},"properties":{"locality_id":"100440","name":"Seida","names":{"primary":"Seida","arabic":"صَيْدا"},"district":"Tulkarm","subdistrict":null,"pop_1945_total":null,"pop_1945_palestinian":null,"in_east_jerusalem":false,"oslo_area":"A","population":[{"year":2017,"value":3777,"source_id":"ocha_opt"}],"depopulated_1948":false,"depopulated_date":null,"status_now":null,"group_1945":null,"group_now":null,"mechanism":null,"references":{},"evidence":[{"source_id":"ocha_opt","title":"State of Palestine - Palestinian Communities in the West Bank and the Gaza Strip","url":"https://www.ochaopt.org/page/datasets-and-mapping-tools","document_date":"2019-07-17","retrieved":"2026-08-09"}]}},{"type":"Feature","geometry":{"type":"Point","coordinates":[35.107609,32.372124]},"properties":{"locality_id":"100475","name":"Illar","names":{"primary":"Illar","arabic":"عِلاَّر"},"district":"Tulkarm","subdistrict":null,"pop_1945_total":null,"pop_1945_palestinian":null,"in_east_jerusalem":false,"oslo_area":"A","population":[{"year":2017,"value":7456,"source_id":"ocha_opt"}],"depopulated_1948":false,"depopulated_date":null,"status_now":null,"group_1945":null,"group_now":null,"mechanism":null,"references":{},"evidence":[{"source_id":"ocha_opt","title":"State of Palestine - Palestinian Communities in the West Bank and the Gaza Strip","url":"https://www.ochaopt.org/page/datasets-and-mapping-tools","document_date":"2019-07-17","retrieved":"2026-08-09"}]}},{"type":"Feature","geometry":{"type":"Point","coordinates":[35.180396,32.383075]},"properties":{"locality_id":"10445","name":"Fahma","names":{"primary":"Fahma","arabic":"فَحْمَة"},"district":"Jenin","subdistrict":null,"pop_1945_total":null,"pop_1945_palestinian":null,"in_east_jerusalem":false,"oslo_area":"A","population":[{"year":2017,"value":3193,"source_id":"ocha_opt"}],"depopulated_1948":false,"depopulated_date":null,"status_now":null,"group_1945":null,"group_now":null,"mechanism":null,"references":{},"evidence":[{"source_id":"ocha_opt","title":"State of Palestine - Palestinian Communities in the West Bank and the Gaza Strip","url":"https://www.ochaopt.org/page/datasets-and-mapping-tools","document_date":"2019-07-17","retrieved":"2026-08-09"}]}},{"type":"Feature","geometry":{"type":"Point","coordinates":[35.157592,32.375134]},"properties":{"locality_id":"10465","name":"Kafr Ra'i","names":{"primary":"Kafr Ra'i","arabic":"كَفْر رَاعي"},"district":"Jenin","subdistrict":null,"pop_1945_total":null,"pop_1945_palestinian":null,"in_east_jerusalem":false,"oslo_area":"A","population":[{"year":2017,"value":8471,"source_id":"ocha_opt"}],"depopulated_1948":false,"depopulated_date":null,"status_now":null,"group_1945":null,"group_now":null,"mechanism":null,"references":{},"evidence":[{"source_id":"ocha_opt","title":"State of Palestine - Palestinian Communities in the West Bank and the Gaza Strip","url":"https://www.ochaopt.org/page/datasets-and-mapping-tools","document_date":"2019-07-17","retrieved":"2026-08-09"}]}},{"type":"Feature","geometry":{"type":"Point","coordinates":[35.172496,32.359258]},"properties":{"locality_id":"10515","name":"Ar Rama","names":{"primary":"Ar Rama","arabic":"الرامَة"},"district":"Jenin","subdistrict":null,"pop_1945_total":null,"pop_1945_palestinian":null,"in_east_jerusalem":false,"oslo_area":"A","population":[{"year":2017,"value":1222,"source_id":"ocha_opt"}],"depopulated_1948":false,"depopulated_date":null,"status_now":null,"group_1945":null,"group_now":null,"mechanism":null,"references":{},"evidence":[{"source_id":"ocha_opt","title":"State of Palestine - Palestinian Communities in the West Bank and the Gaza Strip","url":"https://www.ochaopt.org/page/datasets-and-mapping-tools","document_date":"2019-07-17","retrieved":"2026-08-09"}]}},{"type":"Feature","geometry":{"type":"Point","coordinates":[35.232035,32.375365]},"properties":{"locality_id":"10460","name":"Az Zawiya","names":{"primary":"Az Zawiya","arabic":"الزاوِيَة"},"district":"Jenin","subdistrict":null,"pop_1945_total":null,"pop_1945_palestinian":null,"in_east_jerusalem":false,"oslo_area":"A","population":[{"year":2017,"value":1006,"source_id":"ocha_opt"}],"depopulated_1948":false,"depopulated_date":null,"status_now":null,"group_1945":null,"group_now":null,"mechanism":null,"references":{},"evidence":[{"source_id":"ocha_opt","title":"State of Palestine - Palestinian Communities in the West Bank and the Gaza Strip","url":"https://www.ochaopt.org/page/datasets-and-mapping-tools","document_date":"2019-07-17","retrieved":"2026-08-09"}]}},{"type":"Feature","geometry":{"type":"Point","coordinates":[35.196659,32.358497]},"properties":{"locality_id":"10500","name":"Ajja","names":{"primary":"Ajja","arabic":"عَجِّة"},"district":"Jenin","subdistrict":null,"pop_1945_total":null,"pop_1945_palestinian":null,"in_east_jerusalem":false,"oslo_area":"A","population":[{"year":2017,"value":6162,"source_id":"ocha_opt"}],"depopulated_1948":false,"depopulated_date":null,"status_now":null,"group_1945":null,"group_now":null,"mechanism":null,"references":{},"evidence":[{"source_id":"ocha_opt","title":"State of Palestine - Palestinian Communities in the West Bank and the Gaza Strip","url":"https://www.ochaopt.org/page/datasets-and-mapping-tools","document_date":"2019-07-17","retrieved":"2026-08-09"}]}},{"type":"Feature","geometry":{"type":"Point","coordinates":[35.218296,32.35682]},"properties":{"locality_id":"10505","name":"Anza","names":{"primary":"Anza","arabic":"عَنْزَة"},"district":"Jenin","subdistrict":null,"pop_1945_total":null,"pop_1945_palestinian":null,"in_east_jerusalem":false,"oslo_area":"A","population":[{"year":2017,"value":1938,"source_id":"ocha_opt"}],"depopulated_1948":false,"depopulated_date":null,"status_now":null,"group_1945":null,"group_now":null,"mechanism":null,"references":{},"evidence":[{"source_id":"ocha_opt","title":"State of Palestine - Palestinian Communities in the West Bank and the Gaza Strip","url":"https://www.ochaopt.org/page/datasets-and-mapping-tools","document_date":"2019-07-17","retrieved":"2026-08-09"}]}},{"type":"Feature","geometry":{"type":"Point","coordinates":[35.209458,32.389342]},"properties":{"locality_id":"10401","name":"Fahma al Jadida","names":{"primary":"Fahma al Jadida","arabic":"فَحْمَة الجَدِيدَة"},"district":"Jenin","subdistrict":null,"pop_1945_total":null,"pop_1945_palestinian":null,"in_east_jerusalem":false,"oslo_area":"A","population":[{"year":2017,"value":388,"source_id":"ocha_opt"}],"depopulated_1948":false,"depopulated_date":null,"status_now":null,"group_1945":null,"group_now":null,"mechanism":null,"references":{},"evidence":[{"source_id":"ocha_opt","title":"State of Palestine - Palestinian Communities in the West Bank and the Gaza Strip","url":"https://www.ochaopt.org/page/datasets-and-mapping-tools","document_date":"2019-07-17","retrieved":"2026-08-09"}]}},{"type":"Feature","geometry":{"type":"Point","coordinates":[35.290585,32.387426]},"properties":{"locality_id":"10415","name":"Misliya","names":{"primary":"Misliya","arabic":"مِسِلْيَة"},"district":"Jenin","subdistrict":null,"pop_1945_total":null,"pop_1945_palestinian":null,"in_east_jerusalem":false,"oslo_area":"A","population":[{"year":2017,"value":2884,"source_id":"ocha_opt"}],"depopulated_1948":false,"depopulated_date":null,"status_now":null,"group_1945":null,"group_now":null,"mechanism":null,"references":{},"evidence":[{"source_id":"ocha_opt","title":"State of Palestine - Palestinian Communities in the West Bank and the Gaza Strip","url":"https://www.ochaopt.org/page/datasets-and-mapping-tools","document_date":"2019-07-17","retrieved":"2026-08-09"}]}},{"type":"Feature","geometry":{"type":"Point","coordinates":[35.443312,32.025308]},"properties":{"locality_id":"351510","name":"Fasayil","names":{"primary":"Fasayil","arabic":"فَصَايِل"},"district":"Jericho","subdistrict":null,"pop_1945_total":null,"pop_1945_palestinian":null,"in_east_jerusalem":false,"oslo_area":"A","population":[{"year":2017,"value":1637,"source_id":"ocha_opt"}],"depopulated_1948":false,"depopulated_date":null,"status_now":null,"group_1945":null,"group_now":null,"mechanism":null,"references":{},"evidence":[{"source_id":"ocha_opt","title":"State of Palestine - Palestinian Communities in the West Bank and the Gaza Strip","url":"https://www.ochaopt.org/page/datasets-and-mapping-tools","document_date":"2019-07-17","retrieved":"2026-08-09"}]}},{"type":"Feature","geometry":{"type":"Point","coordinates":[35.043743,32.078495]},"properties":{"locality_id":"251395","name":"Rafat","names":{"primary":"Rafat","arabic":"رَافات"},"district":"Salfit","subdistrict":null,"pop_1945_total":null,"pop_1945_palestinian":null,"in_east_jerusalem":false,"oslo_area":"A","population":[{"year":2017,"value":2522,"source_id":"ocha_opt"}],"depopulated_1948":false,"depopulated_date":null,"status_now":null,"group_1945":null,"group_now":null,"mechanism":null,"references":{},"evidence":[{"source_id":"ocha_opt","title":"State of Palestine - Palestinian Communities in the West Bank and the Gaza Strip","url":"https://www.ochaopt.org/page/datasets-and-mapping-tools","document_date":"2019-07-17","retrieved":"2026-08-09"}]}},{"type":"Feature","geometry":{"type":"Point","coordinates":[35.025181,32.065456]},"properties":{"locality_id":"251430","name":"Deir Ballut","names":{"primary":"Deir Ballut","arabic":"دِير بَلُّوط"},"district":"Salfit","subdistrict":null,"pop_1945_total":null,"pop_1945_palestinian":null,"in_east_jerusalem":false,"oslo_area":"A","population":[{"year":2017,"value":3873,"source_id":"ocha_opt"}],"depopulated_1948":false,"depopulated_date":null,"status_now":null,"group_1945":null,"group_now":null,"mechanism":null,"references":{},"evidence":[{"source_id":"ocha_opt","title":"State of Palestine - Palestinian Communities in the West Bank and the Gaza Strip","url":"https://www.ochaopt.org/page/datasets-and-mapping-tools","document_date":"2019-07-17","retrieved":"2026-08-09"}]}},{"type":"Feature","geometry":{"type":"Point","coordinates":[35.039248,32.034945]},"properties":{"locality_id":"301495","name":"Al Lubban al Gharbi","names":{"primary":"Al Lubban al Gharbi","arabic":"اللُبَّنْ الغَرْبي"},"district":"Ramallah","subdistrict":null,"pop_1945_total":null,"pop_1945_palestinian":null,"in_east_jerusalem":false,"oslo_area":"A","population":[{"year":2017,"value":1566,"source_id":"ocha_opt"}],"depopulated_1948":false,"depopulated_date":null,"status_now":null,"group_1945":null,"group_now":null,"mechanism":null,"references":{},"evidence":[{"source_id":"ocha_opt","title":"State of Palestine - Palestinian Communities in the West Bank and the Gaza Strip","url":"https://www.ochaopt.org/page/datasets-and-mapping-tools","document_date":"2019-07-17","retrieved":"2026-08-09"}]}},{"type":"Feature","geometry":{"type":"Point","coordinates":[35.101065,32.075714]},"properties":{"locality_id":"251400","name":"Bruqin","names":{"primary":"Bruqin","arabic":"بْرُوقِين"},"district":"Salfit","subdistrict":null,"pop_1945_total":null,"pop_1945_palestinian":null,"in_east_jerusalem":false,"oslo_area":"A","population":[{"year":2017,"value":4047,"source_id":"ocha_opt"}],"depopulated_1948":false,"depopulated_date":null,"status_now":null,"group_1945":null,"group_now":null,"mechanism":null,"references":{},"evidence":[{"source_id":"ocha_opt","title":"State of Palestine - Palestinian Communities in the West Bank and the Gaza Strip","url":"https://www.ochaopt.org/page/datasets-and-mapping-tools","document_date":"2019-07-17","retrieved":"2026-08-09"}]}},{"type":"Feature","geometry":{"type":"Point","coordinates":[35.082527,32.067568]},"properties":{"locality_id":"251425","name":"Kafr ad Dik","names":{"primary":"Kafr ad Dik","arabic":"كَفْر الدِيك"},"district":"Salfit","subdistrict":null,"pop_1945_total":null,"pop_1945_palestinian":null,"in_east_jerusalem":false,"oslo_area":"A","population":[{"year":2017,"value":4918,"source_id":"ocha_opt"}],"depopulated_1948":false,"depopulated_date":null,"status_now":null,"group_1945":null,"group_now":null,"mechanism":null,"references":{},"evidence":[{"source_id":"ocha_opt","title":"State of Palestine - Palestinian Communities in the West Bank and the Gaza Strip","url":"https://www.ochaopt.org/page/datasets-and-mapping-tools","document_date":"2019-07-17","retrieved":"2026-08-09"}]}},{"type":"Feature","geometry":{"type":"Point","coordinates":[35.120286,32.047293]},"properties":{"locality_id":"301470","name":"Kafr 'Ein","names":{"primary":"Kafr 'Ein","arabic":"كَفْر عِيْن"},"district":"Ramallah","subdistrict":null,"pop_1945_total":null,"pop_1945_palestinian":null,"in_east_jerusalem":false,"oslo_area":"A","population":[{"year":2017,"value":1958,"source_id":"ocha_opt"}],"depopulated_1948":false,"depopulated_date":null,"status_now":null,"group_1945":null,"group_now":null,"mechanism":null,"references":{},"evidence":[{"source_id":"ocha_opt","title":"State of Palestine - Palestinian Communities in the West Bank and the Gaza Strip","url":"https://www.ochaopt.org/page/datasets-and-mapping-tools","document_date":"2019-07-17","retrieved":"2026-08-09"}]}},{"type":"Feature","geometry":{"type":"Point","coordinates":[35.102826,32.032934]},"properties":{"locality_id":"301480","name":"Beit Rima (Bani Zeid)","names":{"primary":"Beit Rima (Bani Zeid)","arabic":"دير غسانة-بَني زِيْد"},"district":"Ramallah","subdistrict":null,"pop_1945_total":null,"pop_1945_palestinian":null,"in_east_jerusalem":false,"oslo_area":"A","population":[{"year":2017,"value":4335,"source_id":"ocha_opt"}],"depopulated_1948":false,"depopulated_date":null,"status_now":null,"group_1945":null,"group_now":null,"mechanism":null,"references":{},"evidence":[{"source_id":"ocha_opt","title":"State of Palestine - Palestinian Communities in the West Bank and the Gaza Strip","url":"https://www.ochaopt.org/page/datasets-and-mapping-tools","document_date":"2019-07-17","retrieved":"2026-08-09"}]}},{"type":"Feature","geometry":{"type":"Point","coordinates":[35.154055,32.069429]},"properties":{"locality_id":"251415","name":"Farkha","names":{"primary":"Farkha","arabic":"فَرْخَة"},"district":"Salfit","subdistrict":null,"pop_1945_total":null,"pop_1945_palestinian":null,"in_east_jerusalem":false,"oslo_area":"A","population":[{"year":2017,"value":1650,"source_id":"ocha_opt"}],"depopulated_1948":false,"depopulated_date":null,"status_now":null,"group_1945":null,"group_now":null,"mechanism":null,"references":{},"evidence":[{"source_id":"ocha_opt","title":"State of Palestine - Palestinian Communities in the West Bank and the Gaza Strip","url":"https://www.ochaopt.org/page/datasets-and-mapping-tools","document_date":"2019-07-17","retrieved":"2026-08-09"}]}},{"type":"Feature","geometry":{"type":"Point","coordinates":[35.177744,32.062467]},"properties":{"locality_id":"251440","name":"Khirbet Qeis","names":{"primary":"Khirbet Qeis","arabic":"خِرْبَةْ قَيْس"},"district":"Salfit","subdistrict":null,"pop_1945_total":null,"pop_1945_palestinian":null,"in_east_jerusalem":false,"oslo_area":"A","population":[{"year":2017,"value":273,"source_id":"ocha_opt"}],"depopulated_1948":false,"depopulated_date":null,"status_now":null,"group_1945":null,"group_now":null,"mechanism":null,"references":{},"evidence":[{"source_id":"ocha_opt","title":"State of Palestine - Palestinian Communities in the West Bank and the Gaza Strip","url":"https://www.ochaopt.org/page/datasets-and-mapping-tools","document_date":"2019-07-17","retrieved":"2026-08-09"}]}},{"type":"Feature","geometry":{"type":"Point","coordinates":[35.129093,32.054288]},"properties":{"locality_id":"301455","name":"Qarawat Bani Zeid","names":{"primary":"Qarawat Bani Zeid","arabic":"قَرَاوَة بَني زِيْد"},"district":"Ramallah","subdistrict":null,"pop_1945_total":null,"pop_1945_palestinian":null,"in_east_jerusalem":false,"oslo_area":"A","population":[{"year":2017,"value":3415,"source_id":"ocha_opt"}],"depopulated_1948":false,"depopulated_date":null,"status_now":null,"group_1945":null,"group_now":null,"mechanism":null,"references":{},"evidence":[{"source_id":"ocha_opt","title":"State of Palestine - Palestinian Communities in the West Bank and the Gaza Strip","url":"https://www.ochaopt.org/page/datasets-and-mapping-tools","document_date":"2019-07-17","retrieved":"2026-08-09"}]}},{"type":"Feature","geometry":{"type":"Point","coordinates":[35.16488,32.04891]},"properties":{"locality_id":"301460","name":"Mazari' an Nubani","names":{"primary":"Mazari' an Nubani","arabic":"مزارِع النُوباني"},"district":"Ramallah","subdistrict":null,"pop_1945_total":null,"pop_1945_palestinian":null,"in_east_jerusalem":false,"oslo_area":"A","population":[{"year":2017,"value":2436,"source_id":"ocha_opt"}],"depopulated_1948":false,"depopulated_date":null,"status_now":null,"group_1945":null,"group_now":null,"mechanism":null,"references":{},"evidence":[{"source_id":"ocha_opt","title":"State of Palestine - Palestinian Communities in the West Bank and the Gaza Strip","url":"https://www.ochaopt.org/page/datasets-and-mapping-tools","document_date":"2019-07-17","retrieved":"2026-08-09"}]}},{"type":"Feature","geometry":{"type":"Point","coordinates":[35.200759,32.0324]},"properties":{"locality_id":"301485","name":"Abwein","names":{"primary":"Abwein","arabic":"عِبْوَيْن"},"district":"Ramallah","subdistrict":null,"pop_1945_total":null,"pop_1945_palestinian":null,"in_east_jerusalem":false,"oslo_area":"A","population":[{"year":2017,"value":3496,"source_id":"ocha_opt"}],"depopulated_1948":false,"depopulated_date":null,"status_now":null,"group_1945":null,"group_now":null,"mechanism":null,"references":{},"evidence":[{"source_id":"ocha_opt","title":"State of Palestine - Palestinian Communities in the West Bank and the Gaza Strip","url":"https://www.ochaopt.org/page/datasets-and-mapping-tools","document_date":"2019-07-17","retrieved":"2026-08-09"}]}},{"type":"Feature","geometry":{"type":"Point","coordinates":[35.257245,31.857856]},"properties":{"locality_id":"401935","name":"Jaba'","names":{"primary":"Jaba'","arabic":"جَبَعْ"},"district":"Jerusalem","subdistrict":null,"pop_1945_total":null,"pop_1945_palestinian":null,"in_east_jerusalem":false,"oslo_area":"A","population":[{"year":2017,"value":3921,"source_id":"ocha_opt"}],"depopulated_1948":false,"depopulated_date":null,"status_now":null,"group_1945":null,"group_now":null,"mechanism":null,"references":{},"evidence":[{"source_id":"ocha_opt","title":"State of Palestine - Palestinian Communities in the West Bank and the Gaza Strip","url":"https://www.ochaopt.org/page/datasets-and-mapping-tools","document_date":"2019-07-17","retrieved":"2026-08-09"}]}},{"type":"Feature","geometry":{"type":"Point","coordinates":[35.425178,31.889968]},"properties":{"locality_id":"351845","name":"Ein ad Duyuk al Fauqa","names":{"primary":"Ein ad Duyuk al Fauqa","arabic":"عِيْن الدْيوك الفُوقا"},"district":"Jericho","subdistrict":null,"pop_1945_total":null,"pop_1945_palestinian":null,"in_east_jerusalem":false,"oslo_area":"A","population":[{"year":2017,"value":885,"source_id":"ocha_opt"}],"depopulated_1948":false,"depopulated_date":null,"status_now":null,"group_1945":null,"group_now":null,"mechanism":null,"references":{},"evidence":[{"source_id":"ocha_opt","title":"State of Palestine - Palestinian Communities in the West Bank and the Gaza Strip","url":"https://www.ochaopt.org/page/datasets-and-mapping-tools","document_date":"2019-07-17","retrieved":"2026-08-09"}]}},{"type":"Feature","geometry":{"type":"Point","coordinates":[35.442703,31.889872]},"properties":{"locality_id":"351840","name":"An Nuwei'ma","names":{"primary":"An Nuwei'ma","arabic":"النُوَيْعِمَة"},"district":"Jericho","subdistrict":null,"pop_1945_total":null,"pop_1945_palestinian":null,"in_east_jerusalem":false,"oslo_area":"A","population":[{"year":2017,"value":1794,"source_id":"ocha_opt"}],"depopulated_1948":false,"depopulated_date":null,"status_now":null,"group_1945":null,"group_now":null,"mechanism":null,"references":{},"evidence":[{"source_id":"ocha_opt","title":"State of Palestine - Palestinian Communities in the West Bank and the Gaza Strip","url":"https://www.ochaopt.org/page/datasets-and-mapping-tools","document_date":"2019-07-17","retrieved":"2026-08-09"}]}},{"type":"Feature","geometry":{"type":"Point","coordinates":[35.46318,31.859149]},"properties":{"locality_id":"351920","name":"Jericho","names":{"primary":"Jericho","arabic":"أريحا"},"district":"Jericho","subdistrict":null,"pop_1945_total":null,"pop_1945_palestinian":null,"in_east_jerusalem":false,"oslo_area":"A","population":[{"year":2017,"value":19851,"source_id":"ocha_opt"}],"depopulated_1948":false,"depopulated_date":null,"status_now":null,"group_1945":null,"group_now":null,"mechanism":null,"references":{},"evidence":[{"source_id":"ocha_opt","title":"State of Palestine - Palestinian Communities in the West Bank and the Gaza Strip","url":"https://www.ochaopt.org/page/datasets-and-mapping-tools","document_date":"2019-07-17","retrieved":"2026-08-09"}]}},{"type":"Feature","geometry":{"type":"Point","coordinates":[35.004111,31.935962]},"properties":{"locality_id":"301745","name":"Al Midya","names":{"primary":"Al Midya","arabic":"المِدْيَة"},"district":"Ramallah","subdistrict":null,"pop_1945_total":null,"pop_1945_palestinian":null,"in_east_jerusalem":false,"oslo_area":"C","population":[{"year":2017,"value":1533,"source_id":"ocha_opt"}],"depopulated_1948":false,"depopulated_date":null,"status_now":null,"group_1945":null,"group_now":null,"mechanism":null,"references":{},"evidence":[{"source_id":"ocha_opt","title":"State of Palestine - Palestinian Communities in the West Bank and the Gaza Strip","url":"https://www.ochaopt.org/page/datasets-and-mapping-tools","document_date":"2019-07-17","retrieved":"2026-08-09"}]}},{"type":"Feature","geometry":{"type":"Point","coordinates":[35.071564,31.928565]},"properties":{"locality_id":"301760","name":"Bil'in","names":{"primary":"Bil'in","arabic":"بِلْعِين"},"district":"Ramallah","subdistrict":null,"pop_1945_total":null,"pop_1945_palestinian":null,"in_east_jerusalem":false,"oslo_area":"A","population":[{"year":2017,"value":2137,"source_id":"ocha_opt"}],"depopulated_1948":false,"depopulated_date":null,"status_now":null,"group_1945":null,"group_now":null,"mechanism":null,"references":{},"evidence":[{"source_id":"ocha_opt","title":"State of Palestine - Palestinian Communities in the West Bank and the Gaza Strip","url":"https://www.ochaopt.org/page/datasets-and-mapping-tools","document_date":"2019-07-17","retrieved":"2026-08-09"}]}},{"type":"Feature","geometry":{"type":"Point","coordinates":[35.06179,31.904687]},"properties":{"locality_id":"301805","name":"Saffa","names":{"primary":"Saffa","arabic":"صَفَّا"},"district":"Ramallah","subdistrict":null,"pop_1945_total":null,"pop_1945_palestinian":null,"in_east_jerusalem":false,"oslo_area":"A","population":[{"year":2017,"value":4374,"source_id":"ocha_opt"}],"depopulated_1948":false,"depopulated_date":null,"status_now":null,"group_1945":null,"group_now":null,"mechanism":null,"references":{},"evidence":[{"source_id":"ocha_opt","title":"State of Palestine - Palestinian Communities in the West Bank and the Gaza Strip","url":"https://www.ochaopt.org/page/datasets-and-mapping-tools","document_date":"2019-07-17","retrieved":"2026-08-09"}]}},{"type":"Feature","geometry":{"type":"Point","coordinates":[35.189742,31.723081]},"properties":{"locality_id":"452209","name":"Bir Onah","names":{"primary":"Bir Onah","arabic":"بئر عونه"},"district":"Bethlehem","subdistrict":null,"pop_1945_total":null,"pop_1945_palestinian":null,"in_east_jerusalem":false,"oslo_area":"Israeli Declared East Jerusalem","population":[{"year":2017,"value":1413,"source_id":"ocha_opt"}],"depopulated_1948":false,"depopulated_date":null,"status_now":null,"group_1945":null,"group_now":null,"mechanism":null,"references":{},"evidence":[{"source_id":"ocha_opt","title":"State of Palestine - Palestinian Communities in the West Bank and the Gaza Strip","url":"https://www.ochaopt.org/page/datasets-and-mapping-tools","document_date":"2019-07-17","retrieved":"2026-08-09"}]}},{"type":"Feature","geometry":{"type":"Point","coordinates":[35.267231,31.910926]},"properties":{"locality_id":"301785","name":"Deir Dibwan","names":{"primary":"Deir Dibwan","arabic":"دِير دُبْوَان"},"district":"Ramallah","subdistrict":null,"pop_1945_total":null,"pop_1945_palestinian":null,"in_east_jerusalem":false,"oslo_area":"A","population":[{"year":2017,"value":4169,"source_id":"ocha_opt"}],"depopulated_1948":false,"depopulated_date":null,"status_now":null,"group_1945":null,"group_now":null,"mechanism":null,"references":{},"evidence":[{"source_id":"ocha_opt","title":"State of Palestine - Palestinian Communities in the West Bank and the Gaza Strip","url":"https://www.ochaopt.org/page/datasets-and-mapping-tools","document_date":"2019-07-17","retrieved":"2026-08-09"}]}},{"type":"Feature","geometry":{"type":"Point","coordinates":[35.253947,31.896828]},"properties":{"locality_id":"301815","name":"Burqa","names":{"primary":"Burqa","arabic":"بُرْقَة"},"district":"Ramallah","subdistrict":null,"pop_1945_total":null,"pop_1945_palestinian":null,"in_east_jerusalem":false,"oslo_area":"A","population":[{"year":2017,"value":2047,"source_id":"ocha_opt"}],"depopulated_1948":false,"depopulated_date":null,"status_now":null,"group_1945":null,"group_now":null,"mechanism":null,"references":{},"evidence":[{"source_id":"ocha_opt","title":"State of Palestine - Palestinian Communities in the West Bank and the Gaza Strip","url":"https://www.ochaopt.org/page/datasets-and-mapping-tools","document_date":"2019-07-17","retrieved":"2026-08-09"}]}},{"type":"Feature","geometry":{"type":"Point","coordinates":[35.297757,31.933032]},"properties":{"locality_id":"301750","name":"Rammun","names":{"primary":"Rammun","arabic":"رَمُّون"},"district":"Ramallah","subdistrict":null,"pop_1945_total":null,"pop_1945_palestinian":null,"in_east_jerusalem":false,"oslo_area":"A","population":[{"year":2017,"value":2405,"source_id":"ocha_opt"}],"depopulated_1948":false,"depopulated_date":null,"status_now":null,"group_1945":null,"group_now":null,"mechanism":null,"references":{},"evidence":[{"source_id":"ocha_opt","title":"State of Palestine - Palestinian Communities in the West Bank and the Gaza Strip","url":"https://www.ochaopt.org/page/datasets-and-mapping-tools","document_date":"2019-07-17","retrieved":"2026-08-09"}]}},{"type":"Feature","geometry":{"type":"Point","coordinates":[35.344063,32.293834]},"properties":{"locality_id":"50700","name":"El Far'a Camp","names":{"primary":"El Far'a Camp","arabic":"مُخَيَّمْ الفارْعَةْ"},"district":"Tubas","subdistrict":null,"pop_1945_total":null,"pop_1945_palestinian":null,"in_east_jerusalem":false,"oslo_area":"A","population":[{"year":2017,"value":5625,"source_id":"ocha_opt"}],"depopulated_1948":false,"depopulated_date":null,"status_now":null,"group_1945":null,"group_now":null,"mechanism":null,"references":{},"evidence":[{"source_id":"ocha_opt","title":"State of Palestine - Palestinian Communities in the West Bank and the Gaza Strip","url":"https://www.ochaopt.org/page/datasets-and-mapping-tools","document_date":"2019-07-17","retrieved":"2026-08-09"}]}},{"type":"Feature","geometry":{"type":"Point","coordinates":[35.342307,32.281562]},"properties":{"locality_id":"50740","name":"Wadi al Far'a","names":{"primary":"Wadi al Far'a","arabic":"وادي الفارِعَة"},"district":"Tubas","subdistrict":null,"pop_1945_total":null,"pop_1945_palestinian":null,"in_east_jerusalem":false,"oslo_area":"A","population":[{"year":2017,"value":3998,"source_id":"ocha_opt"}],"depopulated_1948":false,"depopulated_date":null,"status_now":null,"group_1945":null,"group_now":null,"mechanism":null,"references":{},"evidence":[{"source_id":"ocha_opt","title":"State of Palestine - Palestinian Communities in the West Bank and the Gaza Strip","url":"https://www.ochaopt.org/page/datasets-and-mapping-tools","document_date":"2019-07-17","retrieved":"2026-08-09"}]}},{"type":"Feature","geometry":{"type":"Point","coordinates":[35.285381,32.036174]},"properties":{"locality_id":"301490","name":"Turmus'ayya","names":{"primary":"Turmus'ayya","arabic":"تُرْمُسعَيَّا"},"district":"Ramallah","subdistrict":null,"pop_1945_total":null,"pop_1945_palestinian":null,"in_east_jerusalem":false,"oslo_area":"A","population":[{"year":2017,"value":2464,"source_id":"ocha_opt"}],"depopulated_1948":false,"depopulated_date":null,"status_now":null,"group_1945":null,"group_now":null,"mechanism":null,"references":{},"evidence":[{"source_id":"ocha_opt","title":"State of Palestine - Palestinian Communities in the West Bank and the Gaza Strip","url":"https://www.ochaopt.org/page/datasets-and-mapping-tools","document_date":"2019-07-17","retrieved":"2026-08-09"}]}},{"type":"Feature","geometry":{"type":"Point","coordinates":[35.265061,32.033288]},"properties":{"locality_id":"301500","name":"Sinjil","names":{"primary":"Sinjil","arabic":"سِنْجِل"},"district":"Ramallah","subdistrict":null,"pop_1945_total":null,"pop_1945_palestinian":null,"in_east_jerusalem":false,"oslo_area":"A","population":[{"year":2017,"value":5742,"source_id":"ocha_opt"}],"depopulated_1948":false,"depopulated_date":null,"status_now":null,"group_1945":null,"group_now":null,"mechanism":null,"references":{},"evidence":[{"source_id":"ocha_opt","title":"State of Palestine - Palestinian Communities in the West Bank and the Gaza Strip","url":"https://www.ochaopt.org/page/datasets-and-mapping-tools","document_date":"2019-07-17","retrieved":"2026-08-09"}]}},{"type":"Feature","geometry":{"type":"Point","coordinates":[35.017276,32.122663]},"properties":{"locality_id":"201280","name":"Azzun 'Atma","names":{"primary":"Azzun 'Atma","arabic":"عَزُّون عَتْمَة"},"district":"Qalqiliya","subdistrict":null,"pop_1945_total":null,"pop_1945_palestinian":null,"in_east_jerusalem":false,"oslo_area":"A","population":[{"year":2017,"value":2068,"source_id":"ocha_opt"}],"depopulated_1948":false,"depopulated_date":null,"status_now":null,"group_1945":null,"group_now":null,"mechanism":null,"references":{},"evidence":[{"source_id":"ocha_opt","title":"State of Palestine - Palestinian Communities in the West Bank and the Gaza Strip","url":"https://www.ochaopt.org/page/datasets-and-mapping-tools","document_date":"2019-07-17","retrieved":"2026-08-09"}]}},{"type":"Feature","geometry":{"type":"Point","coordinates":[35.050079,32.107651]},"properties":{"locality_id":"251320","name":"Mas-ha","names":{"primary":"Mas-ha","arabic":"مَسْحَة"},"district":"Salfit","subdistrict":null,"pop_1945_total":null,"pop_1945_palestinian":null,"in_east_jerusalem":false,"oslo_area":"A","population":[{"year":2017,"value":2370,"source_id":"ocha_opt"}],"depopulated_1948":false,"depopulated_date":null,"status_now":null,"group_1945":null,"group_now":null,"mechanism":null,"references":{},"evidence":[{"source_id":"ocha_opt","title":"State of Palestine - Palestinian Communities in the West Bank and the Gaza Strip","url":"https://www.ochaopt.org/page/datasets-and-mapping-tools","document_date":"2019-07-17","retrieved":"2026-08-09"}]}},{"type":"Feature","geometry":{"type":"Point","coordinates":[35.040792,32.096446]},"properties":{"locality_id":"251360","name":"Az Zawiya","names":{"primary":"Az Zawiya","arabic":"الزَاوِيَة"},"district":"Salfit","subdistrict":null,"pop_1945_total":null,"pop_1945_palestinian":null,"in_east_jerusalem":false,"oslo_area":"A","population":[{"year":2017,"value":6033,"source_id":"ocha_opt"}],"depopulated_1948":false,"depopulated_date":null,"status_now":null,"group_1945":null,"group_now":null,"mechanism":null,"references":{},"evidence":[{"source_id":"ocha_opt","title":"State of Palestine - Palestinian Communities in the West Bank and the Gaza Strip","url":"https://www.ochaopt.org/page/datasets-and-mapping-tools","document_date":"2019-07-17","retrieved":"2026-08-09"}]}},{"type":"Feature","geometry":{"type":"Point","coordinates":[35.079506,32.114477]},"properties":{"locality_id":"251305","name":"Biddya","names":{"primary":"Biddya","arabic":"بِدْيَا"},"district":"Salfit","subdistrict":null,"pop_1945_total":null,"pop_1945_palestinian":null,"in_east_jerusalem":false,"oslo_area":"A","population":[{"year":2017,"value":10451,"source_id":"ocha_opt"}],"depopulated_1948":false,"depopulated_date":null,"status_now":null,"group_1945":null,"group_now":null,"mechanism":null,"references":{},"evidence":[{"source_id":"ocha_opt","title":"State of Palestine - Palestinian Communities in the West Bank and the Gaza Strip","url":"https://www.ochaopt.org/page/datasets-and-mapping-tools","document_date":"2019-07-17","retrieved":"2026-08-09"}]}},{"type":"Feature","geometry":{"type":"Point","coordinates":[35.108301,32.411171]},"properties":{"locality_id":"100345","name":"An Nazla ash Sharqiya","names":{"primary":"An Nazla ash Sharqiya","arabic":"النَزْلَة الشَرْقيِّة"},"district":"Tulkarm","subdistrict":null,"pop_1945_total":null,"pop_1945_palestinian":null,"in_east_jerusalem":false,"oslo_area":"A","population":[{"year":2017,"value":1623,"source_id":"ocha_opt"}],"depopulated_1948":false,"depopulated_date":null,"status_now":null,"group_1945":null,"group_now":null,"mechanism":null,"references":{},"evidence":[{"source_id":"ocha_opt","title":"State of Palestine - Palestinian Communities in the West Bank and the Gaza Strip","url":"https://www.ochaopt.org/page/datasets-and-mapping-tools","document_date":"2019-07-17","retrieved":"2026-08-09"}]}},{"type":"Feature","geometry":{"type":"Point","coordinates":[35.093339,32.410175]},"properties":{"locality_id":"100355","name":"An Nazla al Wusta","names":{"primary":"An Nazla al Wusta","arabic":"النَزْلَة الوُسطى"},"district":"Tulkarm","subdistrict":null,"pop_1945_total":null,"pop_1945_palestinian":null,"in_east_jerusalem":false,"oslo_area":"A","population":[{"year":2017,"value":437,"source_id":"ocha_opt"}],"depopulated_1948":false,"depopulated_date":null,"status_now":null,"group_1945":null,"group_now":null,"mechanism":null,"references":{},"evidence":[{"source_id":"ocha_opt","title":"State of Palestine - Palestinian Communities in the West Bank and the Gaza Strip","url":"https://www.ochaopt.org/page/datasets-and-mapping-tools","document_date":"2019-07-17","retrieved":"2026-08-09"}]}},{"type":"Feature","geometry":{"type":"Point","coordinates":[35.204891,32.405294]},"properties":{"locality_id":"10370","name":"Arraba","names":{"primary":"Arraba","arabic":"عَرَّابَة"},"district":"Jenin","subdistrict":null,"pop_1945_total":null,"pop_1945_palestinian":null,"in_east_jerusalem":false,"oslo_area":"A","population":[{"year":2017,"value":11479,"source_id":"ocha_opt"}],"depopulated_1948":false,"depopulated_date":null,"status_now":null,"group_1945":null,"group_now":null,"mechanism":null,"references":{},"evidence":[{"source_id":"ocha_opt","title":"State of Palestine - Palestinian Communities in the West Bank and the Gaza Strip","url":"https://www.ochaopt.org/page/datasets-and-mapping-tools","document_date":"2019-07-17","retrieved":"2026-08-09"}]}},{"type":"Feature","geometry":{"type":"Point","coordinates":[35.238451,32.396103]},"properties":{"locality_id":"10395","name":"Mirka","names":{"primary":"Mirka","arabic":"مِرْكَة"},"district":"Jenin","subdistrict":null,"pop_1945_total":null,"pop_1945_palestinian":null,"in_east_jerusalem":false,"oslo_area":"A","population":[{"year":2017,"value":2203,"source_id":"ocha_opt"}],"depopulated_1948":false,"depopulated_date":null,"status_now":null,"group_1945":null,"group_now":null,"mechanism":null,"references":{},"evidence":[{"source_id":"ocha_opt","title":"State of Palestine - Palestinian Communities in the West Bank and the Gaza Strip","url":"https://www.ochaopt.org/page/datasets-and-mapping-tools","document_date":"2019-07-17","retrieved":"2026-08-09"}]}},{"type":"Feature","geometry":{"type":"Point","coordinates":[35.272737,32.429335]},"properties":{"locality_id":"10300","name":"Ash Shuhada","names":{"primary":"Ash Shuhada","arabic":"الشُهَداء"},"district":"Jenin","subdistrict":null,"pop_1945_total":null,"pop_1945_palestinian":null,"in_east_jerusalem":false,"oslo_area":"A","population":[{"year":2017,"value":2299,"source_id":"ocha_opt"}],"depopulated_1948":false,"depopulated_date":null,"status_now":null,"group_1945":null,"group_now":null,"mechanism":null,"references":{},"evidence":[{"source_id":"ocha_opt","title":"State of Palestine - Palestinian Communities in the West Bank and the Gaza Strip","url":"https://www.ochaopt.org/page/datasets-and-mapping-tools","document_date":"2019-07-17","retrieved":"2026-08-09"}]}},{"type":"Feature","geometry":{"type":"Point","coordinates":[35.280935,32.410163]},"properties":{"locality_id":"10340","name":"Qabatiya","names":{"primary":"Qabatiya","arabic":"قَباطْيَة"},"district":"Jenin","subdistrict":null,"pop_1945_total":null,"pop_1945_palestinian":null,"in_east_jerusalem":false,"oslo_area":"A","population":[{"year":2017,"value":24372,"source_id":"ocha_opt"}],"depopulated_1948":false,"depopulated_date":null,"status_now":null,"group_1945":null,"group_now":null,"mechanism":null,"references":{},"evidence":[{"source_id":"ocha_opt","title":"State of Palestine - Palestinian Communities in the West Bank and the Gaza Strip","url":"https://www.ochaopt.org/page/datasets-and-mapping-tools","document_date":"2019-07-17","retrieved":"2026-08-09"}]}},{"type":"Feature","geometry":{"type":"Point","coordinates":[35.344433,32.432497]},"properties":{"locality_id":"10295","name":"Umm at Tut","names":{"primary":"Umm at Tut","arabic":"أمُّ التوت"},"district":"Jenin","subdistrict":null,"pop_1945_total":null,"pop_1945_palestinian":null,"in_east_jerusalem":false,"oslo_area":"A","population":[{"year":2017,"value":1194,"source_id":"ocha_opt"}],"depopulated_1948":false,"depopulated_date":null,"status_now":null,"group_1945":null,"group_now":null,"mechanism":null,"references":{},"evidence":[{"source_id":"ocha_opt","title":"State of Palestine - Palestinian Communities in the West Bank and the Gaza Strip","url":"https://www.ochaopt.org/page/datasets-and-mapping-tools","document_date":"2019-07-17","retrieved":"2026-08-09"}]}},{"type":"Feature","geometry":{"type":"Point","coordinates":[35.341,32.401293]},"properties":{"locality_id":"10385","name":"Telfit","names":{"primary":"Telfit","arabic":"تِلْفِيت"},"district":"Jenin","subdistrict":null,"pop_1945_total":null,"pop_1945_palestinian":null,"in_east_jerusalem":false,"oslo_area":"A","population":[{"year":2017,"value":439,"source_id":"ocha_opt"}],"depopulated_1948":false,"depopulated_date":null,"status_now":null,"group_1945":null,"group_now":null,"mechanism":null,"references":{},"evidence":[{"source_id":"ocha_opt","title":"State of Palestine - Palestinian Communities in the West Bank and the Gaza Strip","url":"https://www.ochaopt.org/page/datasets-and-mapping-tools","document_date":"2019-07-17","retrieved":"2026-08-09"}]}},{"type":"Feature","geometry":{"type":"Point","coordinates":[35.363692,32.424388]},"properties":{"locality_id":"10305","name":"Jalqamus","names":{"primary":"Jalqamus","arabic":"جَلْقَمُوس"},"district":"Jenin","subdistrict":null,"pop_1945_total":null,"pop_1945_palestinian":null,"in_east_jerusalem":false,"oslo_area":"A","population":[{"year":2017,"value":2624,"source_id":"ocha_opt"}],"depopulated_1948":false,"depopulated_date":null,"status_now":null,"group_1945":null,"group_now":null,"mechanism":null,"references":{},"evidence":[{"source_id":"ocha_opt","title":"State of Palestine - Palestinian Communities in the West Bank and the Gaza Strip","url":"https://www.ochaopt.org/page/datasets-and-mapping-tools","document_date":"2019-07-17","retrieved":"2026-08-09"}]}},{"type":"Feature","geometry":{"type":"Point","coordinates":[35.387463,32.421521]},"properties":{"locality_id":"10310","name":"Al Mughayyir","names":{"primary":"Al Mughayyir","arabic":"المُغيِّر"},"district":"Jenin","subdistrict":null,"pop_1945_total":null,"pop_1945_palestinian":null,"in_east_jerusalem":false,"oslo_area":"A","population":[{"year":2017,"value":3249,"source_id":"ocha_opt"}],"depopulated_1948":false,"depopulated_date":null,"status_now":null,"group_1945":null,"group_now":null,"mechanism":null,"references":{},"evidence":[{"source_id":"ocha_opt","title":"State of Palestine - Palestinian Communities in the West Bank and the Gaza Strip","url":"https://www.ochaopt.org/page/datasets-and-mapping-tools","document_date":"2019-07-17","retrieved":"2026-08-09"}]}},{"type":"Feature","geometry":{"type":"Point","coordinates":[35.095098,32.472152]},"properties":{"locality_id":"10120","name":"Barta'a ash Sharqiya","names":{"primary":"Barta'a ash Sharqiya","arabic":"بَرْطَعَة الشَرْقِيَّة"},"district":"Jenin","subdistrict":null,"pop_1945_total":null,"pop_1945_palestinian":null,"in_east_jerusalem":false,"oslo_area":"A","population":[{"year":2017,"value":4435,"source_id":"ocha_opt"}],"depopulated_1948":false,"depopulated_date":null,"status_now":null,"group_1945":null,"group_now":null,"mechanism":null,"references":{},"evidence":[{"source_id":"ocha_opt","title":"State of Palestine - Palestinian Communities in the West Bank and the Gaza Strip","url":"https://www.ochaopt.org/page/datasets-and-mapping-tools","document_date":"2019-07-17","retrieved":"2026-08-09"}]}},{"type":"Feature","geometry":{"type":"Point","coordinates":[35.128954,32.448905]},"properties":{"locality_id":"10245","name":"Zabda","names":{"primary":"Zabda","arabic":"زَبْدَة"},"district":"Jenin","subdistrict":null,"pop_1945_total":null,"pop_1945_palestinian":null,"in_east_jerusalem":false,"oslo_area":"A","population":[{"year":2017,"value":1109,"source_id":"ocha_opt"}],"depopulated_1948":false,"depopulated_date":null,"status_now":null,"group_1945":null,"group_now":null,"mechanism":null,"references":{},"evidence":[{"source_id":"ocha_opt","title":"State of Palestine - Palestinian Communities in the West Bank and the Gaza Strip","url":"https://www.ochaopt.org/page/datasets-and-mapping-tools","document_date":"2019-07-17","retrieved":"2026-08-09"}]}},{"type":"Feature","geometry":{"type":"Point","coordinates":[35.175509,32.462394]},"properties":{"locality_id":"10165","name":"Nazlat ash Sheikh Zeid","names":{"primary":"Nazlat ash Sheikh Zeid","arabic":"نَزْلَة الشَيْخ زَيْد"},"district":"Jenin","subdistrict":null,"pop_1945_total":null,"pop_1945_palestinian":null,"in_east_jerusalem":false,"oslo_area":"A","population":[{"year":2017,"value":843,"source_id":"ocha_opt"}],"depopulated_1948":false,"depopulated_date":null,"status_now":null,"group_1945":null,"group_now":null,"mechanism":null,"references":{},"evidence":[{"source_id":"ocha_opt","title":"State of Palestine - Palestinian Communities in the West Bank and the Gaza Strip","url":"https://www.ochaopt.org/page/datasets-and-mapping-tools","document_date":"2019-07-17","retrieved":"2026-08-09"}]}},{"type":"Feature","geometry":{"type":"Point","coordinates":[35.144943,32.454949]},"properties":{"locality_id":"10230","name":"Al Khuljan","names":{"primary":"Al Khuljan","arabic":"الخُلْجان"},"district":"Jenin","subdistrict":null,"pop_1945_total":null,"pop_1945_palestinian":null,"in_east_jerusalem":false,"oslo_area":"A","population":[{"year":2017,"value":616,"source_id":"ocha_opt"}],"depopulated_1948":false,"depopulated_date":null,"status_now":null,"group_1945":null,"group_now":null,"mechanism":null,"references":{},"evidence":[{"source_id":"ocha_opt","title":"State of Palestine - Palestinian Communities in the West Bank and the Gaza Strip","url":"https://www.ochaopt.org/page/datasets-and-mapping-tools","document_date":"2019-07-17","retrieved":"2026-08-09"}]}},{"type":"Feature","geometry":{"type":"Point","coordinates":[35.167733,32.444791]},"properties":{"locality_id":"10265","name":"Ya'bad","names":{"primary":"Ya'bad","arabic":"يَعْبَدْ"},"district":"Jenin","subdistrict":null,"pop_1945_total":null,"pop_1945_palestinian":null,"in_east_jerusalem":false,"oslo_area":"A","population":[{"year":2017,"value":16012,"source_id":"ocha_opt"}],"depopulated_1948":false,"depopulated_date":null,"status_now":null,"group_1945":null,"group_now":null,"mechanism":null,"references":{},"evidence":[{"source_id":"ocha_opt","title":"State of Palestine - Palestinian Communities in the West Bank and the Gaza Strip","url":"https://www.ochaopt.org/page/datasets-and-mapping-tools","document_date":"2019-07-17","retrieved":"2026-08-09"}]}},{"type":"Feature","geometry":{"type":"Point","coordinates":[35.137123,32.457028]},"properties":{"locality_id":"10225","name":"Umm Dar","names":{"primary":"Umm Dar","arabic":"أُمُّ دار"},"district":"Jenin","subdistrict":null,"pop_1945_total":null,"pop_1945_palestinian":null,"in_east_jerusalem":false,"oslo_area":"A","population":[{"year":2017,"value":654,"source_id":"ocha_opt"}],"depopulated_1948":false,"depopulated_date":null,"status_now":null,"group_1945":null,"group_now":null,"mechanism":null,"references":{},"evidence":[{"source_id":"ocha_opt","title":"State of Palestine - Palestinian Communities in the West Bank and the Gaza Strip","url":"https://www.ochaopt.org/page/datasets-and-mapping-tools","document_date":"2019-07-17","retrieved":"2026-08-09"}]}},{"type":"Feature","geometry":{"type":"Point","coordinates":[35.223309,32.465376]},"properties":{"locality_id":"10155","name":"Al Hashimiya","names":{"primary":"Al Hashimiya","arabic":"الهاشِمِيَّة"},"district":"Jenin","subdistrict":null,"pop_1945_total":null,"pop_1945_palestinian":null,"in_east_jerusalem":false,"oslo_area":"A","population":[{"year":2017,"value":1305,"source_id":"ocha_opt"}],"depopulated_1948":false,"depopulated_date":null,"status_now":null,"group_1945":null,"group_now":null,"mechanism":null,"references":{},"evidence":[{"source_id":"ocha_opt","title":"State of Palestine - Palestinian Communities in the West Bank and the Gaza Strip","url":"https://www.ochaopt.org/page/datasets-and-mapping-tools","document_date":"2019-07-17","retrieved":"2026-08-09"}]}},{"type":"Feature","geometry":{"type":"Point","coordinates":[35.203302,32.469414]},"properties":{"locality_id":"10125","name":"Al 'Araqa","names":{"primary":"Al 'Araqa","arabic":"العَرَقَة"},"district":"Jenin","subdistrict":null,"pop_1945_total":null,"pop_1945_palestinian":null,"in_east_jerusalem":false,"oslo_area":"A","population":[{"year":2017,"value":2667,"source_id":"ocha_opt"}],"depopulated_1948":false,"depopulated_date":null,"status_now":null,"group_1945":null,"group_now":null,"mechanism":null,"references":{},"evidence":[{"source_id":"ocha_opt","title":"State of Palestine - Palestinian Communities in the West Bank and the Gaza Strip","url":"https://www.ochaopt.org/page/datasets-and-mapping-tools","document_date":"2019-07-17","retrieved":"2026-08-09"}]}},{"type":"Feature","geometry":{"type":"Point","coordinates":[35.191763,32.461543]},"properties":{"locality_id":"10170","name":"At Tarem","names":{"primary":"At Tarem","arabic":"الطَرِم"},"district":"Jenin","subdistrict":null,"pop_1945_total":null,"pop_1945_palestinian":null,"in_east_jerusalem":false,"oslo_area":"A","population":[{"year":2017,"value":496,"source_id":"ocha_opt"}],"depopulated_1948":false,"depopulated_date":null,"status_now":null,"group_1945":null,"group_now":null,"mechanism":null,"references":{},"evidence":[{"source_id":"ocha_opt","title":"State of Palestine - Palestinian Communities in the West Bank and the Gaza Strip","url":"https://www.ochaopt.org/page/datasets-and-mapping-tools","document_date":"2019-07-17","retrieved":"2026-08-09"}]}},{"type":"Feature","geometry":{"type":"Point","coordinates":[35.228469,32.457078]},"properties":{"locality_id":"10210","name":"Kafr Qud","names":{"primary":"Kafr Qud","arabic":"كَفْر قُود"},"district":"Jenin","subdistrict":null,"pop_1945_total":null,"pop_1945_palestinian":null,"in_east_jerusalem":false,"oslo_area":"A","population":[{"year":2017,"value":1413,"source_id":"ocha_opt"}],"depopulated_1948":false,"depopulated_date":null,"status_now":null,"group_1945":null,"group_now":null,"mechanism":null,"references":{},"evidence":[{"source_id":"ocha_opt","title":"State of Palestine - Palestinian Communities in the West Bank and the Gaza Strip","url":"https://www.ochaopt.org/page/datasets-and-mapping-tools","document_date":"2019-07-17","retrieved":"2026-08-09"}]}},{"type":"Feature","geometry":{"type":"Point","coordinates":[35.204487,32.442697]},"properties":{"locality_id":"10275","name":"Kufeirit","names":{"primary":"Kufeirit","arabic":"كُفَيْرِتْ"},"district":"Jenin","subdistrict":null,"pop_1945_total":null,"pop_1945_palestinian":null,"in_east_jerusalem":false,"oslo_area":"A","population":[{"year":2017,"value":3068,"source_id":"ocha_opt"}],"depopulated_1948":false,"depopulated_date":null,"status_now":null,"group_1945":null,"group_now":null,"mechanism":null,"references":{},"evidence":[{"source_id":"ocha_opt","title":"State of Palestine - Palestinian Communities in the West Bank and the Gaza Strip","url":"https://www.ochaopt.org/page/datasets-and-mapping-tools","document_date":"2019-07-17","retrieved":"2026-08-09"}]}},{"type":"Feature","geometry":{"type":"Point","coordinates":[35.287714,32.460176]},"properties":{"locality_id":"10185","name":"Jenin Camp","names":{"primary":"Jenin Camp","arabic":"مُخَيَّم جِنين"},"district":"Jenin","subdistrict":null,"pop_1945_total":null,"pop_1945_palestinian":null,"in_east_jerusalem":false,"oslo_area":"A","population":[{"year":2017,"value":10417,"source_id":"ocha_opt"}],"depopulated_1948":false,"depopulated_date":null,"status_now":null,"group_1945":null,"group_now":null,"mechanism":null,"references":{},"evidence":[{"source_id":"ocha_opt","title":"State of Palestine - Palestinian Communities in the West Bank and the Gaza Strip","url":"https://www.ochaopt.org/page/datasets-and-mapping-tools","document_date":"2019-07-17","retrieved":"2026-08-09"}]}},{"type":"Feature","geometry":{"type":"Point","coordinates":[35.255149,32.480131]},"properties":{"locality_id":"10095","name":"Kafr Dan","names":{"primary":"Kafr Dan","arabic":"كَفْر دان"},"district":"Jenin","subdistrict":null,"pop_1945_total":null,"pop_1945_palestinian":null,"in_east_jerusalem":false,"oslo_area":"A","population":[{"year":2017,"value":6591,"source_id":"ocha_opt"}],"depopulated_1948":false,"depopulated_date":null,"status_now":null,"group_1945":null,"group_now":null,"mechanism":null,"references":{},"evidence":[{"source_id":"ocha_opt","title":"State of Palestine - Palestinian Communities in the West Bank and the Gaza Strip","url":"https://www.ochaopt.org/page/datasets-and-mapping-tools","document_date":"2019-07-17","retrieved":"2026-08-09"}]}},{"type":"Feature","geometry":{"type":"Point","coordinates":[35.260933,32.454936]},"properties":{"locality_id":"10220","name":"Birqin","names":{"primary":"Birqin","arabic":"بِرْقين"},"district":"Jenin","subdistrict":null,"pop_1945_total":null,"pop_1945_palestinian":null,"in_east_jerusalem":false,"oslo_area":"A","population":[{"year":2017,"value":7126,"source_id":"ocha_opt"}],"depopulated_1948":false,"depopulated_date":null,"status_now":null,"group_1945":null,"group_now":null,"mechanism":null,"references":{},"evidence":[{"source_id":"ocha_opt","title":"State of Palestine - Palestinian Communities in the West Bank and the Gaza Strip","url":"https://www.ochaopt.org/page/datasets-and-mapping-tools","document_date":"2019-07-17","retrieved":"2026-08-09"}]}},{"type":"Feature","geometry":{"type":"Point","coordinates":[35.299522,32.462719]},"properties":{"locality_id":"10180","name":"Jenin","names":{"primary":"Jenin","arabic":"جِنين"},"district":"Jenin","subdistrict":null,"pop_1945_total":null,"pop_1945_palestinian":null,"in_east_jerusalem":false,"oslo_area":"A","population":[{"year":2017,"value":44613,"source_id":"ocha_opt"}],"depopulated_1948":false,"depopulated_date":null,"status_now":null,"group_1945":null,"group_now":null,"mechanism":null,"references":{},"evidence":[{"source_id":"ocha_opt","title":"State of Palestine - Palestinian Communities in the West Bank and the Gaza Strip","url":"https://www.ochaopt.org/page/datasets-and-mapping-tools","document_date":"2019-07-17","retrieved":"2026-08-09"}]}},{"type":"Feature","geometry":{"type":"Point","coordinates":[35.356668,32.470264]},"properties":{"locality_id":"10140","name":"Beit Qad","names":{"primary":"Beit Qad","arabic":"بِيت قاد"},"district":"Jenin","subdistrict":null,"pop_1945_total":null,"pop_1945_palestinian":null,"in_east_jerusalem":false,"oslo_area":"A","population":[{"year":2017,"value":1374,"source_id":"ocha_opt"}],"depopulated_1948":false,"depopulated_date":null,"status_now":null,"group_1945":null,"group_now":null,"mechanism":null,"references":{},"evidence":[{"source_id":"ocha_opt","title":"State of Palestine - Palestinian Communities in the West Bank and the Gaza Strip","url":"https://www.ochaopt.org/page/datasets-and-mapping-tools","document_date":"2019-07-17","retrieved":"2026-08-09"}]}},{"type":"Feature","geometry":{"type":"Point","coordinates":[35.363971,32.455817]},"properties":{"locality_id":"10215","name":"Deir Abu Da'if","names":{"primary":"Deir Abu Da'if","arabic":"دِير ابو ضَعيف"},"district":"Jenin","subdistrict":null,"pop_1945_total":null,"pop_1945_palestinian":null,"in_east_jerusalem":false,"oslo_area":"A","population":[{"year":2017,"value":7045,"source_id":"ocha_opt"}],"depopulated_1948":false,"depopulated_date":null,"status_now":null,"group_1945":null,"group_now":null,"mechanism":null,"references":{},"evidence":[{"source_id":"ocha_opt","title":"State of Palestine - Palestinian Communities in the West Bank and the Gaza Strip","url":"https://www.ochaopt.org/page/datasets-and-mapping-tools","document_date":"2019-07-17","retrieved":"2026-08-09"}]}},{"type":"Feature","geometry":{"type":"Point","coordinates":[35.412601,32.460036]},"properties":{"locality_id":"10190","name":"Jalbun","names":{"primary":"Jalbun","arabic":"جَلْبُون"},"district":"Jenin","subdistrict":null,"pop_1945_total":null,"pop_1945_palestinian":null,"in_east_jerusalem":false,"oslo_area":"A","population":[{"year":2017,"value":2813,"source_id":"ocha_opt"}],"depopulated_1948":false,"depopulated_date":null,"status_now":null,"group_1945":null,"group_now":null,"mechanism":null,"references":{},"evidence":[{"source_id":"ocha_opt","title":"State of Palestine - Palestinian Communities in the West Bank and the Gaza Strip","url":"https://www.ochaopt.org/page/datasets-and-mapping-tools","document_date":"2019-07-17","retrieved":"2026-08-09"}]}},{"type":"Feature","geometry":{"type":"Point","coordinates":[35.186831,32.516229]},"properties":{"locality_id":"10020","name":"At Tayba","names":{"primary":"At Tayba","arabic":"الطَيْبَة"},"district":"Jenin","subdistrict":null,"pop_1945_total":null,"pop_1945_palestinian":null,"in_east_jerusalem":false,"oslo_area":"A","population":[{"year":2017,"value":2215,"source_id":"ocha_opt"}],"depopulated_1948":false,"depopulated_date":null,"status_now":null,"group_1945":null,"group_now":null,"mechanism":null,"references":{},"evidence":[{"source_id":"ocha_opt","title":"State of Palestine - Palestinian Communities in the West Bank and the Gaza Strip","url":"https://www.ochaopt.org/page/datasets-and-mapping-tools","document_date":"2019-07-17","retrieved":"2026-08-09"}]}},{"type":"Feature","geometry":{"type":"Point","coordinates":[35.16957,32.501793]},"properties":{"locality_id":"10045","name":"Anin","names":{"primary":"Anin","arabic":"عَانِين"},"district":"Jenin","subdistrict":null,"pop_1945_total":null,"pop_1945_palestinian":null,"in_east_jerusalem":false,"oslo_area":"A","population":[{"year":2017,"value":4216,"source_id":"ocha_opt"}],"depopulated_1948":false,"depopulated_date":null,"status_now":null,"group_1945":null,"group_now":null,"mechanism":null,"references":{},"evidence":[{"source_id":"ocha_opt","title":"State of Palestine - Palestinian Communities in the West Bank and the Gaza Strip","url":"https://www.ochaopt.org/page/datasets-and-mapping-tools","document_date":"2019-07-17","retrieved":"2026-08-09"}]}},{"type":"Feature","geometry":{"type":"Point","coordinates":[35.034894,31.607854]},"properties":{"locality_id":"502585","name":"Nuba","names":{"primary":"Nuba","arabic":"نُوبَا"},"district":"Hebron","subdistrict":null,"pop_1945_total":null,"pop_1945_palestinian":null,"in_east_jerusalem":false,"oslo_area":"A","population":[{"year":2017,"value":5631,"source_id":"ocha_opt"}],"depopulated_1948":false,"depopulated_date":null,"status_now":null,"group_1945":null,"group_now":null,"mechanism":null,"references":{},"evidence":[{"source_id":"ocha_opt","title":"State of Palestine - Palestinian Communities in the West Bank and the Gaza Strip","url":"https://www.ochaopt.org/page/datasets-and-mapping-tools","document_date":"2019-07-17","retrieved":"2026-08-09"}]}},{"type":"Feature","geometry":{"type":"Point","coordinates":[35.145417,31.616074]},"properties":{"locality_id":"502555","name":"Shuyukh al 'Arrub","names":{"primary":"Shuyukh al 'Arrub","arabic":"شُيُوخْ العَرُّوب"},"district":"Hebron","subdistrict":null,"pop_1945_total":null,"pop_1945_palestinian":null,"in_east_jerusalem":false,"oslo_area":"A","population":[{"year":2017,"value":1958,"source_id":"ocha_opt"}],"depopulated_1948":false,"depopulated_date":null,"status_now":null,"group_1945":null,"group_now":null,"mechanism":null,"references":{},"evidence":[{"source_id":"ocha_opt","title":"State of Palestine - Palestinian Communities in the West Bank and the Gaza Strip","url":"https://www.ochaopt.org/page/datasets-and-mapping-tools","document_date":"2019-07-17","retrieved":"2026-08-09"}]}},{"type":"Feature","geometry":{"type":"Point","coordinates":[35.154546,31.624764]},"properties":{"locality_id":"452525","name":"Beit Fajjar","names":{"primary":"Beit Fajjar","arabic":"بِيت فَجَّار"},"district":"Bethlehem","subdistrict":null,"pop_1945_total":null,"pop_1945_palestinian":null,"in_east_jerusalem":false,"oslo_area":"A","population":[{"year":2017,"value":13520,"source_id":"ocha_opt"}],"depopulated_1948":false,"depopulated_date":null,"status_now":null,"group_1945":null,"group_now":null,"mechanism":null,"references":{},"evidence":[{"source_id":"ocha_opt","title":"State of Palestine - Palestinian Communities in the West Bank and the Gaza Strip","url":"https://www.ochaopt.org/page/datasets-and-mapping-tools","document_date":"2019-07-17","retrieved":"2026-08-09"}]}},{"type":"Feature","geometry":{"type":"Point","coordinates":[35.044224,31.859178]},"properties":{"locality_id":"301925","name":"Al Karameh (Beit Nuba)","names":{"primary":"Al Karameh (Beit Nuba)","arabic":"بِيت نُوبَا"},"district":"Ramallah","subdistrict":null,"pop_1945_total":null,"pop_1945_palestinian":null,"in_east_jerusalem":false,"oslo_area":"C","population":[],"depopulated_1948":false,"depopulated_date":null,"status_now":null,"group_1945":null,"group_now":null,"mechanism":null,"references":{},"evidence":[{"source_id":"ocha_opt","title":"State of Palestine - Palestinian Communities in the West Bank and the Gaza Strip","url":"https://www.ochaopt.org/page/datasets-and-mapping-tools","document_date":"2019-07-17","retrieved":"2026-08-09"}]}},{"type":"Feature","geometry":{"type":"Point","coordinates":[35.389547,32.329623]},"properties":{"locality_id":"50575","name":"Ath Thaghra","names":{"primary":"Ath Thaghra","arabic":"الثَغْرَة"},"district":"Tubas","subdistrict":null,"pop_1945_total":null,"pop_1945_palestinian":null,"in_east_jerusalem":false,"oslo_area":"A","population":[{"year":2017,"value":2231,"source_id":"ocha_opt"}],"depopulated_1948":false,"depopulated_date":null,"status_now":null,"group_1945":null,"group_now":null,"mechanism":null,"references":{},"evidence":[{"source_id":"ocha_opt","title":"State of Palestine - Palestinian Communities in the West Bank and the Gaza Strip","url":"https://www.ochaopt.org/page/datasets-and-mapping-tools","document_date":"2019-07-17","retrieved":"2026-08-09"}]}},{"type":"Feature","geometry":{"type":"Point","coordinates":[35.021021,31.62036]},"properties":{"locality_id":"502550","name":"Hitta","names":{"primary":"Hitta","arabic":"حَتَّا"},"district":"Hebron","subdistrict":null,"pop_1945_total":null,"pop_1945_palestinian":null,"in_east_jerusalem":false,"oslo_area":"A","population":[{"year":2017,"value":1155,"source_id":"ocha_opt"}],"depopulated_1948":false,"depopulated_date":null,"status_now":null,"group_1945":null,"group_now":null,"mechanism":null,"references":{},"evidence":[{"source_id":"ocha_opt","title":"State of Palestine - Palestinian Communities in the West Bank and the Gaza Strip","url":"https://www.ochaopt.org/page/datasets-and-mapping-tools","document_date":"2019-07-17","retrieved":"2026-08-09"}]}},{"type":"Feature","geometry":{"type":"Point","coordinates":[35.021979,31.597477]},"properties":{"locality_id":"502615","name":"Beit Ula","names":{"primary":"Beit Ula","arabic":"بِيت أُولا"},"district":"Hebron","subdistrict":null,"pop_1945_total":null,"pop_1945_palestinian":null,"in_east_jerusalem":false,"oslo_area":"A","population":[{"year":2017,"value":12381,"source_id":"ocha_opt"}],"depopulated_1948":false,"depopulated_date":null,"status_now":null,"group_1945":null,"group_now":null,"mechanism":null,"references":{},"evidence":[{"source_id":"ocha_opt","title":"State of Palestine - Palestinian Communities in the West Bank and the Gaza Strip","url":"https://www.ochaopt.org/page/datasets-and-mapping-tools","document_date":"2019-07-17","retrieved":"2026-08-09"}]}},{"type":"Feature","geometry":{"type":"Point","coordinates":[35.039416,31.616125]},"properties":{"locality_id":"502560","name":"Kharas","names":{"primary":"Kharas","arabic":"خَارَاس"},"district":"Hebron","subdistrict":null,"pop_1945_total":null,"pop_1945_palestinian":null,"in_east_jerusalem":false,"oslo_area":"A","population":[{"year":2017,"value":9018,"source_id":"ocha_opt"}],"depopulated_1948":false,"depopulated_date":null,"status_now":null,"group_1945":null,"group_now":null,"mechanism":null,"references":{},"evidence":[{"source_id":"ocha_opt","title":"State of Palestine - Palestinian Communities in the West Bank and the Gaza Strip","url":"https://www.ochaopt.org/page/datasets-and-mapping-tools","document_date":"2019-07-17","retrieved":"2026-08-09"}]}},{"type":"Feature","geometry":{"type":"Point","coordinates":[35.072045,31.620915]},"properties":{"locality_id":"502545","name":"Jala","names":{"primary":"Jala","arabic":"جَالا"},"district":"Hebron","subdistrict":null,"pop_1945_total":null,"pop_1945_palestinian":null,"in_east_jerusalem":false,"oslo_area":"A","population":[{"year":2017,"value":372,"source_id":"ocha_opt"}],"depopulated_1948":false,"depopulated_date":null,"status_now":null,"group_1945":null,"group_now":null,"mechanism":null,"references":{},"evidence":[{"source_id":"ocha_opt","title":"State of Palestine - Palestinian Communities in the West Bank and the Gaza Strip","url":"https://www.ochaopt.org/page/datasets-and-mapping-tools","document_date":"2019-07-17","retrieved":"2026-08-09"}]}},{"type":"Feature","geometry":{"type":"Point","coordinates":[35.106266,31.621313]},"properties":{"locality_id":"502540","name":"Beit Ummar","names":{"primary":"Beit Ummar","arabic":"بِيت أُومَّر"},"district":"Hebron","subdistrict":null,"pop_1945_total":null,"pop_1945_palestinian":null,"in_east_jerusalem":false,"oslo_area":"A","population":[{"year":2017,"value":15446,"source_id":"ocha_opt"}],"depopulated_1948":false,"depopulated_date":null,"status_now":null,"group_1945":null,"group_now":null,"mechanism":null,"references":{},"evidence":[{"source_id":"ocha_opt","title":"State of Palestine - Palestinian Communities in the West Bank and the Gaza Strip","url":"https://www.ochaopt.org/page/datasets-and-mapping-tools","document_date":"2019-07-17","retrieved":"2026-08-09"}]}},{"type":"Feature","geometry":{"type":"Point","coordinates":[35.136378,31.622903]},"properties":{"locality_id":"502530","name":"Al 'Arrub Camp","names":{"primary":"Al 'Arrub Camp","arabic":"مُخَيَّمْ العَرُّوب"},"district":"Hebron","subdistrict":null,"pop_1945_total":null,"pop_1945_palestinian":null,"in_east_jerusalem":false,"oslo_area":"A","population":[{"year":2017,"value":8941,"source_id":"ocha_opt"}],"depopulated_1948":false,"depopulated_date":null,"status_now":null,"group_1945":null,"group_now":null,"mechanism":null,"references":{},"evidence":[{"source_id":"ocha_opt","title":"State of Palestine - Palestinian Communities in the West Bank and the Gaza Strip","url":"https://www.ochaopt.org/page/datasets-and-mapping-tools","document_date":"2019-07-17","retrieved":"2026-08-09"}]}},{"type":"Feature","geometry":{"type":"Point","coordinates":[35.072241,31.885222]},"properties":{"locality_id":"301855","name":"Kharbatha al Misbah","names":{"primary":"Kharbatha al Misbah","arabic":"خَرْبَثا المِصْباح"},"district":"Ramallah","subdistrict":null,"pop_1945_total":null,"pop_1945_palestinian":null,"in_east_jerusalem":false,"oslo_area":"A","population":[{"year":2017,"value":6366,"source_id":"ocha_opt"}],"depopulated_1948":false,"depopulated_date":null,"status_now":null,"group_1945":null,"group_now":null,"mechanism":null,"references":{},"evidence":[{"source_id":"ocha_opt","title":"State of Palestine - Palestinian Communities in the West Bank and the Gaza Strip","url":"https://www.ochaopt.org/page/datasets-and-mapping-tools","document_date":"2019-07-17","retrieved":"2026-08-09"}]}},{"type":"Feature","geometry":{"type":"Point","coordinates":[35.079788,31.895923]},"properties":{"locality_id":"301820","name":"Beit 'Ur at Tahta","names":{"primary":"Beit 'Ur at Tahta","arabic":"بِيت عُوْرْ التَحْتَا"},"district":"Ramallah","subdistrict":null,"pop_1945_total":null,"pop_1945_palestinian":null,"in_east_jerusalem":false,"oslo_area":"A","population":[{"year":2017,"value":5040,"source_id":"ocha_opt"}],"depopulated_1948":false,"depopulated_date":null,"status_now":null,"group_1945":null,"group_now":null,"mechanism":null,"references":{},"evidence":[{"source_id":"ocha_opt","title":"State of Palestine - Palestinian Communities in the West Bank and the Gaza Strip","url":"https://www.ochaopt.org/page/datasets-and-mapping-tools","document_date":"2019-07-17","retrieved":"2026-08-09"}]}},{"type":"Feature","geometry":{"type":"Point","coordinates":[35.135391,31.453568]},"properties":{"locality_id":"503117","name":"Om Al Amad (Sahel Wadi Elma)","names":{"primary":"Om Al Amad (Sahel Wadi Elma)","arabic":"أم العمد (سهل واد الماء)"},"district":"Hebron","subdistrict":null,"pop_1945_total":null,"pop_1945_palestinian":null,"in_east_jerusalem":false,"oslo_area":"A","population":[{"year":2017,"value":400,"source_id":"ocha_opt"}],"depopulated_1948":false,"depopulated_date":null,"status_now":null,"group_1945":null,"group_now":null,"mechanism":null,"references":{},"evidence":[{"source_id":"ocha_opt","title":"State of Palestine - Palestinian Communities in the West Bank and the Gaza Strip","url":"https://www.ochaopt.org/page/datasets-and-mapping-tools","document_date":"2019-07-17","retrieved":"2026-08-09"}]}},{"type":"Feature","geometry":{"type":"Point","coordinates":[35.144763,31.442287]},"properties":{"locality_id":"503115","name":"Khallet al Maiyya","names":{"primary":"Khallet al Maiyya","arabic":"خَلِّةْ المَيِّة"},"district":"Hebron","subdistrict":null,"pop_1945_total":null,"pop_1945_palestinian":null,"in_east_jerusalem":false,"oslo_area":"A","population":[{"year":2017,"value":2149,"source_id":"ocha_opt"}],"depopulated_1948":false,"depopulated_date":null,"status_now":null,"group_1945":null,"group_now":null,"mechanism":null,"references":{},"evidence":[{"source_id":"ocha_opt","title":"State of Palestine - Palestinian Communities in the West Bank and the Gaza Strip","url":"https://www.ochaopt.org/page/datasets-and-mapping-tools","document_date":"2019-07-17","retrieved":"2026-08-09"}]}},{"type":"Feature","geometry":{"type":"Point","coordinates":[35.409026,31.842408]},"properties":{"locality_id":"351970","name":"Deir al Qilt","names":{"primary":"Deir al Qilt","arabic":"دِير القِلْط"},"district":"Jericho","subdistrict":null,"pop_1945_total":null,"pop_1945_palestinian":null,"in_east_jerusalem":false,"oslo_area":"C","population":[{"year":2017,"value":1,"source_id":"ocha_opt"}],"depopulated_1948":false,"depopulated_date":null,"status_now":null,"group_1945":null,"group_now":null,"mechanism":null,"references":{},"evidence":[{"source_id":"ocha_opt","title":"State of Palestine - Palestinian Communities in the West Bank and the Gaza Strip","url":"https://www.ochaopt.org/page/datasets-and-mapping-tools","document_date":"2019-07-17","retrieved":"2026-08-09"}]}},{"type":"Feature","geometry":{"type":"Point","coordinates":[35.359632,32.158645]},"properties":{"locality_id":"151200","name":"Yanun","names":{"primary":"Yanun","arabic":"يَانُون"},"district":"Nablus","subdistrict":null,"pop_1945_total":null,"pop_1945_palestinian":null,"in_east_jerusalem":false,"oslo_area":"C","population":[{"year":2017,"value":92,"source_id":"ocha_opt"}],"depopulated_1948":false,"depopulated_date":null,"status_now":null,"group_1945":null,"group_now":null,"mechanism":null,"references":{},"evidence":[{"source_id":"ocha_opt","title":"State of Palestine - Palestinian Communities in the West Bank and the Gaza Strip","url":"https://www.ochaopt.org/page/datasets-and-mapping-tools","document_date":"2019-07-17","retrieved":"2026-08-09"}]}},{"type":"Feature","geometry":{"type":"Point","coordinates":[35.424768,32.230096]},"properties":{"locality_id":"150885","name":"Ein Shibli","names":{"primary":"Ein Shibli","arabic":"عِيْن شِبْلِي"},"district":"Nablus","subdistrict":null,"pop_1945_total":null,"pop_1945_palestinian":null,"in_east_jerusalem":false,"oslo_area":"A","population":[{"year":2017,"value":313,"source_id":"ocha_opt"}],"depopulated_1948":false,"depopulated_date":null,"status_now":null,"group_1945":null,"group_now":null,"mechanism":null,"references":{},"evidence":[{"source_id":"ocha_opt","title":"State of Palestine - Palestinian Communities in the West Bank and the Gaza Strip","url":"https://www.ochaopt.org/page/datasets-and-mapping-tools","document_date":"2019-07-17","retrieved":"2026-08-09"}]}},{"type":"Feature","geometry":{"type":"Point","coordinates":[35.045681,32.284787]},"properties":{"locality_id":"100725","name":"Izbat Shufa","names":{"primary":"Izbat Shufa","arabic":"عِزْبَة شُوفَة"},"district":"Tulkarm","subdistrict":null,"pop_1945_total":null,"pop_1945_palestinian":null,"in_east_jerusalem":false,"oslo_area":"C","population":[{"year":2017,"value":1456,"source_id":"ocha_opt"}],"depopulated_1948":false,"depopulated_date":null,"status_now":null,"group_1945":null,"group_now":null,"mechanism":null,"references":{},"evidence":[{"source_id":"ocha_opt","title":"State of Palestine - Palestinian Communities in the West Bank and the Gaza Strip","url":"https://www.ochaopt.org/page/datasets-and-mapping-tools","document_date":"2019-07-17","retrieved":"2026-08-09"}]}},{"type":"Feature","geometry":{"type":"Point","coordinates":[35.231844,32.40898]},"properties":{"locality_id":"10335","name":"Al Hafira","names":{"primary":"Al Hafira","arabic":"الحَفِيرَة-حَفِيرَة عَرَّا"},"district":"Jenin","subdistrict":null,"pop_1945_total":null,"pop_1945_palestinian":null,"in_east_jerusalem":false,"oslo_area":"C","population":[{"year":2017,"value":88,"source_id":"ocha_opt"}],"depopulated_1948":false,"depopulated_date":null,"status_now":null,"group_1945":null,"group_now":null,"mechanism":null,"references":{},"evidence":[{"source_id":"ocha_opt","title":"State of Palestine - Palestinian Communities in the West Bank and the Gaza Strip","url":"https://www.ochaopt.org/page/datasets-and-mapping-tools","document_date":"2019-07-17","retrieved":"2026-08-09"}]}},{"type":"Feature","geometry":{"type":"Point","coordinates":[35.112948,32.461082]},"properties":{"locality_id":"10175","name":"Khirbet al Muntar al Gharbiya","names":{"primary":"Khirbet al Muntar al Gharbiya","arabic":"خِرْبِة المُنْطَار الغَرْب"},"district":"Jenin","subdistrict":null,"pop_1945_total":null,"pop_1945_palestinian":null,"in_east_jerusalem":false,"oslo_area":"C","population":[{"year":2017,"value":38,"source_id":"ocha_opt"}],"depopulated_1948":false,"depopulated_date":null,"status_now":null,"group_1945":null,"group_now":null,"mechanism":null,"references":{},"evidence":[{"source_id":"ocha_opt","title":"State of Palestine - Palestinian Communities in the West Bank and the Gaza Strip","url":"https://www.ochaopt.org/page/datasets-and-mapping-tools","document_date":"2019-07-17","retrieved":"2026-08-09"}]}},{"type":"Feature","geometry":{"type":"Point","coordinates":[35.122318,32.458827]},"properties":{"locality_id":"10205","name":"Khirbet al Muntar ash Sharqiya","names":{"primary":"Khirbet al Muntar ash Sharqiya","arabic":"خِرْبِة المُنْطَار الشَرْق"},"district":"Jenin","subdistrict":null,"pop_1945_total":null,"pop_1945_palestinian":null,"in_east_jerusalem":false,"oslo_area":"C","population":[{"year":2017,"value":33,"source_id":"ocha_opt"}],"depopulated_1948":false,"depopulated_date":null,"status_now":null,"group_1945":null,"group_now":null,"mechanism":null,"references":{},"evidence":[{"source_id":"ocha_opt","title":"State of Palestine - Palestinian Communities in the West Bank and the Gaza Strip","url":"https://www.ochaopt.org/page/datasets-and-mapping-tools","document_date":"2019-07-17","retrieved":"2026-08-09"}]}},{"type":"Feature","geometry":{"type":"Point","coordinates":[35.435685,32.308175]},"properties":{"locality_id":"50656","name":"Khirbet Yarza","names":{"primary":"Khirbet Yarza","arabic":"خِرْبِة يَرْزَة"},"district":"Tubas","subdistrict":null,"pop_1945_total":null,"pop_1945_palestinian":null,"in_east_jerusalem":false,"oslo_area":"C","population":[{"year":2017,"value":31,"source_id":"ocha_opt"}],"depopulated_1948":false,"depopulated_date":null,"status_now":null,"group_1945":null,"group_now":null,"mechanism":null,"references":{},"evidence":[{"source_id":"ocha_opt","title":"State of Palestine - Palestinian Communities in the West Bank and the Gaza Strip","url":"https://www.ochaopt.org/page/datasets-and-mapping-tools","document_date":"2019-07-17","retrieved":"2026-08-09"}]}},{"type":"Feature","geometry":{"type":"Point","coordinates":[35.228587,32.406322]},"properties":{"locality_id":"10365","name":"Ad Damayra","names":{"primary":"Ad Damayra","arabic":"الضَمايْرَة"},"district":"Jenin","subdistrict":null,"pop_1945_total":null,"pop_1945_palestinian":null,"in_east_jerusalem":false,"oslo_area":"C","population":[{"year":2017,"value":247,"source_id":"ocha_opt"}],"depopulated_1948":false,"depopulated_date":null,"status_now":null,"group_1945":null,"group_now":null,"mechanism":null,"references":{},"evidence":[{"source_id":"ocha_opt","title":"State of Palestine - Palestinian Communities in the West Bank and the Gaza Strip","url":"https://www.ochaopt.org/page/datasets-and-mapping-tools","document_date":"2019-07-17","retrieved":"2026-08-09"}]}},{"type":"Feature","geometry":{"type":"Point","coordinates":[35.11093,32.449875]},"properties":{"locality_id":"10255","name":"Qeiqis al Qsur","names":{"primary":"Qeiqis al Qsur","arabic":"قِيقس-القُصُور"},"district":"Jenin","subdistrict":null,"pop_1945_total":null,"pop_1945_palestinian":null,"in_east_jerusalem":false,"oslo_area":"C","population":[{"year":2017,"value":32,"source_id":"ocha_opt"}],"depopulated_1948":false,"depopulated_date":null,"status_now":null,"group_1945":null,"group_now":null,"mechanism":null,"references":{},"evidence":[{"source_id":"ocha_opt","title":"State of Palestine - Palestinian Communities in the West Bank and the Gaza Strip","url":"https://www.ochaopt.org/page/datasets-and-mapping-tools","document_date":"2019-07-17","retrieved":"2026-08-09"}]}},{"type":"Feature","geometry":{"type":"Point","coordinates":[35.327462,32.435599]},"properties":{"locality_id":"10280","name":"Khirbet Sab'ein","names":{"primary":"Khirbet Sab'ein","arabic":"خِرْبِة سَبْعِين"},"district":"Jenin","subdistrict":null,"pop_1945_total":null,"pop_1945_palestinian":null,"in_east_jerusalem":false,"oslo_area":"C","population":[{"year":2017,"value":67,"source_id":"ocha_opt"}],"depopulated_1948":false,"depopulated_date":null,"status_now":null,"group_1945":null,"group_now":null,"mechanism":null,"references":{},"evidence":[{"source_id":"ocha_opt","title":"State of Palestine - Palestinian Communities in the West Bank and the Gaza Strip","url":"https://www.ochaopt.org/page/datasets-and-mapping-tools","document_date":"2019-07-17","retrieved":"2026-08-09"}]}},{"type":"Feature","geometry":{"type":"Point","coordinates":[35.19673,32.487518]},"properties":{"locality_id":"10070","name":"Khirbet Suruj","names":{"primary":"Khirbet Suruj","arabic":"خِرْبَة سُرُوج"},"district":"Jenin","subdistrict":null,"pop_1945_total":null,"pop_1945_palestinian":null,"in_east_jerusalem":false,"oslo_area":"C","population":[{"year":2017,"value":35,"source_id":"ocha_opt"}],"depopulated_1948":false,"depopulated_date":null,"status_now":null,"group_1945":null,"group_now":null,"mechanism":null,"references":{},"evidence":[{"source_id":"ocha_opt","title":"State of Palestine - Palestinian Communities in the West Bank and the Gaza Strip","url":"https://www.ochaopt.org/page/datasets-and-mapping-tools","document_date":"2019-07-17","retrieved":"2026-08-09"}]}},{"type":"Feature","geometry":{"type":"Point","coordinates":[35.050015,32.165262]},"properties":{"locality_id":"201116","name":"Arab Al Khouli/Wadi Kana","names":{"primary":"Arab Al Khouli/Wadi Kana"},"district":"Salfit","subdistrict":null,"pop_1945_total":null,"pop_1945_palestinian":null,"in_east_jerusalem":false,"oslo_area":"C","population":[{"year":2017,"value":11,"source_id":"ocha_opt"}],"depopulated_1948":false,"depopulated_date":null,"status_now":null,"group_1945":null,"group_now":null,"mechanism":null,"references":{},"evidence":[{"source_id":"ocha_opt","title":"State of Palestine - Palestinian Communities in the West Bank and the Gaza Strip","url":"https://www.ochaopt.org/page/datasets-and-mapping-tools","document_date":"2019-07-17","retrieved":"2026-08-09"}]}},{"type":"Feature","geometry":{"type":"Point","coordinates":[35.115437,31.884959]},"properties":{"locality_id":"301860","name":"Beit 'Ur al Fauqa","names":{"primary":"Beit 'Ur al Fauqa","arabic":"بِيت عُوْر الفُوقَا"},"district":"Ramallah","subdistrict":null,"pop_1945_total":null,"pop_1945_palestinian":null,"in_east_jerusalem":false,"oslo_area":"A","population":[{"year":2017,"value":1049,"source_id":"ocha_opt"}],"depopulated_1948":false,"depopulated_date":null,"status_now":null,"group_1945":null,"group_now":null,"mechanism":null,"references":{},"evidence":[{"source_id":"ocha_opt","title":"State of Palestine - Palestinian Communities in the West Bank and the Gaza Strip","url":"https://www.ochaopt.org/page/datasets-and-mapping-tools","document_date":"2019-07-17","retrieved":"2026-08-09"}]}},{"type":"Feature","geometry":{"type":"Point","coordinates":[35.12575,31.870465]},"properties":{"locality_id":"301890","name":"At Tira","names":{"primary":"At Tira","arabic":"الطيرَة"},"district":"Ramallah","subdistrict":null,"pop_1945_total":null,"pop_1945_palestinian":null,"in_east_jerusalem":false,"oslo_area":"A","population":[{"year":2017,"value":1504,"source_id":"ocha_opt"}],"depopulated_1948":false,"depopulated_date":null,"status_now":null,"group_1945":null,"group_now":null,"mechanism":null,"references":{},"evidence":[{"source_id":"ocha_opt","title":"State of Palestine - Palestinian Communities in the West Bank and the Gaza Strip","url":"https://www.ochaopt.org/page/datasets-and-mapping-tools","document_date":"2019-07-17","retrieved":"2026-08-09"}]}},{"type":"Feature","geometry":{"type":"Point","coordinates":[35.13168,31.858556]},"properties":{"locality_id":"401930","name":"Beit Duqqu","names":{"primary":"Beit Duqqu","arabic":"بِيت دُقُّو"},"district":"Jerusalem","subdistrict":null,"pop_1945_total":null,"pop_1945_palestinian":null,"in_east_jerusalem":false,"oslo_area":"A","population":[{"year":2017,"value":1754,"source_id":"ocha_opt"}],"depopulated_1948":false,"depopulated_date":null,"status_now":null,"group_1945":null,"group_now":null,"mechanism":null,"references":{},"evidence":[{"source_id":"ocha_opt","title":"State of Palestine - Palestinian Communities in the West Bank and the Gaza Strip","url":"https://www.ochaopt.org/page/datasets-and-mapping-tools","document_date":"2019-07-17","retrieved":"2026-08-09"}]}},{"type":"Feature","geometry":{"type":"Point","coordinates":[35.228291,31.870046]},"properties":{"locality_id":"401900","name":"Qalandiya Camp","names":{"primary":"Qalandiya Camp","arabic":"مُخَيَّمْ قَلَنْدِيَا"},"district":"Jerusalem","subdistrict":null,"pop_1945_total":null,"pop_1945_palestinian":null,"in_east_jerusalem":false,"oslo_area":"C","population":[{"year":2017,"value":8336,"source_id":"ocha_opt"}],"depopulated_1948":false,"depopulated_date":null,"status_now":null,"group_1945":null,"group_now":null,"mechanism":null,"references":{},"evidence":[{"source_id":"ocha_opt","title":"State of Palestine - Palestinian Communities in the West Bank and the Gaza Strip","url":"https://www.ochaopt.org/page/datasets-and-mapping-tools","document_date":"2019-07-17","retrieved":"2026-08-09"}]}},{"type":"Feature","geometry":{"type":"Point","coordinates":[35.192891,31.871233]},"properties":{"locality_id":"401870","name":"Rafat","names":{"primary":"Rafat","arabic":"رَافَات"},"district":"Jerusalem","subdistrict":null,"pop_1945_total":null,"pop_1945_palestinian":null,"in_east_jerusalem":false,"oslo_area":"A","population":[{"year":2017,"value":2941,"source_id":"ocha_opt"}],"depopulated_1948":false,"depopulated_date":null,"status_now":null,"group_1945":null,"group_now":null,"mechanism":null,"references":{},"evidence":[{"source_id":"ocha_opt","title":"State of Palestine - Palestinian Communities in the West Bank and the Gaza Strip","url":"https://www.ochaopt.org/page/datasets-and-mapping-tools","document_date":"2019-07-17","retrieved":"2026-08-09"}]}},{"type":"Feature","geometry":{"type":"Point","coordinates":[35.207339,31.863129]},"properties":{"locality_id":"401915","name":"Qalandiya","names":{"primary":"Qalandiya","arabic":"قَلَنْدِيَا"},"district":"Jerusalem","subdistrict":null,"pop_1945_total":null,"pop_1945_palestinian":null,"in_east_jerusalem":false,"oslo_area":"A","population":[{"year":2017,"value":572,"source_id":"ocha_opt"}],"depopulated_1948":false,"depopulated_date":null,"status_now":null,"group_1945":null,"group_now":null,"mechanism":null,"references":{},"evidence":[{"source_id":"ocha_opt","title":"State of Palestine - Palestinian Communities in the West Bank and the Gaza Strip","url":"https://www.ochaopt.org/page/datasets-and-mapping-tools","document_date":"2019-07-17","retrieved":"2026-08-09"}]}},{"type":"Feature","geometry":{"type":"Point","coordinates":[35.197118,31.855999]},"properties":{"locality_id":"401940","name":"Al Judeira","names":{"primary":"Al Judeira","arabic":"الجُدَيْرَة"},"district":"Jerusalem","subdistrict":null,"pop_1945_total":null,"pop_1945_palestinian":null,"in_east_jerusalem":false,"oslo_area":"A","population":[{"year":2017,"value":2634,"source_id":"ocha_opt"}],"depopulated_1948":false,"depopulated_date":null,"status_now":null,"group_1945":null,"group_now":null,"mechanism":null,"references":{},"evidence":[{"source_id":"ocha_opt","title":"State of Palestine - Palestinian Communities in the West Bank and the Gaza Strip","url":"https://www.ochaopt.org/page/datasets-and-mapping-tools","document_date":"2019-07-17","retrieved":"2026-08-09"}]}},{"type":"Feature","geometry":{"type":"Point","coordinates":[35.181707,31.851276]},"properties":{"locality_id":"401955","name":"Al Jib","names":{"primary":"Al Jib","arabic":"الجِيْب"},"district":"Jerusalem","subdistrict":null,"pop_1945_total":null,"pop_1945_palestinian":null,"in_east_jerusalem":false,"oslo_area":"A","population":[{"year":2017,"value":4132,"source_id":"ocha_opt"}],"depopulated_1948":false,"depopulated_date":null,"status_now":null,"group_1945":null,"group_now":null,"mechanism":null,"references":{},"evidence":[{"source_id":"ocha_opt","title":"State of Palestine - Palestinian Communities in the West Bank and the Gaza Strip","url":"https://www.ochaopt.org/page/datasets-and-mapping-tools","document_date":"2019-07-17","retrieved":"2026-08-09"}]}},{"type":"Feature","geometry":{"type":"Point","coordinates":[35.210794,31.89395]},"properties":{"locality_id":"301830","name":"Al Am'ari Camp","names":{"primary":"Al Am'ari Camp","arabic":"مُخَيَّمْ الأَمْعَرِي"},"district":"Ramallah","subdistrict":null,"pop_1945_total":null,"pop_1945_palestinian":null,"in_east_jerusalem":false,"oslo_area":"A","population":[{"year":2017,"value":4725,"source_id":"ocha_opt"}],"depopulated_1948":false,"depopulated_date":null,"status_now":null,"group_1945":null,"group_now":null,"mechanism":null,"references":{},"evidence":[{"source_id":"ocha_opt","title":"State of Palestine - Palestinian Communities in the West Bank and the Gaza Strip","url":"https://www.ochaopt.org/page/datasets-and-mapping-tools","document_date":"2019-07-17","retrieved":"2026-08-09"}]}},{"type":"Feature","geometry":{"type":"Point","coordinates":[35.193354,31.90457]},"properties":{"locality_id":"301810","name":"Ramallah","names":{"primary":"Ramallah","arabic":"رامَ الله"},"district":"Ramallah","subdistrict":null,"pop_1945_total":null,"pop_1945_palestinian":null,"in_east_jerusalem":false,"oslo_area":"A","population":[{"year":2017,"value":38998,"source_id":"ocha_opt"}],"depopulated_1948":false,"depopulated_date":null,"status_now":null,"group_1945":null,"group_now":null,"mechanism":null,"references":{},"evidence":[{"source_id":"ocha_opt","title":"State of Palestine - Palestinian Communities in the West Bank and the Gaza Strip","url":"https://www.ochaopt.org/page/datasets-and-mapping-tools","document_date":"2019-07-17","retrieved":"2026-08-09"}]}},{"type":"Feature","geometry":{"type":"Point","coordinates":[35.235057,31.851361]},"properties":{"locality_id":"401945","name":"Ar Ram & Dahiyat al Bareed","names":{"primary":"Ar Ram & Dahiyat al Bareed","arabic":"الرَام وضَاحِيَة البَريد"},"district":"Jerusalem","subdistrict":null,"pop_1945_total":null,"pop_1945_palestinian":null,"in_east_jerusalem":false,"oslo_area":"A","population":[{"year":2017,"value":15764,"source_id":"ocha_opt"}],"depopulated_1948":false,"depopulated_date":null,"status_now":null,"group_1945":null,"group_now":null,"mechanism":null,"references":{},"evidence":[{"source_id":"ocha_opt","title":"State of Palestine - Palestinian Communities in the West Bank and the Gaza Strip","url":"https://www.ochaopt.org/page/datasets-and-mapping-tools","document_date":"2019-07-17","retrieved":"2026-08-09"}]}},{"type":"Feature","geometry":{"type":"Point","coordinates":[35.277307,31.872124]},"properties":{"locality_id":"401885","name":"Mikhmas","names":{"primary":"Mikhmas","arabic":"مِخْمَاس"},"district":"Jerusalem","subdistrict":null,"pop_1945_total":null,"pop_1945_palestinian":null,"in_east_jerusalem":false,"oslo_area":"A","population":[{"year":2017,"value":1363,"source_id":"ocha_opt"}],"depopulated_1948":false,"depopulated_date":null,"status_now":null,"group_1945":null,"group_now":null,"mechanism":null,"references":{},"evidence":[{"source_id":"ocha_opt","title":"State of Palestine - Palestinian Communities in the West Bank and the Gaza Strip","url":"https://www.ochaopt.org/page/datasets-and-mapping-tools","document_date":"2019-07-17","retrieved":"2026-08-09"}]}},{"type":"Feature","geometry":{"type":"Point","coordinates":[35.331787,32.287377]},"properties":{"locality_id":"50670","name":"Ras al Far'a","names":{"primary":"Ras al Far'a","arabic":"رَاس الفارْعَةْ"},"district":"Tubas","subdistrict":null,"pop_1945_total":null,"pop_1945_palestinian":null,"in_east_jerusalem":false,"oslo_area":"A","population":[{"year":2017,"value":1250,"source_id":"ocha_opt"}],"depopulated_1948":false,"depopulated_date":null,"status_now":null,"group_1945":null,"group_now":null,"mechanism":null,"references":{},"evidence":[{"source_id":"ocha_opt","title":"State of Palestine - Palestinian Communities in the West Bank and the Gaza Strip","url":"https://www.ochaopt.org/page/datasets-and-mapping-tools","document_date":"2019-07-17","retrieved":"2026-08-09"}]}},{"type":"Feature","geometry":{"type":"Point","coordinates":[35.384176,32.282093]},"properties":{"locality_id":"50755","name":"Tammun","names":{"primary":"Tammun","arabic":"طَمُّون"},"district":"Tubas","subdistrict":null,"pop_1945_total":null,"pop_1945_palestinian":null,"in_east_jerusalem":false,"oslo_area":"A","population":[{"year":2017,"value":13117,"source_id":"ocha_opt"}],"depopulated_1948":false,"depopulated_date":null,"status_now":null,"group_1945":null,"group_now":null,"mechanism":null,"references":{},"evidence":[{"source_id":"ocha_opt","title":"State of Palestine - Palestinian Communities in the West Bank and the Gaza Strip","url":"https://www.ochaopt.org/page/datasets-and-mapping-tools","document_date":"2019-07-17","retrieved":"2026-08-09"}]}},{"type":"Feature","geometry":{"type":"Point","coordinates":[35.05888,32.317811]},"properties":{"locality_id":"100620","name":"Nur Shams Camp","names":{"primary":"Nur Shams Camp","arabic":"مُخَيَّم نُورْ شَمْس"},"district":"Tulkarm","subdistrict":null,"pop_1945_total":null,"pop_1945_palestinian":null,"in_east_jerusalem":false,"oslo_area":"A","population":[{"year":2017,"value":6423,"source_id":"ocha_opt"}],"depopulated_1948":false,"depopulated_date":null,"status_now":null,"group_1945":null,"group_now":null,"mechanism":null,"references":{},"evidence":[{"source_id":"ocha_opt","title":"State of Palestine - Palestinian Communities in the West Bank and the Gaza Strip","url":"https://www.ochaopt.org/page/datasets-and-mapping-tools","document_date":"2019-07-17","retrieved":"2026-08-09"}]}},{"type":"Feature","geometry":{"type":"Point","coordinates":[35.03502,32.313782]},"properties":{"locality_id":"100635","name":"Tulkarm Camp","names":{"primary":"Tulkarm Camp","arabic":"مُخَيَّم طُولكَرْم"},"district":"Tulkarm","subdistrict":null,"pop_1945_total":null,"pop_1945_palestinian":null,"in_east_jerusalem":false,"oslo_area":"A","population":[{"year":2017,"value":9931,"source_id":"ocha_opt"}],"depopulated_1948":false,"depopulated_date":null,"status_now":null,"group_1945":null,"group_now":null,"mechanism":null,"references":{},"evidence":[{"source_id":"ocha_opt","title":"State of Palestine - Palestinian Communities in the West Bank and the Gaza Strip","url":"https://www.ochaopt.org/page/datasets-and-mapping-tools","document_date":"2019-07-17","retrieved":"2026-08-09"}]}},{"type":"Feature","geometry":{"type":"Point","coordinates":[35.031083,32.314199]},"properties":{"locality_id":"100645","name":"Tulkarm","names":{"primary":"Tulkarm","arabic":"طُولكَرْم"},"district":"Tulkarm","subdistrict":null,"pop_1945_total":null,"pop_1945_palestinian":null,"in_east_jerusalem":false,"oslo_area":"A","population":[{"year":2017,"value":36722,"source_id":"ocha_opt"}],"depopulated_1948":false,"depopulated_date":null,"status_now":null,"group_1945":null,"group_now":null,"mechanism":null,"references":{},"evidence":[{"source_id":"ocha_opt","title":"State of Palestine - Palestinian Communities in the West Bank and the Gaza Strip","url":"https://www.ochaopt.org/page/datasets-and-mapping-tools","document_date":"2019-07-17","retrieved":"2026-08-09"}]}},{"type":"Feature","geometry":{"type":"Point","coordinates":[35.050238,32.344923]},"properties":{"locality_id":"100545","name":"Al Jarushiya","names":{"primary":"Al Jarushiya","arabic":"الجاروشِيَّة"},"district":"Tulkarm","subdistrict":null,"pop_1945_total":null,"pop_1945_palestinian":null,"in_east_jerusalem":false,"oslo_area":"C","population":[{"year":2017,"value":1183,"source_id":"ocha_opt"}],"depopulated_1948":false,"depopulated_date":null,"status_now":null,"group_1945":null,"group_now":null,"mechanism":null,"references":{},"evidence":[{"source_id":"ocha_opt","title":"State of Palestine - Palestinian Communities in the West Bank and the Gaza Strip","url":"https://www.ochaopt.org/page/datasets-and-mapping-tools","document_date":"2019-07-17","retrieved":"2026-08-09"}]}},{"type":"Feature","geometry":{"type":"Point","coordinates":[35.056185,32.326932]},"properties":{"locality_id":"100595","name":"Iktaba","names":{"primary":"Iktaba","arabic":"إكتَابَا"},"district":"Tulkarm","subdistrict":null,"pop_1945_total":null,"pop_1945_palestinian":null,"in_east_jerusalem":false,"oslo_area":"A","population":[{"year":2017,"value":2997,"source_id":"ocha_opt"}],"depopulated_1948":false,"depopulated_date":null,"status_now":null,"group_1945":null,"group_now":null,"mechanism":null,"references":{},"evidence":[{"source_id":"ocha_opt","title":"State of Palestine - Palestinian Communities in the West Bank and the Gaza Strip","url":"https://www.ochaopt.org/page/datasets-and-mapping-tools","document_date":"2019-07-17","retrieved":"2026-08-09"}]}},{"type":"Feature","geometry":{"type":"Point","coordinates":[35.110702,32.33349]},"properties":{"locality_id":"100570","name":"Bal'a","names":{"primary":"Bal'a","arabic":"بَلْعا"},"district":"Tulkarm","subdistrict":null,"pop_1945_total":null,"pop_1945_palestinian":null,"in_east_jerusalem":false,"oslo_area":"A","population":[{"year":2017,"value":7822,"source_id":"ocha_opt"}],"depopulated_1948":false,"depopulated_date":null,"status_now":null,"group_1945":null,"group_now":null,"mechanism":null,"references":{},"evidence":[{"source_id":"ocha_opt","title":"State of Palestine - Palestinian Communities in the West Bank and the Gaza Strip","url":"https://www.ochaopt.org/page/datasets-and-mapping-tools","document_date":"2019-07-17","retrieved":"2026-08-09"}]}},{"type":"Feature","geometry":{"type":"Point","coordinates":[35.116552,32.306952]},"properties":{"locality_id":"100665","name":"Anabta","names":{"primary":"Anabta","arabic":"عَنَبْتا"},"district":"Tulkarm","subdistrict":null,"pop_1945_total":null,"pop_1945_palestinian":null,"in_east_jerusalem":false,"oslo_area":"A","population":[{"year":2017,"value":7271,"source_id":"ocha_opt"}],"depopulated_1948":false,"depopulated_date":null,"status_now":null,"group_1945":null,"group_now":null,"mechanism":null,"references":{},"evidence":[{"source_id":"ocha_opt","title":"State of Palestine - Palestinian Communities in the West Bank and the Gaza Strip","url":"https://www.ochaopt.org/page/datasets-and-mapping-tools","document_date":"2019-07-17","retrieved":"2026-08-09"}]}},{"type":"Feature","geometry":{"type":"Point","coordinates":[35.162517,32.326478]},"properties":{"locality_id":"10590","name":"Al 'Attara","names":{"primary":"Al 'Attara","arabic":"العطَّارَة"},"district":"Jenin","subdistrict":null,"pop_1945_total":null,"pop_1945_palestinian":null,"in_east_jerusalem":false,"oslo_area":"A","population":[{"year":2017,"value":1244,"source_id":"ocha_opt"}],"depopulated_1948":false,"depopulated_date":null,"status_now":null,"group_1945":null,"group_now":null,"mechanism":null,"references":{},"evidence":[{"source_id":"ocha_opt","title":"State of Palestine - Palestinian Communities in the West Bank and the Gaza Strip","url":"https://www.ochaopt.org/page/datasets-and-mapping-tools","document_date":"2019-07-17","retrieved":"2026-08-09"}]}},{"type":"Feature","geometry":{"type":"Point","coordinates":[35.187982,32.320959]},"properties":{"locality_id":"10625","name":"Silat adh Dhahr","names":{"primary":"Silat adh Dhahr","arabic":"سيلَة الظَهْر"},"district":"Jenin","subdistrict":null,"pop_1945_total":null,"pop_1945_palestinian":null,"in_east_jerusalem":false,"oslo_area":"A","population":[{"year":2017,"value":7406,"source_id":"ocha_opt"}],"depopulated_1948":false,"depopulated_date":null,"status_now":null,"group_1945":null,"group_now":null,"mechanism":null,"references":{},"evidence":[{"source_id":"ocha_opt","title":"State of Palestine - Palestinian Communities in the West Bank and the Gaza Strip","url":"https://www.ochaopt.org/page/datasets-and-mapping-tools","document_date":"2019-07-17","retrieved":"2026-08-09"}]}},{"type":"Feature","geometry":{"type":"Point","coordinates":[35.222246,32.326302]},"properties":{"locality_id":"10605","name":"Jaba'","names":{"primary":"Jaba'","arabic":"جَبَعْ"},"district":"Jenin","subdistrict":null,"pop_1945_total":null,"pop_1945_palestinian":null,"in_east_jerusalem":false,"oslo_area":"A","population":[{"year":2017,"value":10413,"source_id":"ocha_opt"}],"depopulated_1948":false,"depopulated_date":null,"status_now":null,"group_1945":null,"group_now":null,"mechanism":null,"references":{},"evidence":[{"source_id":"ocha_opt","title":"State of Palestine - Palestinian Communities in the West Bank and the Gaza Strip","url":"https://www.ochaopt.org/page/datasets-and-mapping-tools","document_date":"2019-07-17","retrieved":"2026-08-09"}]}},{"type":"Feature","geometry":{"type":"Point","coordinates":[35.203129,32.321486]},"properties":{"locality_id":"10615","name":"Al Fandaqumiya","names":{"primary":"Al Fandaqumiya","arabic":"الفَنْدَقُومِيَّة"},"district":"Jenin","subdistrict":null,"pop_1945_total":null,"pop_1945_palestinian":null,"in_east_jerusalem":false,"oslo_area":"A","population":[{"year":2017,"value":4265,"source_id":"ocha_opt"}],"depopulated_1948":false,"depopulated_date":null,"status_now":null,"group_1945":null,"group_now":null,"mechanism":null,"references":{},"evidence":[{"source_id":"ocha_opt","title":"State of Palestine - Palestinian Communities in the West Bank and the Gaza Strip","url":"https://www.ochaopt.org/page/datasets-and-mapping-tools","document_date":"2019-07-17","retrieved":"2026-08-09"}]}},{"type":"Feature","geometry":{"type":"Point","coordinates":[35.204181,32.329432]},"properties":{"locality_id":"10585","name":"Al 'Asa'asa","names":{"primary":"Al 'Asa'asa","arabic":"العَصاعْصَة"},"district":"Jenin","subdistrict":null,"pop_1945_total":null,"pop_1945_palestinian":null,"in_east_jerusalem":false,"oslo_area":"A","population":[{"year":2017,"value":571,"source_id":"ocha_opt"}],"depopulated_1948":false,"depopulated_date":null,"status_now":null,"group_1945":null,"group_now":null,"mechanism":null,"references":{},"evidence":[{"source_id":"ocha_opt","title":"State of Palestine - Palestinian Communities in the West Bank and the Gaza Strip","url":"https://www.ochaopt.org/page/datasets-and-mapping-tools","document_date":"2019-07-17","retrieved":"2026-08-09"}]}},{"type":"Feature","geometry":{"type":"Point","coordinates":[35.290837,32.328028]},"properties":{"locality_id":"10600","name":"Siris","names":{"primary":"Siris","arabic":"سِيرِيس"},"district":"Jenin","subdistrict":null,"pop_1945_total":null,"pop_1945_palestinian":null,"in_east_jerusalem":false,"oslo_area":"A","population":[{"year":2017,"value":6020,"source_id":"ocha_opt"}],"depopulated_1948":false,"depopulated_date":null,"status_now":null,"group_1945":null,"group_now":null,"mechanism":null,"references":{},"evidence":[{"source_id":"ocha_opt","title":"State of Palestine - Palestinian Communities in the West Bank and the Gaza Strip","url":"https://www.ochaopt.org/page/datasets-and-mapping-tools","document_date":"2019-07-17","retrieved":"2026-08-09"}]}},{"type":"Feature","geometry":{"type":"Point","coordinates":[35.303093,32.33647]},"properties":{"locality_id":"10565","name":"Al Judeida","names":{"primary":"Al Judeida","arabic":"الجُدَيِّدَة"},"district":"Jenin","subdistrict":null,"pop_1945_total":null,"pop_1945_palestinian":null,"in_east_jerusalem":false,"oslo_area":"A","population":[{"year":2017,"value":5950,"source_id":"ocha_opt"}],"depopulated_1948":false,"depopulated_date":null,"status_now":null,"group_1945":null,"group_now":null,"mechanism":null,"references":{},"evidence":[{"source_id":"ocha_opt","title":"State of Palestine - Palestinian Communities in the West Bank and the Gaza Strip","url":"https://www.ochaopt.org/page/datasets-and-mapping-tools","document_date":"2019-07-17","retrieved":"2026-08-09"}]}},{"type":"Feature","geometry":{"type":"Point","coordinates":[35.397568,32.33978]},"properties":{"locality_id":"50550","name":"Tayasir","names":{"primary":"Tayasir","arabic":"تَياسِير"},"district":"Tubas","subdistrict":null,"pop_1945_total":null,"pop_1945_palestinian":null,"in_east_jerusalem":false,"oslo_area":"A","population":[{"year":2017,"value":2878,"source_id":"ocha_opt"}],"depopulated_1948":false,"depopulated_date":null,"status_now":null,"group_1945":null,"group_now":null,"mechanism":null,"references":{},"evidence":[{"source_id":"ocha_opt","title":"State of Palestine - Palestinian Communities in the West Bank and the Gaza Strip","url":"https://www.ochaopt.org/page/datasets-and-mapping-tools","document_date":"2019-07-17","retrieved":"2026-08-09"}]}},{"type":"Feature","geometry":{"type":"Point","coordinates":[35.371094,32.321008]},"properties":{"locality_id":"50610","name":"Tubas","names":{"primary":"Tubas","arabic":"طُوبَاس"},"district":"Tubas","subdistrict":null,"pop_1945_total":null,"pop_1945_palestinian":null,"in_east_jerusalem":false,"oslo_area":"A","population":[{"year":2017,"value":19200,"source_id":"ocha_opt"}],"depopulated_1948":false,"depopulated_date":null,"status_now":null,"group_1945":null,"group_now":null,"mechanism":null,"references":{},"evidence":[{"source_id":"ocha_opt","title":"State of Palestine - Palestinian Communities in the West Bank and the Gaza Strip","url":"https://www.ochaopt.org/page/datasets-and-mapping-tools","document_date":"2019-07-17","retrieved":"2026-08-09"}]}},{"type":"Feature","geometry":{"type":"Point","coordinates":[35.324091,32.385075]},"properties":{"locality_id":"10435","name":"Az Zababida","names":{"primary":"Az Zababida","arabic":"الزَبابِدَة"},"district":"Jenin","subdistrict":null,"pop_1945_total":null,"pop_1945_palestinian":null,"in_east_jerusalem":false,"oslo_area":"A","population":[{"year":2017,"value":4261,"source_id":"ocha_opt"}],"depopulated_1948":false,"depopulated_date":null,"status_now":null,"group_1945":null,"group_now":null,"mechanism":null,"references":{},"evidence":[{"source_id":"ocha_opt","title":"State of Palestine - Palestinian Communities in the West Bank and the Gaza Strip","url":"https://www.ochaopt.org/page/datasets-and-mapping-tools","document_date":"2019-07-17","retrieved":"2026-08-09"}]}},{"type":"Feature","geometry":{"type":"Point","coordinates":[35.314656,32.363032]},"properties":{"locality_id":"10495","name":"Sir","names":{"primary":"Sir","arabic":"صِير"},"district":"Jenin","subdistrict":null,"pop_1945_total":null,"pop_1945_palestinian":null,"in_east_jerusalem":false,"oslo_area":"A","population":[{"year":2017,"value":810,"source_id":"ocha_opt"}],"depopulated_1948":false,"depopulated_date":null,"status_now":null,"group_1945":null,"group_now":null,"mechanism":null,"references":{},"evidence":[{"source_id":"ocha_opt","title":"State of Palestine - Palestinian Communities in the West Bank and the Gaza Strip","url":"https://www.ochaopt.org/page/datasets-and-mapping-tools","document_date":"2019-07-17","retrieved":"2026-08-09"}]}},{"type":"Feature","geometry":{"type":"Point","coordinates":[35.377326,32.38856]},"properties":{"locality_id":"10405","name":"Raba","names":{"primary":"Raba","arabic":"رَابا"},"district":"Jenin","subdistrict":null,"pop_1945_total":null,"pop_1945_palestinian":null,"in_east_jerusalem":false,"oslo_area":"A","population":[{"year":2017,"value":3882,"source_id":"ocha_opt"}],"depopulated_1948":false,"depopulated_date":null,"status_now":null,"group_1945":null,"group_now":null,"mechanism":null,"references":{},"evidence":[{"source_id":"ocha_opt","title":"State of Palestine - Palestinian Communities in the West Bank and the Gaza Strip","url":"https://www.ochaopt.org/page/datasets-and-mapping-tools","document_date":"2019-07-17","retrieved":"2026-08-09"}]}},{"type":"Feature","geometry":{"type":"Point","coordinates":[35.349764,32.35057]},"properties":{"locality_id":"50535","name":"Aqqaba","names":{"primary":"Aqqaba","arabic":"عَقَّابَه"},"district":"Tubas","subdistrict":null,"pop_1945_total":null,"pop_1945_palestinian":null,"in_east_jerusalem":false,"oslo_area":"A","population":[{"year":2017,"value":8239,"source_id":"ocha_opt"}],"depopulated_1948":false,"depopulated_date":null,"status_now":null,"group_1945":null,"group_now":null,"mechanism":null,"references":{},"evidence":[{"source_id":"ocha_opt","title":"State of Palestine - Palestinian Communities in the West Bank and the Gaza Strip","url":"https://www.ochaopt.org/page/datasets-and-mapping-tools","document_date":"2019-07-17","retrieved":"2026-08-09"}]}},{"type":"Feature","geometry":{"type":"Point","coordinates":[35.480365,32.386524]},"properties":{"locality_id":"50420","name":"Bardala","names":{"primary":"Bardala","arabic":"بَرْدَلَة"},"district":"Tubas","subdistrict":null,"pop_1945_total":null,"pop_1945_palestinian":null,"in_east_jerusalem":false,"oslo_area":"A","population":[{"year":2017,"value":1607,"source_id":"ocha_opt"}],"depopulated_1948":false,"depopulated_date":null,"status_now":null,"group_1945":null,"group_now":null,"mechanism":null,"references":{},"evidence":[{"source_id":"ocha_opt","title":"State of Palestine - Palestinian Communities in the West Bank and the Gaza Strip","url":"https://www.ochaopt.org/page/datasets-and-mapping-tools","document_date":"2019-07-17","retrieved":"2026-08-09"}]}},{"type":"Feature","geometry":{"type":"Point","coordinates":[35.492875,32.379266]},"properties":{"locality_id":"50455","name":"Kardala","names":{"primary":"Kardala","arabic":"كَرْدَلَة"},"district":"Tubas","subdistrict":null,"pop_1945_total":null,"pop_1945_palestinian":null,"in_east_jerusalem":false,"oslo_area":"C","population":[{"year":2017,"value":203,"source_id":"ocha_opt"}],"depopulated_1948":false,"depopulated_date":null,"status_now":null,"group_1945":null,"group_now":null,"mechanism":null,"references":{},"evidence":[{"source_id":"ocha_opt","title":"State of Palestine - Palestinian Communities in the West Bank and the Gaza Strip","url":"https://www.ochaopt.org/page/datasets-and-mapping-tools","document_date":"2019-07-17","retrieved":"2026-08-09"}]}},{"type":"Feature","geometry":{"type":"Point","coordinates":[35.509113,32.38091]},"properties":{"locality_id":"50450","name":"Ein el Beida","names":{"primary":"Ein el Beida","arabic":"عِيْن البَيْضَا"},"district":"Tubas","subdistrict":null,"pop_1945_total":null,"pop_1945_palestinian":null,"in_east_jerusalem":false,"oslo_area":"A","population":[{"year":2017,"value":1138,"source_id":"ocha_opt"}],"depopulated_1948":false,"depopulated_date":null,"status_now":null,"group_1945":null,"group_now":null,"mechanism":null,"references":{},"evidence":[{"source_id":"ocha_opt","title":"State of Palestine - Palestinian Communities in the West Bank and the Gaza Strip","url":"https://www.ochaopt.org/page/datasets-and-mapping-tools","document_date":"2019-07-17","retrieved":"2026-08-09"}]}},{"type":"Feature","geometry":{"type":"Point","coordinates":[35.082911,32.432122]},"properties":{"locality_id":"100290","name":"Qaffin","names":{"primary":"Qaffin","arabic":"قَفِّين"},"district":"Tulkarm","subdistrict":null,"pop_1945_total":null,"pop_1945_palestinian":null,"in_east_jerusalem":false,"oslo_area":"A","population":[{"year":2017,"value":10690,"source_id":"ocha_opt"}],"depopulated_1948":false,"depopulated_date":null,"status_now":null,"group_1945":null,"group_now":null,"mechanism":null,"references":{},"evidence":[{"source_id":"ocha_opt","title":"State of Palestine - Palestinian Communities in the West Bank and the Gaza Strip","url":"https://www.ochaopt.org/page/datasets-and-mapping-tools","document_date":"2019-07-17","retrieved":"2026-08-09"}]}},{"type":"Feature","geometry":{"type":"Point","coordinates":[35.20608,32.524978]},"properties":{"locality_id":"10010","name":"Rummana","names":{"primary":"Rummana","arabic":"رمانة"},"district":"Jenin","subdistrict":null,"pop_1945_total":null,"pop_1945_palestinian":null,"in_east_jerusalem":false,"oslo_area":"A","population":[{"year":2017,"value":3637,"source_id":"ocha_opt"}],"depopulated_1948":false,"depopulated_date":null,"status_now":null,"group_1945":null,"group_now":null,"mechanism":null,"references":{},"evidence":[{"source_id":"ocha_opt","title":"State of Palestine - Palestinian Communities in the West Bank and the Gaza Strip","url":"https://www.ochaopt.org/page/datasets-and-mapping-tools","document_date":"2019-07-17","retrieved":"2026-08-09"}]}},{"type":"Feature","geometry":{"type":"Point","coordinates":[35.227928,32.508736]},"properties":{"locality_id":"10035","name":"Silat al Harithiya","names":{"primary":"Silat al Harithiya","arabic":"سيلَةْ الحارِثِيَّة"},"district":"Jenin","subdistrict":null,"pop_1945_total":null,"pop_1945_palestinian":null,"in_east_jerusalem":false,"oslo_area":"A","population":[{"year":2017,"value":11449,"source_id":"ocha_opt"}],"depopulated_1948":false,"depopulated_date":null,"status_now":null,"group_1945":null,"group_now":null,"mechanism":null,"references":{},"evidence":[{"source_id":"ocha_opt","title":"State of Palestine - Palestinian Communities in the West Bank and the Gaza Strip","url":"https://www.ochaopt.org/page/datasets-and-mapping-tools","document_date":"2019-07-17","retrieved":"2026-08-09"}]}},{"type":"Feature","geometry":{"type":"Point","coordinates":[35.232992,32.486749]},"properties":{"locality_id":"10080","name":"Al Yamun","names":{"primary":"Al Yamun","arabic":"اليَامُون"},"district":"Jenin","subdistrict":null,"pop_1945_total":null,"pop_1945_palestinian":null,"in_east_jerusalem":false,"oslo_area":"A","population":[{"year":2017,"value":20774,"source_id":"ocha_opt"}],"depopulated_1948":false,"depopulated_date":null,"status_now":null,"group_1945":null,"group_now":null,"mechanism":null,"references":{},"evidence":[{"source_id":"ocha_opt","title":"State of Palestine - Palestinian Communities in the West Bank and the Gaza Strip","url":"https://www.ochaopt.org/page/datasets-and-mapping-tools","document_date":"2019-07-17","retrieved":"2026-08-09"}]}},{"type":"Feature","geometry":{"type":"Point","coordinates":[35.322165,32.498299]},"properties":{"locality_id":"10050","name":"Arrana","names":{"primary":"Arrana","arabic":"عَرَّانَة"},"district":"Jenin","subdistrict":null,"pop_1945_total":null,"pop_1945_palestinian":null,"in_east_jerusalem":false,"oslo_area":"A","population":[{"year":2017,"value":2418,"source_id":"ocha_opt"}],"depopulated_1948":false,"depopulated_date":null,"status_now":null,"group_1945":null,"group_now":null,"mechanism":null,"references":{},"evidence":[{"source_id":"ocha_opt","title":"State of Palestine - Palestinian Communities in the West Bank and the Gaza Strip","url":"https://www.ochaopt.org/page/datasets-and-mapping-tools","document_date":"2019-07-17","retrieved":"2026-08-09"}]}},{"type":"Feature","geometry":{"type":"Point","coordinates":[35.351111,32.495797]},"properties":{"locality_id":"10055","name":"Deir Ghazala","names":{"primary":"Deir Ghazala","arabic":"دِير غَزالَة"},"district":"Jenin","subdistrict":null,"pop_1945_total":null,"pop_1945_palestinian":null,"in_east_jerusalem":false,"oslo_area":"A","population":[{"year":2017,"value":1129,"source_id":"ocha_opt"}],"depopulated_1948":false,"depopulated_date":null,"status_now":null,"group_1945":null,"group_now":null,"mechanism":null,"references":{},"evidence":[{"source_id":"ocha_opt","title":"State of Palestine - Palestinian Communities in the West Bank and the Gaza Strip","url":"https://www.ochaopt.org/page/datasets-and-mapping-tools","document_date":"2019-07-17","retrieved":"2026-08-09"}]}},{"type":"Feature","geometry":{"type":"Point","coordinates":[35.313642,32.508018]},"properties":{"locality_id":"10030","name":"Al Jalama","names":{"primary":"Al Jalama","arabic":"الجَلَمَة"},"district":"Jenin","subdistrict":null,"pop_1945_total":null,"pop_1945_palestinian":null,"in_east_jerusalem":false,"oslo_area":"A","population":[{"year":2017,"value":2268,"source_id":"ocha_opt"}],"depopulated_1948":false,"depopulated_date":null,"status_now":null,"group_1945":null,"group_now":null,"mechanism":null,"references":{},"evidence":[{"source_id":"ocha_opt","title":"State of Palestine - Palestinian Communities in the West Bank and the Gaza Strip","url":"https://www.ochaopt.org/page/datasets-and-mapping-tools","document_date":"2019-07-17","retrieved":"2026-08-09"}]}},{"type":"Feature","geometry":{"type":"Point","coordinates":[35.363394,32.511302]},"properties":{"locality_id":"10025","name":"Arabbuna","names":{"primary":"Arabbuna","arabic":"عَرَبُّونَة"},"district":"Jenin","subdistrict":null,"pop_1945_total":null,"pop_1945_palestinian":null,"in_east_jerusalem":false,"oslo_area":"A","population":[{"year":2017,"value":1025,"source_id":"ocha_opt"}],"depopulated_1948":false,"depopulated_date":null,"status_now":null,"group_1945":null,"group_now":null,"mechanism":null,"references":{},"evidence":[{"source_id":"ocha_opt","title":"State of Palestine - Palestinian Communities in the West Bank and the Gaza Strip","url":"https://www.ochaopt.org/page/datasets-and-mapping-tools","document_date":"2019-07-17","retrieved":"2026-08-09"}]}},{"type":"Feature","geometry":{"type":"Point","coordinates":[35.398205,32.491191]},"properties":{"locality_id":"10060","name":"Faqqu'a","names":{"primary":"Faqqu'a","arabic":"فَقُّوعَة"},"district":"Jenin","subdistrict":null,"pop_1945_total":null,"pop_1945_palestinian":null,"in_east_jerusalem":false,"oslo_area":"A","population":[{"year":2017,"value":4284,"source_id":"ocha_opt"}],"depopulated_1948":false,"depopulated_date":null,"status_now":null,"group_1945":null,"group_now":null,"mechanism":null,"references":{},"evidence":[{"source_id":"ocha_opt","title":"State of Palestine - Palestinian Communities in the West Bank and the Gaza Strip","url":"https://www.ochaopt.org/page/datasets-and-mapping-tools","document_date":"2019-07-17","retrieved":"2026-08-09"}]}},{"type":"Feature","geometry":{"type":"Point","coordinates":[35.222102,32.542109]},"properties":{"locality_id":"10005","name":"Zububa","names":{"primary":"Zububa","arabic":"زبوبا"},"district":"Jenin","subdistrict":null,"pop_1945_total":null,"pop_1945_palestinian":null,"in_east_jerusalem":false,"oslo_area":"A","population":[{"year":2017,"value":2322,"source_id":"ocha_opt"}],"depopulated_1948":false,"depopulated_date":null,"status_now":null,"group_1945":null,"group_now":null,"mechanism":null,"references":{},"evidence":[{"source_id":"ocha_opt","title":"State of Palestine - Palestinian Communities in the West Bank and the Gaza Strip","url":"https://www.ochaopt.org/page/datasets-and-mapping-tools","document_date":"2019-07-17","retrieved":"2026-08-09"}]}},{"type":"Feature","geometry":{"type":"Point","coordinates":[34.997943,31.49108]},"properties":{"locality_id":"502865","name":"Khirbet Salama","names":{"primary":"Khirbet Salama","arabic":"خِرْبِة سَلامَة"},"district":"Hebron","subdistrict":null,"pop_1945_total":null,"pop_1945_palestinian":null,"in_east_jerusalem":false,"oslo_area":"A","population":[{"year":2017,"value":511,"source_id":"ocha_opt"}],"depopulated_1948":false,"depopulated_date":null,"status_now":null,"group_1945":null,"group_now":null,"mechanism":null,"references":{},"evidence":[{"source_id":"ocha_opt","title":"State of Palestine - Palestinian Communities in the West Bank and the Gaza Strip","url":"https://www.ochaopt.org/page/datasets-and-mapping-tools","document_date":"2019-07-17","retrieved":"2026-08-09"}]}},{"type":"Feature","geometry":{"type":"Point","coordinates":[34.999071,31.470456]},"properties":{"locality_id":"502950","name":"As Sura","names":{"primary":"As Sura","arabic":"الصُرَّة"},"district":"Hebron","subdistrict":null,"pop_1945_total":null,"pop_1945_palestinian":null,"in_east_jerusalem":false,"oslo_area":"A","population":[{"year":2017,"value":2472,"source_id":"ocha_opt"}],"depopulated_1948":false,"depopulated_date":null,"status_now":null,"group_1945":null,"group_now":null,"mechanism":null,"references":{},"evidence":[{"source_id":"ocha_opt","title":"State of Palestine - Palestinian Communities in the West Bank and the Gaza Strip","url":"https://www.ochaopt.org/page/datasets-and-mapping-tools","document_date":"2019-07-17","retrieved":"2026-08-09"}]}},{"type":"Feature","geometry":{"type":"Point","coordinates":[34.984456,31.475978]},"properties":{"locality_id":"502915","name":"Marah al Baqqar","names":{"primary":"Marah al Baqqar","arabic":"مَراح البَقَّار"},"district":"Hebron","subdistrict":null,"pop_1945_total":null,"pop_1945_palestinian":null,"in_east_jerusalem":false,"oslo_area":"A","population":[{"year":2017,"value":299,"source_id":"ocha_opt"}],"depopulated_1948":false,"depopulated_date":null,"status_now":null,"group_1945":null,"group_now":null,"mechanism":null,"references":{},"evidence":[{"source_id":"ocha_opt","title":"State of Palestine - Palestinian Communities in the West Bank and the Gaza Strip","url":"https://www.ochaopt.org/page/datasets-and-mapping-tools","document_date":"2019-07-17","retrieved":"2026-08-09"}]}},{"type":"Feature","geometry":{"type":"Point","coordinates":[35.011536,31.468293]},"properties":{"locality_id":"502980","name":"Imreish","names":{"primary":"Imreish","arabic":"إمرِيش"},"district":"Hebron","subdistrict":null,"pop_1945_total":null,"pop_1945_palestinian":null,"in_east_jerusalem":false,"oslo_area":"A","population":[{"year":2017,"value":923,"source_id":"ocha_opt"}],"depopulated_1948":false,"depopulated_date":null,"status_now":null,"group_1945":null,"group_now":null,"mechanism":null,"references":{},"evidence":[{"source_id":"ocha_opt","title":"State of Palestine - Palestinian Communities in the West Bank and the Gaza Strip","url":"https://www.ochaopt.org/page/datasets-and-mapping-tools","document_date":"2019-07-17","retrieved":"2026-08-09"}]}},{"type":"Feature","geometry":{"type":"Point","coordinates":[35.09677,31.44767]},"properties":{"locality_id":"503120","name":"Yatta","names":{"primary":"Yatta","arabic":"يَطَّا"},"district":"Hebron","subdistrict":null,"pop_1945_total":null,"pop_1945_palestinian":null,"in_east_jerusalem":false,"oslo_area":"A","population":[{"year":2017,"value":52510,"source_id":"ocha_opt"}],"depopulated_1948":false,"depopulated_date":null,"status_now":null,"group_1945":null,"group_now":null,"mechanism":null,"references":{},"evidence":[{"source_id":"ocha_opt","title":"State of Palestine - Palestinian Communities in the West Bank and the Gaza Strip","url":"https://www.ochaopt.org/page/datasets-and-mapping-tools","document_date":"2019-07-17","retrieved":"2026-08-09"}]}},{"type":"Feature","geometry":{"type":"Point","coordinates":[34.954949,31.507484]},"properties":{"locality_id":"502835","name":"Beit 'Awwa","names":{"primary":"Beit 'Awwa","arabic":"بِيت عَوَّا"},"district":"Hebron","subdistrict":null,"pop_1945_total":null,"pop_1945_palestinian":null,"in_east_jerusalem":false,"oslo_area":"A","population":[{"year":2017,"value":10436,"source_id":"ocha_opt"}],"depopulated_1948":false,"depopulated_date":null,"status_now":null,"group_1945":null,"group_now":null,"mechanism":null,"references":{},"evidence":[{"source_id":"ocha_opt","title":"State of Palestine - Palestinian Communities in the West Bank and the Gaza Strip","url":"https://www.ochaopt.org/page/datasets-and-mapping-tools","document_date":"2019-07-17","retrieved":"2026-08-09"}]}},{"type":"Feature","geometry":{"type":"Point","coordinates":[35.040338,31.505075]},"properties":{"locality_id":"502840","name":"Dura","names":{"primary":"Dura","arabic":"دُورَا"},"district":"Hebron","subdistrict":null,"pop_1945_total":null,"pop_1945_palestinian":null,"in_east_jerusalem":false,"oslo_area":"A","population":[{"year":2017,"value":31942,"source_id":"ocha_opt"}],"depopulated_1948":false,"depopulated_date":null,"status_now":null,"group_1945":null,"group_now":null,"mechanism":null,"references":{},"evidence":[{"source_id":"ocha_opt","title":"State of Palestine - Palestinian Communities in the West Bank and the Gaza Strip","url":"https://www.ochaopt.org/page/datasets-and-mapping-tools","document_date":"2019-07-17","retrieved":"2026-08-09"}]}},{"type":"Feature","geometry":{"type":"Point","coordinates":[35.201164,31.673606]},"properties":{"locality_id":"452345","name":"Khallet al Louza","names":{"primary":"Khallet al Louza","arabic":"خَلِّةْ اللُوزَة"},"district":"Bethlehem","subdistrict":null,"pop_1945_total":null,"pop_1945_palestinian":null,"in_east_jerusalem":false,"oslo_area":"A","population":[{"year":2017,"value":645,"source_id":"ocha_opt"}],"depopulated_1948":false,"depopulated_date":null,"status_now":null,"group_1945":null,"group_now":null,"mechanism":null,"references":{},"evidence":[{"source_id":"ocha_opt","title":"State of Palestine - Palestinian Communities in the West Bank and the Gaza Strip","url":"https://www.ochaopt.org/page/datasets-and-mapping-tools","document_date":"2019-07-17","retrieved":"2026-08-09"}]}},{"type":"Feature","geometry":{"type":"Point","coordinates":[35.299128,32.488959]},"properties":{"locality_id":"10075","name":"Dahiyat Sabah al Kheir","names":{"primary":"Dahiyat Sabah al Kheir","arabic":"ضاحِيَة صَباح الخَيْر"},"district":"Jenin","subdistrict":null,"pop_1945_total":null,"pop_1945_palestinian":null,"in_east_jerusalem":false,"oslo_area":"A","population":[{"year":2017,"value":5246,"source_id":"ocha_opt"}],"depopulated_1948":false,"depopulated_date":null,"status_now":null,"group_1945":null,"group_now":null,"mechanism":null,"references":{},"evidence":[{"source_id":"ocha_opt","title":"State of Palestine - Palestinian Communities in the West Bank and the Gaza Strip","url":"https://www.ochaopt.org/page/datasets-and-mapping-tools","document_date":"2019-07-17","retrieved":"2026-08-09"}]}},{"type":"Feature","geometry":{"type":"Point","coordinates":[35.191444,31.657869]},"properties":{"locality_id":"452430","name":"Khallet al Haddad","names":{"primary":"Khallet al Haddad","arabic":"خَلِّة الحَدَّادْ"},"district":"Bethlehem","subdistrict":null,"pop_1945_total":null,"pop_1945_palestinian":null,"in_east_jerusalem":false,"oslo_area":"A","population":[{"year":2017,"value":507,"source_id":"ocha_opt"}],"depopulated_1948":false,"depopulated_date":null,"status_now":null,"group_1945":null,"group_now":null,"mechanism":null,"references":{},"evidence":[{"source_id":"ocha_opt","title":"State of Palestine - Palestinian Communities in the West Bank and the Gaza Strip","url":"https://www.ochaopt.org/page/datasets-and-mapping-tools","document_date":"2019-07-17","retrieved":"2026-08-09"}]}},{"type":"Feature","geometry":{"type":"Point","coordinates":[35.175769,31.649467]},"properties":{"locality_id":"452470","name":"Marah Ma'alla","names":{"primary":"Marah Ma'alla","arabic":"مَراح مَعَلاَّ"},"district":"Bethlehem","subdistrict":null,"pop_1945_total":null,"pop_1945_palestinian":null,"in_east_jerusalem":false,"oslo_area":"C","population":[{"year":2017,"value":1072,"source_id":"ocha_opt"}],"depopulated_1948":false,"depopulated_date":null,"status_now":null,"group_1945":null,"group_now":null,"mechanism":null,"references":{},"evidence":[{"source_id":"ocha_opt","title":"State of Palestine - Palestinian Communities in the West Bank and the Gaza Strip","url":"https://www.ochaopt.org/page/datasets-and-mapping-tools","document_date":"2019-07-17","retrieved":"2026-08-09"}]}},{"type":"Feature","geometry":{"type":"Point","coordinates":[35.006381,31.490615]},"properties":{"locality_id":"502870","name":"Wadi 'Ubeid","names":{"primary":"Wadi 'Ubeid","arabic":"وادي عُبَيْد"},"district":"Hebron","subdistrict":null,"pop_1945_total":null,"pop_1945_palestinian":null,"in_east_jerusalem":false,"oslo_area":"A","population":[{"year":2017,"value":187,"source_id":"ocha_opt"}],"depopulated_1948":false,"depopulated_date":null,"status_now":null,"group_1945":null,"group_now":null,"mechanism":null,"references":{},"evidence":[{"source_id":"ocha_opt","title":"State of Palestine - Palestinian Communities in the West Bank and the Gaza Strip","url":"https://www.ochaopt.org/page/datasets-and-mapping-tools","document_date":"2019-07-17","retrieved":"2026-08-09"}]}},{"type":"Feature","geometry":{"type":"Point","coordinates":[35.129588,31.441747]},"properties":{"locality_id":"503116","name":"Kheroshewesh Wal Hadedeyah","names":{"primary":"Kheroshewesh Wal Hadedeyah","arabic":"خيروشيوش والحديدية"},"district":"Hebron","subdistrict":null,"pop_1945_total":null,"pop_1945_palestinian":null,"in_east_jerusalem":false,"oslo_area":"A","population":[{"year":2017,"value":1441,"source_id":"ocha_opt"}],"depopulated_1948":false,"depopulated_date":null,"status_now":null,"group_1945":null,"group_now":null,"mechanism":null,"references":{},"evidence":[{"source_id":"ocha_opt","title":"State of Palestine - Palestinian Communities in the West Bank and the Gaza Strip","url":"https://www.ochaopt.org/page/datasets-and-mapping-tools","document_date":"2019-07-17","retrieved":"2026-08-09"}]}},{"type":"Feature","geometry":{"type":"Point","coordinates":[35.138776,31.44872]},"properties":{"locality_id":"503111","name":"Om Ashoqhan","names":{"primary":"Om Ashoqhan","arabic":"أم الشقحان"},"district":"Hebron","subdistrict":null,"pop_1945_total":null,"pop_1945_palestinian":null,"in_east_jerusalem":false,"oslo_area":"A","population":[{"year":2017,"value":605,"source_id":"ocha_opt"}],"depopulated_1948":false,"depopulated_date":null,"status_now":null,"group_1945":null,"group_now":null,"mechanism":null,"references":{},"evidence":[{"source_id":"ocha_opt","title":"State of Palestine - Palestinian Communities in the West Bank and the Gaza Strip","url":"https://www.ochaopt.org/page/datasets-and-mapping-tools","document_date":"2019-07-17","retrieved":"2026-08-09"}]}},{"type":"Feature","geometry":{"type":"Point","coordinates":[35.495479,32.318684]},"properties":{"locality_id":"999845","name":"Ein al Hilwa - Wadi al Faw","names":{"primary":"Ein al Hilwa - Wadi al Faw"},"district":"Tubas","subdistrict":null,"pop_1945_total":null,"pop_1945_palestinian":null,"in_east_jerusalem":false,"oslo_area":"C","population":[],"depopulated_1948":false,"depopulated_date":null,"status_now":null,"group_1945":null,"group_now":null,"mechanism":null,"references":{},"evidence":[{"source_id":"ocha_opt","title":"State of Palestine - Palestinian Communities in the West Bank and the Gaza Strip","url":"https://www.ochaopt.org/page/datasets-and-mapping-tools","document_date":"2019-07-17","retrieved":"2026-08-09"}]}},{"type":"Feature","geometry":{"type":"Point","coordinates":[35.502964,32.32474]},"properties":{"locality_id":"999895","name":"Ein al Hilwa","names":{"primary":"Ein al Hilwa"},"district":"Tubas","subdistrict":null,"pop_1945_total":null,"pop_1945_palestinian":null,"in_east_jerusalem":false,"oslo_area":"C","population":[],"depopulated_1948":false,"depopulated_date":null,"status_now":null,"group_1945":null,"group_now":null,"mechanism":null,"references":{},"evidence":[{"source_id":"ocha_opt","title":"State of Palestine - Palestinian Communities in the West Bank and the Gaza Strip","url":"https://www.ochaopt.org/page/datasets-and-mapping-tools","document_date":"2019-07-17","retrieved":"2026-08-09"}]}},{"type":"Feature","geometry":{"type":"Point","coordinates":[34.929232,31.357514]},"properties":{"locality_id":"999978","name":"Deir Sa'eeda","names":{"primary":"Deir Sa'eeda"},"district":"Hebron","subdistrict":null,"pop_1945_total":null,"pop_1945_palestinian":null,"in_east_jerusalem":false,"oslo_area":"C","population":[],"depopulated_1948":false,"depopulated_date":null,"status_now":null,"group_1945":null,"group_now":null,"mechanism":null,"references":{},"evidence":[{"source_id":"ocha_opt","title":"State of Palestine - Palestinian Communities in the West Bank and the Gaza Strip","url":"https://www.ochaopt.org/page/datasets-and-mapping-tools","document_date":"2019-07-17","retrieved":"2026-08-09"}]}},{"type":"Feature","geometry":{"type":"Point","coordinates":[34.909872,31.358666]},"properties":{"locality_id":"999979","name":"Umm Sidra","names":{"primary":"Umm Sidra"},"district":"Hebron","subdistrict":null,"pop_1945_total":null,"pop_1945_palestinian":null,"in_east_jerusalem":false,"oslo_area":"C","population":[],"depopulated_1948":false,"depopulated_date":null,"status_now":null,"group_1945":null,"group_now":null,"mechanism":null,"references":{},"evidence":[{"source_id":"ocha_opt","title":"State of Palestine - Palestinian Communities in the West Bank and the Gaza Strip","url":"https://www.ochaopt.org/page/datasets-and-mapping-tools","document_date":"2019-07-17","retrieved":"2026-08-09"}]}},{"type":"Feature","geometry":{"type":"Point","coordinates":[34.950366,31.364277]},"properties":{"locality_id":"503400","name":"Khirbet ar Rahwa","names":{"primary":"Khirbet ar Rahwa","arabic":"خِرْبِة الرَهْوَة"},"district":"Hebron","subdistrict":null,"pop_1945_total":null,"pop_1945_palestinian":null,"in_east_jerusalem":false,"oslo_area":"C","population":[{"year":2017,"value":51,"source_id":"ocha_opt"}],"depopulated_1948":false,"depopulated_date":null,"status_now":null,"group_1945":null,"group_now":null,"mechanism":null,"references":{},"evidence":[{"source_id":"ocha_opt","title":"State of Palestine - Palestinian Communities in the West Bank and the Gaza Strip","url":"https://www.ochaopt.org/page/datasets-and-mapping-tools","document_date":"2019-07-17","retrieved":"2026-08-09"}]}},{"type":"Feature","geometry":{"type":"Point","coordinates":[35.156241,31.501441]},"properties":{"locality_id":"999875","name":"Yaqeen","names":{"primary":"Yaqeen"},"district":"Hebron","subdistrict":null,"pop_1945_total":null,"pop_1945_palestinian":null,"in_east_jerusalem":false,"oslo_area":"C","population":[{"year":2017,"value":0,"source_id":"ocha_opt"}],"depopulated_1948":false,"depopulated_date":null,"status_now":null,"group_1945":null,"group_now":null,"mechanism":null,"references":{},"evidence":[{"source_id":"ocha_opt","title":"State of Palestine - Palestinian Communities in the West Bank and the Gaza Strip","url":"https://www.ochaopt.org/page/datasets-and-mapping-tools","document_date":"2019-07-17","retrieved":"2026-08-09"}]}},{"type":"Feature","geometry":{"type":"Point","coordinates":[35.24264,31.705651]},"properties":{"locality_id":"999787","name":"Al Janab","names":{"primary":"Al Janab"},"district":"Bethlehem","subdistrict":null,"pop_1945_total":null,"pop_1945_palestinian":null,"in_east_jerusalem":false,"oslo_area":"C","population":[],"depopulated_1948":false,"depopulated_date":null,"status_now":null,"group_1945":null,"group_now":null,"mechanism":null,"references":{},"evidence":[{"source_id":"ocha_opt","title":"State of Palestine - Palestinian Communities in the West Bank and the Gaza Strip","url":"https://www.ochaopt.org/page/datasets-and-mapping-tools","document_date":"2019-07-17","retrieved":"2026-08-09"}]}},{"type":"Feature","geometry":{"type":"Point","coordinates":[34.994947,31.372854]},"properties":{"locality_id":"503375","name":"Khirbet Zanuta","names":{"primary":"Khirbet Zanuta","arabic":"خِرْبِة زَنُّوتَة"},"district":"Hebron","subdistrict":null,"pop_1945_total":null,"pop_1945_palestinian":null,"in_east_jerusalem":false,"oslo_area":"C","population":[{"year":2017,"value":131,"source_id":"ocha_opt"}],"depopulated_1948":false,"depopulated_date":null,"status_now":null,"group_1945":null,"group_now":null,"mechanism":null,"references":{},"evidence":[{"source_id":"ocha_opt","title":"State of Palestine - Palestinian Communities in the West Bank and the Gaza Strip","url":"https://www.ochaopt.org/page/datasets-and-mapping-tools","document_date":"2019-07-17","retrieved":"2026-08-09"}]}},{"type":"Feature","geometry":{"type":"Point","coordinates":[35.079142,31.361052]},"properties":{"locality_id":"503395","name":"Khirbet Ghuwein al Fauqa","names":{"primary":"Khirbet Ghuwein al Fauqa","arabic":"خِرْبِة غْوين الفُوقَا"},"district":"Hebron","subdistrict":null,"pop_1945_total":null,"pop_1945_palestinian":null,"in_east_jerusalem":false,"oslo_area":"C","population":[{"year":2017,"value":55,"source_id":"ocha_opt"}],"depopulated_1948":false,"depopulated_date":null,"status_now":null,"group_1945":null,"group_now":null,"mechanism":null,"references":{},"evidence":[{"source_id":"ocha_opt","title":"State of Palestine - Palestinian Communities in the West Bank and the Gaza Strip","url":"https://www.ochaopt.org/page/datasets-and-mapping-tools","document_date":"2019-07-17","retrieved":"2026-08-09"}]}},{"type":"Feature","geometry":{"type":"Point","coordinates":[35.224781,31.384589]},"properties":{"locality_id":"999991","name":"Dkaika","names":{"primary":"Dkaika"},"district":"Hebron","subdistrict":null,"pop_1945_total":null,"pop_1945_palestinian":null,"in_east_jerusalem":false,"oslo_area":"C","population":[],"depopulated_1948":false,"depopulated_date":null,"status_now":null,"group_1945":null,"group_now":null,"mechanism":null,"references":{},"evidence":[{"source_id":"ocha_opt","title":"State of Palestine - Palestinian Communities in the West Bank and the Gaza Strip","url":"https://www.ochaopt.org/page/datasets-and-mapping-tools","document_date":"2019-07-17","retrieved":"2026-08-09"}]}},{"type":"Feature","geometry":{"type":"Point","coordinates":[35.149123,31.40622]},"properties":{"locality_id":"503280","name":"Ar Rakeez","names":{"primary":"Ar Rakeez","arabic":"الرَكِيز"},"district":"Hebron","subdistrict":null,"pop_1945_total":null,"pop_1945_palestinian":null,"in_east_jerusalem":false,"oslo_area":"C","population":[{"year":2017,"value":15,"source_id":"ocha_opt"}],"depopulated_1948":false,"depopulated_date":null,"status_now":null,"group_1945":null,"group_now":null,"mechanism":null,"references":{},"evidence":[{"source_id":"ocha_opt","title":"State of Palestine - Palestinian Communities in the West Bank and the Gaza Strip","url":"https://www.ochaopt.org/page/datasets-and-mapping-tools","document_date":"2019-07-17","retrieved":"2026-08-09"}]}},{"type":"Feature","geometry":{"type":"Point","coordinates":[35.150435,31.402703]},"properties":{"locality_id":"999982","name":"Umm Fagarah","names":{"primary":"Umm Fagarah","arabic":"أُم فَجارة"},"district":"Hebron","subdistrict":null,"pop_1945_total":null,"pop_1945_palestinian":null,"in_east_jerusalem":false,"oslo_area":"C","population":[{"year":2017,"value":73,"source_id":"ocha_opt"}],"depopulated_1948":false,"depopulated_date":null,"status_now":null,"group_1945":null,"group_now":null,"mechanism":null,"references":{},"evidence":[{"source_id":"ocha_opt","title":"State of Palestine - Palestinian Communities in the West Bank and the Gaza Strip","url":"https://www.ochaopt.org/page/datasets-and-mapping-tools","document_date":"2019-07-17","retrieved":"2026-08-09"}]}},{"type":"Feature","geometry":{"type":"Point","coordinates":[35.192016,31.420029]},"properties":{"locality_id":"999986","name":"Saadet Tha'lah","names":{"primary":"Saadet Tha'lah"},"district":"Hebron","subdistrict":null,"pop_1945_total":null,"pop_1945_palestinian":null,"in_east_jerusalem":false,"oslo_area":"C","population":[{"year":2017,"value":45,"source_id":"ocha_opt"}],"depopulated_1948":false,"depopulated_date":null,"status_now":null,"group_1945":null,"group_now":null,"mechanism":null,"references":{},"evidence":[{"source_id":"ocha_opt","title":"State of Palestine - Palestinian Communities in the West Bank and the Gaza Strip","url":"https://www.ochaopt.org/page/datasets-and-mapping-tools","document_date":"2019-07-17","retrieved":"2026-08-09"}]}},{"type":"Feature","geometry":{"type":"Point","coordinates":[35.092983,31.949932]},"properties":{"locality_id":"999771","name":"Ein Ayoub Bedouins","names":{"primary":"Ein Ayoub Bedouins","arabic":"عين أيوب"},"district":"Ramallah","subdistrict":null,"pop_1945_total":null,"pop_1945_palestinian":null,"in_east_jerusalem":false,"oslo_area":"C","population":[],"depopulated_1948":false,"depopulated_date":null,"status_now":null,"group_1945":null,"group_now":null,"mechanism":null,"references":{},"evidence":[{"source_id":"ocha_opt","title":"State of Palestine - Palestinian Communities in the West Bank and the Gaza Strip","url":"https://www.ochaopt.org/page/datasets-and-mapping-tools","document_date":"2019-07-17","retrieved":"2026-08-09"}]}},{"type":"Feature","geometry":{"type":"Point","coordinates":[35.368911,32.035048]},"properties":{"locality_id":"999758","name":"Ein ar Rashash","names":{"primary":"Ein ar Rashash"},"district":"Ramallah","subdistrict":null,"pop_1945_total":null,"pop_1945_palestinian":null,"in_east_jerusalem":false,"oslo_area":"C","population":[],"depopulated_1948":false,"depopulated_date":null,"status_now":null,"group_1945":null,"group_now":null,"mechanism":null,"references":{},"evidence":[{"source_id":"ocha_opt","title":"State of Palestine - Palestinian Communities in the West Bank and the Gaza Strip","url":"https://www.ochaopt.org/page/datasets-and-mapping-tools","document_date":"2019-07-17","retrieved":"2026-08-09"}]}},{"type":"Feature","geometry":{"type":"Point","coordinates":[35.177354,31.406821]},"properties":{"locality_id":"999996","name":"Tuba","names":{"primary":"Tuba","arabic":"طوبا"},"district":"Hebron","subdistrict":null,"pop_1945_total":null,"pop_1945_palestinian":null,"in_east_jerusalem":false,"oslo_area":"C","population":[{"year":2017,"value":76,"source_id":"ocha_opt"}],"depopulated_1948":false,"depopulated_date":null,"status_now":null,"group_1945":null,"group_now":null,"mechanism":null,"references":{},"evidence":[{"source_id":"ocha_opt","title":"State of Palestine - Palestinian Communities in the West Bank and the Gaza Strip","url":"https://www.ochaopt.org/page/datasets-and-mapping-tools","document_date":"2019-07-17","retrieved":"2026-08-09"}]}},{"type":"Feature","geometry":{"type":"Point","coordinates":[35.195649,31.427417]},"properties":{"locality_id":"503205","name":"Umm al Kheir","names":{"primary":"Umm al Kheir","arabic":"ام الخير"},"district":"Hebron","subdistrict":null,"pop_1945_total":null,"pop_1945_palestinian":null,"in_east_jerusalem":false,"oslo_area":"C","population":[{"year":2017,"value":686,"source_id":"ocha_opt"}],"depopulated_1948":false,"depopulated_date":null,"status_now":null,"group_1945":null,"group_now":null,"mechanism":null,"references":{},"evidence":[{"source_id":"ocha_opt","title":"State of Palestine - Palestinian Communities in the West Bank and the Gaza Strip","url":"https://www.ochaopt.org/page/datasets-and-mapping-tools","document_date":"2019-07-17","retrieved":"2026-08-09"}]}},{"type":"Feature","geometry":{"type":"Point","coordinates":[34.917319,31.454296]},"properties":{"locality_id":"503055","name":"Abu Suhweila","names":{"primary":"Abu Suhweila","arabic":"أبو سِحْوِيلِة"},"district":"Hebron","subdistrict":null,"pop_1945_total":null,"pop_1945_palestinian":null,"in_east_jerusalem":false,"oslo_area":"C","population":[{"year":2017,"value":22,"source_id":"ocha_opt"}],"depopulated_1948":false,"depopulated_date":null,"status_now":null,"group_1945":null,"group_now":null,"mechanism":null,"references":{},"evidence":[{"source_id":"ocha_opt","title":"State of Palestine - Palestinian Communities in the West Bank and the Gaza Strip","url":"https://www.ochaopt.org/page/datasets-and-mapping-tools","document_date":"2019-07-17","retrieved":"2026-08-09"}]}},{"type":"Feature","geometry":{"type":"Point","coordinates":[35.032343,31.461293]},"properties":{"locality_id":"503015","name":"Khirbet Bism","names":{"primary":"Khirbet Bism","arabic":"خِرْبِة بِسْم"},"district":"Hebron","subdistrict":null,"pop_1945_total":null,"pop_1945_palestinian":null,"in_east_jerusalem":false,"oslo_area":"C","population":[{"year":2017,"value":31,"source_id":"ocha_opt"}],"depopulated_1948":false,"depopulated_date":null,"status_now":null,"group_1945":null,"group_now":null,"mechanism":null,"references":{},"evidence":[{"source_id":"ocha_opt","title":"State of Palestine - Palestinian Communities in the West Bank and the Gaza Strip","url":"https://www.ochaopt.org/page/datasets-and-mapping-tools","document_date":"2019-07-17","retrieved":"2026-08-09"}]}},{"type":"Feature","geometry":{"type":"Point","coordinates":[35.146808,31.490845]},"properties":{"locality_id":"502880","name":"Birin","names":{"primary":"Birin","arabic":"بِيريِن"},"district":"Hebron","subdistrict":null,"pop_1945_total":null,"pop_1945_palestinian":null,"in_east_jerusalem":false,"oslo_area":"C","population":[{"year":2017,"value":150,"source_id":"ocha_opt"}],"depopulated_1948":false,"depopulated_date":null,"status_now":null,"group_1945":null,"group_now":null,"mechanism":null,"references":{},"evidence":[{"source_id":"ocha_opt","title":"State of Palestine - Palestinian Communities in the West Bank and the Gaza Strip","url":"https://www.ochaopt.org/page/datasets-and-mapping-tools","document_date":"2019-07-17","retrieved":"2026-08-09"}]}},{"type":"Feature","geometry":{"type":"Point","coordinates":[35.162761,32.491122]},"properties":{"locality_id":"999931","name":"Wadi al Khazrak","names":{"primary":"Wadi al Khazrak"},"district":"Jenin","subdistrict":null,"pop_1945_total":null,"pop_1945_palestinian":null,"in_east_jerusalem":false,"oslo_area":"C","population":[{"year":2017,"value":0,"source_id":"ocha_opt"}],"depopulated_1948":false,"depopulated_date":null,"status_now":null,"group_1945":null,"group_now":null,"mechanism":null,"references":{},"evidence":[{"source_id":"ocha_opt","title":"State of Palestine - Palestinian Communities in the West Bank and the Gaza Strip","url":"https://www.ochaopt.org/page/datasets-and-mapping-tools","document_date":"2019-07-17","retrieved":"2026-08-09"}]}},{"type":"Feature","geometry":{"type":"Point","coordinates":[34.985165,31.531541]},"properties":{"locality_id":"502785","name":"Humsa","names":{"primary":"Humsa","arabic":"حُمْصَة"},"district":"Hebron","subdistrict":null,"pop_1945_total":null,"pop_1945_palestinian":null,"in_east_jerusalem":false,"oslo_area":"C","population":[{"year":2017,"value":64,"source_id":"ocha_opt"}],"depopulated_1948":false,"depopulated_date":null,"status_now":null,"group_1945":null,"group_now":null,"mechanism":null,"references":{},"evidence":[{"source_id":"ocha_opt","title":"State of Palestine - Palestinian Communities in the West Bank and the Gaza Strip","url":"https://www.ochaopt.org/page/datasets-and-mapping-tools","document_date":"2019-07-17","retrieved":"2026-08-09"}]}},{"type":"Feature","geometry":{"type":"Point","coordinates":[34.991608,31.522664]},"properties":{"locality_id":"502800","name":"Tarusa","names":{"primary":"Tarusa","arabic":"طَاروسَة"},"district":"Hebron","subdistrict":null,"pop_1945_total":null,"pop_1945_palestinian":null,"in_east_jerusalem":false,"oslo_area":"C","population":[{"year":2017,"value":139,"source_id":"ocha_opt"}],"depopulated_1948":false,"depopulated_date":null,"status_now":null,"group_1945":null,"group_now":null,"mechanism":null,"references":{},"evidence":[{"source_id":"ocha_opt","title":"State of Palestine - Palestinian Communities in the West Bank and the Gaza Strip","url":"https://www.ochaopt.org/page/datasets-and-mapping-tools","document_date":"2019-07-17","retrieved":"2026-08-09"}]}},{"type":"Feature","geometry":{"type":"Point","coordinates":[35.256272,31.539453]},"properties":{"locality_id":"452715","name":"Ar Rawa'in","names":{"primary":"Ar Rawa'in","arabic":"الرَواعِين"},"district":"Bethlehem","subdistrict":null,"pop_1945_total":null,"pop_1945_palestinian":null,"in_east_jerusalem":false,"oslo_area":"Nature Reserve","population":[{"year":2017,"value":142,"source_id":"ocha_opt"}],"depopulated_1948":false,"depopulated_date":null,"status_now":null,"group_1945":null,"group_now":null,"mechanism":null,"references":{},"evidence":[{"source_id":"ocha_opt","title":"State of Palestine - Palestinian Communities in the West Bank and the Gaza Strip","url":"https://www.ochaopt.org/page/datasets-and-mapping-tools","document_date":"2019-07-17","retrieved":"2026-08-09"}]}},{"type":"Feature","geometry":{"type":"Point","coordinates":[35.198705,31.634377]},"properties":{"locality_id":"452510","name":"Wadi Muhammad","names":{"primary":"Wadi Muhammad","arabic":"وادي مُحَمَّد"},"district":"Bethlehem","subdistrict":null,"pop_1945_total":null,"pop_1945_palestinian":null,"in_east_jerusalem":false,"oslo_area":"C","population":[{"year":2017,"value":150,"source_id":"ocha_opt"}],"depopulated_1948":false,"depopulated_date":null,"status_now":null,"group_1945":null,"group_now":null,"mechanism":null,"references":{},"evidence":[{"source_id":"ocha_opt","title":"State of Palestine - Palestinian Communities in the West Bank and the Gaza Strip","url":"https://www.ochaopt.org/page/datasets-and-mapping-tools","document_date":"2019-07-17","retrieved":"2026-08-09"}]}},{"type":"Feature","geometry":{"type":"Point","coordinates":[35.044741,32.293294]},"properties":{"locality_id":"100675","name":"Khirbet  at Tayyah","names":{"primary":"Khirbet  at Tayyah","arabic":"خِرْبِة الطَيَّاح"},"district":"Tulkarm","subdistrict":null,"pop_1945_total":null,"pop_1945_palestinian":null,"in_east_jerusalem":false,"oslo_area":"C","population":[{"year":2017,"value":687,"source_id":"ocha_opt"}],"depopulated_1948":false,"depopulated_date":null,"status_now":null,"group_1945":null,"group_now":null,"mechanism":null,"references":{},"evidence":[{"source_id":"ocha_opt","title":"State of Palestine - Palestinian Communities in the West Bank and the Gaza Strip","url":"https://www.ochaopt.org/page/datasets-and-mapping-tools","document_date":"2019-07-17","retrieved":"2026-08-09"}]}},{"type":"Feature","geometry":{"type":"Point","coordinates":[35.147535,31.983379]},"properties":{"locality_id":"999963","name":"Kobar Bedouins","names":{"primary":"Kobar Bedouins"},"district":"Ramallah","subdistrict":null,"pop_1945_total":null,"pop_1945_palestinian":null,"in_east_jerusalem":false,"oslo_area":"C","population":[],"depopulated_1948":false,"depopulated_date":null,"status_now":null,"group_1945":null,"group_now":null,"mechanism":null,"references":{},"evidence":[{"source_id":"ocha_opt","title":"State of Palestine - Palestinian Communities in the West Bank and the Gaza Strip","url":"https://www.ochaopt.org/page/datasets-and-mapping-tools","document_date":"2019-07-17","retrieved":"2026-08-09"}]}},{"type":"Feature","geometry":{"type":"Point","coordinates":[35.142142,31.558025]},"properties":{"locality_id":"502690","name":"Ad Duwwara","names":{"primary":"Ad Duwwara","arabic":"الدُّوارَة"},"district":"Hebron","subdistrict":null,"pop_1945_total":null,"pop_1945_palestinian":null,"in_east_jerusalem":false,"oslo_area":"A","population":[],"depopulated_1948":false,"depopulated_date":null,"status_now":null,"group_1945":null,"group_now":null,"mechanism":null,"references":{},"evidence":[{"source_id":"ocha_opt","title":"State of Palestine - Palestinian Communities in the West Bank and the Gaza Strip","url":"https://www.ochaopt.org/page/datasets-and-mapping-tools","document_date":"2019-07-17","retrieved":"2026-08-09"}]}},{"type":"Feature","geometry":{"type":"Point","coordinates":[35.049943,31.562598]},"properties":{"locality_id":"999812","name":"At Taybe","names":{"primary":"At Taybe"},"district":"Hebron","subdistrict":null,"pop_1945_total":null,"pop_1945_palestinian":null,"in_east_jerusalem":false,"oslo_area":"C","population":[],"depopulated_1948":false,"depopulated_date":null,"status_now":null,"group_1945":null,"group_now":null,"mechanism":null,"references":{},"evidence":[{"source_id":"ocha_opt","title":"State of Palestine - Palestinian Communities in the West Bank and the Gaza Strip","url":"https://www.ochaopt.org/page/datasets-and-mapping-tools","document_date":"2019-07-17","retrieved":"2026-08-09"}]}},{"type":"Feature","geometry":{"type":"Point","coordinates":[35.392014,32.48766]},"properties":{"locality_id":"10065","name":"Khirbet Abu 'Anqar","names":{"primary":"Khirbet Abu 'Anqar","arabic":"خِرْبَةْ أبو عَنْقَر"},"district":"Jenin","subdistrict":null,"pop_1945_total":null,"pop_1945_palestinian":null,"in_east_jerusalem":false,"oslo_area":"C","population":[{"year":2017,"value":7,"source_id":"ocha_opt"}],"depopulated_1948":false,"depopulated_date":null,"status_now":null,"group_1945":null,"group_now":null,"mechanism":null,"references":{},"evidence":[{"source_id":"ocha_opt","title":"State of Palestine - Palestinian Communities in the West Bank and the Gaza Strip","url":"https://www.ochaopt.org/page/datasets-and-mapping-tools","document_date":"2019-07-17","retrieved":"2026-08-09"}]}},{"type":"Feature","geometry":{"type":"Point","coordinates":[35.510196,32.34241]},"properties":{"locality_id":"999840","name":"Al Farisiya-Nab'a al Ghazal","names":{"primary":"Al Farisiya-Nab'a al Ghazal"},"district":"Tubas","subdistrict":null,"pop_1945_total":null,"pop_1945_palestinian":null,"in_east_jerusalem":false,"oslo_area":"C","population":[],"depopulated_1948":false,"depopulated_date":null,"status_now":null,"group_1945":null,"group_now":null,"mechanism":null,"references":{},"evidence":[{"source_id":"ocha_opt","title":"State of Palestine - Palestinian Communities in the West Bank and the Gaza Strip","url":"https://www.ochaopt.org/page/datasets-and-mapping-tools","document_date":"2019-07-17","retrieved":"2026-08-09"}]}},{"type":"Feature","geometry":{"type":"Point","coordinates":[35.516171,32.371312]},"properties":{"locality_id":"999841","name":"Al Farisiya-al Zu'bi","names":{"primary":"Al Farisiya-al Zu'bi"},"district":"Tubas","subdistrict":null,"pop_1945_total":null,"pop_1945_palestinian":null,"in_east_jerusalem":false,"oslo_area":"C","population":[],"depopulated_1948":false,"depopulated_date":null,"status_now":null,"group_1945":null,"group_now":null,"mechanism":null,"references":{},"evidence":[{"source_id":"ocha_opt","title":"State of Palestine - Palestinian Communities in the West Bank and the Gaza Strip","url":"https://www.ochaopt.org/page/datasets-and-mapping-tools","document_date":"2019-07-17","retrieved":"2026-08-09"}]}},{"type":"Feature","geometry":{"type":"Point","coordinates":[35.472078,32.326246]},"properties":{"locality_id":"999897","name":"Hammamat al Maleh - Al Meiteh","names":{"primary":"Hammamat al Maleh - Al Meiteh"},"district":"Tubas","subdistrict":null,"pop_1945_total":null,"pop_1945_palestinian":null,"in_east_jerusalem":false,"oslo_area":"C","population":[],"depopulated_1948":false,"depopulated_date":null,"status_now":null,"group_1945":null,"group_now":null,"mechanism":null,"references":{},"evidence":[{"source_id":"ocha_opt","title":"State of Palestine - Palestinian Communities in the West Bank and the Gaza Strip","url":"https://www.ochaopt.org/page/datasets-and-mapping-tools","document_date":"2019-07-17","retrieved":"2026-08-09"}]}},{"type":"Feature","geometry":{"type":"Point","coordinates":[35.459972,32.328556]},"properties":{"locality_id":"999839","name":"Hammamat al Maleh - Al Burj","names":{"primary":"Hammamat al Maleh - Al Burj"},"district":"Tubas","subdistrict":null,"pop_1945_total":null,"pop_1945_palestinian":null,"in_east_jerusalem":false,"oslo_area":"C","population":[],"depopulated_1948":false,"depopulated_date":null,"status_now":null,"group_1945":null,"group_now":null,"mechanism":null,"references":{},"evidence":[{"source_id":"ocha_opt","title":"State of Palestine - Palestinian Communities in the West Bank and the Gaza Strip","url":"https://www.ochaopt.org/page/datasets-and-mapping-tools","document_date":"2019-07-17","retrieved":"2026-08-09"}]}},{"type":"Feature","geometry":{"type":"Point","coordinates":[35.478682,32.329064]},"properties":{"locality_id":"999838","name":"Hammamat al Maleh","names":{"primary":"Hammamat al Maleh"},"district":"Tubas","subdistrict":null,"pop_1945_total":null,"pop_1945_palestinian":null,"in_east_jerusalem":false,"oslo_area":"C","population":[],"depopulated_1948":false,"depopulated_date":null,"status_now":null,"group_1945":null,"group_now":null,"mechanism":null,"references":{},"evidence":[{"source_id":"ocha_opt","title":"State of Palestine - Palestinian Communities in the West Bank and the Gaza Strip","url":"https://www.ochaopt.org/page/datasets-and-mapping-tools","document_date":"2019-07-17","retrieved":"2026-08-09"}]}},{"type":"Feature","geometry":{"type":"Point","coordinates":[35.119054,32.429982]},"properties":{"locality_id":"999833","name":"Khirbet Fraseen","names":{"primary":"Khirbet Fraseen"},"district":"Jenin","subdistrict":null,"pop_1945_total":null,"pop_1945_palestinian":null,"in_east_jerusalem":false,"oslo_area":"C","population":[],"depopulated_1948":false,"depopulated_date":null,"status_now":null,"group_1945":null,"group_now":null,"mechanism":null,"references":{},"evidence":[{"source_id":"ocha_opt","title":"State of Palestine - Palestinian Communities in the West Bank and the Gaza Strip","url":"https://www.ochaopt.org/page/datasets-and-mapping-tools","document_date":"2019-07-17","retrieved":"2026-08-09"}]}},{"type":"Feature","geometry":{"type":"Point","coordinates":[35.183009,32.423035]},"properties":{"locality_id":"999832","name":"Jabal al Aqra'a","names":{"primary":"Jabal al Aqra'a"},"district":"Jenin","subdistrict":null,"pop_1945_total":null,"pop_1945_palestinian":null,"in_east_jerusalem":false,"oslo_area":"C","population":[],"depopulated_1948":false,"depopulated_date":null,"status_now":null,"group_1945":null,"group_now":null,"mechanism":null,"references":{},"evidence":[{"source_id":"ocha_opt","title":"State of Palestine - Palestinian Communities in the West Bank and the Gaza Strip","url":"https://www.ochaopt.org/page/datasets-and-mapping-tools","document_date":"2019-07-17","retrieved":"2026-08-09"}]}},{"type":"Feature","geometry":{"type":"Point","coordinates":[35.277953,31.795855]},"properties":{"locality_id":"999828","name":"Az Za'ayyem Za'atreh Herders","names":{"primary":"Az Za'ayyem Za'atreh Herders"},"district":"Jerusalem","subdistrict":null,"pop_1945_total":null,"pop_1945_palestinian":null,"in_east_jerusalem":false,"oslo_area":"C","population":[],"depopulated_1948":false,"depopulated_date":null,"status_now":null,"group_1945":null,"group_now":null,"mechanism":null,"references":{},"evidence":[{"source_id":"ocha_opt","title":"State of Palestine - Palestinian Communities in the West Bank and the Gaza Strip","url":"https://www.ochaopt.org/page/datasets-and-mapping-tools","document_date":"2019-07-17","retrieved":"2026-08-09"}]}},{"type":"Feature","geometry":{"type":"Point","coordinates":[35.259231,31.850544]},"properties":{"locality_id":"999829","name":"Dahiyat al Aqbat Bedouins","names":{"primary":"Dahiyat al Aqbat Bedouins"},"district":"Jerusalem","subdistrict":null,"pop_1945_total":null,"pop_1945_palestinian":null,"in_east_jerusalem":false,"oslo_area":"C","population":[],"depopulated_1948":false,"depopulated_date":null,"status_now":null,"group_1945":null,"group_now":null,"mechanism":null,"references":{},"evidence":[{"source_id":"ocha_opt","title":"State of Palestine - Palestinian Communities in the West Bank and the Gaza Strip","url":"https://www.ochaopt.org/page/datasets-and-mapping-tools","document_date":"2019-07-17","retrieved":"2026-08-09"}]}},{"type":"Feature","geometry":{"type":"Point","coordinates":[35.262913,31.85256]},"properties":{"locality_id":"401910","name":"Jaba' (Tajammu' Badawi)","names":{"primary":"Jaba' (Tajammu' Badawi)","arabic":"جَبَع-تَجَمُّع بَدَوي"},"district":"Jerusalem","subdistrict":null,"pop_1945_total":null,"pop_1945_palestinian":null,"in_east_jerusalem":false,"oslo_area":"C","population":[{"year":2017,"value":50,"source_id":"ocha_opt"}],"depopulated_1948":false,"depopulated_date":null,"status_now":null,"group_1945":null,"group_now":null,"mechanism":null,"references":{},"evidence":[{"source_id":"ocha_opt","title":"State of Palestine - Palestinian Communities in the West Bank and the Gaza Strip","url":"https://www.ochaopt.org/page/datasets-and-mapping-tools","document_date":"2019-07-17","retrieved":"2026-08-09"}]}},{"type":"Feature","geometry":{"type":"Point","coordinates":[35.126722,31.535391]},"properties":{"locality_id":"502778","name":"Al Baqa'a","names":{"primary":"Al Baqa'a","arabic":"البقعه"},"district":"Hebron","subdistrict":null,"pop_1945_total":null,"pop_1945_palestinian":null,"in_east_jerusalem":false,"oslo_area":"C","population":[{"year":2017,"value":1389,"source_id":"ocha_opt"}],"depopulated_1948":false,"depopulated_date":null,"status_now":null,"group_1945":null,"group_now":null,"mechanism":null,"references":{},"evidence":[{"source_id":"ocha_opt","title":"State of Palestine - Palestinian Communities in the West Bank and the Gaza Strip","url":"https://www.ochaopt.org/page/datasets-and-mapping-tools","document_date":"2019-07-17","retrieved":"2026-08-09"}]}},{"type":"Feature","geometry":{"type":"Point","coordinates":[35.163439,32.257964]},"properties":{"locality_id":"999927","name":"Sahel Deir Sharaf ('Arab De'is)","names":{"primary":"Sahel Deir Sharaf ('Arab De'is)"},"district":"Nablus","subdistrict":null,"pop_1945_total":null,"pop_1945_palestinian":null,"in_east_jerusalem":false,"oslo_area":"A","population":[{"year":2017,"value":35,"source_id":"ocha_opt"}],"depopulated_1948":false,"depopulated_date":null,"status_now":null,"group_1945":null,"group_now":null,"mechanism":null,"references":{},"evidence":[{"source_id":"ocha_opt","title":"State of Palestine - Palestinian Communities in the West Bank and the Gaza Strip","url":"https://www.ochaopt.org/page/datasets-and-mapping-tools","document_date":"2019-07-17","retrieved":"2026-08-09"}]}},{"type":"Feature","geometry":{"type":"Point","coordinates":[35.098246,32.046605]},"properties":{"locality_id":"999974","name":"Deir Ghassana (Bani Zeid)","names":{"primary":"Deir Ghassana (Bani Zeid)"},"district":"Ramallah","subdistrict":null,"pop_1945_total":null,"pop_1945_palestinian":null,"in_east_jerusalem":false,"oslo_area":"A","population":[{"year":2017,"value":1692,"source_id":"ocha_opt"}],"depopulated_1948":false,"depopulated_date":null,"status_now":null,"group_1945":null,"group_now":null,"mechanism":null,"references":{},"evidence":[{"source_id":"ocha_opt","title":"State of Palestine - Palestinian Communities in the West Bank and the Gaza Strip","url":"https://www.ochaopt.org/page/datasets-and-mapping-tools","document_date":"2019-07-17","retrieved":"2026-08-09"}]}},{"type":"Feature","geometry":{"type":"Point","coordinates":[35.173802,32.041626]},"properties":{"locality_id":"301475","name":"Arura","names":{"primary":"Arura","arabic":"عارُورَة"},"district":"Ramallah","subdistrict":null,"pop_1945_total":null,"pop_1945_palestinian":null,"in_east_jerusalem":false,"oslo_area":"A","population":[{"year":2017,"value":3107,"source_id":"ocha_opt"}],"depopulated_1948":false,"depopulated_date":null,"status_now":null,"group_1945":null,"group_now":null,"mechanism":null,"references":{},"evidence":[{"source_id":"ocha_opt","title":"State of Palestine - Palestinian Communities in the West Bank and the Gaza Strip","url":"https://www.ochaopt.org/page/datasets-and-mapping-tools","document_date":"2019-07-17","retrieved":"2026-08-09"}]}},{"type":"Feature","geometry":{"type":"Point","coordinates":[35.210793,32.063899]},"properties":{"locality_id":"151435","name":"Ammuriya","names":{"primary":"Ammuriya","arabic":"عَمُّورْيَة"},"district":"Nablus","subdistrict":null,"pop_1945_total":null,"pop_1945_palestinian":null,"in_east_jerusalem":false,"oslo_area":"A","population":[{"year":2017,"value":371,"source_id":"ocha_opt"}],"depopulated_1948":false,"depopulated_date":null,"status_now":null,"group_1945":null,"group_now":null,"mechanism":null,"references":{},"evidence":[{"source_id":"ocha_opt","title":"State of Palestine - Palestinian Communities in the West Bank and the Gaza Strip","url":"https://www.ochaopt.org/page/datasets-and-mapping-tools","document_date":"2019-07-17","retrieved":"2026-08-09"}]}},{"type":"Feature","geometry":{"type":"Point","coordinates":[35.502505,32.329562]},"properties":{"locality_id":"999846","name":"Ein al Hilwa - Um al Jmal","names":{"primary":"Ein al Hilwa - Um al Jmal"},"district":"Tubas","subdistrict":null,"pop_1945_total":null,"pop_1945_palestinian":null,"in_east_jerusalem":false,"oslo_area":"C","population":[],"depopulated_1948":false,"depopulated_date":null,"status_now":null,"group_1945":null,"group_now":null,"mechanism":null,"references":{},"evidence":[{"source_id":"ocha_opt","title":"State of Palestine - Palestinian Communities in the West Bank and the Gaza Strip","url":"https://www.ochaopt.org/page/datasets-and-mapping-tools","document_date":"2019-07-17","retrieved":"2026-08-09"}]}},{"type":"Feature","geometry":{"type":"Point","coordinates":[35.494138,32.126493]},"properties":{"locality_id":"999835","name":"Al Jiftlik-abu al 'Ajaj","names":{"primary":"Al Jiftlik-abu al 'Ajaj"},"district":"Jericho","subdistrict":null,"pop_1945_total":null,"pop_1945_palestinian":null,"in_east_jerusalem":false,"oslo_area":"C","population":[],"depopulated_1948":false,"depopulated_date":null,"status_now":null,"group_1945":null,"group_now":null,"mechanism":null,"references":{},"evidence":[{"source_id":"ocha_opt","title":"State of Palestine - Palestinian Communities in the West Bank and the Gaza Strip","url":"https://www.ochaopt.org/page/datasets-and-mapping-tools","document_date":"2019-07-17","retrieved":"2026-08-09"}]}},{"type":"Feature","geometry":{"type":"Point","coordinates":[35.49815,32.142073]},"properties":{"locality_id":"999836","name":"Al Jiftlik-Garb al Muthallath","names":{"primary":"Al Jiftlik-Garb al Muthallath"},"district":"Jericho","subdistrict":null,"pop_1945_total":null,"pop_1945_palestinian":null,"in_east_jerusalem":false,"oslo_area":"C","population":[],"depopulated_1948":false,"depopulated_date":null,"status_now":null,"group_1945":null,"group_now":null,"mechanism":null,"references":{},"evidence":[{"source_id":"ocha_opt","title":"State of Palestine - Palestinian Communities in the West Bank and the Gaza Strip","url":"https://www.ochaopt.org/page/datasets-and-mapping-tools","document_date":"2019-07-17","retrieved":"2026-08-09"}]}},{"type":"Feature","geometry":{"type":"Point","coordinates":[35.47156,32.15455]},"properties":{"locality_id":"999834","name":"Al Jiftlik-ash-Shuneh","names":{"primary":"Al Jiftlik-ash-Shuneh"},"district":"Jericho","subdistrict":null,"pop_1945_total":null,"pop_1945_palestinian":null,"in_east_jerusalem":false,"oslo_area":"C","population":[],"depopulated_1948":false,"depopulated_date":null,"status_now":null,"group_1945":null,"group_now":null,"mechanism":null,"references":{},"evidence":[{"source_id":"ocha_opt","title":"State of Palestine - Palestinian Communities in the West Bank and the Gaza Strip","url":"https://www.ochaopt.org/page/datasets-and-mapping-tools","document_date":"2019-07-17","retrieved":"2026-08-09"}]}},{"type":"Feature","geometry":{"type":"Point","coordinates":[35.241288,32.070607]},"properties":{"locality_id":"151405","name":"Al Lubban ash Sharqiya","names":{"primary":"Al Lubban ash Sharqiya","arabic":"أللُبَّنْ الشَرْقِيَّة"},"district":"Nablus","subdistrict":null,"pop_1945_total":null,"pop_1945_palestinian":null,"in_east_jerusalem":false,"oslo_area":"A","population":[{"year":2017,"value":2640,"source_id":"ocha_opt"}],"depopulated_1948":false,"depopulated_date":null,"status_now":null,"group_1945":null,"group_now":null,"mechanism":null,"references":{},"evidence":[{"source_id":"ocha_opt","title":"State of Palestine - Palestinian Communities in the West Bank and the Gaza Strip","url":"https://www.ochaopt.org/page/datasets-and-mapping-tools","document_date":"2019-07-17","retrieved":"2026-08-09"}]}},{"type":"Feature","geometry":{"type":"Point","coordinates":[35.438733,31.867143]},"properties":{"locality_id":"351905","name":"Ein ad Duyuk at Tahta","names":{"primary":"Ein ad Duyuk at Tahta","arabic":"عِيْن الدْيوك التَحْتَا"},"district":"Jericho","subdistrict":null,"pop_1945_total":null,"pop_1945_palestinian":null,"in_east_jerusalem":false,"oslo_area":"A","population":[{"year":2017,"value":1056,"source_id":"ocha_opt"}],"depopulated_1948":false,"depopulated_date":null,"status_now":null,"group_1945":null,"group_now":null,"mechanism":null,"references":{},"evidence":[{"source_id":"ocha_opt","title":"State of Palestine - Palestinian Communities in the West Bank and the Gaza Strip","url":"https://www.ochaopt.org/page/datasets-and-mapping-tools","document_date":"2019-07-17","retrieved":"2026-08-09"}]}},{"type":"Feature","geometry":{"type":"Point","coordinates":[35.278217,32.295295]},"properties":{"locality_id":"150695","name":"Yasid","names":{"primary":"Yasid","arabic":"ياصِيد"},"district":"Nablus","subdistrict":null,"pop_1945_total":null,"pop_1945_palestinian":null,"in_east_jerusalem":false,"oslo_area":"A","population":[{"year":2017,"value":2505,"source_id":"ocha_opt"}],"depopulated_1948":false,"depopulated_date":null,"status_now":null,"group_1945":null,"group_now":null,"mechanism":null,"references":{},"evidence":[{"source_id":"ocha_opt","title":"State of Palestine - Palestinian Communities in the West Bank and the Gaza Strip","url":"https://www.ochaopt.org/page/datasets-and-mapping-tools","document_date":"2019-07-17","retrieved":"2026-08-09"}]}},{"type":"Feature","geometry":{"type":"Point","coordinates":[35.297531,32.069207]},"properties":{"locality_id":"151410","name":"Qaryut","names":{"primary":"Qaryut","arabic":"قَرْيُوت"},"district":"Nablus","subdistrict":null,"pop_1945_total":null,"pop_1945_palestinian":null,"in_east_jerusalem":false,"oslo_area":"A","population":[{"year":2017,"value":2560,"source_id":"ocha_opt"}],"depopulated_1948":false,"depopulated_date":null,"status_now":null,"group_1945":null,"group_now":null,"mechanism":null,"references":{},"evidence":[{"source_id":"ocha_opt","title":"State of Palestine - Palestinian Communities in the West Bank and the Gaza Strip","url":"https://www.ochaopt.org/page/datasets-and-mapping-tools","document_date":"2019-07-17","retrieved":"2026-08-09"}]}},{"type":"Feature","geometry":{"type":"Point","coordinates":[35.315887,32.068538]},"properties":{"locality_id":"151420","name":"Jalud","names":{"primary":"Jalud","arabic":"جَالُود"},"district":"Nablus","subdistrict":null,"pop_1945_total":null,"pop_1945_palestinian":null,"in_east_jerusalem":false,"oslo_area":"A","population":[{"year":2017,"value":743,"source_id":"ocha_opt"}],"depopulated_1948":false,"depopulated_date":null,"status_now":null,"group_1945":null,"group_now":null,"mechanism":null,"references":{},"evidence":[{"source_id":"ocha_opt","title":"State of Palestine - Palestinian Communities in the West Bank and the Gaza Strip","url":"https://www.ochaopt.org/page/datasets-and-mapping-tools","document_date":"2019-07-17","retrieved":"2026-08-09"}]}},{"type":"Feature","geometry":{"type":"Point","coordinates":[35.367717,32.057506]},"properties":{"locality_id":"151445","name":"Duma","names":{"primary":"Duma","arabic":"دُوْمَا"},"district":"Nablus","subdistrict":null,"pop_1945_total":null,"pop_1945_palestinian":null,"in_east_jerusalem":false,"oslo_area":"A","population":[{"year":2017,"value":2613,"source_id":"ocha_opt"}],"depopulated_1948":false,"depopulated_date":null,"status_now":null,"group_1945":null,"group_now":null,"mechanism":null,"references":{},"evidence":[{"source_id":"ocha_opt","title":"State of Palestine - Palestinian Communities in the West Bank and the Gaza Strip","url":"https://www.ochaopt.org/page/datasets-and-mapping-tools","document_date":"2019-07-17","retrieved":"2026-08-09"}]}},{"type":"Feature","geometry":{"type":"Point","coordinates":[35.28752,32.102753]},"properties":{"locality_id":"151335","name":"Qabalan","names":{"primary":"Qabalan","arabic":"قبلان"},"district":"Nablus","subdistrict":null,"pop_1945_total":null,"pop_1945_palestinian":null,"in_east_jerusalem":false,"oslo_area":"A","population":[{"year":2017,"value":8195,"source_id":"ocha_opt"}],"depopulated_1948":false,"depopulated_date":null,"status_now":null,"group_1945":null,"group_now":null,"mechanism":null,"references":{},"evidence":[{"source_id":"ocha_opt","title":"State of Palestine - Palestinian Communities in the West Bank and the Gaza Strip","url":"https://www.ochaopt.org/page/datasets-and-mapping-tools","document_date":"2019-07-17","retrieved":"2026-08-09"}]}},{"type":"Feature","geometry":{"type":"Point","coordinates":[35.257213,32.084993]},"properties":{"locality_id":"151380","name":"As Sawiya","names":{"primary":"As Sawiya","arabic":"السَاوِيَة"},"district":"Nablus","subdistrict":null,"pop_1945_total":null,"pop_1945_palestinian":null,"in_east_jerusalem":false,"oslo_area":"A","population":[{"year":2017,"value":2761,"source_id":"ocha_opt"}],"depopulated_1948":false,"depopulated_date":null,"status_now":null,"group_1945":null,"group_now":null,"mechanism":null,"references":{},"evidence":[{"source_id":"ocha_opt","title":"State of Palestine - Palestinian Communities in the West Bank and the Gaza Strip","url":"https://www.ochaopt.org/page/datasets-and-mapping-tools","document_date":"2019-07-17","retrieved":"2026-08-09"}]}},{"type":"Feature","geometry":{"type":"Point","coordinates":[35.271215,32.10854]},"properties":{"locality_id":"151325","name":"Yatma","names":{"primary":"Yatma","arabic":"يِتْمَا"},"district":"Nablus","subdistrict":null,"pop_1945_total":null,"pop_1945_palestinian":null,"in_east_jerusalem":false,"oslo_area":"A","population":[{"year":2017,"value":3363,"source_id":"ocha_opt"}],"depopulated_1948":false,"depopulated_date":null,"status_now":null,"group_1945":null,"group_now":null,"mechanism":null,"references":{},"evidence":[{"source_id":"ocha_opt","title":"State of Palestine - Palestinian Communities in the West Bank and the Gaza Strip","url":"https://www.ochaopt.org/page/datasets-and-mapping-tools","document_date":"2019-07-17","retrieved":"2026-08-09"}]}},{"type":"Feature","geometry":{"type":"Point","coordinates":[35.322365,32.10186]},"properties":{"locality_id":"151345","name":"Jurish","names":{"primary":"Jurish","arabic":"جُورِيش"},"district":"Nablus","subdistrict":null,"pop_1945_total":null,"pop_1945_palestinian":null,"in_east_jerusalem":false,"oslo_area":"A","population":[{"year":2017,"value":1541,"source_id":"ocha_opt"}],"depopulated_1948":false,"depopulated_date":null,"status_now":null,"group_1945":null,"group_now":null,"mechanism":null,"references":{},"evidence":[{"source_id":"ocha_opt","title":"State of Palestine - Palestinian Communities in the West Bank and the Gaza Strip","url":"https://www.ochaopt.org/page/datasets-and-mapping-tools","document_date":"2019-07-17","retrieved":"2026-08-09"}]}},{"type":"Feature","geometry":{"type":"Point","coordinates":[35.330659,32.086382]},"properties":{"locality_id":"151365","name":"Qusra","names":{"primary":"Qusra","arabic":"قُصْرة"},"district":"Nablus","subdistrict":null,"pop_1945_total":null,"pop_1945_palestinian":null,"in_east_jerusalem":false,"oslo_area":"A","population":[{"year":2017,"value":5418,"source_id":"ocha_opt"}],"depopulated_1948":false,"depopulated_date":null,"status_now":null,"group_1945":null,"group_now":null,"mechanism":null,"references":{},"evidence":[{"source_id":"ocha_opt","title":"State of Palestine - Palestinian Communities in the West Bank and the Gaza Strip","url":"https://www.ochaopt.org/page/datasets-and-mapping-tools","document_date":"2019-07-17","retrieved":"2026-08-09"}]}},{"type":"Feature","geometry":{"type":"Point","coordinates":[35.294165,32.085226]},"properties":{"locality_id":"151375","name":"Talfit","names":{"primary":"Talfit","arabic":"تَلْفِيت"},"district":"Nablus","subdistrict":null,"pop_1945_total":null,"pop_1945_palestinian":null,"in_east_jerusalem":false,"oslo_area":"A","population":[{"year":2017,"value":3591,"source_id":"ocha_opt"}],"depopulated_1948":false,"depopulated_date":null,"status_now":null,"group_1945":null,"group_now":null,"mechanism":null,"references":{},"evidence":[{"source_id":"ocha_opt","title":"State of Palestine - Palestinian Communities in the West Bank and the Gaza Strip","url":"https://www.ochaopt.org/page/datasets-and-mapping-tools","document_date":"2019-07-17","retrieved":"2026-08-09"}]}},{"type":"Feature","geometry":{"type":"Point","coordinates":[35.364173,32.083245]},"properties":{"locality_id":"151385","name":"Majdal Bani Fadil","names":{"primary":"Majdal Bani Fadil","arabic":"مَجْدَلْ بَني فاضِل"},"district":"Nablus","subdistrict":null,"pop_1945_total":null,"pop_1945_palestinian":null,"in_east_jerusalem":false,"oslo_area":"A","population":[{"year":2017,"value":2907,"source_id":"ocha_opt"}],"depopulated_1948":false,"depopulated_date":null,"status_now":null,"group_1945":null,"group_now":null,"mechanism":null,"references":{},"evidence":[{"source_id":"ocha_opt","title":"State of Palestine - Palestinian Communities in the West Bank and the Gaza Strip","url":"https://www.ochaopt.org/page/datasets-and-mapping-tools","document_date":"2019-07-17","retrieved":"2026-08-09"}]}},{"type":"Feature","geometry":{"type":"Point","coordinates":[35.225243,32.158114]},"properties":{"locality_id":"151160","name":"Urif","names":{"primary":"Urif","arabic":"عُورِيف"},"district":"Nablus","subdistrict":null,"pop_1945_total":null,"pop_1945_palestinian":null,"in_east_jerusalem":false,"oslo_area":"A","population":[{"year":2017,"value":3624,"source_id":"ocha_opt"}],"depopulated_1948":false,"depopulated_date":null,"status_now":null,"group_1945":null,"group_now":null,"mechanism":null,"references":{},"evidence":[{"source_id":"ocha_opt","title":"State of Palestine - Palestinian Communities in the West Bank and the Gaza Strip","url":"https://www.ochaopt.org/page/datasets-and-mapping-tools","document_date":"2019-07-17","retrieved":"2026-08-09"}]}},{"type":"Feature","geometry":{"type":"Point","coordinates":[35.185299,32.13746]},"properties":{"locality_id":"151230","name":"Zeita Jamma'in","names":{"primary":"Zeita Jamma'in","arabic":"زَيْتَا جَمَّاعِين"},"district":"Nablus","subdistrict":null,"pop_1945_total":null,"pop_1945_palestinian":null,"in_east_jerusalem":false,"oslo_area":"A","population":[{"year":2017,"value":2740,"source_id":"ocha_opt"}],"depopulated_1948":false,"depopulated_date":null,"status_now":null,"group_1945":null,"group_now":null,"mechanism":null,"references":{},"evidence":[{"source_id":"ocha_opt","title":"State of Palestine - Palestinian Communities in the West Bank and the Gaza Strip","url":"https://www.ochaopt.org/page/datasets-and-mapping-tools","document_date":"2019-07-17","retrieved":"2026-08-09"}]}},{"type":"Feature","geometry":{"type":"Point","coordinates":[35.21252,32.133593]},"properties":{"locality_id":"151245","name":"Jamma'in","names":{"primary":"Jamma'in","arabic":"جَمَّاعِين"},"district":"Nablus","subdistrict":null,"pop_1945_total":null,"pop_1945_palestinian":null,"in_east_jerusalem":false,"oslo_area":"A","population":[{"year":2017,"value":7436,"source_id":"ocha_opt"}],"depopulated_1948":false,"depopulated_date":null,"status_now":null,"group_1945":null,"group_now":null,"mechanism":null,"references":{},"evidence":[{"source_id":"ocha_opt","title":"State of Palestine - Palestinian Communities in the West Bank and the Gaza Strip","url":"https://www.ochaopt.org/page/datasets-and-mapping-tools","document_date":"2019-07-17","retrieved":"2026-08-09"}]}},{"type":"Feature","geometry":{"type":"Point","coordinates":[35.287015,32.161817]},"properties":{"locality_id":"151135","name":"Awarta","names":{"primary":"Awarta","arabic":"عَوَرْتا"},"district":"Nablus","subdistrict":null,"pop_1945_total":null,"pop_1945_palestinian":null,"in_east_jerusalem":false,"oslo_area":"A","population":[{"year":2017,"value":7054,"source_id":"ocha_opt"}],"depopulated_1948":false,"depopulated_date":null,"status_now":null,"group_1945":null,"group_now":null,"mechanism":null,"references":{},"evidence":[{"source_id":"ocha_opt","title":"State of Palestine - Palestinian Communities in the West Bank and the Gaza Strip","url":"https://www.ochaopt.org/page/datasets-and-mapping-tools","document_date":"2019-07-17","retrieved":"2026-08-09"}]}},{"type":"Feature","geometry":{"type":"Point","coordinates":[35.276777,32.153584]},"properties":{"locality_id":"151180","name":"Odala","names":{"primary":"Odala","arabic":"أُودَلاَ"},"district":"Nablus","subdistrict":null,"pop_1945_total":null,"pop_1945_palestinian":null,"in_east_jerusalem":false,"oslo_area":"A","population":[{"year":2017,"value":1566,"source_id":"ocha_opt"}],"depopulated_1948":false,"depopulated_date":null,"status_now":null,"group_1945":null,"group_now":null,"mechanism":null,"references":{},"evidence":[{"source_id":"ocha_opt","title":"State of Palestine - Palestinian Communities in the West Bank and the Gaza Strip","url":"https://www.ochaopt.org/page/datasets-and-mapping-tools","document_date":"2019-07-17","retrieved":"2026-08-09"}]}},{"type":"Feature","geometry":{"type":"Point","coordinates":[35.257163,32.149809]},"properties":{"locality_id":"151185","name":"Huwwara","names":{"primary":"Huwwara","arabic":"حُوَّارَة"},"district":"Nablus","subdistrict":null,"pop_1945_total":null,"pop_1945_palestinian":null,"in_east_jerusalem":false,"oslo_area":"A","population":[{"year":2017,"value":6659,"source_id":"ocha_opt"}],"depopulated_1948":false,"depopulated_date":null,"status_now":null,"group_1945":null,"group_now":null,"mechanism":null,"references":{},"evidence":[{"source_id":"ocha_opt","title":"State of Palestine - Palestinian Communities in the West Bank and the Gaza Strip","url":"https://www.ochaopt.org/page/datasets-and-mapping-tools","document_date":"2019-07-17","retrieved":"2026-08-09"}]}},{"type":"Feature","geometry":{"type":"Point","coordinates":[35.243636,32.147736]},"properties":{"locality_id":"151195","name":"Einabus","names":{"primary":"Einabus","arabic":"عَيْنَبُوس"},"district":"Nablus","subdistrict":null,"pop_1945_total":null,"pop_1945_palestinian":null,"in_east_jerusalem":false,"oslo_area":"A","population":[{"year":2017,"value":2891,"source_id":"ocha_opt"}],"depopulated_1948":false,"depopulated_date":null,"status_now":null,"group_1945":null,"group_now":null,"mechanism":null,"references":{},"evidence":[{"source_id":"ocha_opt","title":"State of Palestine - Palestinian Communities in the West Bank and the Gaza Strip","url":"https://www.ochaopt.org/page/datasets-and-mapping-tools","document_date":"2019-07-17","retrieved":"2026-08-09"}]}},{"type":"Feature","geometry":{"type":"Point","coordinates":[35.310282,32.126064]},"properties":{"locality_id":"151265","name":"Osarin","names":{"primary":"Osarin","arabic":"أُوصَرِين"},"district":"Nablus","subdistrict":null,"pop_1945_total":null,"pop_1945_palestinian":null,"in_east_jerusalem":false,"oslo_area":"A","population":[{"year":2017,"value":2053,"source_id":"ocha_opt"}],"depopulated_1948":false,"depopulated_date":null,"status_now":null,"group_1945":null,"group_now":null,"mechanism":null,"references":{},"evidence":[{"source_id":"ocha_opt","title":"State of Palestine - Palestinian Communities in the West Bank and the Gaza Strip","url":"https://www.ochaopt.org/page/datasets-and-mapping-tools","document_date":"2019-07-17","retrieved":"2026-08-09"}]}},{"type":"Feature","geometry":{"type":"Point","coordinates":[35.344264,32.125848]},"properties":{"locality_id":"151270","name":"Aqraba","names":{"primary":"Aqraba","arabic":"عَقْرَبَا"},"district":"Nablus","subdistrict":null,"pop_1945_total":null,"pop_1945_palestinian":null,"in_east_jerusalem":false,"oslo_area":"A","population":[{"year":2017,"value":10024,"source_id":"ocha_opt"}],"depopulated_1948":false,"depopulated_date":null,"status_now":null,"group_1945":null,"group_now":null,"mechanism":null,"references":{},"evidence":[{"source_id":"ocha_opt","title":"State of Palestine - Palestinian Communities in the West Bank and the Gaza Strip","url":"https://www.ochaopt.org/page/datasets-and-mapping-tools","document_date":"2019-07-17","retrieved":"2026-08-09"}]}},{"type":"Feature","geometry":{"type":"Point","coordinates":[35.060443,32.196853]},"properties":{"locality_id":"200980","name":"Izbat Abu Hamada","names":{"primary":"Izbat Abu Hamada","arabic":"عِزْبِة أبو حَمَادَة"},"district":"Qalqiliya","subdistrict":null,"pop_1945_total":null,"pop_1945_palestinian":null,"in_east_jerusalem":false,"oslo_area":"A","population":[],"depopulated_1948":false,"depopulated_date":null,"status_now":null,"group_1945":null,"group_now":null,"mechanism":null,"references":{},"evidence":[{"source_id":"ocha_opt","title":"State of Palestine - Palestinian Communities in the West Bank and the Gaza Strip","url":"https://www.ochaopt.org/page/datasets-and-mapping-tools","document_date":"2019-07-17","retrieved":"2026-08-09"}]}},{"type":"Feature","geometry":{"type":"Point","coordinates":[35.189957,32.210452]},"properties":{"locality_id":"150950","name":"Sarra","names":{"primary":"Sarra","arabic":"صَرَّة"},"district":"Nablus","subdistrict":null,"pop_1945_total":null,"pop_1945_palestinian":null,"in_east_jerusalem":false,"oslo_area":"A","population":[{"year":2017,"value":3384,"source_id":"ocha_opt"}],"depopulated_1948":false,"depopulated_date":null,"status_now":null,"group_1945":null,"group_now":null,"mechanism":null,"references":{},"evidence":[{"source_id":"ocha_opt","title":"State of Palestine - Palestinian Communities in the West Bank and the Gaza Strip","url":"https://www.ochaopt.org/page/datasets-and-mapping-tools","document_date":"2019-07-17","retrieved":"2026-08-09"}]}},{"type":"Feature","geometry":{"type":"Point","coordinates":[35.211927,32.199444]},"properties":{"locality_id":"150990","name":"Tell","names":{"primary":"Tell","arabic":"تِلّ"},"district":"Nablus","subdistrict":null,"pop_1945_total":null,"pop_1945_palestinian":null,"in_east_jerusalem":false,"oslo_area":"A","population":[{"year":2017,"value":5162,"source_id":"ocha_opt"}],"depopulated_1948":false,"depopulated_date":null,"status_now":null,"group_1945":null,"group_now":null,"mechanism":null,"references":{},"evidence":[{"source_id":"ocha_opt","title":"State of Palestine - Palestinian Communities in the West Bank and the Gaza Strip","url":"https://www.ochaopt.org/page/datasets-and-mapping-tools","document_date":"2019-07-17","retrieved":"2026-08-09"}]}},{"type":"Feature","geometry":{"type":"Point","coordinates":[35.232268,32.18416]},"properties":{"locality_id":"151050","name":"Madama","names":{"primary":"Madama","arabic":"مَادَما"},"district":"Nablus","subdistrict":null,"pop_1945_total":null,"pop_1945_palestinian":null,"in_east_jerusalem":false,"oslo_area":"A","population":[{"year":2017,"value":2092,"source_id":"ocha_opt"}],"depopulated_1948":false,"depopulated_date":null,"status_now":null,"group_1945":null,"group_now":null,"mechanism":null,"references":{},"evidence":[{"source_id":"ocha_opt","title":"State of Palestine - Palestinian Communities in the West Bank and the Gaza Strip","url":"https://www.ochaopt.org/page/datasets-and-mapping-tools","document_date":"2019-07-17","retrieved":"2026-08-09"}]}},{"type":"Feature","geometry":{"type":"Point","coordinates":[35.213489,32.175997]},"properties":{"locality_id":"151095","name":"Asira al Qibliya","names":{"primary":"Asira al Qibliya","arabic":"عَصِيرَة القِبْلِيَّة"},"district":"Nablus","subdistrict":null,"pop_1945_total":null,"pop_1945_palestinian":null,"in_east_jerusalem":false,"oslo_area":"A","population":[{"year":2017,"value":2935,"source_id":"ocha_opt"}],"depopulated_1948":false,"depopulated_date":null,"status_now":null,"group_1945":null,"group_now":null,"mechanism":null,"references":{},"evidence":[{"source_id":"ocha_opt","title":"State of Palestine - Palestinian Communities in the West Bank and the Gaza Strip","url":"https://www.ochaopt.org/page/datasets-and-mapping-tools","document_date":"2019-07-17","retrieved":"2026-08-09"}]}},{"type":"Feature","geometry":{"type":"Point","coordinates":[35.28671,32.206319]},"properties":{"locality_id":"150960","name":"Balata Camp","names":{"primary":"Balata Camp","arabic":"مُخَيَّم بَلاطَة"},"district":"Nablus","subdistrict":null,"pop_1945_total":null,"pop_1945_palestinian":null,"in_east_jerusalem":false,"oslo_area":"A","population":[{"year":2017,"value":14635,"source_id":"ocha_opt"}],"depopulated_1948":false,"depopulated_date":null,"status_now":null,"group_1945":null,"group_now":null,"mechanism":null,"references":{},"evidence":[{"source_id":"ocha_opt","title":"State of Palestine - Palestinian Communities in the West Bank and the Gaza Strip","url":"https://www.ochaopt.org/page/datasets-and-mapping-tools","document_date":"2019-07-17","retrieved":"2026-08-09"}]}},{"type":"Feature","geometry":{"type":"Point","coordinates":[35.242267,32.200462]},"properties":{"locality_id":"150975","name":"Iraq Burin","names":{"primary":"Iraq Burin","arabic":"عِرَاق بُورِين"},"district":"Nablus","subdistrict":null,"pop_1945_total":null,"pop_1945_palestinian":null,"in_east_jerusalem":false,"oslo_area":"A","population":[{"year":2017,"value":1008,"source_id":"ocha_opt"}],"depopulated_1948":false,"depopulated_date":null,"status_now":null,"group_1945":null,"group_now":null,"mechanism":null,"references":{},"evidence":[{"source_id":"ocha_opt","title":"State of Palestine - Palestinian Communities in the West Bank and the Gaza Strip","url":"https://www.ochaopt.org/page/datasets-and-mapping-tools","document_date":"2019-07-17","retrieved":"2026-08-09"}]}},{"type":"Feature","geometry":{"type":"Point","coordinates":[35.249487,32.182727]},"properties":{"locality_id":"151080","name":"Burin","names":{"primary":"Burin","arabic":"بُورِين"},"district":"Nablus","subdistrict":null,"pop_1945_total":null,"pop_1945_palestinian":null,"in_east_jerusalem":false,"oslo_area":"A","population":[{"year":2017,"value":2844,"source_id":"ocha_opt"}],"depopulated_1948":false,"depopulated_date":null,"status_now":null,"group_1945":null,"group_now":null,"mechanism":null,"references":{},"evidence":[{"source_id":"ocha_opt","title":"State of Palestine - Palestinian Communities in the West Bank and the Gaza Strip","url":"https://www.ochaopt.org/page/datasets-and-mapping-tools","document_date":"2019-07-17","retrieved":"2026-08-09"}]}},{"type":"Feature","geometry":{"type":"Point","coordinates":[35.293354,32.193042]},"properties":{"locality_id":"151010","name":"Rujeib","names":{"primary":"Rujeib","arabic":"رُوجِيب"},"district":"Nablus","subdistrict":null,"pop_1945_total":null,"pop_1945_palestinian":null,"in_east_jerusalem":false,"oslo_area":"A","population":[{"year":2017,"value":5964,"source_id":"ocha_opt"}],"depopulated_1948":false,"depopulated_date":null,"status_now":null,"group_1945":null,"group_now":null,"mechanism":null,"references":{},"evidence":[{"source_id":"ocha_opt","title":"State of Palestine - Palestinian Communities in the West Bank and the Gaza Strip","url":"https://www.ochaopt.org/page/datasets-and-mapping-tools","document_date":"2019-07-17","retrieved":"2026-08-09"}]}},{"type":"Feature","geometry":{"type":"Point","coordinates":[35.334018,32.178002]},"properties":{"locality_id":"151090","name":"Beit Furik","names":{"primary":"Beit Furik","arabic":"بِيت فُورِيك"},"district":"Nablus","subdistrict":null,"pop_1945_total":null,"pop_1945_palestinian":null,"in_east_jerusalem":false,"oslo_area":"A","population":[{"year":2017,"value":13477,"source_id":"ocha_opt"}],"depopulated_1948":false,"depopulated_date":null,"status_now":null,"group_1945":null,"group_now":null,"mechanism":null,"references":{},"evidence":[{"source_id":"ocha_opt","title":"State of Palestine - Palestinian Communities in the West Bank and the Gaza Strip","url":"https://www.ochaopt.org/page/datasets-and-mapping-tools","document_date":"2019-07-17","retrieved":"2026-08-09"}]}},{"type":"Feature","geometry":{"type":"Point","coordinates":[35.372492,32.192958]},"properties":{"locality_id":"151000","name":"Beit Dajan","names":{"primary":"Beit Dajan","arabic":"بِيت دَجَن"},"district":"Nablus","subdistrict":null,"pop_1945_total":null,"pop_1945_palestinian":null,"in_east_jerusalem":false,"oslo_area":"A","population":[{"year":2017,"value":4460,"source_id":"ocha_opt"}],"depopulated_1948":false,"depopulated_date":null,"status_now":null,"group_1945":null,"group_now":null,"mechanism":null,"references":{},"evidence":[{"source_id":"ocha_opt","title":"State of Palestine - Palestinian Communities in the West Bank and the Gaza Strip","url":"https://www.ochaopt.org/page/datasets-and-mapping-tools","document_date":"2019-07-17","retrieved":"2026-08-09"}]}},{"type":"Feature","geometry":{"type":"Point","coordinates":[35.329779,32.209486]},"properties":{"locality_id":"150955","name":"Salim","names":{"primary":"Salim","arabic":"سالِم"},"district":"Nablus","subdistrict":null,"pop_1945_total":null,"pop_1945_palestinian":null,"in_east_jerusalem":false,"oslo_area":"A","population":[{"year":2017,"value":6266,"source_id":"ocha_opt"}],"depopulated_1948":false,"depopulated_date":null,"status_now":null,"group_1945":null,"group_now":null,"mechanism":null,"references":{},"evidence":[{"source_id":"ocha_opt","title":"State of Palestine - Palestinian Communities in the West Bank and the Gaza Strip","url":"https://www.ochaopt.org/page/datasets-and-mapping-tools","document_date":"2019-07-17","retrieved":"2026-08-09"}]}},{"type":"Feature","geometry":{"type":"Point","coordinates":[35.380087,32.243771]},"properties":{"locality_id":"150850","name":"Khirbet Tall al Ghar","names":{"primary":"Khirbet Tall al Ghar","arabic":"خِرْبِة تَل الغَار"},"district":"Nablus","subdistrict":null,"pop_1945_total":null,"pop_1945_palestinian":null,"in_east_jerusalem":false,"oslo_area":"A","population":[{"year":2017,"value":9,"source_id":"ocha_opt"}],"depopulated_1948":false,"depopulated_date":null,"status_now":null,"group_1945":null,"group_now":null,"mechanism":null,"references":{},"evidence":[{"source_id":"ocha_opt","title":"State of Palestine - Palestinian Communities in the West Bank and the Gaza Strip","url":"https://www.ochaopt.org/page/datasets-and-mapping-tools","document_date":"2019-07-17","retrieved":"2026-08-09"}]}},{"type":"Feature","geometry":{"type":"Point","coordinates":[35.098943,32.301953]},"properties":{"locality_id":"100685","name":"Izbat al Khilal","names":{"primary":"Izbat al Khilal","arabic":"عِزْبَة الخلال"},"district":"Tulkarm","subdistrict":null,"pop_1945_total":null,"pop_1945_palestinian":null,"in_east_jerusalem":false,"oslo_area":"A","population":[{"year":2017,"value":140,"source_id":"ocha_opt"}],"depopulated_1948":false,"depopulated_date":null,"status_now":null,"group_1945":null,"group_now":null,"mechanism":null,"references":{},"evidence":[{"source_id":"ocha_opt","title":"State of Palestine - Palestinian Communities in the West Bank and the Gaza Strip","url":"https://www.ochaopt.org/page/datasets-and-mapping-tools","document_date":"2019-07-17","retrieved":"2026-08-09"}]}},{"type":"Feature","geometry":{"type":"Point","coordinates":[35.258688,32.384996]},"properties":{"locality_id":"10430","name":"Al Jarba","names":{"primary":"Al Jarba","arabic":"الجَرْبا"},"district":"Jenin","subdistrict":null,"pop_1945_total":null,"pop_1945_palestinian":null,"in_east_jerusalem":false,"oslo_area":"A","population":[{"year":2017,"value":63,"source_id":"ocha_opt"}],"depopulated_1948":false,"depopulated_date":null,"status_now":null,"group_1945":null,"group_now":null,"mechanism":null,"references":{},"evidence":[{"source_id":"ocha_opt","title":"State of Palestine - Palestinian Communities in the West Bank and the Gaza Strip","url":"https://www.ochaopt.org/page/datasets-and-mapping-tools","document_date":"2019-07-17","retrieved":"2026-08-09"}]}},{"type":"Feature","geometry":{"type":"Point","coordinates":[35.176402,32.282278]},"properties":{"locality_id":"150750","name":"Al Mas'udiya","names":{"primary":"Al Mas'udiya","arabic":"المَسْعُودِيَّة"},"district":"Nablus","subdistrict":null,"pop_1945_total":null,"pop_1945_palestinian":null,"in_east_jerusalem":false,"oslo_area":"A","population":[{"year":2017,"value":37,"source_id":"ocha_opt"}],"depopulated_1948":false,"depopulated_date":null,"status_now":null,"group_1945":null,"group_now":null,"mechanism":null,"references":{},"evidence":[{"source_id":"ocha_opt","title":"State of Palestine - Palestinian Communities in the West Bank and the Gaza Strip","url":"https://www.ochaopt.org/page/datasets-and-mapping-tools","document_date":"2019-07-17","retrieved":"2026-08-09"}]}},{"type":"Feature","geometry":{"type":"Point","coordinates":[35.190866,32.300028]},"properties":{"locality_id":"150680","name":"Burqa","names":{"primary":"Burqa","arabic":"بُرْقَة"},"district":"Nablus","subdistrict":null,"pop_1945_total":null,"pop_1945_palestinian":null,"in_east_jerusalem":false,"oslo_area":"A","population":[{"year":2017,"value":4115,"source_id":"ocha_opt"}],"depopulated_1948":false,"depopulated_date":null,"status_now":null,"group_1945":null,"group_now":null,"mechanism":null,"references":{},"evidence":[{"source_id":"ocha_opt","title":"State of Palestine - Palestinian Communities in the West Bank and the Gaza Strip","url":"https://www.ochaopt.org/page/datasets-and-mapping-tools","document_date":"2019-07-17","retrieved":"2026-08-09"}]}},{"type":"Feature","geometry":{"type":"Point","coordinates":[35.216598,32.292592]},"properties":{"locality_id":"150705","name":"Beit Imrin","names":{"primary":"Beit Imrin","arabic":"بِيت إِمرِين"},"district":"Nablus","subdistrict":null,"pop_1945_total":null,"pop_1945_palestinian":null,"in_east_jerusalem":false,"oslo_area":"A","population":[{"year":2017,"value":3323,"source_id":"ocha_opt"}],"depopulated_1948":false,"depopulated_date":null,"status_now":null,"group_1945":null,"group_now":null,"mechanism":null,"references":{},"evidence":[{"source_id":"ocha_opt","title":"State of Palestine - Palestinian Communities in the West Bank and the Gaza Strip","url":"https://www.ochaopt.org/page/datasets-and-mapping-tools","document_date":"2019-07-17","retrieved":"2026-08-09"}]}},{"type":"Feature","geometry":{"type":"Point","coordinates":[35.219569,32.28342]},"properties":{"locality_id":"150745","name":"Nisf Jubeil","names":{"primary":"Nisf Jubeil","arabic":"نِصْف جُبَيْل"},"district":"Nablus","subdistrict":null,"pop_1945_total":null,"pop_1945_palestinian":null,"in_east_jerusalem":false,"oslo_area":"A","population":[{"year":2017,"value":471,"source_id":"ocha_opt"}],"depopulated_1948":false,"depopulated_date":null,"status_now":null,"group_1945":null,"group_now":null,"mechanism":null,"references":{},"evidence":[{"source_id":"ocha_opt","title":"State of Palestine - Palestinian Communities in the West Bank and the Gaza Strip","url":"https://www.ochaopt.org/page/datasets-and-mapping-tools","document_date":"2019-07-17","retrieved":"2026-08-09"}]}},{"type":"Feature","geometry":{"type":"Point","coordinates":[35.197816,32.275625]},"properties":{"locality_id":"150765","name":"Sabastiya","names":{"primary":"Sabastiya","arabic":"سَبَسْطِية"},"district":"Nablus","subdistrict":null,"pop_1945_total":null,"pop_1945_palestinian":null,"in_east_jerusalem":false,"oslo_area":"A","population":[{"year":2017,"value":3205,"source_id":"ocha_opt"}],"depopulated_1948":false,"depopulated_date":null,"status_now":null,"group_1945":null,"group_now":null,"mechanism":null,"references":{},"evidence":[{"source_id":"ocha_opt","title":"State of Palestine - Palestinian Communities in the West Bank and the Gaza Strip","url":"https://www.ochaopt.org/page/datasets-and-mapping-tools","document_date":"2019-07-17","retrieved":"2026-08-09"}]}},{"type":"Feature","geometry":{"type":"Point","coordinates":[35.216062,32.272772]},"properties":{"locality_id":"150770","name":"Ijnisinya","names":{"primary":"Ijnisinya","arabic":"إجْنِسِنْيَا"},"district":"Nablus","subdistrict":null,"pop_1945_total":null,"pop_1945_palestinian":null,"in_east_jerusalem":false,"oslo_area":"A","population":[{"year":2017,"value":585,"source_id":"ocha_opt"}],"depopulated_1948":false,"depopulated_date":null,"status_now":null,"group_1945":null,"group_now":null,"mechanism":null,"references":{},"evidence":[{"source_id":"ocha_opt","title":"State of Palestine - Palestinian Communities in the West Bank and the Gaza Strip","url":"https://www.ochaopt.org/page/datasets-and-mapping-tools","document_date":"2019-07-17","retrieved":"2026-08-09"}]}},{"type":"Feature","geometry":{"type":"Point","coordinates":[35.198012,32.26398]},"properties":{"locality_id":"150785","name":"An Naqura","names":{"primary":"An Naqura","arabic":"الناقُورَة"},"district":"Nablus","subdistrict":null,"pop_1945_total":null,"pop_1945_palestinian":null,"in_east_jerusalem":false,"oslo_area":"A","population":[{"year":2017,"value":1786,"source_id":"ocha_opt"}],"depopulated_1948":false,"depopulated_date":null,"status_now":null,"group_1945":null,"group_now":null,"mechanism":null,"references":{},"evidence":[{"source_id":"ocha_opt","title":"State of Palestine - Palestinian Communities in the West Bank and the Gaza Strip","url":"https://www.ochaopt.org/page/datasets-and-mapping-tools","document_date":"2019-07-17","retrieved":"2026-08-09"}]}},{"type":"Feature","geometry":{"type":"Point","coordinates":[35.342942,32.408043]},"properties":{"locality_id":"10325","name":"Tannin","names":{"primary":"Tannin","arabic":"تَنِّين"},"district":"Jenin","subdistrict":null,"pop_1945_total":null,"pop_1945_palestinian":null,"in_east_jerusalem":false,"oslo_area":"A","population":[{"year":2017,"value":164,"source_id":"ocha_opt"}],"depopulated_1948":false,"depopulated_date":null,"status_now":null,"group_1945":null,"group_now":null,"mechanism":null,"references":{},"evidence":[{"source_id":"ocha_opt","title":"State of Palestine - Palestinian Communities in the West Bank and the Gaza Strip","url":"https://www.ochaopt.org/page/datasets-and-mapping-tools","document_date":"2019-07-17","retrieved":"2026-08-09"}]}},{"type":"Feature","geometry":{"type":"Point","coordinates":[35.108005,32.471578]},"properties":{"locality_id":"10130","name":"Khirbet ash Sheikh Sa'eed","names":{"primary":"Khirbet ash Sheikh Sa'eed","arabic":"خِرْبِةالشَيْخ سَعِيد"},"district":"Jenin","subdistrict":null,"pop_1945_total":null,"pop_1945_palestinian":null,"in_east_jerusalem":false,"oslo_area":"A","population":[{"year":2017,"value":357,"source_id":"ocha_opt"}],"depopulated_1948":false,"depopulated_date":null,"status_now":null,"group_1945":null,"group_now":null,"mechanism":null,"references":{},"evidence":[{"source_id":"ocha_opt","title":"State of Palestine - Palestinian Communities in the West Bank and the Gaza Strip","url":"https://www.ochaopt.org/page/datasets-and-mapping-tools","document_date":"2019-07-17","retrieved":"2026-08-09"}]}},{"type":"Feature","geometry":{"type":"Point","coordinates":[35.002702,31.402408]},"properties":{"locality_id":"503285","name":"Khirbet Shuweika","names":{"primary":"Khirbet Shuweika","arabic":"خِرْبِة شُوَيْكَة"},"district":"Hebron","subdistrict":null,"pop_1945_total":null,"pop_1945_palestinian":null,"in_east_jerusalem":false,"oslo_area":"A","population":[{"year":2017,"value":282,"source_id":"ocha_opt"}],"depopulated_1948":false,"depopulated_date":null,"status_now":null,"group_1945":null,"group_now":null,"mechanism":null,"references":{},"evidence":[{"source_id":"ocha_opt","title":"State of Palestine - Palestinian Communities in the West Bank and the Gaza Strip","url":"https://www.ochaopt.org/page/datasets-and-mapping-tools","document_date":"2019-07-17","retrieved":"2026-08-09"}]}},{"type":"Feature","geometry":{"type":"Point","coordinates":[35.157793,31.393403]},"properties":{"locality_id":"999993","name":"Khallet Athaba'","names":{"primary":"Khallet Athaba'","arabic":"خَلِّة أَثابَة"},"district":"Hebron","subdistrict":null,"pop_1945_total":null,"pop_1945_palestinian":null,"in_east_jerusalem":false,"oslo_area":"C","population":[],"depopulated_1948":false,"depopulated_date":null,"status_now":null,"group_1945":null,"group_now":null,"mechanism":null,"references":{},"evidence":[{"source_id":"ocha_opt","title":"State of Palestine - Palestinian Communities in the West Bank and the Gaza Strip","url":"https://www.ochaopt.org/page/datasets-and-mapping-tools","document_date":"2019-07-17","retrieved":"2026-08-09"}]}},{"type":"Feature","geometry":{"type":"Point","coordinates":[35.124416,31.367309]},"properties":{"locality_id":"503355","name":"Khirbet at Tawamin","names":{"primary":"Khirbet at Tawamin","arabic":"خِرْبِة التَوامِين"},"district":"Hebron","subdistrict":null,"pop_1945_total":null,"pop_1945_palestinian":null,"in_east_jerusalem":false,"oslo_area":"C","population":[{"year":2017,"value":0,"source_id":"ocha_opt"}],"depopulated_1948":false,"depopulated_date":null,"status_now":null,"group_1945":null,"group_now":null,"mechanism":null,"references":{},"evidence":[{"source_id":"ocha_opt","title":"State of Palestine - Palestinian Communities in the West Bank and the Gaza Strip","url":"https://www.ochaopt.org/page/datasets-and-mapping-tools","document_date":"2019-07-17","retrieved":"2026-08-09"}]}},{"type":"Feature","geometry":{"type":"Point","coordinates":[34.966814,31.529034]},"properties":{"locality_id":"502795","name":"Al Muwarraq","names":{"primary":"Al Muwarraq","arabic":"المُوَرَّقْ"},"district":"Hebron","subdistrict":null,"pop_1945_total":null,"pop_1945_palestinian":null,"in_east_jerusalem":false,"oslo_area":"A","population":[{"year":2017,"value":839,"source_id":"ocha_opt"}],"depopulated_1948":false,"depopulated_date":null,"status_now":null,"group_1945":null,"group_now":null,"mechanism":null,"references":{},"evidence":[{"source_id":"ocha_opt","title":"State of Palestine - Palestinian Communities in the West Bank and the Gaza Strip","url":"https://www.ochaopt.org/page/datasets-and-mapping-tools","document_date":"2019-07-17","retrieved":"2026-08-09"}]}},{"type":"Feature","geometry":{"type":"Point","coordinates":[34.931112,31.419085]},"properties":{"locality_id":"503235","name":"Somara","names":{"primary":"Somara","arabic":"سُومَرَة"},"district":"Hebron","subdistrict":null,"pop_1945_total":null,"pop_1945_palestinian":null,"in_east_jerusalem":false,"oslo_area":"A","population":[{"year":2017,"value":244,"source_id":"ocha_opt"}],"depopulated_1948":false,"depopulated_date":null,"status_now":null,"group_1945":null,"group_now":null,"mechanism":null,"references":{},"evidence":[{"source_id":"ocha_opt","title":"State of Palestine - Palestinian Communities in the West Bank and the Gaza Strip","url":"https://www.ochaopt.org/page/datasets-and-mapping-tools","document_date":"2019-07-17","retrieved":"2026-08-09"}]}},{"type":"Feature","geometry":{"type":"Point","coordinates":[35.020941,31.407735]},"properties":{"locality_id":"503270","name":"Khirbet Deir Shams","names":{"primary":"Khirbet Deir Shams","arabic":"خِرْبِة دِير شَمْس"},"district":"Hebron","subdistrict":null,"pop_1945_total":null,"pop_1945_palestinian":null,"in_east_jerusalem":false,"oslo_area":"A","population":[{"year":2017,"value":80,"source_id":"ocha_opt"}],"depopulated_1948":false,"depopulated_date":null,"status_now":null,"group_1945":null,"group_now":null,"mechanism":null,"references":{},"evidence":[{"source_id":"ocha_opt","title":"State of Palestine - Palestinian Communities in the West Bank and the Gaza Strip","url":"https://www.ochaopt.org/page/datasets-and-mapping-tools","document_date":"2019-07-17","retrieved":"2026-08-09"}]}},{"type":"Feature","geometry":{"type":"Point","coordinates":[35.151426,31.404689]},"properties":{"locality_id":"503290","name":"Khirbet Sarura","names":{"primary":"Khirbet Sarura","arabic":"خِرْبِة صَارُورَة"},"district":"Hebron","subdistrict":null,"pop_1945_total":null,"pop_1945_palestinian":null,"in_east_jerusalem":false,"oslo_area":"C","population":[{"year":2017,"value":0,"source_id":"ocha_opt"}],"depopulated_1948":false,"depopulated_date":null,"status_now":null,"group_1945":null,"group_now":null,"mechanism":null,"references":{},"evidence":[{"source_id":"ocha_opt","title":"State of Palestine - Palestinian Communities in the West Bank and the Gaza Strip","url":"https://www.ochaopt.org/page/datasets-and-mapping-tools","document_date":"2019-07-17","retrieved":"2026-08-09"}]}},{"type":"Feature","geometry":{"type":"Point","coordinates":[35.161341,31.401588]},"properties":{"locality_id":"999981","name":"Kharoubeh","names":{"primary":"Kharoubeh"},"district":"Hebron","subdistrict":null,"pop_1945_total":null,"pop_1945_palestinian":null,"in_east_jerusalem":false,"oslo_area":"C","population":[],"depopulated_1948":false,"depopulated_date":null,"status_now":null,"group_1945":null,"group_now":null,"mechanism":null,"references":{},"evidence":[{"source_id":"ocha_opt","title":"State of Palestine - Palestinian Communities in the West Bank and the Gaza Strip","url":"https://www.ochaopt.org/page/datasets-and-mapping-tools","document_date":"2019-07-17","retrieved":"2026-08-09"}]}},{"type":"Feature","geometry":{"type":"Point","coordinates":[35.004308,31.455675]},"properties":{"locality_id":"503050","name":"Al 'Alaqa at Tahta","names":{"primary":"Al 'Alaqa at Tahta","arabic":"العَلَقَة التَحْتَا"},"district":"Hebron","subdistrict":null,"pop_1945_total":null,"pop_1945_palestinian":null,"in_east_jerusalem":false,"oslo_area":"A","population":[{"year":2017,"value":127,"source_id":"ocha_opt"}],"depopulated_1948":false,"depopulated_date":null,"status_now":null,"group_1945":null,"group_now":null,"mechanism":null,"references":{},"evidence":[{"source_id":"ocha_opt","title":"State of Palestine - Palestinian Communities in the West Bank and the Gaza Strip","url":"https://www.ochaopt.org/page/datasets-and-mapping-tools","document_date":"2019-07-17","retrieved":"2026-08-09"}]}},{"type":"Feature","geometry":{"type":"Point","coordinates":[35.024137,31.464711]},"properties":{"locality_id":"503000","name":"Abda","names":{"primary":"Abda","arabic":"عَبْدَة"},"district":"Hebron","subdistrict":null,"pop_1945_total":null,"pop_1945_palestinian":null,"in_east_jerusalem":false,"oslo_area":"A","population":[{"year":2017,"value":1036,"source_id":"ocha_opt"}],"depopulated_1948":false,"depopulated_date":null,"status_now":null,"group_1945":null,"group_now":null,"mechanism":null,"references":{},"evidence":[{"source_id":"ocha_opt","title":"State of Palestine - Palestinian Communities in the West Bank and the Gaza Strip","url":"https://www.ochaopt.org/page/datasets-and-mapping-tools","document_date":"2019-07-17","retrieved":"2026-08-09"}]}},{"type":"Feature","geometry":{"type":"Point","coordinates":[35.130909,31.462765]},"properties":{"locality_id":"503020","name":"AD Duweir","names":{"primary":"AD Duweir","arabic":"الدُوَيْر"},"district":"Hebron","subdistrict":null,"pop_1945_total":null,"pop_1945_palestinian":null,"in_east_jerusalem":false,"oslo_area":"A","population":[{"year":2017,"value":1366,"source_id":"ocha_opt"}],"depopulated_1948":false,"depopulated_date":null,"status_now":null,"group_1945":null,"group_now":null,"mechanism":null,"references":{},"evidence":[{"source_id":"ocha_opt","title":"State of Palestine - Palestinian Communities in the West Bank and the Gaza Strip","url":"https://www.ochaopt.org/page/datasets-and-mapping-tools","document_date":"2019-07-17","retrieved":"2026-08-09"}]}},{"type":"Feature","geometry":{"type":"Point","coordinates":[34.976677,31.583209]},"properties":{"locality_id":"502625","name":"Khirbet Jamrura","names":{"primary":"Khirbet Jamrura","arabic":"خِرْبِة جَمْرُورَة"},"district":"Hebron","subdistrict":null,"pop_1945_total":null,"pop_1945_palestinian":null,"in_east_jerusalem":false,"oslo_area":"C","population":[],"depopulated_1948":false,"depopulated_date":null,"status_now":null,"group_1945":null,"group_now":null,"mechanism":null,"references":{},"evidence":[{"source_id":"ocha_opt","title":"State of Palestine - Palestinian Communities in the West Bank and the Gaza Strip","url":"https://www.ochaopt.org/page/datasets-and-mapping-tools","document_date":"2019-07-17","retrieved":"2026-08-09"}]}},{"type":"Feature","geometry":{"type":"Point","coordinates":[35.001448,31.503866]},"properties":{"locality_id":"502845","name":"Wadih","names":{"primary":"Wadih","arabic":"واضِح"},"district":"Hebron","subdistrict":null,"pop_1945_total":null,"pop_1945_palestinian":null,"in_east_jerusalem":false,"oslo_area":"A","population":[{"year":2017,"value":84,"source_id":"ocha_opt"}],"depopulated_1948":false,"depopulated_date":null,"status_now":null,"group_1945":null,"group_now":null,"mechanism":null,"references":{},"evidence":[{"source_id":"ocha_opt","title":"State of Palestine - Palestinian Communities in the West Bank and the Gaza Strip","url":"https://www.ochaopt.org/page/datasets-and-mapping-tools","document_date":"2019-07-17","retrieved":"2026-08-09"}]}},{"type":"Feature","geometry":{"type":"Point","coordinates":[35.039617,31.518886]},"properties":{"locality_id":"502820","name":"Rafada","names":{"primary":"Rafada","arabic":"رَفادِة"},"district":"Hebron","subdistrict":null,"pop_1945_total":null,"pop_1945_palestinian":null,"in_east_jerusalem":false,"oslo_area":"A","population":[{"year":2017,"value":639,"source_id":"ocha_opt"}],"depopulated_1948":false,"depopulated_date":null,"status_now":null,"group_1945":null,"group_now":null,"mechanism":null,"references":{},"evidence":[{"source_id":"ocha_opt","title":"State of Palestine - Palestinian Communities in the West Bank and the Gaza Strip","url":"https://www.ochaopt.org/page/datasets-and-mapping-tools","document_date":"2019-07-17","retrieved":"2026-08-09"}]}},{"type":"Feature","geometry":{"type":"Point","coordinates":[35.043772,31.545029]},"properties":{"locality_id":"502710","name":"Al Khamajat","names":{"primary":"Al Khamajat","arabic":"الخَمْجَات"},"district":"Hebron","subdistrict":null,"pop_1945_total":null,"pop_1945_palestinian":null,"in_east_jerusalem":false,"oslo_area":"A","population":[{"year":2017,"value":1118,"source_id":"ocha_opt"}],"depopulated_1948":false,"depopulated_date":null,"status_now":null,"group_1945":null,"group_now":null,"mechanism":null,"references":{},"evidence":[{"source_id":"ocha_opt","title":"State of Palestine - Palestinian Communities in the West Bank and the Gaza Strip","url":"https://www.ochaopt.org/page/datasets-and-mapping-tools","document_date":"2019-07-17","retrieved":"2026-08-09"}]}},{"type":"Feature","geometry":{"type":"Point","coordinates":[35.181307,31.545183]},"properties":{"locality_id":"502735","name":"Qinan an Namir","names":{"primary":"Qinan an Namir","arabic":"قِنَان النِمِر"},"district":"Hebron","subdistrict":null,"pop_1945_total":null,"pop_1945_palestinian":null,"in_east_jerusalem":false,"oslo_area":"A","population":[{"year":2017,"value":159,"source_id":"ocha_opt"}],"depopulated_1948":false,"depopulated_date":null,"status_now":null,"group_1945":null,"group_now":null,"mechanism":null,"references":{},"evidence":[{"source_id":"ocha_opt","title":"State of Palestine - Palestinian Communities in the West Bank and the Gaza Strip","url":"https://www.ochaopt.org/page/datasets-and-mapping-tools","document_date":"2019-07-17","retrieved":"2026-08-09"}]}},{"type":"Feature","geometry":{"type":"Point","coordinates":[35.184593,31.549045]},"properties":{"locality_id":"502705","name":"Jurun al Louz","names":{"primary":"Jurun al Louz","arabic":"جُرُون اللُوزْ"},"district":"Hebron","subdistrict":null,"pop_1945_total":null,"pop_1945_palestinian":null,"in_east_jerusalem":false,"oslo_area":"A","population":[{"year":2017,"value":86,"source_id":"ocha_opt"}],"depopulated_1948":false,"depopulated_date":null,"status_now":null,"group_1945":null,"group_now":null,"mechanism":null,"references":{},"evidence":[{"source_id":"ocha_opt","title":"State of Palestine - Palestinian Communities in the West Bank and the Gaza Strip","url":"https://www.ochaopt.org/page/datasets-and-mapping-tools","document_date":"2019-07-17","retrieved":"2026-08-09"}]}},{"type":"Feature","geometry":{"type":"Point","coordinates":[35.19435,31.549323]},"properties":{"locality_id":"502725","name":"Wadi ar Rim","names":{"primary":"Wadi ar Rim","arabic":"وادي الرِيم"},"district":"Hebron","subdistrict":null,"pop_1945_total":null,"pop_1945_palestinian":null,"in_east_jerusalem":false,"oslo_area":"A","population":[{"year":2017,"value":138,"source_id":"ocha_opt"}],"depopulated_1948":false,"depopulated_date":null,"status_now":null,"group_1945":null,"group_now":null,"mechanism":null,"references":{},"evidence":[{"source_id":"ocha_opt","title":"State of Palestine - Palestinian Communities in the West Bank and the Gaza Strip","url":"https://www.ochaopt.org/page/datasets-and-mapping-tools","document_date":"2019-07-17","retrieved":"2026-08-09"}]}},{"type":"Feature","geometry":{"type":"Point","coordinates":[35.111925,31.631981]},"properties":{"locality_id":"502505","name":"Khirbet al Mantara","names":{"primary":"Khirbet al Mantara","arabic":"خِرْبِة المَنْطَرَة"},"district":"Hebron","subdistrict":null,"pop_1945_total":null,"pop_1945_palestinian":null,"in_east_jerusalem":false,"oslo_area":"A","population":[{"year":2017,"value":232,"source_id":"ocha_opt"}],"depopulated_1948":false,"depopulated_date":null,"status_now":null,"group_1945":null,"group_now":null,"mechanism":null,"references":{},"evidence":[{"source_id":"ocha_opt","title":"State of Palestine - Palestinian Communities in the West Bank and the Gaza Strip","url":"https://www.ochaopt.org/page/datasets-and-mapping-tools","document_date":"2019-07-17","retrieved":"2026-08-09"}]}},{"type":"Feature","geometry":{"type":"Point","coordinates":[35.141181,31.648658]},"properties":{"locality_id":"452465","name":"Khallet 'Afana","names":{"primary":"Khallet 'Afana","arabic":"خَلِّةْ عفَانَة"},"district":"Bethlehem","subdistrict":null,"pop_1945_total":null,"pop_1945_palestinian":null,"in_east_jerusalem":false,"oslo_area":"C","population":[{"year":2017,"value":59,"source_id":"ocha_opt"}],"depopulated_1948":false,"depopulated_date":null,"status_now":null,"group_1945":null,"group_now":null,"mechanism":null,"references":{},"evidence":[{"source_id":"ocha_opt","title":"State of Palestine - Palestinian Communities in the West Bank and the Gaza Strip","url":"https://www.ochaopt.org/page/datasets-and-mapping-tools","document_date":"2019-07-17","retrieved":"2026-08-09"}]}},{"type":"Feature","geometry":{"type":"Point","coordinates":[35.207171,31.628774]},"properties":{"locality_id":"452520","name":"Khirbet Tuqu'","names":{"primary":"Khirbet Tuqu'","arabic":"خِرْبِةْ تُقُوع"},"district":"Bethlehem","subdistrict":null,"pop_1945_total":null,"pop_1945_palestinian":null,"in_east_jerusalem":false,"oslo_area":"C","population":[{"year":2017,"value":131,"source_id":"ocha_opt"}],"depopulated_1948":false,"depopulated_date":null,"status_now":null,"group_1945":null,"group_now":null,"mechanism":null,"references":{},"evidence":[{"source_id":"ocha_opt","title":"State of Palestine - Palestinian Communities in the West Bank and the Gaza Strip","url":"https://www.ochaopt.org/page/datasets-and-mapping-tools","document_date":"2019-07-17","retrieved":"2026-08-09"}]}},{"type":"Feature","geometry":{"type":"Point","coordinates":[35.208282,32.225005]},"properties":{"locality_id":"150890","name":"Al Juneid","names":{"primary":"Al Juneid","arabic":"الجُنَيْد"},"district":"Nablus","subdistrict":null,"pop_1945_total":null,"pop_1945_palestinian":null,"in_east_jerusalem":false,"oslo_area":"A","population":[],"depopulated_1948":false,"depopulated_date":null,"status_now":null,"group_1945":null,"group_now":null,"mechanism":null,"references":{},"evidence":[{"source_id":"ocha_opt","title":"State of Palestine - Palestinian Communities in the West Bank and the Gaza Strip","url":"https://www.ochaopt.org/page/datasets-and-mapping-tools","document_date":"2019-07-17","retrieved":"2026-08-09"}]}},{"type":"Feature","geometry":{"type":"Point","coordinates":[35.260079,32.221761]},"properties":{"locality_id":"150920","name":"Nablus","names":{"primary":"Nablus","arabic":"نابْلُس"},"district":"Nablus","subdistrict":null,"pop_1945_total":null,"pop_1945_palestinian":null,"in_east_jerusalem":false,"oslo_area":"A","population":[{"year":2017,"value":156906,"source_id":"ocha_opt"}],"depopulated_1948":false,"depopulated_date":null,"status_now":null,"group_1945":null,"group_now":null,"mechanism":null,"references":{},"evidence":[{"source_id":"ocha_opt","title":"State of Palestine - Palestinian Communities in the West Bank and the Gaza Strip","url":"https://www.ochaopt.org/page/datasets-and-mapping-tools","document_date":"2019-07-17","retrieved":"2026-08-09"}]}},{"type":"Feature","geometry":{"type":"Point","coordinates":[35.248917,32.23062]},"properties":{"locality_id":"150880","name":"Ein Beit el Mai Camp","names":{"primary":"Ein Beit el Mai Camp","arabic":"مُخَيَّمْ عِيْن بِيت الماء"},"district":"Nablus","subdistrict":null,"pop_1945_total":null,"pop_1945_palestinian":null,"in_east_jerusalem":false,"oslo_area":"A","population":[{"year":2017,"value":3588,"source_id":"ocha_opt"}],"depopulated_1948":false,"depopulated_date":null,"status_now":null,"group_1945":null,"group_now":null,"mechanism":null,"references":{},"evidence":[{"source_id":"ocha_opt","title":"State of Palestine - Palestinian Communities in the West Bank and the Gaza Strip","url":"https://www.ochaopt.org/page/datasets-and-mapping-tools","document_date":"2019-07-17","retrieved":"2026-08-09"}]}},{"type":"Feature","geometry":{"type":"Point","coordinates":[35.17827,31.663517]},"properties":{"locality_id":"452370","name":"Ath Thabra","names":{"primary":"Ath Thabra","arabic":"الثَبْرَة"},"district":"Bethlehem","subdistrict":null,"pop_1945_total":null,"pop_1945_palestinian":null,"in_east_jerusalem":false,"oslo_area":"A","population":[{"year":2017,"value":465,"source_id":"ocha_opt"}],"depopulated_1948":false,"depopulated_date":null,"status_now":null,"group_1945":null,"group_now":null,"mechanism":null,"references":{},"evidence":[{"source_id":"ocha_opt","title":"State of Palestine - Palestinian Communities in the West Bank and the Gaza Strip","url":"https://www.ochaopt.org/page/datasets-and-mapping-tools","document_date":"2019-07-17","retrieved":"2026-08-09"}]}},{"type":"Feature","geometry":{"type":"Point","coordinates":[35.134244,31.678156]},"properties":{"locality_id":"452390","name":"Khallet al Balluta","names":{"primary":"Khallet al Balluta","arabic":"خَلِّةْ البَلُّوطَة"},"district":"Bethlehem","subdistrict":null,"pop_1945_total":null,"pop_1945_palestinian":null,"in_east_jerusalem":false,"oslo_area":"C","population":[{"year":2017,"value":74,"source_id":"ocha_opt"}],"depopulated_1948":false,"depopulated_date":null,"status_now":null,"group_1945":null,"group_now":null,"mechanism":null,"references":{},"evidence":[{"source_id":"ocha_opt","title":"State of Palestine - Palestinian Communities in the West Bank and the Gaza Strip","url":"https://www.ochaopt.org/page/datasets-and-mapping-tools","document_date":"2019-07-17","retrieved":"2026-08-09"}]}},{"type":"Feature","geometry":{"type":"Point","coordinates":[35.283171,31.710387]},"properties":{"locality_id":"452215","name":"Wadi al 'Arayis","names":{"primary":"Wadi al 'Arayis","arabic":"وادي العَرايس"},"district":"Bethlehem","subdistrict":null,"pop_1945_total":null,"pop_1945_palestinian":null,"in_east_jerusalem":false,"oslo_area":"A","population":[{"year":2017,"value":2716,"source_id":"ocha_opt"}],"depopulated_1948":false,"depopulated_date":null,"status_now":null,"group_1945":null,"group_now":null,"mechanism":null,"references":{},"evidence":[{"source_id":"ocha_opt","title":"State of Palestine - Palestinian Communities in the West Bank and the Gaza Strip","url":"https://www.ochaopt.org/page/datasets-and-mapping-tools","document_date":"2019-07-17","retrieved":"2026-08-09"}]}},{"type":"Feature","geometry":{"type":"Point","coordinates":[35.202871,31.741167]},"properties":{"locality_id":"402140","name":"Beit Safafa","names":{"primary":"Beit Safafa","arabic":"بيت صفافا"},"district":"Jerusalem","subdistrict":null,"pop_1945_total":null,"pop_1945_palestinian":null,"in_east_jerusalem":true,"oslo_area":"Israeli Declared East Jerusalem","population":[{"year":2017,"value":12791,"source_id":"ocha_opt"}],"depopulated_1948":false,"depopulated_date":null,"status_now":null,"group_1945":null,"group_now":null,"mechanism":null,"references":{},"evidence":[{"source_id":"ocha_opt","title":"State of Palestine - Palestinian Communities in the West Bank and the Gaza Strip","url":"https://www.ochaopt.org/page/datasets-and-mapping-tools","document_date":"2019-07-17","retrieved":"2026-08-09"}]}},{"type":"Feature","geometry":{"type":"Point","coordinates":[35.226188,31.670693]},"properties":{"locality_id":"452365","name":"Al 'Asakira","names":{"primary":"Al 'Asakira","arabic":"العَساكِرة"},"district":"Bethlehem","subdistrict":null,"pop_1945_total":null,"pop_1945_palestinian":null,"in_east_jerusalem":false,"oslo_area":"A","population":[{"year":2017,"value":1344,"source_id":"ocha_opt"}],"depopulated_1948":false,"depopulated_date":null,"status_now":null,"group_1945":null,"group_now":null,"mechanism":null,"references":{},"evidence":[{"source_id":"ocha_opt","title":"State of Palestine - Palestinian Communities in the West Bank and the Gaza Strip","url":"https://www.ochaopt.org/page/datasets-and-mapping-tools","document_date":"2019-07-17","retrieved":"2026-08-09"}]}},{"type":"Feature","geometry":{"type":"Point","coordinates":[35.246059,31.754483]},"properties":{"locality_id":"402130","name":"Jabal al Mukabbir","names":{"primary":"Jabal al Mukabbir","arabic":"جبل المُكبر"},"district":"Jerusalem","subdistrict":null,"pop_1945_total":null,"pop_1945_palestinian":null,"in_east_jerusalem":true,"oslo_area":"Israeli Declared East Jerusalem","population":[{"year":2017,"value":22320,"source_id":"ocha_opt"}],"depopulated_1948":false,"depopulated_date":null,"status_now":null,"group_1945":null,"group_now":null,"mechanism":null,"references":{},"evidence":[{"source_id":"ocha_opt","title":"State of Palestine - Palestinian Communities in the West Bank and the Gaza Strip","url":"https://www.ochaopt.org/page/datasets-and-mapping-tools","document_date":"2019-07-17","retrieved":"2026-08-09"}]}},{"type":"Feature","geometry":{"type":"Point","coordinates":[35.248725,31.769733]},"properties":{"locality_id":"402105","name":"Ras al 'Amud","names":{"primary":"Ras al 'Amud","arabic":"راس ألعمود"},"district":"Jerusalem","subdistrict":null,"pop_1945_total":null,"pop_1945_palestinian":null,"in_east_jerusalem":true,"oslo_area":"Israeli Declared East Jerusalem","population":[{"year":2017,"value":23452,"source_id":"ocha_opt"}],"depopulated_1948":false,"depopulated_date":null,"status_now":null,"group_1945":null,"group_now":null,"mechanism":null,"references":{},"evidence":[{"source_id":"ocha_opt","title":"State of Palestine - Palestinian Communities in the West Bank and the Gaza Strip","url":"https://www.ochaopt.org/page/datasets-and-mapping-tools","document_date":"2019-07-17","retrieved":"2026-08-09"}]}},{"type":"Feature","geometry":{"type":"Point","coordinates":[35.235143,31.764649]},"properties":{"locality_id":"402115","name":"Ath Thuri","names":{"primary":"Ath Thuri","arabic":"أثَّوري"},"district":"Jerusalem","subdistrict":null,"pop_1945_total":null,"pop_1945_palestinian":null,"in_east_jerusalem":true,"oslo_area":"Israeli Declared East Jerusalem","population":[{"year":2017,"value":12662,"source_id":"ocha_opt"}],"depopulated_1948":false,"depopulated_date":null,"status_now":null,"group_1945":null,"group_now":null,"mechanism":null,"references":{},"evidence":[{"source_id":"ocha_opt","title":"State of Palestine - Palestinian Communities in the West Bank and the Gaza Strip","url":"https://www.ochaopt.org/page/datasets-and-mapping-tools","document_date":"2019-07-17","retrieved":"2026-08-09"}]}},{"type":"Feature","geometry":{"type":"Point","coordinates":[35.238911,31.76977]},"properties":{"locality_id":"402110","name":"Silwan","names":{"primary":"Silwan","arabic":"سِلوان"},"district":"Jerusalem","subdistrict":null,"pop_1945_total":null,"pop_1945_palestinian":null,"in_east_jerusalem":true,"oslo_area":"Israeli Declared East Jerusalem","population":[{"year":2017,"value":19119,"source_id":"ocha_opt"}],"depopulated_1948":false,"depopulated_date":null,"status_now":null,"group_1945":null,"group_now":null,"mechanism":null,"references":{},"evidence":[{"source_id":"ocha_opt","title":"State of Palestine - Palestinian Communities in the West Bank and the Gaza Strip","url":"https://www.ochaopt.org/page/datasets-and-mapping-tools","document_date":"2019-07-17","retrieved":"2026-08-09"}]}},{"type":"Feature","geometry":{"type":"Point","coordinates":[35.243473,31.783769]},"properties":{"locality_id":"402080","name":"As Suwwana","names":{"primary":"As Suwwana","arabic":"أَصُّوانة"},"district":"Jerusalem","subdistrict":null,"pop_1945_total":null,"pop_1945_palestinian":null,"in_east_jerusalem":true,"oslo_area":"Israeli Declared East Jerusalem","population":[{"year":2017,"value":null,"note":"with At Tur","source_id":"ocha_opt"}],"depopulated_1948":false,"depopulated_date":null,"status_now":null,"group_1945":null,"group_now":null,"mechanism":null,"references":{},"evidence":[{"source_id":"ocha_opt","title":"State of Palestine - Palestinian Communities in the West Bank and the Gaza Strip","url":"https://www.ochaopt.org/page/datasets-and-mapping-tools","document_date":"2019-07-17","retrieved":"2026-08-09"}]}},{"type":"Feature","geometry":{"type":"Point","coordinates":[35.250066,31.781605]},"properties":{"locality_id":"402085","name":"At Tur","names":{"primary":"At Tur","arabic":"أطًّور"},"district":"Jerusalem","subdistrict":null,"pop_1945_total":null,"pop_1945_palestinian":null,"in_east_jerusalem":true,"oslo_area":"Israeli Declared East Jerusalem","population":[{"year":2017,"value":26460,"source_id":"ocha_opt"}],"depopulated_1948":false,"depopulated_date":null,"status_now":null,"group_1945":null,"group_now":null,"mechanism":null,"references":{},"evidence":[{"source_id":"ocha_opt","title":"State of Palestine - Palestinian Communities in the West Bank and the Gaza Strip","url":"https://www.ochaopt.org/page/datasets-and-mapping-tools","document_date":"2019-07-17","retrieved":"2026-08-09"}]}},{"type":"Feature","geometry":{"type":"Point","coordinates":[35.246138,31.775419]},"properties":{"locality_id":"402095","name":"Ash Shayyah","names":{"primary":"Ash Shayyah","arabic":"ألشّياح"},"district":"Jerusalem","subdistrict":null,"pop_1945_total":null,"pop_1945_palestinian":null,"in_east_jerusalem":true,"oslo_area":"Israeli Declared East Jerusalem","population":[{"year":2017,"value":null,"note":"with At Tur","source_id":"ocha_opt"}],"depopulated_1948":false,"depopulated_date":null,"status_now":null,"group_1945":null,"group_now":null,"mechanism":null,"references":{},"evidence":[{"source_id":"ocha_opt","title":"State of Palestine - Palestinian Communities in the West Bank and the Gaza Strip","url":"https://www.ochaopt.org/page/datasets-and-mapping-tools","document_date":"2019-07-17","retrieved":"2026-08-09"}]}},{"type":"Feature","geometry":{"type":"Point","coordinates":[35.232097,31.788581]},"properties":{"locality_id":"402060","name":"Wadi al Joz","names":{"primary":"Wadi al Joz","arabic":"وادي الجوز"},"district":"Jerusalem","subdistrict":null,"pop_1945_total":null,"pop_1945_palestinian":null,"in_east_jerusalem":true,"oslo_area":"Israeli Declared East Jerusalem","population":[{"year":2017,"value":null,"note":"with Sheikh Jarrah","source_id":"ocha_opt"}],"depopulated_1948":false,"depopulated_date":null,"status_now":null,"group_1945":null,"group_now":null,"mechanism":null,"references":{},"evidence":[{"source_id":"ocha_opt","title":"State of Palestine - Palestinian Communities in the West Bank and the Gaza Strip","url":"https://www.ochaopt.org/page/datasets-and-mapping-tools","document_date":"2019-07-17","retrieved":"2026-08-09"}]}},{"type":"Feature","geometry":{"type":"Point","coordinates":[35.50159,31.820211]},"properties":{"locality_id":"352021","name":"Deir Hajla","names":{"primary":"Deir Hajla","arabic":"دِير حَجْلَة"},"district":"Jericho","subdistrict":null,"pop_1945_total":null,"pop_1945_palestinian":null,"in_east_jerusalem":false,"oslo_area":"C","population":[{"year":2017,"value":17,"source_id":"ocha_opt"}],"depopulated_1948":false,"depopulated_date":null,"status_now":null,"group_1945":null,"group_now":null,"mechanism":null,"references":{},"evidence":[{"source_id":"ocha_opt","title":"State of Palestine - Palestinian Communities in the West Bank and the Gaza Strip","url":"https://www.ochaopt.org/page/datasets-and-mapping-tools","document_date":"2019-07-17","retrieved":"2026-08-09"}]}},{"type":"Feature","geometry":{"type":"Point","coordinates":[35.432346,31.874729]},"properties":{"locality_id":"351880","name":"Deir Quruntul","names":{"primary":"Deir Quruntul","arabic":"دِير قُرُنْطُل"},"district":"Jericho","subdistrict":null,"pop_1945_total":null,"pop_1945_palestinian":null,"in_east_jerusalem":false,"oslo_area":"A","population":[{"year":2017,"value":0,"source_id":"ocha_opt"}],"depopulated_1948":false,"depopulated_date":null,"status_now":null,"group_1945":null,"group_now":null,"mechanism":null,"references":{},"evidence":[{"source_id":"ocha_opt","title":"State of Palestine - Palestinian Communities in the West Bank and the Gaza Strip","url":"https://www.ochaopt.org/page/datasets-and-mapping-tools","document_date":"2019-07-17","retrieved":"2026-08-09"}]}},{"type":"Feature","geometry":{"type":"Point","coordinates":[35.312739,32.063056]},"properties":{"locality_id":"151450","name":"Khirbet Sarra","names":{"primary":"Khirbet Sarra","arabic":"خِرْبِة صَرَّة"},"district":"Nablus","subdistrict":null,"pop_1945_total":null,"pop_1945_palestinian":null,"in_east_jerusalem":false,"oslo_area":"C","population":[{"year":2017,"value":27,"source_id":"ocha_opt"}],"depopulated_1948":false,"depopulated_date":null,"status_now":null,"group_1945":null,"group_now":null,"mechanism":null,"references":{},"evidence":[{"source_id":"ocha_opt","title":"State of Palestine - Palestinian Communities in the West Bank and the Gaza Strip","url":"https://www.ochaopt.org/page/datasets-and-mapping-tools","document_date":"2019-07-17","retrieved":"2026-08-09"}]}},{"type":"Feature","geometry":{"type":"Point","coordinates":[35.07702,32.080023]},"properties":{"locality_id":"251390","name":"Khirbet Susa","names":{"primary":"Khirbet Susa","arabic":"خِرْبِة سُوسَة"},"district":"Salfit","subdistrict":null,"pop_1945_total":null,"pop_1945_palestinian":null,"in_east_jerusalem":false,"oslo_area":"C","population":[{"year":2017,"value":633,"source_id":"ocha_opt"}],"depopulated_1948":false,"depopulated_date":null,"status_now":null,"group_1945":null,"group_now":null,"mechanism":null,"references":{},"evidence":[{"source_id":"ocha_opt","title":"State of Palestine - Palestinian Communities in the West Bank and the Gaza Strip","url":"https://www.ochaopt.org/page/datasets-and-mapping-tools","document_date":"2019-07-17","retrieved":"2026-08-09"}]}},{"type":"Feature","geometry":{"type":"Point","coordinates":[35.389395,32.137108]},"properties":{"locality_id":"151235","name":"Jafa an Nun","names":{"primary":"Jafa an Nun","arabic":"جَفَا النُون"},"district":"Nablus","subdistrict":null,"pop_1945_total":null,"pop_1945_palestinian":null,"in_east_jerusalem":false,"oslo_area":"C","population":[],"depopulated_1948":false,"depopulated_date":null,"status_now":null,"group_1945":null,"group_now":null,"mechanism":null,"references":{},"evidence":[{"source_id":"ocha_opt","title":"State of Palestine - Palestinian Communities in the West Bank and the Gaza Strip","url":"https://www.ochaopt.org/page/datasets-and-mapping-tools","document_date":"2019-07-17","retrieved":"2026-08-09"}]}},{"type":"Feature","geometry":{"type":"Point","coordinates":[35.368673,32.151725]},"properties":{"locality_id":"151220","name":"Ar Rajman","names":{"primary":"Ar Rajman","arabic":"الرَجْمان"},"district":"Nablus","subdistrict":null,"pop_1945_total":null,"pop_1945_palestinian":null,"in_east_jerusalem":false,"oslo_area":"C","population":[],"depopulated_1948":false,"depopulated_date":null,"status_now":null,"group_1945":null,"group_now":null,"mechanism":null,"references":{},"evidence":[{"source_id":"ocha_opt","title":"State of Palestine - Palestinian Communities in the West Bank and the Gaza Strip","url":"https://www.ochaopt.org/page/datasets-and-mapping-tools","document_date":"2019-07-17","retrieved":"2026-08-09"}]}},{"type":"Feature","geometry":{"type":"Point","coordinates":[35.279538,32.190353]},"properties":{"locality_id":"151025","name":"Kafr Qalil","names":{"primary":"Kafr Qalil","arabic":"كَفْر قَلِّيل"},"district":"Nablus","subdistrict":null,"pop_1945_total":null,"pop_1945_palestinian":null,"in_east_jerusalem":false,"oslo_area":"A","population":[{"year":2017,"value":3029,"source_id":"ocha_opt"}],"depopulated_1948":false,"depopulated_date":null,"status_now":null,"group_1945":null,"group_now":null,"mechanism":null,"references":{},"evidence":[{"source_id":"ocha_opt","title":"State of Palestine - Palestinian Communities in the West Bank and the Gaza Strip","url":"https://www.ochaopt.org/page/datasets-and-mapping-tools","document_date":"2019-07-17","retrieved":"2026-08-09"}]}},{"type":"Feature","geometry":{"type":"Point","coordinates":[35.269734,32.203411]},"properties":{"locality_id":"999997","name":"Samaritan Village","names":{"primary":"Samaritan Village"},"district":"Nablus","subdistrict":null,"pop_1945_total":null,"pop_1945_palestinian":null,"in_east_jerusalem":false,"oslo_area":"A","population":[],"depopulated_1948":false,"depopulated_date":null,"status_now":null,"group_1945":null,"group_now":null,"mechanism":null,"references":{},"evidence":[{"source_id":"ocha_opt","title":"State of Palestine - Palestinian Communities in the West Bank and the Gaza Strip","url":"https://www.ochaopt.org/page/datasets-and-mapping-tools","document_date":"2019-07-17","retrieved":"2026-08-09"}]}},{"type":"Feature","geometry":{"type":"Point","coordinates":[35.300691,32.217841]},"properties":{"locality_id":"150930","name":"Askar Camp","names":{"primary":"Askar Camp","arabic":"مُخَيَّمْ عَسْكَر"},"district":"Nablus","subdistrict":null,"pop_1945_total":null,"pop_1945_palestinian":null,"in_east_jerusalem":false,"oslo_area":"A","population":[{"year":2017,"value":6537,"source_id":"ocha_opt"}],"depopulated_1948":false,"depopulated_date":null,"status_now":null,"group_1945":null,"group_now":null,"mechanism":null,"references":{},"evidence":[{"source_id":"ocha_opt","title":"State of Palestine - Palestinian Communities in the West Bank and the Gaza Strip","url":"https://www.ochaopt.org/page/datasets-and-mapping-tools","document_date":"2019-07-17","retrieved":"2026-08-09"}]}},{"type":"Feature","geometry":{"type":"Point","coordinates":[35.387403,32.235674]},"properties":{"locality_id":"150940","name":"Shihda wa Hamlan","names":{"primary":"Shihda wa Hamlan","arabic":"شِحْدَة وهَمْلان"},"district":"Nablus","subdistrict":null,"pop_1945_total":null,"pop_1945_palestinian":null,"in_east_jerusalem":false,"oslo_area":"A","population":[{"year":2017,"value":475,"source_id":"ocha_opt"}],"depopulated_1948":false,"depopulated_date":null,"status_now":null,"group_1945":null,"group_now":null,"mechanism":null,"references":{},"evidence":[{"source_id":"ocha_opt","title":"State of Palestine - Palestinian Communities in the West Bank and the Gaza Strip","url":"https://www.ochaopt.org/page/datasets-and-mapping-tools","document_date":"2019-07-17","retrieved":"2026-08-09"}]}},{"type":"Feature","geometry":{"type":"Point","coordinates":[35.378725,32.251972]},"properties":{"locality_id":"150840","name":"Al 'Aqrabaniya","names":{"primary":"Al 'Aqrabaniya","arabic":"العَقْرَبانِيَّة"},"district":"Nablus","subdistrict":null,"pop_1945_total":null,"pop_1945_palestinian":null,"in_east_jerusalem":false,"oslo_area":"A","population":[{"year":2017,"value":930,"source_id":"ocha_opt"}],"depopulated_1948":false,"depopulated_date":null,"status_now":null,"group_1945":null,"group_now":null,"mechanism":null,"references":{},"evidence":[{"source_id":"ocha_opt","title":"State of Palestine - Palestinian Communities in the West Bank and the Gaza Strip","url":"https://www.ochaopt.org/page/datasets-and-mapping-tools","document_date":"2019-07-17","retrieved":"2026-08-09"}]}},{"type":"Feature","geometry":{"type":"Point","coordinates":[35.392645,32.244117]},"properties":{"locality_id":"150825","name":"An Nassariya","names":{"primary":"An Nassariya","arabic":"النَصَّارِيَّة"},"district":"Nablus","subdistrict":null,"pop_1945_total":null,"pop_1945_palestinian":null,"in_east_jerusalem":false,"oslo_area":"A","population":[{"year":2017,"value":1889,"source_id":"ocha_opt"}],"depopulated_1948":false,"depopulated_date":null,"status_now":null,"group_1945":null,"group_now":null,"mechanism":null,"references":{},"evidence":[{"source_id":"ocha_opt","title":"State of Palestine - Palestinian Communities in the West Bank and the Gaza Strip","url":"https://www.ochaopt.org/page/datasets-and-mapping-tools","document_date":"2019-07-17","retrieved":"2026-08-09"}]}},{"type":"Feature","geometry":{"type":"Point","coordinates":[35.404237,32.237942]},"properties":{"locality_id":"150865","name":"Beit Hasan","names":{"primary":"Beit Hasan","arabic":"بِيت حَسَن"},"district":"Nablus","subdistrict":null,"pop_1945_total":null,"pop_1945_palestinian":null,"in_east_jerusalem":false,"oslo_area":"A","population":[{"year":2017,"value":1124,"source_id":"ocha_opt"}],"depopulated_1948":false,"depopulated_date":null,"status_now":null,"group_1945":null,"group_now":null,"mechanism":null,"references":{},"evidence":[{"source_id":"ocha_opt","title":"State of Palestine - Palestinian Communities in the West Bank and the Gaza Strip","url":"https://www.ochaopt.org/page/datasets-and-mapping-tools","document_date":"2019-07-17","retrieved":"2026-08-09"}]}},{"type":"Feature","geometry":{"type":"Point","coordinates":[35.229859,31.730489]},"properties":{"locality_id":"402165","name":"Umm Tuba","names":{"primary":"Umm Tuba","arabic":"أَُم طوبا"},"district":"Jerusalem","subdistrict":null,"pop_1945_total":null,"pop_1945_palestinian":null,"in_east_jerusalem":true,"oslo_area":"Israeli Declared East Jerusalem","population":[{"year":2017,"value":3740,"source_id":"ocha_opt"}],"depopulated_1948":false,"depopulated_date":null,"status_now":null,"group_1945":null,"group_now":null,"mechanism":null,"references":{},"evidence":[{"source_id":"ocha_opt","title":"State of Palestine - Palestinian Communities in the West Bank and the Gaza Strip","url":"https://www.ochaopt.org/page/datasets-and-mapping-tools","document_date":"2019-07-17","retrieved":"2026-08-09"}]}},{"type":"Feature","geometry":{"type":"Point","coordinates":[35.217523,31.687146]},"properties":{"locality_id":"452315","name":"Khallet Hamad","names":{"primary":"Khallet Hamad","arabic":"خَلِّةْ حَمَد"},"district":"Bethlehem","subdistrict":null,"pop_1945_total":null,"pop_1945_palestinian":null,"in_east_jerusalem":false,"oslo_area":"A","population":[{"year":2017,"value":846,"source_id":"ocha_opt"}],"depopulated_1948":false,"depopulated_date":null,"status_now":null,"group_1945":null,"group_now":null,"mechanism":null,"references":{},"evidence":[{"source_id":"ocha_opt","title":"State of Palestine - Palestinian Communities in the West Bank and the Gaza Strip","url":"https://www.ochaopt.org/page/datasets-and-mapping-tools","document_date":"2019-07-17","retrieved":"2026-08-09"}]}},{"type":"Feature","geometry":{"type":"Point","coordinates":[35.224853,31.688691]},"properties":{"locality_id":"452310","name":"Wadi Umm Qal'a","names":{"primary":"Wadi Umm Qal'a","arabic":"وادي أمُّ قَلْعَة"},"district":"Bethlehem","subdistrict":null,"pop_1945_total":null,"pop_1945_palestinian":null,"in_east_jerusalem":false,"oslo_area":"A","population":[{"year":2017,"value":410,"source_id":"ocha_opt"}],"depopulated_1948":false,"depopulated_date":null,"status_now":null,"group_1945":null,"group_now":null,"mechanism":null,"references":{},"evidence":[{"source_id":"ocha_opt","title":"State of Palestine - Palestinian Communities in the West Bank and the Gaza Strip","url":"https://www.ochaopt.org/page/datasets-and-mapping-tools","document_date":"2019-07-17","retrieved":"2026-08-09"}]}},{"type":"Feature","geometry":{"type":"Point","coordinates":[35.220886,31.677714]},"properties":{"locality_id":"452350","name":"Rakhme","names":{"primary":"Rakhme","arabic":"رَخْمِة"},"district":"Bethlehem","subdistrict":null,"pop_1945_total":null,"pop_1945_palestinian":null,"in_east_jerusalem":false,"oslo_area":"A","population":[{"year":2017,"value":1203,"source_id":"ocha_opt"}],"depopulated_1948":false,"depopulated_date":null,"status_now":null,"group_1945":null,"group_now":null,"mechanism":null,"references":{},"evidence":[{"source_id":"ocha_opt","title":"State of Palestine - Palestinian Communities in the West Bank and the Gaza Strip","url":"https://www.ochaopt.org/page/datasets-and-mapping-tools","document_date":"2019-07-17","retrieved":"2026-08-09"}]}},{"type":"Feature","geometry":{"type":"Point","coordinates":[35.1753,31.467234]},"properties":{"locality_id":"999823","name":"Al 'Ein","names":{"primary":"Al 'Ein"},"district":"Hebron","subdistrict":null,"pop_1945_total":null,"pop_1945_palestinian":null,"in_east_jerusalem":false,"oslo_area":"C","population":[],"depopulated_1948":false,"depopulated_date":null,"status_now":null,"group_1945":null,"group_now":null,"mechanism":null,"references":{},"evidence":[{"source_id":"ocha_opt","title":"State of Palestine - Palestinian Communities in the West Bank and the Gaza Strip","url":"https://www.ochaopt.org/page/datasets-and-mapping-tools","document_date":"2019-07-17","retrieved":"2026-08-09"}]}},{"type":"Feature","geometry":{"type":"Point","coordinates":[35.109871,31.431437]},"properties":{"locality_id":"503220","name":"Qinan Jaber","names":{"primary":"Qinan Jaber","arabic":"قِنَان جَابِر"},"district":"Hebron","subdistrict":null,"pop_1945_total":null,"pop_1945_palestinian":null,"in_east_jerusalem":false,"oslo_area":"A","population":[{"year":2017,"value":349,"source_id":"ocha_opt"}],"depopulated_1948":false,"depopulated_date":null,"status_now":null,"group_1945":null,"group_now":null,"mechanism":null,"references":{},"evidence":[{"source_id":"ocha_opt","title":"State of Palestine - Palestinian Communities in the West Bank and the Gaza Strip","url":"https://www.ochaopt.org/page/datasets-and-mapping-tools","document_date":"2019-07-17","retrieved":"2026-08-09"}]}},{"type":"Feature","geometry":{"type":"Point","coordinates":[35.075278,31.43632]},"properties":{"locality_id":"503175","name":"Al Muntar","names":{"primary":"Al Muntar","arabic":"المُنْطَار"},"district":"Hebron","subdistrict":null,"pop_1945_total":null,"pop_1945_palestinian":null,"in_east_jerusalem":false,"oslo_area":"A","population":[{"year":2017,"value":2655,"source_id":"ocha_opt"}],"depopulated_1948":false,"depopulated_date":null,"status_now":null,"group_1945":null,"group_now":null,"mechanism":null,"references":{},"evidence":[{"source_id":"ocha_opt","title":"State of Palestine - Palestinian Communities in the West Bank and the Gaza Strip","url":"https://www.ochaopt.org/page/datasets-and-mapping-tools","document_date":"2019-07-17","retrieved":"2026-08-09"}]}},{"type":"Feature","geometry":{"type":"Point","coordinates":[35.119172,31.450046]},"properties":{"locality_id":"503070","name":"Qurnet ar Ras","names":{"primary":"Qurnet ar Ras","arabic":"قُرْنَة الراس"},"district":"Hebron","subdistrict":null,"pop_1945_total":null,"pop_1945_palestinian":null,"in_east_jerusalem":false,"oslo_area":"A","population":[{"year":2017,"value":957,"source_id":"ocha_opt"}],"depopulated_1948":false,"depopulated_date":null,"status_now":null,"group_1945":null,"group_now":null,"mechanism":null,"references":{},"evidence":[{"source_id":"ocha_opt","title":"State of Palestine - Palestinian Communities in the West Bank and the Gaza Strip","url":"https://www.ochaopt.org/page/datasets-and-mapping-tools","document_date":"2019-07-17","retrieved":"2026-08-09"}]}},{"type":"Feature","geometry":{"type":"Point","coordinates":[35.124861,31.469363]},"properties":{"locality_id":"502990","name":"Hureiz","names":{"primary":"Hureiz","arabic":"حُرَيْز"},"district":"Hebron","subdistrict":null,"pop_1945_total":null,"pop_1945_palestinian":null,"in_east_jerusalem":false,"oslo_area":"A","population":[{"year":2017,"value":695,"source_id":"ocha_opt"}],"depopulated_1948":false,"depopulated_date":null,"status_now":null,"group_1945":null,"group_now":null,"mechanism":null,"references":{},"evidence":[{"source_id":"ocha_opt","title":"State of Palestine - Palestinian Communities in the West Bank and the Gaza Strip","url":"https://www.ochaopt.org/page/datasets-and-mapping-tools","document_date":"2019-07-17","retrieved":"2026-08-09"}]}},{"type":"Feature","geometry":{"type":"Point","coordinates":[35.128024,31.45985]},"properties":{"locality_id":"503085","name":"Khurisa","names":{"primary":"Khurisa","arabic":"خُرَيْسَة"},"district":"Hebron","subdistrict":null,"pop_1945_total":null,"pop_1945_palestinian":null,"in_east_jerusalem":false,"oslo_area":"A","population":[{"year":2017,"value":689,"source_id":"ocha_opt"}],"depopulated_1948":false,"depopulated_date":null,"status_now":null,"group_1945":null,"group_now":null,"mechanism":null,"references":{},"evidence":[{"source_id":"ocha_opt","title":"State of Palestine - Palestinian Communities in the West Bank and the Gaza Strip","url":"https://www.ochaopt.org/page/datasets-and-mapping-tools","document_date":"2019-07-17","retrieved":"2026-08-09"}]}},{"type":"Feature","geometry":{"type":"Point","coordinates":[35.060511,31.448111]},"properties":{"locality_id":"503060","name":"Qinan an Najma","names":{"primary":"Qinan an Najma","arabic":"قِنَان النَجْمَة"},"district":"Hebron","subdistrict":null,"pop_1945_total":null,"pop_1945_palestinian":null,"in_east_jerusalem":false,"oslo_area":"A","population":[{"year":2017,"value":137,"source_id":"ocha_opt"}],"depopulated_1948":false,"depopulated_date":null,"status_now":null,"group_1945":null,"group_now":null,"mechanism":null,"references":{},"evidence":[{"source_id":"ocha_opt","title":"State of Palestine - Palestinian Communities in the West Bank and the Gaza Strip","url":"https://www.ochaopt.org/page/datasets-and-mapping-tools","document_date":"2019-07-17","retrieved":"2026-08-09"}]}},{"type":"Feature","geometry":{"type":"Point","coordinates":[35.05246,31.459499]},"properties":{"locality_id":"503035","name":"Khallet 'Arabi","names":{"primary":"Khallet 'Arabi","arabic":"خَلِّةْ عَرَبي"},"district":"Hebron","subdistrict":null,"pop_1945_total":null,"pop_1945_palestinian":null,"in_east_jerusalem":false,"oslo_area":"A","population":[{"year":2017,"value":289,"source_id":"ocha_opt"}],"depopulated_1948":false,"depopulated_date":null,"status_now":null,"group_1945":null,"group_now":null,"mechanism":null,"references":{},"evidence":[{"source_id":"ocha_opt","title":"State of Palestine - Palestinian Communities in the West Bank and the Gaza Strip","url":"https://www.ochaopt.org/page/datasets-and-mapping-tools","document_date":"2019-07-17","retrieved":"2026-08-09"}]}},{"type":"Feature","geometry":{"type":"Point","coordinates":[35.528087,32.367335]},"properties":{"locality_id":"999844","name":"Al Farisiya- al Jubiya","names":{"primary":"Al Farisiya- al Jubiya"},"district":"Tubas","subdistrict":null,"pop_1945_total":null,"pop_1945_palestinian":null,"in_east_jerusalem":false,"oslo_area":"C","population":[],"depopulated_1948":false,"depopulated_date":null,"status_now":null,"group_1945":null,"group_now":null,"mechanism":null,"references":{},"evidence":[{"source_id":"ocha_opt","title":"State of Palestine - Palestinian Communities in the West Bank and the Gaza Strip","url":"https://www.ochaopt.org/page/datasets-and-mapping-tools","document_date":"2019-07-17","retrieved":"2026-08-09"}]}},{"type":"Feature","geometry":{"type":"Point","coordinates":[35.085907,31.417299]},"properties":{"locality_id":"999831","name":"Jourat al Jamal","names":{"primary":"Jourat al Jamal"},"district":"Hebron","subdistrict":null,"pop_1945_total":null,"pop_1945_palestinian":null,"in_east_jerusalem":false,"oslo_area":"C","population":[],"depopulated_1948":false,"depopulated_date":null,"status_now":null,"group_1945":null,"group_now":null,"mechanism":null,"references":{},"evidence":[{"source_id":"ocha_opt","title":"State of Palestine - Palestinian Communities in the West Bank and the Gaza Strip","url":"https://www.ochaopt.org/page/datasets-and-mapping-tools","document_date":"2019-07-17","retrieved":"2026-08-09"}]}},{"type":"Feature","geometry":{"type":"Point","coordinates":[35.113594,32.443332]},"properties":{"locality_id":"10200","name":"Khirbet Mas'ud","names":{"primary":"Khirbet Mas'ud","arabic":"خِرْبِة مَسْعود-عراق الدوا"},"district":"Jenin","subdistrict":null,"pop_1945_total":null,"pop_1945_palestinian":null,"in_east_jerusalem":false,"oslo_area":"C","population":[{"year":2017,"value":110,"source_id":"ocha_opt"}],"depopulated_1948":false,"depopulated_date":null,"status_now":null,"group_1945":null,"group_now":null,"mechanism":null,"references":{},"evidence":[{"source_id":"ocha_opt","title":"State of Palestine - Palestinian Communities in the West Bank and the Gaza Strip","url":"https://www.ochaopt.org/page/datasets-and-mapping-tools","document_date":"2019-07-17","retrieved":"2026-08-09"}]}},{"type":"Feature","geometry":{"type":"Point","coordinates":[35.232321,31.778112]},"properties":{"locality_id":"402090","name":"East Jerusalem","names":{"primary":"East Jerusalem","arabic":"القدس"},"district":"Jerusalem","subdistrict":null,"pop_1945_total":null,"pop_1945_palestinian":null,"in_east_jerusalem":true,"oslo_area":"Israeli Declared East Jerusalem","population":[{"year":2017,"value":30260,"source_id":"ocha_opt"}],"depopulated_1948":false,"depopulated_date":null,"status_now":null,"group_1945":null,"group_now":null,"mechanism":null,"references":{},"evidence":[{"source_id":"ocha_opt","title":"State of Palestine - Palestinian Communities in the West Bank and the Gaza Strip","url":"https://www.ochaopt.org/page/datasets-and-mapping-tools","document_date":"2019-07-17","retrieved":"2026-08-09"}]}},{"type":"Feature","geometry":{"type":"Point","coordinates":[35.453076,32.185065]},"properties":{"locality_id":"151030","name":"Furush Beit Dajan","names":{"primary":"Furush Beit Dajan","arabic":"فُرُوش بِيت دَجَن"},"district":"Nablus","subdistrict":null,"pop_1945_total":null,"pop_1945_palestinian":null,"in_east_jerusalem":false,"oslo_area":"C","population":[{"year":2017,"value":723,"source_id":"ocha_opt"}],"depopulated_1948":false,"depopulated_date":null,"status_now":null,"group_1945":null,"group_now":null,"mechanism":null,"references":{},"evidence":[{"source_id":"ocha_opt","title":"State of Palestine - Palestinian Communities in the West Bank and the Gaza Strip","url":"https://www.ochaopt.org/page/datasets-and-mapping-tools","document_date":"2019-07-17","retrieved":"2026-08-09"}]}},{"type":"Feature","geometry":{"type":"Point","coordinates":[35.458538,32.187374]},"properties":{"locality_id":"999857","name":"Humsa - Al Jufeh","names":{"primary":"Humsa - Al Jufeh"},"district":"Nablus","subdistrict":null,"pop_1945_total":null,"pop_1945_palestinian":null,"in_east_jerusalem":false,"oslo_area":"C","population":[],"depopulated_1948":false,"depopulated_date":null,"status_now":null,"group_1945":null,"group_now":null,"mechanism":null,"references":{},"evidence":[{"source_id":"ocha_opt","title":"State of Palestine - Palestinian Communities in the West Bank and the Gaza Strip","url":"https://www.ochaopt.org/page/datasets-and-mapping-tools","document_date":"2019-07-17","retrieved":"2026-08-09"}]}},{"type":"Feature","geometry":{"type":"Point","coordinates":[35.003514,31.610813]},"properties":{"locality_id":"502570","name":"Qila","names":{"primary":"Qila","arabic":"قِيلا"},"district":"Hebron","subdistrict":null,"pop_1945_total":null,"pop_1945_palestinian":null,"in_east_jerusalem":false,"oslo_area":"A","population":[{"year":2017,"value":1519,"source_id":"ocha_opt"}],"depopulated_1948":false,"depopulated_date":null,"status_now":null,"group_1945":null,"group_now":null,"mechanism":null,"references":{},"evidence":[{"source_id":"ocha_opt","title":"State of Palestine - Palestinian Communities in the West Bank and the Gaza Strip","url":"https://www.ochaopt.org/page/datasets-and-mapping-tools","document_date":"2019-07-17","retrieved":"2026-08-09"}]}},{"type":"Feature","geometry":{"type":"Point","coordinates":[34.997904,31.604315]},"properties":{"locality_id":"502600","name":"Ras al Jora","names":{"primary":"Ras al Jora","arabic":"راس الجُورَة"},"district":"Hebron","subdistrict":null,"pop_1945_total":null,"pop_1945_palestinian":null,"in_east_jerusalem":false,"oslo_area":"A","population":[{"year":2017,"value":637,"source_id":"ocha_opt"}],"depopulated_1948":false,"depopulated_date":null,"status_now":null,"group_1945":null,"group_now":null,"mechanism":null,"references":{},"evidence":[{"source_id":"ocha_opt","title":"State of Palestine - Palestinian Communities in the West Bank and the Gaza Strip","url":"https://www.ochaopt.org/page/datasets-and-mapping-tools","document_date":"2019-07-17","retrieved":"2026-08-09"}]}},{"type":"Feature","geometry":{"type":"Point","coordinates":[35.259493,31.782757]},"properties":{"locality_id":"999821","name":"At Tur Bedouins","names":{"primary":"At Tur Bedouins"},"district":"Jerusalem","subdistrict":null,"pop_1945_total":null,"pop_1945_palestinian":null,"in_east_jerusalem":false,"oslo_area":"C","population":[],"depopulated_1948":false,"depopulated_date":null,"status_now":null,"group_1945":null,"group_now":null,"mechanism":null,"references":{},"evidence":[{"source_id":"ocha_opt","title":"State of Palestine - Palestinian Communities in the West Bank and the Gaza Strip","url":"https://www.ochaopt.org/page/datasets-and-mapping-tools","document_date":"2019-07-17","retrieved":"2026-08-09"}]}},{"type":"Feature","geometry":{"type":"Point","coordinates":[35.331676,31.812268]},"properties":{"locality_id":"999962","name":"Khan al Ahmar - Mihtawish","names":{"primary":"Khan al Ahmar - Mihtawish"},"district":"Jerusalem","subdistrict":null,"pop_1945_total":null,"pop_1945_palestinian":null,"in_east_jerusalem":false,"oslo_area":"C","population":[],"depopulated_1948":false,"depopulated_date":null,"status_now":null,"group_1945":null,"group_now":null,"mechanism":null,"references":{},"evidence":[{"source_id":"ocha_opt","title":"State of Palestine - Palestinian Communities in the West Bank and the Gaza Strip","url":"https://www.ochaopt.org/page/datasets-and-mapping-tools","document_date":"2019-07-17","retrieved":"2026-08-09"}]}},{"type":"Feature","geometry":{"type":"Point","coordinates":[35.281695,32.141537]},"properties":{"locality_id":"151215","name":"Beita","names":{"primary":"Beita","arabic":"بِيتَا"},"district":"Nablus","subdistrict":null,"pop_1945_total":null,"pop_1945_palestinian":null,"in_east_jerusalem":false,"oslo_area":"A","population":[{"year":2017,"value":11682,"source_id":"ocha_opt"}],"depopulated_1948":false,"depopulated_date":null,"status_now":null,"group_1945":null,"group_now":null,"mechanism":null,"references":{},"evidence":[{"source_id":"ocha_opt","title":"State of Palestine - Palestinian Communities in the West Bank and the Gaza Strip","url":"https://www.ochaopt.org/page/datasets-and-mapping-tools","document_date":"2019-07-17","retrieved":"2026-08-09"}]}},{"type":"Feature","geometry":{"type":"Point","coordinates":[35.158213,31.364754]},"properties":{"locality_id":"999995","name":"Halaweh","names":{"primary":"Halaweh","arabic":"حَلاوِة"},"district":"Hebron","subdistrict":null,"pop_1945_total":null,"pop_1945_palestinian":null,"in_east_jerusalem":false,"oslo_area":"C","population":[{"year":2017,"value":70,"source_id":"ocha_opt"}],"depopulated_1948":false,"depopulated_date":null,"status_now":null,"group_1945":null,"group_now":null,"mechanism":null,"references":{},"evidence":[{"source_id":"ocha_opt","title":"State of Palestine - Palestinian Communities in the West Bank and the Gaza Strip","url":"https://www.ochaopt.org/page/datasets-and-mapping-tools","document_date":"2019-07-17","retrieved":"2026-08-09"}]}},{"type":"Feature","geometry":{"type":"Point","coordinates":[35.312917,31.85709]},"properties":{"locality_id":"999881","name":"Al Bowereh","names":{"primary":"Al Bowereh"},"district":"Jerusalem","subdistrict":null,"pop_1945_total":null,"pop_1945_palestinian":null,"in_east_jerusalem":false,"oslo_area":"C","population":[],"depopulated_1948":false,"depopulated_date":null,"status_now":null,"group_1945":null,"group_now":null,"mechanism":null,"references":{},"evidence":[{"source_id":"ocha_opt","title":"State of Palestine - Palestinian Communities in the West Bank and the Gaza Strip","url":"https://www.ochaopt.org/page/datasets-and-mapping-tools","document_date":"2019-07-17","retrieved":"2026-08-09"}]}},{"type":"Feature","geometry":{"type":"Point","coordinates":[35.483417,32.160778]},"properties":{"locality_id":"999837","name":"Al Jiftlik - al Musaffah","names":{"primary":"Al Jiftlik - al Musaffah"},"district":"Jericho","subdistrict":null,"pop_1945_total":null,"pop_1945_palestinian":null,"in_east_jerusalem":false,"oslo_area":"C","population":[],"depopulated_1948":false,"depopulated_date":null,"status_now":null,"group_1945":null,"group_now":null,"mechanism":null,"references":{},"evidence":[{"source_id":"ocha_opt","title":"State of Palestine - Palestinian Communities in the West Bank and the Gaza Strip","url":"https://www.ochaopt.org/page/datasets-and-mapping-tools","document_date":"2019-07-17","retrieved":"2026-08-09"}]}},{"type":"Feature","geometry":{"type":"Point","coordinates":[35.224504,31.701251]},"properties":{"locality_id":"452255","name":"Beit Sahur","names":{"primary":"Beit Sahur","arabic":"بِيت ساحور"},"district":"Bethlehem","subdistrict":null,"pop_1945_total":null,"pop_1945_palestinian":null,"in_east_jerusalem":false,"oslo_area":"A","population":[{"year":2017,"value":13281,"source_id":"ocha_opt"}],"depopulated_1948":false,"depopulated_date":null,"status_now":null,"group_1945":null,"group_now":null,"mechanism":null,"references":{},"evidence":[{"source_id":"ocha_opt","title":"State of Palestine - Palestinian Communities in the West Bank and the Gaza Strip","url":"https://www.ochaopt.org/page/datasets-and-mapping-tools","document_date":"2019-07-17","retrieved":"2026-08-09"}]}},{"type":"Feature","geometry":{"type":"Point","coordinates":[35.107304,31.968717]},"properties":{"locality_id":"301655","name":"Deir 'Ammar","names":{"primary":"Deir 'Ammar","arabic":"دِير عَمَّار"},"district":"Ramallah","subdistrict":null,"pop_1945_total":null,"pop_1945_palestinian":null,"in_east_jerusalem":false,"oslo_area":"A","population":[{"year":2017,"value":3353,"source_id":"ocha_opt"}],"depopulated_1948":false,"depopulated_date":null,"status_now":null,"group_1945":null,"group_now":null,"mechanism":null,"references":{},"evidence":[{"source_id":"ocha_opt","title":"State of Palestine - Palestinian Communities in the West Bank and the Gaza Strip","url":"https://www.ochaopt.org/page/datasets-and-mapping-tools","document_date":"2019-07-17","retrieved":"2026-08-09"}]}},{"type":"Feature","geometry":{"type":"Point","coordinates":[35.114011,31.506202]},"properties":{"locality_id":"999762","name":"Al Mashareqa Altahta","names":{"primary":"Al Mashareqa Altahta"},"district":"Hebron","subdistrict":null,"pop_1945_total":null,"pop_1945_palestinian":null,"in_east_jerusalem":false,"oslo_area":"H2","population":[{"year":2017,"value":0,"source_id":"ocha_opt"}],"depopulated_1948":false,"depopulated_date":null,"status_now":null,"group_1945":null,"group_now":null,"mechanism":null,"references":{},"evidence":[{"source_id":"ocha_opt","title":"State of Palestine - Palestinian Communities in the West Bank and the Gaza Strip","url":"https://www.ochaopt.org/page/datasets-and-mapping-tools","document_date":"2019-07-17","retrieved":"2026-08-09"}]}},{"type":"Feature","geometry":{"type":"Point","coordinates":[35.089713,31.531028]},"properties":{"locality_id":"502780","name":"Hebron","names":{"primary":"Hebron","arabic":"الخَليل"},"district":"Hebron","subdistrict":null,"pop_1945_total":null,"pop_1945_palestinian":null,"in_east_jerusalem":false,"oslo_area":"H1","population":[{"year":2017,"value":201063,"source_id":"ocha_opt"}],"depopulated_1948":false,"depopulated_date":null,"status_now":null,"group_1945":null,"group_now":null,"mechanism":null,"references":{},"evidence":[{"source_id":"ocha_opt","title":"State of Palestine - Palestinian Communities in the West Bank and the Gaza Strip","url":"https://www.ochaopt.org/page/datasets-and-mapping-tools","document_date":"2019-07-17","retrieved":"2026-08-09"}]}},{"type":"Feature","geometry":{"type":"Point","coordinates":[35.159681,31.519348]},"properties":{"locality_id":"502815","name":"Bani Na'im","names":{"primary":"Bani Na'im","arabic":"بَني نَعِيم"},"district":"Hebron","subdistrict":null,"pop_1945_total":null,"pop_1945_palestinian":null,"in_east_jerusalem":false,"oslo_area":"A","population":[{"year":2017,"value":24628,"source_id":"ocha_opt"}],"depopulated_1948":false,"depopulated_date":null,"status_now":null,"group_1945":null,"group_now":null,"mechanism":null,"references":{},"evidence":[{"source_id":"ocha_opt","title":"State of Palestine - Palestinian Communities in the West Bank and the Gaza Strip","url":"https://www.ochaopt.org/page/datasets-and-mapping-tools","document_date":"2019-07-17","retrieved":"2026-08-09"}]}},{"type":"Feature","geometry":{"type":"Point","coordinates":[35.188754,32.011158]},"properties":{"locality_id":"301546","name":"Ar-Rawabi","names":{"primary":"Ar-Rawabi","arabic":"الروابي"},"district":"Ramallah","subdistrict":null,"pop_1945_total":null,"pop_1945_palestinian":null,"in_east_jerusalem":false,"oslo_area":"A","population":[{"year":2017,"value":710,"source_id":"ocha_opt"}],"depopulated_1948":false,"depopulated_date":null,"status_now":null,"group_1945":null,"group_now":null,"mechanism":null,"references":{},"evidence":[{"source_id":"ocha_opt","title":"State of Palestine - Palestinian Communities in the West Bank and the Gaza Strip","url":"https://www.ochaopt.org/page/datasets-and-mapping-tools","document_date":"2019-07-17","retrieved":"2026-08-09"}]}},{"type":"Feature","geometry":{"type":"Point","coordinates":[35.172146,31.96491]},"properties":{"locality_id":"301670","name":"Abu Shukheidim","names":{"primary":"Abu Shukheidim","arabic":"ابو شُخَيْدِم"},"district":"Ramallah","subdistrict":null,"pop_1945_total":null,"pop_1945_palestinian":null,"in_east_jerusalem":false,"oslo_area":"A","population":[{"year":2017,"value":2438,"source_id":"ocha_opt"}],"depopulated_1948":false,"depopulated_date":null,"status_now":null,"group_1945":null,"group_now":null,"mechanism":null,"references":{},"evidence":[{"source_id":"ocha_opt","title":"State of Palestine - Palestinian Communities in the West Bank and the Gaza Strip","url":"https://www.ochaopt.org/page/datasets-and-mapping-tools","document_date":"2019-07-17","retrieved":"2026-08-09"}]}},{"type":"Feature","geometry":{"type":"Point","coordinates":[35.241842,31.674698]},"properties":{"locality_id":"452335","name":"Beit Ta'mir","names":{"primary":"Beit Ta'mir","arabic":"بِيت تَعْمَر"},"district":"Bethlehem","subdistrict":null,"pop_1945_total":null,"pop_1945_palestinian":null,"in_east_jerusalem":false,"oslo_area":"A","population":[{"year":2017,"value":1596,"source_id":"ocha_opt"}],"depopulated_1948":false,"depopulated_date":null,"status_now":null,"group_1945":null,"group_now":null,"mechanism":null,"references":{},"evidence":[{"source_id":"ocha_opt","title":"State of Palestine - Palestinian Communities in the West Bank and the Gaza Strip","url":"https://www.ochaopt.org/page/datasets-and-mapping-tools","document_date":"2019-07-17","retrieved":"2026-08-09"}]}},{"type":"Feature","geometry":{"type":"Point","coordinates":[35.290595,31.711572]},"properties":{"locality_id":"452205","name":"Al Haddadiya","names":{"primary":"Al Haddadiya","arabic":"الحَدَّادِيَّة"},"district":"Bethlehem","subdistrict":null,"pop_1945_total":null,"pop_1945_palestinian":null,"in_east_jerusalem":false,"oslo_area":"A","population":[{"year":2017,"value":82,"source_id":"ocha_opt"}],"depopulated_1948":false,"depopulated_date":null,"status_now":null,"group_1945":null,"group_now":null,"mechanism":null,"references":{},"evidence":[{"source_id":"ocha_opt","title":"State of Palestine - Palestinian Communities in the West Bank and the Gaza Strip","url":"https://www.ochaopt.org/page/datasets-and-mapping-tools","document_date":"2019-07-17","retrieved":"2026-08-09"}]}},{"type":"Feature","geometry":{"type":"Point","coordinates":[35.14076,31.71848]},"properties":{"locality_id":"452175","name":"Battir","names":{"primary":"Battir","arabic":"بَتِّير"},"district":"Bethlehem","subdistrict":null,"pop_1945_total":null,"pop_1945_palestinian":null,"in_east_jerusalem":false,"oslo_area":"A","population":[{"year":2017,"value":4696,"source_id":"ocha_opt"}],"depopulated_1948":false,"depopulated_date":null,"status_now":null,"group_1945":null,"group_now":null,"mechanism":null,"references":{},"evidence":[{"source_id":"ocha_opt","title":"State of Palestine - Palestinian Communities in the West Bank and the Gaza Strip","url":"https://www.ochaopt.org/page/datasets-and-mapping-tools","document_date":"2019-07-17","retrieved":"2026-08-09"}]}},{"type":"Feature","geometry":{"type":"Point","coordinates":[35.198607,31.719324]},"properties":{"locality_id":"452185","name":"Ayda Camp","names":{"primary":"Ayda Camp","arabic":"مُخَيَّمْ عايدَة"},"district":"Bethlehem","subdistrict":null,"pop_1945_total":null,"pop_1945_palestinian":null,"in_east_jerusalem":false,"oslo_area":"A","population":[{"year":2017,"value":2824,"source_id":"ocha_opt"}],"depopulated_1948":false,"depopulated_date":null,"status_now":null,"group_1945":null,"group_now":null,"mechanism":null,"references":{},"evidence":[{"source_id":"ocha_opt","title":"State of Palestine - Palestinian Communities in the West Bank and the Gaza Strip","url":"https://www.ochaopt.org/page/datasets-and-mapping-tools","document_date":"2019-07-17","retrieved":"2026-08-09"}]}},{"type":"Feature","geometry":{"type":"Point","coordinates":[35.20156,31.715474]},"properties":{"locality_id":"452195","name":"Al 'Azza Camp","names":{"primary":"Al 'Azza Camp","arabic":"مُخَيَّمْ العَزَّة"},"district":"Bethlehem","subdistrict":null,"pop_1945_total":null,"pop_1945_palestinian":null,"in_east_jerusalem":false,"oslo_area":"A","population":[{"year":2017,"value":1523,"source_id":"ocha_opt"}],"depopulated_1948":false,"depopulated_date":null,"status_now":null,"group_1945":null,"group_now":null,"mechanism":null,"references":{},"evidence":[{"source_id":"ocha_opt","title":"State of Palestine - Palestinian Communities in the West Bank and the Gaza Strip","url":"https://www.ochaopt.org/page/datasets-and-mapping-tools","document_date":"2019-07-17","retrieved":"2026-08-09"}]}},{"type":"Feature","geometry":{"type":"Point","coordinates":[35.2504,31.715126]},"properties":{"locality_id":"452200","name":"Al Khas","names":{"primary":"Al Khas","arabic":"الخَاص"},"district":"Bethlehem","subdistrict":null,"pop_1945_total":null,"pop_1945_palestinian":null,"in_east_jerusalem":false,"oslo_area":"A","population":[{"year":2017,"value":398,"source_id":"ocha_opt"}],"depopulated_1948":false,"depopulated_date":null,"status_now":null,"group_1945":null,"group_now":null,"mechanism":null,"references":{},"evidence":[{"source_id":"ocha_opt","title":"State of Palestine - Palestinian Communities in the West Bank and the Gaza Strip","url":"https://www.ochaopt.org/page/datasets-and-mapping-tools","document_date":"2019-07-17","retrieved":"2026-08-09"}]}},{"type":"Feature","geometry":{"type":"Point","coordinates":[35.274909,31.815218]},"properties":{"locality_id":"999791","name":"Fheidat","names":{"primary":"Fheidat"},"district":"Jerusalem","subdistrict":null,"pop_1945_total":null,"pop_1945_palestinian":null,"in_east_jerusalem":false,"oslo_area":"C","population":[],"depopulated_1948":false,"depopulated_date":null,"status_now":null,"group_1945":null,"group_now":null,"mechanism":null,"references":{},"evidence":[{"source_id":"ocha_opt","title":"State of Palestine - Palestinian Communities in the West Bank and the Gaza Strip","url":"https://www.ochaopt.org/page/datasets-and-mapping-tools","document_date":"2019-07-17","retrieved":"2026-08-09"}]}},{"type":"Feature","geometry":{"type":"Point","coordinates":[35.179261,31.724643]},"properties":{"locality_id":"999790","name":"Al Kurshan","names":{"primary":"Al Kurshan"},"district":"Bethlehem","subdistrict":null,"pop_1945_total":null,"pop_1945_palestinian":null,"in_east_jerusalem":false,"oslo_area":"Israeli Declared East Jerusalem","population":[],"depopulated_1948":false,"depopulated_date":null,"status_now":null,"group_1945":null,"group_now":null,"mechanism":null,"references":{},"evidence":[{"source_id":"ocha_opt","title":"State of Palestine - Palestinian Communities in the West Bank and the Gaza Strip","url":"https://www.ochaopt.org/page/datasets-and-mapping-tools","document_date":"2019-07-17","retrieved":"2026-08-09"}]}},{"type":"Feature","geometry":{"type":"Point","coordinates":[35.296205,31.719609]},"properties":{"locality_id":"452180","name":"Al 'Ubeidiya","names":{"primary":"Al 'Ubeidiya","arabic":"العُبَيْدِيَّة"},"district":"Bethlehem","subdistrict":null,"pop_1945_total":null,"pop_1945_palestinian":null,"in_east_jerusalem":false,"oslo_area":"A","population":[{"year":2017,"value":11744,"source_id":"ocha_opt"}],"depopulated_1948":false,"depopulated_date":null,"status_now":null,"group_1945":null,"group_now":null,"mechanism":null,"references":{},"evidence":[{"source_id":"ocha_opt","title":"State of Palestine - Palestinian Communities in the West Bank and the Gaza Strip","url":"https://www.ochaopt.org/page/datasets-and-mapping-tools","document_date":"2019-07-17","retrieved":"2026-08-09"}]}},{"type":"Feature","geometry":{"type":"Point","coordinates":[35.260333,31.762267]},"properties":{"locality_id":"402120","name":"Abu Dis","names":{"primary":"Abu Dis","arabic":"ابو دِيس"},"district":"Jerusalem","subdistrict":null,"pop_1945_total":null,"pop_1945_palestinian":null,"in_east_jerusalem":false,"oslo_area":"A","population":[{"year":2017,"value":12251,"source_id":"ocha_opt"}],"depopulated_1948":false,"depopulated_date":null,"status_now":null,"group_1945":null,"group_now":null,"mechanism":null,"references":{},"evidence":[{"source_id":"ocha_opt","title":"State of Palestine - Palestinian Communities in the West Bank and the Gaza Strip","url":"https://www.ochaopt.org/page/datasets-and-mapping-tools","document_date":"2019-07-17","retrieved":"2026-08-09"}]}},{"type":"Feature","geometry":{"type":"Point","coordinates":[35.264656,31.788569]},"properties":{"locality_id":"402065","name":"Az Za'ayyem","names":{"primary":"Az Za'ayyem","arabic":"الزْعَيِّمْ"},"district":"Jerusalem","subdistrict":null,"pop_1945_total":null,"pop_1945_palestinian":null,"in_east_jerusalem":false,"oslo_area":"A","population":[{"year":2017,"value":6270,"source_id":"ocha_opt"}],"depopulated_1948":false,"depopulated_date":null,"status_now":null,"group_1945":null,"group_now":null,"mechanism":null,"references":{},"evidence":[{"source_id":"ocha_opt","title":"State of Palestine - Palestinian Communities in the West Bank and the Gaza Strip","url":"https://www.ochaopt.org/page/datasets-and-mapping-tools","document_date":"2019-07-17","retrieved":"2026-08-09"}]}},{"type":"Feature","geometry":{"type":"Point","coordinates":[35.261054,31.811012]},"properties":{"locality_id":"402040","name":"Anata","names":{"primary":"Anata","arabic":"عَناتَا"},"district":"Jerusalem","subdistrict":null,"pop_1945_total":null,"pop_1945_palestinian":null,"in_east_jerusalem":false,"oslo_area":"A","population":[{"year":2017,"value":16919,"source_id":"ocha_opt"}],"depopulated_1948":false,"depopulated_date":null,"status_now":null,"group_1945":null,"group_now":null,"mechanism":null,"references":{},"evidence":[{"source_id":"ocha_opt","title":"State of Palestine - Palestinian Communities in the West Bank and the Gaza Strip","url":"https://www.ochaopt.org/page/datasets-and-mapping-tools","document_date":"2019-07-17","retrieved":"2026-08-09"}]}},{"type":"Feature","geometry":{"type":"Point","coordinates":[35.440392,31.840015]},"properties":{"locality_id":"351975","name":"Aqbat Jaber Camp","names":{"primary":"Aqbat Jaber Camp","arabic":"مُخَيَّمْ عَقَبَةْ جَبْر"},"district":"Jericho","subdistrict":null,"pop_1945_total":null,"pop_1945_palestinian":null,"in_east_jerusalem":false,"oslo_area":"A","population":[{"year":2017,"value":8960,"source_id":"ocha_opt"}],"depopulated_1948":false,"depopulated_date":null,"status_now":null,"group_1945":null,"group_now":null,"mechanism":null,"references":{},"evidence":[{"source_id":"ocha_opt","title":"State of Palestine - Palestinian Communities in the West Bank and the Gaza Strip","url":"https://www.ochaopt.org/page/datasets-and-mapping-tools","document_date":"2019-07-17","retrieved":"2026-08-09"}]}},{"type":"Feature","geometry":{"type":"Point","coordinates":[35.046379,31.887912]},"properties":{"locality_id":"301850","name":"Beit Sira","names":{"primary":"Beit Sira","arabic":"بِيت سِيرَا"},"district":"Ramallah","subdistrict":null,"pop_1945_total":null,"pop_1945_palestinian":null,"in_east_jerusalem":false,"oslo_area":"A","population":[{"year":2017,"value":3343,"source_id":"ocha_opt"}],"depopulated_1948":false,"depopulated_date":null,"status_now":null,"group_1945":null,"group_now":null,"mechanism":null,"references":{},"evidence":[{"source_id":"ocha_opt","title":"State of Palestine - Palestinian Communities in the West Bank and the Gaza Strip","url":"https://www.ochaopt.org/page/datasets-and-mapping-tools","document_date":"2019-07-17","retrieved":"2026-08-09"}]}},{"type":"Feature","geometry":{"type":"Point","coordinates":[35.065389,31.869731]},"properties":{"locality_id":"301895","name":"Beit Liqya","names":{"primary":"Beit Liqya","arabic":"بِيت لِقْيا"},"district":"Ramallah","subdistrict":null,"pop_1945_total":null,"pop_1945_palestinian":null,"in_east_jerusalem":false,"oslo_area":"A","population":[{"year":2017,"value":9304,"source_id":"ocha_opt"}],"depopulated_1948":false,"depopulated_date":null,"status_now":null,"group_1945":null,"group_now":null,"mechanism":null,"references":{},"evidence":[{"source_id":"ocha_opt","title":"State of Palestine - Palestinian Communities in the West Bank and the Gaza Strip","url":"https://www.ochaopt.org/page/datasets-and-mapping-tools","document_date":"2019-07-17","retrieved":"2026-08-09"}]}},{"type":"Feature","geometry":{"type":"Point","coordinates":[35.009743,31.976703]},"properties":{"locality_id":"301605","name":"Qibya","names":{"primary":"Qibya","arabic":"قِبْيَه"},"district":"Ramallah","subdistrict":null,"pop_1945_total":null,"pop_1945_palestinian":null,"in_east_jerusalem":false,"oslo_area":"A","population":[{"year":2017,"value":6090,"source_id":"ocha_opt"}],"depopulated_1948":false,"depopulated_date":null,"status_now":null,"group_1945":null,"group_now":null,"mechanism":null,"references":{},"evidence":[{"source_id":"ocha_opt","title":"State of Palestine - Palestinian Communities in the West Bank and the Gaza Strip","url":"https://www.ochaopt.org/page/datasets-and-mapping-tools","document_date":"2019-07-17","retrieved":"2026-08-09"}]}},{"type":"Feature","geometry":{"type":"Point","coordinates":[34.99339,31.966513]},"properties":{"locality_id":"301665","name":"Budrus","names":{"primary":"Budrus","arabic":"بُدْرُس"},"district":"Ramallah","subdistrict":null,"pop_1945_total":null,"pop_1945_palestinian":null,"in_east_jerusalem":false,"oslo_area":"A","population":[{"year":2017,"value":1596,"source_id":"ocha_opt"}],"depopulated_1948":false,"depopulated_date":null,"status_now":null,"group_1945":null,"group_now":null,"mechanism":null,"references":{},"evidence":[{"source_id":"ocha_opt","title":"State of Palestine - Palestinian Communities in the West Bank and the Gaza Strip","url":"https://www.ochaopt.org/page/datasets-and-mapping-tools","document_date":"2019-07-17","retrieved":"2026-08-09"}]}},{"type":"Feature","geometry":{"type":"Point","coordinates":[35.040276,31.987029]},"properties":{"locality_id":"301595","name":"Shuqba","names":{"primary":"Shuqba","arabic":"شُقْبَا"},"district":"Ramallah","subdistrict":null,"pop_1945_total":null,"pop_1945_palestinian":null,"in_east_jerusalem":false,"oslo_area":"A","population":[{"year":2017,"value":5459,"source_id":"ocha_opt"}],"depopulated_1948":false,"depopulated_date":null,"status_now":null,"group_1945":null,"group_now":null,"mechanism":null,"references":{},"evidence":[{"source_id":"ocha_opt","title":"State of Palestine - Palestinian Communities in the West Bank and the Gaza Strip","url":"https://www.ochaopt.org/page/datasets-and-mapping-tools","document_date":"2019-07-17","retrieved":"2026-08-09"}]}},{"type":"Feature","geometry":{"type":"Point","coordinates":[35.049294,31.973457]},"properties":{"locality_id":"301625","name":"Shabtin","names":{"primary":"Shabtin","arabic":"شِبْتِين"},"district":"Ramallah","subdistrict":null,"pop_1945_total":null,"pop_1945_palestinian":null,"in_east_jerusalem":false,"oslo_area":"A","population":[{"year":2017,"value":1136,"source_id":"ocha_opt"}],"depopulated_1948":false,"depopulated_date":null,"status_now":null,"group_1945":null,"group_now":null,"mechanism":null,"references":{},"evidence":[{"source_id":"ocha_opt","title":"State of Palestine - Palestinian Communities in the West Bank and the Gaza Strip","url":"https://www.ochaopt.org/page/datasets-and-mapping-tools","document_date":"2019-07-17","retrieved":"2026-08-09"}]}},{"type":"Feature","geometry":{"type":"Point","coordinates":[35.043371,31.94825]},"properties":{"locality_id":"301710","name":"Deir Qaddis","names":{"primary":"Deir Qaddis","arabic":"دِير قِدِّيس"},"district":"Ramallah","subdistrict":null,"pop_1945_total":null,"pop_1945_palestinian":null,"in_east_jerusalem":false,"oslo_area":"A","population":[{"year":2017,"value":2452,"source_id":"ocha_opt"}],"depopulated_1948":false,"depopulated_date":null,"status_now":null,"group_1945":null,"group_now":null,"mechanism":null,"references":{},"evidence":[{"source_id":"ocha_opt","title":"State of Palestine - Palestinian Communities in the West Bank and the Gaza Strip","url":"https://www.ochaopt.org/page/datasets-and-mapping-tools","document_date":"2019-07-17","retrieved":"2026-08-09"}]}},{"type":"Feature","geometry":{"type":"Point","coordinates":[35.021105,31.947303]},"properties":{"locality_id":"301715","name":"Ni'lin","names":{"primary":"Ni'lin","arabic":"نِعْلِين"},"district":"Ramallah","subdistrict":null,"pop_1945_total":null,"pop_1945_palestinian":null,"in_east_jerusalem":false,"oslo_area":"A","population":[{"year":2017,"value":5118,"source_id":"ocha_opt"}],"depopulated_1948":false,"depopulated_date":null,"status_now":null,"group_1945":null,"group_now":null,"mechanism":null,"references":{},"evidence":[{"source_id":"ocha_opt","title":"State of Palestine - Palestinian Communities in the West Bank and the Gaza Strip","url":"https://www.ochaopt.org/page/datasets-and-mapping-tools","document_date":"2019-07-17","retrieved":"2026-08-09"}]}},{"type":"Feature","geometry":{"type":"Point","coordinates":[35.250115,31.948549]},"properties":{"locality_id":"301720","name":"Ein Yabrud","names":{"primary":"Ein Yabrud","arabic":"عِيْن يَبْرود"},"district":"Ramallah","subdistrict":null,"pop_1945_total":null,"pop_1945_palestinian":null,"in_east_jerusalem":false,"oslo_area":"A","population":[{"year":2017,"value":2515,"source_id":"ocha_opt"}],"depopulated_1948":false,"depopulated_date":null,"status_now":null,"group_1945":null,"group_now":null,"mechanism":null,"references":{},"evidence":[{"source_id":"ocha_opt","title":"State of Palestine - Palestinian Communities in the West Bank and the Gaza Strip","url":"https://www.ochaopt.org/page/datasets-and-mapping-tools","document_date":"2019-07-17","retrieved":"2026-08-09"}]}},{"type":"Feature","geometry":{"type":"Point","coordinates":[35.114133,31.49361]},"properties":{"locality_id":"502782","name":"Khallet Edar","names":{"primary":"Khallet Edar","arabic":"خَلِّةْ  الدار"},"district":"Hebron","subdistrict":null,"pop_1945_total":null,"pop_1945_palestinian":null,"in_east_jerusalem":false,"oslo_area":"A","population":[{"year":2017,"value":2984,"source_id":"ocha_opt"}],"depopulated_1948":false,"depopulated_date":null,"status_now":null,"group_1945":null,"group_now":null,"mechanism":null,"references":{},"evidence":[{"source_id":"ocha_opt","title":"State of Palestine - Palestinian Communities in the West Bank and the Gaza Strip","url":"https://www.ochaopt.org/page/datasets-and-mapping-tools","document_date":"2019-07-17","retrieved":"2026-08-09"}]}},{"type":"Feature","geometry":{"type":"Point","coordinates":[35.194238,31.721144]},"properties":{"locality_id":"452208","name":"Khallet Hammameh","names":{"primary":"Khallet Hammameh","arabic":"خلة حمامة"},"district":"Bethlehem","subdistrict":null,"pop_1945_total":null,"pop_1945_palestinian":null,"in_east_jerusalem":false,"oslo_area":"A","population":[{"year":2017,"value":1624,"source_id":"ocha_opt"}],"depopulated_1948":false,"depopulated_date":null,"status_now":null,"group_1945":null,"group_now":null,"mechanism":null,"references":{},"evidence":[{"source_id":"ocha_opt","title":"State of Palestine - Palestinian Communities in the West Bank and the Gaza Strip","url":"https://www.ochaopt.org/page/datasets-and-mapping-tools","document_date":"2019-07-17","retrieved":"2026-08-09"}]}},{"type":"Feature","geometry":{"type":"Point","coordinates":[35.29303,31.965726]},"properties":{"locality_id":"301650","name":"Deir Jarir","names":{"primary":"Deir Jarir","arabic":"دِير جَرِيْر"},"district":"Ramallah","subdistrict":null,"pop_1945_total":null,"pop_1945_palestinian":null,"in_east_jerusalem":false,"oslo_area":"A","population":[{"year":2017,"value":4469,"source_id":"ocha_opt"}],"depopulated_1948":false,"depopulated_date":null,"status_now":null,"group_1945":null,"group_now":null,"mechanism":null,"references":{},"evidence":[{"source_id":"ocha_opt","title":"State of Palestine - Palestinian Communities in the West Bank and the Gaza Strip","url":"https://www.ochaopt.org/page/datasets-and-mapping-tools","document_date":"2019-07-17","retrieved":"2026-08-09"}]}},{"type":"Feature","geometry":{"type":"Point","coordinates":[35.299502,31.953885]},"properties":{"locality_id":"301685","name":"At Tayba","names":{"primary":"At Tayba","arabic":"الطَيْبَة"},"district":"Ramallah","subdistrict":null,"pop_1945_total":null,"pop_1945_palestinian":null,"in_east_jerusalem":false,"oslo_area":"A","population":[{"year":2017,"value":1340,"source_id":"ocha_opt"}],"depopulated_1948":false,"depopulated_date":null,"status_now":null,"group_1945":null,"group_now":null,"mechanism":null,"references":{},"evidence":[{"source_id":"ocha_opt","title":"State of Palestine - Palestinian Communities in the West Bank and the Gaza Strip","url":"https://www.ochaopt.org/page/datasets-and-mapping-tools","document_date":"2019-07-17","retrieved":"2026-08-09"}]}},{"type":"Feature","geometry":{"type":"Point","coordinates":[35.465363,31.949311]},"properties":{"locality_id":"351690","name":"Al 'Auja","names":{"primary":"Al 'Auja","arabic":"العوجَا"},"district":"Jericho","subdistrict":null,"pop_1945_total":null,"pop_1945_palestinian":null,"in_east_jerusalem":false,"oslo_area":"A","population":[{"year":2017,"value":5224,"source_id":"ocha_opt"}],"depopulated_1948":false,"depopulated_date":null,"status_now":null,"group_1945":null,"group_now":null,"mechanism":null,"references":{},"evidence":[{"source_id":"ocha_opt","title":"State of Palestine - Palestinian Communities in the West Bank and the Gaza Strip","url":"https://www.ochaopt.org/page/datasets-and-mapping-tools","document_date":"2019-07-17","retrieved":"2026-08-09"}]}},{"type":"Feature","geometry":{"type":"Point","coordinates":[35.018545,32.029065]},"properties":{"locality_id":"301515","name":"Rantis","names":{"primary":"Rantis","arabic":"رَنْتِيس"},"district":"Ramallah","subdistrict":null,"pop_1945_total":null,"pop_1945_palestinian":null,"in_east_jerusalem":false,"oslo_area":"A","population":[{"year":2017,"value":3179,"source_id":"ocha_opt"}],"depopulated_1948":false,"depopulated_date":null,"status_now":null,"group_1945":null,"group_now":null,"mechanism":null,"references":{},"evidence":[{"source_id":"ocha_opt","title":"State of Palestine - Palestinian Communities in the West Bank and the Gaza Strip","url":"https://www.ochaopt.org/page/datasets-and-mapping-tools","document_date":"2019-07-17","retrieved":"2026-08-09"}]}},{"type":"Feature","geometry":{"type":"Point","coordinates":[35.068649,32.016696]},"properties":{"locality_id":"301535","name":"Abud","names":{"primary":"Abud","arabic":"عابُود"},"district":"Ramallah","subdistrict":null,"pop_1945_total":null,"pop_1945_palestinian":null,"in_east_jerusalem":false,"oslo_area":"A","population":[{"year":2017,"value":2153,"source_id":"ocha_opt"}],"depopulated_1948":false,"depopulated_date":null,"status_now":null,"group_1945":null,"group_now":null,"mechanism":null,"references":{},"evidence":[{"source_id":"ocha_opt","title":"State of Palestine - Palestinian Communities in the West Bank and the Gaza Strip","url":"https://www.ochaopt.org/page/datasets-and-mapping-tools","document_date":"2019-07-17","retrieved":"2026-08-09"}]}},{"type":"Feature","geometry":{"type":"Point","coordinates":[35.069125,31.998357]},"properties":{"locality_id":"301570","name":"Deir Abu Mash'al","names":{"primary":"Deir Abu Mash'al","arabic":"دِير أبو مَشْعَلْ"},"district":"Ramallah","subdistrict":null,"pop_1945_total":null,"pop_1945_palestinian":null,"in_east_jerusalem":false,"oslo_area":"A","population":[{"year":2017,"value":4233,"source_id":"ocha_opt"}],"depopulated_1948":false,"depopulated_date":null,"status_now":null,"group_1945":null,"group_now":null,"mechanism":null,"references":{},"evidence":[{"source_id":"ocha_opt","title":"State of Palestine - Palestinian Communities in the West Bank and the Gaza Strip","url":"https://www.ochaopt.org/page/datasets-and-mapping-tools","document_date":"2019-07-17","retrieved":"2026-08-09"}]}},{"type":"Feature","geometry":{"type":"Point","coordinates":[35.124542,32.016376]},"properties":{"locality_id":"301540","name":"An Nabi Salih","names":{"primary":"An Nabi Salih","arabic":"النَبي صالِح"},"district":"Ramallah","subdistrict":null,"pop_1945_total":null,"pop_1945_palestinian":null,"in_east_jerusalem":false,"oslo_area":"A","population":[{"year":2017,"value":522,"source_id":"ocha_opt"}],"depopulated_1948":false,"depopulated_date":null,"status_now":null,"group_1945":null,"group_now":null,"mechanism":null,"references":{},"evidence":[{"source_id":"ocha_opt","title":"State of Palestine - Palestinian Communities in the West Bank and the Gaza Strip","url":"https://www.ochaopt.org/page/datasets-and-mapping-tools","document_date":"2019-07-17","retrieved":"2026-08-09"}]}},{"type":"Feature","geometry":{"type":"Point","coordinates":[35.142451,31.545625]},"properties":{"locality_id":"502720","name":"Al 'Uddeisa","names":{"primary":"Al 'Uddeisa","arabic":"العُدَيْسَة"},"district":"Hebron","subdistrict":null,"pop_1945_total":null,"pop_1945_palestinian":null,"in_east_jerusalem":false,"oslo_area":"C","population":[{"year":2017,"value":1723,"source_id":"ocha_opt"}],"depopulated_1948":false,"depopulated_date":null,"status_now":null,"group_1945":null,"group_now":null,"mechanism":null,"references":{},"evidence":[{"source_id":"ocha_opt","title":"State of Palestine - Palestinian Communities in the West Bank and the Gaza Strip","url":"https://www.ochaopt.org/page/datasets-and-mapping-tools","document_date":"2019-07-17","retrieved":"2026-08-09"}]}},{"type":"Feature","geometry":{"type":"Point","coordinates":[35.147317,31.564831]},"properties":{"locality_id":"502665","name":"Ras at Tawil","names":{"primary":"Ras at Tawil","arabic":"راس الطَويل"},"district":"Hebron","subdistrict":null,"pop_1945_total":null,"pop_1945_palestinian":null,"in_east_jerusalem":false,"oslo_area":"C","population":[{"year":2017,"value":686,"source_id":"ocha_opt"}],"depopulated_1948":false,"depopulated_date":null,"status_now":null,"group_1945":null,"group_now":null,"mechanism":null,"references":{},"evidence":[{"source_id":"ocha_opt","title":"State of Palestine - Palestinian Communities in the West Bank and the Gaza Strip","url":"https://www.ochaopt.org/page/datasets-and-mapping-tools","document_date":"2019-07-17","retrieved":"2026-08-09"}]}},{"type":"Feature","geometry":{"type":"Point","coordinates":[35.092299,32.104924]},"properties":{"locality_id":"251340","name":"Sarta","names":{"primary":"Sarta","arabic":"صَرْطَة"},"district":"Salfit","subdistrict":null,"pop_1945_total":null,"pop_1945_palestinian":null,"in_east_jerusalem":false,"oslo_area":"A","population":[{"year":2017,"value":3382,"source_id":"ocha_opt"}],"depopulated_1948":false,"depopulated_date":null,"status_now":null,"group_1945":null,"group_now":null,"mechanism":null,"references":{},"evidence":[{"source_id":"ocha_opt","title":"State of Palestine - Palestinian Communities in the West Bank and the Gaza Strip","url":"https://www.ochaopt.org/page/datasets-and-mapping-tools","document_date":"2019-07-17","retrieved":"2026-08-09"}]}},{"type":"Feature","geometry":{"type":"Point","coordinates":[35.171446,32.120507]},"properties":{"locality_id":"251290","name":"Qira","names":{"primary":"Qira","arabic":"قِيرَة"},"district":"Salfit","subdistrict":null,"pop_1945_total":null,"pop_1945_palestinian":null,"in_east_jerusalem":false,"oslo_area":"A","population":[{"year":2017,"value":1278,"source_id":"ocha_opt"}],"depopulated_1948":false,"depopulated_date":null,"status_now":null,"group_1945":null,"group_now":null,"mechanism":null,"references":{},"evidence":[{"source_id":"ocha_opt","title":"State of Palestine - Palestinian Communities in the West Bank and the Gaza Strip","url":"https://www.ochaopt.org/page/datasets-and-mapping-tools","document_date":"2019-07-17","retrieved":"2026-08-09"}]}},{"type":"Feature","geometry":{"type":"Point","coordinates":[35.156354,32.118381]},"properties":{"locality_id":"251295","name":"Kifl Haris","names":{"primary":"Kifl Haris","arabic":"كِفِلْ حَارِس"},"district":"Salfit","subdistrict":null,"pop_1945_total":null,"pop_1945_palestinian":null,"in_east_jerusalem":false,"oslo_area":"A","population":[{"year":2017,"value":3445,"source_id":"ocha_opt"}],"depopulated_1948":false,"depopulated_date":null,"status_now":null,"group_1945":null,"group_now":null,"mechanism":null,"references":{},"evidence":[{"source_id":"ocha_opt","title":"State of Palestine - Palestinian Communities in the West Bank and the Gaza Strip","url":"https://www.ochaopt.org/page/datasets-and-mapping-tools","document_date":"2019-07-17","retrieved":"2026-08-09"}]}},{"type":"Feature","geometry":{"type":"Point","coordinates":[35.140774,32.113846]},"properties":{"locality_id":"251310","name":"Haris","names":{"primary":"Haris","arabic":"حَارِس"},"district":"Salfit","subdistrict":null,"pop_1945_total":null,"pop_1945_palestinian":null,"in_east_jerusalem":false,"oslo_area":"A","population":[{"year":2017,"value":4137,"source_id":"ocha_opt"}],"depopulated_1948":false,"depopulated_date":null,"status_now":null,"group_1945":null,"group_now":null,"mechanism":null,"references":{},"evidence":[{"source_id":"ocha_opt","title":"State of Palestine - Palestinian Communities in the West Bank and the Gaza Strip","url":"https://www.ochaopt.org/page/datasets-and-mapping-tools","document_date":"2019-07-17","retrieved":"2026-08-09"}]}},{"type":"Feature","geometry":{"type":"Point","coordinates":[35.180997,32.084115]},"properties":{"locality_id":"251370","name":"Salfit","names":{"primary":"Salfit","arabic":"سَلْفِيت"},"district":"Salfit","subdistrict":null,"pop_1945_total":null,"pop_1945_palestinian":null,"in_east_jerusalem":false,"oslo_area":"A","population":[{"year":2017,"value":10911,"source_id":"ocha_opt"}],"depopulated_1948":false,"depopulated_date":null,"status_now":null,"group_1945":null,"group_now":null,"mechanism":null,"references":{},"evidence":[{"source_id":"ocha_opt","title":"State of Palestine - Palestinian Communities in the West Bank and the Gaza Strip","url":"https://www.ochaopt.org/page/datasets-and-mapping-tools","document_date":"2019-07-17","retrieved":"2026-08-09"}]}},{"type":"Feature","geometry":{"type":"Point","coordinates":[35.194859,32.114087]},"properties":{"locality_id":"251300","name":"Marda","names":{"primary":"Marda","arabic":"مَرْدَا"},"district":"Salfit","subdistrict":null,"pop_1945_total":null,"pop_1945_palestinian":null,"in_east_jerusalem":false,"oslo_area":"A","population":[{"year":2017,"value":2375,"source_id":"ocha_opt"}],"depopulated_1948":false,"depopulated_date":null,"status_now":null,"group_1945":null,"group_now":null,"mechanism":null,"references":{},"evidence":[{"source_id":"ocha_opt","title":"State of Palestine - Palestinian Communities in the West Bank and the Gaza Strip","url":"https://www.ochaopt.org/page/datasets-and-mapping-tools","document_date":"2019-07-17","retrieved":"2026-08-09"}]}},{"type":"Feature","geometry":{"type":"Point","coordinates":[35.223549,32.102536]},"properties":{"locality_id":"251330","name":"Iskaka","names":{"primary":"Iskaka","arabic":"إسْكَاكَا"},"district":"Salfit","subdistrict":null,"pop_1945_total":null,"pop_1945_palestinian":null,"in_east_jerusalem":false,"oslo_area":"A","population":[{"year":2017,"value":1198,"source_id":"ocha_opt"}],"depopulated_1948":false,"depopulated_date":null,"status_now":null,"group_1945":null,"group_now":null,"mechanism":null,"references":{},"evidence":[{"source_id":"ocha_opt","title":"State of Palestine - Palestinian Communities in the West Bank and the Gaza Strip","url":"https://www.ochaopt.org/page/datasets-and-mapping-tools","document_date":"2019-07-17","retrieved":"2026-08-09"}]}},{"type":"Feature","geometry":{"type":"Point","coordinates":[35.23662,32.107544]},"properties":{"locality_id":"251315","name":"Yasuf","names":{"primary":"Yasuf","arabic":"يَاسُوف"},"district":"Salfit","subdistrict":null,"pop_1945_total":null,"pop_1945_palestinian":null,"in_east_jerusalem":false,"oslo_area":"A","population":[{"year":2017,"value":2093,"source_id":"ocha_opt"}],"depopulated_1948":false,"depopulated_date":null,"status_now":null,"group_1945":null,"group_now":null,"mechanism":null,"references":{},"evidence":[{"source_id":"ocha_opt","title":"State of Palestine - Palestinian Communities in the West Bank and the Gaza Strip","url":"https://www.ochaopt.org/page/datasets-and-mapping-tools","document_date":"2019-07-17","retrieved":"2026-08-09"}]}},{"type":"Feature","geometry":{"type":"Point","coordinates":[34.978141,32.165161]},"properties":{"locality_id":"201125","name":"Habla","names":{"primary":"Habla","arabic":"حَبْلَة"},"district":"Qalqiliya","subdistrict":null,"pop_1945_total":null,"pop_1945_palestinian":null,"in_east_jerusalem":false,"oslo_area":"A","population":[{"year":2017,"value":7057,"source_id":"ocha_opt"}],"depopulated_1948":false,"depopulated_date":null,"status_now":null,"group_1945":null,"group_now":null,"mechanism":null,"references":{},"evidence":[{"source_id":"ocha_opt","title":"State of Palestine - Palestinian Communities in the West Bank and the Gaza Strip","url":"https://www.ochaopt.org/page/datasets-and-mapping-tools","document_date":"2019-07-17","retrieved":"2026-08-09"}]}},{"type":"Feature","geometry":{"type":"Point","coordinates":[35.010263,32.16191]},"properties":{"locality_id":"201130","name":"Ras at Tira","names":{"primary":"Ras at Tira","arabic":"راس الطِيرَة"},"district":"Qalqiliya","subdistrict":null,"pop_1945_total":null,"pop_1945_palestinian":null,"in_east_jerusalem":false,"oslo_area":"A","population":[{"year":2017,"value":484,"source_id":"ocha_opt"}],"depopulated_1948":false,"depopulated_date":null,"status_now":null,"group_1945":null,"group_now":null,"mechanism":null,"references":{},"evidence":[{"source_id":"ocha_opt","title":"State of Palestine - Palestinian Communities in the West Bank and the Gaza Strip","url":"https://www.ochaopt.org/page/datasets-and-mapping-tools","document_date":"2019-07-17","retrieved":"2026-08-09"}]}},{"type":"Feature","geometry":{"type":"Point","coordinates":[34.989959,32.158682]},"properties":{"locality_id":"201155","name":"Ras 'Atiya","names":{"primary":"Ras 'Atiya","arabic":"راس عَطِيَّة"},"district":"Qalqiliya","subdistrict":null,"pop_1945_total":null,"pop_1945_palestinian":null,"in_east_jerusalem":false,"oslo_area":"A","population":[{"year":2017,"value":2129,"source_id":"ocha_opt"}],"depopulated_1948":false,"depopulated_date":null,"status_now":null,"group_1945":null,"group_now":null,"mechanism":null,"references":{},"evidence":[{"source_id":"ocha_opt","title":"State of Palestine - Palestinian Communities in the West Bank and the Gaza Strip","url":"https://www.ochaopt.org/page/datasets-and-mapping-tools","document_date":"2019-07-17","retrieved":"2026-08-09"}]}},{"type":"Feature","geometry":{"type":"Point","coordinates":[34.999636,32.141254]},"properties":{"locality_id":"201210","name":"Izbat Salman","names":{"primary":"Izbat Salman","arabic":"عِزْبَة سَلْمان"},"district":"Qalqiliya","subdistrict":null,"pop_1945_total":null,"pop_1945_palestinian":null,"in_east_jerusalem":false,"oslo_area":"A","population":[{"year":2017,"value":896,"source_id":"ocha_opt"}],"depopulated_1948":false,"depopulated_date":null,"status_now":null,"group_1945":null,"group_now":null,"mechanism":null,"references":{},"evidence":[{"source_id":"ocha_opt","title":"State of Palestine - Palestinian Communities in the West Bank and the Gaza Strip","url":"https://www.ochaopt.org/page/datasets-and-mapping-tools","document_date":"2019-07-17","retrieved":"2026-08-09"}]}},{"type":"Feature","geometry":{"type":"Point","coordinates":[35.020837,32.131664]},"properties":{"locality_id":"201255","name":"Beit Amin","names":{"primary":"Beit Amin","arabic":"بِيت أَمين"},"district":"Qalqiliya","subdistrict":null,"pop_1945_total":null,"pop_1945_palestinian":null,"in_east_jerusalem":false,"oslo_area":"A","population":[{"year":2017,"value":1279,"source_id":"ocha_opt"}],"depopulated_1948":false,"depopulated_date":null,"status_now":null,"group_1945":null,"group_now":null,"mechanism":null,"references":{},"evidence":[{"source_id":"ocha_opt","title":"State of Palestine - Palestinian Communities in the West Bank and the Gaza Strip","url":"https://www.ochaopt.org/page/datasets-and-mapping-tools","document_date":"2019-07-17","retrieved":"2026-08-09"}]}},{"type":"Feature","geometry":{"type":"Point","coordinates":[35.04642,32.152863]},"properties":{"locality_id":"201175","name":"Kafr Thulth","names":{"primary":"Kafr Thulth","arabic":"كَفْر ثُلْث"},"district":"Qalqiliya","subdistrict":null,"pop_1945_total":null,"pop_1945_palestinian":null,"in_east_jerusalem":false,"oslo_area":"A","population":[{"year":2017,"value":5606,"source_id":"ocha_opt"}],"depopulated_1948":false,"depopulated_date":null,"status_now":null,"group_1945":null,"group_now":null,"mechanism":null,"references":{},"evidence":[{"source_id":"ocha_opt","title":"State of Palestine - Palestinian Communities in the West Bank and the Gaza Strip","url":"https://www.ochaopt.org/page/datasets-and-mapping-tools","document_date":"2019-07-17","retrieved":"2026-08-09"}]}},{"type":"Feature","geometry":{"type":"Point","coordinates":[35.047312,32.128579]},"properties":{"locality_id":"201260","name":"Sanniriya","names":{"primary":"Sanniriya","arabic":"سَنّيرْيَا"},"district":"Qalqiliya","subdistrict":null,"pop_1945_total":null,"pop_1945_palestinian":null,"in_east_jerusalem":false,"oslo_area":"A","population":[{"year":2017,"value":3609,"source_id":"ocha_opt"}],"depopulated_1948":false,"depopulated_date":null,"status_now":null,"group_1945":null,"group_now":null,"mechanism":null,"references":{},"evidence":[{"source_id":"ocha_opt","title":"State of Palestine - Palestinian Communities in the West Bank and the Gaza Strip","url":"https://www.ochaopt.org/page/datasets-and-mapping-tools","document_date":"2019-07-17","retrieved":"2026-08-09"}]}},{"type":"Feature","geometry":{"type":"Point","coordinates":[35.100077,32.125475]},"properties":{"locality_id":"251275","name":"Qarawat Bani Hassan","names":{"primary":"Qarawat Bani Hassan","arabic":"قَراوَة بَني حَسَّان"},"district":"Salfit","subdistrict":null,"pop_1945_total":null,"pop_1945_palestinian":null,"in_east_jerusalem":false,"oslo_area":"A","population":[{"year":2017,"value":5513,"source_id":"ocha_opt"}],"depopulated_1948":false,"depopulated_date":null,"status_now":null,"group_1945":null,"group_now":null,"mechanism":null,"references":{},"evidence":[{"source_id":"ocha_opt","title":"State of Palestine - Palestinian Communities in the West Bank and the Gaza Strip","url":"https://www.ochaopt.org/page/datasets-and-mapping-tools","document_date":"2019-07-17","retrieved":"2026-08-09"}]}},{"type":"Feature","geometry":{"type":"Point","coordinates":[35.139995,32.131129]},"properties":{"locality_id":"251250","name":"Deir Istiya","names":{"primary":"Deir Istiya","arabic":"دِير إستْيا"},"district":"Salfit","subdistrict":null,"pop_1945_total":null,"pop_1945_palestinian":null,"in_east_jerusalem":false,"oslo_area":"A","population":[{"year":2017,"value":3696,"source_id":"ocha_opt"}],"depopulated_1948":false,"depopulated_date":null,"status_now":null,"group_1945":null,"group_now":null,"mechanism":null,"references":{},"evidence":[{"source_id":"ocha_opt","title":"State of Palestine - Palestinian Communities in the West Bank and the Gaza Strip","url":"https://www.ochaopt.org/page/datasets-and-mapping-tools","document_date":"2019-07-17","retrieved":"2026-08-09"}]}},{"type":"Feature","geometry":{"type":"Point","coordinates":[34.972274,32.188396]},"properties":{"locality_id":"201040","name":"Qalqiliya","names":{"primary":"Qalqiliya","arabic":"قَلْقِيلْيَة"},"district":"Qalqiliya","subdistrict":null,"pop_1945_total":null,"pop_1945_palestinian":null,"in_east_jerusalem":false,"oslo_area":"A","population":[{"year":2017,"value":51683,"source_id":"ocha_opt"}],"depopulated_1948":false,"depopulated_date":null,"status_now":null,"group_1945":null,"group_now":null,"mechanism":null,"references":{},"evidence":[{"source_id":"ocha_opt","title":"State of Palestine - Palestinian Communities in the West Bank and the Gaza Strip","url":"https://www.ochaopt.org/page/datasets-and-mapping-tools","document_date":"2019-07-17","retrieved":"2026-08-09"}]}},{"type":"Feature","geometry":{"type":"Point","coordinates":[35.01835,32.184348]},"properties":{"locality_id":"201055","name":"An Nabi Elyas","names":{"primary":"An Nabi Elyas","arabic":"النَبِي إليَاس"},"district":"Qalqiliya","subdistrict":null,"pop_1945_total":null,"pop_1945_palestinian":null,"in_east_jerusalem":false,"oslo_area":"A","population":[{"year":2017,"value":1399,"source_id":"ocha_opt"}],"depopulated_1948":false,"depopulated_date":null,"status_now":null,"group_1945":null,"group_now":null,"mechanism":null,"references":{},"evidence":[{"source_id":"ocha_opt","title":"State of Palestine - Palestinian Communities in the West Bank and the Gaza Strip","url":"https://www.ochaopt.org/page/datasets-and-mapping-tools","document_date":"2019-07-17","retrieved":"2026-08-09"}]}},{"type":"Feature","geometry":{"type":"Point","coordinates":[35.03473,32.200732]},"properties":{"locality_id":"200985","name":"Jayyus","names":{"primary":"Jayyus","arabic":"جَيُّوس"},"district":"Qalqiliya","subdistrict":null,"pop_1945_total":null,"pop_1945_palestinian":null,"in_east_jerusalem":false,"oslo_area":"A","population":[{"year":2017,"value":3478,"source_id":"ocha_opt"}],"depopulated_1948":false,"depopulated_date":null,"status_now":null,"group_1945":null,"group_now":null,"mechanism":null,"references":{},"evidence":[{"source_id":"ocha_opt","title":"State of Palestine - Palestinian Communities in the West Bank and the Gaza Strip","url":"https://www.ochaopt.org/page/datasets-and-mapping-tools","document_date":"2019-07-17","retrieved":"2026-08-09"}]}},{"type":"Feature","geometry":{"type":"Point","coordinates":[35.055798,32.196847]},"properties":{"locality_id":"200995","name":"Khirbet Sir","names":{"primary":"Khirbet Sir","arabic":"خِرْبِة صِيْر"},"district":"Qalqiliya","subdistrict":null,"pop_1945_total":null,"pop_1945_palestinian":null,"in_east_jerusalem":false,"oslo_area":"A","population":[{"year":2017,"value":645,"source_id":"ocha_opt"}],"depopulated_1948":false,"depopulated_date":null,"status_now":null,"group_1945":null,"group_now":null,"mechanism":null,"references":{},"evidence":[{"source_id":"ocha_opt","title":"State of Palestine - Palestinian Communities in the West Bank and the Gaza Strip","url":"https://www.ochaopt.org/page/datasets-and-mapping-tools","document_date":"2019-07-17","retrieved":"2026-08-09"}]}},{"type":"Feature","geometry":{"type":"Point","coordinates":[35.058066,32.17644]},"properties":{"locality_id":"201100","name":"Azzun","names":{"primary":"Azzun","arabic":"عَزُّون"},"district":"Qalqiliya","subdistrict":null,"pop_1945_total":null,"pop_1945_palestinian":null,"in_east_jerusalem":false,"oslo_area":"A","population":[{"year":2017,"value":9269,"source_id":"ocha_opt"}],"depopulated_1948":false,"depopulated_date":null,"status_now":null,"group_1945":null,"group_now":null,"mechanism":null,"references":{},"evidence":[{"source_id":"ocha_opt","title":"State of Palestine - Palestinian Communities in the West Bank and the Gaza Strip","url":"https://www.ochaopt.org/page/datasets-and-mapping-tools","document_date":"2019-07-17","retrieved":"2026-08-09"}]}},{"type":"Feature","geometry":{"type":"Point","coordinates":[35.036995,32.172328]},"properties":{"locality_id":"201115","name":"Isla","names":{"primary":"Isla","arabic":"عَسْلَة"},"district":"Qalqiliya","subdistrict":null,"pop_1945_total":null,"pop_1945_palestinian":null,"in_east_jerusalem":false,"oslo_area":"C","population":[{"year":2017,"value":1111,"source_id":"ocha_opt"}],"depopulated_1948":false,"depopulated_date":null,"status_now":null,"group_1945":null,"group_now":null,"mechanism":null,"references":{},"evidence":[{"source_id":"ocha_opt","title":"State of Palestine - Palestinian Communities in the West Bank and the Gaza Strip","url":"https://www.ochaopt.org/page/datasets-and-mapping-tools","document_date":"2019-07-17","retrieved":"2026-08-09"}]}},{"type":"Feature","geometry":{"type":"Point","coordinates":[35.11373,32.204626]},"properties":{"locality_id":"200965","name":"Baqat al Hatab","names":{"primary":"Baqat al Hatab","arabic":"باقَةْ الحَطَب"},"district":"Qalqiliya","subdistrict":null,"pop_1945_total":null,"pop_1945_palestinian":null,"in_east_jerusalem":false,"oslo_area":"A","population":[{"year":2017,"value":1943,"source_id":"ocha_opt"}],"depopulated_1948":false,"depopulated_date":null,"status_now":null,"group_1945":null,"group_now":null,"mechanism":null,"references":{},"evidence":[{"source_id":"ocha_opt","title":"State of Palestine - Palestinian Communities in the West Bank and the Gaza Strip","url":"https://www.ochaopt.org/page/datasets-and-mapping-tools","document_date":"2019-07-17","retrieved":"2026-08-09"}]}},{"type":"Feature","geometry":{"type":"Point","coordinates":[35.131304,32.202362]},"properties":{"locality_id":"200970","name":"Hajja","names":{"primary":"Hajja","arabic":"حَجَّة"},"district":"Qalqiliya","subdistrict":null,"pop_1945_total":null,"pop_1945_palestinian":null,"in_east_jerusalem":false,"oslo_area":"A","population":[{"year":2017,"value":2659,"source_id":"ocha_opt"}],"depopulated_1948":false,"depopulated_date":null,"status_now":null,"group_1945":null,"group_now":null,"mechanism":null,"references":{},"evidence":[{"source_id":"ocha_opt","title":"State of Palestine - Palestinian Communities in the West Bank and the Gaza Strip","url":"https://www.ochaopt.org/page/datasets-and-mapping-tools","document_date":"2019-07-17","retrieved":"2026-08-09"}]}},{"type":"Feature","geometry":{"type":"Point","coordinates":[35.091054,32.181634]},"properties":{"locality_id":"201065","name":"Kafr Laqif","names":{"primary":"Kafr Laqif","arabic":"كَفْر لاقِف"},"district":"Qalqiliya","subdistrict":null,"pop_1945_total":null,"pop_1945_palestinian":null,"in_east_jerusalem":false,"oslo_area":"A","population":[{"year":2017,"value":1039,"source_id":"ocha_opt"}],"depopulated_1948":false,"depopulated_date":null,"status_now":null,"group_1945":null,"group_now":null,"mechanism":null,"references":{},"evidence":[{"source_id":"ocha_opt","title":"State of Palestine - Palestinian Communities in the West Bank and the Gaza Strip","url":"https://www.ochaopt.org/page/datasets-and-mapping-tools","document_date":"2019-07-17","retrieved":"2026-08-09"}]}},{"type":"Feature","geometry":{"type":"Point","coordinates":[35.244741,32.356439]},"properties":{"locality_id":"10510","name":"Sanur","names":{"primary":"Sanur","arabic":"صانور"},"district":"Jenin","subdistrict":null,"pop_1945_total":null,"pop_1945_palestinian":null,"in_east_jerusalem":false,"oslo_area":"A","population":[{"year":2017,"value":5036,"source_id":"ocha_opt"}],"depopulated_1948":false,"depopulated_date":null,"status_now":null,"group_1945":null,"group_now":null,"mechanism":null,"references":{},"evidence":[{"source_id":"ocha_opt","title":"State of Palestine - Palestinian Communities in the West Bank and the Gaza Strip","url":"https://www.ochaopt.org/page/datasets-and-mapping-tools","document_date":"2019-07-17","retrieved":"2026-08-09"}]}},{"type":"Feature","geometry":{"type":"Point","coordinates":[35.27333,32.348729]},"properties":{"locality_id":"10520","name":"Meithalun","names":{"primary":"Meithalun","arabic":"مَيْثَلون"},"district":"Jenin","subdistrict":null,"pop_1945_total":null,"pop_1945_palestinian":null,"in_east_jerusalem":false,"oslo_area":"A","population":[{"year":2017,"value":8321,"source_id":"ocha_opt"}],"depopulated_1948":false,"depopulated_date":null,"status_now":null,"group_1945":null,"group_now":null,"mechanism":null,"references":{},"evidence":[{"source_id":"ocha_opt","title":"State of Palestine - Palestinian Communities in the West Bank and the Gaza Strip","url":"https://www.ochaopt.org/page/datasets-and-mapping-tools","document_date":"2019-07-17","retrieved":"2026-08-09"}]}},{"type":"Feature","geometry":{"type":"Point","coordinates":[35.131079,32.261992]},"properties":{"locality_id":"100800","name":"Beit Lid","names":{"primary":"Beit Lid","arabic":"بِيت لِيد"},"district":"Tulkarm","subdistrict":null,"pop_1945_total":null,"pop_1945_palestinian":null,"in_east_jerusalem":false,"oslo_area":"A","population":[{"year":2017,"value":5606,"source_id":"ocha_opt"}],"depopulated_1948":false,"depopulated_date":null,"status_now":null,"group_1945":null,"group_now":null,"mechanism":null,"references":{},"evidence":[{"source_id":"ocha_opt","title":"State of Palestine - Palestinian Communities in the West Bank and the Gaza Strip","url":"https://www.ochaopt.org/page/datasets-and-mapping-tools","document_date":"2019-07-17","retrieved":"2026-08-09"}]}},{"type":"Feature","geometry":{"type":"Point","coordinates":[35.10654,32.297245]},"properties":{"locality_id":"100690","name":"Kafr al Labad","names":{"primary":"Kafr al Labad","arabic":"كَفْر اللَبَد"},"district":"Tulkarm","subdistrict":null,"pop_1945_total":null,"pop_1945_palestinian":null,"in_east_jerusalem":false,"oslo_area":"A","population":[{"year":2017,"value":4747,"source_id":"ocha_opt"}],"depopulated_1948":false,"depopulated_date":null,"status_now":null,"group_1945":null,"group_now":null,"mechanism":null,"references":{},"evidence":[{"source_id":"ocha_opt","title":"State of Palestine - Palestinian Communities in the West Bank and the Gaza Strip","url":"https://www.ochaopt.org/page/datasets-and-mapping-tools","document_date":"2019-07-17","retrieved":"2026-08-09"}]}},{"type":"Feature","geometry":{"type":"Point","coordinates":[35.151136,32.287847]},"properties":{"locality_id":"100730","name":"Ramin","names":{"primary":"Ramin","arabic":"رَامِين"},"district":"Tulkarm","subdistrict":null,"pop_1945_total":null,"pop_1945_palestinian":null,"in_east_jerusalem":false,"oslo_area":"A","population":[{"year":2017,"value":1998,"source_id":"ocha_opt"}],"depopulated_1948":false,"depopulated_date":null,"status_now":null,"group_1945":null,"group_now":null,"mechanism":null,"references":{},"evidence":[{"source_id":"ocha_opt","title":"State of Palestine - Palestinian Communities in the West Bank and the Gaza Strip","url":"https://www.ochaopt.org/page/datasets-and-mapping-tools","document_date":"2019-07-17","retrieved":"2026-08-09"}]}},{"type":"Feature","geometry":{"type":"Point","coordinates":[35.08224,32.401792]},"properties":{"locality_id":"100380","name":"An Nazla al Gharbiya","names":{"primary":"An Nazla al Gharbiya","arabic":"النَزْلَة الغَرْبيِّة"},"district":"Tulkarm","subdistrict":null,"pop_1945_total":null,"pop_1945_palestinian":null,"in_east_jerusalem":false,"oslo_area":"C","population":[{"year":2017,"value":1110,"source_id":"ocha_opt"}],"depopulated_1948":false,"depopulated_date":null,"status_now":null,"group_1945":null,"group_now":null,"mechanism":null,"references":{},"evidence":[{"source_id":"ocha_opt","title":"State of Palestine - Palestinian Communities in the West Bank and the Gaza Strip","url":"https://www.ochaopt.org/page/datasets-and-mapping-tools","document_date":"2019-07-17","retrieved":"2026-08-09"}]}},{"type":"Feature","geometry":{"type":"Point","coordinates":[35.057313,32.415286]},"properties":{"locality_id":"100330","name":"Nazlat 'Isa","names":{"primary":"Nazlat 'Isa","arabic":"نَزْلَة عِيسى"},"district":"Tulkarm","subdistrict":null,"pop_1945_total":null,"pop_1945_palestinian":null,"in_east_jerusalem":false,"oslo_area":"A","population":[{"year":2017,"value":2302,"source_id":"ocha_opt"}],"depopulated_1948":false,"depopulated_date":null,"status_now":null,"group_1945":null,"group_now":null,"mechanism":null,"references":{},"evidence":[{"source_id":"ocha_opt","title":"State of Palestine - Palestinian Communities in the West Bank and the Gaza Strip","url":"https://www.ochaopt.org/page/datasets-and-mapping-tools","document_date":"2019-07-17","retrieved":"2026-08-09"}]}},{"type":"Feature","geometry":{"type":"Point","coordinates":[35.069219,32.409342]},"properties":{"locality_id":"100350","name":"Baqa ash Sharqiya","names":{"primary":"Baqa ash Sharqiya","arabic":"باقَة الشَرْقيِّة"},"district":"Tulkarm","subdistrict":null,"pop_1945_total":null,"pop_1945_palestinian":null,"in_east_jerusalem":false,"oslo_area":"A","population":[{"year":2017,"value":4604,"source_id":"ocha_opt"}],"depopulated_1948":false,"depopulated_date":null,"status_now":null,"group_1945":null,"group_now":null,"mechanism":null,"references":{},"evidence":[{"source_id":"ocha_opt","title":"State of Palestine - Palestinian Communities in the West Bank and the Gaza Strip","url":"https://www.ochaopt.org/page/datasets-and-mapping-tools","document_date":"2019-07-17","retrieved":"2026-08-09"}]}},{"type":"Feature","geometry":{"type":"Point","coordinates":[35.24209,31.71759]},"properties":{"locality_id":"452190","name":"Khallet an Nu'man","names":{"primary":"Khallet an Nu'man","arabic":"خَلَّة النُعْمَان"},"district":"Bethlehem","subdistrict":null,"pop_1945_total":null,"pop_1945_palestinian":null,"in_east_jerusalem":false,"oslo_area":"Israeli Declared East Jerusalem","population":[{"year":2017,"value":112,"source_id":"ocha_opt"}],"depopulated_1948":false,"depopulated_date":null,"status_now":null,"group_1945":null,"group_now":null,"mechanism":null,"references":{},"evidence":[{"source_id":"ocha_opt","title":"State of Palestine - Palestinian Communities in the West Bank and the Gaza Strip","url":"https://www.ochaopt.org/page/datasets-and-mapping-tools","document_date":"2019-07-17","retrieved":"2026-08-09"}]}},{"type":"Feature","geometry":{"type":"Point","coordinates":[35.27227,31.71352]},"properties":{"locality_id":"452225","name":"Dar Salah","names":{"primary":"Dar Salah","arabic":"دار صَلاح"},"district":"Bethlehem","subdistrict":null,"pop_1945_total":null,"pop_1945_palestinian":null,"in_east_jerusalem":false,"oslo_area":"A","population":[{"year":2017,"value":1857,"source_id":"ocha_opt"}],"depopulated_1948":false,"depopulated_date":null,"status_now":null,"group_1945":null,"group_now":null,"mechanism":null,"references":{},"evidence":[{"source_id":"ocha_opt","title":"State of Palestine - Palestinian Communities in the West Bank and the Gaza Strip","url":"https://www.ochaopt.org/page/datasets-and-mapping-tools","document_date":"2019-07-17","retrieved":"2026-08-09"}]}},{"type":"Feature","geometry":{"type":"Point","coordinates":[35.255855,31.736346]},"properties":{"locality_id":"402160","name":"Ash Sheikh Sa'd","names":{"primary":"Ash Sheikh Sa'd","arabic":"الشَيْخ سَعْد"},"district":"Jerusalem","subdistrict":null,"pop_1945_total":null,"pop_1945_palestinian":null,"in_east_jerusalem":false,"oslo_area":"A","population":[{"year":2017,"value":2776,"source_id":"ocha_opt"}],"depopulated_1948":false,"depopulated_date":null,"status_now":null,"group_1945":null,"group_now":null,"mechanism":null,"references":{},"evidence":[{"source_id":"ocha_opt","title":"State of Palestine - Palestinian Communities in the West Bank and the Gaza Strip","url":"https://www.ochaopt.org/page/datasets-and-mapping-tools","document_date":"2019-07-17","retrieved":"2026-08-09"}]}},{"type":"Feature","geometry":{"type":"Point","coordinates":[35.207415,31.689835]},"properties":{"locality_id":"452280","name":"Hindaza","names":{"primary":"Hindaza","arabic":"هِنْدَازَة"},"district":"Bethlehem","subdistrict":null,"pop_1945_total":null,"pop_1945_palestinian":null,"in_east_jerusalem":false,"oslo_area":"A","population":[{"year":2017,"value":5668,"source_id":"ocha_opt"}],"depopulated_1948":false,"depopulated_date":null,"status_now":null,"group_1945":null,"group_now":null,"mechanism":null,"references":{},"evidence":[{"source_id":"ocha_opt","title":"State of Palestine - Palestinian Communities in the West Bank and the Gaza Strip","url":"https://www.ochaopt.org/page/datasets-and-mapping-tools","document_date":"2019-07-17","retrieved":"2026-08-09"}]}},{"type":"Feature","geometry":{"type":"Point","coordinates":[35.257962,31.672787]},"properties":{"locality_id":"452360","name":"Za'tara","names":{"primary":"Za'tara","arabic":"زَعْتَرَة"},"district":"Bethlehem","subdistrict":null,"pop_1945_total":null,"pop_1945_palestinian":null,"in_east_jerusalem":false,"oslo_area":"A","population":[{"year":2017,"value":7849,"source_id":"ocha_opt"}],"depopulated_1948":false,"depopulated_date":null,"status_now":null,"group_1945":null,"group_now":null,"mechanism":null,"references":{},"evidence":[{"source_id":"ocha_opt","title":"State of Palestine - Palestinian Communities in the West Bank and the Gaza Strip","url":"https://www.ochaopt.org/page/datasets-and-mapping-tools","document_date":"2019-07-17","retrieved":"2026-08-09"}]}},{"type":"Feature","geometry":{"type":"Point","coordinates":[35.216834,31.640053]},"properties":{"locality_id":"452495","name":"Tuqu'","names":{"primary":"Tuqu'","arabic":"تُقُوع"},"district":"Bethlehem","subdistrict":null,"pop_1945_total":null,"pop_1945_palestinian":null,"in_east_jerusalem":false,"oslo_area":"A","population":[{"year":2017,"value":8767,"source_id":"ocha_opt"}],"depopulated_1948":false,"depopulated_date":null,"status_now":null,"group_1945":null,"group_now":null,"mechanism":null,"references":{},"evidence":[{"source_id":"ocha_opt","title":"State of Palestine - Palestinian Communities in the West Bank and the Gaza Strip","url":"https://www.ochaopt.org/page/datasets-and-mapping-tools","document_date":"2019-07-17","retrieved":"2026-08-09"}]}},{"type":"Feature","geometry":{"type":"Point","coordinates":[35.270767,31.744861]},"properties":{"locality_id":"402145","name":"As Sawahira ash Sharqiya","names":{"primary":"As Sawahira ash Sharqiya","arabic":"السَواحِرَة الشَرْقِيَّة"},"district":"Jerusalem","subdistrict":null,"pop_1945_total":null,"pop_1945_palestinian":null,"in_east_jerusalem":false,"oslo_area":"A","population":[{"year":2017,"value":6204,"source_id":"ocha_opt"}],"depopulated_1948":false,"depopulated_date":null,"status_now":null,"group_1945":null,"group_now":null,"mechanism":null,"references":{},"evidence":[{"source_id":"ocha_opt","title":"State of Palestine - Palestinian Communities in the West Bank and the Gaza Strip","url":"https://www.ochaopt.org/page/datasets-and-mapping-tools","document_date":"2019-07-17","retrieved":"2026-08-09"}]}},{"type":"Feature","geometry":{"type":"Point","coordinates":[35.269532,31.76986]},"properties":{"locality_id":"402100","name":"Al 'Eizariya","names":{"primary":"Al 'Eizariya","arabic":"العِيْزَرِيَّة"},"district":"Jerusalem","subdistrict":null,"pop_1945_total":null,"pop_1945_palestinian":null,"in_east_jerusalem":false,"oslo_area":"A","population":[{"year":2017,"value":21175,"source_id":"ocha_opt"}],"depopulated_1948":false,"depopulated_date":null,"status_now":null,"group_1945":null,"group_now":null,"mechanism":null,"references":{},"evidence":[{"source_id":"ocha_opt","title":"State of Palestine - Palestinian Communities in the West Bank and the Gaza Strip","url":"https://www.ochaopt.org/page/datasets-and-mapping-tools","document_date":"2019-07-17","retrieved":"2026-08-09"}]}},{"type":"Feature","geometry":{"type":"Point","coordinates":[35.34467,32.018694]},"properties":{"locality_id":"301530","name":"Al Mughayyir","names":{"primary":"Al Mughayyir","arabic":"المُغَيِّر"},"district":"Ramallah","subdistrict":null,"pop_1945_total":null,"pop_1945_palestinian":null,"in_east_jerusalem":false,"oslo_area":"A","population":[{"year":2017,"value":2872,"source_id":"ocha_opt"}],"depopulated_1948":false,"depopulated_date":null,"status_now":null,"group_1945":null,"group_now":null,"mechanism":null,"references":{},"evidence":[{"source_id":"ocha_opt","title":"State of Palestine - Palestinian Communities in the West Bank and the Gaza Strip","url":"https://www.ochaopt.org/page/datasets-and-mapping-tools","document_date":"2019-07-17","retrieved":"2026-08-09"}]}},{"type":"Feature","geometry":{"type":"Point","coordinates":[35.44557,31.877284]},"properties":{"locality_id":"351865","name":"Ein as Sultan Camp","names":{"primary":"Ein as Sultan Camp","arabic":"مُخَيَّمْ عِيْن السُلطَان"},"district":"Jericho","subdistrict":null,"pop_1945_total":null,"pop_1945_palestinian":null,"in_east_jerusalem":false,"oslo_area":"A","population":[{"year":2017,"value":4384,"source_id":"ocha_opt"}],"depopulated_1948":false,"depopulated_date":null,"status_now":null,"group_1945":null,"group_now":null,"mechanism":null,"references":{},"evidence":[{"source_id":"ocha_opt","title":"State of Palestine - Palestinian Communities in the West Bank and the Gaza Strip","url":"https://www.ochaopt.org/page/datasets-and-mapping-tools","document_date":"2019-07-17","retrieved":"2026-08-09"}]}},{"type":"Feature","geometry":{"type":"Point","coordinates":[35.206095,31.901517]},"properties":{"locality_id":"301835","name":"Qaddura Camp","names":{"primary":"Qaddura Camp","arabic":"قدورة"},"district":"Ramallah","subdistrict":null,"pop_1945_total":null,"pop_1945_palestinian":null,"in_east_jerusalem":false,"oslo_area":"A","population":[{"year":2017,"value":924,"source_id":"ocha_opt"}],"depopulated_1948":false,"depopulated_date":null,"status_now":null,"group_1945":null,"group_now":null,"mechanism":null,"references":{},"evidence":[{"source_id":"ocha_opt","title":"State of Palestine - Palestinian Communities in the West Bank and the Gaza Strip","url":"https://www.ochaopt.org/page/datasets-and-mapping-tools","document_date":"2019-07-17","retrieved":"2026-08-09"}]}},{"type":"Feature","geometry":{"type":"Point","coordinates":[35.020076,32.140234]},"properties":{"locality_id":"201225","name":"Izbat al Ashqar","names":{"primary":"Izbat al Ashqar","arabic":"عِزْبِة الأشْقَر"},"district":"Qalqiliya","subdistrict":null,"pop_1945_total":null,"pop_1945_palestinian":null,"in_east_jerusalem":false,"oslo_area":"A","population":[{"year":2017,"value":451,"source_id":"ocha_opt"}],"depopulated_1948":false,"depopulated_date":null,"status_now":null,"group_1945":null,"group_now":null,"mechanism":null,"references":{},"evidence":[{"source_id":"ocha_opt","title":"State of Palestine - Palestinian Communities in the West Bank and the Gaza Strip","url":"https://www.ochaopt.org/page/datasets-and-mapping-tools","document_date":"2019-07-17","retrieved":"2026-08-09"}]}},{"type":"Feature","geometry":{"type":"Point","coordinates":[35.011711,32.143179]},"properties":{"locality_id":"201205","name":"Al Mudawwar","names":{"primary":"Al Mudawwar","arabic":"المُدَوَّر"},"district":"Qalqiliya","subdistrict":null,"pop_1945_total":null,"pop_1945_palestinian":null,"in_east_jerusalem":false,"oslo_area":"A","population":[{"year":2017,"value":350,"source_id":"ocha_opt"}],"depopulated_1948":false,"depopulated_date":null,"status_now":null,"group_1945":null,"group_now":null,"mechanism":null,"references":{},"evidence":[{"source_id":"ocha_opt","title":"State of Palestine - Palestinian Communities in the West Bank and the Gaza Strip","url":"https://www.ochaopt.org/page/datasets-and-mapping-tools","document_date":"2019-07-17","retrieved":"2026-08-09"}]}},{"type":"Feature","geometry":{"type":"Point","coordinates":[35.166766,32.190342]},"properties":{"locality_id":"201015","name":"Far'ata","names":{"primary":"Far'ata","arabic":"فَرْعَتا"},"district":"Qalqiliya","subdistrict":null,"pop_1945_total":null,"pop_1945_palestinian":null,"in_east_jerusalem":false,"oslo_area":"A","population":[{"year":2017,"value":872,"source_id":"ocha_opt"}],"depopulated_1948":false,"depopulated_date":null,"status_now":null,"group_1945":null,"group_now":null,"mechanism":null,"references":{},"evidence":[{"source_id":"ocha_opt","title":"State of Palestine - Palestinian Communities in the West Bank and the Gaza Strip","url":"https://www.ochaopt.org/page/datasets-and-mapping-tools","document_date":"2019-07-17","retrieved":"2026-08-09"}]}},{"type":"Feature","geometry":{"type":"Point","coordinates":[35.157797,32.191325]},"properties":{"locality_id":"201020","name":"Immatin","names":{"primary":"Immatin","arabic":"إِمَّاتِين"},"district":"Qalqiliya","subdistrict":null,"pop_1945_total":null,"pop_1945_palestinian":null,"in_east_jerusalem":false,"oslo_area":"A","population":[{"year":2017,"value":2755,"source_id":"ocha_opt"}],"depopulated_1948":false,"depopulated_date":null,"status_now":null,"group_1945":null,"group_now":null,"mechanism":null,"references":{},"evidence":[{"source_id":"ocha_opt","title":"State of Palestine - Palestinian Communities in the West Bank and the Gaza Strip","url":"https://www.ochaopt.org/page/datasets-and-mapping-tools","document_date":"2019-07-17","retrieved":"2026-08-09"}]}},{"type":"Feature","geometry":{"type":"Point","coordinates":[35.526581,32.166944]},"properties":{"locality_id":"351116","name":"Marj al Ghazal","names":{"primary":"Marj al Ghazal","arabic":"مَرْج الغَزال"},"district":"Jericho","subdistrict":null,"pop_1945_total":null,"pop_1945_palestinian":null,"in_east_jerusalem":false,"oslo_area":"A","population":[{"year":2017,"value":243,"source_id":"ocha_opt"}],"depopulated_1948":false,"depopulated_date":null,"status_now":null,"group_1945":null,"group_now":null,"mechanism":null,"references":{},"evidence":[{"source_id":"ocha_opt","title":"State of Palestine - Palestinian Communities in the West Bank and the Gaza Strip","url":"https://www.ochaopt.org/page/datasets-and-mapping-tools","document_date":"2019-07-17","retrieved":"2026-08-09"}]}},{"type":"Feature","geometry":{"type":"Point","coordinates":[35.20352,31.709096]},"properties":{"locality_id":"452240","name":"Bethlehem","names":{"primary":"Bethlehem","arabic":"بِيت لَحْم"},"district":"Bethlehem","subdistrict":null,"pop_1945_total":null,"pop_1945_palestinian":null,"in_east_jerusalem":false,"oslo_area":"A","population":[{"year":2017,"value":28591,"source_id":"ocha_opt"}],"depopulated_1948":false,"depopulated_date":null,"status_now":null,"group_1945":null,"group_now":null,"mechanism":null,"references":{},"evidence":[{"source_id":"ocha_opt","title":"State of Palestine - Palestinian Communities in the West Bank and the Gaza Strip","url":"https://www.ochaopt.org/page/datasets-and-mapping-tools","document_date":"2019-07-17","retrieved":"2026-08-09"}]}},{"type":"Feature","geometry":{"type":"Point","coordinates":[35.182844,32.463272]},"properties":{"locality_id":"10090","name":"Arab al Hamdun","names":{"primary":"Arab al Hamdun","arabic":"عَرَب الحَمْدُون"},"district":"Jenin","subdistrict":null,"pop_1945_total":null,"pop_1945_palestinian":null,"in_east_jerusalem":false,"oslo_area":"A","population":[],"depopulated_1948":false,"depopulated_date":null,"status_now":null,"group_1945":null,"group_now":null,"mechanism":null,"references":{},"evidence":[{"source_id":"ocha_opt","title":"State of Palestine - Palestinian Communities in the West Bank and the Gaza Strip","url":"https://www.ochaopt.org/page/datasets-and-mapping-tools","document_date":"2019-07-17","retrieved":"2026-08-09"}]}},{"type":"Feature","geometry":{"type":"Point","coordinates":[35.338905,32.468074]},"properties":{"locality_id":"10135","name":"Al Jameelat","names":{"primary":"Al Jameelat","arabic":"الجَمِيلات"},"district":"Jenin","subdistrict":null,"pop_1945_total":null,"pop_1945_palestinian":null,"in_east_jerusalem":false,"oslo_area":"A","population":[{"year":2017,"value":51,"source_id":"ocha_opt"}],"depopulated_1948":false,"depopulated_date":null,"status_now":null,"group_1945":null,"group_now":null,"mechanism":null,"references":{},"evidence":[{"source_id":"ocha_opt","title":"State of Palestine - Palestinian Communities in the West Bank and the Gaza Strip","url":"https://www.ochaopt.org/page/datasets-and-mapping-tools","document_date":"2019-07-17","retrieved":"2026-08-09"}]}},{"type":"Feature","geometry":{"type":"Point","coordinates":[35.317686,32.445236]},"properties":{"locality_id":"10270","name":"Arab as Suweitat","names":{"primary":"Arab as Suweitat","arabic":"عَرَب السُوَيْطَات"},"district":"Jenin","subdistrict":null,"pop_1945_total":null,"pop_1945_palestinian":null,"in_east_jerusalem":false,"oslo_area":"C","population":[{"year":2017,"value":49,"source_id":"ocha_opt"}],"depopulated_1948":false,"depopulated_date":null,"status_now":null,"group_1945":null,"group_now":null,"mechanism":null,"references":{},"evidence":[{"source_id":"ocha_opt","title":"State of Palestine - Palestinian Communities in the West Bank and the Gaza Strip","url":"https://www.ochaopt.org/page/datasets-and-mapping-tools","document_date":"2019-07-17","retrieved":"2026-08-09"}]}},{"type":"Feature","geometry":{"type":"Point","coordinates":[35.452062,32.207119]},"properties":{"locality_id":"999822","name":"Humsa - Al Farsheh","names":{"primary":"Humsa - Al Farsheh"},"district":"Nablus","subdistrict":null,"pop_1945_total":null,"pop_1945_palestinian":null,"in_east_jerusalem":false,"oslo_area":"C","population":[],"depopulated_1948":false,"depopulated_date":null,"status_now":null,"group_1945":null,"group_now":null,"mechanism":null,"references":{},"evidence":[{"source_id":"ocha_opt","title":"State of Palestine - Palestinian Communities in the West Bank and the Gaza Strip","url":"https://www.ochaopt.org/page/datasets-and-mapping-tools","document_date":"2019-07-17","retrieved":"2026-08-09"}]}},{"type":"Feature","geometry":{"type":"Point","coordinates":[35.365339,32.474814]},"properties":{"locality_id":"10110","name":"Mashru' Beit Qad","names":{"primary":"Mashru' Beit Qad","arabic":"مَشْروع بِيت قاد"},"district":"Jenin","subdistrict":null,"pop_1945_total":null,"pop_1945_palestinian":null,"in_east_jerusalem":false,"oslo_area":"A","population":[{"year":2017,"value":427,"source_id":"ocha_opt"}],"depopulated_1948":false,"depopulated_date":null,"status_now":null,"group_1945":null,"group_now":null,"mechanism":null,"references":{},"evidence":[{"source_id":"ocha_opt","title":"State of Palestine - Palestinian Communities in the West Bank and the Gaza Strip","url":"https://www.ochaopt.org/page/datasets-and-mapping-tools","document_date":"2019-07-17","retrieved":"2026-08-09"}]}},{"type":"Feature","geometry":{"type":"Point","coordinates":[35.378517,32.477287]},"properties":{"locality_id":"10100","name":"Barghasha","names":{"primary":"Barghasha","arabic":"بَرْغَشَة"},"district":"Jenin","subdistrict":null,"pop_1945_total":null,"pop_1945_palestinian":null,"in_east_jerusalem":false,"oslo_area":"A","population":[{"year":2017,"value":119,"source_id":"ocha_opt"}],"depopulated_1948":false,"depopulated_date":null,"status_now":null,"group_1945":null,"group_now":null,"mechanism":null,"references":{},"evidence":[{"source_id":"ocha_opt","title":"State of Palestine - Palestinian Communities in the West Bank and the Gaza Strip","url":"https://www.ochaopt.org/page/datasets-and-mapping-tools","document_date":"2019-07-17","retrieved":"2026-08-09"}]}},{"type":"Feature","geometry":{"type":"Point","coordinates":[35.373145,32.4688]},"properties":{"locality_id":"10160","name":"Umm Qabub","names":{"primary":"Umm Qabub","arabic":"أُمُّ  قَابُوب"},"district":"Jenin","subdistrict":null,"pop_1945_total":null,"pop_1945_palestinian":null,"in_east_jerusalem":false,"oslo_area":"A","population":[{"year":2017,"value":164,"source_id":"ocha_opt"}],"depopulated_1948":false,"depopulated_date":null,"status_now":null,"group_1945":null,"group_now":null,"mechanism":null,"references":{},"evidence":[{"source_id":"ocha_opt","title":"State of Palestine - Palestinian Communities in the West Bank and the Gaza Strip","url":"https://www.ochaopt.org/page/datasets-and-mapping-tools","document_date":"2019-07-17","retrieved":"2026-08-09"}]}},{"type":"Feature","geometry":{"type":"Point","coordinates":[35.074855,32.40626]},"properties":{"locality_id":"100360","name":"Nazlat Abu Nar","names":{"primary":"Nazlat Abu Nar","arabic":"نَزْلَة أبو نَار"},"district":"Tulkarm","subdistrict":null,"pop_1945_total":null,"pop_1945_palestinian":null,"in_east_jerusalem":false,"oslo_area":"A","population":[{"year":2017,"value":288,"source_id":"ocha_opt"}],"depopulated_1948":false,"depopulated_date":null,"status_now":null,"group_1945":null,"group_now":null,"mechanism":null,"references":{},"evidence":[{"source_id":"ocha_opt","title":"State of Palestine - Palestinian Communities in the West Bank and the Gaza Strip","url":"https://www.ochaopt.org/page/datasets-and-mapping-tools","document_date":"2019-07-17","retrieved":"2026-08-09"}]}},{"type":"Feature","geometry":{"type":"Point","coordinates":[35.387435,32.396946]},"properties":{"locality_id":"10390","name":"Khirbet Kharruba","names":{"primary":"Khirbet Kharruba","arabic":"خِرْبِة خَرُّوبة"},"district":"Jenin","subdistrict":null,"pop_1945_total":null,"pop_1945_palestinian":null,"in_east_jerusalem":false,"oslo_area":"A","population":[{"year":2017,"value":28,"source_id":"ocha_opt"}],"depopulated_1948":false,"depopulated_date":null,"status_now":null,"group_1945":null,"group_now":null,"mechanism":null,"references":{},"evidence":[{"source_id":"ocha_opt","title":"State of Palestine - Palestinian Communities in the West Bank and the Gaza Strip","url":"https://www.ochaopt.org/page/datasets-and-mapping-tools","document_date":"2019-07-17","retrieved":"2026-08-09"}]}},{"type":"Feature","geometry":{"type":"Point","coordinates":[35.380206,32.403137]},"properties":{"locality_id":"10375","name":"Khirbet Marah ar Raha","names":{"primary":"Khirbet Marah ar Raha","arabic":"خِرْبِة مَرَاح  الرَهى"},"district":"Jenin","subdistrict":null,"pop_1945_total":null,"pop_1945_palestinian":null,"in_east_jerusalem":false,"oslo_area":"A","population":[{"year":2017,"value":5,"source_id":"ocha_opt"}],"depopulated_1948":false,"depopulated_date":null,"status_now":null,"group_1945":null,"group_now":null,"mechanism":null,"references":{},"evidence":[{"source_id":"ocha_opt","title":"State of Palestine - Palestinian Communities in the West Bank and the Gaza Strip","url":"https://www.ochaopt.org/page/datasets-and-mapping-tools","document_date":"2019-07-17","retrieved":"2026-08-09"}]}},{"type":"Feature","geometry":{"type":"Point","coordinates":[35.2181,32.44085]},"properties":{"locality_id":"10260","name":"Al Manshiya","names":{"primary":"Al Manshiya","arabic":"المَنْشِيَّة"},"district":"Jenin","subdistrict":null,"pop_1945_total":null,"pop_1945_palestinian":null,"in_east_jerusalem":false,"oslo_area":"A","population":[{"year":2017,"value":140,"source_id":"ocha_opt"}],"depopulated_1948":false,"depopulated_date":null,"status_now":null,"group_1945":null,"group_now":null,"mechanism":null,"references":{},"evidence":[{"source_id":"ocha_opt","title":"State of Palestine - Palestinian Communities in the West Bank and the Gaza Strip","url":"https://www.ochaopt.org/page/datasets-and-mapping-tools","document_date":"2019-07-17","retrieved":"2026-08-09"}]}},{"type":"Feature","geometry":{"type":"Point","coordinates":[34.959385,31.58961]},"properties":{"locality_id":"999998","name":"Qussa","names":{"primary":"Qussa","arabic":"قصة"},"district":"Hebron","subdistrict":null,"pop_1945_total":null,"pop_1945_palestinian":null,"in_east_jerusalem":false,"oslo_area":"C","population":[{"year":2017,"value":0,"source_id":"ocha_opt"}],"depopulated_1948":false,"depopulated_date":null,"status_now":null,"group_1945":null,"group_now":null,"mechanism":null,"references":{},"evidence":[{"source_id":"ocha_opt","title":"State of Palestine - Palestinian Communities in the West Bank and the Gaza Strip","url":"https://www.ochaopt.org/page/datasets-and-mapping-tools","document_date":"2019-07-17","retrieved":"2026-08-09"}]}},{"type":"Feature","geometry":{"type":"Point","coordinates":[35.025762,31.625471]},"properties":{"locality_id":"502515","name":"Khirbet Mushrif","names":{"primary":"Khirbet Mushrif","arabic":"خِرْبِة مُشْرِف-عَذاب"},"district":"Hebron","subdistrict":null,"pop_1945_total":null,"pop_1945_palestinian":null,"in_east_jerusalem":false,"oslo_area":"A","population":[{"year":2017,"value":121,"source_id":"ocha_opt"}],"depopulated_1948":false,"depopulated_date":null,"status_now":null,"group_1945":null,"group_now":null,"mechanism":null,"references":{},"evidence":[{"source_id":"ocha_opt","title":"State of Palestine - Palestinian Communities in the West Bank and the Gaza Strip","url":"https://www.ochaopt.org/page/datasets-and-mapping-tools","document_date":"2019-07-17","retrieved":"2026-08-09"}]}},{"type":"Feature","geometry":{"type":"Point","coordinates":[35.086467,31.599199]},"properties":{"locality_id":"502605","name":"Al Baqqar","names":{"primary":"Al Baqqar","arabic":"البَقَّار"},"district":"Hebron","subdistrict":null,"pop_1945_total":null,"pop_1945_palestinian":null,"in_east_jerusalem":false,"oslo_area":"A","population":[{"year":2017,"value":366,"source_id":"ocha_opt"}],"depopulated_1948":false,"depopulated_date":null,"status_now":null,"group_1945":null,"group_now":null,"mechanism":null,"references":{},"evidence":[{"source_id":"ocha_opt","title":"State of Palestine - Palestinian Communities in the West Bank and the Gaza Strip","url":"https://www.ochaopt.org/page/datasets-and-mapping-tools","document_date":"2019-07-17","retrieved":"2026-08-09"}]}},{"type":"Feature","geometry":{"type":"Point","coordinates":[35.157312,31.599274]},"properties":{"locality_id":"502595","name":"Kuziba","names":{"primary":"Kuziba","arabic":"كُوزِيبا"},"district":"Hebron","subdistrict":null,"pop_1945_total":null,"pop_1945_palestinian":null,"in_east_jerusalem":false,"oslo_area":"A","population":[{"year":2017,"value":631,"source_id":"ocha_opt"}],"depopulated_1948":false,"depopulated_date":null,"status_now":null,"group_1945":null,"group_now":null,"mechanism":null,"references":{},"evidence":[{"source_id":"ocha_opt","title":"State of Palestine - Palestinian Communities in the West Bank and the Gaza Strip","url":"https://www.ochaopt.org/page/datasets-and-mapping-tools","document_date":"2019-07-17","retrieved":"2026-08-09"}]}},{"type":"Feature","geometry":{"type":"Point","coordinates":[35.085929,32.309907]},"properties":{"locality_id":"100655","name":"Izbat Abu Khameish","names":{"primary":"Izbat Abu Khameish","arabic":"عِزْبَة أبو خَمِيش"},"district":"Tulkarm","subdistrict":null,"pop_1945_total":null,"pop_1945_palestinian":null,"in_east_jerusalem":false,"oslo_area":"A","population":[{"year":2017,"value":55,"source_id":"ocha_opt"}],"depopulated_1948":false,"depopulated_date":null,"status_now":null,"group_1945":null,"group_now":null,"mechanism":null,"references":{},"evidence":[{"source_id":"ocha_opt","title":"State of Palestine - Palestinian Communities in the West Bank and the Gaza Strip","url":"https://www.ochaopt.org/page/datasets-and-mapping-tools","document_date":"2019-07-17","retrieved":"2026-08-09"}]}},{"type":"Feature","geometry":{"type":"Point","coordinates":[35.328861,32.350978]},"properties":{"locality_id":"10540","name":"Mantiqat al Heish","names":{"primary":"Mantiqat al Heish","arabic":"مَنْطِقَة الهِيش"},"district":"Jenin","subdistrict":null,"pop_1945_total":null,"pop_1945_palestinian":null,"in_east_jerusalem":false,"oslo_area":"A","population":[{"year":2017,"value":47,"source_id":"ocha_opt"}],"depopulated_1948":false,"depopulated_date":null,"status_now":null,"group_1945":null,"group_now":null,"mechanism":null,"references":{},"evidence":[{"source_id":"ocha_opt","title":"State of Palestine - Palestinian Communities in the West Bank and the Gaza Strip","url":"https://www.ochaopt.org/page/datasets-and-mapping-tools","document_date":"2019-07-17","retrieved":"2026-08-09"}]}},{"type":"Feature","geometry":{"type":"Point","coordinates":[35.372561,32.35445]},"properties":{"locality_id":"50525","name":"Salhab","names":{"primary":"Salhab","arabic":"سَلْحَب"},"district":"Tubas","subdistrict":null,"pop_1945_total":null,"pop_1945_palestinian":null,"in_east_jerusalem":false,"oslo_area":"A","population":[{"year":2017,"value":25,"source_id":"ocha_opt"}],"depopulated_1948":false,"depopulated_date":null,"status_now":null,"group_1945":null,"group_now":null,"mechanism":null,"references":{},"evidence":[{"source_id":"ocha_opt","title":"State of Palestine - Palestinian Communities in the West Bank and the Gaza Strip","url":"https://www.ochaopt.org/page/datasets-and-mapping-tools","document_date":"2019-07-17","retrieved":"2026-08-09"}]}},{"type":"Feature","geometry":{"type":"Point","coordinates":[35.154738,31.605375]},"properties":{"locality_id":"502590","name":"Irqan Turad","names":{"primary":"Irqan Turad","arabic":"عِرْقَان طْراد"},"district":"Hebron","subdistrict":null,"pop_1945_total":null,"pop_1945_palestinian":null,"in_east_jerusalem":false,"oslo_area":"A","population":[{"year":2017,"value":752,"source_id":"ocha_opt"}],"depopulated_1948":false,"depopulated_date":null,"status_now":null,"group_1945":null,"group_now":null,"mechanism":null,"references":{},"evidence":[{"source_id":"ocha_opt","title":"State of Palestine - Palestinian Communities in the West Bank and the Gaza Strip","url":"https://www.ochaopt.org/page/datasets-and-mapping-tools","document_date":"2019-07-17","retrieved":"2026-08-09"}]}},{"type":"Feature","geometry":{"type":"Point","coordinates":[35.145681,31.593589]},"properties":{"locality_id":"502610","name":"Shamaliyyat at Hawa","names":{"primary":"Shamaliyyat at Hawa","arabic":"شماليَّة الهَوى"},"district":"Hebron","subdistrict":null,"pop_1945_total":null,"pop_1945_palestinian":null,"in_east_jerusalem":false,"oslo_area":"A","population":[{"year":2017,"value":135,"source_id":"ocha_opt"}],"depopulated_1948":false,"depopulated_date":null,"status_now":null,"group_1945":null,"group_now":null,"mechanism":null,"references":{},"evidence":[{"source_id":"ocha_opt","title":"State of Palestine - Palestinian Communities in the West Bank and the Gaza Strip","url":"https://www.ochaopt.org/page/datasets-and-mapping-tools","document_date":"2019-07-17","retrieved":"2026-08-09"}]}},{"type":"Feature","geometry":{"type":"Point","coordinates":[35.160334,31.896483]},"properties":{"locality_id":"301795","name":"Khirbet kafr Sheiyhan","names":{"primary":"Khirbet kafr Sheiyhan","arabic":"خِرْبِة كَفْر شِيَّان"},"district":"Ramallah","subdistrict":null,"pop_1945_total":null,"pop_1945_palestinian":null,"in_east_jerusalem":false,"oslo_area":"A","population":[{"year":2017,"value":533,"source_id":"ocha_opt"}],"depopulated_1948":false,"depopulated_date":null,"status_now":null,"group_1945":null,"group_now":null,"mechanism":null,"references":{},"evidence":[{"source_id":"ocha_opt","title":"State of Palestine - Palestinian Communities in the West Bank and the Gaza Strip","url":"https://www.ochaopt.org/page/datasets-and-mapping-tools","document_date":"2019-07-17","retrieved":"2026-08-09"}]}},{"type":"Feature","geometry":{"type":"Point","coordinates":[35.220839,31.873492]},"properties":{"locality_id":"401875","name":"Kafr 'Aqab","names":{"primary":"Kafr 'Aqab","arabic":"كَفْر عَقَب"},"district":"Jerusalem","subdistrict":null,"pop_1945_total":null,"pop_1945_palestinian":null,"in_east_jerusalem":false,"oslo_area":"Israeli Declared East Jerusalem","population":[{"year":2017,"value":26320,"source_id":"ocha_opt"}],"depopulated_1948":false,"depopulated_date":null,"status_now":null,"group_1945":null,"group_now":null,"mechanism":null,"references":{},"evidence":[{"source_id":"ocha_opt","title":"State of Palestine - Palestinian Communities in the West Bank and the Gaza Strip","url":"https://www.ochaopt.org/page/datasets-and-mapping-tools","document_date":"2019-07-17","retrieved":"2026-08-09"}]}},{"type":"Feature","geometry":{"type":"Point","coordinates":[35.296131,32.271364]},"properties":{"locality_id":"150775","name":"Talluza","names":{"primary":"Talluza","arabic":"طَلُّوزة"},"district":"Nablus","subdistrict":null,"pop_1945_total":null,"pop_1945_palestinian":null,"in_east_jerusalem":false,"oslo_area":"A","population":[{"year":2017,"value":2795,"source_id":"ocha_opt"}],"depopulated_1948":false,"depopulated_date":null,"status_now":null,"group_1945":null,"group_now":null,"mechanism":null,"references":{},"evidence":[{"source_id":"ocha_opt","title":"State of Palestine - Palestinian Communities in the West Bank and the Gaza Strip","url":"https://www.ochaopt.org/page/datasets-and-mapping-tools","document_date":"2019-07-17","retrieved":"2026-08-09"}]}},{"type":"Feature","geometry":{"type":"Point","coordinates":[35.325923,32.261445]},"properties":{"locality_id":"150805","name":"Al Badhan","names":{"primary":"Al Badhan","arabic":"البَاذَان"},"district":"Nablus","subdistrict":null,"pop_1945_total":null,"pop_1945_palestinian":null,"in_east_jerusalem":false,"oslo_area":"A","population":[{"year":2017,"value":3171,"source_id":"ocha_opt"}],"depopulated_1948":false,"depopulated_date":null,"status_now":null,"group_1945":null,"group_now":null,"mechanism":null,"references":{},"evidence":[{"source_id":"ocha_opt","title":"State of Palestine - Palestinian Communities in the West Bank and the Gaza Strip","url":"https://www.ochaopt.org/page/datasets-and-mapping-tools","document_date":"2019-07-17","retrieved":"2026-08-09"}]}},{"type":"Feature","geometry":{"type":"Point","coordinates":[35.042434,32.31084]},"properties":{"locality_id":"100640","name":"Dhinnaba","names":{"primary":"Dhinnaba","arabic":"ذِنَّابة"},"district":"Tulkarm","subdistrict":null,"pop_1945_total":null,"pop_1945_palestinian":null,"in_east_jerusalem":false,"oslo_area":"A","population":[{"year":2017,"value":12128,"source_id":"ocha_opt"}],"depopulated_1948":false,"depopulated_date":null,"status_now":null,"group_1945":null,"group_now":null,"mechanism":null,"references":{},"evidence":[{"source_id":"ocha_opt","title":"State of Palestine - Palestinian Communities in the West Bank and the Gaza Strip","url":"https://www.ochaopt.org/page/datasets-and-mapping-tools","document_date":"2019-07-17","retrieved":"2026-08-09"}]}},{"type":"Feature","geometry":{"type":"Point","coordinates":[35.127694,32.316064]},"properties":{"locality_id":"100630","name":"Kafr Rumman","names":{"primary":"Kafr Rumman","arabic":"كَفْر رُمَّان"},"district":"Tulkarm","subdistrict":null,"pop_1945_total":null,"pop_1945_palestinian":null,"in_east_jerusalem":false,"oslo_area":"A","population":[{"year":2017,"value":806,"source_id":"ocha_opt"}],"depopulated_1948":false,"depopulated_date":null,"status_now":null,"group_1945":null,"group_now":null,"mechanism":null,"references":{},"evidence":[{"source_id":"ocha_opt","title":"State of Palestine - Palestinian Communities in the West Bank and the Gaza Strip","url":"https://www.ochaopt.org/page/datasets-and-mapping-tools","document_date":"2019-07-17","retrieved":"2026-08-09"}]}},{"type":"Feature","geometry":{"type":"Point","coordinates":[35.166226,32.307899]},"properties":{"locality_id":"150660","name":"Bizzariya","names":{"primary":"Bizzariya","arabic":"بَزُّارْيَه"},"district":"Nablus","subdistrict":null,"pop_1945_total":null,"pop_1945_palestinian":null,"in_east_jerusalem":false,"oslo_area":"A","population":[{"year":2017,"value":2794,"source_id":"ocha_opt"}],"depopulated_1948":false,"depopulated_date":null,"status_now":null,"group_1945":null,"group_now":null,"mechanism":null,"references":{},"evidence":[{"source_id":"ocha_opt","title":"State of Palestine - Palestinian Communities in the West Bank and the Gaza Strip","url":"https://www.ochaopt.org/page/datasets-and-mapping-tools","document_date":"2019-07-17","retrieved":"2026-08-09"}]}},{"type":"Feature","geometry":{"type":"Point","coordinates":[35.329974,32.30131]},"properties":{"locality_id":"50650","name":"Kashda","names":{"primary":"Kashda","arabic":"كَشْدَة"},"district":"Tubas","subdistrict":null,"pop_1945_total":null,"pop_1945_palestinian":null,"in_east_jerusalem":false,"oslo_area":"A","population":[{"year":2017,"value":66,"source_id":"ocha_opt"}],"depopulated_1948":false,"depopulated_date":null,"status_now":null,"group_1945":null,"group_now":null,"mechanism":null,"references":{},"evidence":[{"source_id":"ocha_opt","title":"State of Palestine - Palestinian Communities in the West Bank and the Gaza Strip","url":"https://www.ochaopt.org/page/datasets-and-mapping-tools","document_date":"2019-07-17","retrieved":"2026-08-09"}]}},{"type":"Feature","geometry":{"type":"Point","coordinates":[35.341227,32.371783]},"properties":{"locality_id":"10485","name":"Al Kufeir","names":{"primary":"Al Kufeir","arabic":"الكُفَيْر"},"district":"Jenin","subdistrict":null,"pop_1945_total":null,"pop_1945_palestinian":null,"in_east_jerusalem":false,"oslo_area":"A","population":[{"year":2017,"value":57,"source_id":"ocha_opt"}],"depopulated_1948":false,"depopulated_date":null,"status_now":null,"group_1945":null,"group_now":null,"mechanism":null,"references":{},"evidence":[{"source_id":"ocha_opt","title":"State of Palestine - Palestinian Communities in the West Bank and the Gaza Strip","url":"https://www.ochaopt.org/page/datasets-and-mapping-tools","document_date":"2019-07-17","retrieved":"2026-08-09"}]}},{"type":"Feature","geometry":{"type":"Point","coordinates":[35.18089,31.675584]},"properties":{"locality_id":"452340","name":"Khirbet an Nahla","names":{"primary":"Khirbet an Nahla","arabic":"خِرْبِةْ النَحْلَة"},"district":"Bethlehem","subdistrict":null,"pop_1945_total":null,"pop_1945_palestinian":null,"in_east_jerusalem":false,"oslo_area":"C","population":[{"year":2017,"value":93,"source_id":"ocha_opt"}],"depopulated_1948":false,"depopulated_date":null,"status_now":null,"group_1945":null,"group_now":null,"mechanism":null,"references":{},"evidence":[{"source_id":"ocha_opt","title":"State of Palestine - Palestinian Communities in the West Bank and the Gaza Strip","url":"https://www.ochaopt.org/page/datasets-and-mapping-tools","document_date":"2019-07-17","retrieved":"2026-08-09"}]}},{"type":"Feature","geometry":{"type":"Point","coordinates":[35.250838,31.695152]},"properties":{"locality_id":"452295","name":"Fakht al Jul","names":{"primary":"Fakht al Jul","arabic":"فَخْتْ الجُول"},"district":"Bethlehem","subdistrict":null,"pop_1945_total":null,"pop_1945_palestinian":null,"in_east_jerusalem":false,"oslo_area":"C","population":[{"year":2017,"value":337,"source_id":"ocha_opt"}],"depopulated_1948":false,"depopulated_date":null,"status_now":null,"group_1945":null,"group_now":null,"mechanism":null,"references":{},"evidence":[{"source_id":"ocha_opt","title":"State of Palestine - Palestinian Communities in the West Bank and the Gaza Strip","url":"https://www.ochaopt.org/page/datasets-and-mapping-tools","document_date":"2019-07-17","retrieved":"2026-08-09"}]}},{"type":"Feature","geometry":{"type":"Point","coordinates":[35.358088,32.048835]},"properties":{"locality_id":"151465","name":"Khirbet al Marajim","names":{"primary":"Khirbet al Marajim","arabic":"خِرْبِة المَراجِم"},"district":"Nablus","subdistrict":null,"pop_1945_total":null,"pop_1945_palestinian":null,"in_east_jerusalem":false,"oslo_area":"C","population":[{"year":2017,"value":61,"source_id":"ocha_opt"}],"depopulated_1948":false,"depopulated_date":null,"status_now":null,"group_1945":null,"group_now":null,"mechanism":null,"references":{},"evidence":[{"source_id":"ocha_opt","title":"State of Palestine - Palestinian Communities in the West Bank and the Gaza Strip","url":"https://www.ochaopt.org/page/datasets-and-mapping-tools","document_date":"2019-07-17","retrieved":"2026-08-09"}]}},{"type":"Feature","geometry":{"type":"Point","coordinates":[35.367508,32.105605]},"properties":{"locality_id":"151311","name":"Alttawel and Tall al Khashaba","names":{"primary":"Alttawel and Tall al Khashaba","arabic":"تَل الخَشَبَة"},"district":"Nablus","subdistrict":null,"pop_1945_total":null,"pop_1945_palestinian":null,"in_east_jerusalem":false,"oslo_area":"C","population":[{"year":2017,"value":107,"source_id":"ocha_opt"}],"depopulated_1948":false,"depopulated_date":null,"status_now":null,"group_1945":null,"group_now":null,"mechanism":null,"references":{},"evidence":[{"source_id":"ocha_opt","title":"State of Palestine - Palestinian Communities in the West Bank and the Gaza Strip","url":"https://www.ochaopt.org/page/datasets-and-mapping-tools","document_date":"2019-07-17","retrieved":"2026-08-09"}]}},{"type":"Feature","geometry":{"type":"Point","coordinates":[35.1112,32.158581]},"properties":{"locality_id":"251150","name":"Wadi Qana","names":{"primary":"Wadi Qana","arabic":"وادي قَانا"},"district":"Salfit","subdistrict":null,"pop_1945_total":null,"pop_1945_palestinian":null,"in_east_jerusalem":false,"oslo_area":"C","population":[{"year":2017,"value":0,"source_id":"ocha_opt"}],"depopulated_1948":false,"depopulated_date":null,"status_now":null,"group_1945":null,"group_now":null,"mechanism":null,"references":{},"evidence":[{"source_id":"ocha_opt","title":"State of Palestine - Palestinian Communities in the West Bank and the Gaza Strip","url":"https://www.ochaopt.org/page/datasets-and-mapping-tools","document_date":"2019-07-17","retrieved":"2026-08-09"}]}},{"type":"Feature","geometry":{"type":"Point","coordinates":[35.257088,32.122738]},"properties":{"locality_id":"151285","name":"Za'tara","names":{"primary":"Za'tara","arabic":"زَعْتَرَة"},"district":"Salfit","subdistrict":null,"pop_1945_total":null,"pop_1945_palestinian":null,"in_east_jerusalem":false,"oslo_area":"C","population":[{"year":2017,"value":63,"source_id":"ocha_opt"}],"depopulated_1948":false,"depopulated_date":null,"status_now":null,"group_1945":null,"group_now":null,"mechanism":null,"references":{},"evidence":[{"source_id":"ocha_opt","title":"State of Palestine - Palestinian Communities in the West Bank and the Gaza Strip","url":"https://www.ochaopt.org/page/datasets-and-mapping-tools","document_date":"2019-07-17","retrieved":"2026-08-09"}]}},{"type":"Feature","geometry":{"type":"Point","coordinates":[35.397535,32.155839]},"properties":{"locality_id":"151176","name":"Khirbet Tana","names":{"primary":"Khirbet Tana","arabic":"خِرْبِة طَانَا"},"district":"Nablus","subdistrict":null,"pop_1945_total":null,"pop_1945_palestinian":null,"in_east_jerusalem":false,"oslo_area":"C","population":[{"year":2017,"value":16,"source_id":"ocha_opt"}],"depopulated_1948":false,"depopulated_date":null,"status_now":null,"group_1945":null,"group_now":null,"mechanism":null,"references":{},"evidence":[{"source_id":"ocha_opt","title":"State of Palestine - Palestinian Communities in the West Bank and the Gaza Strip","url":"https://www.ochaopt.org/page/datasets-and-mapping-tools","document_date":"2019-07-17","retrieved":"2026-08-09"}]}},{"type":"Feature","geometry":{"type":"Point","coordinates":[35.000288,32.194036]},"properties":{"locality_id":"201005","name":"Arab ar Ramadin ash Shamali","names":{"primary":"Arab ar Ramadin ash Shamali","arabic":"عَرَب الرَماضِين الشَمَالي"},"district":"Qalqiliya","subdistrict":null,"pop_1945_total":null,"pop_1945_palestinian":null,"in_east_jerusalem":false,"oslo_area":"C","population":[{"year":2017,"value":84,"source_id":"ocha_opt"}],"depopulated_1948":false,"depopulated_date":null,"status_now":null,"group_1945":null,"group_now":null,"mechanism":null,"references":{},"evidence":[{"source_id":"ocha_opt","title":"State of Palestine - Palestinian Communities in the West Bank and the Gaza Strip","url":"https://www.ochaopt.org/page/datasets-and-mapping-tools","document_date":"2019-07-17","retrieved":"2026-08-09"}]}},{"type":"Feature","geometry":{"type":"Point","coordinates":[35.496928,32.247531]},"properties":{"locality_id":"50851","name":"Al Hadidiya","names":{"primary":"Al Hadidiya","arabic":"الحَدِيدِيَّة"},"district":"Tubas","subdistrict":null,"pop_1945_total":null,"pop_1945_palestinian":null,"in_east_jerusalem":false,"oslo_area":"C","population":[{"year":2017,"value":183,"source_id":"ocha_opt"}],"depopulated_1948":false,"depopulated_date":null,"status_now":null,"group_1945":null,"group_now":null,"mechanism":null,"references":{},"evidence":[{"source_id":"ocha_opt","title":"State of Palestine - Palestinian Communities in the West Bank and the Gaza Strip","url":"https://www.ochaopt.org/page/datasets-and-mapping-tools","document_date":"2019-07-17","retrieved":"2026-08-09"}]}},{"type":"Feature","geometry":{"type":"Point","coordinates":[35.122424,31.534524]},"properties":{"locality_id":"999977","name":"Wadi al Ghrous","names":{"primary":"Wadi al Ghrous"},"district":"Hebron","subdistrict":null,"pop_1945_total":null,"pop_1945_palestinian":null,"in_east_jerusalem":false,"oslo_area":"C","population":[],"depopulated_1948":false,"depopulated_date":null,"status_now":null,"group_1945":null,"group_now":null,"mechanism":null,"references":{},"evidence":[{"source_id":"ocha_opt","title":"State of Palestine - Palestinian Communities in the West Bank and the Gaza Strip","url":"https://www.ochaopt.org/page/datasets-and-mapping-tools","document_date":"2019-07-17","retrieved":"2026-08-09"}]}},{"type":"Feature","geometry":{"type":"Point","coordinates":[35.237557,31.670966]},"properties":{"locality_id":"452375","name":"Al Fureidis","names":{"primary":"Al Fureidis","arabic":"الفُرَيْدِيس"},"district":"Bethlehem","subdistrict":null,"pop_1945_total":null,"pop_1945_palestinian":null,"in_east_jerusalem":false,"oslo_area":"C","population":[{"year":2017,"value":1095,"source_id":"ocha_opt"}],"depopulated_1948":false,"depopulated_date":null,"status_now":null,"group_1945":null,"group_now":null,"mechanism":null,"references":{},"evidence":[{"source_id":"ocha_opt","title":"State of Palestine - Palestinian Communities in the West Bank and the Gaza Strip","url":"https://www.ochaopt.org/page/datasets-and-mapping-tools","document_date":"2019-07-17","retrieved":"2026-08-09"}]}},{"type":"Feature","geometry":{"type":"Point","coordinates":[35.233998,31.663696]},"properties":{"locality_id":"452410","name":"Al 'Iqab","names":{"primary":"Al 'Iqab","arabic":"العِقَاب"},"district":"Bethlehem","subdistrict":null,"pop_1945_total":null,"pop_1945_palestinian":null,"in_east_jerusalem":false,"oslo_area":"C","population":[{"year":2017,"value":1200,"source_id":"ocha_opt"}],"depopulated_1948":false,"depopulated_date":null,"status_now":null,"group_1945":null,"group_now":null,"mechanism":null,"references":{},"evidence":[{"source_id":"ocha_opt","title":"State of Palestine - Palestinian Communities in the West Bank and the Gaza Strip","url":"https://www.ochaopt.org/page/datasets-and-mapping-tools","document_date":"2019-07-17","retrieved":"2026-08-09"}]}},{"type":"Feature","geometry":{"type":"Point","coordinates":[35.199607,32.50544]},"properties":{"locality_id":"10040","name":"As Sa'aida","names":{"primary":"As Sa'aida","arabic":"السَعايِدَة"},"district":"Jenin","subdistrict":null,"pop_1945_total":null,"pop_1945_palestinian":null,"in_east_jerusalem":false,"oslo_area":"C","population":[{"year":2017,"value":87,"source_id":"ocha_opt"}],"depopulated_1948":false,"depopulated_date":null,"status_now":null,"group_1945":null,"group_now":null,"mechanism":null,"references":{},"evidence":[{"source_id":"ocha_opt","title":"State of Palestine - Palestinian Communities in the West Bank and the Gaza Strip","url":"https://www.ochaopt.org/page/datasets-and-mapping-tools","document_date":"2019-07-17","retrieved":"2026-08-09"}]}},{"type":"Feature","geometry":{"type":"Point","coordinates":[35.249926,31.805508]},"properties":{"locality_id":"999820","name":"Ras Shihadeh Bedouins","names":{"primary":"Ras Shihadeh Bedouins"},"district":"Jerusalem","subdistrict":null,"pop_1945_total":null,"pop_1945_palestinian":null,"in_east_jerusalem":true,"oslo_area":"Israeli Declared East Jerusalem","population":[],"depopulated_1948":false,"depopulated_date":null,"status_now":null,"group_1945":null,"group_now":null,"mechanism":null,"references":{},"evidence":[{"source_id":"ocha_opt","title":"State of Palestine - Palestinian Communities in the West Bank and the Gaza Strip","url":"https://www.ochaopt.org/page/datasets-and-mapping-tools","document_date":"2019-07-17","retrieved":"2026-08-09"}]}},{"type":"Feature","geometry":{"type":"Point","coordinates":[35.164251,31.851661]},"properties":{"locality_id":"999819","name":"Al Khalayleh Bedouins","names":{"primary":"Al Khalayleh Bedouins"},"district":"Jerusalem","subdistrict":null,"pop_1945_total":null,"pop_1945_palestinian":null,"in_east_jerusalem":false,"oslo_area":"C","population":[],"depopulated_1948":false,"depopulated_date":null,"status_now":null,"group_1945":null,"group_now":null,"mechanism":null,"references":{},"evidence":[{"source_id":"ocha_opt","title":"State of Palestine - Palestinian Communities in the West Bank and the Gaza Strip","url":"https://www.ochaopt.org/page/datasets-and-mapping-tools","document_date":"2019-07-17","retrieved":"2026-08-09"}]}},{"type":"Feature","geometry":{"type":"Point","coordinates":[35.253098,31.760477]},"properties":{"locality_id":"999818","name":"Surkhi Qunbar","names":{"primary":"Surkhi Qunbar"},"district":"Jerusalem","subdistrict":null,"pop_1945_total":null,"pop_1945_palestinian":null,"in_east_jerusalem":true,"oslo_area":"Israeli Declared East Jerusalem","population":[{"year":2017,"value":null,"note":"with Abu Dis","source_id":"ocha_opt"}],"depopulated_1948":false,"depopulated_date":null,"status_now":null,"group_1945":null,"group_now":null,"mechanism":null,"references":{},"evidence":[{"source_id":"ocha_opt","title":"State of Palestine - Palestinian Communities in the West Bank and the Gaza Strip","url":"https://www.ochaopt.org/page/datasets-and-mapping-tools","document_date":"2019-07-17","retrieved":"2026-08-09"}]}},{"type":"Feature","geometry":{"type":"Point","coordinates":[35.222274,31.718102]},"properties":{"locality_id":"999817","name":"Umm al-'Asafir","names":{"primary":"Umm al-'Asafir"},"district":"Jerusalem","subdistrict":null,"pop_1945_total":null,"pop_1945_palestinian":null,"in_east_jerusalem":true,"oslo_area":"Israeli Declared East Jerusalem","population":[],"depopulated_1948":false,"depopulated_date":null,"status_now":null,"group_1945":null,"group_now":null,"mechanism":null,"references":{},"evidence":[{"source_id":"ocha_opt","title":"State of Palestine - Palestinian Communities in the West Bank and the Gaza Strip","url":"https://www.ochaopt.org/page/datasets-and-mapping-tools","document_date":"2019-07-17","retrieved":"2026-08-09"}]}},{"type":"Feature","geometry":{"type":"Point","coordinates":[35.125296,31.55872]},"properties":{"locality_id":"502681","name":"Qla’a Zeta","names":{"primary":"Qla’a Zeta","arabic":"قلاع زيتا"},"district":"Hebron","subdistrict":null,"pop_1945_total":null,"pop_1945_palestinian":null,"in_east_jerusalem":false,"oslo_area":"C","population":[{"year":2017,"value":1086,"source_id":"ocha_opt"}],"depopulated_1948":false,"depopulated_date":null,"status_now":null,"group_1945":null,"group_now":null,"mechanism":null,"references":{},"evidence":[{"source_id":"ocha_opt","title":"State of Palestine - Palestinian Communities in the West Bank and the Gaza Strip","url":"https://www.ochaopt.org/page/datasets-and-mapping-tools","document_date":"2019-07-17","retrieved":"2026-08-09"}]}},{"type":"Feature","geometry":{"type":"Point","coordinates":[35.130789,31.565825]},"properties":{"locality_id":"502680","name":"Beit 'Einun","names":{"primary":"Beit 'Einun","arabic":"'بِيت عِينُون"},"district":"Hebron","subdistrict":null,"pop_1945_total":null,"pop_1945_palestinian":null,"in_east_jerusalem":false,"oslo_area":"C","population":[{"year":2017,"value":1928,"source_id":"ocha_opt"}],"depopulated_1948":false,"depopulated_date":null,"status_now":null,"group_1945":null,"group_now":null,"mechanism":null,"references":{},"evidence":[{"source_id":"ocha_opt","title":"State of Palestine - Palestinian Communities in the West Bank and the Gaza Strip","url":"https://www.ochaopt.org/page/datasets-and-mapping-tools","document_date":"2019-07-17","retrieved":"2026-08-09"}]}},{"type":"Feature","geometry":{"type":"Point","coordinates":[35.26107,31.977901]},"properties":{"locality_id":"301610","name":"Silwad","names":{"primary":"Silwad","arabic":"سِلْواد"},"district":"Ramallah","subdistrict":null,"pop_1945_total":null,"pop_1945_palestinian":null,"in_east_jerusalem":false,"oslo_area":"A","population":[{"year":2017,"value":6342,"source_id":"ocha_opt"}],"depopulated_1948":false,"depopulated_date":null,"status_now":null,"group_1945":null,"group_now":null,"mechanism":null,"references":{},"evidence":[{"source_id":"ocha_opt","title":"State of Palestine - Palestinian Communities in the West Bank and the Gaza Strip","url":"https://www.ochaopt.org/page/datasets-and-mapping-tools","document_date":"2019-07-17","retrieved":"2026-08-09"}]}},{"type":"Feature","geometry":{"type":"Point","coordinates":[35.26182,31.968341]},"properties":{"locality_id":"301645","name":"Silwad Camp","names":{"primary":"Silwad Camp","arabic":"مُخَيَّمْ سِلْواد"},"district":"Ramallah","subdistrict":null,"pop_1945_total":null,"pop_1945_palestinian":null,"in_east_jerusalem":false,"oslo_area":"A","population":[{"year":2017,"value":456,"source_id":"ocha_opt"}],"depopulated_1948":false,"depopulated_date":null,"status_now":null,"group_1945":null,"group_now":null,"mechanism":null,"references":{},"evidence":[{"source_id":"ocha_opt","title":"State of Palestine - Palestinian Communities in the West Bank and the Gaza Strip","url":"https://www.ochaopt.org/page/datasets-and-mapping-tools","document_date":"2019-07-17","retrieved":"2026-08-09"}]}},{"type":"Feature","geometry":{"type":"Point","coordinates":[35.084387,31.37463]},"properties":{"locality_id":"999953","name":"Wadi al Amayer Herders","names":{"primary":"Wadi al Amayer Herders"},"district":"Hebron","subdistrict":null,"pop_1945_total":null,"pop_1945_palestinian":null,"in_east_jerusalem":false,"oslo_area":"A","population":[],"depopulated_1948":false,"depopulated_date":null,"status_now":null,"group_1945":null,"group_now":null,"mechanism":null,"references":{},"evidence":[{"source_id":"ocha_opt","title":"State of Palestine - Palestinian Communities in the West Bank and the Gaza Strip","url":"https://www.ochaopt.org/page/datasets-and-mapping-tools","document_date":"2019-07-17","retrieved":"2026-08-09"}]}},{"type":"Feature","geometry":{"type":"Point","coordinates":[35.079163,31.385495]},"properties":{"locality_id":"503321","name":"Wadi al Amayer","names":{"primary":"Wadi al Amayer","arabic":"وادي العماير"},"district":"Hebron","subdistrict":null,"pop_1945_total":null,"pop_1945_palestinian":null,"in_east_jerusalem":false,"oslo_area":"A","population":[{"year":2017,"value":873,"source_id":"ocha_opt"}],"depopulated_1948":false,"depopulated_date":null,"status_now":null,"group_1945":null,"group_now":null,"mechanism":null,"references":{},"evidence":[{"source_id":"ocha_opt","title":"State of Palestine - Palestinian Communities in the West Bank and the Gaza Strip","url":"https://www.ochaopt.org/page/datasets-and-mapping-tools","document_date":"2019-07-17","retrieved":"2026-08-09"}]}},{"type":"Feature","geometry":{"type":"Point","coordinates":[35.49224,32.226885]},"properties":{"locality_id":"999813","name":"Humsa - Al Bqai'a","names":{"primary":"Humsa - Al Bqai'a"},"district":"Tubas","subdistrict":null,"pop_1945_total":null,"pop_1945_palestinian":null,"in_east_jerusalem":false,"oslo_area":"C","population":[{"year":2017,"value":64,"source_id":"ocha_opt"}],"depopulated_1948":false,"depopulated_date":null,"status_now":null,"group_1945":null,"group_now":null,"mechanism":null,"references":{},"evidence":[{"source_id":"ocha_opt","title":"State of Palestine - Palestinian Communities in the West Bank and the Gaza Strip","url":"https://www.ochaopt.org/page/datasets-and-mapping-tools","document_date":"2019-07-17","retrieved":"2026-08-09"}]}},{"type":"Feature","geometry":{"type":"Point","coordinates":[35.015594,31.523427]},"properties":{"locality_id":"502805","name":"Kureise","names":{"primary":"Kureise","arabic":"كْرِيسِة"},"district":"Hebron","subdistrict":null,"pop_1945_total":null,"pop_1945_palestinian":null,"in_east_jerusalem":false,"oslo_area":"A","population":[{"year":2017,"value":3719,"source_id":"ocha_opt"}],"depopulated_1948":false,"depopulated_date":null,"status_now":null,"group_1945":null,"group_now":null,"mechanism":null,"references":{},"evidence":[{"source_id":"ocha_opt","title":"State of Palestine - Palestinian Communities in the West Bank and the Gaza Strip","url":"https://www.ochaopt.org/page/datasets-and-mapping-tools","document_date":"2019-07-17","retrieved":"2026-08-09"}]}},{"type":"Feature","geometry":{"type":"Point","coordinates":[35.104133,32.094276]},"properties":{"locality_id":"251355","name":"Izbat Abu Adam","names":{"primary":"Izbat Abu Adam","arabic":"عِزْبِة أبو آدَم"},"district":"Salfit","subdistrict":null,"pop_1945_total":null,"pop_1945_palestinian":null,"in_east_jerusalem":false,"oslo_area":"C","population":[{"year":2017,"value":7,"source_id":"ocha_opt"}],"depopulated_1948":false,"depopulated_date":null,"status_now":null,"group_1945":null,"group_now":null,"mechanism":null,"references":{},"evidence":[{"source_id":"ocha_opt","title":"State of Palestine - Palestinian Communities in the West Bank and the Gaza Strip","url":"https://www.ochaopt.org/page/datasets-and-mapping-tools","document_date":"2019-07-17","retrieved":"2026-08-09"}]}},{"type":"Feature","geometry":{"type":"Point","coordinates":[35.079158,31.558304]},"properties":{"locality_id":"999764","name":"Farsh Alhawa","names":{"primary":"Farsh Alhawa"},"district":"Hebron","subdistrict":null,"pop_1945_total":null,"pop_1945_palestinian":null,"in_east_jerusalem":false,"oslo_area":"C","population":[{"year":2017,"value":0,"source_id":"ocha_opt"}],"depopulated_1948":false,"depopulated_date":null,"status_now":null,"group_1945":null,"group_now":null,"mechanism":null,"references":{},"evidence":[{"source_id":"ocha_opt","title":"State of Palestine - Palestinian Communities in the West Bank and the Gaza Strip","url":"https://www.ochaopt.org/page/datasets-and-mapping-tools","document_date":"2019-07-17","retrieved":"2026-08-09"}]}},{"type":"Feature","geometry":{"type":"Point","coordinates":[35.011487,31.54956]},"properties":{"locality_id":"999878","name":"Fer'a","names":{"primary":"Fer'a"},"district":"Hebron","subdistrict":null,"pop_1945_total":null,"pop_1945_palestinian":null,"in_east_jerusalem":false,"oslo_area":"C","population":[],"depopulated_1948":false,"depopulated_date":null,"status_now":null,"group_1945":null,"group_now":null,"mechanism":null,"references":{},"evidence":[{"source_id":"ocha_opt","title":"State of Palestine - Palestinian Communities in the West Bank and the Gaza Strip","url":"https://www.ochaopt.org/page/datasets-and-mapping-tools","document_date":"2019-07-17","retrieved":"2026-08-09"}]}},{"type":"Feature","geometry":{"type":"Point","coordinates":[35.179053,31.591534]},"properties":{"locality_id":"999761","name":"Jurat al Khiel","names":{"primary":"Jurat al Khiel"},"district":"Hebron","subdistrict":null,"pop_1945_total":null,"pop_1945_palestinian":null,"in_east_jerusalem":false,"oslo_area":"C","population":[{"year":2017,"value":0,"source_id":"ocha_opt"}],"depopulated_1948":false,"depopulated_date":null,"status_now":null,"group_1945":null,"group_now":null,"mechanism":null,"references":{},"evidence":[{"source_id":"ocha_opt","title":"State of Palestine - Palestinian Communities in the West Bank and the Gaza Strip","url":"https://www.ochaopt.org/page/datasets-and-mapping-tools","document_date":"2019-07-17","retrieved":"2026-08-09"}]}},{"type":"Feature","geometry":{"type":"Point","coordinates":[35.137797,31.526352]},"properties":{"locality_id":"999760","name":"Al Jalajel","names":{"primary":"Al Jalajel"},"district":"Hebron","subdistrict":null,"pop_1945_total":null,"pop_1945_palestinian":null,"in_east_jerusalem":false,"oslo_area":"C","population":[{"year":2017,"value":0,"source_id":"ocha_opt"}],"depopulated_1948":false,"depopulated_date":null,"status_now":null,"group_1945":null,"group_now":null,"mechanism":null,"references":{},"evidence":[{"source_id":"ocha_opt","title":"State of Palestine - Palestinian Communities in the West Bank and the Gaza Strip","url":"https://www.ochaopt.org/page/datasets-and-mapping-tools","document_date":"2019-07-17","retrieved":"2026-08-09"}]}},{"type":"Feature","geometry":{"type":"Point","coordinates":[35.391951,32.181304]},"properties":{"locality_id":"999785","name":"Al Ja'waneh","names":{"primary":"Al Ja'waneh"},"district":"Nablus","subdistrict":null,"pop_1945_total":null,"pop_1945_palestinian":null,"in_east_jerusalem":false,"oslo_area":"C","population":[],"depopulated_1948":false,"depopulated_date":null,"status_now":null,"group_1945":null,"group_now":null,"mechanism":null,"references":{},"evidence":[{"source_id":"ocha_opt","title":"State of Palestine - Palestinian Communities in the West Bank and the Gaza Strip","url":"https://www.ochaopt.org/page/datasets-and-mapping-tools","document_date":"2019-07-17","retrieved":"2026-08-09"}]}},{"type":"Feature","geometry":{"type":"Point","coordinates":[35.325781,31.812435]},"properties":{"locality_id":"999795","name":"Khan Al Ahmar - Makab as Samen","names":{"primary":"Khan Al Ahmar - Makab as Samen"},"district":"Jerusalem","subdistrict":null,"pop_1945_total":null,"pop_1945_palestinian":null,"in_east_jerusalem":false,"oslo_area":"C","population":[],"depopulated_1948":false,"depopulated_date":null,"status_now":null,"group_1945":null,"group_now":null,"mechanism":null,"references":{},"evidence":[{"source_id":"ocha_opt","title":"State of Palestine - Palestinian Communities in the West Bank and the Gaza Strip","url":"https://www.ochaopt.org/page/datasets-and-mapping-tools","document_date":"2019-07-17","retrieved":"2026-08-09"}]}},{"type":"Feature","geometry":{"type":"Point","coordinates":[35.223556,31.443007]},"properties":{"locality_id":"999751","name":"Umm Qussa","names":{"primary":"Umm Qussa"},"district":"Hebron","subdistrict":null,"pop_1945_total":null,"pop_1945_palestinian":null,"in_east_jerusalem":false,"oslo_area":"C","population":[],"depopulated_1948":false,"depopulated_date":null,"status_now":null,"group_1945":null,"group_now":null,"mechanism":null,"references":{},"evidence":[{"source_id":"ocha_opt","title":"State of Palestine - Palestinian Communities in the West Bank and the Gaza Strip","url":"https://www.ochaopt.org/page/datasets-and-mapping-tools","document_date":"2019-07-17","retrieved":"2026-08-09"}]}},{"type":"Feature","geometry":{"type":"Point","coordinates":[35.192422,31.45398]},"properties":{"locality_id":"999752","name":"Hiwara","names":{"primary":"Hiwara"},"district":"Hebron","subdistrict":null,"pop_1945_total":null,"pop_1945_palestinian":null,"in_east_jerusalem":false,"oslo_area":"Nature Reserve","population":[],"depopulated_1948":false,"depopulated_date":null,"status_now":null,"group_1945":null,"group_now":null,"mechanism":null,"references":{},"evidence":[{"source_id":"ocha_opt","title":"State of Palestine - Palestinian Communities in the West Bank and the Gaza Strip","url":"https://www.ochaopt.org/page/datasets-and-mapping-tools","document_date":"2019-07-17","retrieved":"2026-08-09"}]}},{"type":"Feature","geometry":{"type":"Point","coordinates":[35.220163,31.447691]},"properties":{"locality_id":"999753","name":"Al Abaidiya","names":{"primary":"Al Abaidiya"},"district":"Hebron","subdistrict":null,"pop_1945_total":null,"pop_1945_palestinian":null,"in_east_jerusalem":false,"oslo_area":"Nature Reserve","population":[],"depopulated_1948":false,"depopulated_date":null,"status_now":null,"group_1945":null,"group_now":null,"mechanism":null,"references":{},"evidence":[{"source_id":"ocha_opt","title":"State of Palestine - Palestinian Communities in the West Bank and the Gaza Strip","url":"https://www.ochaopt.org/page/datasets-and-mapping-tools","document_date":"2019-07-17","retrieved":"2026-08-09"}]}},{"type":"Feature","geometry":{"type":"Point","coordinates":[35.142139,31.476848]},"properties":{"locality_id":"999754","name":"Umm Zaitonah","names":{"primary":"Umm Zaitonah"},"district":"Hebron","subdistrict":null,"pop_1945_total":null,"pop_1945_palestinian":null,"in_east_jerusalem":false,"oslo_area":"C","population":[],"depopulated_1948":false,"depopulated_date":null,"status_now":null,"group_1945":null,"group_now":null,"mechanism":null,"references":{},"evidence":[{"source_id":"ocha_opt","title":"State of Palestine - Palestinian Communities in the West Bank and the Gaza Strip","url":"https://www.ochaopt.org/page/datasets-and-mapping-tools","document_date":"2019-07-17","retrieved":"2026-08-09"}]}},{"type":"Feature","geometry":{"type":"Point","coordinates":[35.132545,32.100427]},"properties":{"locality_id":"11251295","name":"Dar abu Kayed","names":{"primary":"Dar abu Kayed"},"district":"Salfit","subdistrict":null,"pop_1945_total":null,"pop_1945_palestinian":null,"in_east_jerusalem":false,"oslo_area":"C","population":[{"year":2017,"value":639,"source_id":"ocha_opt"}],"depopulated_1948":false,"depopulated_date":null,"status_now":null,"group_1945":null,"group_now":null,"mechanism":null,"references":{},"evidence":[{"source_id":"ocha_opt","title":"State of Palestine - Palestinian Communities in the West Bank and the Gaza Strip","url":"https://www.ochaopt.org/page/datasets-and-mapping-tools","document_date":"2019-07-17","retrieved":"2026-08-09"}]}},{"type":"Feature","geometry":{"type":"Point","coordinates":[35.431395,31.786491]},"properties":{"locality_id":"an-nabi-musa","name":"An Nabi Musa","names":{"primary":"An Nabi Musa"},"district":"Jericho","subdistrict":null,"pop_1945_total":null,"pop_1945_palestinian":null,"in_east_jerusalem":false,"oslo_area":"C","population":[],"depopulated_1948":false,"depopulated_date":null,"status_now":null,"group_1945":null,"group_now":null,"mechanism":null,"references":{},"evidence":[{"source_id":"ocha_opt","title":"State of Palestine - Palestinian Communities in the West Bank and the Gaza Strip","url":"https://www.ochaopt.org/page/datasets-and-mapping-tools","document_date":"2019-07-17","retrieved":"2026-08-09"}]}},{"type":"Feature","geometry":{"type":"Point","coordinates":[35.244275,31.667456]},"properties":{"locality_id":"999750","name":"Al Orentelleh","names":{"primary":"Al Orentelleh"},"district":"Bethlehem","subdistrict":null,"pop_1945_total":null,"pop_1945_palestinian":null,"in_east_jerusalem":false,"oslo_area":"C","population":[],"depopulated_1948":false,"depopulated_date":null,"status_now":null,"group_1945":null,"group_now":null,"mechanism":null,"references":{},"evidence":[{"source_id":"ocha_opt","title":"State of Palestine - Palestinian Communities in the West Bank and the Gaza Strip","url":"https://www.ochaopt.org/page/datasets-and-mapping-tools","document_date":"2019-07-17","retrieved":"2026-08-09"}]}},{"type":"Feature","geometry":{"type":"Point","coordinates":[35.125346,31.547852]},"properties":{"locality_id":"502778","name":"Al Baqa'a","names":{"primary":"Al Baqa'a","arabic":"البقعه"},"district":"Hebron","subdistrict":null,"pop_1945_total":null,"pop_1945_palestinian":null,"in_east_jerusalem":false,"oslo_area":"C","population":[{"year":2017,"value":1389,"source_id":"ocha_opt"}],"depopulated_1948":false,"depopulated_date":null,"status_now":null,"group_1945":null,"group_now":null,"mechanism":null,"references":{},"evidence":[{"source_id":"ocha_opt","title":"State of Palestine - Palestinian Communities in the West Bank and the Gaza Strip","url":"https://www.ochaopt.org/page/datasets-and-mapping-tools","document_date":"2019-07-17","retrieved":"2026-08-09"}]}},{"type":"Feature","geometry":{"type":"Point","coordinates":[35.405463,31.719]},"properties":{"locality_id":"al-bqei-ah","name":"Al Bqei'ah","names":{"primary":"Al Bqei'ah"},"district":"Bethlehem","subdistrict":null,"pop_1945_total":null,"pop_1945_palestinian":null,"in_east_jerusalem":false,"oslo_area":"C","population":[],"depopulated_1948":false,"depopulated_date":null,"status_now":null,"group_1945":null,"group_now":null,"mechanism":null,"references":{},"evidence":[{"source_id":"ocha_opt","title":"State of Palestine - Palestinian Communities in the West Bank and the Gaza Strip","url":"https://www.ochaopt.org/page/datasets-and-mapping-tools","document_date":"2019-07-17","retrieved":"2026-08-09"}]}}]}