{"type":"FeatureCollection","features":[{"type":"Feature","geometry":{"type":"MultiPolygon","coordinates":[[[[35.224432,32.548988],[35.226512,32.54618],[35.226476,32.545645],[35.225702,32.544343],[35.225357,32.542764],[35.227119,32.539527],[35.226697,32.537929],[35.225303,32.536341],[35.223647,32.535425],[35.223431,32.536948],[35.222916,32.538808],[35.222151,32.539389],[35.220939,32.538675],[35.220063,32.537242],[35.219167,32.536167],[35.217632,32.53603],[35.217657,32.539644],[35.219156,32.540809],[35.219913,32.541753],[35.219852,32.542633],[35.219156,32.54319],[35.218409,32.542994],[35.217847,32.540952],[35.216374,32.540834],[35.215323,32.54094],[35.216887,32.543759],[35.21677,32.544788],[35.21718,32.545677],[35.217244,32.546665],[35.220472,32.548305],[35.2232,32.548508],[35.224432,32.548988]]],[[[35.204613,32.529019],[35.205256,32.528142],[35.20741,32.528195],[35.208228,32.529365],[35.208961,32.53244],[35.210222,32.533062],[35.2107,32.53311],[35.211446,32.532751],[35.211905,32.532318],[35.212456,32.531384],[35.21199,32.527873],[35.211063,32.526529],[35.209381,32.524778],[35.208097,32.522888],[35.206677,32.521454],[35.205562,32.520589],[35.205829,32.520075],[35.206765,32.519915],[35.207383,32.519377],[35.207145,32.518471],[35.203449,32.514734],[35.201277,32.51297],[35.200084,32.512917],[35.198295,32.513391],[35.199555,32.515783],[35.199695,32.516502],[35.195779,32.515777],[35.195245,32.514935],[35.194492,32.514449],[35.192267,32.515368],[35.18999,32.513414],[35.187713,32.512352],[35.184827,32.512551],[35.182726,32.513181],[35.181948,32.513657],[35.181058,32.514759],[35.17949,32.515268],[35.177578,32.515199],[35.175331,32.514529],[35.178901,32.518159],[35.181987,32.521832],[35.184021,32.521237],[35.185271,32.521044],[35.188236,32.521954],[35.189423,32.522962],[35.19301,32.521999],[35.194895,32.521852],[35.196644,32.520047],[35.197654,32.519454],[35.197661,32.518002],[35.197467,32.517384],[35.199572,32.517681],[35.19909,32.518494],[35.198884,32.519653],[35.198911,32.523454],[35.200654,32.527183],[35.200485,32.527648],[35.199212,32.529156],[35.198687,32.53047],[35.198719,32.531326],[35.199436,32.532819],[35.200109,32.533448],[35.201526,32.534242],[35.202787,32.533594],[35.203349,32.532912],[35.204613,32.529019]]],[[[35.298613,32.491058],[35.29625,32.491304],[35.295204,32.487231],[35.297224,32.485508],[35.297499,32.483199],[35.286033,32.474324],[35.285166,32.473245],[35.285418,32.472136],[35.290733,32.468388],[35.290988,32.467932],[35.289694,32.467741],[35.288418,32.466819],[35.287791,32.466743],[35.287408,32.467743],[35.286468,32.467841],[35.285808,32.467278],[35.283551,32.468399],[35.283138,32.468856],[35.282709,32.468997],[35.281656,32.468508],[35.281453,32.46744],[35.281044,32.467899],[35.28002,32.468144],[35.279207,32.467565],[35.275153,32.466902],[35.273802,32.467188],[35.272322,32.468519],[35.27066,32.470391],[35.268412,32.472293],[35.267743,32.473085],[35.267333,32.473863],[35.266621,32.476019],[35.265998,32.478942],[35.267846,32.479383],[35.264621,32.483265],[35.260191,32.488167],[35.258086,32.489302],[35.257886,32.489163],[35.254208,32.491971],[35.250986,32.492956],[35.249285,32.493134],[35.24852,32.493958],[35.245319,32.496116],[35.241233,32.499505],[35.240419,32.500023],[35.237509,32.503068],[35.236614,32.503679],[35.235508,32.504178],[35.234951,32.505537],[35.234749,32.507142],[35.234404,32.507935],[35.234435,32.51085],[35.233595,32.511975],[35.231704,32.513926],[35.230106,32.516211],[35.228781,32.517277],[35.228925,32.518556],[35.226992,32.519778],[35.226298,32.519561],[35.226672,32.522027],[35.226712,32.523297],[35.226319,32.525814],[35.22576,32.526637],[35.225813,32.527924],[35.226014,32.528119],[35.226653,32.52813],[35.238754,32.522646],[35.258756,32.509559],[35.263885,32.506504],[35.281122,32.495578],[35.280412,32.497356],[35.27974,32.500996],[35.279336,32.501434],[35.27785,32.501957],[35.277353,32.502317],[35.275664,32.505393],[35.275841,32.506675],[35.275359,32.507223],[35.275214,32.507774],[35.275668,32.508951],[35.275465,32.51229],[35.294316,32.507592],[35.29671,32.507506],[35.297389,32.506763],[35.300045,32.504756],[35.298919,32.50368],[35.298899,32.497987],[35.298613,32.491058]]],[[[35.218761,32.517543],[35.218525,32.517327],[35.217767,32.517431],[35.21751,32.518228],[35.21754,32.519503],[35.21849,32.520182],[35.219348,32.520315],[35.219717,32.521794],[35.220818,32.522177],[35.221371,32.522769],[35.221723,32.522951],[35.223109,32.522637],[35.22297,32.521707],[35.223039,32.520824],[35.22254,32.520187],[35.222015,32.520083],[35.221483,32.519328],[35.22031,32.518833],[35.219591,32.518078],[35.218761,32.517543]]],[[[35.365875,32.50923],[35.365043,32.509282],[35.36437,32.509519],[35.36323,32.510553],[35.361566,32.511276],[35.360372,32.512208],[35.36034,32.513526],[35.360582,32.514518],[35.361785,32.515118],[35.363447,32.514845],[35.364968,32.514384],[35.365162,32.513473],[35.36546,32.512981],[35.366922,32.512276],[35.367615,32.511238],[35.368018,32.509946],[35.367294,32.50946],[35.365875,32.50923]]],[[[35.314785,32.506233],[35.312654,32.505666],[35.311182,32.506148],[35.309672,32.508191],[35.309847,32.509374],[35.310533,32.509675],[35.313341,32.510188],[35.317488,32.510238],[35.317689,32.509295],[35.315695,32.508413],[35.31537,32.50727],[35.314785,32.506233]]],[[[35.170777,32.506213],[35.171775,32.505509],[35.172641,32.505595],[35.173083,32.505385],[35.173659,32.504899],[35.174103,32.504185],[35.17444,32.502955],[35.174664,32.500679],[35.174403,32.499783],[35.173804,32.499074],[35.172696,32.498327],[35.170655,32.497411],[35.169193,32.497635],[35.168395,32.498217],[35.167165,32.497998],[35.166409,32.498354],[35.165831,32.498351],[35.165264,32.500092],[35.164074,32.500575],[35.163336,32.499121],[35.162499,32.498052],[35.161453,32.498043],[35.160305,32.499681],[35.161186,32.501242],[35.163293,32.503006],[35.163398,32.504079],[35.165997,32.506334],[35.166033,32.506544],[35.167559,32.506545],[35.170777,32.506213]]],[[[35.326161,32.498589],[35.326071,32.497746],[35.324328,32.497307],[35.322871,32.494367],[35.321867,32.493007],[35.320935,32.492832],[35.319366,32.494053],[35.317771,32.494742],[35.317129,32.495572],[35.316973,32.496996],[35.317429,32.49816],[35.317702,32.498487],[35.318427,32.498742],[35.318904,32.498042],[35.319955,32.498023],[35.319944,32.50003],[35.319483,32.500736],[35.319662,32.502212],[35.320212,32.50327],[35.321199,32.503901],[35.321894,32.503966],[35.323748,32.503578],[35.324145,32.503198],[35.325176,32.501698],[35.325416,32.499899],[35.326161,32.498589]]],[[[35.385294,32.437022],[35.384212,32.437747],[35.382629,32.439689],[35.382508,32.440129],[35.381229,32.441967],[35.379524,32.443651],[35.378763,32.444816],[35.376782,32.449254],[35.376661,32.450056],[35.376699,32.454143],[35.376092,32.455799],[35.375416,32.456746],[35.37386,32.457602],[35.372,32.458199],[35.369101,32.45872],[35.368613,32.459005],[35.367669,32.459963],[35.36523,32.461673],[35.363868,32.460976],[35.36002,32.459946],[35.357058,32.458708],[35.356079,32.457855],[35.355895,32.457261],[35.356927,32.453716],[35.357471,32.450801],[35.358139,32.448576],[35.35829,32.447153],[35.357705,32.444076],[35.356602,32.441465],[35.355158,32.439379],[35.352469,32.437287],[35.350514,32.435996],[35.347308,32.434628],[35.346179,32.434371],[35.345172,32.434501],[35.343099,32.435564],[35.341703,32.434736],[35.341519,32.434296],[35.341548,32.433391],[35.340436,32.43303],[35.339824,32.432106],[35.339844,32.43083],[35.340498,32.430441],[35.341785,32.430236],[35.342942,32.430568],[35.340969,32.425972],[35.340466,32.42514],[35.340464,32.423587],[35.340111,32.421442],[35.338737,32.421314],[35.332371,32.415498],[35.334775,32.412675],[35.335556,32.411338],[35.329446,32.406885],[35.328331,32.408527],[35.326977,32.411062],[35.326686,32.416173],[35.325831,32.417575],[35.325174,32.419675],[35.326004,32.420881],[35.326942,32.421109],[35.330456,32.421431],[35.330762,32.421706],[35.330414,32.422755],[35.328572,32.425352],[35.328498,32.426945],[35.328756,32.427921],[35.329721,32.42982],[35.332319,32.432814],[35.333993,32.433159],[35.336249,32.432854],[35.336978,32.435935],[35.33952,32.436501],[35.340288,32.436908],[35.341596,32.438283],[35.341802,32.440235],[35.343672,32.440843],[35.345513,32.440812],[35.346948,32.44135],[35.348819,32.442443],[35.348703,32.447402],[35.349991,32.449823],[35.3512,32.45287],[35.350895,32.454716],[35.350024,32.456237],[35.347949,32.457038],[35.346556,32.458117],[35.346547,32.45949],[35.347657,32.460316],[35.34645,32.46097],[35.34567,32.460834],[35.343191,32.463038],[35.339689,32.464637],[35.335524,32.467188],[35.335256,32.467709],[35.335257,32.469888],[35.334769,32.469916],[35.333407,32.472217],[35.333399,32.473847],[35.332805,32.478842],[35.33275,32.486763],[35.333446,32.490429],[35.333907,32.490993],[35.333851,32.494861],[35.334,32.497358],[35.334519,32.498643],[35.335485,32.499485],[35.335352,32.500371],[35.336751,32.50121],[35.339723,32.501851],[35.340417,32.502246],[35.342335,32.502778],[35.346932,32.502536],[35.350088,32.501739],[35.354323,32.501074],[35.356917,32.501193],[35.359595,32.502052],[35.360047,32.502344],[35.363379,32.502288],[35.3663,32.502708],[35.367462,32.502565],[35.368103,32.502277],[35.368532,32.501858],[35.368852,32.500026],[35.369682,32.498939],[35.370269,32.498621],[35.371234,32.498454],[35.371761,32.498016],[35.372065,32.498025],[35.373298,32.497277],[35.37471,32.496926],[35.375247,32.496631],[35.376619,32.494387],[35.376547,32.49274],[35.377125,32.491942],[35.378387,32.490974],[35.378823,32.489541],[35.38374,32.487797],[35.385264,32.486672],[35.386752,32.485953],[35.390758,32.484594],[35.390981,32.484225],[35.390724,32.483405],[35.390886,32.482144],[35.392854,32.480702],[35.393435,32.479778],[35.393296,32.478842],[35.392413,32.477213],[35.392355,32.475293],[35.39289,32.474456],[35.394134,32.473514],[35.394178,32.472337],[35.394023,32.47144],[35.392063,32.468123],[35.391917,32.466568],[35.39216,32.465999],[35.393291,32.464504],[35.39336,32.462426],[35.393746,32.461817],[35.394903,32.460618],[35.395644,32.458781],[35.39583,32.457384],[35.395651,32.454226],[35.396276,32.452623],[35.396993,32.449495],[35.39819,32.446964],[35.398311,32.445467],[35.397372,32.444302],[35.397087,32.443694],[35.397414,32.442719],[35.396022,32.441576],[35.395828,32.441879],[35.394816,32.441799],[35.394407,32.44102],[35.393439,32.440052],[35.392647,32.440024],[35.392188,32.440475],[35.391787,32.440096],[35.390327,32.439596],[35.390057,32.439061],[35.389709,32.438761],[35.388168,32.438739],[35.387044,32.437702],[35.385387,32.437391],[35.385294,32.437022]]],[[[35.39933,32.494457],[35.40026,32.494531],[35.401491,32.495135],[35.402091,32.494057],[35.403025,32.493429],[35.403293,32.4881],[35.401645,32.487884],[35.400023,32.488593],[35.398699,32.489714],[35.397523,32.490464],[35.396392,32.490315],[35.395232,32.489252],[35.394108,32.488944],[35.392793,32.489468],[35.392554,32.490828],[35.390177,32.493589],[35.390446,32.49445],[35.391327,32.495017],[35.392864,32.495203],[35.394062,32.49638],[35.394628,32.496475],[35.395219,32.496517],[35.39691,32.495124],[35.398576,32.494555],[35.39933,32.494457]]],[[[35.317871,32.460578],[35.318062,32.461337],[35.319081,32.461719],[35.320443,32.461935],[35.320195,32.464604],[35.31979,32.465768],[35.319433,32.466215],[35.318635,32.466698],[35.318373,32.46662],[35.315923,32.468052],[35.317625,32.468652],[35.319773,32.46854],[35.31969,32.468824],[35.310826,32.478643],[35.308838,32.481296],[35.307721,32.483085],[35.306481,32.484479],[35.304927,32.486588],[35.304213,32.487257],[35.302758,32.489351],[35.30406,32.489815],[35.307122,32.487235],[35.311374,32.485348],[35.314903,32.48298],[35.319879,32.478354],[35.323248,32.473717],[35.324764,32.469886],[35.324668,32.465067],[35.325166,32.460378],[35.317871,32.460578]]],[[[35.204439,32.477184],[35.198852,32.476866],[35.198337,32.476436],[35.197596,32.475345],[35.19756,32.473665],[35.196958,32.472686],[35.194718,32.471415],[35.191759,32.470279],[35.191147,32.469886],[35.191103,32.466955],[35.189664,32.459682],[35.187704,32.455696],[35.187795,32.451971],[35.188544,32.451589],[35.189977,32.450481],[35.190183,32.450086],[35.19087,32.446003],[35.190966,32.440336],[35.193825,32.440279],[35.196131,32.43867],[35.196542,32.438295],[35.197056,32.437369],[35.19734,32.436185],[35.198113,32.434563],[35.200408,32.432312],[35.213169,32.42267],[35.213705,32.422485],[35.217544,32.419715],[35.219693,32.418528],[35.218518,32.417153],[35.217032,32.417179],[35.214846,32.41859],[35.2106,32.421552],[35.207009,32.425015],[35.199157,32.429997],[35.194884,32.435588],[35.192338,32.43781],[35.190133,32.439257],[35.188093,32.442662],[35.185808,32.449144],[35.184729,32.453825],[35.184716,32.457087],[35.185815,32.465415],[35.187372,32.472287],[35.188694,32.476394],[35.191933,32.476225],[35.196245,32.47772],[35.197686,32.479425],[35.200721,32.479071],[35.204439,32.477184]]],[[[35.098297,32.474212],[35.101002,32.4747],[35.103766,32.474593],[35.105347,32.473524],[35.106802,32.473264],[35.10869,32.472548],[35.109655,32.471985],[35.110508,32.47072],[35.110423,32.469988],[35.1096,32.469642],[35.109187,32.469628],[35.106632,32.470087],[35.105148,32.470801],[35.103304,32.472335],[35.10234,32.47241],[35.101091,32.471939],[35.100182,32.472271],[35.099396,32.472816],[35.09758,32.472156],[35.097273,32.471841],[35.097168,32.471442],[35.09745,32.470763],[35.098949,32.469553],[35.099599,32.4684],[35.0994,32.467628],[35.098205,32.466955],[35.097186,32.466154],[35.095318,32.46534],[35.0944,32.465156],[35.093121,32.465215],[35.091968,32.46601],[35.093181,32.468507],[35.09245,32.469238],[35.090975,32.469363],[35.090064,32.470488],[35.093519,32.474191],[35.094675,32.474974],[35.097309,32.475707],[35.097072,32.475021],[35.097215,32.474601],[35.097564,32.474279],[35.098297,32.474212]]],[[[35.159158,32.467566],[35.158282,32.467173],[35.153478,32.467461],[35.152786,32.466952],[35.152182,32.465957],[35.1513,32.466411],[35.150248,32.467494],[35.149284,32.46805],[35.149293,32.468982],[35.148008,32.469736],[35.148375,32.470112],[35.149887,32.47012],[35.150256,32.470596],[35.150614,32.470601],[35.15191,32.469333],[35.155065,32.468771],[35.158195,32.468602],[35.159238,32.467911],[35.159158,32.467566]]],[[[35.410139,32.46774],[35.410445,32.467666],[35.410844,32.468086],[35.411433,32.468044],[35.412264,32.465941],[35.412709,32.465576],[35.413216,32.465723],[35.413318,32.466892],[35.413683,32.466964],[35.417222,32.460214],[35.417221,32.459693],[35.417011,32.459319],[35.415621,32.458259],[35.414463,32.454862],[35.413667,32.455056],[35.413119,32.455834],[35.412866,32.459305],[35.411236,32.458968],[35.408906,32.459048],[35.408675,32.45864],[35.408062,32.458611],[35.407768,32.459404],[35.406855,32.459581],[35.405907,32.460053],[35.406496,32.460623],[35.406486,32.46089],[35.406279,32.461084],[35.403119,32.461447],[35.402413,32.46222],[35.402541,32.462597],[35.403036,32.462895],[35.404343,32.462533],[35.405196,32.462616],[35.405587,32.463541],[35.406451,32.463815],[35.40584,32.464809],[35.405434,32.466052],[35.405855,32.466251],[35.406367,32.465896],[35.408247,32.463221],[35.409227,32.463168],[35.409838,32.462673],[35.410412,32.462471],[35.411356,32.462711],[35.41127,32.463638],[35.410628,32.464599],[35.408068,32.466825],[35.407745,32.467358],[35.407649,32.46791],[35.407863,32.468091],[35.408527,32.468152],[35.410139,32.46774]]],[[[35.184662,32.465507],[35.1837,32.463003],[35.18248,32.462215],[35.181062,32.461976],[35.177992,32.461985],[35.17511,32.461221],[35.174454,32.461436],[35.173627,32.462044],[35.173361,32.463459],[35.172437,32.464021],[35.171943,32.464614],[35.172258,32.465076],[35.173107,32.465389],[35.177578,32.463414],[35.179915,32.463242],[35.180267,32.463377],[35.180494,32.464356],[35.180963,32.46491],[35.181392,32.465216],[35.182363,32.465517],[35.18403,32.466489],[35.184662,32.465507]]],[[[35.169464,32.459537],[35.17029,32.458934],[35.176413,32.458994],[35.176901,32.458519],[35.176733,32.456938],[35.175756,32.454731],[35.175502,32.453794],[35.175002,32.44855],[35.175293,32.44491],[35.175966,32.441733],[35.176516,32.440059],[35.177679,32.438494],[35.177798,32.438035],[35.176943,32.437405],[35.17651,32.437379],[35.172956,32.438267],[35.17123,32.438088],[35.168507,32.438238],[35.165957,32.439393],[35.163451,32.438754],[35.158725,32.439023],[35.157681,32.438932],[35.152977,32.437056],[35.151685,32.436365],[35.147104,32.436834],[35.13946,32.438367],[35.134977,32.439945],[35.130855,32.442044],[35.126863,32.445271],[35.12424,32.446831],[35.123988,32.451092],[35.124846,32.453815],[35.126233,32.456433],[35.129161,32.459026],[35.133295,32.460708],[35.140007,32.460458],[35.145112,32.458477],[35.152839,32.456587],[35.157709,32.458318],[35.160636,32.457475],[35.163468,32.457797],[35.16421,32.458029],[35.165239,32.458542],[35.166231,32.459522],[35.165362,32.460414],[35.165232,32.461016],[35.166817,32.462511],[35.168452,32.460383],[35.169464,32.459537]]],[[[35.081636,32.446713],[35.080458,32.4457],[35.079281,32.445817],[35.07925,32.446932],[35.078874,32.448225],[35.079268,32.448631],[35.081054,32.448732],[35.08186,32.448099],[35.081636,32.446713]]],[[[35.314616,32.432654],[35.313656,32.433454],[35.311344,32.436687],[35.309907,32.438367],[35.309392,32.439346],[35.308581,32.442331],[35.308534,32.445042],[35.30925,32.446109],[35.310217,32.44693],[35.31146,32.448465],[35.314287,32.447781],[35.314986,32.446739],[35.314895,32.445113],[35.315443,32.441069],[35.314879,32.437739],[35.314945,32.43399],[35.314616,32.432654]]],[[[35.078745,32.437364],[35.079084,32.437337],[35.080289,32.438555],[35.081599,32.438959],[35.082885,32.438693],[35.084213,32.437632],[35.085943,32.438115],[35.087467,32.438221],[35.087698,32.437707],[35.087056,32.437214],[35.087033,32.436732],[35.086723,32.436445],[35.086681,32.435696],[35.08716,32.4354],[35.087325,32.434657],[35.088131,32.43455],[35.089602,32.434725],[35.089719,32.434381],[35.089532,32.433041],[35.091154,32.432676],[35.091612,32.43232],[35.091934,32.430351],[35.091622,32.43015],[35.09068,32.428747],[35.090627,32.428316],[35.089652,32.428655],[35.089881,32.42755],[35.089751,32.425617],[35.088933,32.424558],[35.088457,32.423043],[35.086725,32.421781],[35.085604,32.421937],[35.08443,32.422622],[35.083579,32.422687],[35.08338,32.422998],[35.083327,32.423692],[35.083728,32.424961],[35.08369,32.425785],[35.083433,32.426369],[35.082459,32.427507],[35.081844,32.428796],[35.081607,32.428966],[35.079766,32.428859],[35.078495,32.429514],[35.077528,32.429546],[35.076701,32.429902],[35.076387,32.430216],[35.075737,32.431578],[35.075629,32.432176],[35.072985,32.435931],[35.072986,32.43665],[35.073258,32.437204],[35.074466,32.438018],[35.075343,32.438323],[35.075665,32.439537],[35.076139,32.439922],[35.077165,32.439826],[35.077324,32.438955],[35.078133,32.438808],[35.078595,32.438297],[35.078745,32.437364]]],[[[35.409871,32.41898],[35.409858,32.418834],[35.409391,32.418858],[35.409259,32.419303],[35.406393,32.42025],[35.40604,32.420509],[35.406064,32.421057],[35.406894,32.421102],[35.407194,32.421421],[35.407954,32.421625],[35.407682,32.422292],[35.408385,32.422325],[35.409386,32.420689],[35.409794,32.41965],[35.409871,32.41898]]],[[[35.201162,32.414003],[35.198664,32.415307],[35.197736,32.416206],[35.195823,32.415775],[35.193949,32.415664],[35.19213,32.414547],[35.190948,32.41338],[35.190502,32.413195],[35.189876,32.4132],[35.189377,32.412635],[35.188631,32.41241],[35.188264,32.412129],[35.188079,32.411622],[35.187909,32.409687],[35.187235,32.407448],[35.185764,32.406944],[35.185786,32.404942],[35.186032,32.404584],[35.184029,32.404878],[35.179716,32.406588],[35.178455,32.406757],[35.176653,32.406241],[35.175699,32.405669],[35.174382,32.404254],[35.173946,32.403216],[35.173932,32.402627],[35.173622,32.402279],[35.172685,32.402747],[35.171928,32.404016],[35.170131,32.404652],[35.169856,32.404544],[35.169061,32.403656],[35.168134,32.403785],[35.167605,32.403551],[35.167291,32.403002],[35.167404,32.402881],[35.167127,32.402538],[35.166184,32.402567],[35.164079,32.403633],[35.162618,32.404615],[35.16034,32.405308],[35.157672,32.406766],[35.154838,32.407101],[35.150548,32.407038],[35.14798,32.4077],[35.146091,32.408562],[35.144824,32.409907],[35.144063,32.411169],[35.143417,32.41328],[35.150631,32.414618],[35.154367,32.414774],[35.157645,32.413531],[35.162166,32.412907],[35.166349,32.411072],[35.168864,32.410264],[35.171398,32.409955],[35.172863,32.409487],[35.174261,32.409474],[35.175241,32.409683],[35.177435,32.411685],[35.181016,32.411623],[35.182764,32.411825],[35.184551,32.412802],[35.185556,32.413816],[35.185761,32.414209],[35.18596,32.416945],[35.186622,32.418458],[35.188439,32.420072],[35.189993,32.42022],[35.192623,32.418725],[35.195824,32.418122],[35.198367,32.417137],[35.200292,32.415796],[35.201162,32.414003]]],[[[35.061755,32.412885],[35.063863,32.412894],[35.065208,32.41392],[35.065874,32.413851],[35.06661,32.413501],[35.066982,32.413534],[35.068648,32.41446],[35.069232,32.41461],[35.069551,32.414555],[35.070601,32.413346],[35.071158,32.412978],[35.073384,32.414523],[35.075558,32.414701],[35.076319,32.414361],[35.076737,32.413779],[35.077422,32.413211],[35.077429,32.412661],[35.077092,32.412332],[35.07708,32.412074],[35.07883,32.410613],[35.079218,32.409894],[35.079256,32.409324],[35.078919,32.408857],[35.077968,32.408278],[35.077771,32.407369],[35.077363,32.406626],[35.077705,32.406],[35.076669,32.405631],[35.075768,32.405604],[35.075365,32.405126],[35.07494,32.404944],[35.07315,32.405999],[35.072368,32.405943],[35.070764,32.404955],[35.070658,32.404164],[35.070848,32.403997],[35.070609,32.403582],[35.069974,32.402868],[35.069154,32.40244],[35.066125,32.404595],[35.066495,32.409033],[35.065578,32.409895],[35.064879,32.411041],[35.064423,32.411017],[35.063894,32.41064],[35.063714,32.410267],[35.062331,32.409235],[35.061731,32.408978],[35.06105,32.408972],[35.060337,32.409316],[35.057829,32.409253],[35.056757,32.412954],[35.056536,32.416375],[35.056347,32.416603],[35.056692,32.417061],[35.057774,32.417346],[35.058975,32.418349],[35.060781,32.418869],[35.061234,32.418138],[35.06191,32.417491],[35.061913,32.415939],[35.061453,32.414276],[35.061445,32.413335],[35.061755,32.412885]]],[[[35.1187,32.41139],[35.118205,32.408577],[35.117098,32.406646],[35.113992,32.404629],[35.112799,32.402775],[35.112327,32.400501],[35.112847,32.398087],[35.108089,32.398728],[35.105117,32.398564],[35.098827,32.396076],[35.096787,32.394738],[35.094182,32.394521],[35.089406,32.396098],[35.088064,32.395133],[35.088498,32.391735],[35.088749,32.391503],[35.088835,32.39046],[35.089622,32.387882],[35.086619,32.388381],[35.084391,32.38842],[35.082988,32.388049],[35.081784,32.386926],[35.077669,32.39024],[35.073697,32.392323],[35.072412,32.39268],[35.071141,32.393276],[35.071723,32.394327],[35.072536,32.394991],[35.073217,32.39621],[35.074143,32.396852],[35.075861,32.398477],[35.076939,32.396973],[35.078961,32.396827],[35.079954,32.397097],[35.08117,32.396768],[35.082421,32.396762],[35.083583,32.397169],[35.084494,32.397915],[35.084837,32.398644],[35.084901,32.399818],[35.086975,32.399648],[35.088591,32.400198],[35.08917,32.400855],[35.089467,32.402055],[35.089196,32.403013],[35.088425,32.404618],[35.090615,32.406615],[35.092532,32.406067],[35.09482,32.406217],[35.096477,32.405904],[35.097502,32.405992],[35.098793,32.406565],[35.09922,32.40699],[35.09966,32.407869],[35.099798,32.409497],[35.099448,32.410648],[35.098457,32.41161],[35.100043,32.412144],[35.102232,32.412507],[35.1022,32.412138],[35.103023,32.412155],[35.103575,32.412505],[35.103605,32.41275],[35.102941,32.413819],[35.103058,32.414202],[35.104459,32.41411],[35.105525,32.41477],[35.106978,32.414599],[35.108684,32.413063],[35.110719,32.411848],[35.111103,32.411822],[35.111631,32.412088],[35.112465,32.412044],[35.113656,32.411613],[35.114845,32.412424],[35.115859,32.412848],[35.116302,32.412835],[35.117957,32.412377],[35.118534,32.411911],[35.1187,32.41139]]],[[[35.205035,32.41197],[35.203966,32.412342],[35.201287,32.413877],[35.203499,32.413507],[35.205035,32.41197]]],[[[35.097553,32.408192],[35.097239,32.407781],[35.096927,32.40771],[35.09454,32.408186],[35.092895,32.407884],[35.091099,32.408343],[35.090592,32.408716],[35.09101,32.409128],[35.091829,32.411017],[35.092309,32.41104],[35.093544,32.410668],[35.097248,32.410107],[35.09764,32.409514],[35.097553,32.408192]]],[[[35.214391,32.407246],[35.213142,32.408414],[35.211251,32.4093],[35.210683,32.409921],[35.210508,32.410375],[35.212376,32.410492],[35.21274,32.410673],[35.214245,32.41045],[35.214323,32.409075],[35.214708,32.407506],[35.214391,32.407246]]],[[[35.086734,32.403769],[35.08679,32.403016],[35.087213,32.402136],[35.086918,32.401549],[35.086456,32.401481],[35.085243,32.401791],[35.084063,32.401594],[35.082668,32.402137],[35.082275,32.40195],[35.082206,32.401412],[35.082552,32.400793],[35.082801,32.39904],[35.082026,32.398519],[35.081417,32.398522],[35.079872,32.398949],[35.079238,32.398966],[35.078685,32.398595],[35.078082,32.398728],[35.078159,32.399977],[35.077561,32.400286],[35.07747,32.400574],[35.077995,32.401106],[35.077965,32.402055],[35.07835,32.402469],[35.080043,32.403352],[35.082579,32.403428],[35.084441,32.404042],[35.085285,32.404124],[35.085865,32.40444],[35.086734,32.403769]]],[[[35.212009,32.397404],[35.211338,32.396167],[35.211133,32.395219],[35.210967,32.390203],[35.211286,32.387248],[35.208078,32.384191],[35.20762,32.383654],[35.207346,32.382935],[35.207693,32.382294],[35.207853,32.38127],[35.208222,32.380433],[35.208799,32.379671],[35.209817,32.378771],[35.209007,32.376953],[35.208841,32.376245],[35.208778,32.37496],[35.209046,32.372482],[35.208575,32.369109],[35.207436,32.365678],[35.205517,32.363384],[35.203425,32.36161],[35.202577,32.360059],[35.202375,32.358321],[35.201026,32.35736],[35.200693,32.358293],[35.20111,32.359836],[35.201111,32.360392],[35.200233,32.361829],[35.200038,32.363083],[35.200202,32.364439],[35.20092,32.365715],[35.201028,32.366771],[35.200227,32.368571],[35.199862,32.369803],[35.19916,32.370566],[35.198918,32.373149],[35.199108,32.374512],[35.199658,32.375775],[35.200406,32.376794],[35.202105,32.378497],[35.202149,32.380781],[35.201872,32.382986],[35.202968,32.386682],[35.203083,32.387785],[35.202917,32.38976],[35.202263,32.391603],[35.201791,32.394116],[35.201665,32.397417],[35.202258,32.398589],[35.203551,32.399043],[35.205282,32.400642],[35.206846,32.3998],[35.209402,32.396802],[35.212009,32.397404]]],[[[35.325688,32.393037],[35.330232,32.396278],[35.332938,32.398619],[35.336348,32.397609],[35.329867,32.391748],[35.325688,32.393037]]],[[[35.313765,32.392528],[35.31211,32.391946],[35.310683,32.391178],[35.307922,32.392388],[35.307328,32.393518],[35.307509,32.395425],[35.307833,32.395388],[35.308077,32.394488],[35.308503,32.393852],[35.309937,32.392756],[35.310886,32.392423],[35.313192,32.392772],[35.313688,32.392753],[35.313765,32.392528]]],[[[35.47916,32.391381],[35.481968,32.391446],[35.483528,32.391298],[35.484258,32.390538],[35.484979,32.389091],[35.486081,32.387792],[35.48618,32.387057],[35.485955,32.386406],[35.485524,32.385953],[35.484634,32.385607],[35.483209,32.38467],[35.480276,32.383711],[35.477736,32.383264],[35.475593,32.383455],[35.47456,32.383889],[35.474198,32.384411],[35.474206,32.38588],[35.474456,32.386578],[35.475116,32.387476],[35.475093,32.388169],[35.474285,32.389204],[35.471518,32.391475],[35.471945,32.392392],[35.475329,32.392189],[35.476657,32.391591],[35.47916,32.391381]]],[[[35.052309,32.387583],[35.0526,32.387554],[35.053599,32.38801],[35.054213,32.387313],[35.055305,32.386522],[35.056329,32.387046],[35.057314,32.387848],[35.057964,32.388049],[35.059074,32.38793],[35.062129,32.38696],[35.062722,32.386988],[35.062772,32.387582],[35.063113,32.387582],[35.064004,32.387199],[35.064831,32.386066],[35.065541,32.386015],[35.066373,32.38564],[35.066931,32.385606],[35.067775,32.386099],[35.069711,32.385608],[35.070922,32.385592],[35.071568,32.385884],[35.071782,32.386824],[35.072253,32.386853],[35.072454,32.386656],[35.072643,32.385784],[35.074161,32.385543],[35.074634,32.385142],[35.07477,32.38463],[35.074545,32.38415],[35.073969,32.383946],[35.071275,32.384376],[35.067251,32.384365],[35.064707,32.384806],[35.062833,32.384865],[35.062242,32.384612],[35.061456,32.383676],[35.058245,32.383535],[35.058173,32.382955],[35.057546,32.38167],[35.05689,32.381673],[35.056091,32.382879],[35.055686,32.383049],[35.055168,32.382806],[35.055075,32.381882],[35.054674,32.381664],[35.054022,32.381662],[35.053607,32.381942],[35.05256,32.382026],[35.051156,32.381591],[35.050054,32.381485],[35.048818,32.381837],[35.048628,32.38305],[35.046397,32.384288],[35.046341,32.385196],[35.046999,32.386409],[35.047289,32.388005],[35.050471,32.389201],[35.050889,32.389022],[35.051514,32.388212],[35.052309,32.387583]]],[[[35.509575,32.37772],[35.507625,32.377992],[35.505749,32.378752],[35.504776,32.379783],[35.504363,32.380476],[35.50412,32.381302],[35.504141,32.382098],[35.505188,32.38286],[35.507435,32.384018],[35.509156,32.384642],[35.512059,32.384794],[35.512747,32.384641],[35.513763,32.38413],[35.514462,32.383353],[35.514704,32.382358],[35.51454,32.380957],[35.513961,32.379546],[35.513271,32.378801],[35.512359,32.378314],[35.510858,32.377878],[35.509575,32.37772]]],[[[35.084871,32.376691],[35.086518,32.375079],[35.087652,32.371938],[35.088941,32.369293],[35.089071,32.366313],[35.089373,32.365977],[35.089826,32.362956],[35.090704,32.360474],[35.091426,32.359335],[35.09225,32.35853],[35.092389,32.357247],[35.091799,32.354015],[35.091819,32.352899],[35.093271,32.350178],[35.093303,32.349356],[35.093009,32.349062],[35.09192,32.348658],[35.091574,32.348365],[35.09133,32.347466],[35.091224,32.345784],[35.090539,32.345061],[35.088468,32.34509],[35.087308,32.344861],[35.085106,32.343173],[35.0851,32.342885],[35.08574,32.342479],[35.088244,32.341854],[35.088554,32.341246],[35.088376,32.340879],[35.088078,32.340727],[35.086133,32.340492],[35.085178,32.339862],[35.083895,32.340264],[35.082716,32.340197],[35.079195,32.339016],[35.078307,32.338969],[35.077856,32.339135],[35.077519,32.339617],[35.077198,32.340662],[35.076393,32.340633],[35.075336,32.340104],[35.074078,32.33984],[35.071654,32.340087],[35.065665,32.339498],[35.064547,32.340309],[35.064751,32.342758],[35.064502,32.343574],[35.064737,32.344782],[35.066093,32.348584],[35.065635,32.348837],[35.065672,32.349624],[35.06703,32.350635],[35.067576,32.351507],[35.068604,32.352506],[35.068906,32.353436],[35.068189,32.354862],[35.065151,32.358136],[35.063948,32.359579],[35.063653,32.360247],[35.063891,32.361932],[35.064594,32.362716],[35.065254,32.362788],[35.064883,32.363483],[35.064758,32.366583],[35.064294,32.368688],[35.06449,32.370852],[35.06514,32.3734],[35.064309,32.373461],[35.063178,32.372717],[35.062547,32.372607],[35.063076,32.374305],[35.061813,32.375081],[35.061194,32.376263],[35.062361,32.376359],[35.064097,32.376024],[35.063761,32.378094],[35.064937,32.378316],[35.06543,32.379588],[35.06525,32.379849],[35.066606,32.381582],[35.079088,32.382659],[35.079612,32.383375],[35.080442,32.380854],[35.084871,32.376691]]],[[[35.238502,32.355819],[35.237684,32.356638],[35.236711,32.359081],[35.23597,32.3596],[35.234449,32.359544],[35.23112,32.357745],[35.227469,32.354782],[35.226422,32.353658],[35.226042,32.352896],[35.22535,32.352083],[35.224506,32.350265],[35.223011,32.349538],[35.221492,32.34785],[35.220724,32.34753],[35.219113,32.34757],[35.21723,32.347012],[35.216953,32.346472],[35.216822,32.3456],[35.214994,32.343756],[35.214541,32.341498],[35.213658,32.340249],[35.213425,32.339381],[35.212016,32.338499],[35.210954,32.338723],[35.21022,32.339696],[35.210262,32.340399],[35.210612,32.340809],[35.209368,32.34262],[35.208557,32.342911],[35.206894,32.344896],[35.205647,32.345497],[35.205659,32.345998],[35.206359,32.346645],[35.208057,32.346852],[35.208159,32.347334],[35.20737,32.34851],[35.207421,32.349039],[35.208575,32.349936],[35.211278,32.351184],[35.210965,32.352433],[35.211217,32.353679],[35.211719,32.354345],[35.213264,32.354761],[35.213921,32.355432],[35.214913,32.355055],[35.214884,32.355919],[35.215936,32.356841],[35.217144,32.357176],[35.217589,32.357872],[35.216982,32.358603],[35.216909,32.358986],[35.217114,32.360063],[35.217519,32.361075],[35.218476,32.36113],[35.221036,32.360721],[35.222,32.361334],[35.222933,32.361487],[35.223475,32.361334],[35.224198,32.360772],[35.225433,32.361538],[35.226788,32.362074],[35.230944,32.362355],[35.235341,32.363478],[35.236832,32.364598],[35.2392,32.360279],[35.239886,32.358565],[35.238605,32.357329],[35.238502,32.355819]]],[[[35.195076,32.348623],[35.195732,32.350453],[35.197842,32.353189],[35.199008,32.354369],[35.200732,32.355482],[35.201206,32.354615],[35.200302,32.35342],[35.197862,32.351254],[35.196389,32.349324],[35.195076,32.348623]]],[[[35.224349,32.308675],[35.223797,32.308221],[35.223349,32.308081],[35.222691,32.308126],[35.221537,32.308556],[35.220042,32.308304],[35.218878,32.309061],[35.216945,32.309724],[35.215032,32.310771],[35.213234,32.311143],[35.210141,32.311107],[35.209302,32.313718],[35.208509,32.313732],[35.207935,32.314344],[35.207398,32.315207],[35.206794,32.316854],[35.20585,32.318102],[35.204212,32.317679],[35.19909,32.31771],[35.198529,32.318056],[35.197192,32.317283],[35.196728,32.316483],[35.19587,32.315566],[35.195529,32.315704],[35.193478,32.315732],[35.191631,32.314581],[35.190613,32.314418],[35.189798,32.313971],[35.18691,32.311975],[35.184966,32.313204],[35.18264,32.313971],[35.180406,32.315233],[35.180503,32.317133],[35.179039,32.318937],[35.180149,32.320615],[35.179029,32.321501],[35.1789,32.32189],[35.179208,32.322514],[35.180086,32.322896],[35.179989,32.323851],[35.180247,32.324985],[35.180923,32.325694],[35.181164,32.326838],[35.182044,32.326867],[35.181964,32.327585],[35.182705,32.329254],[35.182573,32.329491],[35.183673,32.330576],[35.185829,32.331194],[35.187942,32.332316],[35.189934,32.333096],[35.191369,32.333215],[35.192819,32.332727],[35.195488,32.329994],[35.197112,32.329961],[35.197737,32.329417],[35.198152,32.32866],[35.198652,32.328998],[35.199284,32.329081],[35.201906,32.328491],[35.203678,32.329684],[35.205526,32.329576],[35.206805,32.329112],[35.208091,32.329392],[35.208155,32.329874],[35.207992,32.330286],[35.208406,32.330294],[35.208503,32.330731],[35.209036,32.330663],[35.209664,32.331414],[35.21058,32.331845],[35.212982,32.332223],[35.214664,32.332272],[35.216976,32.332029],[35.220664,32.332429],[35.224472,32.333311],[35.227047,32.33415],[35.228381,32.334096],[35.230543,32.336152],[35.23224,32.335632],[35.233422,32.335472],[35.234851,32.335473],[35.23609,32.335836],[35.236451,32.336108],[35.237539,32.33758],[35.238224,32.338782],[35.24031,32.339882],[35.24221,32.339879],[35.243912,32.340417],[35.24424,32.341157],[35.243753,32.34308],[35.243714,32.344667],[35.243961,32.345149],[35.245167,32.346189],[35.24537,32.347415],[35.244877,32.348438],[35.244318,32.348969],[35.238366,32.352322],[35.241714,32.353094],[35.24435,32.353023],[35.245103,32.352868],[35.248315,32.351266],[35.251507,32.350265],[35.253729,32.347775],[35.25668,32.34696],[35.259086,32.345816],[35.259971,32.345031],[35.25986,32.343599],[35.259255,32.340849],[35.25964,32.338468],[35.259605,32.336383],[35.259028,32.3339],[35.258164,32.331693],[35.25743,32.330584],[35.256692,32.330258],[35.255216,32.330264],[35.254819,32.330698],[35.254568,32.330681],[35.254298,32.331398],[35.25351,32.331834],[35.251211,32.331698],[35.250558,32.331164],[35.252147,32.330041],[35.252398,32.329558],[35.252101,32.328241],[35.251147,32.326154],[35.250343,32.32542],[35.249247,32.324964],[35.247679,32.32484],[35.245804,32.324109],[35.244637,32.324097],[35.243325,32.324464],[35.241974,32.324431],[35.240305,32.323855],[35.236921,32.32355],[35.23478,32.323109],[35.233754,32.322675],[35.233138,32.322174],[35.232607,32.321155],[35.232212,32.31994],[35.232008,32.319749],[35.221377,32.315795],[35.221108,32.314534],[35.22229,32.311081],[35.224349,32.308675]]],[[[35.046865,32.346186],[35.048314,32.346127],[35.048821,32.347194],[35.049905,32.348373],[35.050369,32.349435],[35.051632,32.349486],[35.052486,32.35006],[35.053126,32.349569],[35.053385,32.348845],[35.052914,32.347516],[35.052864,32.346251],[35.054646,32.344948],[35.05635,32.34337],[35.05887,32.341838],[35.059478,32.340848],[35.059059,32.339982],[35.057108,32.340156],[35.055271,32.341263],[35.054998,32.341267],[35.051426,32.344425],[35.050078,32.345141],[35.048673,32.345422],[35.048306,32.345],[35.049396,32.343913],[35.049488,32.342747],[35.049116,32.341761],[35.047989,32.3421],[35.047069,32.342942],[35.046646,32.344083],[35.045202,32.344374],[35.045104,32.344678],[35.044451,32.345039],[35.043658,32.346093],[35.044199,32.347507],[35.044424,32.349993],[35.045232,32.350408],[35.045717,32.350489],[35.046366,32.349445],[35.046222,32.347533],[35.046865,32.346186]]],[[[35.166146,32.277388],[35.166439,32.278618],[35.167058,32.279508],[35.172773,32.284116],[35.173333,32.28472],[35.175097,32.288133],[35.175465,32.289952],[35.173886,32.296143],[35.170543,32.299438],[35.169217,32.30224],[35.169244,32.305348],[35.16675,32.309449],[35.166005,32.312544],[35.16579,32.317787],[35.167359,32.319565],[35.167062,32.320415],[35.16627,32.321538],[35.168315,32.324129],[35.169472,32.326658],[35.166788,32.331453],[35.167242,32.335009],[35.1695,32.33835],[35.169968,32.33875],[35.171846,32.339732],[35.17533,32.341049],[35.181894,32.34453],[35.184962,32.345708],[35.188754,32.346781],[35.192391,32.348592],[35.195076,32.348623],[35.195005,32.347298],[35.193956,32.346656],[35.192971,32.345664],[35.190225,32.344056],[35.189435,32.342694],[35.18817,32.342524],[35.18565,32.340494],[35.184526,32.340262],[35.181579,32.338524],[35.178197,32.337226],[35.176148,32.33555],[35.175384,32.334606],[35.174763,32.333515],[35.172599,32.327873],[35.171048,32.324516],[35.170062,32.321194],[35.169941,32.319238],[35.170043,32.318077],[35.170768,32.316475],[35.172476,32.313511],[35.17428,32.309336],[35.175045,32.308135],[35.173868,32.306061],[35.173452,32.303901],[35.175042,32.301784],[35.177198,32.300589],[35.178104,32.299135],[35.178742,32.295407],[35.180837,32.292476],[35.181171,32.291255],[35.180049,32.289309],[35.178577,32.284521],[35.175938,32.281583],[35.174709,32.280733],[35.171517,32.279856],[35.166146,32.277388]]],[[[35.406445,32.347082],[35.407015,32.346636],[35.407499,32.344555],[35.407392,32.343437],[35.406874,32.341901],[35.404402,32.3382],[35.403335,32.336982],[35.401904,32.338362],[35.40142,32.339352],[35.400874,32.341193],[35.400293,32.34232],[35.399459,32.345865],[35.398524,32.347514],[35.399398,32.347623],[35.39998,32.347402],[35.400756,32.346797],[35.40163,32.346823],[35.402959,32.34781],[35.406445,32.347082]]],[[[35.045384,32.330849],[35.04487,32.330796],[35.044497,32.330572],[35.043348,32.32863],[35.043436,32.327768],[35.044266,32.326584],[35.043954,32.326072],[35.042982,32.325245],[35.042716,32.32441],[35.042831,32.323986],[35.043765,32.322784],[35.039,32.3232],[35.036714,32.323616],[35.034477,32.324273],[35.033027,32.324778],[35.030347,32.326097],[35.028146,32.326656],[35.024498,32.328639],[35.027204,32.330081],[35.027647,32.331599],[35.02832,32.332195],[35.028239,32.333221],[35.027442,32.333936],[35.02736,32.334337],[35.028241,32.336491],[35.028514,32.338537],[35.029183,32.340295],[35.032356,32.34052],[35.036167,32.341116],[35.037259,32.341098],[35.039373,32.340592],[35.041224,32.340417],[35.04194,32.339882],[35.043169,32.339773],[35.0442,32.339256],[35.045438,32.3371],[35.046274,32.334066],[35.04637,32.332765],[35.045617,32.332129],[35.045384,32.330849]]],[[[35.132492,32.29744],[35.128393,32.298901],[35.127808,32.298678],[35.127094,32.297896],[35.125812,32.297194],[35.125342,32.29719],[35.124653,32.297491],[35.119468,32.294894],[35.11846,32.29413],[35.11818,32.29352],[35.11785,32.289163],[35.117242,32.288678],[35.115658,32.288403],[35.111115,32.28843],[35.110309,32.288021],[35.109265,32.287133],[35.108133,32.2867],[35.107129,32.286627],[35.105542,32.286906],[35.104293,32.285756],[35.102915,32.285176],[35.101229,32.28491],[35.099675,32.285545],[35.097447,32.287755],[35.096363,32.288234],[35.094934,32.288585],[35.094185,32.288977],[35.093528,32.290239],[35.09229,32.291457],[35.090314,32.292098],[35.089533,32.292756],[35.087812,32.292712],[35.08736,32.292853],[35.087036,32.293606],[35.086643,32.292563],[35.086272,32.292304],[35.085726,32.292228],[35.083751,32.292496],[35.082534,32.291852],[35.080543,32.291731],[35.079393,32.29114],[35.078614,32.290059],[35.077893,32.289857],[35.077455,32.289986],[35.07691,32.290445],[35.076926,32.291],[35.07644,32.291702],[35.075772,32.292133],[35.074679,32.292522],[35.073945,32.293065],[35.074243,32.293187],[35.074331,32.293573],[35.073636,32.294068],[35.073533,32.294316],[35.073658,32.294712],[35.073999,32.295007],[35.075362,32.295446],[35.075851,32.29579],[35.077346,32.297933],[35.077661,32.298664],[35.076868,32.300053],[35.074089,32.302284],[35.071438,32.303556],[35.071319,32.303968],[35.070924,32.30412],[35.070637,32.304619],[35.069955,32.305111],[35.069969,32.305273],[35.070253,32.306386],[35.070785,32.307161],[35.072743,32.308321],[35.07412,32.308892],[35.074661,32.309342],[35.075806,32.310879],[35.076425,32.312232],[35.077457,32.313228],[35.079365,32.315606],[35.080005,32.317456],[35.080065,32.321279],[35.080576,32.325043],[35.081953,32.326824],[35.084254,32.328259],[35.086236,32.329031],[35.087255,32.329267],[35.088311,32.329928],[35.088806,32.331369],[35.088298,32.332352],[35.088031,32.333329],[35.092622,32.335788],[35.095909,32.336972],[35.097586,32.337],[35.097196,32.335962],[35.096164,32.334387],[35.095268,32.332205],[35.094919,32.328167],[35.096026,32.327218],[35.098702,32.326084],[35.10245,32.323535],[35.102112,32.322232],[35.101321,32.321236],[35.100231,32.320615],[35.096659,32.319304],[35.094046,32.318574],[35.0928,32.318394],[35.090935,32.317517],[35.090168,32.316545],[35.092616,32.311535],[35.093801,32.306643],[35.094404,32.305517],[35.095201,32.303274],[35.096036,32.299782],[35.097249,32.297284],[35.101648,32.293735],[35.105816,32.291478],[35.107016,32.290276],[35.108393,32.289302],[35.110153,32.289446],[35.110367,32.291345],[35.11028,32.29375],[35.110576,32.295047],[35.111239,32.296458],[35.114628,32.297639],[35.117518,32.298],[35.118227,32.300215],[35.11941,32.301009],[35.123337,32.301186],[35.125033,32.301595],[35.126771,32.302614],[35.128748,32.303214],[35.129855,32.303386],[35.131525,32.302645],[35.132054,32.302117],[35.13238,32.299859],[35.132492,32.29744]]],[[[35.225995,32.303781],[35.224766,32.304868],[35.224472,32.305354],[35.224308,32.306966],[35.224631,32.30746],[35.225305,32.307831],[35.224349,32.308675],[35.225581,32.308887],[35.225756,32.308342],[35.225995,32.303781]]],[[[35.206807,32.30192],[35.205721,32.298288],[35.203718,32.294267],[35.20301,32.288977],[35.204006,32.287262],[35.206043,32.284893],[35.20697,32.283029],[35.207178,32.281407],[35.206606,32.278634],[35.20622,32.27202],[35.2067,32.269771],[35.207494,32.268457],[35.207638,32.267834],[35.207963,32.267618],[35.207963,32.266575],[35.208308,32.264635],[35.208761,32.263965],[35.209695,32.263176],[35.21068,32.262711],[35.21189,32.262995],[35.215204,32.264441],[35.216261,32.265361],[35.21809,32.265826],[35.219086,32.26582],[35.221171,32.265326],[35.222746,32.264502],[35.225025,32.264943],[35.226657,32.264052],[35.22812,32.262871],[35.229928,32.262156],[35.231893,32.260786],[35.233619,32.26044],[35.23413,32.260073],[35.234928,32.260183],[35.238429,32.25855],[35.240901,32.258643],[35.243105,32.257607],[35.247321,32.255075],[35.250367,32.255031],[35.251036,32.255225],[35.251661,32.255671],[35.253122,32.255258],[35.253903,32.25535],[35.256123,32.256574],[35.257278,32.258716],[35.257549,32.258859],[35.258229,32.258855],[35.259084,32.259195],[35.260045,32.259006],[35.26199,32.257992],[35.267833,32.256646],[35.2695,32.256455],[35.272596,32.256465],[35.274145,32.257212],[35.275268,32.255571],[35.276331,32.25466],[35.277098,32.254191],[35.277312,32.254311],[35.279027,32.25406],[35.279323,32.253165],[35.280503,32.251687],[35.281057,32.251422],[35.280661,32.25043],[35.280531,32.248424],[35.280726,32.247139],[35.281249,32.2457],[35.2826,32.244573],[35.284328,32.244008],[35.28572,32.243951],[35.286877,32.244106],[35.288237,32.244464],[35.288992,32.245003],[35.28961,32.245216],[35.291898,32.245734],[35.293246,32.245131],[35.294681,32.245241],[35.295447,32.245524],[35.296674,32.246366],[35.297545,32.247259],[35.298316,32.248501],[35.298232,32.249949],[35.298343,32.250684],[35.298704,32.251322],[35.299096,32.251469],[35.299225,32.25295],[35.299459,32.253599],[35.300246,32.254813],[35.301151,32.255784],[35.30159,32.257882],[35.304219,32.257897],[35.306418,32.258968],[35.307478,32.259735],[35.308345,32.260551],[35.308875,32.262944],[35.309386,32.263721],[35.30978,32.264873],[35.310743,32.265838],[35.311715,32.266187],[35.313069,32.265465],[35.314646,32.267177],[35.317411,32.267517],[35.327272,32.266464],[35.332806,32.269173],[35.336034,32.270544],[35.337431,32.271364],[35.341245,32.272803],[35.34179,32.273342],[35.342446,32.273665],[35.342848,32.275842],[35.34532,32.27642],[35.351144,32.277151],[35.357573,32.27574],[35.36812,32.274615],[35.37514,32.274214],[35.384279,32.273355],[35.3913,32.273383],[35.393433,32.272867],[35.395668,32.273311],[35.39784,32.276695],[35.398452,32.279561],[35.397552,32.292349],[35.3995,32.291564],[35.411745,32.288128],[35.413662,32.287456],[35.42071,32.284199],[35.426007,32.282383],[35.43624,32.27833],[35.442798,32.275177],[35.448249,32.272267],[35.447546,32.27171],[35.445477,32.270756],[35.444282,32.270479],[35.4415,32.263625],[35.441042,32.262975],[35.4395,32.261481],[35.439993,32.261039],[35.440258,32.259825],[35.440062,32.259147],[35.439357,32.258269],[35.437908,32.25817],[35.436935,32.258421],[35.436209,32.258927],[35.435862,32.259949],[35.434585,32.261336],[35.432606,32.262019],[35.43015,32.263219],[35.427953,32.264014],[35.427316,32.264775],[35.426921,32.266207],[35.425463,32.267964],[35.424866,32.269274],[35.424347,32.269591],[35.422227,32.269528],[35.421802,32.2691],[35.421089,32.267729],[35.419943,32.268276],[35.419493,32.269667],[35.415816,32.270819],[35.412687,32.268621],[35.411911,32.267603],[35.412454,32.266738],[35.413683,32.266104],[35.413335,32.264234],[35.413043,32.263792],[35.413065,32.263315],[35.412147,32.26292],[35.411395,32.262868],[35.4109,32.263029],[35.409201,32.264202],[35.407977,32.264336],[35.407038,32.264234],[35.406205,32.264623],[35.40598,32.264076],[35.407187,32.262101],[35.407068,32.258776],[35.407167,32.257605],[35.407706,32.257297],[35.408145,32.256804],[35.409181,32.256537],[35.410729,32.257009],[35.412173,32.256753],[35.413436,32.256148],[35.414397,32.255948],[35.416447,32.254573],[35.41755,32.254648],[35.419026,32.255174],[35.419633,32.25509],[35.419988,32.254812],[35.420359,32.253831],[35.420728,32.253357],[35.422994,32.252355],[35.423621,32.251064],[35.424293,32.250219],[35.426512,32.248162],[35.426727,32.24761],[35.426783,32.246628],[35.426427,32.245046],[35.425725,32.243985],[35.425396,32.243129],[35.424477,32.24222],[35.424602,32.241722],[35.423515,32.240711],[35.423521,32.239686],[35.425321,32.237967],[35.425715,32.236904],[35.425185,32.235269],[35.425047,32.233324],[35.42482,32.232955],[35.424263,32.232682],[35.421605,32.232545],[35.419997,32.23295],[35.419286,32.233715],[35.418573,32.233815],[35.418426,32.231494],[35.418481,32.231043],[35.418955,32.230943],[35.418796,32.230163],[35.417167,32.229607],[35.418248,32.227996],[35.417226,32.227115],[35.416731,32.226472],[35.415696,32.225789],[35.415322,32.225245],[35.415123,32.224589],[35.41512,32.223657],[35.415596,32.22191],[35.415356,32.221562],[35.41599,32.220519],[35.415771,32.218594],[35.414805,32.21699],[35.414175,32.21648],[35.414166,32.215554],[35.413037,32.214127],[35.412553,32.214012],[35.409452,32.214512],[35.407262,32.214221],[35.406292,32.213597],[35.405311,32.213858],[35.402875,32.212638],[35.398928,32.211003],[35.39754,32.210624],[35.396987,32.20991],[35.396691,32.208971],[35.395425,32.207826],[35.394845,32.20777],[35.392667,32.20814],[35.390332,32.206836],[35.388858,32.206952],[35.387723,32.207281],[35.3859,32.206935],[35.38238,32.207534],[35.379601,32.207638],[35.378778,32.207915],[35.379486,32.207961],[35.380484,32.208503],[35.381974,32.210237],[35.38179,32.210875],[35.381405,32.21135],[35.381087,32.211642],[35.380089,32.211863],[35.376279,32.214004],[35.374846,32.216592],[35.373528,32.217543],[35.372603,32.217831],[35.372262,32.218877],[35.371691,32.219484],[35.368348,32.221356],[35.365466,32.221732],[35.360926,32.224883],[35.359634,32.226464],[35.358269,32.227388],[35.356109,32.230064],[35.353521,32.23207],[35.351405,32.233079],[35.350397,32.237684],[35.345248,32.24143],[35.338441,32.244881],[35.332261,32.249002],[35.331539,32.24933],[35.328891,32.249775],[35.323948,32.250011],[35.320922,32.249925],[35.319162,32.250842],[35.318528,32.251569],[35.317778,32.251475],[35.316142,32.250277],[35.314947,32.247705],[35.314081,32.247054],[35.312998,32.246513],[35.312052,32.24645],[35.313405,32.243327],[35.31478,32.242084],[35.315061,32.241594],[35.314922,32.239212],[35.314498,32.237037],[35.314583,32.23557],[35.314954,32.234508],[35.31618,32.232162],[35.316624,32.230131],[35.31763,32.228602],[35.317977,32.227432],[35.317983,32.226328],[35.317652,32.226178],[35.316851,32.225221],[35.316749,32.22484],[35.317411,32.223963],[35.318901,32.222531],[35.321651,32.220854],[35.325356,32.220798],[35.326468,32.220329],[35.326848,32.219787],[35.327167,32.218883],[35.326986,32.217367],[35.327779,32.217979],[35.329363,32.217075],[35.331075,32.215652],[35.33259,32.213594],[35.333383,32.211796],[35.334306,32.211484],[35.334517,32.21098],[35.33517,32.210382],[35.33698,32.21011],[35.337688,32.209657],[35.337174,32.209096],[35.338465,32.208799],[35.338517,32.207188],[35.338744,32.206276],[35.338632,32.205437],[35.336897,32.2049],[35.335392,32.20404],[35.335044,32.204011],[35.333856,32.204274],[35.332884,32.204926],[35.329494,32.206593],[35.3278,32.207149],[35.326277,32.207242],[35.324542,32.207769],[35.323334,32.208434],[35.322124,32.208141],[35.319851,32.208073],[35.3186,32.207649],[35.317707,32.207138],[35.316584,32.20605],[35.316365,32.2055],[35.315726,32.204711],[35.314164,32.204044],[35.313292,32.203346],[35.312722,32.202589],[35.312345,32.201728],[35.312218,32.199942],[35.310453,32.200972],[35.308476,32.202514],[35.308085,32.205492],[35.305034,32.207337],[35.299507,32.207683],[35.296342,32.20841],[35.298289,32.21173],[35.29984,32.215798],[35.302686,32.221615],[35.303193,32.222295],[35.303115,32.222952],[35.302201,32.224223],[35.301763,32.22532],[35.300651,32.225934],[35.299183,32.225922],[35.297718,32.226252],[35.295858,32.227151],[35.293789,32.227665],[35.293487,32.227596],[35.292759,32.226541],[35.292491,32.226388],[35.289684,32.226103],[35.288921,32.225641],[35.288634,32.225688],[35.288637,32.226068],[35.289753,32.227665],[35.289981,32.229211],[35.290199,32.229373],[35.289207,32.230252],[35.288721,32.230903],[35.289965,32.232271],[35.290665,32.233636],[35.291111,32.236389],[35.287059,32.237107],[35.285858,32.237706],[35.284967,32.236823],[35.282372,32.236975],[35.281695,32.237322],[35.280798,32.239788],[35.279998,32.240972],[35.277785,32.2427],[35.277164,32.242711],[35.276649,32.242405],[35.275911,32.241649],[35.275931,32.241081],[35.272369,32.241087],[35.271409,32.240902],[35.270398,32.240482],[35.269078,32.240875],[35.268705,32.241593],[35.267762,32.241857],[35.266993,32.242524],[35.264887,32.243242],[35.264232,32.243976],[35.263516,32.244075],[35.262541,32.244523],[35.261756,32.244616],[35.261071,32.245142],[35.257036,32.245201],[35.254688,32.246553],[35.254578,32.246991],[35.250582,32.247183],[35.249468,32.247991],[35.247344,32.248632],[35.246024,32.248251],[35.241871,32.248868],[35.24012,32.248598],[35.238797,32.248139],[35.237709,32.248197],[35.237095,32.248576],[35.237011,32.249111],[35.237178,32.250281],[35.236825,32.250859],[35.234732,32.251265],[35.232799,32.252787],[35.227857,32.254178],[35.227343,32.255131],[35.226838,32.255525],[35.2243,32.255854],[35.222845,32.256684],[35.222052,32.256924],[35.219268,32.255679],[35.218493,32.255719],[35.217466,32.256312],[35.216976,32.256344],[35.214722,32.255649],[35.21227,32.255404],[35.211332,32.255022],[35.212069,32.253124],[35.211549,32.252112],[35.211522,32.250935],[35.210021,32.250325],[35.208704,32.250379],[35.207416,32.251207],[35.206171,32.251623],[35.204359,32.251821],[35.203235,32.251652],[35.202264,32.251998],[35.201933,32.25303],[35.201836,32.255731],[35.201221,32.2565],[35.200991,32.25747],[35.198991,32.258109],[35.196029,32.259688],[35.194771,32.259775],[35.194754,32.260126],[35.194446,32.260301],[35.194592,32.262075],[35.194135,32.26271],[35.194426,32.26331],[35.193919,32.263879],[35.193168,32.265821],[35.192642,32.26653],[35.191642,32.267177],[35.191222,32.267829],[35.190977,32.268311],[35.19097,32.269617],[35.190639,32.26972],[35.188862,32.271159],[35.19197,32.274178],[35.1924,32.276269],[35.192309,32.278964],[35.189787,32.283255],[35.189314,32.283615],[35.187504,32.284378],[35.187129,32.284393],[35.187126,32.284979],[35.188588,32.286413],[35.189759,32.28805],[35.190256,32.289016],[35.190427,32.289786],[35.190421,32.291766],[35.190196,32.29364],[35.19148,32.294621],[35.191188,32.296576],[35.191347,32.297005],[35.192293,32.298215],[35.192286,32.298639],[35.190211,32.298412],[35.190233,32.299318],[35.189306,32.299481],[35.188968,32.300004],[35.186176,32.29938],[35.185061,32.300335],[35.184286,32.302913],[35.184028,32.30425],[35.184079,32.304937],[35.186342,32.304332],[35.189796,32.304191],[35.192681,32.303624],[35.196257,32.304063],[35.197221,32.303773],[35.197244,32.303319],[35.198345,32.303136],[35.20016,32.302518],[35.204636,32.302574],[35.206807,32.30192]]],[[[35.207354,32.302825],[35.207769,32.303545],[35.210644,32.303276],[35.211725,32.302839],[35.213287,32.301599],[35.215421,32.301475],[35.215829,32.301258],[35.21623,32.300684],[35.21653,32.300611],[35.217381,32.300945],[35.218951,32.30227],[35.222151,32.302226],[35.224381,32.302628],[35.225501,32.302612],[35.225803,32.30292],[35.225995,32.303781],[35.227071,32.303023],[35.228286,32.301173],[35.227476,32.300171],[35.226933,32.300111],[35.226148,32.299613],[35.219608,32.30047],[35.214262,32.300133],[35.210435,32.300923],[35.207354,32.302825]]],[[[35.037415,32.302581],[35.037573,32.302223],[35.036975,32.301166],[35.036964,32.300215],[35.036475,32.299018],[35.03654,32.298493],[35.036937,32.297655],[35.036911,32.297009],[35.035221,32.294693],[35.033151,32.295533],[35.028574,32.296884],[35.026908,32.295195],[35.026671,32.293811],[35.026172,32.292832],[35.024855,32.291408],[35.024148,32.290987],[35.022564,32.290702],[35.021441,32.290675],[35.019985,32.29087],[35.018691,32.29131],[35.016214,32.292883],[35.01633,32.293747],[35.016163,32.294279],[35.01545,32.294931],[35.014612,32.295281],[35.014728,32.29908],[35.015684,32.300683],[35.016687,32.301846],[35.017358,32.303517],[35.018855,32.30273],[35.020615,32.302537],[35.023123,32.301304],[35.02528,32.299926],[35.028473,32.299146],[35.029036,32.299145],[35.029371,32.30055],[35.030338,32.300971],[35.030584,32.301335],[35.030965,32.302233],[35.030938,32.3031],[35.037415,32.302581]]],[[[35.05134,32.29185],[35.050095,32.29072],[35.049043,32.290845],[35.048638,32.293],[35.048716,32.29339],[35.049065,32.293637],[35.050731,32.293914],[35.051554,32.293267],[35.05134,32.29185]]],[[[35.043108,32.289895],[35.043648,32.289553],[35.044648,32.289815],[35.045166,32.288212],[35.045948,32.287776],[35.046693,32.287066],[35.049159,32.28655],[35.051533,32.286403],[35.051916,32.286148],[35.052116,32.28531],[35.051954,32.284451],[35.052355,32.284402],[35.052592,32.284861],[35.052862,32.284934],[35.053039,32.284227],[35.052839,32.28391],[35.050073,32.28457],[35.046167,32.284836],[35.044396,32.285828],[35.043357,32.285656],[35.042489,32.286232],[35.041694,32.287028],[35.038701,32.291319],[35.039391,32.29219],[35.040264,32.292303],[35.041712,32.29144],[35.043108,32.289895]]],[[[35.033473,32.289627],[35.033077,32.288558],[35.03286,32.288374],[35.030922,32.287993],[35.02875,32.288032],[35.027235,32.287294],[35.026721,32.28668],[35.026318,32.285079],[35.025857,32.283958],[35.024121,32.284071],[35.022754,32.283654],[35.022289,32.284116],[35.021419,32.284157],[35.020372,32.284467],[35.019307,32.288341],[35.021038,32.288807],[35.0224,32.28968],[35.023659,32.289118],[35.024912,32.289085],[35.025618,32.290208],[35.027219,32.291107],[35.028755,32.29115],[35.030745,32.290892],[35.031411,32.290269],[35.032645,32.290136],[35.033473,32.289627]]],[[[35.159751,32.277215],[35.159377,32.27719],[35.156542,32.278511],[35.153994,32.278561],[35.15116,32.279264],[35.148603,32.28078],[35.147764,32.281502],[35.147174,32.282275],[35.147135,32.282879],[35.149046,32.281826],[35.153936,32.280221],[35.158327,32.278511],[35.159751,32.277215]]],[[[35.080478,32.279185],[35.082172,32.278551],[35.08464,32.277171],[35.08644,32.277537],[35.086911,32.277795],[35.087404,32.27725],[35.086934,32.276078],[35.087967,32.274255],[35.087863,32.273398],[35.086814,32.27295],[35.086147,32.272222],[35.084404,32.272179],[35.081497,32.273979],[35.081557,32.274765],[35.080897,32.275438],[35.081042,32.27621],[35.080889,32.277003],[35.079736,32.277081],[35.076863,32.277856],[35.075819,32.278309],[35.077005,32.279185],[35.080478,32.279185]]],[[[35.139684,32.278427],[35.143055,32.278653],[35.144079,32.277416],[35.14487,32.2768],[35.145482,32.273145],[35.145863,32.272553],[35.14799,32.270548],[35.14996,32.269118],[35.1518,32.268023],[35.155541,32.266163],[35.156766,32.26515],[35.15786,32.263959],[35.15994,32.263454],[35.161781,32.262376],[35.162899,32.260019],[35.16284,32.259189],[35.163556,32.25859],[35.16329,32.256369],[35.160887,32.252296],[35.161639,32.251266],[35.161738,32.250131],[35.160569,32.247045],[35.16026,32.245274],[35.159361,32.245068],[35.157614,32.245157],[35.157332,32.244797],[35.157086,32.244015],[35.157135,32.241881],[35.15744,32.241382],[35.157847,32.241145],[35.158312,32.241094],[35.158895,32.241301],[35.159689,32.241954],[35.160109,32.242636],[35.160449,32.242891],[35.160925,32.242933],[35.161448,32.242622],[35.161839,32.241375],[35.161313,32.240714],[35.160924,32.239807],[35.158775,32.239029],[35.157788,32.238074],[35.156459,32.2375],[35.155382,32.237564],[35.15323,32.238383],[35.149037,32.238796],[35.147419,32.239097],[35.146507,32.238983],[35.144562,32.238398],[35.142902,32.237675],[35.142873,32.237053],[35.143064,32.236462],[35.144423,32.234465],[35.144425,32.233918],[35.143996,32.232427],[35.145756,32.231025],[35.145851,32.230772],[35.145739,32.230392],[35.144451,32.229746],[35.14626,32.227218],[35.146737,32.227243],[35.148421,32.225315],[35.153011,32.222274],[35.15326,32.221898],[35.153274,32.221048],[35.152786,32.220186],[35.152061,32.21938],[35.151873,32.218151],[35.149882,32.217983],[35.149012,32.21901],[35.149041,32.219398],[35.148011,32.21955],[35.147743,32.219216],[35.147185,32.219075],[35.146269,32.217717],[35.145633,32.217694],[35.145299,32.217885],[35.144732,32.217439],[35.143582,32.217526],[35.143456,32.218085],[35.141474,32.217511],[35.140219,32.218241],[35.139025,32.216133],[35.138406,32.213913],[35.137766,32.213469],[35.136958,32.213512],[35.135961,32.214488],[35.134967,32.214488],[35.134223,32.214095],[35.133604,32.213144],[35.132776,32.21255],[35.129999,32.211613],[35.12709,32.211307],[35.126669,32.211129],[35.124644,32.211247],[35.119986,32.20945],[35.119576,32.205568],[35.120487,32.203838],[35.120306,32.202913],[35.119192,32.202021],[35.115749,32.201791],[35.108218,32.202812],[35.105639,32.202538],[35.103156,32.20205],[35.09998,32.20198],[35.098073,32.201758],[35.094888,32.202463],[35.090823,32.202426],[35.089878,32.202155],[35.08832,32.20104],[35.084704,32.199743],[35.07954,32.197411],[35.074475,32.195359],[35.075368,32.19458],[35.077333,32.193955],[35.077821,32.193644],[35.079516,32.190751],[35.081716,32.190088],[35.083055,32.1902],[35.083807,32.190009],[35.084633,32.189439],[35.086194,32.186744],[35.086311,32.185777],[35.084713,32.18467],[35.083625,32.184418],[35.082432,32.184426],[35.081215,32.184838],[35.080459,32.18551],[35.079753,32.186611],[35.078653,32.187176],[35.076977,32.187753],[35.074247,32.188303],[35.071535,32.189382],[35.066648,32.190235],[35.061416,32.189801],[35.060546,32.18988],[35.059287,32.190985],[35.058512,32.19115],[35.056735,32.19207],[35.055507,32.19209],[35.053304,32.190678],[35.050837,32.19069],[35.048674,32.189322],[35.047522,32.189093],[35.04607,32.190418],[35.045527,32.191303],[35.045603,32.191692],[35.047019,32.192943],[35.046431,32.194151],[35.044465,32.194633],[35.04263,32.19433],[35.042307,32.193827],[35.042126,32.192793],[35.041785,32.192446],[35.042677,32.191719],[35.043327,32.191599],[35.043889,32.191247],[35.044382,32.190562],[35.04501,32.18912],[35.042692,32.187967],[35.041476,32.187567],[35.04035,32.187562],[35.039743,32.188282],[35.039858,32.189508],[35.039097,32.19004],[35.036598,32.19075],[35.03579,32.19119],[35.035482,32.191654],[35.03555,32.192725],[35.036439,32.193411],[35.037492,32.193827],[35.037334,32.194386],[35.038322,32.195078],[35.038682,32.195688],[35.038741,32.195954],[35.038385,32.197105],[35.038388,32.197968],[35.035962,32.19758],[35.033016,32.197637],[35.03273,32.197746],[35.032272,32.198398],[35.030742,32.199697],[35.027391,32.200037],[35.027329,32.201138],[35.026747,32.20135],[35.026751,32.202223],[35.028102,32.203796],[35.0285,32.203808],[35.02808,32.204585],[35.027379,32.205257],[35.030303,32.205858],[35.031467,32.206855],[35.032905,32.207182],[35.033024,32.208229],[35.033932,32.210567],[35.034502,32.212698],[35.034852,32.214759],[35.035637,32.216822],[35.036505,32.217851],[35.036905,32.219246],[35.037931,32.221336],[35.037966,32.221859],[35.038291,32.222165],[35.039948,32.222664],[35.04068,32.223716],[35.039204,32.224892],[35.038801,32.225854],[35.039703,32.227503],[35.040032,32.227594],[35.045623,32.2315],[35.047937,32.233457],[35.051134,32.234173],[35.053167,32.234435],[35.05745,32.234031],[35.061539,32.234045],[35.063647,32.235591],[35.06434,32.237174],[35.064461,32.237594],[35.064235,32.238084],[35.064171,32.239562],[35.057158,32.243147],[35.057275,32.244711],[35.058696,32.247872],[35.058702,32.24849],[35.057883,32.252277],[35.058934,32.256013],[35.059673,32.26111],[35.05894,32.263203],[35.056586,32.265132],[35.0534,32.266721],[35.053139,32.266662],[35.05286,32.266919],[35.053982,32.267908],[35.054086,32.268171],[35.053351,32.26976],[35.052714,32.270367],[35.052785,32.270776],[35.053209,32.271217],[35.055137,32.272121],[35.05587,32.272122],[35.05735,32.271731],[35.058656,32.270739],[35.059791,32.26908],[35.061704,32.267173],[35.063127,32.267013],[35.063757,32.267497],[35.064444,32.268949],[35.064739,32.270164],[35.065374,32.270685],[35.06618,32.270892],[35.066509,32.270607],[35.068004,32.267262],[35.068359,32.265644],[35.069245,32.265448],[35.070762,32.265434],[35.072262,32.265643],[35.073859,32.264744],[35.075163,32.264755],[35.077546,32.26427],[35.079276,32.263418],[35.081477,32.262752],[35.083308,32.261611],[35.084279,32.261381],[35.085128,32.261373],[35.086622,32.261826],[35.088435,32.262936],[35.090635,32.263106],[35.092811,32.262281],[35.09377,32.263095],[35.093581,32.263609],[35.09407,32.264132],[35.095129,32.264494],[35.101054,32.265022],[35.10217,32.264905],[35.104347,32.264358],[35.106024,32.265226],[35.107894,32.265731],[35.108493,32.266294],[35.109504,32.268134],[35.110719,32.268917],[35.111958,32.27036],[35.114609,32.270742],[35.116768,32.270232],[35.118058,32.270266],[35.118873,32.270628],[35.12026,32.271821],[35.122295,32.272112],[35.124233,32.273124],[35.126225,32.273549],[35.126854,32.274191],[35.127569,32.27623],[35.128512,32.277345],[35.129785,32.277565],[35.130913,32.277469],[35.132749,32.276392],[35.13328,32.276877],[35.134448,32.278833],[35.136577,32.278819],[35.139684,32.278427]]],[[[35.192573,32.257119],[35.193795,32.255965],[35.194208,32.254327],[35.193942,32.254006],[35.192531,32.253655],[35.193482,32.252563],[35.192871,32.25124],[35.192803,32.250297],[35.193134,32.24983],[35.194048,32.249467],[35.194398,32.249151],[35.194673,32.247824],[35.195221,32.24697],[35.194196,32.247646],[35.19338,32.248733],[35.190523,32.251629],[35.187653,32.253832],[35.18736,32.255719],[35.186909,32.256437],[35.18788,32.25853],[35.188633,32.259053],[35.188729,32.258062],[35.188616,32.257317],[35.188805,32.257119],[35.189171,32.257306],[35.189273,32.258084],[35.189838,32.259046],[35.190443,32.259193],[35.191005,32.259001],[35.191696,32.257632],[35.192573,32.257119]]],[[[35.204677,32.242985],[35.203207,32.241172],[35.202451,32.23953],[35.202151,32.238064],[35.202471,32.236515],[35.203676,32.234261],[35.204942,32.233008],[35.206128,32.230946],[35.207505,32.229604],[35.20893,32.227551],[35.209744,32.226065],[35.210371,32.225363],[35.211449,32.224563],[35.211414,32.223921],[35.209939,32.223515],[35.207106,32.223177],[35.205973,32.222261],[35.205019,32.222162],[35.204394,32.221916],[35.202622,32.220458],[35.201025,32.219633],[35.20009,32.219491],[35.198529,32.219747],[35.195408,32.219675],[35.194217,32.219328],[35.192005,32.218189],[35.194684,32.213533],[35.196699,32.21044],[35.196678,32.205798],[35.195571,32.203316],[35.196383,32.202488],[35.197792,32.201692],[35.200515,32.200614],[35.200559,32.199278],[35.20094,32.199053],[35.204847,32.197515],[35.206623,32.197104],[35.210815,32.196774],[35.216887,32.196731],[35.227515,32.197373],[35.231561,32.197855],[35.232622,32.198221],[35.233012,32.19847],[35.234699,32.2006],[35.236076,32.204431],[35.236156,32.206322],[35.236906,32.206332],[35.238371,32.20583],[35.240009,32.205887],[35.244272,32.208099],[35.247882,32.206947],[35.248508,32.206936],[35.250477,32.205924],[35.251859,32.204472],[35.251836,32.203674],[35.251322,32.202329],[35.249917,32.201906],[35.248644,32.201719],[35.246457,32.200845],[35.245963,32.200306],[35.245915,32.199604],[35.246279,32.198959],[35.247295,32.19784],[35.246743,32.196851],[35.24674,32.196469],[35.246958,32.195273],[35.247477,32.194129],[35.250133,32.191806],[35.251291,32.191368],[35.252362,32.190635],[35.253931,32.190097],[35.255525,32.189314],[35.256818,32.187891],[35.257503,32.184378],[35.257482,32.181584],[35.257876,32.179388],[35.25845,32.177497],[35.258774,32.177058],[35.259425,32.1766],[35.259639,32.175674],[35.259209,32.174804],[35.258215,32.173476],[35.256648,32.173218],[35.25418,32.175633],[35.250649,32.178741],[35.250233,32.177423],[35.248262,32.179059],[35.247357,32.179479],[35.245097,32.180126],[35.244821,32.180641],[35.242012,32.18065],[35.239028,32.180391],[35.232624,32.179339],[35.220464,32.175549],[35.219822,32.174805],[35.219862,32.174478],[35.218477,32.171874],[35.2187,32.16805],[35.221989,32.165931],[35.222741,32.165694],[35.224641,32.165518],[35.226433,32.164328],[35.227733,32.163779],[35.229286,32.162839],[35.230131,32.162643],[35.232485,32.162659],[35.23297,32.159922],[35.233607,32.158463],[35.234161,32.158124],[35.236343,32.157753],[35.240118,32.155993],[35.24114,32.155893],[35.24308,32.155301],[35.246878,32.15491],[35.248103,32.15395],[35.249216,32.153318],[35.251597,32.152542],[35.252583,32.152626],[35.253465,32.153104],[35.254515,32.154814],[35.255132,32.155414],[35.255721,32.155609],[35.256792,32.155622],[35.257541,32.158046],[35.258248,32.161821],[35.259955,32.163717],[35.263348,32.162086],[35.262789,32.160851],[35.263165,32.157609],[35.262798,32.156351],[35.262906,32.154827],[35.262277,32.153655],[35.261568,32.151047],[35.261494,32.148333],[35.261655,32.148024],[35.260971,32.146567],[35.260575,32.145193],[35.260115,32.145038],[35.259547,32.140551],[35.258503,32.139122],[35.257534,32.137074],[35.257437,32.13606],[35.257622,32.132967],[35.257439,32.132338],[35.256722,32.132452],[35.256368,32.133303],[35.256009,32.136667],[35.254759,32.137567],[35.252367,32.137895],[35.252228,32.132247],[35.251139,32.131211],[35.249834,32.130847],[35.24892,32.130782],[35.238865,32.130612],[35.236832,32.130262],[35.233634,32.130091],[35.229887,32.129974],[35.221355,32.130258],[35.220595,32.129591],[35.213843,32.126572],[35.20728,32.126978],[35.204635,32.125727],[35.202743,32.126397],[35.199796,32.12654],[35.196833,32.125741],[35.190155,32.123296],[35.183272,32.119893],[35.179653,32.11735],[35.177947,32.116504],[35.175798,32.115819],[35.174791,32.115713],[35.174326,32.114954],[35.17236,32.114016],[35.170681,32.114021],[35.165775,32.1147],[35.163389,32.11473],[35.163017,32.113497],[35.161838,32.111963],[35.158279,32.114574],[35.157378,32.115512],[35.15327,32.11649],[35.148243,32.115361],[35.148153,32.116736],[35.147998,32.117017],[35.147386,32.117583],[35.146237,32.118058],[35.144516,32.118365],[35.143898,32.11835],[35.143462,32.118042],[35.141759,32.118557],[35.140603,32.117993],[35.138702,32.11856],[35.138625,32.120164],[35.13755,32.122116],[35.136305,32.123409],[35.135227,32.12422],[35.13445,32.125205],[35.134227,32.12616],[35.133883,32.126733],[35.134122,32.129644],[35.133303,32.131286],[35.133715,32.132746],[35.135098,32.132799],[35.136733,32.134033],[35.136988,32.134474],[35.137305,32.138078],[35.13789,32.139615],[35.138301,32.140204],[35.140474,32.139892],[35.140925,32.139511],[35.141016,32.138536],[35.142381,32.138606],[35.143508,32.138981],[35.144095,32.139596],[35.144592,32.140554],[35.144632,32.141109],[35.143857,32.141771],[35.143952,32.142349],[35.14445,32.142641],[35.144689,32.143518],[35.145824,32.14424],[35.14641,32.14481],[35.146306,32.145066],[35.147238,32.146923],[35.148507,32.148023],[35.150347,32.148835],[35.152546,32.150466],[35.15357,32.152212],[35.155771,32.153148],[35.157573,32.155188],[35.158424,32.155733],[35.159818,32.156275],[35.160601,32.157073],[35.160227,32.157594],[35.158914,32.157855],[35.15838,32.158192],[35.158092,32.160153],[35.157735,32.160649],[35.156846,32.161326],[35.156642,32.161718],[35.156538,32.162292],[35.156853,32.162871],[35.157863,32.163756],[35.159255,32.164211],[35.15982,32.165221],[35.160325,32.165601],[35.163441,32.166319],[35.165778,32.165955],[35.166004,32.166299],[35.165629,32.168877],[35.16827,32.16976],[35.170607,32.170768],[35.171318,32.171537],[35.171613,32.172482],[35.171438,32.173631],[35.17118,32.174116],[35.170525,32.174497],[35.169739,32.174536],[35.16921,32.174236],[35.168438,32.173186],[35.167523,32.172628],[35.166582,32.172407],[35.164313,32.172456],[35.163569,32.172301],[35.161415,32.170728],[35.15918,32.169605],[35.158705,32.170262],[35.158381,32.170406],[35.158835,32.17195],[35.158989,32.173259],[35.158825,32.175371],[35.158518,32.176921],[35.15773,32.1786],[35.156789,32.17949],[35.156829,32.180022],[35.156455,32.180376],[35.154307,32.184332],[35.152664,32.188099],[35.152067,32.190207],[35.152687,32.191054],[35.153372,32.191169],[35.154674,32.190868],[35.155106,32.191811],[35.152567,32.194079],[35.152433,32.195206],[35.154256,32.196171],[35.155812,32.195735],[35.157,32.195215],[35.15827,32.19513],[35.159313,32.19539],[35.160314,32.196207],[35.161498,32.19665],[35.16284,32.196882],[35.163067,32.196534],[35.164773,32.196935],[35.166901,32.196826],[35.168196,32.19704],[35.170016,32.198004],[35.171297,32.199117],[35.171952,32.200523],[35.172911,32.201592],[35.173703,32.202006],[35.174493,32.201978],[35.175231,32.201697],[35.176343,32.200955],[35.177569,32.198963],[35.179606,32.197413],[35.180107,32.195827],[35.180247,32.193051],[35.181503,32.191427],[35.183896,32.189776],[35.188765,32.187039],[35.190331,32.18642],[35.197196,32.186071],[35.200804,32.186542],[35.201598,32.18676],[35.202626,32.18734],[35.203695,32.187335],[35.206096,32.186027],[35.211659,32.183821],[35.214372,32.183355],[35.216589,32.183419],[35.223411,32.184732],[35.226498,32.187691],[35.229528,32.190892],[35.228651,32.190762],[35.224839,32.189266],[35.221579,32.189072],[35.219128,32.189878],[35.21567,32.190554],[35.211014,32.191042],[35.202305,32.192359],[35.19985,32.193173],[35.19781,32.193327],[35.19453,32.196052],[35.193814,32.197024],[35.193512,32.19679],[35.192568,32.197112],[35.19104,32.198574],[35.190448,32.200536],[35.190096,32.203312],[35.189219,32.207224],[35.188975,32.20748],[35.188915,32.208286],[35.188298,32.209224],[35.187815,32.209259],[35.187185,32.21033],[35.186622,32.21026],[35.18624,32.210625],[35.186731,32.210921],[35.18635,32.211426],[35.186308,32.212274],[35.186828,32.212477],[35.186435,32.213041],[35.186372,32.213665],[35.185969,32.21389],[35.185059,32.215662],[35.18485,32.217513],[35.184557,32.217884],[35.180376,32.221037],[35.180221,32.225146],[35.178243,32.229772],[35.178691,32.234767],[35.179253,32.237304],[35.178742,32.238853],[35.17871,32.239816],[35.179486,32.242144],[35.179244,32.242971],[35.178197,32.244077],[35.178187,32.244887],[35.179213,32.245236],[35.180908,32.245055],[35.181767,32.246078],[35.18476,32.246323],[35.185771,32.246112],[35.18731,32.245118],[35.188196,32.244321],[35.189297,32.244252],[35.190623,32.244836],[35.191373,32.24561],[35.194343,32.246343],[35.195832,32.246292],[35.198089,32.244658],[35.199773,32.243996],[35.201816,32.244079],[35.203546,32.243193],[35.204677,32.242985]]],[[[35.42654,32.229008],[35.425879,32.228348],[35.425141,32.228545],[35.424567,32.229299],[35.424509,32.230011],[35.425204,32.23031],[35.424753,32.231945],[35.42521,32.23237],[35.427015,32.232574],[35.427706,32.231874],[35.427522,32.230546],[35.426239,32.229491],[35.42654,32.229008]]],[[[35.029117,32.230844],[35.028909,32.229741],[35.026259,32.227999],[35.025725,32.226738],[35.025537,32.224982],[35.024867,32.223814],[35.023354,32.222854],[35.022739,32.222995],[35.022167,32.223359],[35.021407,32.224491],[35.020786,32.226499],[35.021986,32.228358],[35.023357,32.229356],[35.024178,32.230729],[35.025033,32.230844],[35.026362,32.230752],[35.027441,32.231421],[35.027914,32.231531],[35.028833,32.231297],[35.029164,32.231015],[35.029117,32.230844]]],[[[35.171743,32.215985],[35.171519,32.215223],[35.17215,32.214807],[35.172384,32.214307],[35.172059,32.213305],[35.17303,32.212143],[35.172457,32.210897],[35.172298,32.209982],[35.171634,32.209841],[35.17105,32.209256],[35.16946,32.210514],[35.169371,32.211577],[35.168786,32.212069],[35.168756,32.213204],[35.168425,32.213596],[35.168355,32.214711],[35.16859,32.21548],[35.169019,32.215902],[35.171077,32.216601],[35.171759,32.21663],[35.171743,32.215985]]],[[[35.260698,32.210199],[35.260966,32.206854],[35.264091,32.206644],[35.265655,32.206321],[35.268534,32.205195],[35.271384,32.203754],[35.271821,32.202557],[35.271985,32.201126],[35.271959,32.199283],[35.271743,32.198935],[35.271038,32.198662],[35.269847,32.198951],[35.269314,32.199354],[35.268069,32.200964],[35.265577,32.202736],[35.262862,32.204063],[35.258961,32.205115],[35.257489,32.20586],[35.257304,32.205731],[35.255828,32.207001],[35.255124,32.207847],[35.256198,32.208726],[35.257105,32.209818],[35.257777,32.210216],[35.258637,32.210375],[35.260698,32.210199]]],[[[35.12761,32.208046],[35.128448,32.207699],[35.128809,32.207917],[35.131077,32.20789],[35.132365,32.207315],[35.133736,32.207303],[35.13443,32.206519],[35.135236,32.204583],[35.137025,32.203467],[35.137616,32.202583],[35.137582,32.201063],[35.137039,32.200066],[35.136891,32.199424],[35.137248,32.197052],[35.136636,32.196754],[35.133578,32.198339],[35.131508,32.198939],[35.129652,32.200321],[35.129499,32.20165],[35.128868,32.203466],[35.127116,32.205138],[35.125703,32.205814],[35.124584,32.206592],[35.124522,32.207362],[35.125593,32.20805],[35.12761,32.208046]]],[[[35.30215,32.189582],[35.300015,32.187391],[35.29942,32.187831],[35.29743,32.187065],[35.295696,32.187144],[35.293432,32.186744],[35.291531,32.186759],[35.289037,32.184305],[35.287914,32.1846],[35.286901,32.18527],[35.287567,32.186887],[35.287166,32.187244],[35.286976,32.188305],[35.287002,32.190867],[35.287303,32.191701],[35.288163,32.193008],[35.288746,32.193577],[35.298435,32.200389],[35.298484,32.199942],[35.300357,32.198157],[35.30165,32.197504],[35.303015,32.196398],[35.303473,32.19583],[35.304119,32.194423],[35.304704,32.192237],[35.30215,32.189582]]],[[[35.377978,32.195957],[35.378403,32.193782],[35.378231,32.192192],[35.378921,32.19141],[35.379386,32.188604],[35.380852,32.188012],[35.381847,32.1871],[35.382163,32.185892],[35.382715,32.185315],[35.385654,32.183477],[35.386035,32.182114],[35.387432,32.180113],[35.387661,32.179464],[35.387416,32.176958],[35.386632,32.175588],[35.385724,32.174497],[35.384894,32.172905],[35.385325,32.171185],[35.386386,32.170007],[35.386408,32.168839],[35.386186,32.167469],[35.385831,32.166669],[35.385206,32.165979],[35.383837,32.164922],[35.383647,32.163288],[35.384139,32.160954],[35.38404,32.159775],[35.383149,32.159019],[35.381794,32.158509],[35.38107,32.158502],[35.38015,32.159238],[35.379664,32.160028],[35.378887,32.162031],[35.37662,32.162136],[35.374959,32.164539],[35.374644,32.16543],[35.373818,32.165764],[35.37188,32.167627],[35.369744,32.168879],[35.366917,32.169809],[35.365202,32.170922],[35.361758,32.172147],[35.360471,32.172418],[35.35926,32.172421],[35.357615,32.171716],[35.355317,32.171779],[35.353186,32.170999],[35.348904,32.170281],[35.347198,32.170706],[35.346529,32.170707],[35.344442,32.170005],[35.340608,32.169321],[35.338973,32.169856],[35.337435,32.169995],[35.336482,32.170511],[35.335228,32.170599],[35.333924,32.170486],[35.332943,32.170644],[35.33236,32.170945],[35.331399,32.171884],[35.3312,32.171804],[35.32963,32.172977],[35.327721,32.173219],[35.325416,32.173939],[35.320733,32.177344],[35.319408,32.177591],[35.316617,32.177672],[35.317245,32.179047],[35.31728,32.179887],[35.316291,32.180536],[35.315776,32.181683],[35.316173,32.1825],[35.317131,32.183362],[35.317333,32.185177],[35.318157,32.186014],[35.318676,32.186979],[35.321451,32.188068],[35.321879,32.188475],[35.322066,32.189057],[35.32222,32.192293],[35.321646,32.192787],[35.320859,32.193966],[35.320387,32.197212],[35.320702,32.197343],[35.324179,32.197622],[35.328066,32.197431],[35.330005,32.196554],[35.331283,32.196165],[35.335578,32.195301],[35.337464,32.195169],[35.341372,32.195513],[35.345356,32.196301],[35.347422,32.196391],[35.349401,32.196098],[35.351321,32.196346],[35.363491,32.195842],[35.368837,32.195868],[35.370509,32.196169],[35.375402,32.198526],[35.377387,32.197964],[35.377978,32.195957]]],[[[35.138718,32.18999],[35.138259,32.18832],[35.136902,32.188343],[35.136404,32.187134],[35.135381,32.18776],[35.138208,32.191404],[35.139685,32.19226],[35.140523,32.192183],[35.140924,32.191358],[35.138718,32.18999]]],[[[35.536305,32.181353],[35.535961,32.181343],[35.535406,32.181787],[35.534998,32.183064],[35.536053,32.186887],[35.536626,32.18777],[35.537635,32.18827],[35.53812,32.188306],[35.539506,32.187986],[35.54007,32.187532],[35.540261,32.187001],[35.540213,32.186544],[35.539658,32.185254],[35.537561,32.181748],[35.536305,32.181353]]],[[[35.021477,32.183028],[35.019873,32.182995],[35.017194,32.183584],[35.015714,32.184332],[35.015485,32.185479],[35.016297,32.185631],[35.019647,32.184271],[35.021542,32.184061],[35.022583,32.183765],[35.021477,32.183028]]],[[[35.091808,32.185349],[35.092935,32.18496],[35.093404,32.184398],[35.093678,32.180078],[35.093242,32.178472],[35.091887,32.178858],[35.088478,32.179076],[35.088203,32.180547],[35.088286,32.183192],[35.088473,32.184267],[35.089534,32.185249],[35.091808,32.185349]]],[[[35.131164,32.174117],[35.129626,32.174115],[35.127338,32.174796],[35.126706,32.175628],[35.128114,32.17773],[35.12787,32.179978],[35.128673,32.18106],[35.128824,32.182128],[35.128534,32.182681],[35.128617,32.183084],[35.128999,32.183333],[35.130161,32.18356],[35.132068,32.184273],[35.132264,32.1817],[35.132921,32.178636],[35.131368,32.17431],[35.131164,32.174117]]],[[[35.065184,32.178045],[35.065765,32.176992],[35.065608,32.175846],[35.064503,32.173697],[35.063635,32.173364],[35.0633,32.172839],[35.062218,32.171059],[35.062004,32.17013],[35.061285,32.169722],[35.060162,32.169539],[35.057971,32.169648],[35.056422,32.167718],[35.055539,32.168757],[35.055159,32.170974],[35.054552,32.171715],[35.053278,32.171911],[35.052522,32.171795],[35.051725,32.172667],[35.051393,32.174189],[35.04974,32.174307],[35.049431,32.173965],[35.0487,32.174013],[35.048622,32.175312],[35.049002,32.177891],[35.049603,32.177863],[35.049945,32.178525],[35.051325,32.179544],[35.052101,32.180554],[35.053334,32.181362],[35.053799,32.181578],[35.054621,32.181665],[35.0556,32.18216],[35.059071,32.181843],[35.062111,32.180951],[35.063613,32.179975],[35.065184,32.178045]]],[[[35.032217,32.170616],[35.030509,32.171276],[35.030618,32.172956],[35.031082,32.174385],[35.032706,32.174588],[35.033621,32.175277],[35.035244,32.175404],[35.036276,32.174913],[35.036688,32.173195],[35.034291,32.171593],[35.032217,32.170616]]],[[[35.529382,32.167412],[35.52561,32.165403],[35.524909,32.167452],[35.525159,32.169136],[35.525547,32.169733],[35.525479,32.169987],[35.525633,32.170227],[35.527109,32.171061],[35.528437,32.171183],[35.5291,32.172095],[35.528711,32.174251],[35.52877,32.174891],[35.529283,32.175019],[35.530361,32.174928],[35.531123,32.174462],[35.531495,32.173095],[35.530863,32.170891],[35.53048,32.170079],[35.530336,32.168942],[35.529382,32.167412]]],[[[34.986137,32.162315],[34.984877,32.161567],[34.983824,32.161269],[34.977921,32.160878],[34.976739,32.16186],[34.97643,32.161834],[34.972702,32.164859],[34.972031,32.16519],[34.972301,32.166836],[34.973598,32.167104],[34.974199,32.168335],[34.974455,32.169924],[34.975434,32.170153],[34.976974,32.170014],[34.978056,32.168804],[34.979538,32.166494],[34.982417,32.166079],[34.984816,32.1653],[34.987429,32.165238],[34.988004,32.164277],[34.987937,32.164061],[34.987112,32.163032],[34.986137,32.162315]]],[[[35.281808,32.168732],[35.284078,32.167148],[35.284235,32.168079],[35.286158,32.168128],[35.28855,32.167934],[35.289675,32.1677],[35.290438,32.167325],[35.29089,32.167431],[35.293817,32.165696],[35.294001,32.165883],[35.29503,32.165472],[35.297388,32.16506],[35.299604,32.163713],[35.300258,32.163019],[35.302015,32.162755],[35.304291,32.162673],[35.308489,32.163212],[35.310531,32.162625],[35.312099,32.161405],[35.31365,32.160839],[35.32026,32.159984],[35.321667,32.159395],[35.323777,32.156529],[35.324565,32.155134],[35.325619,32.154553],[35.328007,32.153984],[35.330041,32.153955],[35.333301,32.153501],[35.336419,32.153563],[35.340626,32.153215],[35.341626,32.152182],[35.344167,32.150052],[35.34694,32.148315],[35.349261,32.147409],[35.352593,32.14684],[35.354516,32.146013],[35.354559,32.146723],[35.3542,32.147084],[35.354604,32.147495],[35.355765,32.14774],[35.356569,32.147285],[35.357031,32.146664],[35.357117,32.146195],[35.358117,32.145904],[35.359001,32.145867],[35.35959,32.144735],[35.359549,32.142979],[35.359789,32.141633],[35.361677,32.140407],[35.363898,32.139286],[35.363857,32.138354],[35.36513,32.1378],[35.366914,32.136482],[35.368209,32.136],[35.368733,32.135435],[35.368289,32.134888],[35.368717,32.132452],[35.368665,32.131064],[35.367673,32.12825],[35.367196,32.125257],[35.36653,32.123906],[35.366231,32.12078],[35.365875,32.119528],[35.365652,32.115751],[35.364838,32.114447],[35.363411,32.114619],[35.361926,32.115609],[35.360893,32.11383],[35.361261,32.108062],[35.361173,32.105895],[35.360915,32.104237],[35.356538,32.104527],[35.353687,32.103515],[35.350647,32.104619],[35.348647,32.105615],[35.34733,32.106959],[35.346267,32.108889],[35.34605,32.10985],[35.345594,32.110548],[35.343984,32.111824],[35.341075,32.113136],[35.339267,32.11474],[35.337279,32.118367],[35.335606,32.120339],[35.335048,32.120442],[35.334744,32.121221],[35.331698,32.124854],[35.323181,32.124823],[35.317642,32.12429],[35.315669,32.122459],[35.311001,32.12266],[35.305155,32.123256],[35.301174,32.123377],[35.291264,32.122919],[35.283969,32.122765],[35.277467,32.123196],[35.270723,32.123996],[35.265437,32.125659],[35.262418,32.128026],[35.262182,32.13072],[35.262798,32.138079],[35.263691,32.13974],[35.264763,32.140359],[35.265899,32.141537],[35.267255,32.142454],[35.268645,32.143743],[35.268778,32.146964],[35.268563,32.147869],[35.268287,32.151278],[35.268972,32.154272],[35.269938,32.156231],[35.27108,32.157963],[35.271252,32.159476],[35.273273,32.162296],[35.275897,32.165187],[35.278028,32.16645],[35.279,32.16684],[35.280142,32.168108],[35.281808,32.168732]]],[[[35.01195,32.161101],[35.010893,32.160151],[35.009691,32.160159],[35.009477,32.162613],[35.009584,32.162864],[35.009985,32.163078],[35.011448,32.163272],[35.012236,32.162455],[35.01195,32.161101]]],[[[34.992783,32.155924],[34.990363,32.156012],[34.987767,32.156801],[34.986475,32.157873],[34.98649,32.15945],[34.986901,32.160577],[34.98815,32.161083],[34.992211,32.161101],[34.993294,32.159574],[34.992783,32.155924]]],[[[35.048806,32.149704],[35.046978,32.149669],[35.043041,32.148508],[35.040951,32.149125],[35.040278,32.149841],[35.0396,32.15112],[35.042111,32.156382],[35.043142,32.157805],[35.04993,32.16035],[35.050755,32.160315],[35.05504,32.153827],[35.054873,32.153027],[35.05403,32.152167],[35.05083,32.150441],[35.048806,32.149704]]],[[[34.999934,32.139704],[34.998338,32.1394],[34.997489,32.13985],[34.997543,32.141168],[34.99734,32.143528],[34.997516,32.144884],[34.996279,32.146787],[34.995638,32.148596],[34.996792,32.149477],[34.997525,32.149692],[34.999101,32.149856],[35.000098,32.149258],[35.000159,32.14787],[35.000945,32.147189],[35.001417,32.145698],[35.001567,32.144538],[35.001476,32.143421],[35.002064,32.142809],[35.002704,32.141649],[35.001474,32.140409],[34.999934,32.139704]]],[[[35.021755,32.142662],[35.022337,32.14036],[35.020345,32.138942],[35.018044,32.138728],[35.016748,32.139214],[35.016039,32.140659],[35.015943,32.141895],[35.014541,32.142412],[35.013421,32.142443],[35.010142,32.143231],[35.009554,32.144206],[35.00975,32.145439],[35.011466,32.146666],[35.013804,32.146854],[35.016768,32.14635],[35.019218,32.145522],[35.021041,32.143837],[35.021444,32.1429],[35.021755,32.142662]]],[[[35.023253,32.12876],[35.021858,32.128462],[35.020594,32.130552],[35.017627,32.131221],[35.017644,32.132497],[35.018441,32.133598],[35.019074,32.136169],[35.019337,32.136324],[35.022366,32.136513],[35.024324,32.136195],[35.025204,32.135886],[35.025388,32.135678],[35.025494,32.134492],[35.025124,32.133364],[35.024145,32.131683],[35.023551,32.129232],[35.023253,32.12876]]],[[[35.101914,32.120461],[35.100563,32.119927],[35.098429,32.119958],[35.097805,32.121777],[35.097809,32.123686],[35.097237,32.124949],[35.095623,32.127204],[35.096416,32.128505],[35.096472,32.130972],[35.099071,32.134402],[35.100719,32.134375],[35.101887,32.132438],[35.103297,32.13202],[35.10361,32.131365],[35.103705,32.130751],[35.10324,32.129505],[35.102339,32.128359],[35.103698,32.124424],[35.10374,32.123361],[35.103165,32.121983],[35.101914,32.120461]]],[[[35.045791,32.132992],[35.048739,32.131542],[35.050542,32.130368],[35.050696,32.130477],[35.051646,32.129892],[35.053987,32.129323],[35.054433,32.128948],[35.054984,32.127929],[35.053945,32.126829],[35.045596,32.126804],[35.043475,32.127289],[35.03971,32.129511],[35.038884,32.13052],[35.038936,32.131727],[35.040086,32.133001],[35.041532,32.132978],[35.041833,32.133383],[35.042778,32.133686],[35.044594,32.133537],[35.045791,32.132992]]],[[[35.013383,32.127032],[35.014383,32.12649],[35.016815,32.126292],[35.01761,32.125786],[35.018803,32.125512],[35.020289,32.125775],[35.021612,32.125419],[35.022339,32.12442],[35.021823,32.123597],[35.020326,32.122573],[35.018807,32.122311],[35.016258,32.12215],[35.011538,32.123223],[35.011026,32.123804],[35.012658,32.125562],[35.013383,32.127032]]],[[[35.074776,32.12189],[35.075658,32.121175],[35.077277,32.121904],[35.078508,32.122079],[35.079879,32.121481],[35.081999,32.119563],[35.083249,32.11894],[35.084275,32.118747],[35.084824,32.119198],[35.085218,32.119964],[35.086275,32.1205],[35.086541,32.121236],[35.088552,32.122095],[35.089195,32.122036],[35.089838,32.121556],[35.090028,32.120933],[35.090145,32.11936],[35.091176,32.118711],[35.091345,32.117703],[35.087072,32.115409],[35.085553,32.113885],[35.084887,32.113554],[35.084842,32.113181],[35.084364,32.113096],[35.083609,32.112081],[35.082065,32.11151],[35.081731,32.11072],[35.080668,32.110608],[35.080245,32.1098],[35.07896,32.109634],[35.077437,32.110047],[35.075135,32.109583],[35.070268,32.112215],[35.069171,32.112542],[35.068492,32.112478],[35.068292,32.112744],[35.06935,32.114844],[35.069293,32.116499],[35.069121,32.11674],[35.068927,32.11663],[35.067854,32.118013],[35.068688,32.118425],[35.069491,32.11932],[35.06952,32.120634],[35.070266,32.121023],[35.07089,32.121926],[35.071954,32.122515],[35.07341,32.122378],[35.074776,32.12189]]],[[[35.200063,32.119394],[35.201009,32.119246],[35.201084,32.118421],[35.200677,32.11649],[35.199211,32.114053],[35.19708,32.112392],[35.195107,32.11148],[35.190473,32.112211],[35.186501,32.112143],[35.186717,32.113502],[35.188084,32.114596],[35.188887,32.114882],[35.190699,32.114916],[35.192009,32.115274],[35.192705,32.115983],[35.19246,32.117112],[35.197265,32.119365],[35.200063,32.119394]]],[[[35.143048,32.117597],[35.145891,32.117469],[35.146394,32.116789],[35.146595,32.115905],[35.146224,32.114587],[35.146266,32.113434],[35.146123,32.112598],[35.145665,32.112018],[35.144634,32.112266],[35.143552,32.112848],[35.141671,32.113253],[35.140341,32.113327],[35.137729,32.112133],[35.135797,32.11256],[35.134367,32.113405],[35.134584,32.11424],[35.136294,32.116646],[35.137582,32.116409],[35.139,32.116782],[35.140395,32.117372],[35.141784,32.117634],[35.143048,32.117597]]],[[[35.243463,32.11265],[35.242821,32.111372],[35.242561,32.110422],[35.241917,32.109891],[35.242725,32.109927],[35.242862,32.109087],[35.241725,32.108505],[35.239796,32.106127],[35.23819,32.104684],[35.236718,32.103862],[35.234142,32.102028],[35.232645,32.102021],[35.231854,32.101064],[35.231471,32.101539],[35.230979,32.101565],[35.228316,32.10094],[35.226137,32.101207],[35.225951,32.100875],[35.223995,32.101404],[35.222433,32.100367],[35.220759,32.09956],[35.219926,32.099323],[35.218686,32.099652],[35.218005,32.100803],[35.218035,32.102058],[35.218717,32.102828],[35.219937,32.10359],[35.221421,32.104164],[35.221534,32.104755],[35.221295,32.106168],[35.221547,32.107795],[35.221066,32.108581],[35.221177,32.109593],[35.221494,32.109638],[35.222219,32.110245],[35.223482,32.111852],[35.224241,32.11224],[35.227346,32.111114],[35.228739,32.110905],[35.230183,32.111142],[35.232124,32.112771],[35.232428,32.11233],[35.233107,32.1119],[35.236422,32.112068],[35.236846,32.112894],[35.237471,32.113593],[35.239906,32.113969],[35.241496,32.11534],[35.243041,32.11615],[35.244576,32.116089],[35.245598,32.1152],[35.245688,32.114043],[35.243463,32.11265]]],[[[35.310893,32.115362],[35.31587,32.115314],[35.316944,32.115093],[35.320805,32.11518],[35.325519,32.113681],[35.328754,32.112865],[35.329812,32.112338],[35.330047,32.112517],[35.33135,32.11141],[35.331662,32.111334],[35.332593,32.110071],[35.333561,32.109078],[35.334908,32.105709],[35.335745,32.105383],[35.337364,32.105194],[35.337803,32.10469],[35.337821,32.103923],[35.338465,32.103252],[35.338113,32.102403],[35.337307,32.101788],[35.33634,32.101525],[35.335365,32.100218],[35.335306,32.097923],[35.334979,32.097464],[35.33367,32.0967],[35.332254,32.096616],[35.330949,32.095589],[35.329859,32.09349],[35.329816,32.091835],[35.33135,32.09085],[35.334002,32.090916],[35.335002,32.089695],[35.33768,32.087169],[35.337948,32.086394],[35.337448,32.085964],[35.337342,32.085172],[35.340542,32.083531],[35.342708,32.081517],[35.342606,32.080663],[35.340494,32.079181],[35.339057,32.077908],[35.337364,32.076947],[35.335265,32.073735],[35.333362,32.073194],[35.332581,32.072775],[35.331811,32.071965],[35.330839,32.070125],[35.330447,32.068669],[35.329937,32.068073],[35.327424,32.067192],[35.326462,32.065829],[35.32588,32.065523],[35.324902,32.065571],[35.323694,32.066082],[35.322736,32.067394],[35.321258,32.067229],[35.319724,32.066664],[35.319892,32.065354],[35.320153,32.064897],[35.319075,32.064121],[35.317844,32.063736],[35.313778,32.06348],[35.313222,32.063795],[35.312917,32.064268],[35.309704,32.064193],[35.30814,32.064357],[35.306495,32.064873],[35.303968,32.064911],[35.303281,32.06524],[35.301638,32.066909],[35.299639,32.066963],[35.298576,32.067638],[35.295519,32.067258],[35.292447,32.069466],[35.291314,32.070068],[35.290149,32.071087],[35.288591,32.071526],[35.287525,32.073526],[35.286924,32.07513],[35.281512,32.085375],[35.280557,32.086984],[35.277773,32.090544],[35.277798,32.091579],[35.278002,32.092027],[35.27634,32.093011],[35.274589,32.092937],[35.273516,32.093103],[35.271605,32.094938],[35.267893,32.097828],[35.267803,32.098085],[35.268111,32.099581],[35.268108,32.100643],[35.267934,32.10116],[35.268074,32.103963],[35.269287,32.104155],[35.271007,32.10497],[35.272376,32.105321],[35.274182,32.105623],[35.276376,32.105551],[35.27811,32.105955],[35.278164,32.106689],[35.279015,32.10828],[35.278621,32.109229],[35.278752,32.110424],[35.277022,32.111384],[35.27703,32.112284],[35.280848,32.114402],[35.282757,32.115156],[35.284607,32.115599],[35.284891,32.115459],[35.288281,32.115103],[35.296724,32.114485],[35.298613,32.114021],[35.300844,32.113944],[35.302905,32.114241],[35.305527,32.114301],[35.308562,32.115661],[35.310893,32.115362]]],[[[35.276559,32.108396],[35.276603,32.10708],[35.27501,32.107109],[35.273561,32.107747],[35.272481,32.107744],[35.269512,32.106159],[35.26592,32.104777],[35.264867,32.104817],[35.265085,32.1067],[35.26494,32.107647],[35.264402,32.108511],[35.263161,32.109633],[35.263663,32.11018],[35.265845,32.111124],[35.268923,32.113855],[35.269432,32.114142],[35.269917,32.114181],[35.271258,32.113824],[35.273858,32.111898],[35.274255,32.11189],[35.276591,32.110804],[35.277191,32.110067],[35.277323,32.109147],[35.276559,32.108396]]],[[[35.049752,32.106139],[35.047573,32.106207],[35.045212,32.106764],[35.044299,32.107391],[35.043328,32.108964],[35.044058,32.109195],[35.047333,32.109422],[35.048589,32.109747],[35.050434,32.112257],[35.050803,32.113096],[35.051068,32.113228],[35.052695,32.113031],[35.053301,32.112167],[35.055371,32.111],[35.057652,32.110694],[35.05739,32.109944],[35.055882,32.108436],[35.051792,32.106412],[35.049752,32.106139]]],[[[35.098099,32.104068],[35.097589,32.101604],[35.096874,32.100376],[35.095388,32.098844],[35.0906,32.100275],[35.090248,32.100675],[35.089883,32.10339],[35.088309,32.103921],[35.087469,32.104049],[35.087163,32.103897],[35.086192,32.104683],[35.085989,32.105356],[35.087713,32.105857],[35.087954,32.106027],[35.088075,32.106422],[35.08788,32.107296],[35.086892,32.10856],[35.086734,32.109142],[35.087565,32.109931],[35.089662,32.111197],[35.090757,32.111462],[35.091819,32.11129],[35.093186,32.110136],[35.093204,32.109575],[35.095445,32.107284],[35.097846,32.105947],[35.098129,32.105268],[35.098099,32.104068]]],[[[35.047877,32.100309],[35.047475,32.098716],[35.047554,32.09771],[35.045985,32.096],[35.04611,32.095099],[35.046677,32.093867],[35.04541,32.093819],[35.04282,32.093131],[35.038188,32.092801],[35.035854,32.091713],[35.034223,32.092675],[35.031636,32.093528],[35.03137,32.094352],[35.031352,32.095018],[35.031576,32.096215],[35.032134,32.097518],[35.032284,32.098834],[35.033949,32.100221],[35.034406,32.100261],[35.036948,32.099715],[35.03883,32.099656],[35.046626,32.101903],[35.048434,32.10213],[35.048725,32.101031],[35.047877,32.100309]]],[[[35.171248,32.093987],[35.167899,32.093665],[35.165213,32.093033],[35.163555,32.091937],[35.163585,32.092349],[35.164603,32.093855],[35.165641,32.094603],[35.16701,32.095099],[35.16933,32.095423],[35.170355,32.094809],[35.171248,32.093987]]],[[[35.129304,32.024528],[35.130269,32.025385],[35.130947,32.025721],[35.135753,32.026621],[35.136702,32.026651],[35.142243,32.024858],[35.147643,32.022546],[35.151627,32.021629],[35.152746,32.021858],[35.15486,32.022677],[35.155867,32.021771],[35.157737,32.021214],[35.158345,32.020749],[35.158982,32.02053],[35.159813,32.020712],[35.16104,32.021291],[35.165174,32.022189],[35.166902,32.022834],[35.170986,32.023441],[35.171061,32.023042],[35.172477,32.023054],[35.173292,32.022639],[35.173209,32.021513],[35.174193,32.02019],[35.17701,32.019365],[35.178531,32.016974],[35.180134,32.016427],[35.181171,32.015778],[35.185688,32.010485],[35.187005,32.009442],[35.187394,32.009295],[35.187765,32.009445],[35.188361,32.008508],[35.190204,32.00708],[35.190736,32.006198],[35.193288,32.004934],[35.195413,32.00311],[35.197338,32.002657],[35.198169,32.002259],[35.199067,32.002222],[35.199947,32.002455],[35.20155,32.003207],[35.202288,32.003865],[35.202986,32.005155],[35.20343,32.006529],[35.204022,32.007538],[35.204139,32.008144],[35.206451,32.008097],[35.207687,32.008904],[35.20909,32.008964],[35.209522,32.008451],[35.209894,32.006831],[35.210378,32.005916],[35.211293,32.005099],[35.21253,32.004694],[35.21205,32.004189],[35.212094,32.003936],[35.212838,32.003515],[35.215435,32.003315],[35.21624,32.003768],[35.220887,32.005414],[35.225591,32.006789],[35.22814,32.0072],[35.233144,32.007558],[35.235351,32.008002],[35.239151,32.008475],[35.240684,32.008844],[35.245752,32.011063],[35.249292,32.013535],[35.250538,32.014643],[35.251511,32.01585],[35.252418,32.017795],[35.252729,32.019021],[35.256357,32.021898],[35.255699,32.023834],[35.255827,32.026483],[35.256152,32.027586],[35.257824,32.030822],[35.255712,32.03305],[35.25648,32.033992],[35.256523,32.034248],[35.255889,32.035265],[35.254993,32.036165],[35.25491,32.037978],[35.253892,32.039506],[35.253331,32.040011],[35.25071,32.041279],[35.238831,32.040683],[35.234597,32.040719],[35.229983,32.041991],[35.224516,32.043968],[35.223247,32.044733],[35.22189,32.046399],[35.220326,32.052521],[35.219075,32.056329],[35.218973,32.05838],[35.219105,32.058904],[35.221871,32.063316],[35.224004,32.066374],[35.225357,32.067335],[35.22833,32.068235],[35.229436,32.068307],[35.230673,32.067869],[35.230523,32.069376],[35.22943,32.072654],[35.230048,32.07525],[35.230597,32.07629],[35.233344,32.078865],[35.236157,32.080443],[35.238904,32.0815],[35.240315,32.082951],[35.239771,32.083785],[35.234692,32.083132],[35.231126,32.08291],[35.229848,32.083088],[35.226296,32.084115],[35.222619,32.0838],[35.220228,32.084783],[35.218417,32.084916],[35.217605,32.084694],[35.216125,32.084744],[35.214995,32.083915],[35.212891,32.081279],[35.211858,32.080251],[35.210787,32.079654],[35.210027,32.080102],[35.209735,32.080865],[35.208371,32.080765],[35.20691,32.079986],[35.204887,32.079709],[35.203251,32.080123],[35.201615,32.080836],[35.200582,32.081085],[35.198985,32.081101],[35.196959,32.081499],[35.196082,32.08241],[35.195244,32.084134],[35.195341,32.085626],[35.196574,32.085718],[35.197473,32.085488],[35.198493,32.085542],[35.199116,32.086192],[35.200092,32.086535],[35.200713,32.08654],[35.202132,32.08739],[35.204129,32.087996],[35.20701,32.090305],[35.209646,32.091111],[35.210449,32.091206],[35.211069,32.090913],[35.212146,32.091914],[35.213842,32.092796],[35.215721,32.093521],[35.216504,32.093074],[35.21674,32.092157],[35.21766,32.090729],[35.217254,32.089967],[35.216072,32.089156],[35.216468,32.088945],[35.217226,32.088978],[35.218575,32.089676],[35.220599,32.089872],[35.222892,32.092752],[35.223554,32.093131],[35.224331,32.092911],[35.225759,32.091105],[35.227209,32.09031],[35.230339,32.090943],[35.235329,32.090897],[35.236745,32.091673],[35.239759,32.09285],[35.240913,32.093501],[35.242501,32.09352],[35.244008,32.093243],[35.244848,32.092098],[35.247619,32.089599],[35.249334,32.089434],[35.249698,32.088636],[35.249825,32.087739],[35.249437,32.086854],[35.249058,32.083197],[35.248532,32.082149],[35.245361,32.079143],[35.245519,32.078057],[35.245378,32.077542],[35.244496,32.076774],[35.243307,32.074431],[35.242585,32.073612],[35.243009,32.073589],[35.244441,32.072103],[35.24572,32.071179],[35.245415,32.07076],[35.24535,32.0696],[35.245508,32.069352],[35.244979,32.068846],[35.244669,32.068253],[35.24084,32.067897],[35.241016,32.067532],[35.240766,32.067145],[35.23881,32.066533],[35.237648,32.065617],[35.236346,32.064257],[35.234928,32.062131],[35.233426,32.0627],[35.230991,32.062893],[35.23027,32.063627],[35.230312,32.064308],[35.228106,32.062661],[35.227327,32.061886],[35.225975,32.061376],[35.22453,32.059891],[35.224315,32.059392],[35.224269,32.058114],[35.224409,32.057319],[35.225512,32.05545],[35.22359,32.053121],[35.224075,32.05181],[35.225029,32.050067],[35.225483,32.049657],[35.227459,32.048637],[35.231975,32.047446],[35.233652,32.046812],[35.238037,32.046353],[35.242821,32.046162],[35.244768,32.045375],[35.245784,32.044711],[35.248429,32.045716],[35.249549,32.045809],[35.25126,32.045532],[35.253539,32.045452],[35.255645,32.046279],[35.259291,32.045323],[35.260762,32.045483],[35.27046,32.03345],[35.271249,32.028057],[35.27084,32.02717],[35.268471,32.026265],[35.267514,32.026172],[35.266594,32.025843],[35.264878,32.025686],[35.265661,32.025248],[35.263717,32.023549],[35.263605,32.02275],[35.264531,32.022153],[35.264698,32.021459],[35.263646,32.020073],[35.261739,32.019793],[35.260699,32.018048],[35.260462,32.014607],[35.259703,32.01371],[35.257927,32.012321],[35.254376,32.011898],[35.254057,32.010937],[35.253204,32.009505],[35.253169,32.008617],[35.252576,32.007877],[35.252148,32.006198],[35.250599,32.003607],[35.248837,32.002317],[35.249122,32.001904],[35.24767,31.999528],[35.245828,31.999339],[35.24425,31.999617],[35.242435,32.000725],[35.239711,32.003031],[35.236833,32.003637],[35.235125,32.003794],[35.233231,32.004282],[35.23141,32.004268],[35.229014,32.003816],[35.226705,32.003184],[35.2254,32.002594],[35.223345,32.001408],[35.221032,31.999378],[35.220467,31.998038],[35.22028,31.996528],[35.220736,31.994132],[35.218931,31.9925],[35.215459,31.991376],[35.209069,31.991915],[35.207479,31.992182],[35.205534,31.99206],[35.203908,31.991576],[35.203357,31.990923],[35.203142,31.989775],[35.20137,31.988555],[35.200722,31.988233],[35.198956,31.987934],[35.197818,31.989152],[35.197263,31.991625],[35.196607,31.993426],[35.196019,31.993796],[35.194707,31.994267],[35.194661,31.995116],[35.194222,31.995831],[35.19357,31.996277],[35.191186,31.99712],[35.190595,31.997481],[35.189793,31.998408],[35.189028,31.999731],[35.187952,32.000684],[35.187004,32.002452],[35.186395,32.002889],[35.184849,32.003473],[35.184637,32.004544],[35.181926,32.006427],[35.179327,32.007631],[35.178613,32.008526],[35.177117,32.008304],[35.175628,32.010608],[35.173046,32.012414],[35.171638,32.014732],[35.170137,32.016593],[35.168649,32.018111],[35.166543,32.019714],[35.164362,32.020525],[35.16234,32.020833],[35.162044,32.020768],[35.160015,32.019221],[35.158512,32.019352],[35.156483,32.019098],[35.15604,32.018812],[35.145841,32.021634],[35.142465,32.022881],[35.141015,32.022935],[35.129304,32.024528]]],[[[35.255948,32.081395],[35.255578,32.081412],[35.253327,32.082555],[35.253415,32.084181],[35.252528,32.085329],[35.252536,32.085992],[35.253365,32.08679],[35.253725,32.088165],[35.255398,32.088849],[35.258201,32.090787],[35.259419,32.091211],[35.259406,32.09215],[35.259973,32.092322],[35.260427,32.091482],[35.260642,32.089974],[35.263134,32.089849],[35.263368,32.088795],[35.263313,32.087633],[35.262595,32.087343],[35.261175,32.08544],[35.260746,32.084564],[35.258627,32.083625],[35.257839,32.08294],[35.257068,32.081944],[35.255948,32.081395]]],[[[35.361031,32.089073],[35.361685,32.088319],[35.362819,32.088297],[35.363579,32.086902],[35.36601,32.08678],[35.367373,32.086211],[35.367733,32.085605],[35.36772,32.084414],[35.368179,32.08338],[35.368487,32.083187],[35.368716,32.082163],[35.370038,32.081779],[35.369567,32.080028],[35.368865,32.078752],[35.368151,32.078157],[35.365259,32.076509],[35.363876,32.076364],[35.361811,32.076833],[35.360037,32.07817],[35.359068,32.078701],[35.358378,32.079645],[35.357929,32.081672],[35.356509,32.085442],[35.356887,32.088173],[35.35725,32.088795],[35.358904,32.088592],[35.359868,32.089121],[35.361031,32.089073]]],[[[35.127409,32.024184],[35.127391,32.023132],[35.12689,32.022397],[35.124316,32.021851],[35.122312,32.020961],[35.120968,32.020912],[35.120134,32.021114],[35.119773,32.020424],[35.120186,32.019412],[35.120082,32.019292],[35.119285,32.018766],[35.117251,32.01842],[35.11668,32.018104],[35.116384,32.015719],[35.114736,32.015252],[35.113539,32.015172],[35.11236,32.01543],[35.111328,32.015931],[35.111374,32.016332],[35.108339,32.015198],[35.105596,32.015175],[35.104485,32.01507],[35.103988,32.014831],[35.10202,32.014852],[35.101024,32.015936],[35.100838,32.016542],[35.098514,32.016188],[35.097105,32.01619],[35.096242,32.016332],[35.095348,32.016835],[35.094903,32.01644],[35.089712,32.016587],[35.088765,32.016495],[35.088691,32.015661],[35.083312,32.015764],[35.082771,32.015928],[35.08237,32.019884],[35.079865,32.021434],[35.079446,32.022239],[35.079977,32.024356],[35.079952,32.025643],[35.079304,32.026585],[35.079669,32.030503],[35.079281,32.031672],[35.079137,32.032949],[35.078586,32.033409],[35.07759,32.034667],[35.078213,32.035499],[35.07815,32.036419],[35.077249,32.037157],[35.076962,32.037676],[35.07703,32.038629],[35.077374,32.039624],[35.077255,32.040699],[35.076133,32.041599],[35.076647,32.042593],[35.076214,32.043276],[35.076786,32.043756],[35.077071,32.044563],[35.077236,32.045912],[35.077695,32.047531],[35.078561,32.049267],[35.079965,32.050548],[35.080519,32.051333],[35.08097,32.05231],[35.080942,32.053101],[35.080439,32.054217],[35.078312,32.055928],[35.077047,32.057982],[35.076911,32.058353],[35.077022,32.060368],[35.075784,32.065827],[35.074073,32.066333],[35.073969,32.06691],[35.076712,32.068207],[35.077967,32.069206],[35.077903,32.069587],[35.077183,32.07076],[35.076933,32.071626],[35.079122,32.072698],[35.082388,32.073747],[35.082984,32.073036],[35.083475,32.072723],[35.084822,32.072257],[35.087185,32.071884],[35.087641,32.071315],[35.089201,32.071877],[35.089798,32.072614],[35.090989,32.073496],[35.0919,32.073914],[35.092957,32.074067],[35.093027,32.075897],[35.092853,32.077736],[35.094789,32.078018],[35.10135,32.077973],[35.101834,32.075993],[35.102534,32.075635],[35.103088,32.07573],[35.104252,32.076445],[35.104791,32.07706],[35.105742,32.077652],[35.106714,32.077542],[35.107528,32.078227],[35.108223,32.079371],[35.108233,32.08151],[35.10846,32.082643],[35.108743,32.082959],[35.109447,32.083289],[35.110449,32.083269],[35.111126,32.083086],[35.112941,32.081517],[35.113883,32.081045],[35.114828,32.080835],[35.115807,32.079168],[35.116108,32.078349],[35.116048,32.077911],[35.11725,32.077324],[35.120964,32.076887],[35.121918,32.076611],[35.123495,32.076825],[35.126387,32.078383],[35.126513,32.081721],[35.127547,32.08185],[35.130354,32.076068],[35.133284,32.074601],[35.13691,32.074499],[35.141275,32.075935],[35.142186,32.076044],[35.144881,32.077115],[35.149044,32.077403],[35.152289,32.077096],[35.154003,32.081984],[35.154041,32.082547],[35.154748,32.082381],[35.1559,32.082394],[35.15679,32.08249],[35.157375,32.082733],[35.160097,32.083014],[35.163568,32.084459],[35.165157,32.085397],[35.166285,32.084638],[35.166957,32.083947],[35.168176,32.081781],[35.168489,32.080465],[35.16791,32.079604],[35.165427,32.078301],[35.165382,32.075709],[35.163785,32.073907],[35.162255,32.072684],[35.160885,32.072002],[35.158295,32.073802],[35.155002,32.075001],[35.153892,32.075807],[35.152911,32.075611],[35.15145,32.074485],[35.147096,32.073713],[35.145983,32.07376],[35.144959,32.074104],[35.143075,32.073981],[35.141275,32.07357],[35.139487,32.072279],[35.138173,32.072096],[35.134193,32.072916],[35.130873,32.072979],[35.128893,32.073367],[35.127905,32.073778],[35.126474,32.074765],[35.12512,32.075201],[35.123692,32.075234],[35.122049,32.074623],[35.120756,32.074622],[35.115796,32.075716],[35.114103,32.076248],[35.111954,32.075017],[35.110857,32.073944],[35.109174,32.071556],[35.109303,32.070336],[35.11094,32.069446],[35.1128,32.068772],[35.113946,32.067705],[35.113736,32.06727],[35.112156,32.066485],[35.111106,32.066283],[35.106453,32.062416],[35.102814,32.060105],[35.101234,32.059937],[35.097367,32.060023],[35.095301,32.059506],[35.094198,32.058282],[35.094079,32.056381],[35.09438,32.054724],[35.095377,32.053301],[35.09409,32.052762],[35.090187,32.05156],[35.088073,32.051521],[35.086525,32.051217],[35.085898,32.050447],[35.085556,32.049399],[35.085743,32.048389],[35.08611,32.047631],[35.08641,32.047602],[35.087845,32.045949],[35.090549,32.044272],[35.094949,32.042748],[35.09639,32.041252],[35.096928,32.040436],[35.09676,32.039347],[35.095971,32.037694],[35.095787,32.036836],[35.095833,32.036041],[35.096149,32.035568],[35.096259,32.034601],[35.096581,32.033924],[35.095749,32.033138],[35.094754,32.03257],[35.093349,32.031195],[35.093233,32.029861],[35.093948,32.029191],[35.096755,32.027876],[35.100786,32.025585],[35.102851,32.025019],[35.103901,32.024375],[35.106645,32.023262],[35.108189,32.023188],[35.108048,32.02263],[35.110013,32.022605],[35.111735,32.024167],[35.113523,32.02478],[35.120176,32.024284],[35.122657,32.024223],[35.123274,32.024365],[35.127409,32.024184]]],[[[35.04687,32.083179],[35.048543,32.081659],[35.050955,32.08186],[35.051528,32.080943],[35.048331,32.078317],[35.048223,32.077986],[35.047485,32.077109],[35.04642,32.076162],[35.045374,32.076137],[35.043901,32.077093],[35.042495,32.077701],[35.042012,32.077549],[35.042318,32.077243],[35.04225,32.076359],[35.04071,32.075317],[35.03902,32.075265],[35.038725,32.077542],[35.038981,32.078919],[35.038919,32.079552],[35.038535,32.079996],[35.036911,32.080916],[35.036187,32.081739],[35.036259,32.08291],[35.036938,32.084011],[35.038115,32.084005],[35.038838,32.083472],[35.040097,32.083302],[35.04098,32.082589],[35.042221,32.082194],[35.04381,32.082548],[35.044649,32.083975],[35.044923,32.084106],[35.04511,32.084129],[35.045553,32.083187],[35.04687,32.083179]]],[[[35.024628,32.069761],[35.02564,32.069245],[35.027453,32.067983],[35.030696,32.066715],[35.029842,32.062544],[35.027374,32.062533],[35.02627,32.063276],[35.024708,32.063004],[35.020591,32.065549],[35.018261,32.065961],[35.016741,32.066722],[35.016526,32.068075],[35.017828,32.069216],[35.01924,32.069923],[35.020058,32.06965],[35.023671,32.070027],[35.024628,32.069761]]],[[[35.369935,32.05265],[35.368693,32.052684],[35.368408,32.052821],[35.364763,32.056315],[35.363811,32.057756],[35.362578,32.060402],[35.362625,32.061464],[35.360812,32.06385],[35.360695,32.064562],[35.361003,32.065674],[35.363082,32.065754],[35.364357,32.066134],[35.36548,32.065949],[35.366874,32.065007],[35.367831,32.063964],[35.368212,32.063435],[35.368609,32.062433],[35.370756,32.061157],[35.371242,32.060417],[35.371621,32.059445],[35.371619,32.056461],[35.371997,32.054483],[35.371737,32.053791],[35.371047,32.053017],[35.369935,32.05265]]],[[[35.303499,32.038219],[35.306706,32.039109],[35.307019,32.0394],[35.307202,32.039934],[35.309577,32.040239],[35.309819,32.040427],[35.312717,32.040751],[35.313554,32.039821],[35.314665,32.039893],[35.318928,32.038104],[35.319812,32.038274],[35.320989,32.038099],[35.325183,32.036648],[35.32811,32.034826],[35.328376,32.034983],[35.329798,32.034713],[35.333394,32.031602],[35.332687,32.030822],[35.332741,32.030153],[35.333122,32.029298],[35.333076,32.028668],[35.332769,32.028468],[35.334916,32.026514],[35.336157,32.023956],[35.337003,32.023214],[35.337067,32.022897],[35.337556,32.022891],[35.337493,32.021885],[35.335876,32.019493],[35.335372,32.017965],[35.334947,32.015921],[35.335468,32.015035],[35.336006,32.012769],[35.335886,32.011725],[35.335505,32.011456],[35.334886,32.01058],[35.334241,32.009043],[35.33358,32.004393],[35.333754,32.002737],[35.332664,32.001654],[35.330222,32.001572],[35.330964,31.999973],[35.330845,31.999078],[35.3299,31.99717],[35.32893,31.996379],[35.328519,31.995563],[35.327737,31.994864],[35.328075,31.994302],[35.32827,31.992614],[35.32732,31.990778],[35.327372,31.988438],[35.326068,31.986523],[35.32627,31.985867],[35.327375,31.984376],[35.327213,31.982865],[35.326571,31.980622],[35.327091,31.979419],[35.327133,31.977944],[35.325949,31.976761],[35.325025,31.974844],[35.324226,31.97489],[35.323351,31.975651],[35.32168,31.977557],[35.320115,31.981045],[35.317701,31.98124],[35.316057,31.981856],[35.311331,31.98244],[35.30958,31.982955],[35.305805,31.981628],[35.304366,31.981432],[35.303737,31.98152],[35.302845,31.981965],[35.302427,31.982352],[35.301045,31.984157],[35.300569,31.984203],[35.300222,31.984466],[35.299942,31.98589],[35.299526,31.986763],[35.297834,31.988334],[35.291067,31.986822],[35.290787,31.98648],[35.290026,31.986284],[35.288389,31.985505],[35.285457,31.985347],[35.283471,31.984632],[35.281111,31.983251],[35.278,31.983097],[35.277188,31.982833],[35.275794,31.981421],[35.274307,31.980666],[35.273412,31.979339],[35.273389,31.978493],[35.271156,31.976547],[35.269977,31.975],[35.267997,31.974281],[35.266674,31.972964],[35.266637,31.972192],[35.266957,31.971648],[35.266976,31.970989],[35.266406,31.969534],[35.262288,31.965327],[35.260621,31.964166],[35.259168,31.963436],[35.257788,31.963673],[35.257382,31.964104],[35.257191,31.964636],[35.257399,31.966566],[35.257176,31.968604],[35.254083,31.969743],[35.253898,31.9703],[35.25392,31.970907],[35.254176,31.971416],[35.25485,31.972022],[35.255972,31.972637],[35.256425,31.97624],[35.25555,31.977871],[35.255516,31.981596],[35.254534,31.982855],[35.252746,31.983835],[35.252058,31.983553],[35.251214,31.983609],[35.250822,31.984145],[35.250896,31.984575],[35.251483,31.985173],[35.252845,31.985286],[35.253584,31.985681],[35.253531,31.986921],[35.253136,31.988221],[35.253255,31.989659],[35.253848,31.990251],[35.254888,31.990629],[35.255695,31.99216],[35.255171,31.992986],[35.254433,31.993573],[35.25413,31.994487],[35.256041,31.996893],[35.256332,31.997624],[35.256384,31.998384],[35.25615,31.999704],[35.256224,32.001077],[35.256769,32.001815],[35.258366,32.002906],[35.259379,32.0039],[35.260607,32.004325],[35.262367,32.005651],[35.264212,32.006689],[35.26475,32.007464],[35.26577,32.008335],[35.267948,32.009684],[35.269127,32.012497],[35.269627,32.014362],[35.270947,32.016636],[35.27247,32.018255],[35.276252,32.020798],[35.276169,32.02275],[35.275391,32.025233],[35.277993,32.025912],[35.278364,32.028767],[35.277555,32.03054],[35.276047,32.032357],[35.275998,32.033373],[35.274376,32.03442],[35.273921,32.034951],[35.274034,32.035979],[35.275339,32.037535],[35.276416,32.038298],[35.283858,32.042192],[35.285271,32.042603],[35.287206,32.043465],[35.288455,32.043707],[35.290698,32.043606],[35.291039,32.043338],[35.291271,32.042667],[35.291487,32.04248],[35.294087,32.041855],[35.296226,32.040482],[35.298452,32.04003],[35.300788,32.039839],[35.301453,32.039151],[35.303499,32.038219]]],[[[35.042598,32.033641],[35.042114,32.033327],[35.041094,32.033271],[35.039789,32.032614],[35.038341,32.03287],[35.037093,32.03287],[35.036908,32.033089],[35.036692,32.034758],[35.035804,32.036372],[35.036753,32.038377],[35.040968,32.037139],[35.042849,32.036365],[35.043684,32.035784],[35.043566,32.035555],[35.042751,32.035028],[35.042785,32.034028],[35.042598,32.033641]]],[[[35.024234,32.034039],[35.024211,32.032924],[35.023652,32.031771],[35.02368,32.03137],[35.024025,32.030843],[35.024369,32.030585],[35.024754,32.030545],[35.025906,32.030801],[35.027366,32.030787],[35.027787,32.029939],[35.027853,32.029294],[35.027639,32.028446],[35.025511,32.026679],[35.023484,32.024366],[35.022527,32.024261],[35.021431,32.025079],[35.020321,32.0251],[35.019284,32.024518],[35.017914,32.023463],[35.016002,32.02312],[35.015311,32.023326],[35.012302,32.025828],[35.012134,32.026348],[35.012191,32.027376],[35.013852,32.029874],[35.013732,32.030246],[35.013281,32.030496],[35.012656,32.030591],[35.012407,32.031027],[35.012585,32.032352],[35.012514,32.032885],[35.013346,32.034097],[35.016669,32.03381],[35.019164,32.034518],[35.020079,32.034101],[35.020693,32.034028],[35.021258,32.034286],[35.022011,32.034957],[35.023659,32.034697],[35.024234,32.034039]]],[[[35.444738,32.023721],[35.442305,32.023809],[35.441449,32.024553],[35.441408,32.025122],[35.44207,32.029163],[35.44281,32.029541],[35.443575,32.029461],[35.444544,32.028385],[35.445153,32.027292],[35.446484,32.025563],[35.446193,32.023975],[35.444738,32.023721]]],[[[35.068728,32.024462],[35.069276,32.024504],[35.069704,32.024896],[35.070131,32.025037],[35.070438,32.02478],[35.070814,32.022394],[35.071446,32.021498],[35.072873,32.02015],[35.073005,32.018886],[35.073471,32.017954],[35.07438,32.017336],[35.076932,32.016044],[35.07808,32.014295],[35.076277,32.01324],[35.075094,32.012915],[35.074165,32.012886],[35.072544,32.013433],[35.069188,32.013251],[35.067738,32.013604],[35.065001,32.015311],[35.06468,32.015904],[35.064609,32.016491],[35.065248,32.018568],[35.065217,32.019727],[35.06468,32.020753],[35.063203,32.022377],[35.062911,32.023328],[35.062962,32.023749],[35.063797,32.024832],[35.06533,32.025606],[35.066322,32.025629],[35.068104,32.024631],[35.068728,32.024462]]],[[[35.348668,32.016464],[35.348839,32.014694],[35.347379,32.014537],[35.344347,32.014493],[35.343033,32.015487],[35.342118,32.016006],[35.341832,32.016008],[35.341062,32.014733],[35.340466,32.012001],[35.338544,32.010771],[35.337902,32.009886],[35.337348,32.009569],[35.337145,32.0098],[35.337067,32.01047],[35.337756,32.012839],[35.337544,32.014239],[35.336549,32.016091],[35.336535,32.016633],[35.336857,32.017318],[35.337583,32.017716],[35.33707,32.018123],[35.337422,32.018665],[35.339228,32.020702],[35.339846,32.021617],[35.340472,32.023094],[35.341437,32.024162],[35.342337,32.024533],[35.343217,32.024688],[35.345402,32.024508],[35.346121,32.024198],[35.34785,32.022962],[35.349305,32.02167],[35.349838,32.020684],[35.349994,32.019521],[35.350365,32.019478],[35.35088,32.01902],[35.35018,32.018321],[35.349679,32.01812],[35.349512,32.017622],[35.348668,32.016464]]],[[[35.128208,32.016319],[35.128143,32.014856],[35.125981,32.015379],[35.124746,32.014764],[35.122544,32.014723],[35.121257,32.014421],[35.12067,32.013965],[35.12013,32.013921],[35.119362,32.014105],[35.118958,32.015039],[35.11901,32.0158],[35.119483,32.016404],[35.120034,32.0168],[35.120921,32.017092],[35.121369,32.017768],[35.12237,32.018627],[35.124069,32.01921],[35.124854,32.020578],[35.125414,32.020903],[35.126031,32.020778],[35.127106,32.019712],[35.12855,32.019496],[35.129009,32.019284],[35.129061,32.019029],[35.128485,32.017814],[35.128208,32.016319]]],[[[35.164564,32.012028],[35.165697,32.012037],[35.166311,32.011457],[35.166808,32.010703],[35.168162,32.009828],[35.169465,32.009222],[35.17024,32.008627],[35.170207,32.007854],[35.169475,32.007267],[35.168361,32.007186],[35.167219,32.007432],[35.163847,32.009278],[35.162993,32.009495],[35.162284,32.010043],[35.161811,32.010131],[35.161904,32.011139],[35.162458,32.011849],[35.163241,32.012168],[35.164564,32.012028]]],[[[35.089025,32.006782],[35.090493,32.006973],[35.091275,32.006753],[35.091837,32.006331],[35.09217,32.00567],[35.093541,32.004011],[35.093417,32.003504],[35.092439,32.002451],[35.092176,32.000882],[35.09645,31.999672],[35.097327,31.999073],[35.098489,31.99782],[35.099458,31.996247],[35.100746,31.993663],[35.101131,31.99247],[35.102285,31.991256],[35.108653,31.987956],[35.110705,31.986597],[35.111211,31.985749],[35.111359,31.984539],[35.111761,31.983118],[35.116001,31.981465],[35.12043,31.974447],[35.121472,31.974187],[35.122456,31.974378],[35.123118,31.975367],[35.12388,31.975311],[35.124148,31.974965],[35.124237,31.974395],[35.124779,31.974358],[35.125044,31.974066],[35.124193,31.972299],[35.123939,31.972124],[35.122922,31.972281],[35.1224,31.97199],[35.121569,31.971844],[35.119547,31.971809],[35.119106,31.971586],[35.118967,31.971359],[35.119213,31.97011],[35.118427,31.968676],[35.117277,31.967389],[35.114808,31.967245],[35.113316,31.967429],[35.111857,31.968002],[35.108935,31.966734],[35.105449,31.965972],[35.103225,31.964652],[35.101618,31.963967],[35.100901,31.963876],[35.10002,31.963331],[35.098866,31.96333],[35.097361,31.963751],[35.096828,31.962591],[35.095701,31.961842],[35.09303,31.961338],[35.092141,31.961352],[35.090458,31.963022],[35.089248,31.963913],[35.087941,31.967816],[35.085629,31.969594],[35.083951,31.96973],[35.079919,31.970405],[35.077291,31.970625],[35.07606,31.969987],[35.075247,31.9707],[35.073725,31.971538],[35.070938,31.970763],[35.068018,31.972817],[35.065541,31.973726],[35.061295,31.975601],[35.060731,31.977278],[35.061066,31.979153],[35.060555,31.981511],[35.060262,31.984018],[35.059092,31.984024],[35.057228,31.989553],[35.05542,31.992497],[35.054924,31.993022],[35.0531,31.994291],[35.052887,31.994653],[35.051386,31.995198],[35.050386,31.996603],[35.050137,31.997723],[35.050225,31.999359],[35.051264,32.001251],[35.05193,32.001684],[35.054021,32.0021],[35.056578,32.002342],[35.061871,32.002509],[35.064048,32.003192],[35.068034,32.003337],[35.069804,32.00443],[35.071202,32.004868],[35.072297,32.004843],[35.07391,32.004412],[35.074505,32.004439],[35.075093,32.004691],[35.07638,32.005719],[35.077811,32.007175],[35.079131,32.007961],[35.079707,32.008139],[35.081745,32.008117],[35.085026,32.007033],[35.089025,32.006782]]],[[[35.115492,32.001813],[35.11227,32.002185],[35.11159,32.002755],[35.11147,32.003503],[35.111563,32.003893],[35.112255,32.004433],[35.113765,32.00475],[35.115009,32.004628],[35.116048,32.004294],[35.116677,32.00349],[35.116628,32.002795],[35.116323,32.002296],[35.115492,32.001813]]],[[[35.211689,31.930854],[35.208843,31.930596],[35.20859,31.930389],[35.208343,31.930413],[35.208107,31.930916],[35.206914,31.931935],[35.205649,31.931823],[35.205291,31.931925],[35.203845,31.930856],[35.203349,31.930139],[35.202312,31.930071],[35.201671,31.929437],[35.201512,31.928123],[35.201614,31.926462],[35.201165,31.925605],[35.19808,31.924409],[35.197061,31.923642],[35.195144,31.921194],[35.193418,31.917808],[35.192475,31.917267],[35.191812,31.917183],[35.190259,31.917545],[35.189195,31.918399],[35.187289,31.920622],[35.185873,31.923366],[35.184392,31.925413],[35.183687,31.926078],[35.180418,31.926296],[35.181033,31.930107],[35.180814,31.930479],[35.180423,31.930708],[35.178433,31.931071],[35.176762,31.931167],[35.173764,31.93341],[35.169254,31.933614],[35.167812,31.932699],[35.166061,31.931254],[35.164282,31.930688],[35.160604,31.931487],[35.159033,31.932076],[35.155711,31.931753],[35.153175,31.931954],[35.152387,31.932106],[35.152015,31.932357],[35.151817,31.932725],[35.151599,31.934577],[35.151601,31.936986],[35.151876,31.939791],[35.153618,31.944472],[35.153798,31.945763],[35.153194,31.946726],[35.151434,31.948763],[35.147939,31.949023],[35.146078,31.949876],[35.146049,31.950331],[35.145683,31.950707],[35.146435,31.952419],[35.146467,31.953121],[35.146205,31.953598],[35.14673,31.954935],[35.146599,31.957788],[35.14684,31.958809],[35.147484,31.960036],[35.153027,31.964321],[35.155024,31.966476],[35.15719,31.969489],[35.157731,31.971879],[35.157586,31.973751],[35.156205,31.976524],[35.154368,31.978929],[35.152619,31.980378],[35.153416,31.981507],[35.153753,31.982426],[35.151629,31.984402],[35.149005,31.98396],[35.147921,31.986086],[35.144544,31.990665],[35.144193,31.991332],[35.14401,31.992253],[35.143903,31.995392],[35.143348,31.996832],[35.142589,31.997918],[35.142488,31.998668],[35.142584,31.999982],[35.144336,32.002431],[35.144476,32.003189],[35.144264,32.004002],[35.144352,32.004264],[35.145043,32.004507],[35.145489,32.003608],[35.146357,32.003113],[35.149,32.000763],[35.150252,32.00155],[35.150307,32.001808],[35.149818,32.002653],[35.150568,32.003639],[35.152015,32.003367],[35.152275,32.003784],[35.152771,32.003816],[35.153627,32.003267],[35.154073,32.00319],[35.161544,32.004396],[35.16477,32.003272],[35.168191,32.002607],[35.168695,32.001432],[35.168656,31.999993],[35.169453,31.998006],[35.170531,31.997353],[35.174853,31.995374],[35.178634,31.992541],[35.182349,31.988957],[35.185351,31.98542],[35.187649,31.983446],[35.190897,31.981815],[35.193574,31.980931],[35.19565,31.981003],[35.197726,31.981668],[35.198911,31.98185],[35.200916,31.981391],[35.203748,31.980232],[35.205065,31.980069],[35.205256,31.981252],[35.206602,31.982473],[35.209456,31.984323],[35.211228,31.984073],[35.214268,31.984088],[35.21978,31.984478],[35.222492,31.984849],[35.224335,31.985747],[35.226892,31.986344],[35.228,31.986205],[35.22971,31.985499],[35.232582,31.983487],[35.233348,31.983107],[35.23378,31.983125],[35.234366,31.98379],[35.235711,31.984128],[35.236547,31.98453],[35.237018,31.985117],[35.23722,31.985701],[35.236904,31.987239],[35.236208,31.98795],[35.235895,31.988609],[35.234684,31.988843],[35.23317,31.989439],[35.232978,31.989644],[35.232976,31.993936],[35.233575,31.994996],[35.235041,31.995062],[35.236106,31.993962],[35.238283,31.992753],[35.239118,31.992755],[35.240117,31.992527],[35.241781,31.991247],[35.241972,31.990277],[35.242776,31.988495],[35.242904,31.986605],[35.243606,31.984098],[35.243731,31.980361],[35.244634,31.978599],[35.244918,31.976803],[35.247063,31.975657],[35.248459,31.974024],[35.249597,31.973858],[35.250107,31.973565],[35.250554,31.97249],[35.249964,31.970699],[35.248964,31.969359],[35.248087,31.967955],[35.247874,31.96724],[35.247113,31.966216],[35.244914,31.964836],[35.243107,31.964341],[35.240612,31.964548],[35.23874,31.964227],[35.238064,31.963781],[35.236857,31.962482],[35.234016,31.962324],[35.232792,31.961296],[35.231672,31.961091],[35.231588,31.959749],[35.231929,31.959466],[35.232057,31.958921],[35.231771,31.95783],[35.232105,31.95708],[35.231745,31.95615],[35.230789,31.956175],[35.229596,31.9576],[35.228891,31.957818],[35.228575,31.957455],[35.228583,31.956089],[35.228321,31.954979],[35.227849,31.954594],[35.227459,31.954532],[35.227012,31.954694],[35.226627,31.955091],[35.225736,31.956774],[35.223755,31.957413],[35.221216,31.956587],[35.216887,31.954073],[35.215862,31.953756],[35.214292,31.953583],[35.213928,31.950406],[35.214195,31.948101],[35.214045,31.946579],[35.211817,31.945],[35.210148,31.944899],[35.209744,31.944639],[35.210397,31.942427],[35.211915,31.941997],[35.212476,31.940108],[35.212278,31.93838],[35.211661,31.937796],[35.211251,31.937121],[35.210514,31.934379],[35.211689,31.930854]]],[[[35.04625,31.993773],[35.046061,31.990324],[35.046643,31.989856],[35.048336,31.989105],[35.048598,31.987954],[35.04859,31.987119],[35.048349,31.986771],[35.047402,31.986789],[35.046095,31.987697],[35.045329,31.987829],[35.044608,31.987225],[35.044169,31.985365],[35.043134,31.98426],[35.041539,31.984471],[35.039853,31.984962],[35.038115,31.983276],[35.03689,31.982532],[35.036443,31.982406],[35.035347,31.982443],[35.034463,31.983041],[35.034331,31.984475],[35.033964,31.984931],[35.032959,31.985067],[35.032023,31.984824],[35.030613,31.984865],[35.029563,31.98583],[35.029784,31.98686],[35.030558,31.987424],[35.031235,31.98771],[35.036034,31.988717],[35.036727,31.989407],[35.03798,31.991388],[35.0391,31.992498],[35.040537,31.993416],[35.043206,31.993384],[35.04484,31.993995],[35.045776,31.99395],[35.04625,31.993773]]],[[[35.011834,31.981696],[35.012663,31.981124],[35.013636,31.980959],[35.014844,31.981051],[35.015986,31.980936],[35.019086,31.97889],[35.019376,31.978546],[35.019379,31.977993],[35.018193,31.97754],[35.017874,31.976903],[35.017961,31.976496],[35.018777,31.975933],[35.019172,31.975308],[35.017843,31.975124],[35.017393,31.975272],[35.016278,31.976043],[35.015048,31.976082],[35.014146,31.97543],[35.013417,31.974035],[35.01264,31.973461],[35.011412,31.973102],[35.010493,31.972112],[35.010102,31.971886],[35.009522,31.972458],[35.009411,31.973304],[35.009283,31.973379],[35.007686,31.97347],[35.006958,31.973358],[35.006621,31.973472],[35.004692,31.972577],[35.003973,31.972584],[35.003537,31.972756],[35.00309,31.973259],[35.002806,31.9739],[35.002141,31.974609],[35.002001,31.975136],[35.002114,31.975561],[35.002416,31.975889],[35.00407,31.976283],[35.004451,31.976579],[35.004751,31.977133],[35.004517,31.977755],[35.003697,31.978223],[35.003327,31.978652],[35.003243,31.979048],[35.003385,31.979668],[35.004551,31.979918],[35.005684,31.979934],[35.00672,31.979625],[35.007623,31.980034],[35.00834,31.980761],[35.009373,31.981451],[35.011834,31.981696]]],[[[35.053368,31.971955],[35.053025,31.971325],[35.052087,31.970736],[35.051509,31.970675],[35.050575,31.970843],[35.049674,31.971917],[35.047478,31.971929],[35.046746,31.972208],[35.046271,31.972959],[35.046123,31.97421],[35.048837,31.975634],[35.049429,31.976395],[35.049734,31.977237],[35.051627,31.977155],[35.052346,31.9765],[35.052844,31.975609],[35.053287,31.973249],[35.053368,31.971955]]],[[[35.294759,31.971273],[35.29616,31.971196],[35.297401,31.970317],[35.299499,31.970251],[35.301412,31.970821],[35.30303,31.972083],[35.303973,31.972066],[35.304808,31.971685],[35.305378,31.971628],[35.306749,31.972091],[35.307547,31.972593],[35.309141,31.972737],[35.309888,31.972504],[35.310477,31.972099],[35.312256,31.969693],[35.312714,31.967755],[35.313348,31.96685],[35.314712,31.965915],[35.316097,31.965622],[35.317142,31.964904],[35.318427,31.961296],[35.318898,31.960371],[35.31938,31.959964],[35.322208,31.958588],[35.322643,31.956702],[35.323213,31.956043],[35.324143,31.954488],[35.324621,31.953382],[35.324652,31.952788],[35.323819,31.951257],[35.323417,31.949711],[35.322944,31.949396],[35.322522,31.949489],[35.322232,31.949965],[35.322237,31.951913],[35.321924,31.952855],[35.321657,31.951158],[35.319769,31.948556],[35.319484,31.947892],[35.319484,31.947153],[35.320048,31.944568],[35.31984,31.943444],[35.319528,31.94312],[35.317475,31.942126],[35.316842,31.94085],[35.316633,31.939557],[35.315454,31.938796],[35.314558,31.938529],[35.314184,31.938153],[35.313809,31.936397],[35.31423,31.935378],[35.314159,31.934245],[35.313223,31.93167],[35.312899,31.9314],[35.310138,31.930393],[35.309862,31.930067],[35.310011,31.928882],[35.311433,31.926132],[35.311657,31.925189],[35.311533,31.924584],[35.311111,31.924022],[35.309361,31.923279],[35.309505,31.921671],[35.31001,31.919947],[35.30996,31.918544],[35.309007,31.918044],[35.30629,31.917313],[35.306389,31.91613],[35.307075,31.915162],[35.30748,31.914264],[35.307505,31.913327],[35.307288,31.912095],[35.307493,31.909282],[35.308312,31.907925],[35.30854,31.906923],[35.30809,31.903151],[35.308788,31.901247],[35.308631,31.900881],[35.30731,31.900119],[35.307537,31.896343],[35.302317,31.894991],[35.299101,31.895682],[35.295788,31.895897],[35.293419,31.896505],[35.292204,31.895685],[35.288003,31.894508],[35.285612,31.895016],[35.283474,31.894947],[35.281074,31.895099],[35.27991,31.894732],[35.27858,31.895773],[35.276659,31.89802],[35.275431,31.900086],[35.274057,31.900389],[35.273213,31.900982],[35.272544,31.901911],[35.272384,31.902577],[35.271837,31.903327],[35.270674,31.903786],[35.269894,31.90364],[35.269258,31.903744],[35.268888,31.904033],[35.268178,31.905084],[35.265887,31.906279],[35.265425,31.907037],[35.262811,31.907634],[35.257896,31.909585],[35.256592,31.910332],[35.255041,31.911779],[35.251528,31.915804],[35.251556,31.917296],[35.252258,31.918481],[35.253117,31.919288],[35.253391,31.91976],[35.253535,31.920952],[35.253188,31.921882],[35.253151,31.92294],[35.253372,31.923608],[35.254482,31.924523],[35.25595,31.925253],[35.257024,31.926358],[35.258942,31.927793],[35.260117,31.928271],[35.264882,31.932937],[35.265496,31.932652],[35.267598,31.933933],[35.270845,31.938369],[35.272514,31.940927],[35.27669,31.948825],[35.280872,31.954754],[35.282529,31.957902],[35.284333,31.960081],[35.287799,31.962865],[35.288849,31.962872],[35.285093,31.966175],[35.284794,31.966173],[35.282964,31.964407],[35.282672,31.964369],[35.281272,31.964968],[35.28092,31.967165],[35.28098,31.968275],[35.281162,31.968813],[35.281724,31.969619],[35.282504,31.970275],[35.283686,31.969947],[35.282365,31.97098],[35.28183,31.971997],[35.281896,31.972912],[35.28217,31.973015],[35.2938,31.972482],[35.293772,31.971374],[35.294759,31.971273]]],[[[34.996547,31.969115],[34.997908,31.968336],[34.999031,31.967199],[34.99899,31.966252],[34.998682,31.965612],[34.996966,31.964409],[34.992958,31.965338],[34.99102,31.965496],[34.989319,31.968577],[34.989372,31.969111],[34.98957,31.969317],[34.991754,31.969063],[34.993229,31.969893],[34.994033,31.970005],[34.994535,31.969966],[34.996547,31.969115]]],[[[35.24557,31.958029],[35.247949,31.958207],[35.248435,31.958075],[35.249788,31.957248],[35.251783,31.957121],[35.252891,31.956167],[35.253531,31.95523],[35.253584,31.953225],[35.25302,31.946643],[35.251924,31.943249],[35.251292,31.941829],[35.249476,31.939249],[35.2489,31.939445],[35.247544,31.938848],[35.246143,31.938627],[35.24495,31.937976],[35.244755,31.938368],[35.24473,31.938911],[35.245324,31.940277],[35.245034,31.941894],[35.245714,31.942037],[35.245689,31.940863],[35.247004,31.941149],[35.247034,31.941381],[35.24631,31.94265],[35.244753,31.943603],[35.243342,31.945996],[35.243152,31.946771],[35.243366,31.947921],[35.24298,31.948575],[35.24308,31.949104],[35.242929,31.950252],[35.242423,31.951228],[35.241091,31.951954],[35.240094,31.952922],[35.239867,31.954475],[35.240889,31.955174],[35.240628,31.956041],[35.240721,31.956639],[35.241446,31.957682],[35.24231,31.95842],[35.243579,31.958971],[35.2442,31.958525],[35.24557,31.958029]]],[[[35.046876,31.954301],[35.049305,31.953931],[35.049763,31.953727],[35.050144,31.95325],[35.050408,31.952087],[35.0514,31.951183],[35.05525,31.950787],[35.056271,31.94993],[35.054275,31.949034],[35.051685,31.94864],[35.04936,31.948706],[35.048174,31.948501],[35.045257,31.946666],[35.043907,31.94682],[35.042536,31.947464],[35.041475,31.948291],[35.040711,31.949189],[35.040849,31.950122],[35.043914,31.951662],[35.044143,31.953457],[35.04485,31.954398],[35.046876,31.954301]]],[[[35.026726,31.946165],[35.028581,31.945196],[35.031337,31.944357],[35.031607,31.94389],[35.031474,31.943364],[35.031127,31.943069],[35.030561,31.942994],[35.028809,31.943375],[35.022519,31.944087],[35.021703,31.945386],[35.020844,31.945744],[35.020036,31.945507],[35.019357,31.944661],[35.018791,31.944289],[35.017037,31.944088],[35.016301,31.943098],[35.014926,31.94248],[35.014662,31.941534],[35.014447,31.941347],[35.013893,31.941361],[35.013139,31.941719],[35.012166,31.94252],[35.011954,31.942989],[35.012171,31.943524],[35.013314,31.943477],[35.013565,31.943635],[35.013784,31.943979],[35.013831,31.944458],[35.014501,31.945014],[35.016044,31.94486],[35.016113,31.945025],[35.015656,31.946102],[35.015137,31.946766],[35.014613,31.947086],[35.014541,31.947631],[35.0151,31.948049],[35.015977,31.948114],[35.016795,31.948839],[35.016756,31.949092],[35.01588,31.949803],[35.015759,31.950441],[35.015907,31.950821],[35.017723,31.951995],[35.019283,31.953255],[35.020398,31.953168],[35.021362,31.952557],[35.023905,31.951633],[35.024228,31.951004],[35.024137,31.949491],[35.026032,31.948485],[35.02625,31.947736],[35.025988,31.947279],[35.02597,31.94663],[35.026122,31.946408],[35.026726,31.946165]]],[[[35.109224,31.946474],[35.110873,31.944924],[35.111347,31.943821],[35.113792,31.944029],[35.116007,31.943758],[35.121474,31.943955],[35.122129,31.943838],[35.124975,31.942011],[35.125311,31.94165],[35.125034,31.940847],[35.127215,31.940957],[35.127823,31.94002],[35.127854,31.939606],[35.127646,31.93923],[35.127143,31.938856],[35.125636,31.938537],[35.123521,31.937403],[35.121375,31.93704],[35.119721,31.937255],[35.119144,31.936567],[35.117961,31.93583],[35.116998,31.935537],[35.115934,31.935611],[35.11496,31.935073],[35.114043,31.935574],[35.112623,31.936829],[35.109864,31.938602],[35.109461,31.939047],[35.109025,31.93994],[35.108615,31.940337],[35.106662,31.941462],[35.104543,31.941762],[35.101733,31.944865],[35.101816,31.945242],[35.102872,31.946423],[35.103479,31.946423],[35.103827,31.948078],[35.103518,31.948881],[35.103554,31.949783],[35.105011,31.950947],[35.106455,31.95154],[35.107321,31.951508],[35.108172,31.951126],[35.108179,31.950423],[35.107689,31.949744],[35.107725,31.948164],[35.108499,31.946908],[35.109224,31.946474]]],[[[35.075144,31.949828],[35.076273,31.949956],[35.076746,31.949785],[35.078577,31.947888],[35.08024,31.94747],[35.081074,31.946967],[35.081258,31.946553],[35.081118,31.946024],[35.080601,31.945759],[35.078723,31.94568],[35.078022,31.944409],[35.07731,31.944002],[35.073952,31.943623],[35.0733,31.943013],[35.071819,31.940979],[35.07065,31.940213],[35.069765,31.939886],[35.068456,31.94049],[35.067881,31.941267],[35.067639,31.942006],[35.067376,31.944787],[35.067437,31.94577],[35.067843,31.947304],[35.068738,31.948321],[35.069599,31.949775],[35.072411,31.950515],[35.072836,31.950865],[35.073865,31.950771],[35.075144,31.949828]]],[[[35.036726,31.942608],[35.035562,31.942708],[35.034744,31.943332],[35.03437,31.944293],[35.034363,31.945344],[35.034672,31.945985],[35.034954,31.946076],[35.036358,31.945778],[35.03905,31.944764],[35.039005,31.94387],[35.038844,31.943648],[35.037675,31.942826],[35.036726,31.942608]]],[[[35.009292,31.933106],[35.008745,31.932941],[35.004319,31.937638],[35.004407,31.938562],[35.005205,31.938819],[35.005997,31.938806],[35.006819,31.938061],[35.009303,31.936941],[35.009523,31.936457],[35.009463,31.933681],[35.009292,31.933106]]],[[[35.092751,31.933562],[35.096656,31.933682],[35.09953,31.935094],[35.100749,31.934433],[35.101503,31.933047],[35.102265,31.93227],[35.103232,31.931634],[35.103454,31.931012],[35.105114,31.928857],[35.107386,31.927004],[35.108744,31.924808],[35.109253,31.922672],[35.110207,31.92172],[35.111328,31.921334],[35.116289,31.921185],[35.116725,31.92138],[35.118106,31.922572],[35.119093,31.922947],[35.120508,31.922404],[35.122404,31.921976],[35.123602,31.920652],[35.124155,31.920375],[35.12511,31.920376],[35.126448,31.920977],[35.126929,31.92101],[35.127314,31.920784],[35.128189,31.919544],[35.129405,31.918366],[35.131085,31.917716],[35.131466,31.916824],[35.131704,31.915739],[35.131635,31.91533],[35.131231,31.914941],[35.130326,31.914867],[35.12836,31.915452],[35.126555,31.915042],[35.125317,31.915513],[35.124485,31.915606],[35.123672,31.915331],[35.122713,31.914599],[35.120892,31.9141],[35.119538,31.91434],[35.118429,31.915119],[35.113935,31.913151],[35.11291,31.912884],[35.108498,31.912425],[35.106818,31.912597],[35.105193,31.912978],[35.105116,31.910152],[35.103919,31.910319],[35.101568,31.909965],[35.101313,31.909803],[35.100883,31.908916],[35.100482,31.908497],[35.099287,31.908066],[35.098387,31.907252],[35.097581,31.907137],[35.096971,31.90686],[35.09541,31.907005],[35.0938,31.907856],[35.092674,31.908207],[35.089365,31.90798],[35.087911,31.90841],[35.087107,31.908541],[35.08644,31.908387],[35.085885,31.908645],[35.084458,31.908035],[35.083746,31.907894],[35.08148,31.908152],[35.079779,31.908157],[35.078004,31.908737],[35.077191,31.909632],[35.076212,31.911115],[35.074385,31.911943],[35.073782,31.91243],[35.073713,31.912942],[35.074459,31.914766],[35.075035,31.915182],[35.075188,31.915553],[35.074723,31.916517],[35.07416,31.917055],[35.073265,31.917459],[35.071643,31.917701],[35.070475,31.918208],[35.069737,31.918301],[35.068994,31.919161],[35.068232,31.919528],[35.065886,31.919784],[35.062931,31.920505],[35.06034,31.920813],[35.059866,31.921392],[35.061887,31.922947],[35.062955,31.924363],[35.063519,31.92575],[35.063704,31.926847],[35.063688,31.928927],[35.063004,31.931933],[35.063781,31.932135],[35.06536,31.933588],[35.066465,31.93412],[35.068729,31.934051],[35.069845,31.933558],[35.070426,31.933466],[35.071066,31.933534],[35.071713,31.933855],[35.071894,31.934255],[35.071895,31.935517],[35.072338,31.936468],[35.074185,31.938463],[35.074783,31.938782],[35.076378,31.938805],[35.077036,31.93865],[35.07931,31.937023],[35.081978,31.936931],[35.083578,31.936672],[35.086694,31.935148],[35.089553,31.935058],[35.091076,31.93479],[35.092318,31.933737],[35.092751,31.933562]]],[[[35.242505,31.933163],[35.24266,31.933144],[35.243231,31.934141],[35.243939,31.933944],[35.244394,31.934507],[35.245111,31.934118],[35.245018,31.929369],[35.244728,31.927558],[35.245601,31.925529],[35.246084,31.923925],[35.244833,31.923537],[35.244634,31.922303],[35.244279,31.92186],[35.24353,31.921596],[35.242803,31.92192],[35.242219,31.92282],[35.241712,31.924752],[35.241326,31.925201],[35.2401,31.924803],[35.238931,31.924958],[35.238736,31.924432],[35.23853,31.922646],[35.237492,31.922674],[35.237341,31.923634],[35.237478,31.924297],[35.236617,31.924299],[35.235858,31.923706],[35.234931,31.923676],[35.234613,31.924783],[35.234109,31.925345],[35.23074,31.925396],[35.230435,31.926138],[35.230678,31.926778],[35.231394,31.927632],[35.232378,31.928265],[35.233344,31.928582],[35.23537,31.9297],[35.236279,31.930707],[35.236711,31.930969],[35.239888,31.931238],[35.240225,31.932486],[35.240866,31.93316],[35.240627,31.933439],[35.240366,31.93347],[35.240492,31.934423],[35.240851,31.934844],[35.241156,31.934844],[35.241373,31.934659],[35.24139,31.933991],[35.24161,31.933419],[35.242505,31.933163]]],[[[35.179384,31.92635],[35.177755,31.926473],[35.176587,31.925679],[35.17466,31.92559],[35.172669,31.924422],[35.169592,31.924489],[35.171164,31.925858],[35.17148,31.928761],[35.172352,31.928661],[35.173188,31.928881],[35.173821,31.929334],[35.17432,31.93005],[35.174841,31.929924],[35.175294,31.929306],[35.179177,31.927212],[35.179387,31.926864],[35.179384,31.92635]]],[[[35.152309,31.928922],[35.15257,31.928585],[35.152564,31.927637],[35.152689,31.927392],[35.153071,31.927146],[35.154121,31.926912],[35.154527,31.926488],[35.1545,31.925758],[35.154083,31.925366],[35.153161,31.925239],[35.151883,31.925521],[35.150189,31.925195],[35.149794,31.925399],[35.149109,31.926174],[35.147627,31.925919],[35.147191,31.926313],[35.147056,31.927024],[35.146788,31.927364],[35.144716,31.928003],[35.144645,31.928476],[35.144806,31.928684],[35.145689,31.92892],[35.148056,31.928985],[35.149795,31.929654],[35.152309,31.928922]]],[[[35.166084,31.912044],[35.165256,31.912162],[35.164764,31.913375],[35.165034,31.914274],[35.166019,31.915961],[35.166084,31.912044]]],[[[35.062385,31.91049],[35.078497,31.90157],[35.080372,31.902508],[35.081804,31.902442],[35.083615,31.901588],[35.085978,31.899622],[35.08842,31.898302],[35.092533,31.898718],[35.094555,31.897901],[35.095378,31.89735],[35.095335,31.896443],[35.09556,31.89505],[35.096321,31.893737],[35.0963,31.893113],[35.095401,31.892685],[35.093851,31.893027],[35.091376,31.892878],[35.089826,31.893799],[35.088055,31.894034],[35.086941,31.893937],[35.08494,31.893428],[35.078485,31.893139],[35.077057,31.893315],[35.073564,31.894343],[35.072369,31.894506],[35.070211,31.894204],[35.068518,31.893503],[35.067899,31.893471],[35.06726,31.893607],[35.068755,31.894152],[35.068144,31.894456],[35.065053,31.894477],[35.063308,31.895086],[35.061677,31.896207],[35.062362,31.897039],[35.062782,31.897032],[35.0634,31.897586],[35.063499,31.898115],[35.063185,31.898807],[35.060667,31.9011],[35.060546,31.902324],[35.059372,31.90289],[35.055801,31.905106],[35.054813,31.906363],[35.054274,31.908363],[35.052788,31.909634],[35.05269,31.910794],[35.053612,31.911116],[35.058757,31.910128],[35.058718,31.910592],[35.057231,31.911866],[35.057082,31.912619],[35.05913,31.912438],[35.062385,31.91049]]],[[[35.143587,31.909868],[35.144047,31.909864],[35.144587,31.910247],[35.145746,31.910317],[35.146305,31.910101],[35.147135,31.909223],[35.147238,31.908701],[35.146766,31.907523],[35.146762,31.906294],[35.146989,31.905532],[35.147666,31.904665],[35.148515,31.902549],[35.148354,31.901641],[35.147641,31.901442],[35.146676,31.901733],[35.145861,31.902153],[35.144757,31.903045],[35.143501,31.904484],[35.142346,31.905445],[35.141571,31.906916],[35.140807,31.907906],[35.139306,31.909253],[35.137555,31.910412],[35.137182,31.910894],[35.137114,31.911467],[35.137315,31.911834],[35.137701,31.912076],[35.139873,31.911822],[35.142071,31.910169],[35.142723,31.909927],[35.143587,31.909868]]],[[[35.165863,31.907564],[35.164374,31.908127],[35.163726,31.90936],[35.16403,31.910121],[35.165932,31.911042],[35.165863,31.907564]]],[[[35.256828,31.894201],[35.256742,31.893141],[35.255911,31.8922],[35.254236,31.892554],[35.252233,31.894049],[35.251644,31.893901],[35.251152,31.893986],[35.251053,31.894542],[35.250662,31.894998],[35.251871,31.897709],[35.251828,31.898551],[35.252098,31.899645],[35.254044,31.900337],[35.254761,31.901185],[35.255116,31.902851],[35.255987,31.903591],[35.256657,31.903465],[35.257288,31.90267],[35.257305,31.902421],[35.258553,31.901175],[35.258723,31.900656],[35.258658,31.899983],[35.258304,31.899315],[35.256627,31.897608],[35.25651,31.895392],[35.256828,31.894201]]],[[[35.164662,31.898099],[35.164393,31.897785],[35.162849,31.897161],[35.162377,31.896628],[35.162142,31.895673],[35.162172,31.893925],[35.160763,31.894485],[35.160278,31.895437],[35.15932,31.896395],[35.159306,31.897131],[35.159454,31.897509],[35.16048,31.898111],[35.161722,31.898261],[35.164662,31.898099]]],[[[35.165394,31.890079],[35.16476,31.890169],[35.163824,31.89003],[35.163153,31.890515],[35.162622,31.892612],[35.163957,31.891767],[35.165394,31.890079]]],[[[35.046914,31.891458],[35.050851,31.891625],[35.051699,31.891305],[35.051564,31.890757],[35.050848,31.890123],[35.050529,31.889236],[35.05066,31.888238],[35.051706,31.887041],[35.051696,31.886354],[35.051257,31.885773],[35.050093,31.885169],[35.047811,31.885352],[35.046174,31.884572],[35.045462,31.884482],[35.044612,31.884902],[35.044615,31.885537],[35.043583,31.885495],[35.043116,31.886233],[35.042168,31.88723],[35.042786,31.888561],[35.043213,31.888887],[35.043372,31.889562],[35.043746,31.890098],[35.045699,31.892284],[35.04596,31.891725],[35.046914,31.891458]]],[[[35.072682,31.888711],[35.077037,31.888764],[35.077847,31.88873],[35.078317,31.888499],[35.078935,31.887952],[35.080015,31.886323],[35.080166,31.885814],[35.07972,31.884431],[35.078679,31.884278],[35.076217,31.883467],[35.070714,31.882956],[35.069771,31.882398],[35.068238,31.881794],[35.067317,31.882392],[35.066512,31.8835],[35.065304,31.88447],[35.063926,31.884781],[35.062569,31.885322],[35.062052,31.886738],[35.06211,31.888196],[35.062535,31.888847],[35.063093,31.889095],[35.063868,31.88908],[35.066388,31.888435],[35.067661,31.888427],[35.069979,31.889134],[35.072682,31.888711]]],[[[35.113794,31.888305],[35.116416,31.888716],[35.11763,31.88827],[35.119494,31.884718],[35.119665,31.883011],[35.119385,31.88237],[35.118269,31.882324],[35.115792,31.883702],[35.114597,31.884801],[35.112981,31.88473],[35.111866,31.885033],[35.111216,31.885449],[35.110395,31.886391],[35.110049,31.887223],[35.110058,31.888167],[35.110755,31.888901],[35.11161,31.889005],[35.113794,31.888305]]],[[[35.171481,31.882417],[35.17093,31.88132],[35.17017,31.880721],[35.168318,31.880659],[35.167457,31.881638],[35.167595,31.882813],[35.168055,31.883582],[35.167857,31.884574],[35.166375,31.885413],[35.166142,31.885778],[35.166278,31.886598],[35.166242,31.888827],[35.166614,31.8884],[35.168486,31.88466],[35.169606,31.883503],[35.171481,31.882417]]],[[[35.171829,31.882461],[35.173169,31.884406],[35.17391,31.885199],[35.175471,31.886612],[35.176206,31.886642],[35.176233,31.885765],[35.176659,31.884626],[35.176829,31.883536],[35.176599,31.880984],[35.176344,31.880499],[35.175578,31.880007],[35.174681,31.88005],[35.174008,31.880667],[35.172971,31.882345],[35.172312,31.882521],[35.171829,31.882461]]],[[[35.067548,31.875328],[35.068603,31.875343],[35.071188,31.87639],[35.073007,31.875168],[35.073463,31.874696],[35.073637,31.873782],[35.074271,31.873457],[35.074149,31.872841],[35.073015,31.871046],[35.072882,31.869249],[35.07264,31.868559],[35.070975,31.867468],[35.070116,31.866444],[35.068747,31.866555],[35.066794,31.867009],[35.065748,31.866921],[35.065176,31.866659],[35.063912,31.867086],[35.063171,31.867099],[35.059698,31.866052],[35.058536,31.865441],[35.056968,31.865542],[35.056045,31.865893],[35.056079,31.866458],[35.056684,31.867358],[35.05563,31.868044],[35.055725,31.868555],[35.057414,31.870425],[35.061679,31.873515],[35.062946,31.874939],[35.06375,31.874926],[35.064378,31.87472],[35.065167,31.875295],[35.065645,31.876592],[35.06644,31.876517],[35.067155,31.875538],[35.067548,31.875328]]],[[[35.27746,31.875672],[35.278187,31.875209],[35.279208,31.87537],[35.28029,31.876151],[35.281109,31.876181],[35.28177,31.875674],[35.282116,31.874638],[35.281924,31.873964],[35.281315,31.87327],[35.282071,31.871775],[35.282758,31.871268],[35.283038,31.869547],[35.281549,31.869512],[35.2807,31.869198],[35.279177,31.869193],[35.278054,31.869461],[35.269318,31.869073],[35.268922,31.869609],[35.269463,31.87123],[35.268943,31.871505],[35.26763,31.871392],[35.267163,31.871198],[35.266289,31.871596],[35.266492,31.872705],[35.267296,31.873855],[35.270449,31.873248],[35.271938,31.873716],[35.274071,31.874578],[35.274089,31.876224],[35.27522,31.876597],[35.276622,31.876454],[35.27746,31.875672]]],[[[35.193187,31.873984],[35.194562,31.874094],[35.197324,31.873887],[35.198305,31.873314],[35.19828,31.872365],[35.197799,31.871528],[35.196303,31.870468],[35.195255,31.869899],[35.193518,31.869326],[35.192029,31.869342],[35.190937,31.869645],[35.189548,31.870408],[35.188747,31.871382],[35.188261,31.872698],[35.188244,31.873134],[35.188694,31.873924],[35.189226,31.874471],[35.190878,31.874939],[35.191469,31.874821],[35.192449,31.874156],[35.193187,31.873984]]],[[[35.129781,31.872108],[35.131299,31.87218],[35.132418,31.871763],[35.13272,31.87065],[35.132197,31.869711],[35.131675,31.869366],[35.12973,31.868888],[35.127721,31.868823],[35.127173,31.868478],[35.125416,31.868012],[35.124404,31.868276],[35.122014,31.868281],[35.121852,31.868478],[35.121263,31.868533],[35.120498,31.868997],[35.120008,31.870534],[35.120138,31.870908],[35.121326,31.871716],[35.122754,31.871694],[35.124165,31.871434],[35.124706,31.871515],[35.125466,31.87207],[35.126288,31.87297],[35.126733,31.873117],[35.128151,31.872944],[35.129781,31.872108]]],[[[35.207687,31.860656],[35.207064,31.860762],[35.20702,31.86157],[35.206588,31.862606],[35.205847,31.86275],[35.205519,31.863045],[35.205322,31.863699],[35.205322,31.864454],[35.20885,31.862749],[35.208967,31.861277],[35.207687,31.860656]]],[[[35.200358,31.853327],[35.203089,31.853545],[35.205256,31.853938],[35.20781,31.853037],[35.209612,31.853152],[35.210628,31.851771],[35.210709,31.85122],[35.210428,31.85072],[35.209774,31.850285],[35.208246,31.84994],[35.207278,31.849954],[35.205554,31.848961],[35.204049,31.848948],[35.201907,31.84963],[35.200205,31.849759],[35.199103,31.849375],[35.198309,31.848344],[35.197612,31.847953],[35.196537,31.847915],[35.195374,31.8484],[35.194957,31.849053],[35.194768,31.850491],[35.194366,31.851307],[35.191895,31.852915],[35.191891,31.854492],[35.192224,31.854533],[35.194117,31.855674],[35.194803,31.855871],[35.195409,31.856378],[35.195975,31.860796],[35.196797,31.862105],[35.198318,31.862248],[35.198973,31.861775],[35.199427,31.861092],[35.199542,31.85933],[35.198817,31.855893],[35.198765,31.85467],[35.199199,31.853702],[35.200358,31.853327]]],[[[35.133621,31.861432],[35.135056,31.860936],[35.137536,31.860531],[35.139272,31.859292],[35.138292,31.857853],[35.137308,31.856915],[35.135862,31.856305],[35.135044,31.856151],[35.132683,31.856249],[35.130342,31.857403],[35.12698,31.857522],[35.12606,31.857951],[35.125827,31.858459],[35.125739,31.859061],[35.126136,31.861239],[35.127292,31.861461],[35.12982,31.861462],[35.131565,31.862031],[35.133621,31.861432]]],[[[35.260064,31.860912],[35.264039,31.860363],[35.264731,31.859817],[35.264873,31.85958],[35.264732,31.858267],[35.263672,31.856703],[35.262002,31.856154],[35.260639,31.856197],[35.257645,31.855916],[35.254948,31.855941],[35.253066,31.856394],[35.251502,31.857265],[35.250991,31.858535],[35.250832,31.859674],[35.251227,31.860826],[35.25246,31.861371],[35.252949,31.861402],[35.254285,31.860992],[35.255233,31.860882],[35.256129,31.861162],[35.256999,31.861785],[35.257911,31.861808],[35.258901,31.861511],[35.260064,31.860912]]],[[[35.250898,31.851364],[35.251131,31.850825],[35.251163,31.850174],[35.250541,31.848367],[35.249388,31.847661],[35.248783,31.847653],[35.246815,31.847887],[35.245934,31.848594],[35.244764,31.850762],[35.243458,31.851269],[35.24243,31.851297],[35.241682,31.850559],[35.241339,31.848132],[35.240256,31.847275],[35.239519,31.846444],[35.233669,31.844014],[35.232224,31.844031],[35.232009,31.84422],[35.230634,31.848585],[35.229971,31.849736],[35.228727,31.851273],[35.227383,31.853551],[35.228511,31.859453],[35.228843,31.860004],[35.229334,31.860321],[35.249265,31.853454],[35.250114,31.852969],[35.250726,31.852066],[35.250898,31.851364]]],[[[35.1154,31.852241],[35.116264,31.85207],[35.118059,31.852292],[35.119269,31.851803],[35.117589,31.850575],[35.117586,31.849726],[35.11988,31.847718],[35.120898,31.847785],[35.121511,31.847609],[35.122783,31.846039],[35.123731,31.845198],[35.126721,31.843617],[35.12891,31.842899],[35.132424,31.842275],[35.133535,31.841726],[35.135864,31.841713],[35.137866,31.841893],[35.13875,31.84173],[35.139284,31.841444],[35.142078,31.838483],[35.140192,31.836813],[35.13891,31.835029],[35.137459,31.835082],[35.135723,31.83652],[35.134844,31.836549],[35.134384,31.836468],[35.131928,31.835309],[35.130354,31.834904],[35.128962,31.834751],[35.126609,31.834927],[35.124518,31.834585],[35.124431,31.833911],[35.124142,31.833674],[35.124038,31.83278],[35.12331,31.831611],[35.123776,31.83012],[35.12371,31.829665],[35.123467,31.829331],[35.122979,31.829227],[35.122536,31.829353],[35.121372,31.830157],[35.119641,31.830343],[35.119231,31.829937],[35.119366,31.828735],[35.119239,31.828282],[35.117497,31.828012],[35.117294,31.82783],[35.117435,31.827472],[35.109481,31.8259],[35.10744,31.83214],[35.107458,31.832543],[35.108192,31.833308],[35.111404,31.833448],[35.113254,31.834054],[35.113423,31.834512],[35.113029,31.834882],[35.110241,31.835236],[35.109953,31.835567],[35.109093,31.835332],[35.108536,31.835689],[35.109307,31.836417],[35.109739,31.836289],[35.110263,31.836874],[35.11269,31.837225],[35.113398,31.837523],[35.113923,31.838081],[35.114611,31.838451],[35.116601,31.838432],[35.118338,31.840153],[35.11919,31.840198],[35.121367,31.839664],[35.123645,31.840056],[35.124367,31.840453],[35.124956,31.84126],[35.125066,31.842116],[35.124553,31.842821],[35.124268,31.842915],[35.122371,31.842867],[35.121039,31.842228],[35.120168,31.842006],[35.118576,31.842017],[35.118029,31.842247],[35.117354,31.842785],[35.116972,31.844953],[35.116576,31.845525],[35.113255,31.847068],[35.112454,31.847699],[35.112106,31.848597],[35.111176,31.849276],[35.10879,31.850007],[35.108343,31.850656],[35.108098,31.851865],[35.107822,31.852203],[35.107059,31.85249],[35.105422,31.852681],[35.104512,31.853036],[35.104284,31.854021],[35.105228,31.855354],[35.105074,31.855582],[35.103578,31.856161],[35.103264,31.856693],[35.103256,31.857095],[35.104197,31.85815],[35.105533,31.858483],[35.10617,31.858386],[35.106922,31.857768],[35.106982,31.856778],[35.108752,31.856247],[35.110587,31.856021],[35.110757,31.855327],[35.112471,31.854568],[35.11323,31.853835],[35.113237,31.853394],[35.114536,31.853138],[35.1154,31.852241]]],[[[35.183684,31.854945],[35.185821,31.855107],[35.186498,31.854105],[35.187751,31.853463],[35.187773,31.85293],[35.18708,31.851493],[35.187077,31.850084],[35.189096,31.848642],[35.189438,31.847997],[35.188724,31.847891],[35.186391,31.848431],[35.184442,31.848615],[35.183177,31.849324],[35.182026,31.849143],[35.18152,31.849461],[35.181294,31.850118],[35.180898,31.850314],[35.177647,31.849947],[35.177347,31.850047],[35.177247,31.850297],[35.177588,31.85229],[35.177891,31.852573],[35.178488,31.852787],[35.178797,31.853296],[35.178881,31.853904],[35.178733,31.855147],[35.179099,31.855758],[35.179718,31.855981],[35.181578,31.856068],[35.181888,31.855596],[35.182351,31.85526],[35.183684,31.854945]]],[[[35.153431,31.843875],[35.152819,31.843609],[35.151815,31.844314],[35.151286,31.845022],[35.151114,31.846433],[35.150645,31.847452],[35.150309,31.849232],[35.150987,31.84967],[35.15121,31.85016],[35.15145,31.850316],[35.152027,31.850175],[35.152328,31.849537],[35.152652,31.849233],[35.153989,31.848682],[35.154693,31.846886],[35.154183,31.844836],[35.153431,31.843875]]],[[[35.155157,31.842397],[35.155828,31.842361],[35.156214,31.84211],[35.156855,31.840419],[35.158288,31.839524],[35.158505,31.838916],[35.158449,31.838662],[35.157576,31.838188],[35.156734,31.83805],[35.155684,31.83679],[35.154459,31.835713],[35.15247,31.835341],[35.151149,31.834678],[35.150823,31.834367],[35.150509,31.833558],[35.150941,31.833393],[35.151376,31.833444],[35.153697,31.83497],[35.154362,31.834962],[35.155248,31.834602],[35.156234,31.834566],[35.156643,31.83421],[35.156489,31.832443],[35.15632,31.832065],[35.154603,31.832063],[35.154006,31.83238],[35.152511,31.831727],[35.147121,31.83112],[35.143687,31.829965],[35.14146,31.829786],[35.139518,31.829252],[35.13934,31.829341],[35.139346,31.830374],[35.140064,31.831953],[35.141687,31.833578],[35.141929,31.834365],[35.143103,31.835897],[35.144206,31.836443],[35.14494,31.836499],[35.146262,31.837186],[35.14872,31.837516],[35.149614,31.838238],[35.150298,31.838266],[35.151269,31.837613],[35.151622,31.837644],[35.151968,31.837905],[35.152354,31.838936],[35.152043,31.839569],[35.151443,31.839727],[35.149787,31.839702],[35.148873,31.840078],[35.148703,31.840892],[35.149177,31.84165],[35.150038,31.842198],[35.152471,31.842503],[35.15391,31.843419],[35.154836,31.843213],[35.155157,31.842397]]],[[[35.098691,31.837056],[35.098636,31.836768],[35.097963,31.837086],[35.094744,31.841199],[35.095181,31.841226],[35.096271,31.840743],[35.09681,31.839981],[35.0977,31.839315],[35.098252,31.838476],[35.098691,31.837056]]],[[[35.268562,31.834345],[35.26715,31.834269],[35.266115,31.833504],[35.262667,31.833488],[35.262035,31.832882],[35.262384,31.832378],[35.263789,31.831768],[35.266664,31.831276],[35.268518,31.830542],[35.268448,31.830002],[35.268308,31.82991],[35.265999,31.829744],[35.265276,31.829059],[35.26436,31.828595],[35.260147,31.830524],[35.257325,31.831531],[35.256876,31.831907],[35.255517,31.831823],[35.254706,31.83231],[35.25457,31.832543],[35.255012,31.833487],[35.257071,31.834808],[35.258578,31.836896],[35.260182,31.836911],[35.261364,31.837142],[35.264375,31.83805],[35.266362,31.839057],[35.269702,31.8389],[35.272135,31.837902],[35.272859,31.836607],[35.272832,31.836071],[35.270694,31.835483],[35.26988,31.83465],[35.268562,31.834345]]],[[[35.210479,31.833421],[35.210162,31.832452],[35.209302,31.831588],[35.209121,31.830727],[35.209342,31.830218],[35.210043,31.82965],[35.210079,31.828985],[35.209769,31.828375],[35.20973,31.827232],[35.209988,31.826882],[35.210741,31.826393],[35.210953,31.825544],[35.210541,31.824393],[35.209426,31.824071],[35.208974,31.824218],[35.207982,31.824927],[35.206817,31.826014],[35.20507,31.829549],[35.204299,31.829733],[35.203591,31.828852],[35.203292,31.828764],[35.202406,31.829573],[35.202263,31.830834],[35.202734,31.832113],[35.204062,31.833512],[35.204877,31.833323],[35.206562,31.833641],[35.209731,31.835756],[35.210132,31.835534],[35.210266,31.835279],[35.210479,31.833421]]],[[[35.155467,31.821236],[35.155085,31.821002],[35.153778,31.821159],[35.153266,31.820391],[35.152526,31.819861],[35.151192,31.81989],[35.14904,31.820869],[35.148725,31.822625],[35.146994,31.8231],[35.144557,31.825181],[35.145128,31.82712],[35.146665,31.82814],[35.148991,31.828391],[35.149809,31.827955],[35.150236,31.827116],[35.15224,31.826766],[35.15257,31.826483],[35.152821,31.825619],[35.154895,31.824413],[35.155878,31.823643],[35.155822,31.822434],[35.155467,31.821236]]],[[[35.181944,31.817965],[35.18244,31.817008],[35.182722,31.815858],[35.182128,31.81362],[35.182704,31.811342],[35.179979,31.811297],[35.178651,31.813194],[35.176254,31.814793],[35.175704,31.815628],[35.175342,31.818004],[35.177529,31.817991],[35.177859,31.818282],[35.178083,31.81913],[35.178017,31.819515],[35.177731,31.819868],[35.176447,31.8207],[35.17646,31.822824],[35.176025,31.823961],[35.1762,31.824337],[35.176667,31.824543],[35.177788,31.824625],[35.17939,31.824527],[35.179789,31.824336],[35.179984,31.823808],[35.179535,31.822252],[35.179582,31.82136],[35.180503,31.819759],[35.181508,31.818748],[35.181944,31.817965]]],[[[35.270073,31.81916],[35.270007,31.818034],[35.271469,31.817629],[35.271346,31.816671],[35.269845,31.815107],[35.267793,31.813501],[35.263948,31.811521],[35.262052,31.810203],[35.261021,31.808642],[35.259437,31.804791],[35.259177,31.804485],[35.258896,31.804463],[35.258565,31.804912],[35.259078,31.81087],[35.258862,31.81141],[35.258211,31.812163],[35.258173,31.81244],[35.259255,31.813851],[35.259749,31.815438],[35.260367,31.816026],[35.2605,31.816823],[35.261976,31.817902],[35.263056,31.819371],[35.265775,31.819124],[35.268199,31.81989],[35.269116,31.819965],[35.269796,31.819661],[35.270073,31.81916]]],[[[35.265267,31.785152],[35.263839,31.785246],[35.262886,31.785631],[35.262818,31.786016],[35.263675,31.787938],[35.266662,31.791012],[35.267935,31.790628],[35.268223,31.79012],[35.268305,31.788713],[35.268017,31.786242],[35.267783,31.78571],[35.267441,31.785459],[35.265267,31.785152]]],[[[35.287584,31.739321],[35.287012,31.738832],[35.285961,31.738537],[35.286119,31.734057],[35.286787,31.732845],[35.288136,31.731416],[35.288796,31.729597],[35.287438,31.73003],[35.28578,31.730251],[35.284453,31.730158],[35.283605,31.729812],[35.282941,31.729308],[35.281909,31.729026],[35.277963,31.726036],[35.275604,31.724935],[35.274829,31.723708],[35.273686,31.723362],[35.272986,31.722922],[35.271962,31.72299],[35.268423,31.720567],[35.267465,31.72019],[35.26599,31.720096],[35.265216,31.720254],[35.264848,31.720537],[35.264112,31.722301],[35.263707,31.722522],[35.262638,31.722333],[35.262085,31.722554],[35.26017,31.724759],[35.258734,31.727908],[35.255898,31.731593],[35.25547,31.731791],[35.254772,31.731835],[35.253596,31.731644],[35.254008,31.734602],[35.254268,31.738471],[35.25869,31.740786],[35.259963,31.741682],[35.260533,31.742479],[35.261862,31.745377],[35.263741,31.7467],[35.264254,31.747261],[35.264674,31.748868],[35.264538,31.749916],[35.263762,31.75117],[35.261356,31.753157],[35.25962,31.753578],[35.260006,31.755547],[35.259967,31.756414],[35.260659,31.757897],[35.258993,31.759408],[35.258431,31.760588],[35.258255,31.761598],[35.258044,31.761787],[35.25749,31.761766],[35.257356,31.7617],[35.257222,31.761073],[35.256978,31.761005],[35.256333,31.761229],[35.256251,31.762484],[35.255754,31.763073],[35.255214,31.763456],[35.253543,31.763689],[35.253189,31.763948],[35.253014,31.764312],[35.25254,31.767746],[35.254666,31.766271],[35.254879,31.766349],[35.254507,31.768598],[35.255268,31.769279],[35.257933,31.777465],[35.260019,31.777427],[35.267636,31.778421],[35.270046,31.77849],[35.271571,31.777412],[35.271821,31.775734],[35.27243,31.773483],[35.273091,31.772393],[35.273896,31.771692],[35.278329,31.770272],[35.282342,31.769193],[35.287271,31.769564],[35.287528,31.767723],[35.28716,31.765318],[35.286843,31.764464],[35.28618,31.763495],[35.284807,31.762375],[35.282021,31.761652],[35.28183,31.759682],[35.28131,31.758154],[35.281445,31.757755],[35.282064,31.757086],[35.280184,31.755998],[35.278145,31.754433],[35.277045,31.752212],[35.27672,31.750315],[35.277707,31.748507],[35.279043,31.746649],[35.283522,31.745042],[35.285582,31.744658],[35.286742,31.74385],[35.288935,31.741835],[35.289047,31.741599],[35.288573,31.740547],[35.287584,31.739321]]],[[[35.158862,31.730291],[35.160912,31.728733],[35.161077,31.728076],[35.16078,31.727607],[35.159827,31.727418],[35.158368,31.727919],[35.157954,31.728799],[35.15694,31.730244],[35.156404,31.730097],[35.156013,31.7302],[35.155344,31.731963],[35.157348,31.731681],[35.158862,31.730291]]],[[[35.143815,31.715633],[35.14508,31.713693],[35.146293,31.711255],[35.146347,31.71077],[35.146051,31.709322],[35.145218,31.708139],[35.144875,31.707295],[35.145157,31.705819],[35.144705,31.705281],[35.144363,31.705289],[35.144121,31.705512],[35.142451,31.708137],[35.142026,31.708343],[35.141439,31.708235],[35.140469,31.707401],[35.137703,31.707483],[35.136349,31.707278],[35.135217,31.707491],[35.13439,31.707452],[35.133766,31.70721],[35.131901,31.705922],[35.130396,31.705948],[35.129838,31.706096],[35.129565,31.705785],[35.128567,31.707237],[35.128467,31.70913],[35.129022,31.711364],[35.129259,31.711889],[35.130072,31.712723],[35.128465,31.714379],[35.128315,31.714758],[35.128462,31.715128],[35.131185,31.716738],[35.131682,31.7167],[35.135168,31.715567],[35.135624,31.715717],[35.136125,31.716492],[35.135482,31.717916],[35.135663,31.719923],[35.135544,31.721176],[35.134671,31.721935],[35.130128,31.72263],[35.129797,31.723903],[35.130689,31.725036],[35.13256,31.72568],[35.136688,31.726378],[35.139536,31.726369],[35.143276,31.725916],[35.143035,31.725447],[35.141932,31.724348],[35.141533,31.722848],[35.142379,31.721538],[35.143039,31.720819],[35.143058,31.717079],[35.143815,31.715633]]],[[[35.252889,31.700009],[35.250901,31.701395],[35.250042,31.702398],[35.249724,31.703013],[35.249457,31.704037],[35.249576,31.70751],[35.24913,31.710802],[35.247968,31.713883],[35.247774,31.715267],[35.247957,31.716113],[35.248444,31.716899],[35.249163,31.717228],[35.250408,31.71713],[35.250782,31.718335],[35.251264,31.718832],[35.251671,31.719058],[35.252828,31.719229],[35.253198,31.719474],[35.253286,31.717295],[35.254286,31.716263],[35.25436,31.714183],[35.254737,31.713797],[35.254947,31.71324],[35.255417,31.710386],[35.253351,31.705236],[35.253255,31.702528],[35.252889,31.700009]]],[[[35.103864,31.704673],[35.102451,31.703893],[35.100866,31.70393],[35.099227,31.703635],[35.098245,31.704507],[35.104833,31.709918],[35.106648,31.70696],[35.105335,31.705667],[35.103864,31.704673]]],[[[35.164305,31.703871],[35.163821,31.702082],[35.161717,31.702338],[35.159906,31.703022],[35.159645,31.703928],[35.159797,31.705058],[35.16106,31.705742],[35.163646,31.705687],[35.164229,31.704625],[35.164305,31.703871]]],[[[35.163131,31.697141],[35.165011,31.693669],[35.165487,31.692476],[35.165699,31.6913],[35.165709,31.688421],[35.162644,31.688602],[35.162804,31.690159],[35.162687,31.690982],[35.162101,31.692168],[35.161174,31.693461],[35.162637,31.694314],[35.162448,31.695252],[35.161798,31.695972],[35.161483,31.697879],[35.162721,31.697536],[35.162697,31.697157],[35.163131,31.697141]]],[[[35.21478,31.666908],[35.21546,31.66902],[35.215752,31.669394],[35.215898,31.670335],[35.215513,31.671707],[35.214625,31.672013],[35.216314,31.673562],[35.218304,31.674764],[35.219166,31.675093],[35.223384,31.675682],[35.224028,31.675434],[35.225328,31.675332],[35.225567,31.675048],[35.226535,31.674901],[35.226854,31.674719],[35.22745,31.673835],[35.229609,31.674866],[35.236149,31.676849],[35.23726,31.677387],[35.238588,31.680512],[35.239265,31.681714],[35.239451,31.682802],[35.238801,31.68295],[35.236051,31.685588],[35.235255,31.687436],[35.235295,31.688423],[35.235959,31.689675],[35.235309,31.690821],[35.235258,31.691349],[35.238436,31.691569],[35.24026,31.693103],[35.244486,31.691649],[35.244717,31.691013],[35.245772,31.689851],[35.247485,31.687367],[35.248404,31.685438],[35.24825,31.685072],[35.247026,31.683976],[35.246736,31.683349],[35.247447,31.679382],[35.247367,31.678853],[35.246238,31.676918],[35.244282,31.674915],[35.240583,31.672276],[35.235684,31.670277],[35.232459,31.668126],[35.231001,31.669068],[35.228884,31.669251],[35.227279,31.667973],[35.227047,31.667354],[35.225904,31.666765],[35.225024,31.667672],[35.222132,31.668288],[35.221469,31.666964],[35.217955,31.666719],[35.21478,31.666908]]],[[[35.122749,31.691063],[35.12291,31.690809],[35.12345,31.69106],[35.124089,31.690913],[35.124248,31.690699],[35.124304,31.689818],[35.125868,31.688599],[35.125937,31.686988],[35.125118,31.685679],[35.126707,31.685319],[35.126732,31.684571],[35.127184,31.684489],[35.127172,31.683589],[35.127907,31.682758],[35.127638,31.681882],[35.126748,31.681619],[35.122586,31.681855],[35.121692,31.680882],[35.12094,31.680646],[35.119209,31.680963],[35.115618,31.681198],[35.11402,31.682011],[35.112071,31.684743],[35.111508,31.686121],[35.111511,31.687062],[35.112598,31.687701],[35.114297,31.687712],[35.116114,31.687452],[35.1176,31.687533],[35.117795,31.688071],[35.11734,31.688387],[35.117358,31.688922],[35.118459,31.689241],[35.119576,31.689898],[35.119853,31.6898],[35.120025,31.688944],[35.120632,31.689308],[35.120442,31.689871],[35.120611,31.690107],[35.120831,31.690304],[35.121278,31.690272],[35.121436,31.690745],[35.121838,31.69088],[35.122218,31.691467],[35.122345,31.691542],[35.122749,31.691063]]],[[[35.200599,31.667271],[35.19739,31.670352],[35.199238,31.676026],[35.199932,31.678757],[35.200864,31.683768],[35.200682,31.685731],[35.202496,31.688205],[35.203958,31.685776],[35.204489,31.684598],[35.20447,31.684278],[35.20384,31.683891],[35.202954,31.681013],[35.20319,31.680895],[35.203269,31.679515],[35.202891,31.678509],[35.202793,31.677449],[35.203581,31.675126],[35.203699,31.673813],[35.20362,31.671945],[35.202594,31.669358],[35.201177,31.667725],[35.200599,31.667271]]],[[[35.2605,31.681539],[35.262296,31.681967],[35.263184,31.681916],[35.263568,31.681486],[35.265847,31.681611],[35.265965,31.680878],[35.265698,31.680245],[35.265668,31.679613],[35.264839,31.678702],[35.264839,31.677463],[35.265371,31.67683],[35.267886,31.675033],[35.268505,31.674343],[35.267146,31.673841],[35.267824,31.672756],[35.268157,31.671537],[35.268957,31.670716],[35.269097,31.670095],[35.270246,31.669827],[35.270735,31.668926],[35.270404,31.667365],[35.269115,31.666056],[35.269038,31.664398],[35.268871,31.664031],[35.267886,31.663374],[35.265499,31.662517],[35.264061,31.661649],[35.261945,31.661972],[35.260579,31.661938],[35.257395,31.666311],[35.255741,31.666467],[35.255021,31.667337],[35.249501,31.668846],[35.246351,31.670419],[35.245688,31.671329],[35.24574,31.671732],[35.246365,31.672476],[35.250308,31.674676],[35.250582,31.675337],[35.252131,31.676922],[35.25311,31.678287],[35.253531,31.679619],[35.254196,31.680609],[35.25432,31.681579],[35.254482,31.681806],[35.255606,31.682423],[35.255912,31.682425],[35.257469,31.681786],[35.259997,31.680429],[35.260288,31.680532],[35.260632,31.681023],[35.2605,31.681539]]],[[[35.076802,31.67121],[35.075372,31.671329],[35.074599,31.672799],[35.074603,31.673186],[35.075121,31.674305],[35.075479,31.676303],[35.075713,31.67647],[35.077082,31.676473],[35.079321,31.676299],[35.08062,31.675993],[35.08104,31.675744],[35.081718,31.674909],[35.08189,31.674218],[35.078617,31.67205],[35.076802,31.67121]]],[[[35.179715,31.671459],[35.18262,31.669542],[35.184078,31.670907],[35.184988,31.671501],[35.187665,31.671631],[35.191269,31.671449],[35.193299,31.670889],[35.19383,31.67053],[35.196168,31.667436],[35.200589,31.664843],[35.202821,31.662986],[35.203655,31.662651],[35.209066,31.662611],[35.210222,31.662732],[35.213176,31.663246],[35.219104,31.664934],[35.217414,31.661314],[35.216915,31.657654],[35.217097,31.655612],[35.214178,31.655516],[35.213461,31.656393],[35.212163,31.657078],[35.211164,31.657195],[35.209922,31.656884],[35.207891,31.656807],[35.205679,31.655669],[35.20441,31.654415],[35.202869,31.652552],[35.201286,31.651571],[35.199171,31.65084],[35.196138,31.650598],[35.192079,31.651436],[35.185664,31.654967],[35.18433,31.656197],[35.183306,31.656692],[35.18116,31.657213],[35.178797,31.657442],[35.176225,31.657278],[35.170209,31.656168],[35.167863,31.65589],[35.165062,31.656379],[35.163318,31.657311],[35.163216,31.658086],[35.164352,31.659419],[35.167649,31.662174],[35.170648,31.663835],[35.174116,31.665451],[35.178685,31.667241],[35.18043,31.668423],[35.178972,31.668922],[35.178272,31.669914],[35.177039,31.670153],[35.176782,31.670603],[35.177201,31.671427],[35.178613,31.671644],[35.179715,31.671459]]],[[[35.167331,31.663344],[35.166524,31.662728],[35.16586,31.663374],[35.165759,31.664485],[35.166092,31.665939],[35.166138,31.667159],[35.167376,31.667446],[35.167975,31.667309],[35.168419,31.66691],[35.168199,31.665685],[35.168759,31.664984],[35.168817,31.664526],[35.167331,31.663344]]],[[[35.115281,31.582044],[35.11462,31.581988],[35.113794,31.582158],[35.112427,31.582766],[35.111372,31.583958],[35.109407,31.584761],[35.108267,31.586002],[35.105703,31.587535],[35.104449,31.588484],[35.104107,31.588922],[35.103536,31.590237],[35.100775,31.589431],[35.097312,31.589677],[35.089007,31.583189],[35.087629,31.581857],[35.088115,31.580323],[35.089739,31.579959],[35.091789,31.579206],[35.094157,31.577308],[35.095034,31.575291],[35.094812,31.573608],[35.093843,31.572307],[35.093372,31.570517],[35.092503,31.569025],[35.096039,31.567814],[35.099529,31.567755],[35.099629,31.56624],[35.096014,31.566182],[35.095105,31.565789],[35.093017,31.565357],[35.089368,31.565662],[35.087058,31.566227],[35.08574,31.566274],[35.083756,31.566012],[35.081247,31.565945],[35.080977,31.565422],[35.080444,31.565284],[35.073781,31.566091],[35.069582,31.566063],[35.065511,31.566742],[35.063616,31.566626],[35.059881,31.566907],[35.059391,31.566804],[35.05827,31.566055],[35.057401,31.566139],[35.056861,31.566279],[35.054282,31.567731],[35.053189,31.567845],[35.051433,31.568375],[35.046956,31.570354],[35.045682,31.571566],[35.045113,31.574088],[35.043643,31.575706],[35.042705,31.575896],[35.04019,31.575946],[35.038622,31.576383],[35.038053,31.576111],[35.037845,31.575528],[35.037476,31.575499],[35.03627,31.576087],[35.034776,31.577075],[35.033919,31.577246],[35.032857,31.576861],[35.031967,31.57691],[35.029446,31.576372],[35.02899,31.576107],[35.028722,31.575551],[35.028263,31.575173],[35.026263,31.574217],[35.02578,31.574119],[35.025241,31.574303],[35.025085,31.574191],[35.025108,31.57335],[35.024633,31.5727],[35.024458,31.571231],[35.024013,31.571028],[35.02209,31.570899],[35.022514,31.570147],[35.022585,31.5692],[35.021488,31.569103],[35.020393,31.569629],[35.019326,31.569549],[35.018995,31.569379],[35.01818,31.568475],[35.017142,31.567817],[35.014162,31.56782],[35.013408,31.567517],[35.01155,31.566133],[35.011186,31.566109],[35.009778,31.566574],[35.00852,31.566004],[35.006882,31.567055],[35.004731,31.567463],[35.001177,31.569139],[34.99742,31.569363],[34.995712,31.570013],[34.994747,31.570753],[34.993438,31.5721],[34.991653,31.572275],[34.989438,31.57555],[34.987774,31.576437],[34.986288,31.577594],[34.983858,31.579659],[34.982838,31.580887],[34.980838,31.581553],[34.979241,31.58185],[34.978876,31.582162],[34.97887,31.582513],[34.980129,31.586754],[34.980907,31.588453],[34.980038,31.58934],[34.979489,31.590334],[34.979281,31.5919],[34.97947,31.592691],[34.980094,31.594007],[34.98101,31.595331],[34.983514,31.598249],[34.983916,31.599081],[34.98387,31.600057],[34.982612,31.601227],[34.982336,31.601968],[34.982398,31.603033],[34.982086,31.603945],[34.982048,31.605283],[34.982404,31.607644],[34.983669,31.609613],[34.987416,31.611918],[34.988789,31.612391],[34.989788,31.612978],[34.990734,31.614423],[34.991472,31.616023],[34.992925,31.617265],[34.99204,31.617866],[34.991495,31.618763],[34.991416,31.619999],[34.991697,31.621085],[34.992098,31.621912],[34.992973,31.622944],[34.996481,31.625946],[34.999348,31.628808],[35.002377,31.63082],[35.00332,31.632026],[35.004503,31.633139],[35.005107,31.634226],[35.00495,31.63595],[35.00513,31.63634],[35.007612,31.636779],[35.009745,31.638391],[35.012858,31.639502],[35.014802,31.639941],[35.016813,31.640901],[35.019669,31.641949],[35.022061,31.642632],[35.023844,31.643641],[35.025779,31.645201],[35.027191,31.645843],[35.033887,31.647451],[35.038906,31.647744],[35.041825,31.650049],[35.042252,31.651169],[35.043679,31.652691],[35.045059,31.655126],[35.045757,31.655862],[35.046902,31.65664],[35.04765,31.658153],[35.048263,31.658294],[35.049708,31.659344],[35.051052,31.659698],[35.0532,31.659947],[35.055066,31.65946],[35.058653,31.659019],[35.062448,31.660256],[35.062863,31.660112],[35.063287,31.66038],[35.064958,31.660532],[35.066912,31.661423],[35.068758,31.661566],[35.073005,31.659632],[35.073912,31.658957],[35.074464,31.658136],[35.075919,31.657622],[35.079208,31.655997],[35.083803,31.655346],[35.08582,31.654742],[35.087605,31.653789],[35.088843,31.652678],[35.090907,31.651887],[35.094815,31.649817],[35.09501,31.649618],[35.095283,31.648692],[35.096889,31.647948],[35.100813,31.645468],[35.101762,31.644446],[35.102057,31.643577],[35.102167,31.641091],[35.101968,31.640053],[35.101215,31.638093],[35.101348,31.637716],[35.102049,31.637308],[35.102533,31.637315],[35.103441,31.637995],[35.104496,31.6381],[35.105954,31.639019],[35.108648,31.637641],[35.110994,31.637033],[35.112171,31.636201],[35.114702,31.632299],[35.114915,31.631586],[35.114506,31.629351],[35.112665,31.624591],[35.112927,31.622959],[35.113651,31.62164],[35.113697,31.620501],[35.113201,31.619398],[35.113121,31.618222],[35.11238,31.616437],[35.11146,31.615559],[35.110664,31.615327],[35.110416,31.615009],[35.109466,31.6128],[35.108563,31.612814],[35.108025,31.613029],[35.106194,31.615087],[35.104725,31.616084],[35.102611,31.616764],[35.100118,31.616451],[35.098817,31.61653],[35.097809,31.617293],[35.096596,31.617385],[35.096933,31.617701],[35.096797,31.618034],[35.094876,31.618729],[35.092424,31.618769],[35.089431,31.617276],[35.087257,31.614969],[35.087061,31.614568],[35.086996,31.613587],[35.087183,31.612568],[35.088082,31.610419],[35.088454,31.609101],[35.089047,31.608698],[35.089668,31.607883],[35.091192,31.605479],[35.092149,31.603415],[35.092439,31.602184],[35.092269,31.60083],[35.094326,31.600563],[35.095562,31.600016],[35.09611,31.599504],[35.096469,31.598897],[35.097796,31.597714],[35.098531,31.595936],[35.09915,31.595435],[35.099738,31.595413],[35.100466,31.595892],[35.102073,31.596589],[35.102593,31.59674],[35.103322,31.596666],[35.103631,31.596342],[35.103856,31.595517],[35.104277,31.594755],[35.105827,31.592914],[35.106686,31.592213],[35.108544,31.591287],[35.110839,31.590697],[35.111062,31.590411],[35.111811,31.586709],[35.112338,31.58529],[35.113493,31.58352],[35.114518,31.582535],[35.115281,31.582044]]],[[[35.181568,31.655186],[35.182576,31.654464],[35.18158,31.653907],[35.180159,31.65382],[35.178441,31.652924],[35.175098,31.653002],[35.173065,31.651475],[35.17319,31.650645],[35.173864,31.649655],[35.175914,31.649295],[35.176335,31.649102],[35.176442,31.64889],[35.174921,31.648899],[35.168676,31.64971],[35.170242,31.652864],[35.170797,31.653343],[35.170739,31.65384],[35.170499,31.654],[35.171511,31.65468],[35.172159,31.654774],[35.173538,31.654414],[35.175014,31.655299],[35.175662,31.655384],[35.176407,31.655105],[35.177626,31.655901],[35.178103,31.656012],[35.17967,31.655891],[35.181568,31.655186]]],[[[35.159477,31.651923],[35.159015,31.65199],[35.158841,31.652352],[35.159137,31.653721],[35.159035,31.655572],[35.160429,31.655884],[35.161468,31.655953],[35.161915,31.655807],[35.162275,31.655379],[35.16241,31.654638],[35.160549,31.652438],[35.159477,31.651923]]],[[[35.028128,31.652972],[35.027813,31.652696],[35.026745,31.652818],[35.026684,31.65386],[35.026318,31.655109],[35.026621,31.655561],[35.028498,31.655747],[35.029245,31.655049],[35.029057,31.653707],[35.028128,31.652972]]],[[[35.207571,31.652647],[35.207059,31.652712],[35.20653,31.653357],[35.206606,31.653606],[35.208299,31.654498],[35.209684,31.655833],[35.21054,31.655803],[35.211048,31.655479],[35.211328,31.65494],[35.21124,31.654568],[35.209148,31.653542],[35.208208,31.652799],[35.207571,31.652647]]],[[[35.216175,31.65276],[35.214828,31.650788],[35.213343,31.652139],[35.213362,31.652543],[35.213735,31.653121],[35.214364,31.653479],[35.215793,31.65354],[35.216186,31.653147],[35.216175,31.65276]]],[[[35.210701,31.650005],[35.212103,31.65004],[35.212785,31.649885],[35.215971,31.648093],[35.216895,31.647267],[35.217172,31.646793],[35.217028,31.646433],[35.21546,31.645672],[35.214877,31.645117],[35.215069,31.644338],[35.215564,31.643881],[35.216044,31.643952],[35.218515,31.645959],[35.220531,31.645932],[35.221588,31.646162],[35.222634,31.645098],[35.227992,31.642487],[35.228173,31.642262],[35.228367,31.641386],[35.228356,31.640013],[35.227328,31.637965],[35.22708,31.636883],[35.227103,31.636363],[35.22745,31.635594],[35.227402,31.633611],[35.226315,31.632853],[35.224105,31.629465],[35.223302,31.628479],[35.219096,31.62487],[35.217179,31.624735],[35.21571,31.626649],[35.214462,31.630521],[35.214063,31.632756],[35.21233,31.634448],[35.21001,31.638242],[35.208533,31.6402],[35.208167,31.642407],[35.206844,31.644245],[35.20622,31.645432],[35.20622,31.646906],[35.206868,31.648655],[35.206981,31.65058],[35.208495,31.650143],[35.210701,31.650005]]],[[[35.167993,31.643976],[35.168489,31.642994],[35.168795,31.641828],[35.168099,31.641977],[35.1667,31.642898],[35.165499,31.642619],[35.165252,31.643503],[35.16486,31.643852],[35.163631,31.643803],[35.163988,31.646788],[35.165375,31.647099],[35.165943,31.645834],[35.167225,31.645395],[35.167579,31.645126],[35.167993,31.643976]]],[[[35.192918,31.640118],[35.192431,31.63923],[35.190992,31.640539],[35.190934,31.641064],[35.191359,31.641677],[35.192559,31.642079],[35.193523,31.642059],[35.19381,31.641424],[35.192918,31.640118]]],[[[35.188872,31.640195],[35.191396,31.638866],[35.193609,31.638735],[35.194297,31.638369],[35.194636,31.637717],[35.19687,31.630138],[35.197692,31.628916],[35.19975,31.627573],[35.198026,31.627019],[35.196312,31.627148],[35.194641,31.62688],[35.193388,31.62621],[35.190965,31.626105],[35.189916,31.625259],[35.189063,31.624282],[35.188872,31.623773],[35.188816,31.622807],[35.187465,31.62087],[35.187468,31.619983],[35.187923,31.618379],[35.188804,31.617153],[35.188632,31.616005],[35.189713,31.61563],[35.189914,31.615131],[35.189809,31.61466],[35.189449,31.614225],[35.188717,31.613874],[35.188357,31.612439],[35.188079,31.611897],[35.187569,31.61138],[35.186465,31.611634],[35.18549,31.611022],[35.183882,31.610985],[35.181956,31.610183],[35.180525,31.606923],[35.180483,31.60641],[35.180768,31.60575],[35.180765,31.604979],[35.179769,31.603455],[35.179672,31.601675],[35.179235,31.601106],[35.17749,31.600536],[35.176541,31.599951],[35.175454,31.598402],[35.175421,31.597826],[35.17689,31.595699],[35.176766,31.594101],[35.176317,31.592817],[35.17537,31.591514],[35.173501,31.590713],[35.173241,31.59033],[35.172999,31.588869],[35.17421,31.587916],[35.174336,31.587518],[35.172062,31.585572],[35.171932,31.584518],[35.17252,31.583288],[35.172458,31.582911],[35.171951,31.582227],[35.171554,31.582135],[35.170807,31.582354],[35.17001,31.58165],[35.169138,31.580651],[35.167009,31.577432],[35.166145,31.575148],[35.164997,31.573452],[35.165102,31.571829],[35.164709,31.571093],[35.16261,31.568772],[35.161529,31.567892],[35.159724,31.566838],[35.155506,31.566158],[35.153233,31.565389],[35.15133,31.565504],[35.147232,31.56502],[35.146984,31.565148],[35.146609,31.566449],[35.14515,31.566713],[35.143416,31.568324],[35.142382,31.568654],[35.138135,31.568792],[35.1369,31.568155],[35.135873,31.567933],[35.134716,31.566196],[35.134391,31.565904],[35.133828,31.56574],[35.130769,31.566645],[35.130161,31.566614],[35.128771,31.567379],[35.128704,31.567809],[35.129051,31.569964],[35.132261,31.573493],[35.132814,31.574716],[35.132897,31.575181],[35.131842,31.576757],[35.131825,31.577275],[35.132094,31.57779],[35.133557,31.578804],[35.133623,31.578953],[35.133329,31.5796],[35.133394,31.580206],[35.134191,31.580853],[35.132988,31.583546],[35.131441,31.588153],[35.131008,31.589061],[35.130146,31.590487],[35.127131,31.594436],[35.125746,31.596618],[35.124065,31.60026],[35.125634,31.602176],[35.12736,31.605251],[35.129016,31.607802],[35.129699,31.608272],[35.135641,31.61126],[35.135992,31.611518],[35.137456,31.61359],[35.137344,31.614213],[35.136577,31.614832],[35.136511,31.615128],[35.136772,31.616226],[35.13733,31.616807],[35.137364,31.61714],[35.136597,31.618037],[35.136038,31.619033],[35.132175,31.621363],[35.13173,31.6218],[35.131361,31.622518],[35.131493,31.623043],[35.132844,31.624153],[35.133427,31.625568],[35.133602,31.628901],[35.133484,31.629859],[35.136817,31.626679],[35.139336,31.624668],[35.139918,31.624427],[35.141078,31.624311],[35.142169,31.623735],[35.141971,31.624741],[35.138708,31.627368],[35.137472,31.628622],[35.136242,31.630986],[35.136297,31.631371],[35.137034,31.632296],[35.138691,31.632785],[35.14175,31.632087],[35.14355,31.63121],[35.143436,31.631725],[35.14359,31.631946],[35.14603,31.632592],[35.149233,31.632612],[35.150373,31.632483],[35.151792,31.632054],[35.154153,31.63197],[35.157937,31.63238],[35.160206,31.633257],[35.160569,31.634801],[35.160517,31.635443],[35.162302,31.637114],[35.1626,31.637201],[35.163178,31.637012],[35.163855,31.637027],[35.165181,31.637406],[35.165424,31.638028],[35.165398,31.639329],[35.166313,31.63998],[35.169933,31.63939],[35.171048,31.639711],[35.171919,31.640441],[35.172563,31.640538],[35.173723,31.640288],[35.175093,31.639477],[35.176338,31.639252],[35.177354,31.639585],[35.1783,31.640612],[35.178863,31.640881],[35.17983,31.640763],[35.180691,31.640334],[35.182102,31.640163],[35.18434,31.640952],[35.185674,31.641169],[35.186714,31.641032],[35.188872,31.640195]]],[[[35.225412,31.612861],[35.22619,31.612754],[35.226585,31.611641],[35.226491,31.610836],[35.22584,31.609722],[35.225236,31.609259],[35.224677,31.609013],[35.224115,31.609076],[35.223486,31.609428],[35.223427,31.60968],[35.224309,31.611588],[35.224468,31.612507],[35.224783,31.612812],[35.225412,31.612861]]],[[[35.114663,31.575452],[35.11435,31.575888],[35.114112,31.577159],[35.114605,31.57998],[35.116153,31.581742],[35.116678,31.581677],[35.117734,31.580649],[35.119109,31.579939],[35.119182,31.578736],[35.118755,31.577768],[35.118433,31.577504],[35.116238,31.576191],[35.114663,31.575452]]],[[[35.190554,31.572509],[35.188551,31.573245],[35.186226,31.573502],[35.184667,31.574133],[35.182288,31.573407],[35.181112,31.573477],[35.180619,31.573594],[35.180373,31.573851],[35.179744,31.57343],[35.178743,31.571291],[35.178087,31.569535],[35.177759,31.568154],[35.174861,31.565789],[35.172702,31.563612],[35.171434,31.561205],[35.171461,31.560456],[35.172338,31.557507],[35.172393,31.555752],[35.172612,31.555378],[35.172551,31.55485],[35.171602,31.555686],[35.168582,31.557771],[35.164577,31.561183],[35.164698,31.562155],[35.165144,31.562522],[35.168816,31.56247],[35.169322,31.562795],[35.170102,31.564818],[35.171605,31.566334],[35.172814,31.568395],[35.173556,31.570281],[35.173823,31.572115],[35.174541,31.573714],[35.175634,31.575509],[35.177148,31.576808],[35.177734,31.578514],[35.178726,31.578901],[35.180279,31.579941],[35.181469,31.579925],[35.184458,31.578971],[35.188901,31.576596],[35.191498,31.576336],[35.192096,31.576139],[35.19275,31.575685],[35.193315,31.575127],[35.19367,31.574408],[35.193702,31.57386],[35.193471,31.573348],[35.193268,31.573134],[35.1918,31.572592],[35.190554,31.572509]]],[[[35.235583,31.566781],[35.236189,31.564612],[35.237276,31.564126],[35.237378,31.563601],[35.236467,31.561729],[35.235547,31.561063],[35.234395,31.560941],[35.233998,31.561148],[35.233897,31.561404],[35.233875,31.564934],[35.233516,31.566172],[35.232979,31.566632],[35.23262,31.566442],[35.231504,31.566417],[35.230346,31.56688],[35.229418,31.567761],[35.22849,31.569469],[35.228344,31.570402],[35.228438,31.571752],[35.229142,31.573909],[35.229564,31.574464],[35.22999,31.574622],[35.230537,31.574382],[35.232792,31.57051],[35.234701,31.569148],[35.235583,31.566781]]],[[[34.973104,31.569295],[34.973487,31.568709],[34.974219,31.568565],[34.974756,31.568194],[34.97495,31.56735],[34.978293,31.56726],[34.979276,31.56659],[34.980525,31.565219],[34.98134,31.563633],[34.982303,31.562525],[34.983179,31.560544],[34.984391,31.558846],[34.986945,31.556924],[34.987485,31.556179],[34.988937,31.555963],[34.991242,31.553668],[34.993227,31.550545],[34.991827,31.550608],[34.990887,31.550402],[34.988162,31.548298],[34.986272,31.546434],[34.98584,31.545767],[34.983467,31.53898],[34.979787,31.530959],[34.979566,31.529159],[34.979696,31.526653],[34.979563,31.525141],[34.978668,31.523652],[34.977469,31.522408],[34.977506,31.522081],[34.978252,31.5217],[34.980117,31.521308],[34.98243,31.520417],[34.982639,31.519912],[34.982721,31.518929],[34.983416,31.517515],[34.983081,31.514179],[34.982128,31.51206],[34.98128,31.510726],[34.982144,31.508297],[34.98192,31.50631],[34.981226,31.50485],[34.980986,31.504585],[34.979635,31.503998],[34.978835,31.50391],[34.978678,31.504082],[34.978682,31.505684],[34.977223,31.507364],[34.976365,31.50868],[34.975575,31.508661],[34.974929,31.507907],[34.974757,31.506125],[34.973704,31.50549],[34.97293,31.505565],[34.972745,31.505455],[34.972906,31.503176],[34.973348,31.502047],[34.973221,31.50082],[34.973042,31.500727],[34.97233,31.501111],[34.970686,31.500933],[34.967731,31.501458],[34.964765,31.501406],[34.964014,31.500858],[34.963272,31.500723],[34.961571,31.500968],[34.960423,31.500881],[34.958893,31.500239],[34.958212,31.500138],[34.957547,31.499183],[34.957127,31.497688],[34.956849,31.497498],[34.956327,31.497506],[34.952058,31.499559],[34.949039,31.500177],[34.945579,31.503409],[34.945561,31.503928],[34.94676,31.508711],[34.945834,31.511174],[34.945293,31.513469],[34.949223,31.518073],[34.950295,31.521326],[34.953849,31.529781],[34.956966,31.538473],[34.958122,31.541174],[34.957989,31.543455],[34.958181,31.544458],[34.957528,31.54548],[34.957572,31.54625],[34.95785,31.546814],[34.959335,31.548339],[34.960408,31.551105],[34.961022,31.552093],[34.961018,31.552369],[34.960193,31.552828],[34.959692,31.553314],[34.959346,31.55448],[34.959491,31.555516],[34.96024,31.55637],[34.959743,31.557116],[34.959897,31.558582],[34.960858,31.559962],[34.961797,31.560418],[34.962798,31.561563],[34.963518,31.561897],[34.964743,31.561959],[34.96517,31.562423],[34.964733,31.564191],[34.965097,31.565206],[34.964386,31.565671],[34.963936,31.566368],[34.963717,31.567247],[34.963893,31.568372],[34.964508,31.569171],[34.965093,31.56941],[34.965762,31.570057],[34.966224,31.570277],[34.967544,31.570267],[34.969262,31.569262],[34.969628,31.569306],[34.969747,31.569996],[34.970404,31.570791],[34.970862,31.571106],[34.971874,31.571445],[34.973146,31.571327],[34.973212,31.571203],[34.972292,31.56985],[34.972453,31.569577],[34.973104,31.569295]]],[[[35.100455,31.566222],[35.100366,31.56776],[35.102772,31.567721],[35.108472,31.567991],[35.108097,31.567547],[35.103728,31.566252],[35.102713,31.565729],[35.101753,31.565745],[35.100455,31.566222]]],[[[35.129585,31.561758],[35.127663,31.561107],[35.127402,31.561628],[35.127423,31.562621],[35.127096,31.563229],[35.125712,31.564347],[35.126139,31.565245],[35.126934,31.565684],[35.127643,31.565349],[35.12795,31.564799],[35.128144,31.56372],[35.129485,31.562716],[35.129585,31.561758]]],[[[35.079411,31.553571],[35.078445,31.553433],[35.072948,31.553669],[35.068708,31.55361],[35.065709,31.553741],[35.061406,31.554032],[35.057918,31.554781],[35.05277,31.553],[35.051091,31.55281],[35.050203,31.553118],[35.050459,31.554204],[35.050581,31.555931],[35.050793,31.556754],[35.051193,31.557424],[35.055614,31.559137],[35.056875,31.559448],[35.059126,31.559081],[35.062255,31.55805],[35.06602,31.557213],[35.067156,31.557277],[35.072643,31.558312],[35.075493,31.557985],[35.07791,31.556393],[35.079411,31.553571]]],[[[35.171979,31.552988],[35.171902,31.552428],[35.170809,31.55189],[35.17018,31.551866],[35.166297,31.552965],[35.165668,31.553058],[35.163754,31.552823],[35.161102,31.551886],[35.158052,31.551099],[35.15611,31.551496],[35.15477,31.552712],[35.15425,31.552431],[35.153977,31.552033],[35.153841,31.551354],[35.151737,31.54927],[35.151245,31.548568],[35.150835,31.547514],[35.149114,31.545056],[35.148992,31.543634],[35.148064,31.541364],[35.14752,31.537642],[35.147412,31.535325],[35.147389,31.533384],[35.147721,31.528657],[35.147639,31.527837],[35.147285,31.526175],[35.145262,31.519887],[35.14499,31.519067],[35.144644,31.518626],[35.143547,31.520505],[35.142944,31.523036],[35.142189,31.531789],[35.14251,31.539392],[35.142606,31.549334],[35.142842,31.551885],[35.14365,31.554549],[35.14316,31.555161],[35.142244,31.555005],[35.141519,31.555221],[35.140922,31.55562],[35.140789,31.555997],[35.140445,31.556244],[35.140338,31.557191],[35.140751,31.557982],[35.140464,31.558435],[35.140672,31.559086],[35.141167,31.559384],[35.142105,31.559215],[35.142927,31.558679],[35.143555,31.55849],[35.147292,31.558672],[35.150155,31.558447],[35.152594,31.557487],[35.154142,31.557523],[35.156618,31.556118],[35.159429,31.554935],[35.160954,31.554463],[35.167438,31.553579],[35.169008,31.553822],[35.169973,31.553796],[35.171979,31.552988]]],[[[35.124855,31.558817],[35.125341,31.558386],[35.127247,31.558338],[35.128168,31.557696],[35.126752,31.557187],[35.125972,31.556733],[35.125423,31.556086],[35.124919,31.554998],[35.124001,31.55593],[35.12253,31.558197],[35.123427,31.558919],[35.124855,31.558817]]],[[[35.050203,31.553118],[35.049899,31.552029],[35.047388,31.550763],[35.040025,31.548913],[35.038299,31.547728],[35.036105,31.545359],[35.035796,31.542885],[35.038346,31.539716],[35.038593,31.539102],[35.03872,31.538349],[35.03781,31.537729],[35.036491,31.538023],[35.033662,31.539256],[35.031054,31.540167],[35.029705,31.539466],[35.029707,31.538417],[35.032602,31.535329],[35.031347,31.534924],[35.024749,31.536555],[35.020056,31.533748],[35.019071,31.533653],[35.019155,31.534053],[35.018868,31.535953],[35.017895,31.536817],[35.016253,31.537301],[35.01544,31.538188],[35.014803,31.540981],[35.014914,31.541568],[35.015267,31.542159],[35.016108,31.542672],[35.016671,31.542825],[35.01876,31.542831],[35.019556,31.54254],[35.020088,31.542668],[35.020357,31.544838],[35.021544,31.546579],[35.022573,31.547752],[35.026211,31.548174],[35.027091,31.548672],[35.027655,31.549737],[35.028062,31.549829],[35.030257,31.549547],[35.030935,31.549668],[35.032509,31.551031],[35.0351,31.552484],[35.03636,31.553603],[35.037021,31.553824],[35.037718,31.553929],[35.040411,31.553803],[35.041268,31.554186],[35.045704,31.553091],[35.04712,31.553382],[35.048238,31.553298],[35.049136,31.552887],[35.050025,31.552939],[35.050203,31.553118]]],[[[34.991471,31.545791],[34.991932,31.544833],[34.993252,31.545018],[34.993327,31.543886],[34.99454,31.543054],[34.994633,31.542482],[34.995065,31.542043],[34.994774,31.540083],[34.993838,31.540228],[34.993191,31.540517],[34.992236,31.541259],[34.991135,31.542449],[34.989418,31.542559],[34.988937,31.543004],[34.988834,31.544073],[34.989343,31.544896],[34.990358,31.545447],[34.991471,31.545791]]],[[[35.005677,31.530063],[35.006028,31.526571],[35.005942,31.525648],[35.005599,31.522727],[35.004994,31.519656],[35.004524,31.51889],[35.00128,31.522903],[34.998176,31.52475],[34.996914,31.526],[34.997958,31.528507],[34.998058,31.529256],[34.997548,31.5294],[34.99711,31.527789],[34.996395,31.527529],[34.995941,31.52768],[34.995349,31.528645],[34.995054,31.528825],[34.994478,31.528986],[34.992604,31.529079],[34.99241,31.529617],[34.992617,31.530109],[34.992901,31.530321],[34.995895,31.531662],[34.996353,31.532118],[34.996694,31.533207],[34.99705,31.533737],[34.997651,31.533888],[34.99817,31.53372],[34.998794,31.533191],[34.999801,31.531524],[35.000802,31.530941],[35.001399,31.530973],[35.001916,31.530766],[35.002055,31.530658],[35.002062,31.530091],[35.002282,31.529974],[35.005677,31.530063]]],[[[35.003218,31.515385],[35.003004,31.514812],[35.002343,31.513891],[34.997741,31.507814],[34.997286,31.508458],[34.995822,31.509754],[34.993811,31.511225],[34.992416,31.512868],[34.991342,31.514802],[34.991491,31.514867],[34.993541,31.514126],[34.995669,31.51365],[34.998191,31.514196],[34.999442,31.515357],[35.002688,31.515254],[35.003218,31.515385]]],[[[35.184339,31.478616],[35.183299,31.478601],[35.181672,31.480726],[35.180893,31.481205],[35.180544,31.4821],[35.179521,31.482254],[35.17907,31.483503],[35.178109,31.485019],[35.177784,31.486108],[35.178064,31.486565],[35.178798,31.487046],[35.178508,31.488072],[35.178976,31.48874],[35.178849,31.489088],[35.177236,31.489208],[35.177399,31.491099],[35.178551,31.491304],[35.179968,31.491231],[35.180927,31.491623],[35.181249,31.492051],[35.181407,31.493722],[35.180749,31.494459],[35.180269,31.495619],[35.177827,31.49581],[35.176818,31.496223],[35.174492,31.496212],[35.171783,31.495728],[35.170926,31.495741],[35.168186,31.498126],[35.167024,31.498747],[35.165305,31.499262],[35.163956,31.500574],[35.158901,31.503926],[35.158708,31.504146],[35.158563,31.505009],[35.154987,31.504342],[35.153355,31.502386],[35.151428,31.501552],[35.148979,31.49988],[35.148258,31.499811],[35.147575,31.499945],[35.146012,31.500876],[35.145077,31.501642],[35.143313,31.502506],[35.141322,31.504627],[35.140968,31.505338],[35.140852,31.506755],[35.139577,31.50893],[35.139586,31.509537],[35.140083,31.511144],[35.141245,31.512181],[35.142159,31.513483],[35.14308,31.514129],[35.143138,31.51493],[35.144911,31.515238],[35.146728,31.514808],[35.148637,31.515435],[35.14861,31.51414],[35.149267,31.512548],[35.150635,31.511168],[35.152467,31.510467],[35.155638,31.509977],[35.162626,31.509946],[35.163091,31.509362],[35.163966,31.508964],[35.166343,31.509386],[35.169951,31.509317],[35.17181,31.508779],[35.173286,31.508007],[35.173778,31.507633],[35.174325,31.506276],[35.174681,31.504708],[35.176067,31.50322],[35.177734,31.501746],[35.179101,31.50081],[35.183092,31.49936],[35.184896,31.49826],[35.188829,31.4947],[35.189649,31.493547],[35.18985,31.492731],[35.189834,31.491631],[35.189281,31.489345],[35.188092,31.486467],[35.185568,31.482182],[35.185088,31.480137],[35.184339,31.478616]]],[[[35.076061,31.500702],[35.075896,31.500235],[35.071948,31.497288],[35.069545,31.496271],[35.066803,31.49611],[35.065084,31.495491],[35.064269,31.494867],[35.062829,31.49322],[35.060586,31.491768],[35.058488,31.490874],[35.057886,31.489765],[35.05712,31.489161],[35.056521,31.489233],[35.055522,31.490195],[35.05534,31.489455],[35.05433,31.488887],[35.053338,31.48914],[35.052425,31.490466],[35.049768,31.490604],[35.047959,31.490644],[35.045833,31.490145],[35.043197,31.490467],[35.042187,31.489898],[35.040799,31.487333],[35.039846,31.486215],[35.039246,31.484257],[35.03907,31.482538],[35.03854,31.480598],[35.038734,31.478396],[35.038453,31.476226],[35.036345,31.474331],[35.03552,31.474821],[35.033688,31.47497],[35.030402,31.474236],[35.028235,31.47109],[35.027694,31.468594],[35.028096,31.464794],[35.025739,31.464867],[35.023491,31.464224],[35.022948,31.464197],[35.021764,31.462536],[35.02037,31.45934],[35.019276,31.454309],[35.015849,31.44774],[35.014814,31.4465],[35.013674,31.446443],[35.012604,31.44453],[35.012452,31.443763],[35.012698,31.441815],[35.013253,31.441149],[35.013693,31.440186],[35.01459,31.439494],[35.015908,31.438991],[35.016754,31.436521],[35.019568,31.43323],[35.022679,31.433352],[35.023506,31.432615],[35.023797,31.431926],[35.023791,31.430972],[35.023491,31.430934],[35.022913,31.430493],[35.022611,31.429448],[35.021823,31.428508],[35.02112,31.426251],[35.021285,31.425611],[35.026396,31.422405],[35.026614,31.421459],[35.025438,31.417505],[35.02543,31.410622],[35.023655,31.406328],[35.02329,31.403676],[35.022384,31.403812],[35.0201,31.402528],[35.018092,31.402876],[35.014295,31.39795],[35.015095,31.396867],[35.013056,31.397094],[35.010178,31.398279],[35.008525,31.398321],[35.006899,31.398155],[35.00531,31.397798],[35.00477,31.396385],[35.004063,31.395455],[35.003437,31.395569],[35.002708,31.396348],[35.002605,31.397458],[35.002711,31.39862],[34.999425,31.398374],[34.998086,31.398723],[34.993718,31.397777],[34.991686,31.397798],[34.99062,31.397305],[34.990286,31.396485],[34.989452,31.396339],[34.989062,31.396017],[34.987673,31.393464],[34.987745,31.392502],[34.988102,31.391275],[34.988542,31.390861],[34.990246,31.389878],[34.990372,31.389769],[34.990292,31.389617],[34.986214,31.389328],[34.98314,31.39029],[34.981678,31.392304],[34.97918,31.396271],[34.978619,31.39656],[34.981355,31.398634],[34.983323,31.399659],[34.984281,31.400655],[34.984976,31.400755],[34.989156,31.40312],[34.991346,31.403312],[34.994602,31.402754],[34.998392,31.401339],[35.000905,31.406369],[35.002212,31.409564],[35.002774,31.41029],[35.004739,31.414387],[35.004828,31.416373],[35.005731,31.418601],[35.007137,31.419891],[35.008106,31.420429],[35.009857,31.421237],[35.011609,31.421669],[35.012702,31.423012],[35.012867,31.423459],[35.01274,31.423996],[35.014771,31.425582],[35.014927,31.426226],[35.014266,31.427781],[35.012948,31.429201],[35.01204,31.429656],[35.009941,31.43027],[35.008501,31.430375],[35.004588,31.430127],[35.003553,31.431011],[35.003543,31.432825],[35.004412,31.435858],[35.005432,31.441789],[35.005552,31.443526],[35.005392,31.445297],[35.00821,31.44514],[35.010118,31.446029],[35.010524,31.446378],[35.01068,31.446861],[35.010835,31.447666],[35.010644,31.448874],[35.010329,31.449732],[35.009447,31.451384],[35.007878,31.452938],[35.007312,31.453715],[35.007342,31.454413],[35.007809,31.455514],[35.00856,31.455917],[35.009969,31.456161],[35.010313,31.456403],[35.010684,31.458604],[35.011402,31.459624],[35.014481,31.462297],[35.015795,31.463212],[35.016482,31.463937],[35.016763,31.464555],[35.018046,31.464986],[35.018483,31.465335],[35.018827,31.465846],[35.018949,31.467187],[35.019355,31.4681],[35.019823,31.468664],[35.023302,31.472096],[35.025554,31.473575],[35.024955,31.475587],[35.021751,31.480546],[35.021777,31.482065],[35.022836,31.485179],[35.023238,31.487621],[35.025613,31.490998],[35.026299,31.492474],[35.028147,31.49296],[35.032283,31.492],[35.034163,31.491976],[35.03579,31.493078],[35.036258,31.493964],[35.036843,31.49437],[35.040599,31.496012],[35.040911,31.496817],[35.04492,31.497198],[35.045609,31.497736],[35.047363,31.497711],[35.047708,31.497524],[35.049932,31.497527],[35.056756,31.497861],[35.056754,31.499202],[35.058695,31.499956],[35.059071,31.500063],[35.060136,31.499957],[35.060794,31.499717],[35.061578,31.499127],[35.063144,31.499719],[35.063704,31.502296],[35.064359,31.503718],[35.065745,31.505319],[35.066654,31.505079],[35.067588,31.508514],[35.072187,31.510905],[35.072213,31.510581],[35.072651,31.509939],[35.071822,31.509341],[35.072338,31.508583],[35.072237,31.508148],[35.072556,31.505779],[35.071711,31.505513],[35.071557,31.504277],[35.071799,31.503917],[35.072574,31.503668],[35.073039,31.50271],[35.073746,31.502099],[35.075439,31.501269],[35.076061,31.500702]]],[[[34.948795,31.496092],[34.952202,31.490984],[34.954215,31.491502],[34.955552,31.492206],[34.957454,31.492544],[34.959556,31.492726],[34.961513,31.492666],[34.962411,31.492474],[34.963202,31.492026],[34.963245,31.491772],[34.962935,31.491296],[34.962244,31.491148],[34.962054,31.490946],[34.962052,31.48929],[34.962203,31.489077],[34.962471,31.489103],[34.963,31.489608],[34.963394,31.489124],[34.964053,31.489108],[34.964039,31.487769],[34.963785,31.487268],[34.963315,31.486843],[34.962761,31.48653],[34.961633,31.486405],[34.961628,31.486158],[34.961672,31.486032],[34.962379,31.485912],[34.962988,31.486126],[34.963839,31.486066],[34.964147,31.485649],[34.964143,31.485398],[34.963656,31.485063],[34.963846,31.484623],[34.9638,31.484216],[34.96311,31.483597],[34.962984,31.483044],[34.963057,31.482788],[34.963715,31.482207],[34.964426,31.480874],[34.964562,31.479921],[34.964474,31.479405],[34.963568,31.478093],[34.962019,31.47684],[34.957914,31.476264],[34.955269,31.476183],[34.95364,31.474315],[34.953858,31.473443],[34.953798,31.472798],[34.953606,31.472147],[34.953253,31.471641],[34.949039,31.469518],[34.945783,31.467485],[34.945758,31.467356],[34.946165,31.467078],[34.947377,31.466772],[34.947559,31.466567],[34.94658,31.465099],[34.947128,31.464385],[34.947436,31.463525],[34.947158,31.4629],[34.946083,31.463213],[34.944532,31.464145],[34.943779,31.464261],[34.943112,31.462611],[34.943085,31.461603],[34.94275,31.46046],[34.942253,31.459878],[34.940481,31.459064],[34.938719,31.457884],[34.937657,31.457463],[34.936591,31.457354],[34.935116,31.457662],[34.934545,31.45792],[34.934118,31.458338],[34.933821,31.458794],[34.933604,31.45958],[34.931447,31.462513],[34.930935,31.463431],[34.93041,31.464738],[34.930231,31.466656],[34.930374,31.46768],[34.933484,31.473949],[34.933973,31.474363],[34.936174,31.475578],[34.939922,31.478815],[34.940157,31.479854],[34.938776,31.482127],[34.938801,31.483433],[34.940493,31.485913],[34.941993,31.48911],[34.942002,31.489685],[34.941527,31.49047],[34.941477,31.490885],[34.942542,31.493317],[34.943081,31.495067],[34.944205,31.49476],[34.944864,31.494923],[34.94549,31.49533],[34.946996,31.495213],[34.948477,31.496051],[34.948795,31.496092]]],[[[35.14269,31.423053],[35.142119,31.423985],[35.146165,31.425028],[35.148436,31.427244],[35.149568,31.429021],[35.150842,31.432784],[35.152958,31.434092],[35.152989,31.434866],[35.153518,31.434946],[35.153673,31.435453],[35.153424,31.43588],[35.151304,31.437074],[35.147878,31.440007],[35.147348,31.440674],[35.147441,31.441234],[35.147254,31.442035],[35.145976,31.443422],[35.143235,31.445421],[35.142518,31.446275],[35.140227,31.45171],[35.137703,31.454617],[35.132748,31.458963],[35.131867,31.459938],[35.130806,31.461511],[35.12962,31.464526],[35.127898,31.467581],[35.127274,31.468461],[35.122692,31.473341],[35.119846,31.477061],[35.119533,31.478529],[35.118129,31.481356],[35.117224,31.482823],[35.115123,31.483827],[35.111942,31.48692],[35.109451,31.486465],[35.107861,31.487397],[35.104868,31.489903],[35.102292,31.490628],[35.099893,31.49076],[35.09924,31.490412],[35.097715,31.489104],[35.095756,31.486327],[35.09557,31.485579],[35.095413,31.483051],[35.094791,31.481903],[35.094293,31.481663],[35.09196,31.478992],[35.08835,31.476427],[35.086795,31.475065],[35.08555,31.47437],[35.084224,31.473875],[35.080926,31.471817],[35.078992,31.473283],[35.076157,31.474427],[35.074258,31.473278],[35.072923,31.470394],[35.070567,31.468431],[35.065682,31.465277],[35.059519,31.463535],[35.061114,31.459268],[35.060989,31.457141],[35.059595,31.453057],[35.057637,31.450786],[35.0561,31.448151],[35.055449,31.446709],[35.055296,31.445108],[35.054894,31.44364],[35.054489,31.443506],[35.053836,31.442811],[35.052747,31.442383],[35.051939,31.441848],[35.051629,31.440754],[35.047458,31.435206],[35.047523,31.433658],[35.046965,31.432243],[35.044664,31.430266],[35.048101,31.425021],[35.050068,31.421715],[35.047777,31.414534],[35.046742,31.414433],[35.045436,31.413577],[35.044566,31.412535],[35.044226,31.411014],[35.044259,31.410454],[35.044477,31.409974],[35.044976,31.409467],[35.047064,31.407949],[35.047782,31.407149],[35.04825,31.405949],[35.048379,31.403868],[35.051416,31.397213],[35.049739,31.395369],[35.048678,31.394713],[35.045796,31.392027],[35.044927,31.390398],[35.044463,31.388903],[35.044592,31.386395],[35.04506,31.385596],[35.046244,31.384823],[35.047181,31.383117],[35.048488,31.383012],[35.049855,31.384188],[35.050632,31.384295],[35.052344,31.384164],[35.053964,31.382992],[35.054556,31.382672],[35.055459,31.382487],[35.055864,31.382194],[35.056146,31.38102],[35.058357,31.379528],[35.062175,31.378423],[35.0637,31.378291],[35.066935,31.379309],[35.071476,31.380088],[35.073686,31.379983],[35.08223,31.382129],[35.084012,31.384205],[35.084509,31.385059],[35.084881,31.38594],[35.084942,31.387221],[35.08167,31.3905],[35.078941,31.396173],[35.078376,31.399187],[35.077876,31.400975],[35.077593,31.402896],[35.077202,31.408707],[35.077323,31.411135],[35.077789,31.412123],[35.078687,31.415539],[35.081235,31.422014],[35.081949,31.423482],[35.083538,31.422737],[35.084815,31.422365],[35.086059,31.422713],[35.087044,31.42258],[35.088757,31.421541],[35.089909,31.421329],[35.092181,31.422292],[35.097162,31.42187],[35.098034,31.421043],[35.101173,31.420108],[35.109241,31.415339],[35.112451,31.412059],[35.113787,31.414355],[35.114595,31.41537],[35.115496,31.417238],[35.11894,31.418549],[35.120372,31.41887],[35.122954,31.420286],[35.127841,31.420903],[35.129585,31.420477],[35.131235,31.420292],[35.134316,31.420187],[35.135001,31.420401],[35.136922,31.421581],[35.137482,31.421794],[35.138509,31.421875],[35.140259,31.421583],[35.13844,31.420282],[35.141504,31.419694],[35.141737,31.419252],[35.141791,31.41902],[35.14162,31.418741],[35.142102,31.417243],[35.140231,31.41612],[35.13899,31.416041],[35.135954,31.413962],[35.134234,31.413327],[35.132291,31.41335],[35.130736,31.415058],[35.12863,31.412228],[35.12319,31.409412],[35.121181,31.408089],[35.119609,31.406722],[35.119043,31.40657],[35.116073,31.406843],[35.113704,31.407811],[35.110669,31.408141],[35.108125,31.409288],[35.105677,31.410698],[35.101269,31.414143],[35.097892,31.418106],[35.095145,31.419867],[35.093781,31.42045],[35.093344,31.42038],[35.092688,31.419782],[35.090579,31.418672],[35.089964,31.417912],[35.089104,31.417695],[35.08814,31.417786],[35.087634,31.418103],[35.086844,31.41926],[35.086585,31.420398],[35.08628,31.420399],[35.085684,31.420039],[35.08399,31.418341],[35.082486,31.41624],[35.082533,31.414706],[35.082826,31.413017],[35.083143,31.41272],[35.084678,31.412],[35.085359,31.411885],[35.089994,31.409809],[35.090107,31.409566],[35.089896,31.408365],[35.089177,31.407334],[35.089132,31.406844],[35.089371,31.406511],[35.091905,31.405056],[35.092357,31.405143],[35.092841,31.405479],[35.094844,31.405605],[35.097113,31.402406],[35.098537,31.399601],[35.098554,31.399332],[35.098196,31.398932],[35.098031,31.39834],[35.098368,31.397529],[35.098413,31.396701],[35.096975,31.395177],[35.097012,31.393251],[35.096738,31.392554],[35.096015,31.391782],[35.094446,31.390981],[35.094187,31.390657],[35.094538,31.389696],[35.095705,31.388831],[35.096075,31.388222],[35.095912,31.387098],[35.095178,31.38605],[35.095314,31.385524],[35.096182,31.385026],[35.096148,31.384683],[35.095625,31.38385],[35.095685,31.383407],[35.096092,31.382664],[35.095989,31.38174],[35.095471,31.381428],[35.094643,31.381513],[35.093947,31.380938],[35.092104,31.38037],[35.089479,31.378439],[35.088803,31.377407],[35.088802,31.375961],[35.088587,31.375608],[35.082825,31.373463],[35.077896,31.373936],[35.072722,31.373719],[35.06579,31.375559],[35.064426,31.375639],[35.062143,31.375487],[35.057242,31.376462],[35.053722,31.376747],[35.050988,31.37779],[35.048791,31.378949],[35.046489,31.378975],[35.044435,31.379861],[35.040152,31.381148],[35.038706,31.381342],[35.035932,31.381403],[35.035823,31.381631],[35.036642,31.383581],[35.036427,31.384496],[35.036009,31.385364],[35.035235,31.385499],[35.03496,31.386013],[35.036004,31.386825],[35.03726,31.387101],[35.038309,31.387647],[35.038462,31.387878],[35.038171,31.389303],[35.037007,31.390635],[35.036727,31.39076],[35.035351,31.390601],[35.03422,31.389898],[35.033544,31.389263],[35.032766,31.389105],[35.03267,31.38852],[35.032195,31.388184],[35.031215,31.386195],[35.030126,31.385577],[35.029091,31.385197],[35.028636,31.385184],[35.027552,31.386061],[35.02776,31.388409],[35.029116,31.3909],[35.030875,31.392729],[35.032086,31.393194],[35.033232,31.394694],[35.034071,31.395123],[35.035166,31.39601],[35.035384,31.39692],[35.037962,31.398228],[35.037749,31.400252],[35.038176,31.402496],[35.038031,31.403428],[35.040394,31.407975],[35.040807,31.410086],[35.039844,31.410674],[35.040817,31.415097],[35.040577,31.417475],[35.041145,31.418748],[35.040532,31.419266],[35.040446,31.419518],[35.041221,31.42128],[35.041087,31.421661],[35.039845,31.423091],[35.039512,31.4239],[35.039283,31.425154],[35.038218,31.426871],[35.038183,31.428523],[35.039326,31.430688],[35.039323,31.432349],[35.03963,31.432968],[35.041811,31.434492],[35.043511,31.435414],[35.044184,31.435998],[35.045764,31.436352],[35.045983,31.436547],[35.04624,31.437258],[35.046214,31.438044],[35.045853,31.438761],[35.044338,31.440055],[35.043485,31.441139],[35.042493,31.445641],[35.041546,31.447652],[35.041602,31.448349],[35.041969,31.448429],[35.041979,31.448559],[35.041131,31.44904],[35.040463,31.450151],[35.040368,31.451921],[35.04058,31.453089],[35.040863,31.45342],[35.042755,31.45439],[35.044217,31.454504],[35.046298,31.454096],[35.047046,31.455065],[35.04708,31.455494],[35.046745,31.456483],[35.047261,31.457648],[35.049604,31.459502],[35.050943,31.461798],[35.051372,31.461715],[35.052023,31.460978],[35.052651,31.460562],[35.053727,31.460372],[35.054774,31.460574],[35.055768,31.461095],[35.056694,31.462665],[35.056517,31.463163],[35.054933,31.464569],[35.048103,31.466658],[35.046643,31.466404],[35.045007,31.465384],[35.044885,31.465153],[35.045242,31.464724],[35.045171,31.464115],[35.04496,31.46393],[35.044132,31.463813],[35.042474,31.46395],[35.04141,31.46433],[35.039707,31.465361],[35.039214,31.466538],[35.039343,31.467714],[35.041264,31.470545],[35.041763,31.470976],[35.042404,31.471236],[35.04615,31.471962],[35.046935,31.472404],[35.047389,31.472889],[35.048604,31.475],[35.047732,31.475304],[35.047175,31.476149],[35.047302,31.47686],[35.047921,31.477774],[35.048279,31.478026],[35.050989,31.478975],[35.05186,31.479953],[35.053968,31.480808],[35.054327,31.481257],[35.055359,31.483719],[35.056654,31.484688],[35.058447,31.484711],[35.060902,31.482897],[35.06368,31.483416],[35.069321,31.482367],[35.069444,31.48334],[35.069951,31.48493],[35.070252,31.485528],[35.070517,31.485646],[35.071533,31.485152],[35.073254,31.483695],[35.07428,31.483055],[35.075511,31.48191],[35.079056,31.481829],[35.08003,31.481207],[35.081098,31.481175],[35.081795,31.479982],[35.083146,31.478795],[35.084486,31.478634],[35.084719,31.4788],[35.085171,31.479745],[35.0852,31.481328],[35.086099,31.482497],[35.086315,31.483006],[35.086185,31.483954],[35.086272,31.48451],[35.087638,31.486352],[35.0889,31.488847],[35.090064,31.492086],[35.092529,31.492309],[35.095679,31.493266],[35.096885,31.493483],[35.098106,31.493413],[35.100483,31.492916],[35.103243,31.492984],[35.109099,31.495018],[35.112183,31.495668],[35.112265,31.495231],[35.113453,31.495239],[35.114533,31.495031],[35.117181,31.493682],[35.117458,31.493372],[35.118059,31.491957],[35.118642,31.491565],[35.120205,31.491338],[35.121553,31.491692],[35.122601,31.492207],[35.123742,31.493474],[35.124748,31.493007],[35.125571,31.491999],[35.126162,31.489725],[35.126628,31.489386],[35.127836,31.489103],[35.129127,31.488268],[35.12971,31.487454],[35.130078,31.486034],[35.130038,31.485139],[35.1293,31.481249],[35.125613,31.48058],[35.124931,31.478369],[35.125055,31.477851],[35.126454,31.476844],[35.127548,31.475019],[35.126331,31.472258],[35.126334,31.471865],[35.128065,31.469928],[35.134248,31.460518],[35.135514,31.459622],[35.13756,31.457779],[35.139257,31.455872],[35.142266,31.455178],[35.142497,31.45501],[35.142711,31.45384],[35.144376,31.451805],[35.144462,31.450488],[35.145434,31.447789],[35.14598,31.446947],[35.147142,31.44579],[35.147524,31.445585],[35.148916,31.445543],[35.150034,31.444151],[35.150577,31.443135],[35.158579,31.438855],[35.160657,31.437313],[35.162349,31.435677],[35.164311,31.434327],[35.164402,31.432112],[35.164785,31.431534],[35.164032,31.430681],[35.162612,31.429678],[35.1618,31.429379],[35.160068,31.429125],[35.156993,31.428195],[35.156101,31.427711],[35.15407,31.426125],[35.150818,31.425862],[35.14871,31.425424],[35.14464,31.42411],[35.14269,31.423053]]],[[[34.99864,31.48673],[34.998582,31.486915],[34.996942,31.487991],[34.994753,31.488108],[34.994346,31.488496],[34.995133,31.489134],[34.995594,31.490156],[34.99555,31.490822],[34.997873,31.493886],[34.998654,31.492692],[34.999225,31.491288],[34.999174,31.486705],[34.99864,31.48673]]],[[[35.064592,31.488888],[35.063619,31.488935],[35.063568,31.489972],[35.063141,31.491377],[35.063645,31.491792],[35.065214,31.491904],[35.066043,31.491261],[35.065974,31.490137],[35.065699,31.489631],[35.064592,31.488888]]],[[[34.988077,31.485217],[34.983577,31.481228],[34.982989,31.481015],[34.980606,31.480825],[34.978592,31.481272],[34.976611,31.481189],[34.973271,31.479777],[34.970036,31.47766],[34.96993,31.47897],[34.9694,31.479811],[34.969573,31.48018],[34.969909,31.48044],[34.9727,31.481345],[34.973562,31.482501],[34.975937,31.482586],[34.976188,31.483211],[34.975897,31.485119],[34.975988,31.485525],[34.976286,31.48545],[34.97723,31.484567],[34.978156,31.484057],[34.979853,31.483632],[34.982897,31.483266],[34.984537,31.483569],[34.986244,31.484569],[34.988077,31.485217]]],[[[35.030652,31.465426],[35.030264,31.465369],[35.029824,31.46554],[35.029051,31.466247],[35.02923,31.468902],[35.029597,31.469581],[35.030634,31.470249],[35.030626,31.471815],[35.031019,31.47257],[35.031878,31.473029],[35.032839,31.472889],[35.033346,31.472586],[35.033599,31.47189],[35.033281,31.469704],[35.032147,31.467905],[35.031561,31.466453],[35.031133,31.465757],[35.030652,31.465426]]],[[[34.962709,31.468573],[34.956617,31.462761],[34.955616,31.462914],[34.958326,31.465143],[34.957792,31.467824],[34.95732,31.468496],[34.957385,31.468645],[34.9578,31.46871],[34.959747,31.468317],[34.961276,31.468258],[34.962323,31.468384],[34.962709,31.468573]]],[[[34.948022,31.456945],[34.947798,31.455849],[34.945548,31.453965],[34.94549,31.454639],[34.945298,31.454846],[34.943792,31.455559],[34.943204,31.455983],[34.943147,31.456205],[34.943187,31.456647],[34.944802,31.458261],[34.945647,31.457619],[34.947026,31.457811],[34.947556,31.456944],[34.948022,31.456945]]],[[[35.027317,31.446802],[35.024927,31.446615],[35.024034,31.448551],[35.023783,31.449797],[35.02437,31.45133],[35.025265,31.452131],[35.025908,31.453984],[35.027063,31.455027],[35.027739,31.455432],[35.028179,31.457292],[35.029336,31.455547],[35.030806,31.454526],[35.031564,31.453747],[35.03205,31.452985],[35.032177,31.452427],[35.031878,31.451994],[35.031302,31.4517],[35.031176,31.45137],[35.030888,31.450481],[35.031028,31.448926],[35.030903,31.448685],[35.029019,31.447253],[35.027317,31.446802]]],[[[34.925446,31.456215],[34.92642,31.456321],[34.927102,31.456012],[34.927679,31.456002],[34.928361,31.455507],[34.928568,31.455168],[34.930414,31.454631],[34.931612,31.453931],[34.932271,31.453032],[34.932408,31.451079],[34.931582,31.449076],[34.930149,31.447658],[34.927712,31.44666],[34.923924,31.446047],[34.925941,31.443666],[34.925977,31.442442],[34.92539,31.441254],[34.92417,31.440362],[34.921974,31.441921],[34.920011,31.442674],[34.917687,31.444092],[34.916369,31.444534],[34.91407,31.444717],[34.912904,31.445103],[34.913293,31.447152],[34.914314,31.447543],[34.916682,31.449276],[34.916605,31.450894],[34.916889,31.451616],[34.917922,31.452468],[34.921856,31.456408],[34.922393,31.456696],[34.923884,31.456984],[34.924571,31.456796],[34.925446,31.456215]]],[[[34.942422,31.448973],[34.941638,31.447418],[34.940934,31.446529],[34.940919,31.447326],[34.94069,31.447728],[34.940053,31.44848],[34.938897,31.449047],[34.938767,31.449288],[34.939296,31.450856],[34.939603,31.451223],[34.940468,31.451529],[34.94077,31.451144],[34.941013,31.450358],[34.941688,31.449497],[34.942422,31.448973]]],[[[34.916224,31.439205],[34.916617,31.43892],[34.917236,31.438087],[34.917886,31.437638],[34.918612,31.437303],[34.919999,31.437145],[34.920937,31.436817],[34.922401,31.435968],[34.92338,31.434572],[34.925469,31.434131],[34.925719,31.433819],[34.925859,31.432392],[34.925758,31.431857],[34.925395,31.431392],[34.924185,31.430661],[34.923387,31.428234],[34.922473,31.427227],[34.921248,31.426204],[34.919941,31.425532],[34.918811,31.425211],[34.917764,31.425488],[34.916963,31.426727],[34.91541,31.427819],[34.915145,31.428348],[34.915,31.42981],[34.914517,31.430426],[34.912677,31.431481],[34.910706,31.43166],[34.908557,31.432371],[34.907195,31.433557],[34.906997,31.433933],[34.907102,31.435315],[34.907798,31.436383],[34.908269,31.437625],[34.908744,31.438374],[34.908925,31.439141],[34.907391,31.439091],[34.906363,31.439255],[34.909582,31.441989],[34.910248,31.443339],[34.910762,31.442898],[34.911734,31.440985],[34.912494,31.440183],[34.91363,31.43965],[34.916224,31.439205]]],[[[34.929862,31.43372],[34.928557,31.433966],[34.927184,31.434508],[34.926701,31.435087],[34.926885,31.43949],[34.927087,31.440081],[34.927677,31.440966],[34.928298,31.440536],[34.928396,31.440289],[34.927896,31.43826],[34.927973,31.437683],[34.928275,31.437163],[34.929225,31.436572],[34.931813,31.436221],[34.931753,31.435497],[34.931921,31.434961],[34.931453,31.434266],[34.931097,31.434009],[34.929862,31.43372]]],[[[34.977165,31.396438],[34.976826,31.396013],[34.974333,31.395452],[34.971093,31.394473],[34.969577,31.393308],[34.966961,31.39023],[34.966643,31.390144],[34.966187,31.391056],[34.965899,31.391196],[34.965628,31.39085],[34.965645,31.390375],[34.965953,31.389963],[34.965656,31.38942],[34.964783,31.389309],[34.963207,31.389672],[34.961632,31.388825],[34.960278,31.389084],[34.959409,31.390409],[34.959155,31.391202],[34.959059,31.392403],[34.959442,31.394349],[34.959284,31.394481],[34.957678,31.394],[34.957351,31.39425],[34.956608,31.395513],[34.956494,31.39607],[34.955663,31.396013],[34.95543,31.39637],[34.954318,31.396378],[34.953108,31.395479],[34.952884,31.394887],[34.952449,31.394459],[34.952099,31.394323],[34.950835,31.394471],[34.950223,31.394067],[34.950142,31.393783],[34.950492,31.390313],[34.951592,31.389534],[34.951901,31.389043],[34.951725,31.385403],[34.951209,31.384488],[34.95014,31.384477],[34.948252,31.385407],[34.947493,31.385377],[34.947023,31.384363],[34.947005,31.38213],[34.946586,31.381976],[34.946127,31.382263],[34.94604,31.383186],[34.945846,31.383245],[34.944475,31.383189],[34.943568,31.382315],[34.943232,31.38223],[34.942821,31.382438],[34.942576,31.383291],[34.94193,31.38325],[34.94113,31.382835],[34.939959,31.382953],[34.939136,31.38284],[34.938868,31.382643],[34.938773,31.382343],[34.938891,31.380921],[34.938691,31.380459],[34.936839,31.379177],[34.936164,31.37915],[34.935304,31.379402],[34.935045,31.379607],[34.934736,31.38029],[34.934101,31.38079],[34.931631,31.381167],[34.930684,31.381483],[34.930252,31.381879],[34.929809,31.383341],[34.929069,31.383729],[34.927681,31.383989],[34.927494,31.384143],[34.927758,31.385597],[34.927696,31.386138],[34.926805,31.387165],[34.925354,31.387916],[34.925131,31.388498],[34.925029,31.389995],[34.924886,31.390173],[34.92324,31.390713],[34.921304,31.392334],[34.921391,31.393012],[34.921139,31.39431],[34.920424,31.395942],[34.919679,31.396932],[34.919427,31.397527],[34.918646,31.400957],[34.91859,31.402517],[34.918805,31.403694],[34.918199,31.405651],[34.91809,31.40823],[34.917178,31.41034],[34.916465,31.411356],[34.915988,31.412394],[34.915768,31.413498],[34.916033,31.415013],[34.916505,31.415877],[34.91684,31.417068],[34.916814,31.42008],[34.916966,31.421431],[34.919828,31.422516],[34.920889,31.423228],[34.921798,31.423618],[34.923771,31.423885],[34.924093,31.424082],[34.924507,31.424693],[34.924759,31.425461],[34.925289,31.425802],[34.926694,31.427296],[34.927714,31.428113],[34.928228,31.429236],[34.930093,31.429934],[34.934085,31.432423],[34.934212,31.433068],[34.936109,31.435324],[34.936421,31.437284],[34.936906,31.437746],[34.938461,31.438467],[34.938344,31.437598],[34.938622,31.434218],[34.938592,31.429108],[34.938244,31.425649],[34.93865,31.424651],[34.938494,31.424459],[34.938687,31.423745],[34.939497,31.421692],[34.9413,31.420141],[34.942851,31.419506],[34.944772,31.418172],[34.946222,31.416241],[34.947639,31.413887],[34.949094,31.410536],[34.949425,31.409379],[34.950602,31.408671],[34.952498,31.407974],[34.953479,31.406809],[34.953779,31.404538],[34.956019,31.403234],[34.958989,31.402189],[34.958993,31.400622],[34.959123,31.400328],[34.959597,31.399812],[34.960588,31.399224],[34.961836,31.398895],[34.962416,31.398896],[34.963727,31.399249],[34.964264,31.399619],[34.964849,31.399591],[34.964722,31.398742],[34.965239,31.398227],[34.96812,31.398417],[34.977165,31.396438]]],[[[34.919519,31.383366],[34.920996,31.381129],[34.922334,31.379852],[34.92243,31.379448],[34.922276,31.378405],[34.924726,31.377236],[34.926009,31.37635],[34.927973,31.374238],[34.929052,31.372829],[34.930089,31.371125],[34.928895,31.37007],[34.927708,31.369433],[34.926554,31.369122],[34.925496,31.371993],[34.925091,31.372196],[34.924005,31.372216],[34.92336,31.371772],[34.922786,31.372656],[34.922232,31.372532],[34.921901,31.37219],[34.921468,31.371192],[34.920764,31.37172],[34.919644,31.37164],[34.919848,31.370424],[34.919184,31.369328],[34.919356,31.367561],[34.91908,31.367088],[34.917573,31.366526],[34.916743,31.36658],[34.91577,31.367074],[34.914552,31.366595],[34.913569,31.366535],[34.912952,31.366664],[34.912748,31.367139],[34.911246,31.367154],[34.911754,31.368212],[34.910821,31.36793],[34.909596,31.367963],[34.909089,31.36822],[34.908075,31.367914],[34.907007,31.368032],[34.905193,31.368777],[34.904699,31.369483],[34.904674,31.370826],[34.904961,31.371492],[34.905742,31.372363],[34.90509,31.372446],[34.902952,31.371751],[34.902129,31.371978],[34.903076,31.373116],[34.902968,31.373618],[34.902199,31.37381],[34.902075,31.374579],[34.902626,31.375102],[34.902972,31.376032],[34.90445,31.376696],[34.904784,31.377016],[34.905936,31.379621],[34.905626,31.380454],[34.90687,31.381044],[34.906881,31.381551],[34.906231,31.382237],[34.906299,31.382779],[34.906628,31.383077],[34.907415,31.383251],[34.909552,31.385078],[34.909844,31.384781],[34.911112,31.384417],[34.911752,31.384009],[34.913042,31.383549],[34.914731,31.383322],[34.914936,31.38342],[34.915323,31.384754],[34.915953,31.385463],[34.916709,31.385792],[34.917922,31.385798],[34.918256,31.38434],[34.919097,31.383878],[34.919519,31.383366]]]]},"properties":{"oslo_class":"A","source_crs":"EPSG:4326","evidence_ref":["a1896d5f92"]}},{"type":"Feature","geometry":{"type":"MultiPolygon","coordinates":[[[[35.260579,31.661938],[35.261945,31.661972],[35.264061,31.661649],[35.265499,31.662517],[35.267886,31.663374],[35.268959,31.664142],[35.269115,31.666056],[35.270404,31.667365],[35.270735,31.668926],[35.270246,31.669827],[35.269097,31.670095],[35.268957,31.670716],[35.268157,31.671537],[35.267824,31.672756],[35.267146,31.673841],[35.267952,31.674055],[35.26901,31.674605],[35.270043,31.674804],[35.270724,31.675215],[35.272336,31.675229],[35.272954,31.675067],[35.274235,31.676543],[35.275355,31.677056],[35.280871,31.677718],[35.282112,31.678284],[35.282518,31.679036],[35.282861,31.679321],[35.284069,31.67946],[35.287591,31.680453],[35.288246,31.680502],[35.290748,31.681557],[35.295372,31.680977],[35.296387,31.680976],[35.298536,31.681547],[35.301078,31.681617],[35.302796,31.682792],[35.302944,31.683032],[35.302918,31.685645],[35.301516,31.686925],[35.301426,31.688424],[35.299997,31.688953],[35.299354,31.68981],[35.298277,31.690701],[35.297343,31.691822],[35.295187,31.691969],[35.294506,31.692284],[35.293576,31.693337],[35.292148,31.695849],[35.291101,31.698465],[35.290788,31.700493],[35.290928,31.703988],[35.291442,31.705052],[35.291635,31.70589],[35.290582,31.707351],[35.289929,31.707933],[35.289638,31.708773],[35.29289,31.708723],[35.296333,31.709225],[35.298159,31.709826],[35.299763,31.710757],[35.301161,31.711118],[35.302757,31.711905],[35.303073,31.712205],[35.304171,31.714102],[35.304901,31.716618],[35.304771,31.71861],[35.309061,31.718475],[35.312292,31.717278],[35.314248,31.718083],[35.314337,31.71833],[35.314138,31.719288],[35.313486,31.72041],[35.312851,31.720777],[35.310667,31.721232],[35.308271,31.721176],[35.306318,31.721564],[35.304676,31.722955],[35.303951,31.723984],[35.30377,31.72675],[35.300559,31.728558],[35.299866,31.728727],[35.293514,31.729038],[35.289264,31.729753],[35.288796,31.729597],[35.288136,31.731416],[35.286879,31.732725],[35.286147,31.733908],[35.285961,31.738537],[35.287012,31.738832],[35.287584,31.739321],[35.287917,31.738012],[35.288787,31.737405],[35.289482,31.737378],[35.290522,31.737751],[35.291238,31.737771],[35.292044,31.736767],[35.292628,31.735213],[35.293021,31.734662],[35.293604,31.735575],[35.294277,31.737241],[35.295165,31.73814],[35.295909,31.738629],[35.296251,31.739274],[35.296618,31.739576],[35.300911,31.740198],[35.303756,31.740268],[35.304768,31.739848],[35.305578,31.738459],[35.306974,31.737368],[35.307523,31.735866],[35.308449,31.734565],[35.309144,31.733963],[35.310732,31.733219],[35.313357,31.731663],[35.315212,31.731128],[35.317821,31.730916],[35.319084,31.730198],[35.319777,31.729372],[35.320346,31.727788],[35.320247,31.724477],[35.32058,31.722249],[35.32144,31.719127],[35.322123,31.717514],[35.322256,31.716833],[35.323192,31.714983],[35.323204,31.714439],[35.322779,31.712848],[35.322765,31.710666],[35.323167,31.709229],[35.324249,31.706896],[35.324325,31.70633],[35.324102,31.705771],[35.323787,31.705484],[35.32069,31.704457],[35.318455,31.703503],[35.317411,31.70276],[35.3161,31.701489],[35.315492,31.700479],[35.314945,31.698876],[35.314808,31.697707],[35.314904,31.696377],[35.315156,31.695445],[35.315629,31.694577],[35.317666,31.692403],[35.320437,31.690551],[35.321728,31.690108],[35.3245,31.688518],[35.324592,31.688265],[35.324107,31.686238],[35.324194,31.683921],[35.32452,31.683166],[35.326721,31.679746],[35.3207,31.677943],[35.318473,31.677125],[35.31621,31.675297],[35.315474,31.674371],[35.314085,31.671574],[35.313719,31.670239],[35.313634,31.669116],[35.314186,31.666516],[35.314067,31.665869],[35.315168,31.664356],[35.317089,31.66263],[35.314183,31.660171],[35.312668,31.658124],[35.312057,31.657034],[35.311576,31.655412],[35.311387,31.650481],[35.311553,31.649271],[35.312026,31.647966],[35.312921,31.646621],[35.313911,31.645636],[35.315363,31.644655],[35.317009,31.643936],[35.31862,31.643527],[35.320861,31.643246],[35.323227,31.640453],[35.322134,31.63832],[35.321802,31.637295],[35.321051,31.628479],[35.321147,31.627029],[35.321647,31.624665],[35.323483,31.619136],[35.322826,31.614204],[35.306799,31.612556],[35.304383,31.612213],[35.30221,31.611678],[35.30026,31.610909],[35.298545,31.609931],[35.297201,31.608888],[35.292567,31.60457],[35.291307,31.604369],[35.290421,31.604665],[35.288582,31.606918],[35.287563,31.6077],[35.286511,31.608256],[35.283628,31.608998],[35.28011,31.609112],[35.278873,31.610964],[35.276848,31.612813],[35.274479,31.614142],[35.272032,31.61501],[35.271186,31.615607],[35.270749,31.615546],[35.269852,31.615017],[35.269293,31.614995],[35.268406,31.615315],[35.267449,31.616484],[35.26695,31.616733],[35.265452,31.617146],[35.261504,31.617706],[35.256121,31.619256],[35.253939,31.620034],[35.253802,31.620263],[35.253792,31.622403],[35.253049,31.626268],[35.253136,31.626681],[35.254231,31.627696],[35.25523,31.629058],[35.256554,31.629957],[35.257946,31.631234],[35.259216,31.632812],[35.259101,31.633055],[35.258163,31.633755],[35.258706,31.634261],[35.258602,31.635171],[35.25946,31.636486],[35.259612,31.637576],[35.258572,31.644752],[35.258696,31.645142],[35.259523,31.646025],[35.259696,31.646594],[35.259591,31.649241],[35.258929,31.651581],[35.262257,31.65137],[35.26246,31.652411],[35.26241,31.652947],[35.261829,31.654013],[35.260579,31.661938]]],[[[35.187325,31.468898],[35.189259,31.469622],[35.189656,31.470599],[35.189462,31.47136],[35.190227,31.472132],[35.193965,31.472139],[35.194493,31.472303],[35.195288,31.472961],[35.19571,31.473103],[35.196715,31.47272],[35.198466,31.473031],[35.199254,31.473013],[35.2008,31.471536],[35.201401,31.471333],[35.201924,31.471406],[35.203681,31.472126],[35.208236,31.471999],[35.209263,31.471516],[35.210494,31.470251],[35.211062,31.469892],[35.212253,31.469799],[35.213259,31.470271],[35.215158,31.47208],[35.215243,31.472466],[35.215124,31.472892],[35.213896,31.474034],[35.213793,31.474537],[35.21434,31.475007],[35.215154,31.475045],[35.215759,31.475295],[35.216231,31.475881],[35.216237,31.476485],[35.218106,31.476578],[35.219522,31.476923],[35.219864,31.4766],[35.220152,31.475791],[35.221173,31.475672],[35.221601,31.475831],[35.222287,31.476406],[35.223874,31.477151],[35.226696,31.478137],[35.228134,31.478152],[35.229631,31.477453],[35.230383,31.477501],[35.230548,31.477723],[35.230688,31.478886],[35.231324,31.481215],[35.231768,31.481597],[35.232911,31.481975],[35.233279,31.482381],[35.233196,31.484846],[35.232758,31.48594],[35.232897,31.48867],[35.233346,31.489928],[35.234062,31.490755],[35.234194,31.492194],[35.235282,31.493365],[35.23552,31.494505],[35.23585,31.494776],[35.236534,31.494863],[35.238132,31.495696],[35.240148,31.497533],[35.241041,31.498824],[35.24221,31.499953],[35.242601,31.501247],[35.243341,31.502346],[35.244663,31.502456],[35.246537,31.503219],[35.247499,31.503219],[35.248064,31.502976],[35.248707,31.503201],[35.249524,31.503255],[35.249929,31.503453],[35.250344,31.504123],[35.250856,31.504375],[35.250795,31.504995],[35.250439,31.505606],[35.250858,31.506282],[35.250677,31.506914],[35.250367,31.507201],[35.248282,31.508223],[35.248131,31.508445],[35.248366,31.510472],[35.24888,31.511678],[35.25086,31.513715],[35.251661,31.516014],[35.253573,31.518276],[35.254303,31.518702],[35.256357,31.518935],[35.261323,31.52024],[35.262032,31.520791],[35.262233,31.521164],[35.261983,31.521936],[35.262109,31.523729],[35.26184,31.524447],[35.261113,31.525194],[35.260363,31.526312],[35.25911,31.526664],[35.258363,31.527111],[35.257626,31.528437],[35.257078,31.528915],[35.25624,31.529171],[35.255447,31.529215],[35.252379,31.528994],[35.251495,31.529323],[35.249768,31.530449],[35.248594,31.530073],[35.248016,31.530095],[35.246704,31.531345],[35.246006,31.532341],[35.2455,31.532687],[35.244872,31.532749],[35.243592,31.532566],[35.242128,31.532749],[35.242166,31.533646],[35.242868,31.535007],[35.243108,31.535859],[35.24325,31.54165],[35.242923,31.542845],[35.242151,31.54352],[35.240966,31.543708],[35.240774,31.543518],[35.240762,31.543024],[35.241241,31.542253],[35.241211,31.541858],[35.240975,31.54169],[35.240325,31.541701],[35.239976,31.541872],[35.239713,31.542192],[35.239325,31.543246],[35.238171,31.543717],[35.237125,31.544887],[35.236217,31.546378],[35.235599,31.54813],[35.232125,31.551636],[35.23119,31.552194],[35.229985,31.552404],[35.229347,31.552802],[35.228062,31.552973],[35.225822,31.55388],[35.225639,31.554236],[35.225601,31.555033],[35.224518,31.555768],[35.224336,31.556543],[35.224538,31.557562],[35.225674,31.558136],[35.225575,31.558761],[35.224251,31.560477],[35.223099,31.56122],[35.223227,31.562101],[35.22309,31.562655],[35.221622,31.564313],[35.219327,31.568715],[35.218295,31.570132],[35.218006,31.570822],[35.217858,31.571842],[35.217551,31.572344],[35.217253,31.572429],[35.216413,31.572108],[35.215242,31.571455],[35.21268,31.568635],[35.211318,31.568254],[35.202542,31.56868],[35.194701,31.56928],[35.194712,31.569746],[35.196539,31.570914],[35.197195,31.571647],[35.197663,31.572472],[35.197966,31.574126],[35.197842,31.574984],[35.19746,31.576015],[35.197513,31.576276],[35.199419,31.577848],[35.201079,31.580065],[35.201338,31.580192],[35.202191,31.579711],[35.203055,31.579608],[35.204635,31.578786],[35.20783,31.576635],[35.208783,31.575558],[35.211362,31.57421],[35.213291,31.574122],[35.215343,31.574823],[35.217774,31.575258],[35.218835,31.575251],[35.220956,31.574575],[35.22158,31.574689],[35.221955,31.575007],[35.221935,31.575964],[35.221014,31.578],[35.220454,31.580053],[35.219535,31.581625],[35.218577,31.582603],[35.21693,31.583634],[35.215648,31.584274],[35.21411,31.584708],[35.213198,31.585273],[35.212055,31.587604],[35.210655,31.589035],[35.210691,31.590131],[35.210959,31.590622],[35.213888,31.593167],[35.215765,31.593558],[35.216802,31.593419],[35.217621,31.592545],[35.21942,31.591731],[35.225498,31.590235],[35.229871,31.588766],[35.230981,31.588713],[35.232572,31.589129],[35.233911,31.591591],[35.235055,31.59278],[35.236388,31.593863],[35.237502,31.594076],[35.238412,31.59464],[35.238425,31.595656],[35.237999,31.596548],[35.237836,31.597542],[35.237372,31.598103],[35.237207,31.59863],[35.237249,31.599429],[35.237785,31.600847],[35.237916,31.60174],[35.237795,31.60264],[35.237246,31.604182],[35.23879,31.604208],[35.240197,31.604438],[35.244117,31.605474],[35.245694,31.606193],[35.246896,31.607125],[35.247742,31.608179],[35.24828,31.609307],[35.248795,31.611221],[35.25152,31.610583],[35.252573,31.610494],[35.25375,31.609977],[35.258458,31.608452],[35.262343,31.608214],[35.263678,31.607985],[35.26572,31.607159],[35.270153,31.605989],[35.272526,31.602679],[35.273324,31.601829],[35.274077,31.601289],[35.275047,31.600858],[35.2763,31.600559],[35.281276,31.600197],[35.282989,31.598459],[35.285432,31.596788],[35.287396,31.595862],[35.289291,31.595411],[35.291489,31.595371],[35.293746,31.59557],[35.295606,31.59594],[35.297185,31.596531],[35.299745,31.598001],[35.304443,31.602433],[35.305417,31.603187],[35.306075,31.603488],[35.319176,31.604823],[35.319517,31.6037],[35.320305,31.60215],[35.319188,31.601501],[35.319188,31.600774],[35.319621,31.600224],[35.320743,31.59993],[35.321144,31.599542],[35.321992,31.588085],[35.32242,31.586896],[35.323076,31.585933],[35.323349,31.584956],[35.323668,31.584676],[35.323753,31.583542],[35.324102,31.582914],[35.324474,31.581046],[35.32524,31.580526],[35.325345,31.580269],[35.325241,31.577962],[35.325665,31.575064],[35.325671,31.573061],[35.326827,31.569964],[35.327121,31.566904],[35.32772,31.563114],[35.327699,31.562257],[35.327333,31.560954],[35.326927,31.560379],[35.323352,31.560505],[35.322133,31.560762],[35.319226,31.560933],[35.317418,31.560703],[35.316923,31.559394],[35.316765,31.557987],[35.316333,31.557066],[35.316207,31.556396],[35.316266,31.554708],[35.316961,31.550654],[35.316774,31.548606],[35.316077,31.546034],[35.315232,31.544953],[35.314196,31.544364],[35.314189,31.542699],[35.31459,31.541275],[35.314651,31.540241],[35.31385,31.539652],[35.312533,31.539747],[35.31261,31.539258],[35.313392,31.537787],[35.313878,31.53646],[35.313598,31.531866],[35.312101,31.530236],[35.310587,31.529156],[35.306909,31.525721],[35.304755,31.522765],[35.301157,31.516909],[35.299036,31.514938],[35.295433,31.507402],[35.290373,31.502148],[35.28763,31.49895],[35.286294,31.496918],[35.28469,31.495182],[35.282343,31.49343],[35.281231,31.492299],[35.280434,31.491173],[35.27911,31.490213],[35.27617,31.487329],[35.273465,31.486294],[35.270965,31.484697],[35.265669,31.483304],[35.259001,31.481128],[35.258198,31.480672],[35.25624,31.478975],[35.254367,31.476722],[35.252745,31.473459],[35.250593,31.470216],[35.249344,31.466721],[35.248906,31.463983],[35.247866,31.461693],[35.246556,31.460153],[35.244336,31.458832],[35.243112,31.457398],[35.241518,31.454751],[35.240953,31.452774],[35.238895,31.449317],[35.237982,31.448571],[35.235403,31.447211],[35.232253,31.446568],[35.227039,31.446624],[35.226044,31.44679],[35.223845,31.446808],[35.220258,31.447614],[35.217856,31.447676],[35.216137,31.44743],[35.214073,31.446853],[35.211439,31.445656],[35.205286,31.445874],[35.201436,31.445744],[35.198512,31.446527],[35.195447,31.446604],[35.194419,31.449056],[35.193827,31.449222],[35.192523,31.451144],[35.191678,31.451771],[35.18949,31.452685],[35.18861,31.453397],[35.188277,31.453926],[35.188053,31.455055],[35.187797,31.460303],[35.187268,31.46253],[35.187702,31.467119],[35.18766,31.468475],[35.187325,31.468898]],[[35.235583,31.566781],[35.234701,31.569148],[35.232792,31.57051],[35.230537,31.574382],[35.22999,31.574622],[35.229564,31.574464],[35.229142,31.573909],[35.228438,31.571752],[35.228344,31.570402],[35.22849,31.569469],[35.229418,31.567761],[35.230346,31.56688],[35.231504,31.566417],[35.23262,31.566442],[35.232979,31.566632],[35.233516,31.566172],[35.233875,31.564934],[35.233897,31.561404],[35.233998,31.561148],[35.234395,31.560941],[35.235547,31.561063],[35.236467,31.561729],[35.237378,31.563601],[35.237276,31.564126],[35.236189,31.564612],[35.235583,31.566781]]]]},"properties":{"oslo_class":"Nature Reserve","source_crs":"EPSG:4326","evidence_ref":["a1896d5f92"]}},{"type":"Feature","geometry":{"type":"Polygon","coordinates":[[[35.226667,32.549533],[35.236426,32.536389],[35.251184,32.524283],[35.252166,32.523324],[35.254008,32.52248],[35.273438,32.515234],[35.288584,32.510786],[35.292555,32.50999],[35.295307,32.509665],[35.300206,32.509696],[35.306326,32.50998],[35.309184,32.510744],[35.317845,32.511824],[35.323915,32.513217],[35.327488,32.514233],[35.330688,32.515509],[35.331814,32.515589],[35.332713,32.51541],[35.333562,32.515776],[35.334048,32.516212],[35.334986,32.516244],[35.336788,32.517109],[35.342498,32.519167],[35.344759,32.519276],[35.349071,32.518248],[35.350223,32.518137],[35.353208,32.518835],[35.356299,32.518825],[35.358039,32.518559],[35.360486,32.517761],[35.365572,32.516947],[35.370032,32.515433],[35.371244,32.514874],[35.373261,32.513566],[35.374772,32.512353],[35.378055,32.510932],[35.381486,32.508875],[35.382365,32.508084],[35.383938,32.505605],[35.3845,32.505066],[35.386108,32.504924],[35.390614,32.505235],[35.396594,32.502543],[35.397673,32.502513],[35.399722,32.501832],[35.400788,32.501834],[35.401522,32.501474],[35.402396,32.501439],[35.402965,32.501231],[35.404558,32.49855],[35.40423,32.494847],[35.404615,32.494421],[35.404361,32.493301],[35.406356,32.488284],[35.407138,32.484949],[35.407016,32.483398],[35.408307,32.479939],[35.410324,32.475706],[35.411242,32.475009],[35.411758,32.473844],[35.412935,32.473091],[35.413673,32.471997],[35.416768,32.465885],[35.417419,32.463946],[35.419169,32.462598],[35.419771,32.461013],[35.420293,32.458985],[35.417454,32.456945],[35.417281,32.456587],[35.416281,32.453192],[35.415585,32.44977],[35.412149,32.438123],[35.41197,32.435249],[35.412126,32.433642],[35.416821,32.423877],[35.417924,32.419623],[35.418946,32.417258],[35.422362,32.414992],[35.425318,32.413499],[35.42931,32.410333],[35.43215,32.408544],[35.434592,32.407577],[35.437721,32.406703],[35.44101,32.406014],[35.44241,32.406697],[35.443847,32.407668],[35.444404,32.409409],[35.444731,32.40981],[35.444718,32.410791],[35.445037,32.411034],[35.447098,32.410946],[35.448232,32.410576],[35.45125,32.41195],[35.452131,32.412135],[35.452705,32.412995],[35.453597,32.413076],[35.455194,32.41284],[35.457575,32.41338],[35.458909,32.412991],[35.4607,32.411937],[35.461123,32.411964],[35.461932,32.412463],[35.465502,32.412153],[35.46708,32.412512],[35.467933,32.412061],[35.469865,32.412098],[35.470653,32.411927],[35.470804,32.411682],[35.471656,32.411511],[35.475716,32.411221],[35.478957,32.410691],[35.480233,32.410348],[35.481389,32.409826],[35.484,32.40839],[35.489961,32.403741],[35.490815,32.403122],[35.49151,32.402856],[35.497817,32.400729],[35.514134,32.397185],[35.521748,32.394615],[35.526103,32.394164],[35.527626,32.393752],[35.528444,32.393069],[35.529811,32.392901],[35.530634,32.39252],[35.532844,32.392006],[35.534617,32.391182],[35.535471,32.390657],[35.538081,32.388405],[35.540325,32.387682],[35.54117,32.387235],[35.542046,32.387201],[35.543295,32.387424],[35.544645,32.387791],[35.546272,32.388505],[35.547333,32.388531],[35.547898,32.388764],[35.549247,32.388711],[35.551591,32.388929],[35.552567,32.388471],[35.553348,32.388335],[35.554263,32.38918],[35.556002,32.387635],[35.557947,32.386217],[35.56016,32.385935],[35.561092,32.385382],[35.562269,32.38512],[35.562572,32.384775],[35.562265,32.384241],[35.560919,32.382815],[35.56049,32.382007],[35.560268,32.379656],[35.562726,32.377302],[35.562971,32.375952],[35.564042,32.373933],[35.564076,32.372913],[35.563432,32.371534],[35.563837,32.369525],[35.563609,32.368697],[35.562763,32.366982],[35.562272,32.366441],[35.561629,32.3652],[35.560887,32.363072],[35.55954,32.360391],[35.559213,32.360212],[35.558575,32.360203],[35.558125,32.360406],[35.557639,32.361108],[35.557617,32.361884],[35.558485,32.363071],[35.558864,32.363952],[35.558741,32.364515],[35.558044,32.365462],[35.556208,32.366742],[35.554568,32.366778],[35.553693,32.367184],[35.553305,32.367196],[35.552891,32.367017],[35.552827,32.366794],[35.553859,32.364794],[35.554243,32.363582],[35.554127,32.362796],[35.553585,32.361884],[35.55342,32.361247],[35.553576,32.359526],[35.554433,32.358273],[35.556109,32.357652],[35.556646,32.357289],[35.55677,32.357034],[35.556756,32.356811],[35.556279,32.356249],[35.55496,32.355329],[35.554883,32.354607],[35.555606,32.353765],[35.556776,32.351523],[35.55796,32.350096],[35.559407,32.348764],[35.559506,32.348382],[35.559266,32.347798],[35.557636,32.347155],[35.553761,32.343651],[35.554383,32.342417],[35.555407,32.338601],[35.556022,32.334787],[35.557275,32.33164],[35.557097,32.330907],[35.554647,32.32928],[35.554545,32.328792],[35.554729,32.32775],[35.555002,32.327271],[35.555097,32.325773],[35.553286,32.323473],[35.553005,32.321883],[35.55329,32.321351],[35.55384,32.321084],[35.556403,32.320323],[35.558397,32.31954],[35.559209,32.318996],[35.560169,32.318048],[35.561226,32.316303],[35.561262,32.316026],[35.560921,32.315167],[35.560906,32.314395],[35.561276,32.312981],[35.562072,32.311683],[35.563704,32.309798],[35.563613,32.308938],[35.562997,32.307966],[35.562131,32.307098],[35.560412,32.305902],[35.560034,32.305436],[35.559921,32.305128],[35.560281,32.304394],[35.560229,32.304054],[35.559978,32.303747],[35.559023,32.30334],[35.560412,32.303329],[35.560204,32.303074],[35.55838,32.302472],[35.557455,32.301536],[35.557196,32.300206],[35.556433,32.299679],[35.554796,32.299222],[35.554567,32.298826],[35.554793,32.298419],[35.555748,32.297592],[35.558299,32.297107],[35.559651,32.296605],[35.560979,32.295807],[35.562151,32.295326],[35.562363,32.294206],[35.562674,32.293486],[35.563175,32.292875],[35.563268,32.292294],[35.563958,32.290878],[35.565222,32.289318],[35.56689,32.286092],[35.56715,32.285146],[35.56724,32.283278],[35.566585,32.281285],[35.56543,32.279966],[35.565195,32.278608],[35.565227,32.277774],[35.566027,32.276968],[35.56612,32.276266],[35.565987,32.275971],[35.56499,32.275241],[35.563323,32.27492],[35.561938,32.273635],[35.561242,32.273189],[35.559995,32.272948],[35.558086,32.272874],[35.559742,32.266746],[35.560092,32.264517],[35.560796,32.263711],[35.564829,32.261934],[35.56459,32.259137],[35.562838,32.25527],[35.562448,32.253597],[35.562239,32.252265],[35.562523,32.251379],[35.56306,32.250696],[35.563801,32.250327],[35.564951,32.250253],[35.566257,32.250422],[35.567406,32.250114],[35.567966,32.249563],[35.568519,32.248597],[35.568932,32.2471],[35.568892,32.245869],[35.569106,32.245451],[35.56987,32.244777],[35.571078,32.244337],[35.571495,32.243816],[35.571493,32.243491],[35.570457,32.241849],[35.569487,32.24175],[35.568651,32.242312],[35.567161,32.241218],[35.566584,32.240609],[35.56663,32.240242],[35.566928,32.239855],[35.568497,32.239718],[35.569142,32.239391],[35.569104,32.238933],[35.567868,32.238174],[35.567018,32.238217],[35.56605,32.238738],[35.565382,32.239564],[35.565148,32.240857],[35.564491,32.241459],[35.563379,32.241869],[35.563139,32.241789],[35.563018,32.241535],[35.562904,32.239815],[35.563079,32.238655],[35.563675,32.237941],[35.563607,32.237353],[35.562946,32.236917],[35.561988,32.236788],[35.561378,32.237034],[35.561225,32.237695],[35.560927,32.238012],[35.560221,32.238207],[35.55876,32.23819],[35.558015,32.237714],[35.558036,32.23686],[35.558892,32.235118],[35.559393,32.234791],[35.561679,32.234235],[35.562013,32.23399],[35.562392,32.232951],[35.5628,32.229973],[35.56336,32.229035],[35.564028,32.228515],[35.564554,32.228371],[35.565489,32.228419],[35.56682,32.228853],[35.567181,32.229462],[35.566959,32.230785],[35.567008,32.230999],[35.56732,32.231212],[35.56849,32.231168],[35.569721,32.230513],[35.569933,32.229546],[35.569479,32.224027],[35.568394,32.22232],[35.568295,32.221385],[35.568688,32.220727],[35.569143,32.220552],[35.571995,32.221094],[35.573018,32.219361],[35.57298,32.218954],[35.572739,32.218579],[35.571852,32.218286],[35.571242,32.218359],[35.568922,32.219251],[35.568192,32.219232],[35.567484,32.21899],[35.566524,32.218362],[35.565217,32.217908],[35.564821,32.217543],[35.564758,32.216882],[35.564972,32.216535],[35.567882,32.214334],[35.56854,32.214149],[35.569103,32.214198],[35.570341,32.215426],[35.570999,32.215383],[35.571631,32.214649],[35.572272,32.213253],[35.572579,32.212928],[35.572577,32.212446],[35.573291,32.211978],[35.572803,32.211723],[35.572812,32.210625],[35.572955,32.210186],[35.573437,32.209609],[35.573516,32.209197],[35.573144,32.208897],[35.572176,32.208927],[35.571066,32.209615],[35.569937,32.209591],[35.568062,32.208473],[35.567608,32.207953],[35.567201,32.207022],[35.566878,32.206914],[35.566185,32.207053],[35.565671,32.207397],[35.565415,32.208041],[35.565322,32.20896],[35.565097,32.209235],[35.564823,32.209304],[35.564193,32.209087],[35.563934,32.208827],[35.563283,32.207184],[35.563194,32.2066],[35.563352,32.205833],[35.563931,32.20531],[35.565847,32.204592],[35.566023,32.204153],[35.565779,32.203633],[35.564678,32.202471],[35.563962,32.200883],[35.562731,32.199461],[35.56247,32.198763],[35.562482,32.198207],[35.562819,32.19774],[35.563398,32.197465],[35.56456,32.197489],[35.565496,32.197911],[35.567729,32.199632],[35.568487,32.199849],[35.569181,32.199792],[35.569647,32.199434],[35.569758,32.199105],[35.569588,32.196735],[35.569729,32.19572],[35.57021,32.19502],[35.57238,32.193273],[35.572596,32.192743],[35.572449,32.192387],[35.572013,32.192073],[35.569529,32.191902],[35.568947,32.191506],[35.568945,32.190972],[35.569745,32.189544],[35.569679,32.189065],[35.569387,32.188723],[35.568613,32.188766],[35.567501,32.189529],[35.566809,32.189792],[35.565809,32.18974],[35.563936,32.189156],[35.562191,32.188119],[35.561461,32.187093],[35.561297,32.186312],[35.561453,32.184804],[35.561354,32.184325],[35.560902,32.184203],[35.559823,32.184548],[35.55904,32.184613],[35.558557,32.18456],[35.558233,32.184341],[35.55802,32.183383],[35.559047,32.18205],[35.560107,32.181102],[35.559505,32.179582],[35.559568,32.179116],[35.561646,32.178781],[35.561789,32.178246],[35.561707,32.177877],[35.560397,32.176592],[35.56023,32.175666],[35.559922,32.175146],[35.558427,32.17637],[35.557799,32.176522],[35.557121,32.176374],[35.555554,32.175542],[35.553668,32.175684],[35.553296,32.175356],[35.553247,32.175055],[35.553487,32.174574],[35.554002,32.174354],[35.557275,32.174523],[35.558032,32.174164],[35.558206,32.173383],[35.558025,32.172273],[35.559116,32.170913],[35.558969,32.170434],[35.55842,32.170134],[35.557839,32.17004],[35.556454,32.1704],[35.553741,32.173505],[35.552999,32.173534],[35.552241,32.173344],[35.55148,32.172565],[35.551285,32.172141],[35.55138,32.171524],[35.554374,32.170351],[35.554679,32.170034],[35.554677,32.169514],[35.554348,32.168644],[35.553927,32.168234],[35.552555,32.167593],[35.552311,32.16721],[35.553094,32.164939],[35.553496,32.16487],[35.553803,32.165006],[35.554145,32.165841],[35.554468,32.166114],[35.555694,32.166371],[35.556278,32.167274],[35.557212,32.166943],[35.557757,32.166256],[35.558013,32.165639],[35.557994,32.164912],[35.557152,32.163832],[35.556215,32.163437],[35.554652,32.163537],[35.554361,32.163264],[35.553759,32.161881],[35.553291,32.161526],[35.552695,32.161637],[35.552652,32.163296],[35.552203,32.163777],[35.551477,32.1636],[35.549445,32.163496],[35.549025,32.163333],[35.548782,32.162991],[35.54865,32.1621],[35.548841,32.161387],[35.550064,32.160712],[35.550446,32.159505],[35.550799,32.159024],[35.551492,32.159023],[35.553043,32.159896],[35.553656,32.160045],[35.55459,32.159933],[35.55546,32.159615],[35.556167,32.159216],[35.556392,32.158913],[35.55655,32.158214],[35.556577,32.156398],[35.556252,32.15581],[35.555607,32.155852],[35.554097,32.157021],[35.55292,32.156929],[35.552403,32.156697],[35.552192,32.156369],[35.552158,32.155738],[35.55299,32.154187],[35.553388,32.152775],[35.553838,32.152486],[35.554322,32.15258],[35.554548,32.152785],[35.554974,32.154593],[35.555104,32.154812],[35.555588,32.154907],[35.557646,32.153654],[35.558432,32.152734],[35.558786,32.152554],[35.559785,32.152469],[35.561286,32.152972],[35.56214,32.152847],[35.562091,32.152614],[35.56072,32.151417],[35.560184,32.150377],[35.560085,32.149665],[35.559566,32.148885],[35.558047,32.147724],[35.557849,32.14645],[35.558024,32.146011],[35.558891,32.144918],[35.558873,32.144616],[35.558453,32.144179],[35.557581,32.143866],[35.55668,32.144115],[35.555973,32.144775],[35.555492,32.145571],[35.555058,32.145764],[35.554617,32.14434],[35.555647,32.143748],[35.556048,32.143267],[35.555918,32.143007],[35.555417,32.142748],[35.554628,32.142819],[35.554081,32.14308],[35.552041,32.144895],[35.551397,32.145116],[35.551025,32.144843],[35.549791,32.142393],[35.549177,32.141929],[35.548775,32.141971],[35.548346,32.142245],[35.54777,32.143179],[35.547222,32.143372],[35.544836,32.142953],[35.544254,32.142544],[35.544203,32.141845],[35.544396,32.141598],[35.546458,32.141469],[35.546731,32.141153],[35.546423,32.140619],[35.545729,32.140347],[35.544746,32.140308],[35.543442,32.140791],[35.543103,32.140669],[35.544079,32.138679],[35.543652,32.137547],[35.543923,32.136834],[35.544421,32.13649],[35.54571,32.136445],[35.546611,32.135908],[35.5474,32.135687],[35.548013,32.136028],[35.54855,32.13726],[35.549195,32.137382],[35.549452,32.137299],[35.549741,32.136818],[35.549833,32.135694],[35.549605,32.135051],[35.549168,32.134449],[35.546825,32.132906],[35.546037,32.133087],[35.545829,32.133553],[35.545847,32.134225],[35.545511,32.134719],[35.544577,32.134996],[35.544045,32.134997],[35.543513,32.134765],[35.542962,32.134136],[35.542815,32.13352],[35.542975,32.133149],[35.543746,32.132366],[35.543792,32.131941],[35.543355,32.131422],[35.542774,32.131067],[35.542724,32.130594],[35.542965,32.13032],[35.543464,32.130195],[35.54551,32.130162],[35.545606,32.129902],[35.545444,32.129532],[35.544347,32.129329],[35.544105,32.129069],[35.544216,32.128754],[35.544441,32.12863],[35.545392,32.128641],[35.546119,32.129037],[35.546998,32.131488],[35.547546,32.131623],[35.548238,32.131334],[35.548431,32.131169],[35.548781,32.129921],[35.549087,32.129865],[35.549506,32.130056],[35.549604,32.130316],[35.549431,32.13155],[35.549675,32.132097],[35.550304,32.132329],[35.550787,32.132218],[35.551424,32.131735],[35.55147,32.131118],[35.551258,32.130557],[35.55019,32.12923],[35.549301,32.128643],[35.548705,32.128521],[35.547497,32.128689],[35.547109,32.128457],[35.547429,32.127785],[35.548007,32.127276],[35.550054,32.127216],[35.550552,32.126968],[35.550599,32.12657],[35.549952,32.125941],[35.548845,32.124236],[35.54833,32.124361],[35.54719,32.125433],[35.546288,32.125504],[35.545884,32.125204],[35.545736,32.124615],[35.545848,32.124313],[35.547665,32.122968],[35.547692,32.122192],[35.547554,32.121833],[35.546484,32.120923],[35.546449,32.119755],[35.546209,32.119287],[35.544149,32.118025],[35.543938,32.117303],[35.542827,32.115087],[35.542765,32.114109],[35.54269,32.11419],[35.544131,32.113109],[35.544085,32.11278],[35.543603,32.112076],[35.543046,32.110392],[35.542718,32.110127],[35.541689,32.109952],[35.540841,32.110031],[35.539264,32.110554],[35.538519,32.110556],[35.537401,32.110293],[35.534909,32.108943],[35.532464,32.108342],[35.532031,32.108026],[35.532164,32.107544],[35.53403,32.106051],[35.534426,32.104352],[35.535018,32.103235],[35.535134,32.102538],[35.534984,32.102184],[35.534611,32.101969],[35.532018,32.101368],[35.53182,32.101121],[35.531848,32.10069],[35.532278,32.100283],[35.532814,32.10013],[35.536924,32.100005],[35.537281,32.099852],[35.537488,32.099535],[35.537129,32.099156],[35.537143,32.098725],[35.537909,32.09802],[35.539604,32.097293],[35.5399,32.096735],[35.539002,32.09547],[35.539044,32.094672],[35.539235,32.093911],[35.540615,32.092489],[35.540687,32.091741],[35.540433,32.091501],[35.538418,32.090876],[35.537761,32.09051],[35.537477,32.090093],[35.537579,32.089624],[35.538173,32.089141],[35.538784,32.089076],[35.539186,32.089315],[35.539382,32.089986],[35.539726,32.090201],[35.543001,32.090167],[35.5437,32.089658],[35.543798,32.088011],[35.5456,32.08807],[35.545763,32.087841],[35.545658,32.087588],[35.544537,32.086463],[35.544222,32.085843],[35.543207,32.085339],[35.543,32.084921],[35.543278,32.084351],[35.543947,32.084019],[35.544796,32.084093],[35.545706,32.084598],[35.545913,32.08409],[35.545605,32.083588],[35.545082,32.083171],[35.543218,32.082492],[35.542994,32.082328],[35.542859,32.081872],[35.543303,32.081313],[35.544107,32.081172],[35.544988,32.081816],[35.545584,32.081941],[35.546238,32.081609],[35.54634,32.081166],[35.546161,32.080925],[35.545237,32.080662],[35.54452,32.080157],[35.543671,32.08007],[35.542124,32.080455],[35.540627,32.082372],[35.539884,32.08269],[35.539378,32.082692],[35.539034,32.082376],[35.538944,32.082047],[35.53906,32.081248],[35.539505,32.080841],[35.540665,32.080509],[35.540947,32.080268],[35.541213,32.079684],[35.540779,32.079166],[35.53905,32.078473],[35.537622,32.07892],[35.537116,32.078846],[35.536832,32.07858],[35.536726,32.077998],[35.537051,32.07749],[35.538746,32.076789],[35.539206,32.076344],[35.539348,32.075805],[35.539093,32.075349],[35.538735,32.075084],[35.538124,32.07506],[35.537292,32.075392],[35.535779,32.077055],[35.535437,32.077145],[35.535093,32.07688],[35.535046,32.076056],[35.535859,32.074584],[35.535723,32.073825],[35.534692,32.072928],[35.534572,32.072535],[35.534882,32.07185],[35.535416,32.071291],[35.535102,32.070823],[35.535068,32.070476],[35.535557,32.069753],[35.535198,32.069222],[35.53463,32.068691],[35.534005,32.068692],[35.533,32.070798],[35.531169,32.070955],[35.530263,32.071375],[35.529905,32.071364],[35.529707,32.070034],[35.530046,32.068981],[35.5307,32.068561],[35.531579,32.068901],[35.5321,32.068799],[35.532515,32.068227],[35.532572,32.067708],[35.532422,32.067265],[35.532198,32.0671],[35.530174,32.067334],[35.52995,32.06717],[35.529857,32.066582],[35.530242,32.066138],[35.532147,32.065892],[35.532607,32.065688],[35.532844,32.065358],[35.532709,32.064789],[35.532336,32.064676],[35.531562,32.06469],[35.530372,32.064972],[35.529761,32.064872],[35.530145,32.063781],[35.530828,32.063374],[35.53263,32.063598],[35.533317,32.064268],[35.533913,32.064507],[35.534493,32.064239],[35.534611,32.063871],[35.533787,32.062827],[35.533161,32.06255],[35.532014,32.062337],[35.530213,32.062342],[35.529378,32.061939],[35.530057,32.060492],[35.53068,32.059819],[35.531186,32.059793],[35.531815,32.060729],[35.532097,32.060601],[35.532156,32.060348],[35.53181,32.059322],[35.531213,32.058868],[35.530647,32.05873],[35.529292,32.058809],[35.528815,32.058582],[35.528844,32.058265],[35.529274,32.057656],[35.529538,32.056927],[35.529611,32.056381],[35.529322,32.05457],[35.530211,32.053466],[35.530105,32.052959],[35.529419,32.052391],[35.529193,32.051783],[35.52934,32.051319],[35.529888,32.050646],[35.529843,32.050393],[35.529381,32.050292],[35.528132,32.050764],[35.526756,32.050395],[35.526006,32.051004],[35.52556,32.050843],[35.525106,32.049951],[35.525217,32.048248],[35.524876,32.047909],[35.524024,32.047751],[35.523231,32.04803],[35.522892,32.048535],[35.522969,32.04894],[35.523482,32.049651],[35.523258,32.050301],[35.522579,32.050856],[35.521637,32.051306],[35.520709,32.05135],[35.520519,32.051124],[35.520385,32.050784],[35.520723,32.050085],[35.521665,32.049156],[35.521889,32.048458],[35.521623,32.04807],[35.519996,32.047833],[35.519617,32.04764],[35.519389,32.047365],[35.519316,32.046347],[35.519553,32.04568],[35.520893,32.044792],[35.520962,32.043332],[35.521631,32.042536],[35.522331,32.042149],[35.522499,32.041765],[35.521545,32.04134],[35.521169,32.041006],[35.520963,32.039948],[35.520321,32.039307],[35.520333,32.038368],[35.520081,32.037538],[35.519556,32.036619],[35.518919,32.036109],[35.518891,32.035818],[35.520619,32.034312],[35.521974,32.03517],[35.522474,32.035262],[35.522744,32.035133],[35.523095,32.034504],[35.522809,32.034016],[35.522092,32.033645],[35.52197,32.033412],[35.522733,32.032902],[35.522517,32.031838],[35.522257,32.031617],[35.521456,32.031582],[35.520161,32.032046],[35.519878,32.031531],[35.522056,32.02974],[35.522553,32.029665],[35.523116,32.030142],[35.523722,32.030306],[35.524089,32.029974],[35.524001,32.029643],[35.523024,32.02843],[35.522653,32.027419],[35.521548,32.026795],[35.521245,32.026465],[35.521415,32.025838],[35.522646,32.025209],[35.522645,32.024951],[35.520506,32.022555],[35.520603,32.021992],[35.521358,32.021567],[35.521964,32.021713],[35.523393,32.022519],[35.524085,32.022518],[35.524776,32.022166],[35.525141,32.021337],[35.524966,32.020858],[35.524598,32.020804],[35.523172,32.021102],[35.522588,32.021048],[35.522112,32.020681],[35.52226,32.019926],[35.522519,32.019778],[35.526497,32.019787],[35.528085,32.020186],[35.528726,32.020118],[35.529007,32.019886],[35.528878,32.019133],[35.529176,32.017941],[35.529077,32.017378],[35.527684,32.016587],[35.525233,32.015636],[35.524409,32.015104],[35.52322,32.014886],[35.523003,32.014684],[35.523109,32.014113],[35.524276,32.013889],[35.52607,32.013866],[35.526329,32.0137],[35.526544,32.01335],[35.526927,32.011692],[35.527272,32.011267],[35.528377,32.011309],[35.528581,32.011625],[35.529081,32.01184],[35.529292,32.011796],[35.52941,32.011544],[35.529195,32.010622],[35.528008,32.009803],[35.5277,32.008881],[35.528671,32.008216],[35.528695,32.007762],[35.527394,32.007056],[35.526771,32.00717],[35.525925,32.007793],[35.525408,32.007885],[35.525156,32.007693],[35.52526,32.007061],[35.525404,32.006801],[35.526463,32.006087],[35.52666,32.005567],[35.526075,32.00506],[35.525783,32.005005],[35.525253,32.005119],[35.524579,32.00564],[35.524115,32.005743],[35.52369,32.005416],[35.523795,32.004967],[35.524203,32.004365],[35.525116,32.003866],[35.525459,32.003267],[35.526544,32.002699],[35.527312,32.002607],[35.527789,32.002864],[35.527967,32.003279],[35.527777,32.003909],[35.527985,32.004198],[35.528354,32.004159],[35.528913,32.003491],[35.528986,32.003201],[35.528717,32.00222],[35.527055,32.00101],[35.526985,32.00004],[35.527314,31.99935],[35.528219,31.999177],[35.528931,31.999993],[35.529464,32.000243],[35.530142,31.999952],[35.531483,31.999005],[35.532207,31.998953],[35.532445,31.99938],[35.53233,32.00045],[35.532466,32.001443],[35.532571,32.00172],[35.532926,32.00187],[35.533398,32.00168],[35.534705,31.999513],[35.534569,31.99867],[35.534686,31.998368],[35.534937,31.998304],[35.535588,31.998454],[35.535621,31.999624],[35.536097,32.000579],[35.536749,32.000992],[35.537281,32.001066],[35.537426,32.000298],[35.537231,31.999645],[35.53649,31.99869],[35.535823,31.998151],[35.535806,31.997648],[35.536234,31.997571],[35.536826,31.997721],[35.53848,31.999299],[35.539116,31.999549],[35.539485,31.999448],[35.539631,31.999082],[35.539571,31.998692],[35.538533,31.997726],[35.538488,31.997311],[35.538974,31.996895],[35.539328,31.996781],[35.539919,31.99698],[35.540914,31.9984],[35.541432,31.998562],[35.541712,31.998397],[35.541518,31.997945],[35.540895,31.997292],[35.541083,31.995996],[35.539869,31.995332],[35.537636,31.994841],[35.537369,31.99459],[35.537202,31.993118],[35.535812,31.992832],[35.535737,31.992594],[35.536429,31.991875],[35.536339,31.99156],[35.535672,31.990769],[35.536202,31.990202],[35.537217,31.989587],[35.537113,31.989386],[35.536063,31.989087],[35.535456,31.988635],[35.535248,31.988195],[35.535303,31.987302],[35.534518,31.986423],[35.534545,31.985807],[35.535277,31.98398],[35.536521,31.982778],[35.537363,31.980999],[35.537569,31.980887],[35.538798,31.981476],[35.539553,31.982974],[35.540053,31.983019],[35.540758,31.982434],[35.541144,31.981257],[35.541859,31.980561],[35.541673,31.980219],[35.540575,31.979935],[35.540661,31.979676],[35.541462,31.978979],[35.54171,31.978285],[35.541719,31.977779],[35.540871,31.977652],[35.540675,31.977439],[35.541363,31.975429],[35.541644,31.975113],[35.542794,31.974555],[35.543303,31.9741],[35.54346,31.972429],[35.543762,31.971826],[35.544164,31.971677],[35.544544,31.971787],[35.546069,31.972903],[35.546483,31.973031],[35.54688,31.972851],[35.54746,31.970961],[35.547608,31.96973],[35.5474,31.96936],[35.545962,31.968392],[35.543951,31.967897],[35.544223,31.966233],[35.543037,31.965773],[35.541973,31.965711],[35.541722,31.965443],[35.541785,31.96498],[35.542673,31.964172],[35.544951,31.963241],[35.545221,31.962925],[35.545274,31.962425],[35.543653,31.9618],[35.542813,31.960803],[35.541355,31.960763],[35.54092,31.960598],[35.540767,31.960339],[35.540883,31.959459],[35.54026,31.958489],[35.540366,31.957767],[35.541178,31.957006],[35.541645,31.956912],[35.542798,31.957252],[35.54321,31.957084],[35.543338,31.9565],[35.542843,31.95483],[35.543168,31.954561],[35.544178,31.954419],[35.543949,31.954068],[35.543709,31.953994],[35.541428,31.953778],[35.541285,31.953251],[35.541727,31.952361],[35.541704,31.952019],[35.541355,31.951788],[35.540531,31.95205],[35.540338,31.95292],[35.540025,31.953328],[35.539515,31.953506],[35.539101,31.953118],[35.539153,31.952544],[35.539391,31.952201],[35.541069,31.950755],[35.541404,31.950282],[35.54165,31.949272],[35.541823,31.949133],[35.542409,31.949002],[35.54352,31.949721],[35.54391,31.9496],[35.54394,31.948961],[35.542418,31.948317],[35.542025,31.947855],[35.542078,31.947374],[35.542597,31.946873],[35.543453,31.94638],[35.543561,31.946083],[35.543419,31.945945],[35.54141,31.946015],[35.541257,31.945582],[35.541408,31.94523],[35.541722,31.944998],[35.543817,31.944863],[35.544142,31.944686],[35.544142,31.944445],[35.5435,31.944105],[35.541577,31.943906],[35.541141,31.943565],[35.541096,31.943232],[35.541638,31.942915],[35.54279,31.942977],[35.54329,31.94228],[35.544799,31.941957],[35.545069,31.941714],[35.544848,31.941385],[35.54291,31.940478],[35.541836,31.939689],[35.541461,31.939338],[35.541044,31.938141],[35.541197,31.937602],[35.541609,31.93737],[35.544034,31.937363],[35.544668,31.937878],[35.545029,31.937789],[35.545298,31.937338],[35.545642,31.936051],[35.545395,31.935535],[35.543213,31.935024],[35.542731,31.934237],[35.542974,31.933576],[35.544118,31.932529],[35.544323,31.932012],[35.543948,31.931738],[35.543071,31.931927],[35.542003,31.932655],[35.540975,31.933769],[35.540317,31.933715],[35.539348,31.933135],[35.539114,31.932531],[35.539564,31.932134],[35.542306,31.930797],[35.542858,31.929883],[35.542469,31.929389],[35.54212,31.929247],[35.540587,31.92968],[35.539246,31.929848],[35.536785,31.930668],[35.536579,31.930668],[35.536113,31.930252],[35.536053,31.928772],[35.536346,31.927661],[35.537115,31.926295],[35.536764,31.92556],[35.536841,31.92534],[35.537574,31.924953],[35.539198,31.924553],[35.539403,31.924212],[35.539157,31.923882],[35.537565,31.923397],[35.536388,31.922476],[35.535304,31.922402],[35.534043,31.923098],[35.533941,31.923395],[35.535594,31.924205],[35.535622,31.924611],[35.53534,31.925096],[35.535003,31.925228],[35.533924,31.925051],[35.534424,31.925208],[35.53281,31.924728],[35.532384,31.924499],[35.532086,31.924027],[35.532149,31.923631],[35.532894,31.922815],[35.533085,31.922221],[35.532748,31.921716],[35.532141,31.921454],[35.531716,31.921499],[35.53115,31.921973],[35.530278,31.923536],[35.529867,31.923856],[35.528654,31.923837],[35.527957,31.923498],[35.527285,31.922867],[35.527009,31.922307],[35.527037,31.920827],[35.526662,31.919445],[35.526723,31.91876],[35.527738,31.917643],[35.527918,31.917271],[35.527975,31.9165],[35.526969,31.914564],[35.526883,31.913527],[35.525953,31.911591],[35.525162,31.909238],[35.524326,31.908041],[35.52523,31.907337],[35.52585,31.906383],[35.525947,31.905478],[35.525794,31.905034],[35.525181,31.904361],[35.525182,31.90399],[35.525608,31.903561],[35.527644,31.902725],[35.527555,31.900174],[35.527986,31.899277],[35.528723,31.898836],[35.530551,31.898624],[35.530833,31.89821],[35.530406,31.897556],[35.530486,31.897168],[35.530879,31.897012],[35.531819,31.897018],[35.532505,31.896516],[35.532485,31.89602],[35.532099,31.895607],[35.531621,31.8946],[35.530435,31.893551],[35.530432,31.89281],[35.531048,31.892645],[35.531544,31.892773],[35.533388,31.894233],[35.533762,31.894189],[35.534145,31.893843],[35.534234,31.893369],[35.53406,31.892784],[35.53336,31.891889],[35.532014,31.891379],[35.530446,31.891133],[35.530111,31.890695],[35.530561,31.889091],[35.53188,31.888073],[35.531271,31.887351],[35.531381,31.886945],[35.532603,31.886632],[35.533733,31.886034],[35.535127,31.885945],[35.53553,31.885625],[35.535428,31.885168],[35.534405,31.884705],[35.533654,31.883854],[35.53245,31.883265],[35.532489,31.882765],[35.534314,31.881476],[35.535656,31.881016],[35.536443,31.880471],[35.538389,31.880133],[35.538964,31.879795],[35.539335,31.879027],[35.538917,31.878123],[35.53933,31.877631],[35.539399,31.877303],[35.539843,31.877104],[35.539873,31.876957],[35.538838,31.875814],[35.538683,31.874875],[35.539076,31.874313],[35.539473,31.874143],[35.540261,31.874193],[35.543448,31.875279],[35.545042,31.874396],[35.546008,31.873497],[35.546544,31.873539],[35.547981,31.874112],[35.548506,31.873999],[35.549362,31.87329],[35.54921,31.873006],[35.547833,31.872225],[35.54579,31.871757],[35.545334,31.871361],[35.545252,31.871103],[35.545389,31.869982],[35.54561,31.869589],[35.545923,31.869278],[35.547153,31.868654],[35.547314,31.868403],[35.547212,31.868128],[35.546351,31.867544],[35.54639,31.867234],[35.548257,31.866539],[35.548478,31.866108],[35.548041,31.865585],[35.547414,31.865432],[35.54689,31.865631],[35.545953,31.866418],[35.545105,31.86661],[35.545002,31.866171],[35.545102,31.865808],[35.545434,31.865428],[35.546745,31.864606],[35.546956,31.864269],[35.546894,31.863899],[35.546681,31.863805],[35.546126,31.864039],[35.544927,31.86493],[35.543835,31.864708],[35.543642,31.864519],[35.543601,31.864166],[35.543968,31.862217],[35.543531,31.86171],[35.543037,31.861996],[35.542344,31.86317],[35.542133,31.863299],[35.541715,31.863235],[35.541804,31.86288],[35.541439,31.862802],[35.541208,31.861733],[35.541388,31.86144],[35.542417,31.860791],[35.542507,31.860515],[35.542278,31.859735],[35.541953,31.85946],[35.541317,31.859547],[35.540796,31.860712],[35.540382,31.860886],[35.539927,31.860706],[35.539693,31.860319],[35.539476,31.858776],[35.539031,31.858717],[35.538174,31.85928],[35.537942,31.859315],[35.537709,31.8591],[35.538009,31.858435],[35.5393,31.857769],[35.539482,31.857622],[35.53945,31.857363],[35.537024,31.856826],[35.536594,31.856425],[35.536693,31.85577],[35.537217,31.85532],[35.538014,31.855206],[35.539154,31.854548],[35.540912,31.854595],[35.541462,31.854324],[35.541421,31.853945],[35.540752,31.853455],[35.540143,31.852647],[35.539795,31.851804],[35.539966,31.85125],[35.541165,31.850434],[35.542096,31.850318],[35.542632,31.850636],[35.54259,31.850931],[35.542001,31.851661],[35.542065,31.851901],[35.542964,31.851951],[35.543564,31.851708],[35.543746,31.851237],[35.543553,31.850392],[35.543005,31.849706],[35.542039,31.848978],[35.542006,31.848537],[35.542809,31.848404],[35.54372,31.848757],[35.545463,31.84862],[35.546018,31.848352],[35.546539,31.847598],[35.546526,31.846956],[35.545949,31.846757],[35.544667,31.847],[35.54411,31.846929],[35.543756,31.846491],[35.543936,31.84587],[35.544992,31.845224],[35.548286,31.8441],[35.548709,31.843473],[35.548576,31.843117],[35.548187,31.842917],[35.54587,31.842855],[35.545453,31.842572],[35.545601,31.841732],[35.546697,31.840977],[35.547131,31.840436],[35.546978,31.839601],[35.547238,31.83829],[35.546421,31.836829],[35.546473,31.836453],[35.547058,31.836278],[35.54814,31.836591],[35.54856,31.83657],[35.548918,31.836337],[35.549025,31.836061],[35.548598,31.835387],[35.547403,31.834578],[35.547222,31.833973],[35.546476,31.833342],[35.546434,31.8329],[35.546905,31.831889],[35.546937,31.831402],[35.546595,31.83122],[35.545419,31.831159],[35.545173,31.830664],[35.545258,31.830379],[35.545739,31.829927],[35.546979,31.829473],[35.547417,31.82915],[35.54747,31.828626],[35.547039,31.827323],[35.547156,31.827051],[35.547862,31.826644],[35.548193,31.826184],[35.548702,31.82419],[35.548689,31.82364],[35.548196,31.823412],[35.547051,31.823589],[35.546368,31.823489],[35.546143,31.823122],[35.546044,31.821931],[35.54561,31.821572],[35.545158,31.821689],[35.544531,31.82258],[35.543957,31.822486],[35.542983,31.821651],[35.542626,31.821755],[35.541733,31.822449],[35.541204,31.822325],[35.540856,31.821741],[35.541257,31.820188],[35.54284,31.818199],[35.542955,31.817778],[35.542851,31.817381],[35.542267,31.817304],[35.541019,31.817466],[35.539409,31.816996],[35.539383,31.816706],[35.539734,31.816107],[35.540155,31.815778],[35.540801,31.815718],[35.54177,31.815898],[35.542029,31.815775],[35.542041,31.815431],[35.541071,31.814051],[35.5412,31.813663],[35.541814,31.813567],[35.542514,31.813803],[35.543248,31.813817],[35.543851,31.813382],[35.543817,31.812723],[35.543427,31.81209],[35.542036,31.811424],[35.541756,31.811112],[35.541885,31.810909],[35.542929,31.810446],[35.543133,31.809675],[35.542971,31.808702],[35.543101,31.807431],[35.542046,31.806293],[35.541982,31.805613],[35.543588,31.80449],[35.544857,31.803115],[35.546522,31.801681],[35.547625,31.799918],[35.548514,31.79892],[35.548261,31.797783],[35.548389,31.797168],[35.549465,31.795681],[35.551563,31.793433],[35.551916,31.792809],[35.551949,31.791954],[35.551671,31.79043],[35.550826,31.788651],[35.548848,31.785418],[35.548322,31.784266],[35.548232,31.78193],[35.548455,31.7808],[35.549471,31.778199],[35.5507,31.776261],[35.551838,31.774898],[35.553549,31.773533],[35.554909,31.772183],[35.554992,31.771963],[35.554819,31.77146],[35.554038,31.7707],[35.553705,31.770151],[35.553644,31.7692],[35.554063,31.768146],[35.555644,31.766987],[35.556688,31.76668],[35.558001,31.765785],[35.558983,31.764452],[35.558906,31.763559],[35.558739,31.763054],[35.558432,31.763023],[35.557712,31.762565],[35.55681,31.761494],[35.555729,31.760729],[35.554653,31.761192],[35.553754,31.761195],[35.552855,31.76089],[35.550159,31.760591],[35.545309,31.760604],[35.5419,31.761993],[35.540822,31.761689],[35.53346,31.762782],[35.532383,31.763091],[35.529334,31.764633],[35.527718,31.764944],[35.52682,31.764946],[35.525741,31.764642],[35.524302,31.764032],[35.522684,31.763729],[35.521784,31.763271],[35.520886,31.763427],[35.519812,31.764503],[35.518197,31.764967],[35.512627,31.764827],[35.511013,31.765751],[35.510117,31.766521],[35.508456,31.767001],[35.506898,31.766872],[35.5051,31.764946],[35.503999,31.763451],[35.50337,31.761656],[35.503202,31.757798],[35.50195,31.756138],[35.501711,31.754342],[35.499992,31.752749],[35.498428,31.75069],[35.496939,31.747766],[35.495138,31.74471],[35.492636,31.741389],[35.489041,31.737472],[35.486304,31.733818],[35.484191,31.73023],[35.483246,31.726573],[35.481793,31.724194],[35.480699,31.722932],[35.473827,31.716094],[35.472891,31.715564],[35.471487,31.713511],[35.469841,31.711863],[35.467908,31.711207],[35.465977,31.711128],[35.460935,31.710112],[35.459258,31.708787],[35.455423,31.705115],[35.453507,31.703688],[35.452427,31.702259],[35.452178,31.698479],[35.450862,31.698072],[35.450735,31.694904],[35.450133,31.69327],[35.448934,31.691944],[35.446647,31.685305],[35.445161,31.683033],[35.445321,31.681015],[35.446034,31.679174],[35.447822,31.677331],[35.448057,31.676002],[35.449233,31.673572],[35.448898,31.671426],[35.448566,31.670408],[35.44856,31.668002],[35.44838,31.667092],[35.447657,31.666508],[35.446515,31.665925],[35.446032,31.665384],[35.44585,31.663845],[35.445368,31.66339],[35.445162,31.662307],[35.44402,31.661637],[35.443232,31.660706],[35.443153,31.659471],[35.443949,31.658385],[35.443517,31.658061],[35.443338,31.657519],[35.443387,31.656782],[35.443639,31.656067],[35.442421,31.655787],[35.441177,31.654857],[35.440897,31.654164],[35.441021,31.653188],[35.4396,31.652432],[35.439206,31.651912],[35.43915,31.649745],[35.43844,31.649529],[35.438186,31.649291],[35.437753,31.648143],[35.437498,31.64784],[35.437067,31.647667],[35.436482,31.646866],[35.436378,31.645501],[35.436667,31.644416],[35.436589,31.643723],[35.435954,31.643269],[35.43542,31.642164],[35.434754,31.641837],[35.433112,31.641669],[35.432529,31.641389],[35.431995,31.640761],[35.431613,31.639634],[35.430092,31.639333],[35.42928,31.638923],[35.428593,31.637689],[35.428566,31.63693],[35.429256,31.633915],[35.428162,31.632205],[35.428111,31.63188],[35.429803,31.629579],[35.429974,31.6277],[35.430203,31.627215],[35.431378,31.626321],[35.43134,31.626195],[35.430504,31.626088],[35.429743,31.625569],[35.429236,31.625418],[35.428601,31.624834],[35.428472,31.623967],[35.427559,31.623253],[35.426758,31.62217],[35.424175,31.622738],[35.422985,31.622762],[35.42192,31.622547],[35.420297,31.621552],[35.418895,31.620112],[35.418158,31.616895],[35.4159,31.615381],[35.415367,31.614775],[35.413497,31.611093],[35.413444,31.61014],[35.413924,31.609054],[35.415768,31.607144],[35.41616,31.606471],[35.416159,31.606189],[35.416032,31.605994],[35.413828,31.605846],[35.412079,31.60509],[35.410505,31.603597],[35.410225,31.603034],[35.409242,31.599307],[35.408984,31.597031],[35.408931,31.595665],[35.409128,31.593302],[35.409029,31.588446],[35.409404,31.585801],[35.409135,31.584414],[35.410826,31.58168],[35.411961,31.57951],[35.413855,31.577188],[35.415182,31.576189],[35.416417,31.573694],[35.416615,31.571417],[35.417397,31.56992],[35.418343,31.568726],[35.418393,31.568249],[35.417869,31.566147],[35.417105,31.564002],[35.413123,31.560865],[35.412895,31.560519],[35.412905,31.55924],[35.412625,31.55872],[35.410469,31.556751],[35.409101,31.556384],[35.407631,31.555541],[35.406665,31.553787],[35.405968,31.552964],[35.405004,31.552185],[35.40323,31.551364],[35.401026,31.550609],[35.400696,31.550219],[35.40029,31.549266],[35.400364,31.54842],[35.401248,31.547768],[35.401652,31.547052],[35.400866,31.546251],[35.400858,31.544742],[35.401075,31.543905],[35.400856,31.543573],[35.39954,31.542681],[35.398578,31.541514],[35.398133,31.540706],[35.397954,31.539557],[35.398054,31.539058],[35.399482,31.538037],[35.39808,31.536985],[35.398745,31.536196],[35.398944,31.534721],[35.399702,31.5342],[35.399879,31.533853],[35.399823,31.53277],[35.400331,31.531901],[35.397201,31.529998],[35.396541,31.529175],[35.39626,31.52781],[35.396083,31.521047],[35.396145,31.520485],[35.396611,31.51955],[35.396834,31.516905],[35.395338,31.51578],[35.395206,31.515203],[35.39545,31.514653],[35.396056,31.513958],[35.398229,31.512307],[35.399163,31.511092],[35.397036,31.504201],[35.396312,31.502696],[35.394574,31.497605],[35.394226,31.49605],[35.394563,31.492001],[35.395182,31.490178],[35.393075,31.488915],[35.392481,31.488367],[35.391661,31.488065],[35.387989,31.485486],[35.386177,31.48388],[35.384659,31.482004],[35.383837,31.481222],[35.379862,31.477859],[35.373843,31.474071],[35.372704,31.473203],[35.369462,31.471295],[35.367558,31.469689],[35.356795,31.463466],[35.351061,31.458988],[35.343263,31.454052],[35.338456,31.450679],[35.336105,31.4493],[35.330083,31.445178],[35.326962,31.443276],[35.324085,31.440905],[35.321469,31.439117],[35.318739,31.437595],[35.312146,31.433447],[35.305572,31.429996],[35.303734,31.428432],[35.299932,31.425858],[35.297648,31.424106],[35.293704,31.421929],[35.29279,31.421052],[35.290395,31.417722],[35.287215,31.414988],[35.284648,31.413628],[35.280585,31.412385],[35.276504,31.409807],[35.272333,31.406828],[35.268493,31.404026],[35.262621,31.398847],[35.260704,31.397636],[35.258092,31.395671],[35.256298,31.394713],[35.253996,31.393158],[35.249646,31.388993],[35.236966,31.379487],[35.234389,31.377244],[35.230827,31.374511],[35.229699,31.373918],[35.228211,31.373405],[35.224477,31.372503],[35.219216,31.372406],[35.21375,31.372532],[35.209669,31.372164],[35.20649,31.371671],[35.201989,31.370664],[35.197717,31.369407],[35.192071,31.368234],[35.187806,31.367734],[35.186404,31.367417],[35.184166,31.366807],[35.181006,31.365603],[35.177943,31.364783],[35.174953,31.364332],[35.170216,31.363897],[35.162032,31.363655],[35.159316,31.363325],[35.150746,31.361163],[35.144809,31.359274],[35.141375,31.358026],[35.135583,31.355263],[35.133626,31.354896],[35.131476,31.354856],[35.124922,31.355163],[35.122795,31.355435],[35.119738,31.356108],[35.115516,31.356392],[35.10279,31.356064],[35.099561,31.355836],[35.087169,31.356311],[35.080948,31.356883],[35.073396,31.357809],[35.066915,31.358091],[35.046494,31.357787],[35.044468,31.357838],[35.037947,31.358491],[35.030867,31.358484],[35.008554,31.357783],[35.005977,31.357505],[35.002173,31.356725],[35.000195,31.356556],[34.994443,31.355388],[34.992094,31.35453],[34.987776,31.353773],[34.981548,31.352089],[34.971714,31.350081],[34.96351,31.349206],[34.949826,31.348052],[34.946385,31.347171],[34.941095,31.346537],[34.938028,31.345407],[34.92876,31.343309],[34.926511,31.342565],[34.925166,31.342354],[34.92299,31.342448],[34.921753,31.342769],[34.917794,31.344933],[34.915251,31.346973],[34.911127,31.349779],[34.910798,31.35047],[34.911047,31.35299],[34.910961,31.353861],[34.910576,31.354874],[34.9101,31.355569],[34.908765,31.356697],[34.900929,31.361577],[34.899829,31.362456],[34.893606,31.367742],[34.891227,31.370301],[34.890165,31.371665],[34.889685,31.372639],[34.888975,31.375772],[34.887475,31.380879],[34.886624,31.382715],[34.88276,31.388469],[34.881946,31.390037],[34.881461,31.391702],[34.881132,31.394514],[34.881156,31.396069],[34.882295,31.400782],[34.885987,31.409668],[34.887704,31.413322],[34.890141,31.418047],[34.892876,31.422086],[34.893697,31.42355],[34.895076,31.427786],[34.896433,31.431117],[34.897475,31.432997],[34.898716,31.4348],[34.899453,31.436436],[34.900462,31.437754],[34.904752,31.441298],[34.907264,31.443823],[34.908844,31.445632],[34.911597,31.44931],[34.919685,31.457627],[34.921712,31.459917],[34.925098,31.464418],[34.928565,31.470651],[34.930864,31.474285],[34.931957,31.476561],[34.93719,31.486177],[34.940337,31.494386],[34.941126,31.497201],[34.94331,31.5031],[34.943795,31.504997],[34.944219,31.509845],[34.94409,31.510929],[34.942376,31.517621],[34.940586,31.522557],[34.940435,31.523313],[34.940501,31.523801],[34.941974,31.527604],[34.942093,31.528574],[34.941893,31.53046],[34.941727,31.538746],[34.941234,31.548454],[34.94134,31.550268],[34.941647,31.551444],[34.942776,31.554309],[34.943353,31.556651],[34.943334,31.562043],[34.943552,31.562559],[34.944757,31.563835],[34.945329,31.565438],[34.945895,31.570426],[34.946141,31.574855],[34.946984,31.580723],[34.947481,31.582253],[34.947843,31.582053],[34.951017,31.59077],[34.951914,31.593663],[34.952456,31.594697],[34.953056,31.595318],[34.956719,31.598705],[34.964844,31.607014],[34.9684,31.61093],[34.975523,31.618036],[34.977919,31.621096],[34.98251,31.627965],[34.988057,31.635355],[34.996557,31.644917],[34.997934,31.645871],[34.99944,31.646605],[34.999175,31.647004],[35.001684,31.648778],[35.006313,31.652688],[35.009547,31.654081],[35.015736,31.655614],[35.016684,31.656077],[35.018434,31.656472],[35.020223,31.657371],[35.02399,31.658433],[35.027018,31.658962],[35.029339,31.659911],[35.036622,31.664134],[35.040127,31.665475],[35.044442,31.668377],[35.051334,31.672493],[35.051831,31.672562],[35.056787,31.675904],[35.061051,31.678332],[35.06446,31.680653],[35.067077,31.682891],[35.069036,31.68405],[35.072667,31.685734],[35.085335,31.690654],[35.084846,31.691848],[35.084713,31.693521],[35.085172,31.694996],[35.08578,31.695998],[35.087521,31.697308],[35.092019,31.699877],[35.09324,31.700876],[35.096442,31.704566],[35.099975,31.709098],[35.10193,31.710969],[35.103181,31.711805],[35.106453,31.714827],[35.107237,31.715205],[35.108242,31.715328],[35.1133,31.714167],[35.116447,31.713758],[35.117337,31.713829],[35.118613,31.714198],[35.120573,31.715613],[35.120889,31.716204],[35.12122,31.71969],[35.121621,31.721226],[35.126428,31.728824],[35.127322,31.729943],[35.128238,31.730731],[35.12974,31.731561],[35.131783,31.733166],[35.13446,31.734422],[35.135479,31.734456],[35.136377,31.733921],[35.136499,31.730029],[35.13733,31.728858],[35.138148,31.728522],[35.140742,31.728753],[35.142668,31.729279],[35.14301,31.729621],[35.143984,31.731492],[35.145178,31.732841],[35.148448,31.734715],[35.149629,31.735793],[35.151302,31.736349],[35.153863,31.733746],[35.165434,31.732451],[35.179564,31.720577],[35.205926,31.723634],[35.219164,31.715813],[35.223414,31.718667],[35.22495,31.718664],[35.225792,31.718852],[35.227657,31.717949],[35.228574,31.717193],[35.229356,31.716051],[35.229545,31.714754],[35.230905,31.713549],[35.239098,31.709647],[35.243218,31.712437],[35.243756,31.719898],[35.248295,31.724276],[35.249546,31.726218],[35.251733,31.732558],[35.251797,31.734918],[35.252326,31.736981],[35.251641,31.739011],[35.258019,31.741933],[35.258596,31.742536],[35.259438,31.743885],[35.260872,31.746852],[35.262731,31.747846],[35.263043,31.748266],[35.26282,31.749283],[35.262169,31.750374],[35.26123,31.751299],[35.259876,31.75219],[35.259233,31.753099],[35.259089,31.753909],[35.25945,31.7553],[35.259358,31.757262],[35.2538,31.762427],[35.253562,31.762989],[35.253493,31.763715],[35.255214,31.763456],[35.255629,31.763185],[35.256251,31.762484],[35.256333,31.761229],[35.256978,31.761005],[35.257222,31.761073],[35.257356,31.7617],[35.25749,31.761766],[35.258044,31.761787],[35.258255,31.761598],[35.258431,31.760588],[35.258993,31.759408],[35.260659,31.757897],[35.259967,31.756414],[35.260006,31.755547],[35.25962,31.753578],[35.261356,31.753157],[35.263628,31.751293],[35.264413,31.750203],[35.264689,31.749133],[35.264254,31.747261],[35.263741,31.7467],[35.261862,31.745377],[35.260533,31.742479],[35.259963,31.741682],[35.258838,31.740871],[35.254365,31.738576],[35.254205,31.738352],[35.254075,31.735333],[35.253596,31.731644],[35.254603,31.73183],[35.25547,31.731791],[35.254431,31.730656],[35.255462,31.728496],[35.254655,31.726994],[35.253692,31.724366],[35.253713,31.723804],[35.25424,31.722347],[35.254073,31.721142],[35.253096,31.719371],[35.251522,31.719001],[35.250782,31.718335],[35.250408,31.71713],[35.249163,31.717228],[35.248444,31.716899],[35.24801,31.716241],[35.247782,31.715407],[35.247968,31.713883],[35.24913,31.710802],[35.249576,31.70751],[35.249457,31.704037],[35.249723,31.703013],[35.250042,31.702398],[35.250901,31.701395],[35.25311,31.699791],[35.255199,31.69661],[35.25577,31.695309],[35.256281,31.693127],[35.256906,31.69241],[35.255972,31.69108],[35.255942,31.690364],[35.256259,31.689883],[35.257639,31.688853],[35.25899,31.687184],[35.259195,31.684067],[35.260649,31.681155],[35.260288,31.680532],[35.259997,31.680429],[35.257469,31.681786],[35.255912,31.682425],[35.255606,31.682423],[35.254482,31.681806],[35.25432,31.681579],[35.254196,31.680609],[35.253531,31.679619],[35.25311,31.678287],[35.252131,31.676922],[35.250582,31.675337],[35.250308,31.674676],[35.246365,31.672476],[35.24574,31.671732],[35.245688,31.671329],[35.246351,31.670419],[35.249501,31.668846],[35.255021,31.667337],[35.255741,31.666467],[35.257395,31.666311],[35.260579,31.661938],[35.261829,31.654013],[35.262474,31.652682],[35.262257,31.65137],[35.258929,31.651581],[35.259591,31.649241],[35.259696,31.646594],[35.259523,31.646025],[35.258696,31.645142],[35.258572,31.644752],[35.259612,31.637576],[35.25946,31.636486],[35.258602,31.635171],[35.258706,31.634261],[35.258163,31.633755],[35.259101,31.633055],[35.259216,31.632812],[35.257946,31.631234],[35.256554,31.629957],[35.25523,31.629058],[35.254231,31.627696],[35.253136,31.626681],[35.253049,31.626268],[35.253792,31.622403],[35.253844,31.620136],[35.256121,31.619256],[35.261504,31.617706],[35.265452,31.617146],[35.26695,31.616733],[35.267449,31.616484],[35.268406,31.615315],[35.269293,31.614995],[35.269852,31.615017],[35.270749,31.615546],[35.271186,31.615607],[35.272032,31.61501],[35.274479,31.614142],[35.276848,31.612813],[35.278873,31.610964],[35.28011,31.609112],[35.283628,31.608998],[35.286511,31.608255],[35.287563,31.6077],[35.288582,31.606918],[35.290421,31.604665],[35.291307,31.604369],[35.292567,31.60457],[35.297201,31.608888],[35.298545,31.609931],[35.30026,31.610909],[35.30221,31.611678],[35.304383,31.612213],[35.306799,31.612556],[35.322826,31.614204],[35.323483,31.619136],[35.321647,31.624665],[35.321147,31.627029],[35.321051,31.628479],[35.321802,31.637295],[35.322134,31.63832],[35.323227,31.640453],[35.320861,31.643246],[35.31862,31.643527],[35.317009,31.643936],[35.315363,31.644655],[35.313911,31.645636],[35.312921,31.646621],[35.312026,31.647966],[35.311553,31.649271],[35.311383,31.650616],[35.311576,31.655412],[35.312057,31.657034],[35.312668,31.658124],[35.314183,31.660171],[35.317089,31.66263],[35.315168,31.664356],[35.314067,31.665869],[35.314186,31.666516],[35.313634,31.669116],[35.313719,31.670239],[35.314085,31.671574],[35.315474,31.674371],[35.31621,31.675297],[35.318473,31.677125],[35.3207,31.677943],[35.326721,31.679746],[35.32452,31.683166],[35.324194,31.683921],[35.324107,31.686238],[35.324592,31.688265],[35.3245,31.688518],[35.321728,31.690108],[35.320437,31.690551],[35.317666,31.692403],[35.315629,31.694577],[35.315156,31.695445],[35.314904,31.696377],[35.314808,31.697707],[35.314945,31.698876],[35.315492,31.700479],[35.3161,31.701489],[35.317411,31.70276],[35.318455,31.703503],[35.32069,31.704457],[35.323787,31.705484],[35.324102,31.705771],[35.324325,31.70633],[35.324249,31.706896],[35.323167,31.709229],[35.322801,31.710446],[35.322779,31.712848],[35.323216,31.714852],[35.322256,31.716832],[35.322123,31.717514],[35.321483,31.718994],[35.320544,31.722395],[35.320235,31.724815],[35.320362,31.727654],[35.319899,31.729102],[35.319228,31.730065],[35.318136,31.730806],[35.317323,31.731009],[35.315212,31.731128],[35.313531,31.731598],[35.308999,31.734061],[35.308326,31.734712],[35.307523,31.735866],[35.306974,31.737368],[35.305578,31.738459],[35.304767,31.739848],[35.303756,31.740268],[35.300911,31.740198],[35.296618,31.739576],[35.296251,31.739274],[35.295909,31.738629],[35.295165,31.73814],[35.294277,31.737241],[35.293604,31.735575],[35.293021,31.734662],[35.292628,31.735213],[35.292044,31.736767],[35.291238,31.737771],[35.290522,31.737751],[35.289645,31.737412],[35.288934,31.737363],[35.287917,31.738012],[35.287584,31.739321],[35.288573,31.740547],[35.289028,31.74173],[35.286742,31.74385],[35.285435,31.744723],[35.283374,31.74509],[35.279322,31.746493],[35.278798,31.746906],[35.27674,31.750183],[35.277112,31.752395],[35.277898,31.754058],[35.278359,31.754654],[35.280184,31.755998],[35.282064,31.757086],[35.281445,31.757755],[35.28131,31.758154],[35.28183,31.759682],[35.282021,31.761652],[35.284807,31.762374],[35.28618,31.763495],[35.286762,31.764324],[35.287118,31.765142],[35.28744,31.766723],[35.28753,31.767886],[35.287271,31.769564],[35.282342,31.769193],[35.274031,31.771629],[35.273194,31.772276],[35.27249,31.773343],[35.272134,31.774394],[35.271499,31.777528],[35.270046,31.77849],[35.267975,31.778447],[35.260019,31.777427],[35.257933,31.777465],[35.255268,31.769279],[35.254507,31.768598],[35.254879,31.766349],[35.254666,31.766271],[35.252652,31.767696],[35.251846,31.770527],[35.254006,31.770573],[35.257184,31.780012],[35.257517,31.784976],[35.257905,31.785279],[35.259692,31.785437],[35.261459,31.787287],[35.263233,31.789982],[35.262543,31.790071],[35.261942,31.790374],[35.260457,31.791889],[35.260196,31.792348],[35.259317,31.800708],[35.259103,31.801034],[35.258154,31.801657],[35.256838,31.803692],[35.257031,31.810257],[35.255714,31.812959],[35.256803,31.814099],[35.258006,31.816773],[35.258977,31.818029],[35.260929,31.819654],[35.261355,31.821234],[35.261499,31.822915],[35.261782,31.823476],[35.263743,31.825127],[35.266342,31.825722],[35.264326,31.827],[35.258686,31.829594],[35.256653,31.829748],[35.255848,31.830265],[35.254789,31.830318],[35.252878,31.831423],[35.2511,31.83076],[35.25245,31.832864],[35.253299,31.835023],[35.255592,31.836441],[35.256126,31.836992],[35.2569,31.838498],[35.256901,31.839521],[35.253339,31.842336],[35.252742,31.842426],[35.252457,31.842756],[35.251609,31.84315],[35.251222,31.844051],[35.250307,31.844341],[35.248343,31.845622],[35.241915,31.845916],[35.232986,31.84188],[35.232077,31.842165],[35.230098,31.842352],[35.229926,31.843439],[35.228414,31.847712],[35.22468,31.852539],[35.224374,31.853533],[35.224897,31.856793],[35.225645,31.859367],[35.226119,31.860264],[35.227534,31.861936],[35.228155,31.863412],[35.228166,31.864171],[35.22608,31.868743],[35.223091,31.878894],[35.220436,31.88322],[35.213859,31.883452],[35.212866,31.882364],[35.211198,31.882965],[35.210715,31.882791],[35.210145,31.88228],[35.210345,31.882035],[35.209997,31.881956],[35.209276,31.882484],[35.208698,31.882656],[35.207904,31.882591],[35.207194,31.882242],[35.206722,31.881717],[35.206509,31.881019],[35.207052,31.87885],[35.205202,31.874229],[35.204476,31.873369],[35.20416,31.870715],[35.204345,31.870158],[35.205276,31.869342],[35.206239,31.866116],[35.206532,31.865638],[35.211444,31.863127],[35.21169,31.858282],[35.213428,31.852537],[35.214171,31.850758],[35.213722,31.847117],[35.21604,31.839612],[35.216021,31.836694],[35.215486,31.828128],[35.215052,31.825702],[35.215463,31.823843],[35.215091,31.822347],[35.215812,31.821085],[35.215807,31.820616],[35.215325,31.819973],[35.214952,31.818839],[35.214587,31.818483],[35.209703,31.817023],[35.209325,31.818097],[35.209897,31.818838],[35.209878,31.819893],[35.209589,31.820217],[35.209087,31.820427],[35.208144,31.82011],[35.2076,31.82031],[35.207342,31.820926],[35.207596,31.822232],[35.207281,31.822795],[35.206723,31.823157],[35.203497,31.823189],[35.199524,31.825439],[35.194504,31.826804],[35.188196,31.826657],[35.187812,31.82638],[35.186878,31.826167],[35.184036,31.825855],[35.182436,31.824075],[35.182295,31.821652],[35.181895,31.821118],[35.181838,31.820713],[35.182097,31.820148],[35.183412,31.81877],[35.184313,31.816848],[35.184591,31.815985],[35.184459,31.815417],[35.184569,31.814449],[35.185471,31.813791],[35.185796,31.813317],[35.186322,31.813042],[35.186915,31.812193],[35.186946,31.811171],[35.187468,31.81029],[35.187619,31.80962],[35.184338,31.809076],[35.182344,31.808947],[35.1764,31.80791],[35.166716,31.808787],[35.163481,31.808717],[35.162634,31.808383],[35.159077,31.809173],[35.159048,31.809642],[35.156634,31.810253],[35.151592,31.81109],[35.149623,31.811189],[35.148913,31.81147],[35.14758,31.812507],[35.143968,31.813013],[35.142246,31.813436],[35.135493,31.815869],[35.134152,31.816592],[35.129608,31.819739],[35.122041,31.824358],[35.119864,31.825241],[35.118399,31.825476],[35.116852,31.825426],[35.115599,31.825077],[35.11247,31.823635],[35.110733,31.823207],[35.109741,31.823136],[35.106607,31.823431],[35.10644,31.823894],[35.105457,31.824564],[35.105761,31.825293],[35.104742,31.827305],[35.104692,31.827033],[35.104768,31.829818],[35.102294,31.830663],[35.100647,31.831442],[35.099319,31.832313],[35.097391,31.833893],[35.094246,31.837597],[35.089183,31.84507],[35.083154,31.852064],[35.081161,31.853308],[35.078904,31.854259],[35.07647,31.854832],[35.073988,31.85569],[35.070204,31.856275],[35.066688,31.856513],[35.061343,31.856554],[35.057694,31.85564],[35.054711,31.85436],[35.053302,31.853432],[35.043741,31.845732],[35.040981,31.843],[35.032014,31.834925],[35.030772,31.833494],[35.0276,31.831681],[35.022431,31.82963],[35.020534,31.829307],[35.017681,31.829198],[35.003624,31.82944],[34.998146,31.830314],[34.987991,31.830654],[34.98291,31.831116],[34.978701,31.832044],[34.978214,31.832443],[34.977962,31.832961],[34.978079,31.834348],[34.977956,31.83585],[34.978178,31.836642],[34.978633,31.837359],[34.980748,31.838961],[34.987875,31.843651],[34.989848,31.845189],[34.991059,31.846842],[34.992003,31.849671],[34.992775,31.851108],[34.994217,31.852547],[34.996011,31.853618],[34.997632,31.854281],[35.000676,31.854984],[35.004994,31.855522],[35.018012,31.856642],[35.021224,31.856624],[35.024982,31.856221],[35.029457,31.855978],[35.031142,31.856425],[35.032559,31.857237],[35.034002,31.86028],[35.034951,31.86342],[35.036047,31.86595],[35.036261,31.867458],[35.037194,31.870249],[35.038152,31.876705],[35.038674,31.879073],[35.03877,31.882141],[35.03914,31.88557],[35.039389,31.891937],[35.03917,31.894568],[35.038597,31.897286],[35.038497,31.898511],[35.039153,31.90288],[35.039196,31.904289],[35.0384,31.908829],[35.036289,31.9158],[35.034024,31.920254],[35.032239,31.922502],[35.031259,31.923456],[35.02985,31.924399],[35.027565,31.925195],[35.024369,31.925582],[35.018612,31.925887],[35.015469,31.926599],[35.01266,31.927502],[35.010993,31.928321],[35.008908,31.929719],[35.005393,31.932504],[35.003199,31.934614],[35.00254,31.935989],[35.002468,31.936943],[35.00262,31.937818],[35.004038,31.940572],[35.006685,31.944641],[35.007053,31.945782],[35.006967,31.946403],[35.006502,31.946933],[35.004701,31.948203],[35.000655,31.950369],[34.998866,31.951713],[34.996225,31.954049],[34.992019,31.958298],[34.991199,31.959455],[34.988986,31.963559],[34.98813,31.965741],[34.987764,31.967378],[34.987231,31.968605],[34.986842,31.970494],[34.990064,31.971154],[34.991544,31.971157],[34.993408,31.971783],[34.993937,31.97247],[34.996914,31.982657],[34.998125,31.990049],[34.998519,31.990875],[34.999331,31.994725],[34.999412,31.996694],[34.998779,32.013306],[34.999412,32.017476],[34.999854,32.01802],[35.000456,32.018347],[35.003221,32.018973],[35.004142,32.019655],[35.005145,32.020889],[35.0046,32.0255],[35.003959,32.033397],[35.002884,32.040385],[34.998713,32.054346],[34.998404,32.056312],[34.992997,32.069386],[34.990202,32.077929],[34.988232,32.083267],[34.986374,32.089622],[34.986254,32.089715],[34.984742,32.088946],[34.983686,32.088835],[34.983049,32.089064],[34.982528,32.089863],[34.982641,32.090871],[34.98386,32.093743],[34.98437,32.094489],[34.985245,32.095014],[34.98545,32.095361],[34.985842,32.097262],[34.986124,32.09982],[34.985852,32.100589],[34.987824,32.101416],[34.988329,32.101817],[34.990134,32.102076],[34.990655,32.102395],[34.990852,32.102789],[34.990029,32.103886],[34.989808,32.104378],[34.989895,32.104747],[34.990495,32.105566],[34.99161,32.105661],[34.992387,32.105975],[34.993049,32.106724],[34.993285,32.107372],[34.993277,32.109438],[34.99312,32.110418],[34.992067,32.111827],[34.991695,32.112805],[34.988966,32.115073],[34.988847,32.115472],[34.988829,32.119398],[34.985998,32.123337],[34.985343,32.126331],[34.98544,32.128808],[34.985715,32.130182],[34.988734,32.13415],[34.987958,32.136384],[34.98765,32.138276],[34.987715,32.138453],[34.989217,32.138714],[34.99045,32.142195],[34.986658,32.148479],[34.982743,32.148921],[34.979317,32.148815],[34.976338,32.150768],[34.974384,32.152321],[34.975305,32.15473],[34.977344,32.157703],[34.977308,32.158778],[34.974488,32.162173],[34.970618,32.164526],[34.970949,32.166224],[34.97073,32.166519],[34.967284,32.169071],[34.964241,32.168976],[34.964541,32.173319],[34.961852,32.173713],[34.959605,32.175706],[34.95703,32.19019],[34.959159,32.19289],[34.959393,32.193428],[34.960093,32.193468],[34.960256,32.195437],[34.961142,32.197412],[34.961802,32.197684],[34.9623,32.198764],[34.964369,32.200001],[34.965565,32.200584],[34.967822,32.20057],[34.970541,32.200985],[34.973011,32.200262],[34.973627,32.200244],[34.974427,32.200536],[34.975195,32.200566],[34.976246,32.201277],[34.977252,32.202586],[34.977833,32.203054],[34.979757,32.203458],[34.981208,32.203494],[34.982944,32.204433],[34.984697,32.206751],[34.986886,32.206677],[34.989102,32.207584],[34.990667,32.210027],[34.991135,32.211208],[34.991088,32.212088],[34.991311,32.212692],[34.994216,32.215541],[34.997617,32.217781],[34.999133,32.219317],[35.00144,32.221211],[35.005112,32.223928],[35.010921,32.23114],[35.010503,32.231774],[35.011226,32.232918],[35.011531,32.233195],[35.012604,32.233541],[35.014232,32.235591],[35.014518,32.235642],[35.014987,32.235403],[35.017097,32.233816],[35.017765,32.23357],[35.018294,32.233568],[35.020199,32.234473],[35.019818,32.235647],[35.02005,32.237169],[35.020155,32.239974],[35.019199,32.241941],[35.019242,32.242504],[35.023932,32.248743],[35.023835,32.254737],[35.023983,32.25533],[35.026274,32.259441],[35.027995,32.260356],[35.028583,32.260412],[35.029278,32.262274],[35.029191,32.262939],[35.029331,32.263509],[35.030261,32.264661],[35.030638,32.265711],[35.025815,32.273928],[35.024573,32.274146],[35.02353,32.274665],[35.023099,32.275099],[35.022858,32.276301],[35.022296,32.277218],[35.021163,32.277758],[35.02013,32.279316],[35.018768,32.279869],[35.016929,32.280345],[35.015947,32.280433],[35.015234,32.280309],[35.014296,32.279536],[35.01283,32.279546],[35.011271,32.280103],[35.009705,32.280393],[35.008999,32.281271],[35.009501,32.281978],[35.009837,32.284036],[35.010691,32.285801],[35.011245,32.287807],[35.012459,32.290201],[35.013605,32.293276],[35.013557,32.293773],[35.012479,32.293904],[35.01424,32.299902],[35.014278,32.300681],[35.014913,32.302783],[35.015379,32.309128],[35.015586,32.322518],[35.016073,32.331589],[35.016214,32.338505],[35.019733,32.340891],[35.020334,32.341117],[35.024258,32.340465],[35.024891,32.339998],[35.026941,32.340149],[35.027445,32.341432],[35.027576,32.343102],[35.028062,32.343795],[35.02837,32.346631],[35.02856,32.346992],[35.029099,32.346963],[35.03044,32.346405],[35.032233,32.346346],[35.034339,32.34586],[35.03636,32.346097],[35.038403,32.345762],[35.039101,32.34609],[35.040396,32.346276],[35.040898,32.346552],[35.041429,32.347114],[35.04163,32.348442],[35.042128,32.348751],[35.042112,32.351538],[35.04099,32.354078],[35.041162,32.355177],[35.042485,32.357056],[35.042911,32.357408],[35.043472,32.357392],[35.043588,32.35752],[35.04427,32.358998],[35.04457,32.359077],[35.04575,32.358804],[35.046955,32.359534],[35.04783,32.359395],[35.048275,32.359679],[35.04908,32.360758],[35.049963,32.362857],[35.050739,32.364096],[35.050506,32.36489],[35.051586,32.367133],[35.050544,32.370385],[35.048961,32.376603],[35.046565,32.377348],[35.044521,32.377518],[35.042782,32.377853],[35.041752,32.377729],[35.040194,32.380587],[35.041078,32.381399],[35.040874,32.382021],[35.041086,32.382427],[35.042965,32.384511],[35.043882,32.386029],[35.04475,32.387936],[35.044943,32.389431],[35.04663,32.389778],[35.047021,32.390074],[35.04898,32.393959],[35.048865,32.395597],[35.049274,32.396752],[35.053897,32.402952],[35.055174,32.411754],[35.05498,32.412086],[35.054331,32.412155],[35.054215,32.412298],[35.053644,32.415054],[35.053738,32.416582],[35.054125,32.417356],[35.0547,32.41798],[35.0565,32.418707],[35.05708,32.419306],[35.057276,32.420519],[35.056594,32.422551],[35.056607,32.423384],[35.05736,32.425678],[35.058625,32.427029],[35.059939,32.429583],[35.059908,32.430943],[35.060346,32.434141],[35.060551,32.434691],[35.061086,32.435218],[35.061268,32.435701],[35.060705,32.436714],[35.061017,32.437048],[35.061468,32.437096],[35.061761,32.438289],[35.062412,32.438403],[35.062295,32.439344],[35.064937,32.441567],[35.065789,32.443111],[35.065509,32.447441],[35.065544,32.448884],[35.065723,32.449485],[35.066743,32.451011],[35.067978,32.452005],[35.068916,32.452492],[35.071332,32.453131],[35.072401,32.453914],[35.07346,32.455772],[35.073435,32.455973],[35.073233,32.455983],[35.073026,32.456253],[35.072249,32.457748],[35.072321,32.458397],[35.07281,32.459178],[35.074254,32.460593],[35.075129,32.461907],[35.076676,32.462571],[35.077286,32.463049],[35.079601,32.465515],[35.082266,32.467902],[35.082956,32.468211],[35.084643,32.468395],[35.085788,32.469017],[35.087339,32.470844],[35.088302,32.471458],[35.088431,32.472093],[35.089776,32.473079],[35.09069,32.474894],[35.092476,32.476212],[35.094944,32.476826],[35.096087,32.477369],[35.098383,32.478075],[35.101924,32.478263],[35.103857,32.477833],[35.10517,32.477318],[35.106252,32.476383],[35.106875,32.475446],[35.10901,32.476097],[35.110214,32.476909],[35.110781,32.477064],[35.111369,32.477762],[35.112097,32.47782],[35.112581,32.478106],[35.112989,32.479202],[35.113554,32.47969],[35.119333,32.481073],[35.122017,32.482111],[35.124709,32.483699],[35.12607,32.483989],[35.125587,32.484313],[35.125979,32.484849],[35.126835,32.485559],[35.131241,32.488399],[35.139884,32.493432],[35.139852,32.493621],[35.137876,32.494598],[35.138991,32.496348],[35.144773,32.496386],[35.155003,32.502169],[35.155757,32.503062],[35.156738,32.503132],[35.160507,32.504154],[35.160881,32.504465],[35.161709,32.505917],[35.162047,32.506153],[35.164062,32.508856],[35.167851,32.510997],[35.170155,32.512627],[35.1719,32.514375],[35.177215,32.518287],[35.177581,32.518918],[35.17759,32.520707],[35.17781,32.521403],[35.178741,32.522152],[35.179747,32.523717],[35.180635,32.524415],[35.181259,32.524572],[35.182529,32.524524],[35.186231,32.523549],[35.187034,32.523725],[35.188151,32.524567],[35.189324,32.526367],[35.195411,32.532537],[35.19706,32.535612],[35.199396,32.537336],[35.201846,32.539425],[35.205186,32.541315],[35.207321,32.54207],[35.209831,32.542702],[35.211867,32.543908],[35.214804,32.54449],[35.215648,32.545424],[35.216012,32.546126],[35.216058,32.547881],[35.217593,32.548807],[35.2243,32.55211],[35.22456,32.55221],[35.225067,32.551786],[35.226667,32.549533]],[[35.222862,32.548464],[35.220472,32.548305],[35.217244,32.546665],[35.21718,32.545677],[35.21677,32.544788],[35.216887,32.543759],[35.215323,32.54094],[35.216374,32.540834],[35.217847,32.540952],[35.218409,32.542994],[35.219156,32.54319],[35.219852,32.542633],[35.219913,32.541753],[35.219036,32.540697],[35.217657,32.539644],[35.217632,32.53603],[35.219167,32.536167],[35.220063,32.537242],[35.220939,32.538675],[35.222151,32.539389],[35.222916,32.538808],[35.223431,32.536948],[35.223647,32.535425],[35.225303,32.536341],[35.226697,32.537929],[35.227119,32.539527],[35.225357,32.542764],[35.225702,32.544343],[35.226476,32.545645],[35.226473,32.546311],[35.224432,32.548988],[35.223692,32.548629],[35.222862,32.548464]],[[35.200654,32.527183],[35.198911,32.523454],[35.198884,32.519653],[35.19909,32.518494],[35.199572,32.517681],[35.197466,32.517384],[35.197661,32.518002],[35.197654,32.519454],[35.196644,32.520047],[35.194895,32.521852],[35.19301,32.521999],[35.189423,32.522962],[35.188236,32.521954],[35.185271,32.521044],[35.184021,32.521237],[35.181987,32.521832],[35.178901,32.518159],[35.175331,32.514529],[35.177578,32.515199],[35.17949,32.515268],[35.181058,32.514759],[35.181948,32.513657],[35.182726,32.513181],[35.184827,32.512551],[35.187713,32.512352],[35.18999,32.513414],[35.192267,32.515368],[35.194492,32.514449],[35.195245,32.514935],[35.195779,32.515777],[35.199695,32.516502],[35.199555,32.515783],[35.198295,32.513391],[35.200084,32.512917],[35.20095,32.512892],[35.201424,32.513043],[35.203639,32.514913],[35.205387,32.516833],[35.207145,32.518471],[35.207383,32.519377],[35.206765,32.519915],[35.205829,32.520075],[35.205562,32.520589],[35.206677,32.521454],[35.208097,32.522888],[35.209381,32.524778],[35.211063,32.526529],[35.21199,32.527873],[35.212456,32.531384],[35.211905,32.532318],[35.211446,32.532751],[35.2107,32.53311],[35.210222,32.533062],[35.208961,32.53244],[35.208228,32.529365],[35.20741,32.528195],[35.205256,32.528142],[35.204613,32.529019],[35.203277,32.533056],[35.202639,32.533702],[35.201526,32.534242],[35.200109,32.533448],[35.19955,32.53296],[35.199024,32.532112],[35.198653,32.53105],[35.198687,32.53047],[35.199128,32.529308],[35.200485,32.527648],[35.200654,32.527183]],[[35.226722,32.52298],[35.226298,32.519561],[35.225338,32.519261],[35.224333,32.517989],[35.220102,32.514815],[35.216374,32.511125],[35.213707,32.507245],[35.211145,32.503062],[35.217238,32.502037],[35.217724,32.498971],[35.215585,32.49475],[35.213793,32.490324],[35.213224,32.48929],[35.212844,32.487659],[35.211982,32.484956],[35.211662,32.484379],[35.206805,32.479095],[35.204439,32.477184],[35.200721,32.479071],[35.197686,32.479425],[35.196245,32.47772],[35.191933,32.476225],[35.188694,32.476394],[35.187372,32.472287],[35.18575,32.465075],[35.184696,32.456898],[35.184701,32.45404],[35.185808,32.449144],[35.18663,32.446553],[35.188211,32.442402],[35.190133,32.439257],[35.192338,32.43781],[35.194884,32.435588],[35.199156,32.429997],[35.207009,32.425015],[35.210798,32.421392],[35.217032,32.417179],[35.218518,32.417153],[35.219693,32.418528],[35.222187,32.423729],[35.223797,32.426092],[35.229032,32.431267],[35.231485,32.433295],[35.234378,32.436395],[35.236362,32.438176],[35.236866,32.438777],[35.236694,32.438949],[35.237753,32.440649],[35.241644,32.437769],[35.244767,32.434646],[35.2465,32.432048],[35.249147,32.424923],[35.249502,32.423498],[35.250302,32.418123],[35.250584,32.410784],[35.24986,32.403344],[35.239908,32.404849],[35.237934,32.40488],[35.235189,32.408001],[35.234114,32.406811],[35.232726,32.405786],[35.232024,32.405435],[35.230996,32.405192],[35.230991,32.403015],[35.230805,32.401853],[35.227389,32.393305],[35.226477,32.38836],[35.225514,32.384816],[35.224802,32.382809],[35.224267,32.380234],[35.22343,32.378731],[35.222873,32.376536],[35.222579,32.374466],[35.22264,32.372638],[35.221698,32.369421],[35.221821,32.367314],[35.221289,32.366599],[35.221019,32.365931],[35.220803,32.363739],[35.219461,32.362681],[35.217568,32.361665],[35.216909,32.358986],[35.216982,32.358603],[35.217589,32.357872],[35.217144,32.357176],[35.215936,32.356841],[35.214884,32.355919],[35.214913,32.355055],[35.213921,32.355432],[35.213264,32.354761],[35.211719,32.354345],[35.211217,32.353679],[35.210965,32.352433],[35.211278,32.351184],[35.208575,32.349936],[35.207421,32.349039],[35.20737,32.34851],[35.208159,32.347334],[35.208057,32.346852],[35.206359,32.346645],[35.205659,32.345998],[35.205647,32.345497],[35.206894,32.344896],[35.208557,32.342911],[35.209368,32.34262],[35.210612,32.340809],[35.210262,32.340399],[35.21022,32.339696],[35.210954,32.338723],[35.212016,32.338499],[35.213425,32.339381],[35.213658,32.340249],[35.214541,32.341498],[35.214994,32.343756],[35.216822,32.3456],[35.216953,32.346472],[35.21723,32.347012],[35.219113,32.34757],[35.220724,32.34753],[35.221363,32.347751],[35.223011,32.349538],[35.224506,32.350265],[35.22535,32.352083],[35.226042,32.352896],[35.226422,32.353658],[35.227701,32.355007],[35.23112,32.357745],[35.233299,32.35901],[35.234944,32.359624],[35.23597,32.3596],[35.236624,32.359195],[35.237684,32.356638],[35.238502,32.355819],[35.237297,32.353291],[35.238366,32.352322],[35.244455,32.348873],[35.244877,32.348438],[35.24537,32.347415],[35.245167,32.346189],[35.243961,32.345149],[35.243714,32.344666],[35.243753,32.34308],[35.24424,32.341157],[35.243912,32.340417],[35.24221,32.339879],[35.24031,32.339882],[35.238224,32.338782],[35.23645,32.336108],[35.235211,32.335547],[35.232827,32.335522],[35.230543,32.336152],[35.228381,32.334096],[35.227047,32.33415],[35.224472,32.333311],[35.220664,32.332429],[35.216976,32.332029],[35.214664,32.332272],[35.212982,32.332223],[35.21058,32.331845],[35.209664,32.331414],[35.209036,32.330663],[35.208503,32.330731],[35.208406,32.330294],[35.207992,32.330286],[35.208155,32.329874],[35.208091,32.329392],[35.206805,32.329112],[35.205526,32.329576],[35.203678,32.329684],[35.201906,32.328491],[35.199284,32.329081],[35.198652,32.328998],[35.198152,32.32866],[35.197737,32.329417],[35.197267,32.329866],[35.196822,32.33005],[35.195488,32.329994],[35.192819,32.332727],[35.191207,32.333227],[35.189352,32.33292],[35.185829,32.331194],[35.183673,32.330576],[35.182573,32.329491],[35.182705,32.329254],[35.181964,32.327584],[35.182044,32.326867],[35.181164,32.326838],[35.180923,32.325694],[35.180247,32.324985],[35.179989,32.323851],[35.180086,32.322896],[35.179208,32.322514],[35.1789,32.32189],[35.179029,32.321501],[35.180149,32.320615],[35.179039,32.318937],[35.180503,32.317133],[35.180406,32.315233],[35.18264,32.313971],[35.184966,32.313204],[35.18691,32.311975],[35.189798,32.313971],[35.190613,32.314418],[35.191631,32.314581],[35.193478,32.315732],[35.195529,32.315704],[35.19587,32.315566],[35.196727,32.316483],[35.197192,32.317283],[35.198529,32.318056],[35.19909,32.31771],[35.204212,32.317679],[35.20585,32.318102],[35.206794,32.316854],[35.207398,32.315207],[35.207935,32.314344],[35.208509,32.313732],[35.209302,32.313718],[35.210141,32.311107],[35.213234,32.311143],[35.215032,32.310771],[35.216945,32.309724],[35.218878,32.309061],[35.220042,32.308304],[35.221537,32.308556],[35.222691,32.308126],[35.223349,32.308081],[35.223797,32.308221],[35.224349,32.308675],[35.225305,32.307831],[35.224631,32.30746],[35.224308,32.306966],[35.224472,32.305354],[35.224766,32.304867],[35.225995,32.303781],[35.225803,32.30292],[35.225501,32.302612],[35.224381,32.302628],[35.222151,32.302226],[35.218951,32.30227],[35.217381,32.300945],[35.21653,32.300611],[35.216118,32.300775],[35.215567,32.301424],[35.213434,32.301545],[35.211593,32.302917],[35.209974,32.303384],[35.207769,32.303545],[35.206807,32.30192],[35.204636,32.302574],[35.20016,32.302518],[35.198345,32.303136],[35.197244,32.303319],[35.19722,32.303773],[35.196257,32.304063],[35.192681,32.303623],[35.189796,32.304191],[35.186342,32.304332],[35.184079,32.304937],[35.184028,32.30425],[35.184286,32.302913],[35.185061,32.300335],[35.186176,32.29938],[35.188968,32.300004],[35.189306,32.299481],[35.190233,32.299318],[35.190211,32.298412],[35.192286,32.298639],[35.192293,32.298215],[35.191347,32.297005],[35.191188,32.296576],[35.19148,32.294621],[35.190196,32.29364],[35.190421,32.291766],[35.190427,32.289786],[35.190256,32.289016],[35.189759,32.28805],[35.188588,32.286413],[35.187126,32.284979],[35.187129,32.284393],[35.187504,32.284378],[35.189314,32.283615],[35.189787,32.283255],[35.192309,32.278964],[35.1924,32.276269],[35.19197,32.274178],[35.188862,32.271159],[35.190639,32.26972],[35.19097,32.269617],[35.190977,32.268311],[35.191222,32.267829],[35.191642,32.267177],[35.192642,32.26653],[35.193168,32.265821],[35.193919,32.263879],[35.194426,32.26331],[35.194135,32.26271],[35.194592,32.262075],[35.194446,32.260301],[35.194754,32.260126],[35.194771,32.259775],[35.196029,32.259688],[35.198991,32.258109],[35.200991,32.25747],[35.201221,32.2565],[35.201836,32.255731],[35.201955,32.252873],[35.202186,32.25211],[35.202498,32.251832],[35.203235,32.251652],[35.204359,32.251821],[35.205987,32.25166],[35.207416,32.251207],[35.208704,32.250379],[35.210021,32.250325],[35.211522,32.250935],[35.211549,32.252112],[35.212069,32.253124],[35.211332,32.255022],[35.21227,32.255404],[35.214722,32.255649],[35.216976,32.256344],[35.217466,32.256312],[35.218493,32.255719],[35.219268,32.255679],[35.221896,32.256902],[35.222208,32.256903],[35.2243,32.255854],[35.226838,32.255525],[35.227343,32.255131],[35.227857,32.254178],[35.232799,32.252787],[35.234732,32.251265],[35.236825,32.250859],[35.237178,32.250281],[35.237054,32.248703],[35.237268,32.248364],[35.237561,32.248235],[35.238797,32.248139],[35.240284,32.248636],[35.242052,32.248876],[35.246024,32.248251],[35.247344,32.248632],[35.249468,32.247991],[35.250582,32.247183],[35.254578,32.246991],[35.254688,32.246553],[35.257036,32.245201],[35.261071,32.245142],[35.261756,32.244616],[35.262541,32.244523],[35.263516,32.244075],[35.264232,32.243976],[35.264887,32.243242],[35.266993,32.242524],[35.267762,32.241857],[35.268705,32.241593],[35.269078,32.240875],[35.270398,32.240482],[35.271409,32.240902],[35.272369,32.241087],[35.275931,32.241081],[35.275911,32.241649],[35.276544,32.242306],[35.277019,32.242653],[35.277638,32.242748],[35.279998,32.240972],[35.280798,32.239788],[35.281695,32.237322],[35.282372,32.236975],[35.284967,32.236823],[35.285858,32.237706],[35.287059,32.237107],[35.291111,32.236389],[35.290665,32.233636],[35.289965,32.232271],[35.288721,32.230903],[35.289207,32.230252],[35.290199,32.229373],[35.289981,32.229211],[35.289753,32.227665],[35.28858,32.225944],[35.288634,32.225688],[35.288921,32.225641],[35.289013,32.224992],[35.289909,32.224064],[35.290021,32.223207],[35.289042,32.222526],[35.288799,32.221801],[35.288129,32.221485],[35.287022,32.222246],[35.286563,32.222397],[35.285596,32.222333],[35.283743,32.221546],[35.283311,32.2215],[35.282268,32.222198],[35.279089,32.222445],[35.275,32.22524],[35.272612,32.227445],[35.271065,32.227522],[35.269385,32.227833],[35.264923,32.229604],[35.26381,32.232429],[35.257437,32.23467],[35.253545,32.236739],[35.252173,32.236938],[35.251157,32.236598],[35.250562,32.23657],[35.250206,32.237868],[35.249315,32.238642],[35.244836,32.240803],[35.240579,32.243338],[35.240244,32.243447],[35.239261,32.242671],[35.238627,32.241857],[35.237585,32.241297],[35.23627,32.241123],[35.234978,32.241412],[35.234412,32.241904],[35.231448,32.24654],[35.228377,32.248799],[35.226629,32.249486],[35.225455,32.24956],[35.222908,32.249328],[35.221919,32.249191],[35.220886,32.248724],[35.219453,32.248726],[35.219402,32.248493],[35.218365,32.247548],[35.217979,32.246943],[35.216575,32.245625],[35.214336,32.244485],[35.212632,32.244481],[35.210597,32.244781],[35.208675,32.244735],[35.206378,32.244046],[35.204677,32.242985],[35.203545,32.243193],[35.201816,32.244079],[35.199773,32.243996],[35.198089,32.244658],[35.195832,32.246292],[35.194343,32.246343],[35.191373,32.24561],[35.190623,32.244836],[35.189297,32.244252],[35.188196,32.244321],[35.18731,32.245118],[35.185771,32.246112],[35.184759,32.246323],[35.181767,32.246078],[35.180908,32.245055],[35.179213,32.245236],[35.178186,32.244887],[35.178197,32.244077],[35.179244,32.242971],[35.179486,32.242144],[35.17871,32.239816],[35.178742,32.238853],[35.179253,32.237304],[35.178691,32.234767],[35.178243,32.229772],[35.180221,32.225146],[35.180376,32.221037],[35.184557,32.217884],[35.18485,32.217513],[35.185059,32.215662],[35.185969,32.21389],[35.186372,32.213665],[35.186435,32.213041],[35.186828,32.212477],[35.186308,32.212274],[35.18635,32.211426],[35.186731,32.210921],[35.18624,32.210625],[35.186622,32.21026],[35.187185,32.21033],[35.187815,32.209259],[35.188298,32.209224],[35.188915,32.208286],[35.188975,32.20748],[35.189219,32.207224],[35.189801,32.204802],[35.190688,32.199459],[35.191208,32.198328],[35.192568,32.197112],[35.193512,32.19679],[35.193814,32.197024],[35.19453,32.196052],[35.19781,32.193327],[35.19985,32.193173],[35.202495,32.192322],[35.211014,32.191042],[35.21567,32.190554],[35.219128,32.189878],[35.221579,32.189072],[35.224839,32.189266],[35.228651,32.190762],[35.229528,32.190892],[35.226498,32.187691],[35.223411,32.184732],[35.216589,32.183419],[35.214372,32.183355],[35.211659,32.183821],[35.206096,32.186027],[35.203695,32.187335],[35.202626,32.18734],[35.201598,32.18676],[35.200804,32.186542],[35.197196,32.186071],[35.190331,32.18642],[35.188765,32.187039],[35.183896,32.189776],[35.181503,32.191427],[35.180247,32.193051],[35.180107,32.195827],[35.179606,32.197413],[35.177569,32.198963],[35.176343,32.200955],[35.175231,32.201697],[35.174493,32.201978],[35.173703,32.202006],[35.172911,32.201592],[35.171952,32.200523],[35.171297,32.199117],[35.170016,32.198004],[35.168196,32.19704],[35.166901,32.196826],[35.164773,32.196935],[35.163067,32.196534],[35.16284,32.196882],[35.161498,32.19665],[35.160314,32.196207],[35.159313,32.19539],[35.15827,32.19513],[35.157,32.195215],[35.155812,32.195735],[35.154256,32.196171],[35.152433,32.195206],[35.152567,32.194079],[35.155106,32.191811],[35.154674,32.190868],[35.153372,32.191169],[35.152687,32.191054],[35.152067,32.190207],[35.152664,32.188099],[35.154307,32.184332],[35.156455,32.180376],[35.156829,32.180022],[35.156789,32.17949],[35.15773,32.1786],[35.158518,32.176921],[35.158824,32.175371],[35.158989,32.173259],[35.158835,32.17195],[35.158381,32.170406],[35.158705,32.170262],[35.15918,32.169605],[35.161415,32.170728],[35.163569,32.172301],[35.164313,32.172456],[35.166582,32.172407],[35.167523,32.172628],[35.168438,32.173186],[35.16921,32.174236],[35.169739,32.174536],[35.170525,32.174497],[35.17118,32.174116],[35.171438,32.173631],[35.171613,32.172482],[35.171318,32.171537],[35.170607,32.170768],[35.16827,32.16976],[35.165629,32.168877],[35.166004,32.166299],[35.165778,32.165955],[35.163441,32.166319],[35.160325,32.165601],[35.15982,32.165221],[35.159255,32.164211],[35.158003,32.163831],[35.157024,32.163066],[35.156564,32.162427],[35.156601,32.161855],[35.156846,32.161326],[35.157735,32.160649],[35.158092,32.160153],[35.15838,32.158192],[35.158914,32.157855],[35.160227,32.157594],[35.160601,32.157073],[35.159818,32.156275],[35.158424,32.155733],[35.157573,32.155188],[35.155771,32.153148],[35.15357,32.152212],[35.152546,32.150466],[35.150347,32.148835],[35.148507,32.148023],[35.147238,32.146923],[35.146306,32.145066],[35.146409,32.14481],[35.145824,32.14424],[35.144689,32.143518],[35.14445,32.142641],[35.143952,32.142349],[35.143857,32.141771],[35.144632,32.141109],[35.144592,32.140554],[35.144095,32.139596],[35.143508,32.138981],[35.142381,32.138606],[35.141016,32.138536],[35.140977,32.139365],[35.140624,32.139835],[35.138301,32.140204],[35.137712,32.139289],[35.137346,32.138272],[35.136988,32.134474],[35.136733,32.134033],[35.135098,32.132799],[35.133715,32.132746],[35.133303,32.131286],[35.134122,32.129644],[35.133883,32.126733],[35.134227,32.12616],[35.13445,32.125205],[35.135227,32.12422],[35.136305,32.123409],[35.13755,32.122116],[35.138625,32.120164],[35.138702,32.11856],[35.140603,32.117993],[35.141759,32.118557],[35.143462,32.118042],[35.143898,32.11835],[35.144516,32.118365],[35.146237,32.118058],[35.147386,32.117583],[35.147998,32.117017],[35.148153,32.116736],[35.148243,32.115361],[35.15327,32.11649],[35.157378,32.115512],[35.158279,32.114574],[35.161838,32.111963],[35.163017,32.113497],[35.163389,32.11473],[35.165775,32.1147],[35.170681,32.114021],[35.17236,32.114016],[35.174326,32.114954],[35.174791,32.115713],[35.175798,32.115819],[35.177947,32.116504],[35.179653,32.11735],[35.183272,32.119893],[35.190155,32.123296],[35.196833,32.125741],[35.199796,32.12654],[35.202742,32.126397],[35.204635,32.125727],[35.20728,32.126978],[35.213843,32.126572],[35.220595,32.129591],[35.221355,32.130258],[35.229887,32.129974],[35.233634,32.130091],[35.236832,32.130262],[35.238865,32.130612],[35.24892,32.130782],[35.249834,32.130847],[35.251139,32.131211],[35.252228,32.132247],[35.252367,32.137895],[35.254759,32.137567],[35.256009,32.136667],[35.256368,32.133303],[35.256722,32.132452],[35.257439,32.132338],[35.257622,32.132967],[35.257437,32.13606],[35.257534,32.137074],[35.258503,32.139122],[35.259547,32.140551],[35.260115,32.145038],[35.260575,32.145193],[35.260971,32.146567],[35.261655,32.148024],[35.261494,32.148333],[35.261568,32.151047],[35.262277,32.153655],[35.262906,32.154827],[35.262798,32.156351],[35.263165,32.157609],[35.262789,32.160851],[35.263348,32.162086],[35.259955,32.163717],[35.258248,32.161821],[35.257541,32.158046],[35.256792,32.155622],[35.255564,32.155584],[35.255007,32.155329],[35.254386,32.154634],[35.253667,32.153317],[35.252912,32.152752],[35.251753,32.152528],[35.250405,32.152869],[35.248103,32.15395],[35.246878,32.15491],[35.24308,32.155301],[35.24114,32.155893],[35.240118,32.155993],[35.236343,32.157753],[35.234871,32.157921],[35.234018,32.158192],[35.233607,32.158463],[35.23297,32.159922],[35.232485,32.162659],[35.230131,32.162643],[35.229286,32.162839],[35.227733,32.163779],[35.226433,32.164328],[35.224641,32.165518],[35.222741,32.165694],[35.221989,32.165931],[35.2187,32.16805],[35.218477,32.171874],[35.219862,32.174478],[35.219822,32.174805],[35.220464,32.175549],[35.232624,32.179339],[35.239829,32.18049],[35.244821,32.180641],[35.245097,32.180126],[35.247357,32.179479],[35.248262,32.179059],[35.250233,32.177423],[35.250649,32.178741],[35.25418,32.175633],[35.256648,32.173218],[35.258215,32.173476],[35.259209,32.174804],[35.259639,32.175674],[35.259425,32.1766],[35.258774,32.177058],[35.25845,32.177497],[35.257876,32.179388],[35.257482,32.181584],[35.257503,32.184378],[35.256818,32.187891],[35.255525,32.189314],[35.253931,32.190097],[35.252362,32.190635],[35.25129,32.191368],[35.250133,32.191806],[35.247477,32.194129],[35.246958,32.195273],[35.24674,32.196469],[35.246743,32.196851],[35.247295,32.19784],[35.246098,32.199199],[35.245888,32.200038],[35.246112,32.200551],[35.246457,32.200845],[35.248644,32.201719],[35.249917,32.201906],[35.251322,32.202329],[35.251735,32.203352],[35.251859,32.204472],[35.250477,32.205924],[35.248507,32.206936],[35.253873,32.207482],[35.255124,32.207847],[35.255828,32.207001],[35.257304,32.205731],[35.257489,32.20586],[35.258961,32.205115],[35.262862,32.204063],[35.265577,32.202736],[35.268069,32.200964],[35.269314,32.199354],[35.269847,32.198951],[35.271038,32.198662],[35.271743,32.198935],[35.271959,32.199283],[35.271985,32.201126],[35.271821,32.202557],[35.271384,32.203754],[35.268534,32.205195],[35.265655,32.206321],[35.264091,32.206644],[35.260966,32.206854],[35.260698,32.210199],[35.267304,32.209603],[35.269366,32.209853],[35.271087,32.210418],[35.271777,32.21116],[35.273596,32.212198],[35.274103,32.213122],[35.274376,32.213229],[35.274788,32.213029],[35.275162,32.212526],[35.275836,32.212392],[35.27713,32.21165],[35.277383,32.210737],[35.277873,32.209854],[35.277985,32.208796],[35.277922,32.20775],[35.27727,32.207165],[35.277348,32.206737],[35.277958,32.206132],[35.279913,32.205731],[35.280637,32.204218],[35.280801,32.20286],[35.280605,32.201295],[35.280964,32.199742],[35.281041,32.198479],[35.280878,32.197608],[35.279808,32.19582],[35.278279,32.194688],[35.276253,32.19366],[35.274526,32.19239],[35.273465,32.190718],[35.273077,32.189503],[35.273309,32.187931],[35.274257,32.186303],[35.275311,32.184963],[35.277767,32.18564],[35.278804,32.187073],[35.281066,32.188401],[35.281821,32.189152],[35.283738,32.190341],[35.286175,32.192283],[35.293639,32.203556],[35.29526,32.206692],[35.296342,32.20841],[35.299507,32.207683],[35.305034,32.207337],[35.308085,32.205492],[35.308476,32.202514],[35.310453,32.200972],[35.312218,32.199942],[35.312345,32.201728],[35.312722,32.202589],[35.313291,32.203346],[35.314164,32.204044],[35.315726,32.204711],[35.316365,32.2055],[35.316584,32.20605],[35.317707,32.207138],[35.318801,32.207735],[35.320094,32.208125],[35.322124,32.208141],[35.323334,32.208434],[35.324541,32.207769],[35.326277,32.207242],[35.3278,32.207149],[35.329494,32.206593],[35.332884,32.204926],[35.333856,32.204274],[35.335044,32.204011],[35.335392,32.20404],[35.336897,32.2049],[35.338632,32.205437],[35.338744,32.206276],[35.338517,32.207188],[35.338465,32.208799],[35.337174,32.209096],[35.337688,32.209657],[35.337276,32.209963],[35.33517,32.210382],[35.334517,32.21098],[35.334306,32.211484],[35.333383,32.211796],[35.33259,32.213594],[35.331075,32.215652],[35.329363,32.217075],[35.327779,32.217979],[35.326986,32.217367],[35.327167,32.218883],[35.326848,32.219787],[35.326468,32.220329],[35.325356,32.220798],[35.321651,32.220854],[35.318901,32.222531],[35.317411,32.223963],[35.316749,32.22484],[35.316851,32.225221],[35.317652,32.226178],[35.317983,32.226328],[35.317977,32.227432],[35.31763,32.228602],[35.316624,32.230131],[35.31618,32.232162],[35.314954,32.234508],[35.314583,32.23557],[35.314498,32.237037],[35.314922,32.239212],[35.315061,32.241594],[35.31478,32.242084],[35.313405,32.243327],[35.312052,32.24645],[35.312998,32.246513],[35.314081,32.247054],[35.314947,32.247705],[35.316142,32.250277],[35.317778,32.251475],[35.318528,32.251569],[35.319162,32.250842],[35.320922,32.249925],[35.323948,32.250011],[35.328891,32.249775],[35.331539,32.24933],[35.332261,32.249002],[35.338441,32.244881],[35.345248,32.24143],[35.350397,32.237684],[35.351405,32.233079],[35.353521,32.23207],[35.356109,32.230064],[35.358269,32.227388],[35.359634,32.226464],[35.360926,32.224883],[35.365466,32.221732],[35.368348,32.221356],[35.371691,32.219484],[35.372262,32.218877],[35.372603,32.217831],[35.373528,32.217543],[35.374846,32.216592],[35.376279,32.214004],[35.380089,32.211863],[35.381087,32.211642],[35.381405,32.21135],[35.38179,32.210875],[35.381974,32.210237],[35.380484,32.208503],[35.379486,32.207961],[35.378778,32.207915],[35.379601,32.207638],[35.38238,32.207534],[35.3859,32.206935],[35.387723,32.207281],[35.388858,32.206952],[35.390332,32.206836],[35.392667,32.20814],[35.394845,32.20777],[35.395425,32.207826],[35.396691,32.208971],[35.396987,32.20991],[35.39754,32.210624],[35.398928,32.211003],[35.402875,32.212638],[35.405311,32.213858],[35.406292,32.213597],[35.407262,32.214221],[35.409452,32.214512],[35.412553,32.214012],[35.413037,32.214127],[35.414166,32.215554],[35.414175,32.21648],[35.414805,32.21699],[35.415771,32.218594],[35.41599,32.220519],[35.415356,32.221562],[35.415596,32.22191],[35.41512,32.223657],[35.415123,32.224589],[35.415322,32.225245],[35.415696,32.225789],[35.416731,32.226472],[35.417225,32.227115],[35.418248,32.227996],[35.417167,32.229607],[35.418796,32.230163],[35.418955,32.230943],[35.418481,32.231043],[35.418426,32.231494],[35.418573,32.233815],[35.419286,32.233715],[35.419997,32.23295],[35.421605,32.232545],[35.424263,32.232682],[35.42482,32.232955],[35.425047,32.233324],[35.425185,32.235269],[35.425715,32.236904],[35.425321,32.237967],[35.423521,32.239686],[35.423515,32.240711],[35.424602,32.241722],[35.424477,32.24222],[35.425396,32.243129],[35.425725,32.243985],[35.426427,32.245046],[35.426783,32.246628],[35.426727,32.24761],[35.426512,32.248162],[35.424293,32.250219],[35.423621,32.251064],[35.422994,32.252355],[35.420728,32.253357],[35.420359,32.253831],[35.419988,32.254812],[35.419633,32.25509],[35.419026,32.255174],[35.41755,32.254648],[35.416447,32.254573],[35.414397,32.255948],[35.413436,32.256148],[35.412173,32.256753],[35.410729,32.257009],[35.409181,32.256537],[35.408145,32.256804],[35.407706,32.257297],[35.407167,32.257605],[35.407068,32.258776],[35.407187,32.262101],[35.40598,32.264076],[35.406205,32.264623],[35.407038,32.264234],[35.407977,32.264336],[35.409201,32.264202],[35.4109,32.263029],[35.411395,32.262868],[35.412147,32.26292],[35.413065,32.263315],[35.413043,32.263792],[35.413335,32.264234],[35.413683,32.266104],[35.412454,32.266738],[35.411911,32.267603],[35.412687,32.268621],[35.415816,32.270819],[35.419493,32.269667],[35.419943,32.268276],[35.421089,32.267729],[35.421802,32.2691],[35.422227,32.269528],[35.424347,32.269591],[35.424866,32.269274],[35.425463,32.267964],[35.426921,32.266207],[35.427316,32.264775],[35.427953,32.264014],[35.43015,32.263219],[35.432606,32.262019],[35.434585,32.261336],[35.435862,32.259949],[35.436209,32.258927],[35.436935,32.258421],[35.437908,32.25817],[35.439357,32.258269],[35.440062,32.259147],[35.440258,32.259825],[35.439993,32.261039],[35.4395,32.261481],[35.441042,32.262975],[35.4415,32.263625],[35.444282,32.270479],[35.445477,32.270756],[35.447546,32.27171],[35.448249,32.272267],[35.442798,32.275177],[35.43624,32.27833],[35.426007,32.282383],[35.42071,32.284199],[35.413662,32.287456],[35.411745,32.288128],[35.3995,32.291564],[35.397552,32.292349],[35.39576,32.298134],[35.393014,32.305378],[35.391917,32.312336],[35.390899,32.314939],[35.391073,32.319511],[35.391326,32.320478],[35.393035,32.324136],[35.394814,32.326906],[35.397705,32.330588],[35.404402,32.3382],[35.406874,32.341901],[35.407438,32.343603],[35.407513,32.344394],[35.407015,32.346636],[35.406445,32.347082],[35.407055,32.347576],[35.408101,32.34805],[35.408982,32.349805],[35.409963,32.349805],[35.410552,32.350094],[35.41067,32.3508],[35.41191,32.350948],[35.412932,32.351715],[35.411621,32.352578],[35.410548,32.353525],[35.409772,32.353908],[35.401955,32.355151],[35.401289,32.355666],[35.40069,32.355862],[35.399011,32.355818],[35.397206,32.356903],[35.396438,32.357749],[35.396221,32.358909],[35.395663,32.359803],[35.394436,32.360883],[35.391903,32.363793],[35.391533,32.364791],[35.391467,32.365489],[35.390867,32.366975],[35.38963,32.367682],[35.389289,32.367359],[35.388819,32.367487],[35.387518,32.368687],[35.386538,32.369277],[35.385886,32.370297],[35.384811,32.370918],[35.384752,32.371945],[35.385076,32.372362],[35.385079,32.37316],[35.38436,32.373174],[35.382902,32.372481],[35.3822,32.372438],[35.381336,32.372954],[35.381453,32.374353],[35.381305,32.374582],[35.380905,32.37484],[35.379245,32.374289],[35.3789,32.374536],[35.378684,32.375103],[35.378751,32.375831],[35.379159,32.376501],[35.37872,32.377354],[35.380596,32.378572],[35.382243,32.379328],[35.38443,32.379445],[35.385316,32.379885],[35.38752,32.381239],[35.389225,32.383162],[35.389447,32.383598],[35.389864,32.38525],[35.38981,32.386698],[35.38892,32.387154],[35.388563,32.387508],[35.388113,32.388707],[35.387267,32.389623],[35.387465,32.39071],[35.385693,32.392535],[35.387145,32.393686],[35.388275,32.395318],[35.389535,32.396387],[35.387404,32.399043],[35.387322,32.401166],[35.386069,32.403553],[35.386562,32.405267],[35.386415,32.40634],[35.385906,32.407007],[35.384347,32.408086],[35.38399,32.408957],[35.383989,32.409389],[35.384117,32.40998],[35.38719,32.408492],[35.387522,32.408541],[35.389845,32.409569],[35.392275,32.41139],[35.393076,32.412763],[35.394657,32.416684],[35.395615,32.419525],[35.395955,32.422035],[35.396075,32.423968],[35.395167,32.428565],[35.394562,32.429912],[35.393992,32.430604],[35.392919,32.431381],[35.391638,32.431883],[35.386661,32.432986],[35.384399,32.433182],[35.384426,32.434141],[35.385028,32.434643],[35.38566,32.436284],[35.385294,32.437022],[35.385387,32.437391],[35.387044,32.437702],[35.388168,32.438739],[35.389709,32.438761],[35.390057,32.43906],[35.390327,32.439596],[35.391787,32.440096],[35.392188,32.440475],[35.392647,32.440024],[35.393439,32.440052],[35.394407,32.44102],[35.394816,32.441799],[35.395828,32.441879],[35.396021,32.441576],[35.397414,32.442719],[35.397087,32.443694],[35.397372,32.444302],[35.398311,32.445467],[35.39819,32.446964],[35.396993,32.449495],[35.396276,32.452623],[35.395651,32.454226],[35.39583,32.457384],[35.395644,32.458781],[35.394903,32.460618],[35.393746,32.461817],[35.39336,32.462426],[35.393291,32.464504],[35.39216,32.465999],[35.391917,32.466568],[35.392063,32.468123],[35.394023,32.47144],[35.394178,32.472337],[35.394134,32.473514],[35.39289,32.474456],[35.392355,32.475293],[35.392413,32.477213],[35.393296,32.478842],[35.393435,32.479778],[35.392854,32.480702],[35.390886,32.482144],[35.390724,32.483405],[35.390981,32.484225],[35.390758,32.484594],[35.386752,32.485953],[35.385264,32.486672],[35.38374,32.487797],[35.378823,32.489541],[35.378387,32.490974],[35.377125,32.491942],[35.376547,32.49274],[35.376619,32.494387],[35.375247,32.496631],[35.37471,32.496926],[35.373298,32.497277],[35.372065,32.498025],[35.371761,32.498016],[35.371234,32.498454],[35.370269,32.498621],[35.369682,32.498939],[35.368852,32.500026],[35.368532,32.501858],[35.368103,32.502277],[35.367462,32.502565],[35.3663,32.502708],[35.363379,32.502288],[35.360047,32.502344],[35.359595,32.502052],[35.356917,32.501193],[35.354323,32.501074],[35.350088,32.501739],[35.346932,32.502536],[35.342335,32.502778],[35.340417,32.502246],[35.339723,32.501851],[35.336751,32.50121],[35.335352,32.500371],[35.335485,32.499485],[35.334519,32.498643],[35.334,32.497358],[35.333851,32.494861],[35.333907,32.490993],[35.333446,32.490429],[35.33275,32.486763],[35.332805,32.478842],[35.333399,32.473847],[35.333407,32.472217],[35.334769,32.469916],[35.335257,32.469888],[35.335256,32.467709],[35.335524,32.467188],[35.339689,32.464637],[35.343191,32.463038],[35.34567,32.460834],[35.34645,32.46097],[35.347657,32.460316],[35.346547,32.45949],[35.346556,32.458117],[35.347949,32.457038],[35.350024,32.456237],[35.350895,32.454716],[35.351205,32.453009],[35.349991,32.449823],[35.348703,32.447402],[35.348819,32.442443],[35.346948,32.44135],[35.345513,32.440812],[35.343672,32.440843],[35.341801,32.440235],[35.341596,32.438283],[35.340288,32.436908],[35.33952,32.436501],[35.336978,32.435935],[35.336249,32.432854],[35.333993,32.433159],[35.332319,32.432814],[35.32962,32.429676],[35.328528,32.427231],[35.32862,32.425218],[35.330414,32.422755],[35.330731,32.421995],[35.330703,32.421584],[35.330456,32.421431],[35.326942,32.421109],[35.326004,32.420881],[35.325174,32.419674],[35.325831,32.417575],[35.326686,32.416173],[35.326977,32.411062],[35.328331,32.408527],[35.33121,32.404346],[35.332077,32.402239],[35.332451,32.400739],[35.332576,32.399246],[35.332938,32.398619],[35.330232,32.396278],[35.325688,32.393037],[35.324277,32.393365],[35.31994,32.393611],[35.315511,32.392701],[35.313765,32.392528],[35.313688,32.392753],[35.313192,32.392772],[35.310886,32.392423],[35.309636,32.392923],[35.308503,32.393852],[35.308077,32.394488],[35.307833,32.395388],[35.303555,32.395685],[35.295756,32.395836],[35.295263,32.398742],[35.295307,32.399612],[35.29627,32.4024],[35.296303,32.403346],[35.297705,32.403547],[35.300045,32.404412],[35.304181,32.405503],[35.304739,32.4058],[35.305553,32.406617],[35.305883,32.408527],[35.305869,32.410472],[35.306524,32.41067],[35.307631,32.410495],[35.308247,32.410864],[35.308372,32.411557],[35.308063,32.412244],[35.307959,32.413362],[35.308211,32.414782],[35.310362,32.417208],[35.312576,32.418888],[35.313582,32.420952],[35.314974,32.425258],[35.315047,32.427767],[35.314006,32.432099],[35.314616,32.432654],[35.314912,32.433759],[35.314996,32.435938],[35.314879,32.437739],[35.315433,32.44087],[35.3152,32.443506],[35.314895,32.445113],[35.314986,32.446739],[35.314287,32.447781],[35.31146,32.448465],[35.310217,32.44693],[35.307898,32.448419],[35.30634,32.449606],[35.305591,32.450395],[35.305124,32.451225],[35.305253,32.452475],[35.306677,32.453807],[35.310387,32.454805],[35.312145,32.455089],[35.314726,32.456349],[35.317221,32.457292],[35.317898,32.457935],[35.318036,32.458317],[35.317934,32.458892],[35.317365,32.459576],[35.31767,32.460521],[35.325166,32.460378],[35.324668,32.465067],[35.324764,32.469886],[35.323248,32.473717],[35.319879,32.478354],[35.315498,32.482489],[35.314096,32.483578],[35.311374,32.485348],[35.307122,32.487235],[35.30406,32.489815],[35.302758,32.489351],[35.300889,32.490912],[35.298613,32.491058],[35.298899,32.497987],[35.298919,32.50368],[35.300045,32.504756],[35.297389,32.506763],[35.29671,32.507506],[35.294316,32.507592],[35.275465,32.51229],[35.275668,32.508951],[35.275214,32.507774],[35.275359,32.507223],[35.275841,32.506675],[35.275664,32.505393],[35.277353,32.502317],[35.27785,32.501957],[35.279336,32.501434],[35.27974,32.500996],[35.280412,32.497356],[35.281122,32.495578],[35.263885,32.506504],[35.258756,32.509559],[35.238754,32.522646],[35.226653,32.52813],[35.226166,32.528156],[35.225813,32.527924],[35.225708,32.526962],[35.225809,32.526505],[35.226319,32.525814],[35.226722,32.52298]],[[35.309818,32.50795],[35.311182,32.506148],[35.312654,32.505666],[35.314785,32.506233],[35.31537,32.50727],[35.315695,32.508413],[35.317689,32.509295],[35.317488,32.510238],[35.313732,32.510225],[35.310384,32.509636],[35.309847,32.509374],[35.309646,32.508328],[35.309818,32.50795]],[[35.36541,32.509232],[35.367294,32.50946],[35.368018,32.509946],[35.367615,32.511238],[35.366922,32.512276],[35.36546,32.512981],[35.365162,32.513473],[35.364968,32.514384],[35.363447,32.514845],[35.361785,32.515118],[35.360582,32.514518],[35.36034,32.513526],[35.360372,32.512208],[35.361566,32.511276],[35.36323,32.510553],[35.36437,32.509519],[35.36541,32.509232]],[[35.319944,32.50003],[35.319955,32.498023],[35.318904,32.498042],[35.318427,32.498742],[35.317962,32.49864],[35.317502,32.49828],[35.316973,32.496996],[35.317129,32.495572],[35.317771,32.494742],[35.319366,32.494053],[35.320935,32.492832],[35.321867,32.493007],[35.322871,32.494367],[35.324328,32.497307],[35.326071,32.497746],[35.326161,32.498589],[35.325416,32.499899],[35.32512,32.50182],[35.324669,32.502572],[35.323748,32.503578],[35.321537,32.503968],[35.320873,32.503768],[35.320327,32.503385],[35.319789,32.502613],[35.319578,32.501627],[35.319483,32.500736],[35.319944,32.50003]],[[35.392793,32.489468],[35.394108,32.488944],[35.395232,32.489252],[35.396392,32.490315],[35.397523,32.490464],[35.398699,32.489714],[35.400023,32.488593],[35.401645,32.487884],[35.403293,32.4881],[35.403025,32.493429],[35.402091,32.494057],[35.401491,32.495135],[35.400094,32.49449],[35.398734,32.494521],[35.396622,32.495266],[35.395219,32.496517],[35.394062,32.49638],[35.392864,32.495203],[35.391327,32.495017],[35.390446,32.49445],[35.390176,32.493723],[35.390387,32.493193],[35.392554,32.490828],[35.392793,32.489468]],[[35.408623,32.466345],[35.41053,32.46473],[35.41127,32.463638],[35.411356,32.462711],[35.410412,32.462471],[35.409838,32.462673],[35.409227,32.463167],[35.408247,32.463221],[35.406367,32.465896],[35.405855,32.466251],[35.405434,32.466052],[35.40584,32.464809],[35.406451,32.463815],[35.405587,32.463541],[35.405196,32.462616],[35.404343,32.462533],[35.403036,32.462895],[35.402541,32.462597],[35.402413,32.46222],[35.403119,32.461447],[35.406279,32.461084],[35.406486,32.46089],[35.406496,32.460623],[35.405907,32.460053],[35.406855,32.459581],[35.407768,32.459404],[35.408062,32.458611],[35.408675,32.45864],[35.408906,32.459048],[35.411236,32.458968],[35.412866,32.459305],[35.413119,32.455834],[35.413667,32.455056],[35.414463,32.454862],[35.415621,32.458259],[35.417101,32.459435],[35.41725,32.459822],[35.417171,32.46035],[35.413683,32.466964],[35.413318,32.466892],[35.413216,32.465723],[35.412709,32.465576],[35.412264,32.465941],[35.411433,32.468044],[35.410844,32.468086],[35.410445,32.467666],[35.408694,32.468129],[35.407863,32.468091],[35.407649,32.46791],[35.407801,32.467215],[35.408623,32.466345]],[[35.409391,32.418858],[35.409858,32.418834],[35.409794,32.41965],[35.409198,32.421077],[35.408385,32.422325],[35.407682,32.422292],[35.407954,32.421625],[35.407194,32.421421],[35.406894,32.421102],[35.406064,32.421057],[35.405997,32.420636],[35.406127,32.420399],[35.407315,32.419869],[35.409259,32.419303],[35.409391,32.418858]],[[35.477469,32.383273],[35.480478,32.383757],[35.483209,32.38467],[35.485761,32.386146],[35.486152,32.386896],[35.486081,32.387792],[35.484979,32.389091],[35.484156,32.390678],[35.483387,32.391365],[35.477748,32.391449],[35.476287,32.391682],[35.475329,32.392189],[35.471945,32.392392],[35.471518,32.391475],[35.474285,32.389204],[35.475093,32.388169],[35.475116,32.387476],[35.474234,32.386026],[35.474151,32.384863],[35.474297,32.38411],[35.475431,32.383493],[35.477469,32.383273]],[[35.50615,32.383286],[35.505188,32.38286],[35.504141,32.382098],[35.50418,32.380996],[35.504657,32.379949],[35.505632,32.378853],[35.506194,32.378479],[35.507625,32.377992],[35.509901,32.377734],[35.512359,32.378314],[35.513148,32.378714],[35.513705,32.379201],[35.51448,32.380742],[35.514707,32.382173],[35.514462,32.383353],[35.513886,32.384042],[35.512584,32.384697],[35.51116,32.384828],[35.509156,32.384642],[35.507598,32.384098],[35.50615,32.383286]],[[35.426841,32.232555],[35.42521,32.23237],[35.424752,32.231945],[35.425204,32.23031],[35.424602,32.230123],[35.424446,32.229742],[35.424567,32.229299],[35.425141,32.228545],[35.425879,32.228348],[35.42654,32.229008],[35.426239,32.229491],[35.427522,32.230546],[35.427706,32.231874],[35.427015,32.232574],[35.426841,32.232555]],[[35.298484,32.199942],[35.298435,32.200389],[35.28826,32.193135],[35.287303,32.191701],[35.287002,32.190867],[35.286976,32.188305],[35.287166,32.187244],[35.287567,32.186887],[35.286901,32.18527],[35.287914,32.1846],[35.289037,32.184305],[35.291531,32.186759],[35.293432,32.186744],[35.295696,32.187144],[35.29743,32.187065],[35.29942,32.187831],[35.300015,32.187391],[35.304704,32.192237],[35.304119,32.194423],[35.303302,32.196079],[35.3019,32.197335],[35.300357,32.198157],[35.298484,32.199942]],[[35.3751,32.198463],[35.370509,32.196169],[35.368837,32.195868],[35.363491,32.195842],[35.351321,32.196346],[35.349401,32.196098],[35.347422,32.196391],[35.345356,32.196301],[35.341372,32.195513],[35.337464,32.195169],[35.335578,32.195301],[35.331283,32.196164],[35.330004,32.196554],[35.328066,32.197431],[35.324179,32.197622],[35.320702,32.197343],[35.320387,32.197212],[35.320859,32.193966],[35.321646,32.192787],[35.32222,32.192293],[35.322066,32.189057],[35.321879,32.188475],[35.321451,32.188068],[35.318676,32.186979],[35.318157,32.186014],[35.317333,32.185177],[35.317131,32.183362],[35.316173,32.1825],[35.315776,32.181683],[35.316291,32.180536],[35.31728,32.179887],[35.317245,32.179047],[35.316617,32.177672],[35.319408,32.177591],[35.320733,32.177344],[35.325416,32.173939],[35.327721,32.173219],[35.32963,32.172977],[35.3312,32.171804],[35.331399,32.171884],[35.33236,32.170945],[35.332943,32.170644],[35.333924,32.170486],[35.335228,32.170599],[35.336482,32.170511],[35.337435,32.169995],[35.338973,32.169856],[35.340608,32.169321],[35.344442,32.170005],[35.346529,32.170707],[35.347198,32.170706],[35.348904,32.170281],[35.353186,32.170999],[35.355317,32.171779],[35.357615,32.171716],[35.35926,32.172421],[35.360471,32.172418],[35.361758,32.172147],[35.365202,32.170922],[35.367093,32.169724],[35.369403,32.16902],[35.370972,32.168234],[35.372324,32.167283],[35.373818,32.165764],[35.374644,32.16543],[35.374959,32.164539],[35.37662,32.162136],[35.378887,32.162031],[35.379741,32.159862],[35.380555,32.158834],[35.381431,32.158426],[35.38272,32.158819],[35.38404,32.159775],[35.384139,32.160954],[35.383647,32.163288],[35.383837,32.164922],[35.385494,32.166253],[35.386186,32.167469],[35.386408,32.168839],[35.386386,32.170007],[35.385325,32.171185],[35.384894,32.172905],[35.385724,32.174497],[35.386632,32.175588],[35.387416,32.176958],[35.387636,32.179599],[35.387432,32.180113],[35.386035,32.182114],[35.385654,32.183477],[35.382715,32.185315],[35.382163,32.185892],[35.381847,32.1871],[35.380852,32.188012],[35.379386,32.188604],[35.378921,32.19141],[35.378231,32.192192],[35.378371,32.194127],[35.377387,32.197964],[35.375557,32.198509],[35.3751,32.198463]],[[35.535961,32.181343],[35.537561,32.181748],[35.539203,32.184405],[35.540253,32.186701],[35.540141,32.18741],[35.539638,32.18792],[35.53812,32.188306],[35.537635,32.18827],[35.536626,32.18777],[35.536122,32.187017],[35.534997,32.183199],[35.535326,32.181906],[35.535961,32.181343]],[[35.525564,32.165641],[35.52561,32.165403],[35.529382,32.167412],[35.530336,32.168942],[35.53048,32.170079],[35.530863,32.170891],[35.531495,32.173095],[35.531123,32.174462],[35.530361,32.174928],[35.529283,32.175019],[35.52877,32.174891],[35.528724,32.173836],[35.5291,32.172095],[35.528437,32.171183],[35.527109,32.171061],[35.525997,32.170525],[35.525533,32.17011],[35.525547,32.169733],[35.525159,32.169136],[35.524909,32.167452],[35.525564,32.165641]],[[35.308309,32.163235],[35.304291,32.162673],[35.302015,32.162755],[35.300258,32.163019],[35.299604,32.163713],[35.297388,32.16506],[35.29503,32.165472],[35.294001,32.165883],[35.293817,32.165696],[35.29089,32.167431],[35.290438,32.167325],[35.289675,32.1677],[35.28855,32.167934],[35.286158,32.168128],[35.284235,32.168079],[35.284077,32.167148],[35.281808,32.168732],[35.280142,32.168108],[35.279,32.16684],[35.278028,32.16645],[35.276023,32.165286],[35.273273,32.162296],[35.271252,32.159476],[35.27108,32.157963],[35.269938,32.156231],[35.268903,32.154081],[35.268287,32.151278],[35.268563,32.147869],[35.268778,32.146964],[35.268586,32.143619],[35.267104,32.142334],[35.265899,32.141537],[35.264763,32.140359],[35.263691,32.13974],[35.262798,32.138079],[35.262182,32.13072],[35.262418,32.128026],[35.265437,32.125659],[35.270723,32.123996],[35.277467,32.123196],[35.283969,32.122765],[35.291263,32.122919],[35.301174,32.123377],[35.305155,32.123256],[35.311001,32.12266],[35.315669,32.122459],[35.317642,32.12429],[35.323181,32.124823],[35.331698,32.124854],[35.334744,32.121221],[35.335048,32.120442],[35.335606,32.120339],[35.337279,32.118367],[35.339267,32.11474],[35.341075,32.113136],[35.343984,32.111824],[35.345594,32.110548],[35.345998,32.109977],[35.346267,32.108889],[35.34733,32.106959],[35.348647,32.105615],[35.350647,32.104619],[35.353687,32.103515],[35.356538,32.104527],[35.360915,32.104237],[35.361173,32.105895],[35.361261,32.108062],[35.360893,32.11383],[35.361926,32.115609],[35.363411,32.114619],[35.364838,32.114447],[35.365652,32.115751],[35.365875,32.119528],[35.366231,32.12078],[35.36653,32.123906],[35.367196,32.125257],[35.367673,32.12825],[35.368665,32.131064],[35.368717,32.132452],[35.368289,32.134888],[35.368733,32.135435],[35.368569,32.135685],[35.36806,32.136085],[35.366914,32.136482],[35.364964,32.1379],[35.363857,32.138354],[35.363898,32.139286],[35.361677,32.140407],[35.359789,32.141633],[35.359549,32.142979],[35.35959,32.144735],[35.359001,32.145867],[35.358117,32.145904],[35.357117,32.146195],[35.356953,32.146783],[35.356083,32.147651],[35.355267,32.147708],[35.354603,32.147495],[35.3542,32.147084],[35.354559,32.146723],[35.354516,32.146013],[35.35232,32.146917],[35.349261,32.147409],[35.346633,32.148451],[35.344167,32.150052],[35.341626,32.152182],[35.340626,32.153215],[35.336419,32.153563],[35.333301,32.153501],[35.330041,32.153955],[35.328167,32.153963],[35.326083,32.154391],[35.325071,32.154756],[35.324565,32.155134],[35.323611,32.156765],[35.321757,32.159287],[35.321306,32.159642],[35.319688,32.160104],[35.31365,32.160839],[35.312099,32.161405],[35.310531,32.162625],[35.308309,32.163235]],[[35.33035,32.112286],[35.330047,32.112517],[35.329812,32.112338],[35.328754,32.112865],[35.325349,32.113731],[35.32177,32.114971],[35.320462,32.115224],[35.316944,32.115093],[35.31587,32.115314],[35.310705,32.115372],[35.30872,32.115677],[35.305527,32.114301],[35.302905,32.114241],[35.300844,32.113944],[35.298613,32.114021],[35.296724,32.114485],[35.288281,32.115103],[35.284891,32.115459],[35.284607,32.115599],[35.282757,32.115156],[35.280848,32.114402],[35.27703,32.112284],[35.277022,32.111384],[35.278752,32.110424],[35.278621,32.109229],[35.279015,32.10828],[35.278164,32.106688],[35.27811,32.105955],[35.276376,32.105551],[35.274182,32.105623],[35.272376,32.105321],[35.271007,32.10497],[35.269287,32.104155],[35.268074,32.103963],[35.267934,32.101159],[35.268108,32.100643],[35.268111,32.099581],[35.267826,32.097951],[35.271605,32.094938],[35.273516,32.093103],[35.274589,32.092937],[35.27634,32.093011],[35.278002,32.092027],[35.277798,32.091579],[35.277772,32.090544],[35.280557,32.086984],[35.281512,32.085375],[35.286924,32.07513],[35.287525,32.073526],[35.288591,32.071526],[35.290149,32.071087],[35.291314,32.070068],[35.292447,32.069466],[35.295519,32.067258],[35.298576,32.067638],[35.299639,32.066963],[35.301638,32.066909],[35.303281,32.06524],[35.303968,32.064911],[35.306495,32.064873],[35.30814,32.064357],[35.309704,32.064193],[35.312917,32.064268],[35.313222,32.063795],[35.313778,32.06348],[35.317684,32.063715],[35.318923,32.064046],[35.320153,32.064897],[35.319892,32.065354],[35.319724,32.066664],[35.321775,32.067352],[35.322736,32.067394],[35.323694,32.066082],[35.324902,32.065571],[35.326039,32.065559],[35.326574,32.065951],[35.327096,32.066898],[35.327424,32.067192],[35.329344,32.067764],[35.330063,32.068176],[35.330447,32.068669],[35.330839,32.070125],[35.331811,32.071965],[35.332581,32.072775],[35.333362,32.073194],[35.335265,32.073735],[35.337364,32.076947],[35.339057,32.077908],[35.340494,32.079181],[35.342606,32.080663],[35.342708,32.081517],[35.340542,32.083531],[35.337342,32.085172],[35.337448,32.085964],[35.337948,32.086394],[35.33768,32.087169],[35.335002,32.089695],[35.334002,32.090916],[35.33135,32.09085],[35.329816,32.091835],[35.329859,32.09349],[35.330949,32.095589],[35.332254,32.096616],[35.33367,32.0967],[35.334979,32.097464],[35.335306,32.097923],[35.335365,32.100218],[35.33634,32.101525],[35.337307,32.101788],[35.338113,32.102403],[35.338465,32.103252],[35.337821,32.103923],[35.337803,32.10469],[35.337364,32.105194],[35.335745,32.105383],[35.334908,32.105709],[35.333482,32.109196],[35.332593,32.110071],[35.331662,32.111334],[35.33135,32.11141],[35.33035,32.112286]],[[35.359868,32.089121],[35.358904,32.088592],[35.357401,32.088825],[35.357127,32.088714],[35.356887,32.088173],[35.356484,32.085731],[35.356746,32.084684],[35.357929,32.081672],[35.358378,32.079645],[35.358771,32.079032],[35.361811,32.076833],[35.364043,32.076353],[35.365625,32.07665],[35.368535,32.078431],[35.369432,32.079707],[35.370038,32.081779],[35.368716,32.082163],[35.368487,32.083187],[35.368179,32.08338],[35.36772,32.084414],[35.367733,32.085605],[35.367585,32.086007],[35.366836,32.086532],[35.366205,32.086741],[35.363579,32.086902],[35.362819,32.088297],[35.361685,32.088319],[35.361031,32.089073],[35.359868,32.089121]],[[35.361003,32.065674],[35.360695,32.064562],[35.360812,32.06385],[35.362625,32.061464],[35.362578,32.060402],[35.363811,32.057756],[35.364763,32.056315],[35.368534,32.052735],[35.370101,32.052666],[35.371047,32.053017],[35.371737,32.053791],[35.371999,32.05462],[35.371636,32.056241],[35.371621,32.059445],[35.371242,32.060417],[35.370756,32.061157],[35.368609,32.062433],[35.368212,32.063435],[35.367831,32.063964],[35.366874,32.065007],[35.36548,32.065949],[35.364357,32.066134],[35.363082,32.065754],[35.361003,32.065674]],[[35.227557,32.062074],[35.228106,32.062661],[35.230312,32.064308],[35.23027,32.063627],[35.230991,32.062893],[35.233426,32.0627],[35.234928,32.062131],[35.236346,32.064257],[35.237648,32.065617],[35.23881,32.066533],[35.240766,32.067145],[35.241016,32.067532],[35.24084,32.067897],[35.244669,32.068253],[35.244979,32.068846],[35.245508,32.069352],[35.24535,32.0696],[35.245415,32.07076],[35.24572,32.071179],[35.244441,32.072103],[35.243009,32.073589],[35.242585,32.073612],[35.243307,32.074431],[35.244496,32.076774],[35.245378,32.077542],[35.245519,32.078057],[35.245361,32.079143],[35.248618,32.082272],[35.249108,32.083334],[35.249437,32.086854],[35.249819,32.08789],[35.249607,32.088927],[35.249242,32.089539],[35.247619,32.089599],[35.244848,32.092098],[35.244008,32.093243],[35.242501,32.09352],[35.240913,32.093501],[35.239759,32.09285],[35.236745,32.091673],[35.235329,32.090897],[35.230339,32.090943],[35.227209,32.09031],[35.225759,32.091105],[35.224331,32.092911],[35.223554,32.093131],[35.222892,32.092752],[35.220599,32.089872],[35.218575,32.089676],[35.217226,32.088978],[35.216623,32.088927],[35.216072,32.089156],[35.217254,32.089967],[35.21766,32.090729],[35.21674,32.092157],[35.216422,32.093189],[35.215878,32.093497],[35.215564,32.093496],[35.212146,32.091914],[35.211069,32.090913],[35.210449,32.091206],[35.209646,32.091111],[35.20701,32.090305],[35.204129,32.087996],[35.202132,32.08739],[35.200713,32.08654],[35.200092,32.086535],[35.199116,32.086192],[35.198493,32.085541],[35.197743,32.085474],[35.196574,32.085718],[35.195341,32.085626],[35.193965,32.086449],[35.192936,32.087454],[35.192472,32.088703],[35.189266,32.090629],[35.187798,32.091148],[35.186864,32.092125],[35.185809,32.092164],[35.185011,32.092658],[35.183847,32.092635],[35.182455,32.092258],[35.180471,32.09213],[35.17808,32.091712],[35.176983,32.092044],[35.176164,32.092726],[35.175726,32.093367],[35.174052,32.093844],[35.171248,32.093987],[35.170355,32.094809],[35.16933,32.095423],[35.167986,32.095301],[35.166808,32.095038],[35.165487,32.094512],[35.164603,32.093855],[35.163585,32.092349],[35.163477,32.090876],[35.163955,32.089261],[35.165788,32.087873],[35.165724,32.086172],[35.165315,32.08549],[35.163568,32.084459],[35.160097,32.083014],[35.157375,32.082733],[35.15679,32.08249],[35.1559,32.082394],[35.154748,32.082381],[35.154041,32.082547],[35.154003,32.081984],[35.152289,32.077096],[35.149044,32.077403],[35.144881,32.077115],[35.142186,32.076044],[35.141275,32.075935],[35.13691,32.074499],[35.133441,32.07457],[35.130238,32.07617],[35.127547,32.08185],[35.126513,32.081721],[35.126387,32.078383],[35.123495,32.076825],[35.121918,32.076611],[35.120964,32.076887],[35.11725,32.077324],[35.116048,32.077911],[35.116108,32.078349],[35.115807,32.079168],[35.114828,32.080835],[35.113883,32.081045],[35.112941,32.081517],[35.111126,32.083086],[35.110449,32.083269],[35.109447,32.083289],[35.108743,32.082959],[35.10846,32.082643],[35.108233,32.08151],[35.108223,32.079371],[35.107528,32.078227],[35.106714,32.077542],[35.105742,32.077652],[35.104791,32.07706],[35.104252,32.076445],[35.103088,32.07573],[35.102534,32.075635],[35.101834,32.075993],[35.10135,32.077973],[35.094789,32.078018],[35.092853,32.077736],[35.093027,32.075897],[35.092957,32.074067],[35.0919,32.073914],[35.090989,32.073496],[35.089798,32.072614],[35.089201,32.071877],[35.087641,32.071315],[35.087185,32.071884],[35.084822,32.072257],[35.083475,32.072723],[35.082984,32.073036],[35.082388,32.073747],[35.079122,32.072698],[35.076933,32.071626],[35.077183,32.07076],[35.077903,32.069587],[35.077967,32.069206],[35.076712,32.068207],[35.073969,32.06691],[35.074073,32.066333],[35.075784,32.065827],[35.077022,32.060368],[35.076911,32.058353],[35.077047,32.057982],[35.078312,32.055928],[35.080439,32.054217],[35.080942,32.053101],[35.080936,32.052172],[35.080519,32.051333],[35.079965,32.050548],[35.078561,32.049267],[35.077694,32.047531],[35.077236,32.045912],[35.077071,32.044563],[35.076786,32.043756],[35.076214,32.043276],[35.076647,32.042593],[35.076133,32.041599],[35.077255,32.040699],[35.077374,32.039624],[35.07703,32.038629],[35.076962,32.037676],[35.077249,32.037157],[35.07815,32.036419],[35.078213,32.035499],[35.07759,32.034667],[35.078586,32.033409],[35.079137,32.032949],[35.079281,32.031672],[35.079669,32.030503],[35.079304,32.026585],[35.079952,32.025643],[35.079977,32.024356],[35.079446,32.022239],[35.079865,32.021434],[35.08237,32.019884],[35.08277,32.015928],[35.083312,32.015764],[35.088691,32.015661],[35.088765,32.016495],[35.089712,32.016587],[35.094903,32.01644],[35.095348,32.016835],[35.096242,32.016332],[35.097105,32.01619],[35.098514,32.016188],[35.100838,32.016542],[35.101024,32.015936],[35.10202,32.014852],[35.103988,32.014831],[35.104485,32.01507],[35.105596,32.015175],[35.108339,32.015198],[35.111374,32.016332],[35.111328,32.015931],[35.11236,32.01543],[35.113539,32.015172],[35.114736,32.015252],[35.116384,32.015719],[35.11668,32.018104],[35.117251,32.01842],[35.119285,32.018766],[35.120082,32.019292],[35.120186,32.019412],[35.119773,32.020424],[35.120134,32.021114],[35.120968,32.020912],[35.122312,32.020961],[35.124316,32.021851],[35.126751,32.022343],[35.127114,32.022573],[35.127331,32.02295],[35.12749,32.023626],[35.127409,32.024184],[35.128641,32.024134],[35.129304,32.024528],[35.141015,32.022935],[35.142465,32.022881],[35.145841,32.021634],[35.15604,32.018812],[35.156483,32.019098],[35.158512,32.019352],[35.160015,32.019221],[35.162187,32.020817],[35.164145,32.02058],[35.166695,32.019631],[35.168902,32.01788],[35.171638,32.014732],[35.173046,32.012414],[35.175628,32.010608],[35.177117,32.008304],[35.178613,32.008526],[35.179327,32.007631],[35.181926,32.006427],[35.184637,32.004544],[35.184849,32.003473],[35.186395,32.002889],[35.187004,32.002452],[35.187952,32.000684],[35.189028,31.999731],[35.189793,31.998408],[35.190595,31.997481],[35.191186,31.99712],[35.19357,31.996277],[35.194222,31.995831],[35.194661,31.995116],[35.194707,31.994267],[35.196019,31.993796],[35.196607,31.993426],[35.197263,31.991625],[35.197818,31.989152],[35.198956,31.987934],[35.200722,31.988233],[35.20137,31.988555],[35.203142,31.989775],[35.203357,31.990923],[35.203908,31.991576],[35.205534,31.99206],[35.207479,31.992182],[35.209069,31.991915],[35.215459,31.991376],[35.218931,31.9925],[35.220736,31.994132],[35.22028,31.996528],[35.220467,31.998038],[35.221032,31.999378],[35.223345,32.001408],[35.2254,32.002594],[35.226705,32.003184],[35.229014,32.003816],[35.23141,32.004268],[35.233231,32.004282],[35.235125,32.003794],[35.236833,32.003637],[35.239711,32.003031],[35.242435,32.000725],[35.24425,31.999617],[35.245828,31.999339],[35.24767,31.999528],[35.249122,32.001904],[35.248837,32.002317],[35.250598,32.003607],[35.252148,32.006198],[35.252576,32.007877],[35.253169,32.008617],[35.253204,32.009505],[35.254057,32.010936],[35.254376,32.011898],[35.257927,32.012321],[35.259703,32.01371],[35.260462,32.014607],[35.260699,32.018048],[35.261739,32.019793],[35.263646,32.020073],[35.264698,32.021459],[35.264531,32.022153],[35.263605,32.02275],[35.263717,32.023549],[35.265661,32.025248],[35.264878,32.025686],[35.266594,32.025843],[35.267514,32.026172],[35.268471,32.026265],[35.27084,32.02717],[35.271249,32.028057],[35.27046,32.03345],[35.260762,32.045483],[35.259291,32.045323],[35.255645,32.046279],[35.253539,32.045452],[35.25126,32.045532],[35.249549,32.045809],[35.248429,32.045716],[35.245784,32.044711],[35.244768,32.045375],[35.242821,32.046162],[35.237884,32.046364],[35.23337,32.046875],[35.231975,32.047446],[35.227459,32.048637],[35.22535,32.049745],[35.225029,32.050067],[35.224075,32.05181],[35.22359,32.053121],[35.225512,32.05545],[35.224722,32.056638],[35.224362,32.057475],[35.224333,32.059525],[35.225856,32.061286],[35.227557,32.062074]],[[35.278131,32.026457],[35.277993,32.025912],[35.275391,32.025233],[35.276169,32.02275],[35.276252,32.020798],[35.27247,32.018255],[35.270947,32.016636],[35.269627,32.014362],[35.269127,32.012497],[35.267948,32.009684],[35.26577,32.008335],[35.26475,32.007464],[35.264212,32.006689],[35.262367,32.005651],[35.260607,32.004325],[35.259379,32.0039],[35.258366,32.002906],[35.256769,32.001815],[35.256224,32.001077],[35.25615,31.999704],[35.256384,31.998384],[35.256332,31.997624],[35.256041,31.996893],[35.25413,31.994487],[35.254432,31.993573],[35.255171,31.992986],[35.255695,31.99216],[35.254888,31.990629],[35.253848,31.990251],[35.253255,31.989659],[35.253136,31.988221],[35.253531,31.986921],[35.253584,31.985681],[35.252845,31.985286],[35.251483,31.985173],[35.250957,31.9847],[35.250822,31.984145],[35.251214,31.983609],[35.252058,31.983553],[35.252746,31.983835],[35.254534,31.982855],[35.255516,31.981596],[35.25555,31.977871],[35.256425,31.97624],[35.255972,31.972637],[35.25485,31.972022],[35.254176,31.971416],[35.25392,31.970907],[35.253898,31.9703],[35.254083,31.969743],[35.257176,31.968604],[35.257399,31.966566],[35.257178,31.964775],[35.257552,31.963871],[35.25808,31.963539],[35.259168,31.963436],[35.260621,31.964166],[35.262288,31.965327],[35.266406,31.969534],[35.266976,31.970989],[35.266957,31.971648],[35.266637,31.972192],[35.266674,31.972964],[35.267997,31.974281],[35.269976,31.975],[35.271156,31.976547],[35.273389,31.978493],[35.273412,31.979339],[35.274307,31.980666],[35.275794,31.981421],[35.277188,31.982833],[35.278,31.983097],[35.281111,31.983251],[35.283471,31.984632],[35.285457,31.985347],[35.288389,31.985505],[35.290026,31.986284],[35.290787,31.98648],[35.291067,31.986822],[35.297834,31.988334],[35.299526,31.986763],[35.299942,31.98589],[35.300222,31.984466],[35.300569,31.984203],[35.301045,31.984157],[35.302326,31.982462],[35.302985,31.981885],[35.303737,31.981519],[35.304366,31.981432],[35.305805,31.981628],[35.30958,31.982955],[35.311331,31.98244],[35.316057,31.981856],[35.317701,31.98124],[35.320115,31.981045],[35.321876,31.977286],[35.324226,31.97489],[35.325025,31.974844],[35.325949,31.976761],[35.327133,31.977944],[35.327091,31.979419],[35.326571,31.980622],[35.327213,31.982865],[35.327375,31.984376],[35.32627,31.985867],[35.326068,31.986523],[35.327372,31.988438],[35.32732,31.990778],[35.32827,31.992614],[35.328075,31.994302],[35.327737,31.994864],[35.328519,31.995563],[35.32893,31.996379],[35.3299,31.99717],[35.330845,31.999078],[35.330964,31.999973],[35.330222,32.001572],[35.332664,32.001654],[35.333754,32.002737],[35.33358,32.004393],[35.334241,32.009043],[35.334886,32.01058],[35.335505,32.011456],[35.335886,32.011725],[35.336006,32.012769],[35.335467,32.015035],[35.334947,32.015921],[35.335372,32.017965],[35.335876,32.019493],[35.337493,32.021885],[35.337556,32.022891],[35.337067,32.022897],[35.337003,32.023214],[35.336157,32.023956],[35.334916,32.026514],[35.332769,32.028468],[35.333076,32.028668],[35.333122,32.029298],[35.332741,32.030153],[35.332687,32.030821],[35.333394,32.031602],[35.329798,32.034713],[35.328376,32.034983],[35.32811,32.034826],[35.325183,32.036648],[35.320989,32.038099],[35.319812,32.038274],[35.318928,32.038104],[35.314665,32.039893],[35.313554,32.039821],[35.312717,32.040751],[35.309819,32.040427],[35.309577,32.040239],[35.307202,32.039934],[35.307019,32.0394],[35.306706,32.039109],[35.303499,32.038219],[35.301453,32.039151],[35.300788,32.039839],[35.298452,32.04003],[35.296225,32.040482],[35.294087,32.041855],[35.291487,32.04248],[35.291271,32.042667],[35.291039,32.043338],[35.290698,32.043606],[35.288455,32.043707],[35.287206,32.043465],[35.285271,32.042603],[35.283858,32.042192],[35.276416,32.038298],[35.275339,32.037535],[35.274034,32.035978],[35.273884,32.035386],[35.273995,32.034829],[35.274376,32.03442],[35.275998,32.033373],[35.276047,32.032357],[35.277555,32.03054],[35.27825,32.029201],[35.278378,32.028277],[35.278131,32.026457]],[[35.4414,32.024828],[35.441627,32.024287],[35.442305,32.023809],[35.445348,32.023772],[35.446193,32.023975],[35.446484,32.025563],[35.445153,32.027292],[35.444544,32.028385],[35.443575,32.029461],[35.44281,32.029541],[35.44207,32.029163],[35.4414,32.024828]],[[35.344006,32.024713],[35.342337,32.024533],[35.341167,32.023953],[35.340472,32.023094],[35.339846,32.021617],[35.339228,32.020702],[35.33707,32.018123],[35.337583,32.017716],[35.336761,32.017212],[35.336485,32.016367],[35.337544,32.014239],[35.337755,32.012839],[35.337048,32.010334],[35.33709,32.00993],[35.337348,32.009569],[35.337902,32.009886],[35.338544,32.010771],[35.340466,32.012001],[35.341062,32.014733],[35.341832,32.016008],[35.342118,32.016006],[35.343033,32.015487],[35.344064,32.014617],[35.344526,32.014458],[35.348839,32.014694],[35.348668,32.016464],[35.349512,32.017622],[35.349679,32.01812],[35.35018,32.018321],[35.35088,32.01902],[35.350365,32.019478],[35.349994,32.019521],[35.349838,32.020684],[35.349305,32.02167],[35.34785,32.022962],[35.345774,32.024374],[35.344006,32.024713]],[[35.282537,31.970766],[35.283686,31.969947],[35.282504,31.970275],[35.281724,31.969619],[35.281162,31.968813],[35.28098,31.968275],[35.28092,31.967165],[35.281272,31.964968],[35.282672,31.964369],[35.282964,31.964406],[35.284794,31.966173],[35.285093,31.966175],[35.288849,31.962872],[35.287799,31.962865],[35.284333,31.960081],[35.282529,31.957902],[35.280872,31.954754],[35.27669,31.948825],[35.272514,31.940927],[35.270845,31.938369],[35.267598,31.933933],[35.265496,31.932652],[35.264882,31.932937],[35.260117,31.928271],[35.258942,31.927793],[35.257024,31.926358],[35.25595,31.925253],[35.254482,31.924523],[35.253372,31.923608],[35.253157,31.923096],[35.253156,31.922176],[35.253535,31.920952],[35.253422,31.91989],[35.253207,31.919396],[35.252348,31.918595],[35.25166,31.917582],[35.251528,31.915804],[35.255214,31.911595],[35.257034,31.910033],[35.262811,31.907634],[35.265425,31.907037],[35.265887,31.906279],[35.268178,31.905084],[35.269116,31.903822],[35.269726,31.903638],[35.270674,31.903786],[35.271837,31.903327],[35.272384,31.902577],[35.272544,31.901911],[35.273212,31.900982],[35.274056,31.900389],[35.275431,31.900086],[35.276659,31.89802],[35.27858,31.895773],[35.27991,31.894732],[35.281074,31.895099],[35.283474,31.894947],[35.285612,31.895016],[35.288003,31.894508],[35.292204,31.895685],[35.293419,31.896505],[35.295788,31.895897],[35.299101,31.895682],[35.302317,31.894991],[35.307537,31.896343],[35.30731,31.900119],[35.308631,31.900881],[35.308788,31.901247],[35.30809,31.903151],[35.30854,31.906923],[35.308312,31.907925],[35.307493,31.909282],[35.307288,31.912095],[35.307505,31.913327],[35.30748,31.914264],[35.307075,31.915162],[35.306389,31.91613],[35.30629,31.917313],[35.309007,31.918044],[35.30996,31.918544],[35.31001,31.919947],[35.309505,31.921671],[35.309361,31.923279],[35.311111,31.924022],[35.311533,31.924584],[35.311657,31.925189],[35.311433,31.926132],[35.310011,31.928882],[35.309862,31.930067],[35.310138,31.930393],[35.312899,31.9314],[35.313223,31.93167],[35.314159,31.934245],[35.31423,31.935378],[35.313809,31.936397],[35.314184,31.938153],[35.314558,31.938529],[35.315454,31.938796],[35.316633,31.939557],[35.316842,31.94085],[35.317475,31.942126],[35.319528,31.94312],[35.31984,31.943444],[35.320048,31.944568],[35.319484,31.947153],[35.319484,31.947892],[35.319769,31.948556],[35.321657,31.951158],[35.321924,31.952855],[35.322237,31.951913],[35.322232,31.949965],[35.322522,31.949489],[35.322944,31.949396],[35.32323,31.9495],[35.32347,31.949833],[35.323819,31.951257],[35.324614,31.952642],[35.324621,31.953382],[35.324143,31.954488],[35.323213,31.956043],[35.322643,31.956702],[35.322208,31.958588],[35.319524,31.959886],[35.318898,31.960371],[35.318427,31.961296],[35.317142,31.964904],[35.316097,31.965622],[35.314712,31.965915],[35.313348,31.96685],[35.312714,31.967755],[35.312183,31.969809],[35.310477,31.972099],[35.309614,31.97265],[35.308269,31.972713],[35.307547,31.972592],[35.306749,31.972091],[35.305378,31.971628],[35.304808,31.971685],[35.303973,31.972066],[35.30303,31.972083],[35.301253,31.970739],[35.299188,31.970241],[35.297401,31.970317],[35.296002,31.971245],[35.293772,31.971374],[35.2938,31.972482],[35.28202,31.972988],[35.281818,31.972799],[35.28183,31.971997],[35.282537,31.970766]],[[35.471886,31.960087],[35.471542,31.959271],[35.470525,31.958299],[35.470242,31.956125],[35.469733,31.955284],[35.469338,31.953376],[35.469265,31.951888],[35.46945,31.950864],[35.469422,31.949037],[35.470176,31.946398],[35.470372,31.942042],[35.472073,31.942276],[35.475367,31.942191],[35.477863,31.941985],[35.480137,31.941529],[35.483387,31.941438],[35.493035,31.93892],[35.4939,31.938831],[35.497204,31.937994],[35.500284,31.938445],[35.494624,31.964609],[35.494259,31.965101],[35.48742,31.970377],[35.485796,31.971586],[35.476102,31.971813],[35.472219,31.968088],[35.471886,31.960087]],[[35.462086,31.938497],[35.46425,31.939312],[35.466053,31.939692],[35.467039,31.93984],[35.468033,31.939458],[35.468984,31.941234],[35.468841,31.941515],[35.469078,31.946089],[35.468964,31.946761],[35.468162,31.948447],[35.464671,31.947404],[35.46179,31.94585],[35.456243,31.945808],[35.453558,31.94623],[35.451719,31.946167],[35.448739,31.94545],[35.443822,31.943711],[35.441097,31.942966],[35.440916,31.941815],[35.441157,31.941426],[35.441153,31.939375],[35.442298,31.93754],[35.442649,31.936266],[35.44263,31.935573],[35.442475,31.935003],[35.441229,31.933487],[35.441284,31.93278],[35.440514,31.930966],[35.440203,31.928646],[35.437455,31.924543],[35.436482,31.922746],[35.436316,31.918774],[35.436825,31.916517],[35.43719,31.915789],[35.438145,31.90956],[35.438314,31.907271],[35.438241,31.90603],[35.437532,31.901009],[35.43634,31.898189],[35.434135,31.894115],[35.428926,31.895065],[35.425417,31.897818],[35.424974,31.897979],[35.421347,31.897137],[35.419548,31.895961],[35.416293,31.895898],[35.413896,31.89697],[35.412445,31.897225],[35.41217,31.897109],[35.412016,31.896591],[35.411865,31.896538],[35.410301,31.896794],[35.409915,31.896607],[35.409688,31.896169],[35.408317,31.895995],[35.408261,31.895518],[35.408,31.895437],[35.40717,31.894473],[35.406395,31.894426],[35.40592,31.894044],[35.405883,31.893786],[35.406468,31.893099],[35.406048,31.892995],[35.405534,31.893296],[35.405112,31.893021],[35.405361,31.892477],[35.405286,31.892226],[35.404984,31.891971],[35.404107,31.891951],[35.403885,31.891487],[35.403325,31.89125],[35.403309,31.890063],[35.401525,31.888896],[35.400274,31.888714],[35.399395,31.887917],[35.398949,31.887889],[35.398542,31.888936],[35.398159,31.889188],[35.397683,31.889231],[35.396884,31.888879],[35.395383,31.887796],[35.394352,31.887654],[35.393364,31.887245],[35.393035,31.88679],[35.393342,31.885303],[35.393048,31.885064],[35.393026,31.884224],[35.392819,31.883996],[35.39277,31.883201],[35.393776,31.881999],[35.393724,31.881069],[35.394727,31.879232],[35.396005,31.877886],[35.396421,31.876359],[35.396701,31.876097],[35.398791,31.876444],[35.40022,31.876141],[35.400945,31.875666],[35.402123,31.874535],[35.403905,31.873494],[35.40752,31.872567],[35.40983,31.870341],[35.411599,31.869068],[35.412356,31.868743],[35.412881,31.868668],[35.414808,31.868963],[35.416034,31.869633],[35.416822,31.869482],[35.417229,31.86881],[35.417695,31.868535],[35.420291,31.868631],[35.42111,31.869426],[35.422482,31.869697],[35.424028,31.869595],[35.424464,31.868997],[35.425427,31.86902],[35.426158,31.86984],[35.427677,31.870634],[35.428817,31.871827],[35.43068,31.872642],[35.430598,31.872747],[35.430872,31.872961],[35.431587,31.872382],[35.432164,31.872388],[35.433337,31.873224],[35.433937,31.873308],[35.434408,31.872985],[35.434576,31.872261],[35.435319,31.871959],[35.436237,31.870092],[35.436035,31.867476],[35.436103,31.866593],[35.435782,31.86526],[35.434632,31.863481],[35.43456,31.862792],[35.435758,31.859842],[35.43651,31.859337],[35.438041,31.858996],[35.438614,31.858517],[35.440496,31.85379],[35.439793,31.853265],[35.439222,31.851703],[35.438731,31.851353],[35.438112,31.851334],[35.434181,31.851978],[35.433463,31.851528],[35.431506,31.850923],[35.43118,31.850649],[35.430965,31.850186],[35.430727,31.849351],[35.430763,31.848369],[35.431027,31.847856],[35.43253,31.846598],[35.432998,31.845955],[35.433073,31.84557],[35.432594,31.842105],[35.432703,31.841355],[35.433499,31.839139],[35.434305,31.837476],[35.437184,31.83307],[35.438172,31.8324],[35.440032,31.831885],[35.441661,31.831593],[35.444019,31.831437],[35.44552,31.831079],[35.447234,31.830501],[35.447793,31.830019],[35.447943,31.829423],[35.447736,31.824782],[35.44769,31.81671],[35.449502,31.816318],[35.450862,31.816292],[35.453752,31.816807],[35.455803,31.817493],[35.459026,31.817682],[35.464619,31.817254],[35.467738,31.816599],[35.469882,31.817322],[35.470749,31.81722],[35.472889,31.817329],[35.474308,31.817003],[35.475713,31.817277],[35.476252,31.81702],[35.4776,31.817049],[35.485562,31.822997],[35.485648,31.823377],[35.48526,31.824364],[35.48543,31.824896],[35.487723,31.825428],[35.490647,31.826635],[35.491379,31.827455],[35.491726,31.827421],[35.494304,31.828853],[35.49656,31.830474],[35.497348,31.831383],[35.498463,31.833248],[35.499575,31.834558],[35.506042,31.844483],[35.505248,31.850445],[35.504764,31.852903],[35.504653,31.855059],[35.503711,31.862068],[35.497784,31.861748],[35.497062,31.866123],[35.487455,31.866074],[35.478338,31.865815],[35.469072,31.87721],[35.462161,31.88613],[35.462465,31.886826],[35.462411,31.887738],[35.462132,31.888406],[35.461486,31.889193],[35.457134,31.890773],[35.456149,31.889411],[35.455727,31.889241],[35.455114,31.889297],[35.454642,31.889628],[35.452536,31.892115],[35.45232,31.893241],[35.454132,31.91194],[35.454393,31.919459],[35.453947,31.920253],[35.454536,31.921573],[35.454371,31.922885],[35.455062,31.923618],[35.455614,31.923823],[35.455546,31.924322],[35.45572,31.924762],[35.457341,31.925641],[35.457285,31.930428],[35.457711,31.935039],[35.458532,31.936314],[35.459319,31.936944],[35.462086,31.938497]],[[35.269271,31.819952],[35.268351,31.819928],[35.265775,31.819124],[35.262908,31.819332],[35.261976,31.817902],[35.2605,31.816823],[35.260367,31.816026],[35.259749,31.815438],[35.259255,31.813851],[35.258173,31.81244],[35.258211,31.812163],[35.258862,31.81141],[35.259078,31.81087],[35.258565,31.804912],[35.258896,31.804463],[35.259177,31.804485],[35.259437,31.804791],[35.261021,31.808642],[35.262052,31.810203],[35.263948,31.811521],[35.267793,31.813501],[35.269845,31.815107],[35.271346,31.816671],[35.271469,31.817629],[35.270007,31.818034],[35.270049,31.819298],[35.269796,31.819661],[35.269271,31.819952]],[[35.265872,31.829623],[35.265999,31.829744],[35.268145,31.829849],[35.268448,31.830002],[35.268517,31.830542],[35.266664,31.831276],[35.263789,31.831768],[35.262384,31.832378],[35.262035,31.832882],[35.262667,31.833488],[35.266115,31.833504],[35.26715,31.834269],[35.26941,31.834456],[35.270155,31.834834],[35.270694,31.835483],[35.272704,31.835991],[35.27291,31.836187],[35.272859,31.836607],[35.272015,31.837999],[35.269553,31.838929],[35.266362,31.839057],[35.264375,31.83805],[35.261364,31.837142],[35.260182,31.836911],[35.258578,31.836896],[35.257071,31.834808],[35.255012,31.833487],[35.2546,31.832675],[35.254706,31.83231],[35.255517,31.831823],[35.256876,31.831907],[35.257325,31.831531],[35.260147,31.830524],[35.26436,31.828595],[35.265276,31.829059],[35.265872,31.829623]],[[35.240761,31.84761],[35.241403,31.848264],[35.241735,31.850686],[35.242295,31.851235],[35.242582,31.851319],[35.24363,31.851229],[35.244764,31.850762],[35.245934,31.848594],[35.246815,31.847887],[35.247732,31.8477],[35.249388,31.847661],[35.250541,31.848367],[35.25103,31.849553],[35.25116,31.850682],[35.250791,31.851928],[35.25002,31.853073],[35.249265,31.853454],[35.229334,31.860321],[35.228941,31.860104],[35.228413,31.859142],[35.227383,31.853551],[35.228727,31.851273],[35.229971,31.849736],[35.230634,31.848585],[35.2321,31.844108],[35.232958,31.843962],[35.233823,31.844066],[35.239387,31.846367],[35.240761,31.84761]],[[35.256692,31.855924],[35.26217,31.856169],[35.263549,31.856624],[35.264732,31.858267],[35.264823,31.859707],[35.264039,31.860363],[35.260396,31.860794],[35.258699,31.861595],[35.257911,31.861808],[35.256999,31.861785],[35.256129,31.861162],[35.255233,31.860882],[35.252785,31.861414],[35.251317,31.860938],[35.250822,31.8594],[35.250991,31.858535],[35.251502,31.857265],[35.253243,31.856338],[35.254948,31.855941],[35.256692,31.855924]],[[35.273315,31.86918],[35.278054,31.869461],[35.279177,31.869193],[35.2807,31.869198],[35.281549,31.869512],[35.283038,31.869547],[35.282758,31.871268],[35.282071,31.871775],[35.281315,31.87327],[35.281924,31.873964],[35.282116,31.874638],[35.28177,31.875674],[35.281109,31.876181],[35.28029,31.876151],[35.279208,31.87537],[35.278187,31.875209],[35.276622,31.876454],[35.27522,31.876597],[35.274089,31.876224],[35.274071,31.874578],[35.271938,31.873716],[35.270449,31.873248],[35.269107,31.87342],[35.267929,31.873822],[35.267296,31.873855],[35.267063,31.873685],[35.266434,31.872574],[35.266289,31.871596],[35.267163,31.871198],[35.26763,31.871392],[35.268943,31.871505],[35.269463,31.87123],[35.268922,31.869609],[35.269318,31.869073],[35.273315,31.86918]],[[35.176829,31.883536],[35.176658,31.884626],[35.176233,31.885765],[35.176206,31.886642],[35.180159,31.886869],[35.18172,31.887829],[35.182612,31.888831],[35.18434,31.888111],[35.187576,31.887538],[35.188533,31.887563],[35.189303,31.887958],[35.191845,31.890176],[35.192273,31.890348],[35.193405,31.890295],[35.196352,31.888472],[35.199059,31.888221],[35.202262,31.887344],[35.202924,31.886826],[35.203612,31.885945],[35.203819,31.885423],[35.205468,31.884556],[35.205537,31.883936],[35.206526,31.883678],[35.207218,31.883824],[35.209247,31.885047],[35.212002,31.88608],[35.214123,31.886019],[35.215308,31.885484],[35.217585,31.885935],[35.219302,31.886846],[35.221186,31.888719],[35.22207,31.889224],[35.223118,31.889062],[35.224222,31.888543],[35.225685,31.888946],[35.226646,31.889429],[35.226977,31.890423],[35.227033,31.891408],[35.226659,31.892129],[35.22517,31.892164],[35.223375,31.892781],[35.221852,31.893862],[35.221165,31.894788],[35.220764,31.896515],[35.220439,31.900712],[35.220032,31.902666],[35.220318,31.903791],[35.220477,31.905546],[35.220778,31.906516],[35.221299,31.907684],[35.222532,31.908747],[35.222957,31.908943],[35.223817,31.909019],[35.226785,31.908737],[35.227218,31.908828],[35.227426,31.909038],[35.227577,31.913331],[35.227413,31.914524],[35.226488,31.91626],[35.224452,31.917469],[35.224037,31.917882],[35.223804,31.91861],[35.223674,31.920385],[35.222268,31.921123],[35.219862,31.921742],[35.218031,31.921689],[35.21647,31.923601],[35.215492,31.925701],[35.215285,31.929989],[35.215063,31.930357],[35.213405,31.930819],[35.211689,31.930854],[35.210514,31.934379],[35.211251,31.93712],[35.211661,31.937796],[35.212278,31.93838],[35.212476,31.940108],[35.211915,31.941997],[35.210397,31.942427],[35.209744,31.944639],[35.210148,31.944899],[35.211817,31.945],[35.214045,31.946579],[35.214195,31.948101],[35.213928,31.950406],[35.214292,31.953583],[35.215862,31.953756],[35.216887,31.954073],[35.221216,31.956587],[35.223755,31.957413],[35.225736,31.956774],[35.226627,31.955091],[35.227012,31.954694],[35.227459,31.954532],[35.227849,31.954594],[35.228321,31.954979],[35.228583,31.956089],[35.228575,31.957455],[35.228891,31.957818],[35.229596,31.9576],[35.230789,31.956175],[35.231745,31.95615],[35.232105,31.95708],[35.231771,31.95783],[35.232057,31.958921],[35.231929,31.959466],[35.231588,31.959749],[35.231672,31.961091],[35.232792,31.961296],[35.234016,31.962324],[35.236857,31.962482],[35.238064,31.963781],[35.23874,31.964227],[35.240612,31.964548],[35.243107,31.964341],[35.244772,31.964775],[35.247113,31.966216],[35.247874,31.96724],[35.248155,31.968078],[35.249964,31.970699],[35.250413,31.971949],[35.250527,31.972765],[35.250008,31.973665],[35.248459,31.974024],[35.247063,31.975657],[35.244918,31.976803],[35.244634,31.978599],[35.243731,31.980361],[35.243606,31.984098],[35.242904,31.986605],[35.242733,31.988641],[35.241972,31.990277],[35.24178,31.991247],[35.240117,31.992527],[35.239118,31.992755],[35.238283,31.992753],[35.236106,31.993962],[35.234891,31.995117],[35.23372,31.995047],[35.233482,31.994886],[35.232976,31.993936],[35.232978,31.989644],[35.23317,31.989439],[35.234684,31.988843],[35.235895,31.988609],[35.236208,31.98795],[35.236904,31.987239],[35.23722,31.985701],[35.237018,31.985117],[35.236547,31.98453],[35.235711,31.984128],[35.234366,31.98379],[35.23378,31.983125],[35.233348,31.983107],[35.232582,31.983487],[35.22971,31.985499],[35.228,31.986205],[35.226892,31.986344],[35.224335,31.985747],[35.222492,31.984849],[35.21978,31.984478],[35.214268,31.984088],[35.211228,31.984073],[35.209456,31.984323],[35.206602,31.982473],[35.205256,31.981252],[35.205065,31.980069],[35.203748,31.980232],[35.200916,31.981391],[35.198911,31.98185],[35.197726,31.981668],[35.19565,31.981003],[35.193574,31.980931],[35.190897,31.981815],[35.187649,31.983446],[35.185351,31.98542],[35.182349,31.988957],[35.178634,31.992541],[35.174853,31.995374],[35.170531,31.997353],[35.169453,31.998006],[35.168656,31.999993],[35.168695,32.001432],[35.168191,32.002607],[35.16477,32.003272],[35.161544,32.004396],[35.154073,32.00319],[35.153627,32.003267],[35.152771,32.003816],[35.152274,32.003784],[35.152015,32.003367],[35.150568,32.003639],[35.149818,32.002653],[35.150307,32.001808],[35.150252,32.00155],[35.149,32.000763],[35.146357,32.003113],[35.145489,32.003608],[35.145043,32.004507],[35.144745,32.004508],[35.144261,32.004157],[35.144476,32.003189],[35.144336,32.002431],[35.142584,31.999982],[35.142488,31.998668],[35.142589,31.997918],[35.143348,31.996832],[35.143903,31.995392],[35.14401,31.992253],[35.144193,31.991332],[35.144544,31.990665],[35.147921,31.986086],[35.149005,31.98396],[35.151629,31.984402],[35.153753,31.982426],[35.153416,31.981507],[35.152619,31.980378],[35.154368,31.978929],[35.156205,31.976524],[35.157586,31.973751],[35.157731,31.971879],[35.15719,31.969489],[35.155024,31.966476],[35.153027,31.964321],[35.147484,31.960036],[35.14684,31.958809],[35.146599,31.957788],[35.14673,31.954935],[35.146205,31.953598],[35.146467,31.953121],[35.146435,31.952419],[35.145683,31.950707],[35.146049,31.950331],[35.146078,31.949876],[35.147939,31.949023],[35.151434,31.948763],[35.153194,31.946726],[35.153798,31.945763],[35.153618,31.944472],[35.151876,31.939791],[35.151601,31.936986],[35.151596,31.934783],[35.15186,31.932594],[35.152387,31.932106],[35.153663,31.931894],[35.155891,31.931752],[35.158235,31.93209],[35.15919,31.932052],[35.160604,31.931487],[35.164282,31.930688],[35.166061,31.931254],[35.167812,31.932699],[35.169254,31.933614],[35.173292,31.933475],[35.173764,31.93341],[35.174253,31.933113],[35.176762,31.931167],[35.178281,31.931092],[35.180423,31.930708],[35.180814,31.930479],[35.181033,31.930107],[35.180418,31.926296],[35.179384,31.92635],[35.179387,31.926864],[35.179177,31.927212],[35.175294,31.929306],[35.174841,31.929924],[35.17432,31.93005],[35.173821,31.929334],[35.173188,31.928881],[35.172352,31.928661],[35.17148,31.928761],[35.171164,31.925858],[35.169592,31.924489],[35.167655,31.924669],[35.167051,31.924004],[35.166623,31.923248],[35.166333,31.92207],[35.166648,31.92083],[35.166598,31.91956],[35.166796,31.918705],[35.166609,31.916449],[35.165804,31.915784],[35.164958,31.914113],[35.164764,31.913375],[35.165256,31.912162],[35.166084,31.912044],[35.166982,31.911674],[35.167242,31.911273],[35.166382,31.911183],[35.164768,31.910577],[35.163926,31.910016],[35.163726,31.90936],[35.164374,31.908127],[35.166918,31.90731],[35.167478,31.906674],[35.167549,31.903425],[35.166998,31.90287],[35.165654,31.902472],[35.165303,31.902044],[35.165243,31.900588],[35.165504,31.899843],[35.165995,31.89931],[35.165853,31.89846],[35.164319,31.898063],[35.16219,31.89825],[35.16084,31.898205],[35.159764,31.897799],[35.159306,31.897131],[35.15937,31.896267],[35.160278,31.895437],[35.160662,31.894592],[35.161406,31.894157],[35.162291,31.893889],[35.163153,31.890515],[35.163824,31.89003],[35.16519,31.890162],[35.165664,31.889971],[35.166242,31.888827],[35.166278,31.886598],[35.166142,31.885778],[35.166375,31.885413],[35.167857,31.884574],[35.168055,31.883582],[35.167595,31.882813],[35.167457,31.881638],[35.168318,31.880659],[35.17017,31.880721],[35.17093,31.88132],[35.171481,31.882417],[35.172312,31.882521],[35.172971,31.882345],[35.174008,31.880667],[35.174549,31.880128],[35.175578,31.880007],[35.176237,31.880398],[35.176569,31.880848],[35.176829,31.883536]],[[35.069262,31.882211],[35.070714,31.882956],[35.076217,31.883467],[35.078679,31.884278],[35.07972,31.884431],[35.080166,31.885814],[35.079967,31.886453],[35.07883,31.888076],[35.077847,31.88873],[35.072682,31.888711],[35.070153,31.889139],[35.069465,31.889057],[35.067509,31.88841],[35.066388,31.888435],[35.0636,31.889123],[35.062947,31.889057],[35.06243,31.888739],[35.06211,31.888196],[35.062002,31.887116],[35.062569,31.885322],[35.063926,31.884781],[35.065304,31.88447],[35.066512,31.8835],[35.067317,31.882392],[35.068238,31.881794],[35.069262,31.882211]],[[35.046699,31.884799],[35.047811,31.885352],[35.050245,31.885208],[35.051575,31.886102],[35.051741,31.886624],[35.05166,31.887171],[35.050842,31.887932],[35.050584,31.888399],[35.050527,31.888896],[35.050582,31.889536],[35.050848,31.890123],[35.051564,31.890757],[35.051699,31.891305],[35.051581,31.891402],[35.050851,31.891625],[35.046751,31.891479],[35.04596,31.891725],[35.045699,31.892284],[35.043746,31.890098],[35.043372,31.889562],[35.043213,31.888887],[35.042786,31.888561],[35.042168,31.88723],[35.043116,31.886233],[35.043583,31.885495],[35.044615,31.885537],[35.044555,31.885025],[35.045003,31.884637],[35.045703,31.88447],[35.046699,31.884799]],[[35.110622,31.888824],[35.110102,31.888299],[35.110049,31.887223],[35.110468,31.886267],[35.111456,31.885259],[35.112816,31.884752],[35.114597,31.884801],[35.115792,31.883702],[35.118269,31.882324],[35.119253,31.882297],[35.119485,31.882475],[35.119665,31.883011],[35.119436,31.884903],[35.118188,31.887371],[35.117517,31.888359],[35.116416,31.888716],[35.113794,31.888305],[35.11161,31.889005],[35.110622,31.888824]],[[35.094555,31.897901],[35.092533,31.898718],[35.08842,31.898302],[35.085978,31.899622],[35.083615,31.901588],[35.081804,31.902442],[35.080372,31.902508],[35.078497,31.90157],[35.062385,31.91049],[35.05913,31.912438],[35.057082,31.912619],[35.057231,31.911866],[35.058718,31.910592],[35.058757,31.910128],[35.053612,31.911116],[35.05269,31.910794],[35.052788,31.909634],[35.054274,31.908363],[35.054813,31.906363],[35.055801,31.905106],[35.059372,31.90289],[35.060546,31.902324],[35.060667,31.9011],[35.06327,31.898677],[35.063516,31.897977],[35.0634,31.897586],[35.062782,31.897032],[35.062362,31.897039],[35.061676,31.896207],[35.063308,31.895086],[35.064568,31.894592],[35.065553,31.894428],[35.068144,31.894456],[35.068755,31.894152],[35.06726,31.893607],[35.068518,31.893503],[35.07006,31.894169],[35.072369,31.894506],[35.07337,31.894392],[35.077251,31.893274],[35.079003,31.893118],[35.08494,31.893428],[35.087118,31.89397],[35.088339,31.894029],[35.089999,31.893737],[35.091376,31.892878],[35.093851,31.893027],[35.095401,31.892685],[35.0963,31.893113],[35.096384,31.893554],[35.09556,31.89505],[35.095335,31.896443],[35.095378,31.89735],[35.094555,31.897901]],[[35.079945,31.90815],[35.08148,31.908152],[35.083746,31.907894],[35.084458,31.908035],[35.085885,31.908645],[35.08644,31.908387],[35.087107,31.908541],[35.087911,31.90841],[35.089365,31.90798],[35.092674,31.908207],[35.0938,31.907856],[35.09541,31.907005],[35.096971,31.90686],[35.097581,31.907137],[35.098387,31.907252],[35.099287,31.908066],[35.100482,31.908497],[35.100883,31.908916],[35.101313,31.909803],[35.101568,31.909965],[35.103919,31.910319],[35.105116,31.910152],[35.105193,31.912978],[35.107626,31.912483],[35.109436,31.912485],[35.11365,31.913053],[35.118429,31.915119],[35.119538,31.91434],[35.120892,31.9141],[35.122713,31.914599],[35.123672,31.915331],[35.124319,31.915584],[35.125149,31.915554],[35.126555,31.915042],[35.12836,31.915452],[35.129996,31.914919],[35.130676,31.914865],[35.131474,31.915108],[35.131704,31.915739],[35.131396,31.917078],[35.131085,31.917716],[35.129405,31.918366],[35.128189,31.919544],[35.127314,31.920784],[35.126929,31.92101],[35.126448,31.920977],[35.12511,31.920376],[35.124155,31.920375],[35.123602,31.920652],[35.122404,31.921976],[35.120508,31.922404],[35.119093,31.922947],[35.118106,31.922572],[35.116725,31.92138],[35.116289,31.921185],[35.111328,31.921334],[35.110207,31.92172],[35.109253,31.922672],[35.108744,31.924808],[35.107386,31.927004],[35.105114,31.928857],[35.103454,31.931012],[35.103232,31.931634],[35.102265,31.93227],[35.101503,31.933047],[35.100749,31.934433],[35.09953,31.935094],[35.096656,31.933682],[35.092751,31.933562],[35.092318,31.933737],[35.091076,31.93479],[35.089553,31.935058],[35.086694,31.935148],[35.083578,31.936672],[35.081978,31.936931],[35.07931,31.937023],[35.077036,31.93865],[35.075099,31.938851],[35.074185,31.938463],[35.072416,31.936586],[35.071895,31.935517],[35.071894,31.934255],[35.071713,31.933855],[35.071066,31.933534],[35.070426,31.933466],[35.069845,31.933558],[35.068729,31.934051],[35.066465,31.93412],[35.06536,31.933588],[35.063781,31.932135],[35.063004,31.931933],[35.063688,31.928927],[35.063704,31.926847],[35.063519,31.92575],[35.062955,31.924363],[35.061887,31.922947],[35.059866,31.921392],[35.06034,31.920813],[35.062931,31.920505],[35.065886,31.919784],[35.068232,31.919528],[35.068994,31.919161],[35.069737,31.918301],[35.070475,31.918208],[35.071643,31.917701],[35.073265,31.917459],[35.07416,31.917055],[35.074723,31.916517],[35.075188,31.915553],[35.075035,31.915182],[35.074458,31.914766],[35.073713,31.912942],[35.073782,31.91243],[35.074385,31.911943],[35.076212,31.911115],[35.077314,31.909469],[35.07813,31.908649],[35.079945,31.90815]],[[35.009463,31.933681],[35.009523,31.936456],[35.009303,31.936941],[35.006819,31.938061],[35.005997,31.938806],[35.005205,31.938819],[35.004407,31.938562],[35.004319,31.937638],[35.008745,31.932941],[35.009292,31.933106],[35.009463,31.933681]],[[35.114701,31.935184],[35.11496,31.935073],[35.115934,31.935611],[35.116998,31.935537],[35.117801,31.935761],[35.118984,31.936439],[35.119721,31.937255],[35.121375,31.93704],[35.123684,31.937461],[35.125636,31.938537],[35.127284,31.93893],[35.127807,31.939481],[35.127823,31.94002],[35.127215,31.940957],[35.125034,31.940847],[35.125311,31.94165],[35.124845,31.94214],[35.122745,31.94352],[35.121815,31.943929],[35.116007,31.943758],[35.113792,31.944029],[35.111347,31.94382],[35.110873,31.944924],[35.109467,31.946292],[35.108499,31.946908],[35.107757,31.948025],[35.107689,31.949744],[35.108224,31.950555],[35.108084,31.951234],[35.107321,31.951508],[35.106623,31.951559],[35.10501,31.950947],[35.103476,31.949671],[35.103518,31.948881],[35.103827,31.948078],[35.103479,31.946423],[35.102872,31.946423],[35.101816,31.945242],[35.101733,31.944865],[35.104543,31.941762],[35.106662,31.941462],[35.108615,31.940337],[35.109025,31.93994],[35.109461,31.939047],[35.109864,31.938602],[35.112756,31.936736],[35.113895,31.935689],[35.114701,31.935184]],[[35.071819,31.940979],[35.0733,31.943013],[35.073952,31.943623],[35.076702,31.943856],[35.077598,31.944114],[35.078022,31.944409],[35.078506,31.945493],[35.078723,31.945679],[35.080601,31.945759],[35.081016,31.94592],[35.081224,31.946279],[35.081177,31.946863],[35.08024,31.94747],[35.078577,31.947888],[35.07661,31.949864],[35.076273,31.949956],[35.075144,31.949828],[35.073865,31.950771],[35.072836,31.950865],[35.072411,31.950515],[35.071256,31.950131],[35.069707,31.949874],[35.068738,31.948321],[35.067914,31.947421],[35.067572,31.946434],[35.067376,31.944787],[35.067709,31.941706],[35.068456,31.94049],[35.069765,31.939886],[35.070923,31.940344],[35.071819,31.940979]],[[35.015046,31.942578],[35.016301,31.943098],[35.017174,31.944158],[35.018943,31.944357],[35.019476,31.944785],[35.01992,31.94542],[35.020687,31.945733],[35.021155,31.945701],[35.021703,31.945386],[35.022519,31.944087],[35.028809,31.943375],[35.030812,31.942985],[35.031381,31.943247],[35.031607,31.94389],[35.031337,31.944357],[35.028581,31.945196],[35.026011,31.946501],[35.025988,31.947279],[35.02625,31.947736],[35.026115,31.948372],[35.024137,31.949491],[35.024228,31.951004],[35.023905,31.951633],[35.021362,31.952557],[35.020398,31.953168],[35.019436,31.953281],[35.019137,31.953197],[35.017723,31.951995],[35.015907,31.950821],[35.015759,31.950441],[35.01588,31.949803],[35.016756,31.949092],[35.016795,31.948839],[35.015977,31.948114],[35.0151,31.948049],[35.014541,31.947631],[35.014613,31.947086],[35.015137,31.946766],[35.015656,31.946102],[35.016113,31.945025],[35.016044,31.94486],[35.014501,31.945014],[35.013831,31.944458],[35.013735,31.943854],[35.013449,31.943547],[35.012171,31.943524],[35.012013,31.943323],[35.011954,31.942989],[35.012166,31.94252],[35.013139,31.941719],[35.013893,31.941361],[35.014576,31.941423],[35.014761,31.942236],[35.015046,31.942578]],[[35.044704,31.946674],[35.045555,31.946746],[35.047709,31.948275],[35.048387,31.948563],[35.049601,31.948712],[35.051685,31.94864],[35.054275,31.949034],[35.056271,31.94993],[35.05525,31.950787],[35.051717,31.95109],[35.051258,31.951259],[35.050499,31.951948],[35.050082,31.953384],[35.049469,31.953882],[35.046394,31.954413],[35.04485,31.954398],[35.044143,31.953457],[35.043914,31.951662],[35.040849,31.950122],[35.040711,31.949189],[35.041475,31.948291],[35.042536,31.947464],[35.04374,31.946879],[35.044704,31.946674]],[[35.034826,31.943215],[35.035713,31.942658],[35.036726,31.942608],[35.037514,31.942761],[35.038944,31.943749],[35.03905,31.944764],[35.036358,31.945778],[35.034803,31.946053],[35.034394,31.94548],[35.03437,31.944293],[35.034826,31.943215]],[[35.147868,31.92895],[35.145375,31.928862],[35.144686,31.928602],[35.144675,31.92813],[35.144716,31.928003],[35.146788,31.927364],[35.147056,31.927024],[35.147191,31.926313],[35.147492,31.925987],[35.148055,31.925895],[35.149109,31.926174],[35.149794,31.925399],[35.150189,31.925195],[35.151883,31.925521],[35.153603,31.925238],[35.154218,31.925437],[35.1545,31.925758],[35.154565,31.926355],[35.154372,31.926726],[35.152689,31.927392],[35.152564,31.927637],[35.15257,31.928585],[35.152309,31.928922],[35.149795,31.929654],[35.147868,31.92895]],[[35.137774,31.910201],[35.139306,31.909253],[35.140807,31.907906],[35.141571,31.906916],[35.142346,31.905445],[35.143355,31.904627],[35.145279,31.902601],[35.146853,31.901671],[35.147641,31.901442],[35.148354,31.901641],[35.148515,31.902549],[35.147666,31.904665],[35.146989,31.905532],[35.146762,31.906294],[35.146766,31.907523],[35.147176,31.90844],[35.147224,31.908967],[35.146976,31.909452],[35.146305,31.910101],[35.14559,31.910327],[35.144587,31.910247],[35.144047,31.909864],[35.142723,31.909927],[35.141678,31.910409],[35.140019,31.911772],[35.13786,31.912096],[35.137315,31.911834],[35.137096,31.911322],[35.137256,31.910763],[35.137774,31.910201]],[[35.097155,31.963153],[35.097361,31.963751],[35.098866,31.96333],[35.10002,31.963331],[35.100901,31.963876],[35.101618,31.963967],[35.103225,31.964652],[35.105449,31.965972],[35.108935,31.966734],[35.111857,31.968002],[35.113316,31.967429],[35.114808,31.967245],[35.117277,31.967389],[35.118427,31.968676],[35.119213,31.97011],[35.118967,31.971359],[35.119106,31.971586],[35.119547,31.971809],[35.122254,31.971951],[35.122922,31.972281],[35.123939,31.972124],[35.124377,31.97253],[35.125016,31.974196],[35.124237,31.974395],[35.124069,31.97509],[35.123584,31.975386],[35.123118,31.975367],[35.122456,31.974378],[35.121472,31.974187],[35.12043,31.974447],[35.116001,31.981465],[35.111761,31.983118],[35.111359,31.984539],[35.111211,31.985749],[35.110705,31.986597],[35.108653,31.987956],[35.102285,31.991256],[35.101131,31.99247],[35.100688,31.993793],[35.09857,31.997706],[35.0969,31.999424],[35.094038,32.000453],[35.092176,32.000882],[35.092495,32.002579],[35.093417,32.003504],[35.093572,32.003883],[35.09217,32.00567],[35.091837,32.006331],[35.090982,32.006896],[35.090292,32.006963],[35.089025,32.006782],[35.085026,32.007033],[35.081745,32.008117],[35.079707,32.008139],[35.079131,32.007961],[35.077811,32.007175],[35.07638,32.005719],[35.075093,32.004691],[35.074505,32.004439],[35.07391,32.004412],[35.072297,32.004843],[35.071032,32.004844],[35.06964,32.00435],[35.068034,32.003337],[35.064048,32.003192],[35.061871,32.002509],[35.056578,32.002342],[35.054021,32.0021],[35.05193,32.001684],[35.051158,32.001131],[35.050225,31.999359],[35.050137,31.997723],[35.050386,31.996603],[35.051386,31.995198],[35.052887,31.994653],[35.0531,31.994291],[35.054924,31.993022],[35.05542,31.992497],[35.057228,31.989553],[35.059092,31.984024],[35.060262,31.984018],[35.060555,31.981511],[35.061066,31.979153],[35.060731,31.977278],[35.061294,31.975601],[35.065541,31.973726],[35.068018,31.972817],[35.070938,31.970763],[35.073725,31.971538],[35.075247,31.9707],[35.07606,31.969987],[35.077291,31.970625],[35.079919,31.970405],[35.08395,31.96973],[35.085629,31.969594],[35.087941,31.967816],[35.089248,31.963913],[35.090458,31.963022],[35.092141,31.961352],[35.09303,31.961338],[35.095701,31.961842],[35.096712,31.962468],[35.097155,31.963153]],[[34.994535,31.969966],[34.993229,31.969893],[34.991754,31.969062],[34.98957,31.969317],[34.989372,31.969111],[34.989375,31.968306],[34.99102,31.965496],[34.992958,31.965338],[34.997124,31.964443],[34.998766,31.965732],[34.99899,31.966252],[34.998994,31.967325],[34.997523,31.968595],[34.994535,31.969966]],[[35.052087,31.970736],[35.053025,31.971325],[35.053367,31.971955],[35.053287,31.973249],[35.052798,31.975746],[35.05177,31.97709],[35.049734,31.977237],[35.049429,31.976395],[35.048837,31.975634],[35.046123,31.97421],[35.046271,31.972959],[35.046639,31.972312],[35.04701,31.972048],[35.049673,31.971917],[35.050575,31.970843],[35.051509,31.970675],[35.052087,31.970736]],[[35.010102,31.971886],[35.010493,31.972112],[35.011412,31.973102],[35.01264,31.973461],[35.013417,31.974035],[35.014146,31.97543],[35.015048,31.976082],[35.016278,31.976043],[35.017393,31.975272],[35.017843,31.975124],[35.019172,31.975308],[35.018776,31.975933],[35.017961,31.976496],[35.017874,31.976903],[35.018193,31.97754],[35.019379,31.977993],[35.019315,31.978669],[35.015986,31.980936],[35.014844,31.981051],[35.013636,31.980959],[35.012663,31.981124],[35.011683,31.981724],[35.00923,31.981393],[35.007623,31.980034],[35.00672,31.979625],[35.005684,31.979934],[35.004551,31.979918],[35.003385,31.979668],[35.003243,31.979048],[35.003327,31.978652],[35.003697,31.978223],[35.004517,31.977755],[35.004764,31.977266],[35.004631,31.976844],[35.004225,31.976374],[35.00357,31.976096],[35.002549,31.975961],[35.002055,31.975421],[35.002073,31.974735],[35.002806,31.9739],[35.003173,31.97314],[35.003667,31.97267],[35.004532,31.972556],[35.006621,31.973472],[35.006958,31.973358],[35.007686,31.97347],[35.009283,31.973379],[35.009411,31.973304],[35.009522,31.972458],[35.010102,31.971886]],[[35.038996,31.984221],[35.039853,31.984962],[35.041539,31.984471],[35.043134,31.98426],[35.044169,31.985365],[35.044608,31.987225],[35.045329,31.987829],[35.046095,31.987697],[35.047402,31.986789],[35.048349,31.986771],[35.048525,31.986996],[35.048619,31.987772],[35.048336,31.989105],[35.046643,31.989856],[35.046061,31.990324],[35.04625,31.993773],[35.045776,31.99395],[35.04484,31.993995],[35.043206,31.993384],[35.040671,31.993478],[35.0391,31.992498],[35.038078,31.991489],[35.036727,31.989407],[35.036034,31.988717],[35.031235,31.98771],[35.029889,31.986961],[35.02954,31.986096],[35.029714,31.985635],[35.030613,31.984865],[35.032023,31.984824],[35.032959,31.985067],[35.034089,31.984853],[35.034331,31.984475],[35.034463,31.983041],[35.035347,31.982443],[35.036443,31.982406],[35.03689,31.982532],[35.038115,31.983276],[35.038996,31.984221]],[[35.168361,32.007186],[35.16976,32.007384],[35.170207,32.007854],[35.17024,32.008627],[35.169465,32.009222],[35.168162,32.009828],[35.166808,32.010703],[35.166311,32.011457],[35.165697,32.012037],[35.163241,32.012168],[35.162458,32.011849],[35.162113,32.011543],[35.161832,32.010866],[35.161811,32.010131],[35.162284,32.010043],[35.162856,32.009559],[35.163847,32.009278],[35.165297,32.008548],[35.166932,32.00753],[35.168361,32.007186]],[[35.115043,32.001783],[35.115934,32.002016],[35.116597,32.002659],[35.116677,32.00349],[35.116048,32.004294],[35.115009,32.004628],[35.113765,32.00475],[35.112255,32.004433],[35.111563,32.003892],[35.11147,32.003503],[35.11159,32.002755],[35.11227,32.002185],[35.113704,32.002079],[35.115043,32.001783]],[[35.240623,31.956193],[35.240889,31.955174],[35.239867,31.954475],[35.240028,31.953051],[35.241091,31.951954],[35.242188,31.951414],[35.242599,31.950999],[35.242929,31.950252],[35.24308,31.949104],[35.24298,31.948575],[35.243366,31.947921],[35.243152,31.946771],[35.243273,31.946144],[35.244753,31.943603],[35.24631,31.94265],[35.247034,31.941381],[35.247004,31.941149],[35.245689,31.940863],[35.245714,31.942037],[35.245034,31.941894],[35.245324,31.940277],[35.244752,31.939046],[35.244846,31.938073],[35.245159,31.938005],[35.246143,31.938627],[35.247544,31.938848],[35.2489,31.939445],[35.249476,31.939249],[35.250401,31.940429],[35.251504,31.94224],[35.25302,31.946643],[35.253584,31.953225],[35.253628,31.955019],[35.253459,31.955369],[35.25279,31.956275],[35.251783,31.957121],[35.249788,31.957248],[35.248435,31.958075],[35.247949,31.958207],[35.2454,31.958057],[35.2442,31.958525],[35.243579,31.958971],[35.242561,31.95857],[35.241742,31.957982],[35.240789,31.956779],[35.240623,31.956193]],[[35.239372,31.931108],[35.237225,31.931081],[35.236555,31.930897],[35.23537,31.9297],[35.233344,31.928582],[35.232378,31.928265],[35.231394,31.927632],[35.230678,31.926778],[35.230462,31.926274],[35.23049,31.925873],[35.23074,31.925396],[35.234109,31.925345],[35.234613,31.924783],[35.234931,31.923676],[35.235858,31.923706],[35.236617,31.924299],[35.237478,31.924297],[35.237341,31.923634],[35.237492,31.922674],[35.23853,31.922646],[35.238736,31.924432],[35.238931,31.924958],[35.2401,31.924803],[35.241326,31.925201],[35.241712,31.924752],[35.242219,31.92282],[35.242803,31.92192],[35.243326,31.921609],[35.244144,31.921783],[35.244634,31.922303],[35.244833,31.923537],[35.246084,31.923925],[35.245601,31.925529],[35.244728,31.927558],[35.245018,31.929369],[35.245111,31.934118],[35.244394,31.934507],[35.243939,31.933944],[35.243231,31.934141],[35.24266,31.933144],[35.24187,31.933271],[35.24154,31.93354],[35.241373,31.934659],[35.241156,31.934844],[35.240851,31.934844],[35.240492,31.934423],[35.240366,31.93347],[35.240627,31.933439],[35.240866,31.93316],[35.240225,31.932486],[35.239888,31.931238],[35.239372,31.931108]],[[35.251152,31.893986],[35.251644,31.893901],[35.252233,31.894049],[35.254236,31.892554],[35.255911,31.8922],[35.256742,31.893141],[35.256828,31.894201],[35.25651,31.895392],[35.256627,31.897608],[35.258304,31.899315],[35.258613,31.899853],[35.258732,31.900524],[35.258553,31.901175],[35.257305,31.902421],[35.257288,31.90267],[35.256657,31.903465],[35.255987,31.903591],[35.2552,31.902983],[35.254887,31.902166],[35.254761,31.901185],[35.254044,31.900337],[35.252098,31.899645],[35.251828,31.898551],[35.251871,31.897709],[35.250662,31.894998],[35.251053,31.894542],[35.251152,31.893986]],[[35.447791,31.946201],[35.452912,31.947101],[35.460923,31.94666],[35.462206,31.947133],[35.464099,31.948142],[35.467703,31.949243],[35.468092,31.949518],[35.468048,31.952499],[35.468419,31.954904],[35.467695,31.95559],[35.467727,31.956116],[35.468929,31.958485],[35.468872,31.959021],[35.468554,31.959355],[35.467953,31.959562],[35.464,31.959693],[35.463415,31.959298],[35.463174,31.956763],[35.462785,31.955849],[35.462396,31.955272],[35.461105,31.954198],[35.459204,31.953147],[35.455479,31.951493],[35.454635,31.951241],[35.447455,31.950081],[35.443073,31.947296],[35.441276,31.945401],[35.440798,31.943887],[35.441292,31.943703],[35.443425,31.944686],[35.447791,31.946201]],[[35.077387,32.013834],[35.07808,32.014295],[35.077046,32.015939],[35.073471,32.017954],[35.073005,32.018886],[35.072873,32.02015],[35.071585,32.021348],[35.070873,32.022268],[35.07057,32.023327],[35.070438,32.02478],[35.070131,32.025037],[35.069704,32.024896],[35.069276,32.024504],[35.068728,32.024462],[35.068104,32.024631],[35.066322,32.025629],[35.06533,32.025606],[35.064096,32.025046],[35.063451,32.024477],[35.062916,32.023612],[35.063071,32.022677],[35.063502,32.021962],[35.06468,32.020753],[35.065247,32.019583],[35.065218,32.018421],[35.064609,32.016491],[35.064724,32.015779],[35.065116,32.015203],[35.067738,32.013604],[35.069188,32.01325],[35.072544,32.013433],[35.073996,32.012923],[35.074725,32.012881],[35.07594,32.013095],[35.077387,32.013834]],[[35.018479,32.023879],[35.020321,32.0251],[35.021431,32.025079],[35.022527,32.024261],[35.023484,32.024366],[35.025511,32.026679],[35.027715,32.028559],[35.027857,32.029644],[35.027366,32.030787],[35.025906,32.030801],[35.024754,32.030545],[35.024369,32.030585],[35.024025,32.030843],[35.02368,32.03137],[35.023652,32.031771],[35.024211,32.032924],[35.024288,32.033776],[35.024117,32.034301],[35.023659,32.034697],[35.022011,32.034957],[35.021258,32.034286],[35.020693,32.034028],[35.020079,32.034101],[35.019164,32.034518],[35.016669,32.03381],[35.013346,32.034097],[35.012565,32.033013],[35.012407,32.031027],[35.012656,32.030591],[35.013281,32.030496],[35.013732,32.030246],[35.013852,32.029874],[35.012191,32.027376],[35.012134,32.026348],[35.012302,32.025828],[35.015311,32.023326],[35.016002,32.02312],[35.017603,32.023366],[35.018479,32.023879]],[[35.037237,32.03281],[35.038341,32.03287],[35.039789,32.032614],[35.041094,32.033271],[35.042114,32.033327],[35.04275,32.03389],[35.042751,32.035028],[35.043566,32.035555],[35.043684,32.035784],[35.042849,32.036365],[35.040968,32.037139],[35.036753,32.038377],[35.035804,32.036372],[35.036635,32.034905],[35.036908,32.033089],[35.037237,32.03281]],[[35.12013,32.013921],[35.12067,32.013965],[35.121257,32.014421],[35.122544,32.014723],[35.124746,32.014764],[35.125981,32.015379],[35.128143,32.014856],[35.128405,32.01745],[35.129061,32.019029],[35.129009,32.019284],[35.12855,32.019496],[35.127106,32.019712],[35.125893,32.020853],[35.12511,32.020797],[35.124685,32.020347],[35.124069,32.01921],[35.122841,32.018878],[35.12223,32.018539],[35.121273,32.017664],[35.121033,32.017182],[35.119875,32.016706],[35.11916,32.016062],[35.118932,32.015343],[35.1192,32.014326],[35.119485,32.014026],[35.12013,32.013921]],[[35.023845,32.070018],[35.020058,32.06965],[35.01924,32.069923],[35.017828,32.069216],[35.016526,32.068075],[35.016741,32.066722],[35.018261,32.065961],[35.020591,32.065549],[35.024708,32.063004],[35.02627,32.063276],[35.027374,32.062533],[35.029842,32.062544],[35.030696,32.066715],[35.027453,32.067983],[35.02547,32.069348],[35.023845,32.070018]],[[35.04071,32.075317],[35.04225,32.076359],[35.042318,32.077243],[35.042012,32.077549],[35.042495,32.077701],[35.043901,32.077093],[35.045374,32.076137],[35.04642,32.076162],[35.047485,32.077109],[35.048223,32.077986],[35.048331,32.078317],[35.051528,32.080943],[35.050955,32.08186],[35.048543,32.081659],[35.04687,32.083179],[35.045553,32.083187],[35.04511,32.084129],[35.044649,32.083975],[35.04381,32.082548],[35.042221,32.082194],[35.040979,32.082589],[35.040097,32.083302],[35.038838,32.083472],[35.038115,32.084005],[35.036938,32.084011],[35.036259,32.08291],[35.036187,32.081739],[35.036911,32.080916],[35.038535,32.079995],[35.038919,32.079552],[35.038981,32.078919],[35.038725,32.077542],[35.03902,32.075265],[35.04071,32.075317]],[[35.045587,32.093849],[35.046677,32.093867],[35.04611,32.095099],[35.045985,32.096],[35.047554,32.09771],[35.047475,32.098716],[35.047877,32.100309],[35.048725,32.101031],[35.048434,32.10213],[35.046626,32.101903],[35.03883,32.099656],[35.036948,32.099715],[35.034406,32.100261],[35.033949,32.100221],[35.032284,32.098834],[35.032134,32.097518],[35.031576,32.096215],[35.031336,32.094851],[35.031636,32.093528],[35.034223,32.092675],[35.035854,32.091713],[35.038188,32.092801],[35.04282,32.093131],[35.045587,32.093849]],[[35.094884,32.09904],[35.095388,32.098844],[35.096149,32.09949],[35.096874,32.100376],[35.097589,32.101604],[35.098128,32.104326],[35.098002,32.105714],[35.097734,32.106043],[35.095445,32.107284],[35.093204,32.109575],[35.093186,32.110136],[35.091957,32.111216],[35.090911,32.111467],[35.089662,32.111197],[35.087565,32.109931],[35.086734,32.109142],[35.086892,32.10856],[35.08788,32.107296],[35.088075,32.106422],[35.087954,32.106027],[35.087713,32.105857],[35.085989,32.105356],[35.086192,32.104683],[35.087163,32.103897],[35.087469,32.104049],[35.088309,32.103921],[35.089883,32.10339],[35.089933,32.102305],[35.090125,32.101902],[35.090282,32.100547],[35.090465,32.100339],[35.094884,32.09904]],[[35.056443,32.108901],[35.05739,32.109944],[35.057652,32.110694],[35.055371,32.111],[35.053301,32.112167],[35.052695,32.113031],[35.051222,32.113237],[35.050803,32.113096],[35.050434,32.112257],[35.048933,32.11005],[35.048446,32.10967],[35.046922,32.109367],[35.044058,32.109195],[35.043328,32.108964],[35.044299,32.107391],[35.04504,32.10684],[35.047573,32.106207],[35.049561,32.106138],[35.051099,32.106237],[35.051957,32.106475],[35.053886,32.107552],[35.055705,32.108334],[35.056443,32.108901]],[[35.068292,32.112744],[35.068492,32.112478],[35.069171,32.112542],[35.070268,32.112215],[35.075135,32.109583],[35.077437,32.110047],[35.07896,32.109634],[35.080245,32.1098],[35.080668,32.110608],[35.081731,32.11072],[35.082065,32.11151],[35.083609,32.112081],[35.084364,32.113096],[35.084842,32.113181],[35.084887,32.113554],[35.085553,32.113885],[35.087072,32.115409],[35.091345,32.117703],[35.091176,32.118711],[35.090145,32.11936],[35.089905,32.121405],[35.08963,32.121835],[35.089195,32.122036],[35.088552,32.122095],[35.086541,32.121236],[35.086275,32.1205],[35.085218,32.119964],[35.084824,32.119198],[35.084275,32.118747],[35.083249,32.11894],[35.081999,32.119563],[35.079879,32.121481],[35.078508,32.122079],[35.077277,32.121904],[35.075658,32.121174],[35.074776,32.12189],[35.07341,32.122378],[35.071954,32.122515],[35.07089,32.121926],[35.070266,32.121022],[35.06952,32.120634],[35.069491,32.11932],[35.068688,32.118425],[35.067854,32.118013],[35.068927,32.11663],[35.069121,32.11674],[35.069293,32.116499],[35.069229,32.115677],[35.069403,32.115537],[35.069229,32.114449],[35.068292,32.112744]],[[35.018807,32.122311],[35.020326,32.122573],[35.021822,32.123597],[35.022339,32.12442],[35.021814,32.125241],[35.021612,32.125419],[35.020289,32.125775],[35.018803,32.125512],[35.01761,32.125786],[35.016815,32.126292],[35.014383,32.12649],[35.013383,32.127032],[35.012658,32.125562],[35.011026,32.123804],[35.011538,32.123223],[35.016068,32.122185],[35.016886,32.122117],[35.018807,32.122311]],[[35.0463,32.126733],[35.053945,32.126829],[35.054984,32.127929],[35.054433,32.128948],[35.053987,32.129323],[35.051646,32.129892],[35.050696,32.130477],[35.050542,32.130368],[35.048739,32.131542],[35.044594,32.133537],[35.042778,32.133686],[35.041833,32.133383],[35.041532,32.132978],[35.040086,32.133001],[35.038936,32.131727],[35.038884,32.13052],[35.03971,32.129511],[35.043475,32.127289],[35.0463,32.126733]],[[35.024145,32.131683],[35.025124,32.133364],[35.025494,32.134492],[35.025313,32.135793],[35.024324,32.136195],[35.022174,32.136532],[35.019337,32.136324],[35.019074,32.136169],[35.018441,32.133598],[35.017644,32.132497],[35.017627,32.131221],[35.020593,32.130552],[35.021858,32.128462],[35.023253,32.12876],[35.023441,32.128978],[35.024145,32.131683]],[[35.098611,32.133746],[35.096472,32.130972],[35.096416,32.128505],[35.095623,32.127204],[35.097237,32.124949],[35.097809,32.123686],[35.097805,32.121777],[35.098429,32.119958],[35.100563,32.119927],[35.101914,32.120461],[35.103061,32.121822],[35.103715,32.123218],[35.103698,32.124424],[35.102339,32.128359],[35.10324,32.129505],[35.103705,32.130751],[35.103297,32.13202],[35.101886,32.132438],[35.100719,32.134375],[35.099071,32.134402],[35.098611,32.133746]],[[35.138839,32.116728],[35.137582,32.116409],[35.136294,32.116646],[35.134584,32.11424],[35.134367,32.113405],[35.135797,32.11256],[35.137729,32.112133],[35.140341,32.113327],[35.141671,32.113253],[35.143552,32.112848],[35.144634,32.112266],[35.145665,32.112018],[35.146123,32.112598],[35.146247,32.114759],[35.146595,32.115905],[35.146394,32.116789],[35.145891,32.117469],[35.141784,32.117634],[35.140212,32.11732],[35.138839,32.116728]],[[35.194938,32.111496],[35.195415,32.111552],[35.197246,32.112484],[35.199211,32.114053],[35.200677,32.11649],[35.201084,32.118421],[35.201009,32.119246],[35.199895,32.119406],[35.197265,32.119365],[35.19246,32.117112],[35.192705,32.115983],[35.192009,32.115274],[35.190699,32.114916],[35.188425,32.114758],[35.186901,32.11372],[35.18657,32.113122],[35.186501,32.112143],[35.190473,32.112211],[35.194938,32.111496]],[[35.236846,32.112894],[35.236422,32.112068],[35.234387,32.111894],[35.233107,32.1119],[35.232428,32.11233],[35.232124,32.112771],[35.230183,32.111142],[35.229524,32.11095],[35.228168,32.110915],[35.227345,32.111114],[35.224241,32.11224],[35.223482,32.111852],[35.222219,32.110245],[35.221494,32.109638],[35.221177,32.109593],[35.221066,32.108581],[35.221547,32.107795],[35.221295,32.106168],[35.221534,32.104755],[35.221421,32.104164],[35.219937,32.10359],[35.218964,32.103013],[35.218035,32.102058],[35.218005,32.100803],[35.218686,32.099652],[35.219926,32.099323],[35.220759,32.09956],[35.222433,32.100367],[35.223995,32.101404],[35.225951,32.100875],[35.226137,32.101207],[35.228316,32.10094],[35.230979,32.101565],[35.231471,32.101539],[35.231854,32.101064],[35.232645,32.102021],[35.234142,32.102028],[35.236718,32.103862],[35.23819,32.104684],[35.239796,32.106127],[35.241725,32.108505],[35.242862,32.109087],[35.242725,32.109927],[35.241917,32.109891],[35.242561,32.110422],[35.242821,32.111372],[35.243463,32.11265],[35.245688,32.114043],[35.245598,32.1152],[35.244576,32.116089],[35.243041,32.11615],[35.241496,32.11534],[35.239906,32.113969],[35.237471,32.113593],[35.236846,32.112894]],[[35.263663,32.11018],[35.263161,32.109633],[35.264538,32.108354],[35.265014,32.107392],[35.265081,32.106566],[35.264867,32.104817],[35.26592,32.104777],[35.269512,32.106159],[35.272481,32.107744],[35.273561,32.107747],[35.27501,32.107109],[35.276603,32.10708],[35.276558,32.108396],[35.277322,32.109147],[35.277191,32.110067],[35.276591,32.110804],[35.274255,32.11189],[35.273858,32.111898],[35.271258,32.113824],[35.269754,32.114195],[35.268748,32.113729],[35.265845,32.111124],[35.263663,32.11018]],[[35.255578,32.081412],[35.255948,32.081395],[35.256939,32.081849],[35.258503,32.083537],[35.260746,32.084564],[35.261175,32.08544],[35.262595,32.087343],[35.263313,32.087633],[35.263368,32.088795],[35.263134,32.089849],[35.260642,32.089974],[35.260426,32.091482],[35.259973,32.092322],[35.259406,32.09215],[35.259419,32.091211],[35.258201,32.090787],[35.255398,32.088849],[35.253725,32.088165],[35.253365,32.08679],[35.252536,32.085992],[35.252528,32.085329],[35.253415,32.08418],[35.253327,32.082555],[35.255578,32.081412]],[[35.020345,32.138942],[35.022337,32.14036],[35.021755,32.142662],[35.021444,32.1429],[35.021121,32.143718],[35.019218,32.145522],[35.016768,32.14635],[35.013804,32.146854],[35.011466,32.146666],[35.00975,32.145439],[35.009554,32.144206],[35.010142,32.143231],[35.013421,32.142443],[35.014541,32.142412],[35.015943,32.141895],[35.016039,32.140659],[35.016748,32.139214],[35.018044,32.138728],[35.020345,32.138942]],[[35.002704,32.141649],[35.002064,32.142809],[35.001476,32.143421],[35.001567,32.144538],[35.001417,32.145698],[35.000945,32.147189],[35.000159,32.14787],[35.000098,32.149258],[34.999101,32.149856],[34.998042,32.149794],[34.996792,32.149477],[34.995638,32.148596],[34.996279,32.146787],[34.997516,32.144884],[34.99734,32.143528],[34.997543,32.141168],[34.997489,32.13985],[34.998338,32.1394],[34.999934,32.139704],[35.001474,32.140409],[35.002704,32.141649]],[[35.042343,32.148771],[35.043041,32.148508],[35.046978,32.149669],[35.049314,32.149819],[35.05083,32.150441],[35.05403,32.152167],[35.054873,32.153027],[35.05504,32.153827],[35.050755,32.160315],[35.04993,32.16035],[35.044122,32.158266],[35.042931,32.157601],[35.042111,32.156382],[35.0396,32.15112],[35.040278,32.149841],[35.040821,32.149232],[35.042343,32.148771]],[[34.99317,32.159837],[34.992211,32.161101],[34.98815,32.161083],[34.986901,32.160577],[34.98649,32.15945],[34.986475,32.157873],[34.987767,32.156801],[34.989868,32.15614],[34.990984,32.155936],[34.992783,32.155924],[34.993309,32.159433],[34.99317,32.159837]],[[34.982086,32.161122],[34.984562,32.161445],[34.986785,32.162751],[34.987506,32.163466],[34.988003,32.164277],[34.987429,32.165238],[34.984816,32.1653],[34.982417,32.166078],[34.979538,32.166494],[34.978056,32.168804],[34.976974,32.170014],[34.975434,32.170153],[34.974455,32.169924],[34.974199,32.168335],[34.973598,32.167104],[34.972301,32.166836],[34.972031,32.16519],[34.972702,32.164859],[34.97643,32.161834],[34.976739,32.16186],[34.977921,32.160878],[34.982086,32.161122]],[[35.055539,32.168757],[35.056422,32.167718],[35.057971,32.169648],[35.060162,32.169539],[35.061285,32.169722],[35.062004,32.17013],[35.062218,32.171059],[35.063635,32.173364],[35.064503,32.173697],[35.065608,32.175846],[35.065765,32.176992],[35.065184,32.178045],[35.06392,32.179647],[35.062886,32.180542],[35.061672,32.181132],[35.059526,32.181748],[35.0556,32.18216],[35.054621,32.181665],[35.053799,32.181578],[35.053334,32.181362],[35.052101,32.180554],[35.051325,32.179544],[35.049945,32.178525],[35.049603,32.177863],[35.049002,32.177891],[35.048622,32.175312],[35.0487,32.174013],[35.049431,32.173965],[35.049739,32.174307],[35.051393,32.174189],[35.051725,32.172667],[35.052522,32.171795],[35.053278,32.171911],[35.054552,32.171715],[35.055159,32.170974],[35.055539,32.168757]],[[35.034291,32.171593],[35.036688,32.173195],[35.036276,32.174913],[35.035244,32.175404],[35.033621,32.175277],[35.032706,32.174588],[35.031082,32.174385],[35.030618,32.172956],[35.030509,32.171276],[35.032024,32.170595],[35.034291,32.171593]],[[34.968857,32.179624],[34.970538,32.179861],[34.975123,32.179791],[34.98075,32.180745],[34.982634,32.180462],[34.983951,32.181468],[34.984149,32.181972],[34.983488,32.183854],[34.982718,32.184732],[34.982479,32.185318],[34.982461,32.185913],[34.98287,32.187978],[34.982696,32.188797],[34.982436,32.189113],[34.981286,32.189353],[34.981814,32.190512],[34.982016,32.191975],[34.980647,32.195523],[34.978627,32.195679],[34.976993,32.196327],[34.974553,32.196458],[34.973273,32.197199],[34.96909,32.197291],[34.966665,32.1979],[34.965366,32.197762],[34.963599,32.196865],[34.963337,32.195475],[34.962498,32.19488],[34.962332,32.192885],[34.960173,32.190286],[34.96011,32.187302],[34.960739,32.180917],[34.961252,32.180875],[34.961065,32.178387],[34.961493,32.178336],[34.964487,32.179069],[34.966168,32.179333],[34.967543,32.179335],[34.968857,32.179624]],[[35.03286,32.197673],[35.035781,32.19757],[35.038388,32.197968],[35.038385,32.197105],[35.038741,32.195954],[35.038682,32.195688],[35.038322,32.195078],[35.037334,32.194386],[35.037492,32.193827],[35.036439,32.193411],[35.03555,32.192725],[35.035482,32.191654],[35.03579,32.19119],[35.036598,32.19075],[35.039097,32.19004],[35.039858,32.189508],[35.039743,32.188282],[35.04035,32.187562],[35.041476,32.187567],[35.042692,32.187967],[35.04501,32.18912],[35.044382,32.190562],[35.043889,32.191247],[35.043326,32.191599],[35.042677,32.191719],[35.041785,32.192446],[35.042126,32.192793],[35.042307,32.193827],[35.04263,32.19433],[35.044465,32.194633],[35.046431,32.194151],[35.047019,32.192943],[35.045603,32.191692],[35.045527,32.191303],[35.04607,32.190418],[35.047522,32.189093],[35.048674,32.189322],[35.050837,32.19069],[35.053304,32.190678],[35.055507,32.19209],[35.056735,32.19207],[35.058512,32.19115],[35.059287,32.190985],[35.060546,32.18988],[35.061416,32.189801],[35.066648,32.190235],[35.071535,32.189382],[35.07399,32.188383],[35.077233,32.187684],[35.079396,32.186855],[35.079845,32.186508],[35.080688,32.185252],[35.081525,32.18468],[35.082799,32.184383],[35.08396,32.184471],[35.084713,32.18467],[35.086311,32.185777],[35.086194,32.186744],[35.084633,32.189439],[35.083807,32.190009],[35.083055,32.1902],[35.081716,32.190088],[35.079516,32.190751],[35.077821,32.193644],[35.077333,32.193955],[35.075368,32.19458],[35.074475,32.195359],[35.07954,32.197411],[35.084704,32.199743],[35.08832,32.20104],[35.089878,32.202155],[35.090823,32.202426],[35.094888,32.202463],[35.098073,32.201758],[35.09998,32.20198],[35.103156,32.20205],[35.105639,32.202538],[35.108218,32.202812],[35.115749,32.201791],[35.119192,32.202021],[35.120306,32.202913],[35.120487,32.203838],[35.119576,32.205568],[35.119986,32.20945],[35.124644,32.211247],[35.126669,32.211129],[35.12709,32.211307],[35.129999,32.211613],[35.132776,32.21255],[35.133604,32.213144],[35.134223,32.214095],[35.134967,32.214488],[35.135961,32.214488],[35.136958,32.213512],[35.137766,32.213469],[35.138406,32.213913],[35.139025,32.216133],[35.140219,32.218241],[35.141474,32.217511],[35.143456,32.218085],[35.143582,32.217526],[35.144732,32.217439],[35.145299,32.217885],[35.145633,32.217694],[35.146269,32.217717],[35.147185,32.219075],[35.147743,32.219216],[35.148011,32.21955],[35.149041,32.219398],[35.149012,32.21901],[35.149882,32.217983],[35.151873,32.218151],[35.152061,32.21938],[35.152786,32.220186],[35.153274,32.221048],[35.15326,32.221898],[35.153011,32.222274],[35.148421,32.225315],[35.146737,32.227243],[35.14626,32.227218],[35.14445,32.229746],[35.145739,32.230392],[35.145851,32.230772],[35.145756,32.231025],[35.143996,32.232427],[35.144425,32.233918],[35.144422,32.234465],[35.143064,32.236462],[35.142873,32.237053],[35.142902,32.237675],[35.144562,32.238398],[35.146507,32.238983],[35.147419,32.239097],[35.149037,32.238796],[35.15323,32.238383],[35.155382,32.237564],[35.156459,32.2375],[35.157788,32.238074],[35.158775,32.239029],[35.160924,32.239807],[35.161313,32.240714],[35.161839,32.241375],[35.1616,32.242384],[35.161345,32.242724],[35.160925,32.242933],[35.160449,32.242891],[35.159015,32.241385],[35.158467,32.241119],[35.157998,32.241107],[35.157564,32.241284],[35.157178,32.241749],[35.157038,32.243446],[35.157213,32.244513],[35.157614,32.245157],[35.159361,32.245068],[35.16026,32.245274],[35.160569,32.247045],[35.161715,32.249977],[35.161639,32.251266],[35.160887,32.252296],[35.16329,32.256369],[35.163556,32.25859],[35.16284,32.259189],[35.162899,32.260019],[35.161781,32.262376],[35.15994,32.263454],[35.15786,32.263959],[35.156766,32.26515],[35.155379,32.266277],[35.150951,32.2685],[35.147778,32.270727],[35.14559,32.272889],[35.14487,32.2768],[35.144079,32.277416],[35.143055,32.278653],[35.139684,32.278427],[35.136577,32.278819],[35.134448,32.278833],[35.13328,32.276877],[35.132749,32.276392],[35.130913,32.277469],[35.129785,32.277565],[35.128512,32.277345],[35.127569,32.27623],[35.126854,32.274191],[35.126225,32.273549],[35.124233,32.273124],[35.122295,32.272112],[35.12026,32.271821],[35.118873,32.270628],[35.118058,32.270266],[35.116768,32.270232],[35.114609,32.270742],[35.111958,32.27036],[35.110719,32.268917],[35.109504,32.268134],[35.108493,32.266294],[35.107894,32.265731],[35.106024,32.265226],[35.104347,32.264358],[35.10217,32.264905],[35.101054,32.265022],[35.095129,32.264493],[35.09407,32.264132],[35.093581,32.263609],[35.09377,32.263095],[35.092811,32.262281],[35.090635,32.263106],[35.088435,32.262936],[35.086622,32.261826],[35.084963,32.26136],[35.083308,32.261611],[35.081477,32.262752],[35.079276,32.263418],[35.077546,32.26427],[35.075163,32.264754],[35.073859,32.264744],[35.072262,32.265643],[35.070762,32.265434],[35.069245,32.265448],[35.068359,32.265644],[35.068004,32.267262],[35.066509,32.270607],[35.06618,32.270892],[35.065374,32.270685],[35.064739,32.270164],[35.064444,32.268949],[35.063757,32.267497],[35.063127,32.267013],[35.061704,32.267173],[35.059791,32.26908],[35.058793,32.270592],[35.057626,32.271584],[35.05587,32.272122],[35.054778,32.272039],[35.053359,32.271313],[35.052785,32.270776],[35.052762,32.270237],[35.05335,32.26976],[35.054086,32.268171],[35.053982,32.267908],[35.05286,32.266919],[35.053139,32.266662],[35.0534,32.266721],[35.056586,32.265132],[35.05894,32.263203],[35.059673,32.26111],[35.058934,32.256013],[35.057883,32.252277],[35.058702,32.24849],[35.058696,32.247872],[35.057275,32.244711],[35.057158,32.243147],[35.064171,32.239562],[35.064235,32.238084],[35.064429,32.237444],[35.063647,32.235591],[35.061539,32.234045],[35.05745,32.234031],[35.053167,32.234435],[35.051134,32.234173],[35.047937,32.233457],[35.045623,32.2315],[35.040032,32.227594],[35.039703,32.227503],[35.038801,32.225854],[35.039204,32.224892],[35.04068,32.223716],[35.039948,32.222664],[35.038291,32.222165],[35.037966,32.221859],[35.037931,32.221336],[35.036905,32.219246],[35.036505,32.217851],[35.035637,32.216822],[35.034852,32.214759],[35.034502,32.212698],[35.033932,32.210567],[35.033024,32.208229],[35.032905,32.207182],[35.031467,32.206855],[35.030303,32.205858],[35.027379,32.205257],[35.02808,32.204585],[35.0285,32.203808],[35.028102,32.203796],[35.026751,32.202223],[35.026747,32.20135],[35.027329,32.201138],[35.027391,32.200037],[35.030742,32.199697],[35.032272,32.198398],[35.03286,32.197673]],[[35.028442,32.23149],[35.027591,32.231481],[35.026362,32.230752],[35.025033,32.230844],[35.024178,32.230729],[35.023357,32.229356],[35.021986,32.228358],[35.020786,32.226499],[35.021463,32.224367],[35.02228,32.223259],[35.023354,32.222854],[35.024968,32.223932],[35.025537,32.224982],[35.025725,32.226738],[35.026259,32.227999],[35.028982,32.229858],[35.029164,32.231015],[35.028442,32.23149]],[[35.087404,32.27725],[35.086911,32.277795],[35.08644,32.277537],[35.08464,32.277171],[35.082172,32.278551],[35.080153,32.27924],[35.077005,32.279185],[35.075818,32.278309],[35.076863,32.277856],[35.079736,32.277081],[35.080889,32.277003],[35.081042,32.27621],[35.080897,32.275438],[35.081557,32.274765],[35.081497,32.273979],[35.084404,32.272179],[35.086147,32.272222],[35.086814,32.27295],[35.087863,32.273398],[35.087967,32.274255],[35.086934,32.276078],[35.087404,32.27725]],[[35.152548,32.278885],[35.154147,32.278544],[35.156689,32.278472],[35.161341,32.276397],[35.161873,32.27644],[35.163612,32.275841],[35.166146,32.277388],[35.168274,32.278433],[35.171517,32.279856],[35.175039,32.280897],[35.176395,32.282025],[35.178577,32.284521],[35.180049,32.289309],[35.181171,32.291255],[35.180837,32.292476],[35.178742,32.295407],[35.178104,32.299135],[35.177198,32.300589],[35.175042,32.301784],[35.173452,32.303901],[35.173868,32.306061],[35.175045,32.308135],[35.17428,32.309336],[35.172476,32.313511],[35.170768,32.316475],[35.170043,32.318077],[35.170036,32.320999],[35.170658,32.323454],[35.172599,32.327873],[35.174763,32.333515],[35.175384,32.334606],[35.176148,32.33555],[35.178197,32.337226],[35.181579,32.338524],[35.184526,32.340262],[35.18565,32.340494],[35.18817,32.342524],[35.189435,32.342694],[35.190225,32.344056],[35.192971,32.345664],[35.193956,32.346656],[35.195005,32.347298],[35.195076,32.348623],[35.196389,32.349324],[35.197862,32.351254],[35.200302,32.35342],[35.201206,32.354615],[35.200732,32.355482],[35.201234,32.357122],[35.201026,32.35736],[35.202375,32.358321],[35.202577,32.360059],[35.203425,32.36161],[35.205517,32.363384],[35.207436,32.365678],[35.208575,32.369109],[35.209046,32.372482],[35.208778,32.37496],[35.208841,32.376245],[35.209007,32.376953],[35.209817,32.378771],[35.208799,32.379671],[35.208222,32.380433],[35.207853,32.38127],[35.207693,32.382294],[35.207346,32.382935],[35.20762,32.383654],[35.208077,32.384191],[35.211286,32.387248],[35.210964,32.390941],[35.211151,32.395412],[35.211487,32.396502],[35.212248,32.397714],[35.213082,32.397739],[35.215572,32.398776],[35.215653,32.402111],[35.214445,32.402858],[35.212636,32.404617],[35.213397,32.40638],[35.214708,32.407506],[35.214323,32.409075],[35.214245,32.41045],[35.21274,32.410673],[35.212376,32.410492],[35.209972,32.410228],[35.205416,32.411685],[35.203498,32.413507],[35.201287,32.413877],[35.200193,32.415907],[35.198367,32.417137],[35.195824,32.418122],[35.192623,32.418725],[35.189993,32.42022],[35.188439,32.420072],[35.186622,32.418458],[35.18596,32.416945],[35.18576,32.414209],[35.185556,32.413816],[35.184551,32.412802],[35.182764,32.411825],[35.181016,32.411623],[35.177435,32.411685],[35.175241,32.409683],[35.173842,32.409434],[35.172657,32.409524],[35.171398,32.409955],[35.168864,32.410264],[35.166349,32.411072],[35.162166,32.412907],[35.157645,32.413531],[35.154367,32.414774],[35.151227,32.414665],[35.143417,32.41328],[35.14311,32.412221],[35.142244,32.410825],[35.14026,32.410979],[35.138743,32.411397],[35.13646,32.412697],[35.135451,32.413083],[35.133586,32.413122],[35.132066,32.412204],[35.130039,32.409854],[35.127636,32.407638],[35.126816,32.407201],[35.124116,32.407113],[35.12062,32.41004],[35.119955,32.409541],[35.1187,32.41139],[35.118534,32.411911],[35.117387,32.412635],[35.115859,32.412848],[35.114692,32.412353],[35.113656,32.411613],[35.112465,32.412043],[35.111631,32.412088],[35.110875,32.411809],[35.108684,32.413063],[35.106978,32.414599],[35.105525,32.41477],[35.104459,32.41411],[35.103204,32.414244],[35.102949,32.414108],[35.102941,32.413819],[35.103605,32.41275],[35.103575,32.412505],[35.103023,32.412155],[35.1022,32.412138],[35.102232,32.412507],[35.100043,32.412144],[35.098457,32.41161],[35.099448,32.410648],[35.099798,32.409497],[35.09966,32.407869],[35.09922,32.40699],[35.098793,32.406565],[35.097502,32.405992],[35.096477,32.405904],[35.09482,32.406217],[35.092532,32.406067],[35.090615,32.406615],[35.088425,32.404618],[35.089196,32.403013],[35.089467,32.402055],[35.08917,32.400855],[35.088591,32.400198],[35.086975,32.399648],[35.084901,32.399818],[35.084837,32.398644],[35.084494,32.397915],[35.083583,32.397169],[35.082421,32.396762],[35.08117,32.396768],[35.079954,32.397097],[35.078961,32.396827],[35.076939,32.396973],[35.075861,32.398477],[35.074143,32.396852],[35.073217,32.39621],[35.072536,32.394991],[35.071723,32.394327],[35.071141,32.393276],[35.072412,32.39268],[35.073697,32.392323],[35.077496,32.390343],[35.082233,32.386586],[35.083613,32.38572],[35.085041,32.385202],[35.086051,32.384532],[35.087934,32.382052],[35.088248,32.38129],[35.088371,32.380396],[35.089201,32.378595],[35.090605,32.377608],[35.091604,32.375265],[35.092099,32.37452],[35.093116,32.37349],[35.09396,32.371789],[35.095294,32.370777],[35.096522,32.370229],[35.096918,32.369407],[35.09698,32.366736],[35.097836,32.364917],[35.102597,32.360292],[35.101909,32.354898],[35.102058,32.354722],[35.101979,32.354076],[35.100951,32.347893],[35.099369,32.341928],[35.097586,32.337],[35.095909,32.336972],[35.092622,32.335788],[35.088031,32.333329],[35.088298,32.332352],[35.088805,32.331369],[35.088311,32.329928],[35.087255,32.329267],[35.086236,32.329031],[35.084254,32.328259],[35.082052,32.326936],[35.080576,32.325043],[35.080065,32.321279],[35.080005,32.317456],[35.079279,32.315454],[35.077359,32.313116],[35.076425,32.312232],[35.075806,32.310879],[35.074544,32.309215],[35.071105,32.307389],[35.070567,32.306943],[35.070253,32.306386],[35.069955,32.305111],[35.070637,32.304619],[35.070924,32.30412],[35.071319,32.303968],[35.071438,32.303556],[35.074329,32.30211],[35.076868,32.300053],[35.077661,32.298664],[35.077346,32.297933],[35.075851,32.29579],[35.075362,32.295446],[35.073999,32.295007],[35.073658,32.294712],[35.073559,32.294183],[35.074331,32.293573],[35.074243,32.293187],[35.073945,32.293065],[35.074679,32.292522],[35.076326,32.2918],[35.076926,32.291],[35.07691,32.290445],[35.077455,32.289986],[35.077893,32.289857],[35.078614,32.290059],[35.079393,32.29114],[35.080543,32.291731],[35.082534,32.291852],[35.083751,32.292496],[35.085726,32.292228],[35.086429,32.292365],[35.086643,32.292563],[35.087036,32.293606],[35.08736,32.292853],[35.087812,32.292712],[35.089533,32.292756],[35.090314,32.292098],[35.09229,32.291457],[35.093528,32.290239],[35.094185,32.288977],[35.094934,32.288585],[35.096363,32.288234],[35.097447,32.287754],[35.099675,32.285545],[35.100929,32.284987],[35.101652,32.284899],[35.102915,32.285176],[35.104293,32.285756],[35.105542,32.286906],[35.107323,32.286612],[35.108275,32.286751],[35.109265,32.287133],[35.110309,32.288021],[35.111115,32.28843],[35.115658,32.288403],[35.117242,32.288678],[35.11785,32.289163],[35.11818,32.29352],[35.118654,32.294336],[35.119468,32.294894],[35.124653,32.297491],[35.125342,32.29719],[35.125812,32.297194],[35.127094,32.297896],[35.127936,32.298761],[35.128554,32.298882],[35.132492,32.29744],[35.133765,32.295335],[35.136894,32.292568],[35.138298,32.290842],[35.13936,32.288686],[35.143414,32.286486],[35.145122,32.285773],[35.146777,32.283204],[35.147135,32.282879],[35.147115,32.282421],[35.147639,32.281617],[35.148603,32.28078],[35.150744,32.279469],[35.152548,32.278885]],[[35.023465,32.283893],[35.024277,32.284079],[35.025857,32.283958],[35.026318,32.285079],[35.02672,32.286679],[35.027235,32.287294],[35.02875,32.288032],[35.030922,32.287993],[35.03286,32.288374],[35.033077,32.288558],[35.033473,32.289627],[35.032645,32.290136],[35.031411,32.290269],[35.030745,32.290892],[35.028755,32.29115],[35.027219,32.291107],[35.025618,32.290208],[35.024912,32.289085],[35.023659,32.289118],[35.0224,32.28968],[35.021038,32.288807],[35.019307,32.288341],[35.020372,32.284467],[35.021419,32.284157],[35.022289,32.284116],[35.022754,32.283654],[35.023465,32.283893]],[[35.024459,32.291115],[35.026172,32.292832],[35.026671,32.293811],[35.026908,32.295195],[35.028574,32.296884],[35.033151,32.295533],[35.035221,32.294693],[35.036911,32.297009],[35.036937,32.297655],[35.03654,32.298493],[35.036475,32.299018],[35.036964,32.300215],[35.036975,32.301166],[35.037573,32.302223],[35.037415,32.302581],[35.038685,32.303206],[35.041149,32.305995],[35.043229,32.306208],[35.044177,32.306494],[35.047994,32.309446],[35.048275,32.30981],[35.049042,32.311814],[35.050903,32.313539],[35.05154,32.313584],[35.051596,32.313781],[35.052539,32.314387],[35.053909,32.314808],[35.056936,32.314845],[35.058353,32.315986],[35.060058,32.316548],[35.062654,32.316981],[35.063057,32.317235],[35.063379,32.317721],[35.063471,32.318278],[35.063153,32.319109],[35.063299,32.320165],[35.063111,32.321416],[35.062812,32.322135],[35.062972,32.322648],[35.062764,32.323043],[35.059503,32.32313],[35.058568,32.323892],[35.059003,32.324655],[35.060026,32.325573],[35.06171,32.326247],[35.062163,32.326609],[35.062299,32.327112],[35.061913,32.327876],[35.061885,32.328393],[35.060171,32.328546],[35.05955,32.329004],[35.059062,32.329143],[35.059191,32.329885],[35.058709,32.330366],[35.057324,32.33052],[35.05542,32.331297],[35.055012,32.331728],[35.054424,32.332926],[35.054047,32.333176],[35.053431,32.333048],[35.052962,32.332629],[35.052862,32.332251],[35.052963,32.331553],[35.052615,32.330424],[35.052189,32.330413],[35.051521,32.33068],[35.048862,32.330314],[35.04591,32.330571],[35.045384,32.330849],[35.045617,32.332129],[35.04637,32.332765],[35.046074,32.335133],[35.045519,32.336892],[35.044947,32.338084],[35.0442,32.339256],[35.043326,32.339717],[35.04194,32.339882],[35.041224,32.340417],[35.039373,32.340592],[35.036823,32.341134],[35.031987,32.340479],[35.029183,32.340295],[35.028514,32.338537],[35.028241,32.336491],[35.02736,32.334337],[35.027442,32.333936],[35.028239,32.333221],[35.02832,32.332195],[35.027647,32.331599],[35.027204,32.330081],[35.024498,32.328639],[35.022447,32.328873],[35.021483,32.328247],[35.020474,32.326542],[35.018876,32.322668],[35.018524,32.321221],[35.018203,32.314476],[35.016132,32.309533],[35.015969,32.308778],[35.015959,32.307065],[35.016424,32.306155],[35.017249,32.305418],[35.017336,32.303376],[35.016687,32.301846],[35.015578,32.300525],[35.014677,32.2988],[35.014612,32.295281],[35.01545,32.294931],[35.016163,32.294279],[35.01633,32.293747],[35.016214,32.292883],[35.01818,32.291563],[35.020157,32.290833],[35.022354,32.290684],[35.024459,32.291115]],[[35.057108,32.340156],[35.059059,32.339982],[35.059478,32.340848],[35.05887,32.341838],[35.05635,32.34337],[35.054646,32.344948],[35.052864,32.346251],[35.052914,32.347516],[35.053385,32.348845],[35.053126,32.349569],[35.052486,32.35006],[35.051632,32.349486],[35.050369,32.349435],[35.049905,32.348373],[35.048821,32.347194],[35.048314,32.346127],[35.046865,32.346186],[35.046222,32.347533],[35.046366,32.349445],[35.045717,32.350489],[35.044424,32.349993],[35.044199,32.347507],[35.043658,32.346093],[35.044451,32.345039],[35.045104,32.344678],[35.045202,32.344374],[35.046646,32.344083],[35.047069,32.342942],[35.047776,32.342262],[35.049116,32.341761],[35.049513,32.342885],[35.049396,32.343913],[35.048306,32.345],[35.048673,32.345422],[35.049607,32.345282],[35.051555,32.344337],[35.054998,32.341267],[35.055271,32.341262],[35.057108,32.340156]],[[35.066442,32.350317],[35.065672,32.349624],[35.065635,32.348837],[35.066093,32.348584],[35.06457,32.344113],[35.064508,32.343432],[35.064751,32.342758],[35.064547,32.340309],[35.065665,32.339498],[35.066377,32.339481],[35.067945,32.33981],[35.071458,32.340079],[35.074078,32.33984],[35.075336,32.340104],[35.076393,32.340633],[35.077198,32.340662],[35.077663,32.339362],[35.078307,32.338969],[35.079526,32.339075],[35.083016,32.340249],[35.083895,32.340264],[35.085178,32.339862],[35.086133,32.340492],[35.087484,32.340574],[35.088376,32.340879],[35.088549,32.341384],[35.088244,32.341854],[35.08574,32.342479],[35.0851,32.342885],[35.085106,32.343173],[35.087308,32.344861],[35.088468,32.34509],[35.090539,32.345061],[35.091224,32.345784],[35.09133,32.347466],[35.091574,32.348365],[35.09192,32.348658],[35.093009,32.349062],[35.093303,32.349356],[35.093271,32.350178],[35.091819,32.352899],[35.091799,32.354015],[35.092389,32.357247],[35.09225,32.35853],[35.091426,32.359335],[35.090704,32.360474],[35.089826,32.362956],[35.089373,32.365977],[35.089071,32.366313],[35.088941,32.369293],[35.087652,32.371938],[35.086518,32.375079],[35.080442,32.380854],[35.079612,32.383375],[35.079088,32.382659],[35.066606,32.381582],[35.06525,32.379849],[35.06543,32.379588],[35.064937,32.378316],[35.063761,32.378094],[35.064096,32.376024],[35.062361,32.376359],[35.061194,32.376263],[35.061813,32.375081],[35.063076,32.374305],[35.062547,32.372606],[35.063178,32.372717],[35.064309,32.373461],[35.06514,32.3734],[35.06449,32.370852],[35.064294,32.368688],[35.064758,32.366583],[35.064883,32.363483],[35.065254,32.362788],[35.064594,32.362716],[35.063891,32.361932],[35.063653,32.360247],[35.063948,32.359579],[35.065151,32.358136],[35.068189,32.354862],[35.068916,32.353305],[35.068604,32.352506],[35.067576,32.351507],[35.06703,32.350635],[35.066442,32.350317]],[[35.051315,32.381634],[35.05256,32.382026],[35.053607,32.381942],[35.054021,32.381662],[35.054832,32.381712],[35.055075,32.381882],[35.055168,32.382806],[35.055686,32.383049],[35.056091,32.382879],[35.05689,32.381672],[35.057546,32.38167],[35.058173,32.382955],[35.058245,32.383535],[35.061456,32.383676],[35.062242,32.384612],[35.062833,32.384865],[35.064707,32.384806],[35.067251,32.384365],[35.071275,32.384376],[35.073969,32.383946],[35.074545,32.38415],[35.074768,32.384763],[35.07454,32.385264],[35.074161,32.385543],[35.072643,32.385784],[35.072454,32.386656],[35.072101,32.386872],[35.071693,32.386718],[35.071568,32.385884],[35.070922,32.385592],[35.069711,32.385608],[35.067775,32.386099],[35.066931,32.385606],[35.066373,32.38564],[35.065701,32.385972],[35.064831,32.386065],[35.064253,32.386963],[35.063436,32.38752],[35.062772,32.387582],[35.062722,32.386988],[35.062129,32.38696],[35.059074,32.38793],[35.058165,32.388056],[35.057314,32.387848],[35.056329,32.387046],[35.055305,32.386522],[35.054213,32.387313],[35.053599,32.38801],[35.0526,32.387554],[35.052309,32.387583],[35.051514,32.388212],[35.050774,32.389118],[35.050298,32.389188],[35.047289,32.388005],[35.047104,32.386744],[35.046341,32.385196],[35.04632,32.384541],[35.046738,32.383998],[35.048628,32.38305],[35.048818,32.381837],[35.049814,32.381488],[35.051315,32.381634]],[[35.048834,32.292441],[35.049043,32.290845],[35.050095,32.29072],[35.05134,32.29185],[35.051554,32.293267],[35.050731,32.293914],[35.049065,32.293637],[35.048716,32.29339],[35.048626,32.293134],[35.048834,32.292441]],[[35.041131,32.29183],[35.040264,32.292303],[35.039531,32.292242],[35.039268,32.292112],[35.038701,32.291319],[35.041288,32.287538],[35.042868,32.285947],[35.043357,32.285656],[35.044396,32.285828],[35.046014,32.284866],[35.04916,32.284532],[35.050073,32.28457],[35.052839,32.28391],[35.053039,32.284227],[35.052862,32.284934],[35.052592,32.284861],[35.052355,32.284402],[35.051954,32.284451],[35.052116,32.28531],[35.051916,32.286148],[35.051533,32.286403],[35.04897,32.286575],[35.046693,32.287066],[35.045948,32.287776],[35.045166,32.288212],[35.044648,32.289815],[35.043648,32.289553],[35.04299,32.289981],[35.042019,32.291155],[35.041131,32.29183]],[[35.082757,32.399759],[35.082552,32.400793],[35.082206,32.401412],[35.082275,32.40195],[35.082668,32.402137],[35.084063,32.401594],[35.085243,32.401791],[35.086456,32.401481],[35.086918,32.401549],[35.087213,32.402136],[35.08679,32.403016],[35.086734,32.403769],[35.085865,32.40444],[35.085285,32.404124],[35.084441,32.404042],[35.082579,32.403428],[35.081018,32.403465],[35.07989,32.403309],[35.07835,32.402469],[35.077965,32.402055],[35.077995,32.401106],[35.07747,32.400574],[35.077561,32.400286],[35.078159,32.399977],[35.077999,32.399003],[35.078176,32.398614],[35.078685,32.398595],[35.079238,32.398966],[35.079674,32.398958],[35.081417,32.398522],[35.082026,32.398519],[35.082801,32.39904],[35.082757,32.399759]],[[35.070174,32.403066],[35.070848,32.403997],[35.070658,32.404164],[35.070764,32.404955],[35.072519,32.406002],[35.073295,32.40594],[35.07494,32.404944],[35.075365,32.405126],[35.075768,32.405604],[35.076669,32.405631],[35.077705,32.406],[35.077363,32.406626],[35.077771,32.407369],[35.077968,32.408278],[35.079031,32.408957],[35.079256,32.409324],[35.079262,32.409734],[35.078561,32.410926],[35.077154,32.411956],[35.077058,32.412204],[35.077429,32.412661],[35.077422,32.413211],[35.076839,32.413672],[35.076319,32.414361],[35.075558,32.414701],[35.073549,32.414578],[35.072932,32.414289],[35.071158,32.412978],[35.070601,32.413346],[35.069551,32.414555],[35.069078,32.414599],[35.066982,32.413534],[35.06661,32.413501],[35.065874,32.413851],[35.065208,32.41392],[35.063863,32.412894],[35.061904,32.41284],[35.061547,32.413083],[35.061435,32.413468],[35.061495,32.414589],[35.061913,32.415939],[35.06191,32.417491],[35.061234,32.418138],[35.060781,32.418869],[35.058975,32.418349],[35.057774,32.417346],[35.056692,32.417061],[35.056347,32.416603],[35.056536,32.416375],[35.056757,32.412954],[35.057829,32.409253],[35.060337,32.409316],[35.06105,32.408972],[35.061731,32.408978],[35.062331,32.409235],[35.063714,32.410267],[35.063894,32.41064],[35.064423,32.411017],[35.064879,32.411041],[35.065578,32.409895],[35.066495,32.409033],[35.066098,32.404727],[35.066198,32.404475],[35.067243,32.403913],[35.067855,32.403281],[35.069154,32.402439],[35.070174,32.403066]],[[35.091099,32.408343],[35.092895,32.407884],[35.09454,32.408186],[35.097099,32.407724],[35.097615,32.408317],[35.09764,32.409514],[35.097371,32.410009],[35.096951,32.41024],[35.091829,32.411017],[35.09101,32.409128],[35.090592,32.408715],[35.091099,32.408343]],[[35.189962,32.259123],[35.189273,32.258084],[35.189171,32.257306],[35.188967,32.25711],[35.188616,32.257317],[35.188729,32.258062],[35.188633,32.259053],[35.188085,32.258775],[35.186912,32.256573],[35.18736,32.255719],[35.187653,32.253832],[35.190523,32.251629],[35.19338,32.248733],[35.194196,32.247646],[35.195221,32.24697],[35.194673,32.247824],[35.194398,32.249151],[35.194048,32.249467],[35.193134,32.24983],[35.192803,32.250297],[35.192871,32.25124],[35.193482,32.252563],[35.192531,32.253655],[35.193942,32.254006],[35.194166,32.254195],[35.194062,32.255181],[35.193795,32.255965],[35.193039,32.256791],[35.191696,32.257632],[35.191004,32.259001],[35.190596,32.259181],[35.189962,32.259123]],[[35.171077,32.216601],[35.168884,32.215823],[35.16848,32.215232],[35.168341,32.214446],[35.168425,32.213596],[35.168756,32.213204],[35.168786,32.212069],[35.169371,32.211577],[35.16946,32.210514],[35.17105,32.209256],[35.171634,32.209841],[35.172298,32.209982],[35.172457,32.210897],[35.17303,32.212143],[35.172059,32.213305],[35.172384,32.214307],[35.17215,32.214807],[35.171519,32.215223],[35.171759,32.21663],[35.171077,32.216601]],[[35.126585,32.208057],[35.125593,32.20805],[35.124522,32.207362],[35.124584,32.206592],[35.125703,32.205814],[35.127116,32.205138],[35.128868,32.203466],[35.129499,32.20165],[35.129652,32.200321],[35.131508,32.198939],[35.133578,32.198339],[35.136636,32.196754],[35.137248,32.197052],[35.136891,32.199424],[35.137039,32.200066],[35.137581,32.201063],[35.137616,32.202583],[35.137025,32.203467],[35.135236,32.204583],[35.13443,32.206519],[35.133736,32.207303],[35.132365,32.207315],[35.131077,32.20789],[35.128809,32.207917],[35.128448,32.207699],[35.127447,32.208083],[35.126585,32.208057]],[[35.137424,32.19053],[35.136356,32.188858],[35.135381,32.18776],[35.136404,32.187134],[35.136902,32.188343],[35.138259,32.18832],[35.138718,32.18999],[35.140924,32.191358],[35.140523,32.192183],[35.139685,32.19226],[35.138208,32.191404],[35.137424,32.19053]],[[35.090722,32.185264],[35.089534,32.185249],[35.088473,32.184267],[35.088286,32.183192],[35.088203,32.180547],[35.088403,32.179191],[35.088731,32.179019],[35.091887,32.178858],[35.093242,32.178472],[35.093678,32.180078],[35.093404,32.184398],[35.092935,32.18496],[35.091808,32.185349],[35.090722,32.185264]],[[35.12787,32.179978],[35.128114,32.17773],[35.126706,32.175628],[35.127338,32.174796],[35.129626,32.174115],[35.131295,32.174191],[35.132921,32.178636],[35.132264,32.1817],[35.132068,32.184273],[35.130161,32.18356],[35.128999,32.183333],[35.128617,32.183084],[35.128534,32.182681],[35.128824,32.182128],[35.128673,32.18106],[35.12787,32.179978]],[[35.019484,32.184322],[35.016297,32.185631],[35.015485,32.185479],[35.015714,32.184332],[35.017194,32.183584],[35.018801,32.18319],[35.019873,32.182995],[35.021477,32.183028],[35.022583,32.183765],[35.021542,32.184061],[35.019484,32.184322]],[[35.009477,32.162613],[35.009691,32.160159],[35.010893,32.160151],[35.01195,32.161101],[35.012236,32.162455],[35.011448,32.163272],[35.00983,32.16304],[35.009477,32.162613]],[[35.089806,32.428082],[35.089652,32.428655],[35.090627,32.428316],[35.09068,32.428747],[35.091622,32.43015],[35.091934,32.430351],[35.091773,32.431779],[35.091612,32.43232],[35.091291,32.432612],[35.089532,32.433041],[35.089719,32.434381],[35.089602,32.434725],[35.088131,32.43455],[35.087325,32.434657],[35.08716,32.4354],[35.086681,32.435696],[35.086723,32.436445],[35.087033,32.436732],[35.087056,32.437214],[35.087698,32.437707],[35.087467,32.438221],[35.085943,32.438115],[35.084213,32.437632],[35.082885,32.438693],[35.081599,32.438959],[35.080289,32.438555],[35.079084,32.437337],[35.078745,32.437364],[35.078595,32.438297],[35.078133,32.438808],[35.077324,32.438955],[35.077165,32.439826],[35.076291,32.439958],[35.075665,32.439537],[35.075343,32.438323],[35.074466,32.438018],[35.073368,32.437312],[35.073086,32.436946],[35.072946,32.436358],[35.07304,32.435793],[35.075629,32.432176],[35.075737,32.431578],[35.07659,32.429995],[35.077376,32.429579],[35.078495,32.429514],[35.079766,32.428859],[35.081607,32.428966],[35.081844,32.428796],[35.082459,32.427507],[35.083433,32.426369],[35.08369,32.425785],[35.083728,32.424961],[35.083327,32.423692],[35.08338,32.422998],[35.083579,32.422687],[35.08443,32.422622],[35.085604,32.421937],[35.086725,32.421781],[35.088457,32.423043],[35.088933,32.424558],[35.089751,32.425617],[35.089806,32.428082]],[[35.136751,32.439267],[35.13946,32.438367],[35.14338,32.437529],[35.147104,32.436834],[35.15123,32.436374],[35.151685,32.436365],[35.152977,32.437056],[35.157681,32.438932],[35.158725,32.439023],[35.163451,32.438754],[35.165957,32.439393],[35.168507,32.438238],[35.17123,32.438088],[35.172956,32.438267],[35.17651,32.437379],[35.176943,32.437405],[35.177798,32.438035],[35.177679,32.438494],[35.176516,32.440059],[35.175966,32.441733],[35.175269,32.445076],[35.175002,32.44855],[35.175502,32.453794],[35.175756,32.454731],[35.176733,32.456938],[35.176901,32.458519],[35.176413,32.458994],[35.17029,32.458934],[35.168551,32.46028],[35.166817,32.462511],[35.165232,32.461016],[35.165362,32.460414],[35.166231,32.459522],[35.165239,32.458542],[35.16421,32.458029],[35.163468,32.457797],[35.160636,32.457475],[35.157709,32.458318],[35.152839,32.456587],[35.145112,32.458477],[35.140007,32.460458],[35.133468,32.460734],[35.129622,32.45927],[35.128677,32.458701],[35.126233,32.456433],[35.124846,32.453815],[35.123963,32.450954],[35.12424,32.446831],[35.126863,32.445271],[35.131011,32.441946],[35.134742,32.440052],[35.136751,32.439267]],[[35.08186,32.448099],[35.081054,32.448732],[35.079268,32.448631],[35.078874,32.448225],[35.07925,32.446932],[35.079281,32.445817],[35.080458,32.4457],[35.081636,32.446713],[35.08186,32.448099]],[[35.174947,32.461236],[35.177992,32.461985],[35.181062,32.461976],[35.18248,32.462215],[35.1837,32.463003],[35.184662,32.465507],[35.18403,32.466489],[35.182363,32.465517],[35.181392,32.465216],[35.180963,32.46491],[35.180494,32.464356],[35.180267,32.463377],[35.179915,32.463242],[35.177578,32.463414],[35.173107,32.465389],[35.172258,32.465076],[35.171943,32.464614],[35.172437,32.464021],[35.173361,32.463459],[35.173627,32.462044],[35.174947,32.461236]],[[35.095318,32.46534],[35.097185,32.466154],[35.098205,32.466955],[35.0994,32.467628],[35.099599,32.4684],[35.098949,32.469553],[35.09745,32.470763],[35.097168,32.471442],[35.097273,32.471841],[35.09758,32.472156],[35.099396,32.472816],[35.100182,32.472271],[35.101091,32.471939],[35.10234,32.47241],[35.103304,32.472335],[35.105148,32.470801],[35.106809,32.47005],[35.1096,32.469642],[35.110423,32.469987],[35.110508,32.47072],[35.109655,32.471985],[35.109129,32.47232],[35.106802,32.473264],[35.105347,32.473524],[35.103766,32.474593],[35.101002,32.4747],[35.098902,32.474234],[35.098127,32.474219],[35.097564,32.474279],[35.097215,32.474601],[35.097072,32.475021],[35.097309,32.475707],[35.095061,32.475129],[35.093519,32.474191],[35.090064,32.470488],[35.090975,32.469363],[35.09245,32.469238],[35.093181,32.468507],[35.091968,32.46601],[35.093121,32.465215],[35.0944,32.465156],[35.095318,32.46534]],[[35.148008,32.469736],[35.149293,32.468982],[35.149284,32.46805],[35.150248,32.467494],[35.1513,32.466411],[35.152182,32.465957],[35.152786,32.466952],[35.153478,32.467461],[35.158282,32.467173],[35.159158,32.467566],[35.159238,32.467911],[35.158195,32.468602],[35.155065,32.468771],[35.15191,32.469333],[35.150614,32.470601],[35.150256,32.470596],[35.149887,32.47012],[35.148375,32.470112],[35.148008,32.469736]],[[35.172805,32.505529],[35.171775,32.505509],[35.170777,32.506213],[35.167559,32.506545],[35.166033,32.506544],[35.165997,32.506334],[35.163398,32.504079],[35.163293,32.503006],[35.161186,32.501242],[35.160305,32.499681],[35.161453,32.498043],[35.162499,32.498052],[35.163336,32.499121],[35.164074,32.500575],[35.165264,32.500092],[35.165831,32.498351],[35.166409,32.498354],[35.167165,32.497998],[35.168395,32.498217],[35.169193,32.497635],[35.170655,32.497411],[35.172247,32.498107],[35.173244,32.498646],[35.174097,32.499368],[35.174477,32.499925],[35.174664,32.500679],[35.17444,32.502955],[35.174103,32.504185],[35.17356,32.505005],[35.172805,32.505529]],[[35.223109,32.522637],[35.221723,32.522951],[35.221117,32.522588],[35.220818,32.522177],[35.219717,32.521794],[35.219348,32.520315],[35.21849,32.520182],[35.21754,32.519503],[35.21751,32.518228],[35.217767,32.517431],[35.218525,32.517327],[35.219591,32.518078],[35.22031,32.518833],[35.221483,32.519328],[35.222015,32.520082],[35.22254,32.520187],[35.223039,32.520824],[35.22297,32.521707],[35.223109,32.522637]],[[35.065167,31.875295],[35.064378,31.87472],[35.06375,31.874926],[35.062946,31.874939],[35.061678,31.873515],[35.057414,31.870425],[35.055725,31.868555],[35.05563,31.868044],[35.056684,31.867358],[35.056079,31.866458],[35.056045,31.865893],[35.056968,31.865542],[35.058536,31.865441],[35.059697,31.866052],[35.063171,31.867099],[35.063912,31.867086],[35.065176,31.866659],[35.065748,31.866921],[35.066794,31.867009],[35.068747,31.866555],[35.070116,31.866444],[35.070975,31.867468],[35.07264,31.868559],[35.072882,31.869249],[35.073015,31.871046],[35.074149,31.872841],[35.074271,31.873457],[35.073637,31.873782],[35.073463,31.874696],[35.073007,31.875168],[35.071188,31.87639],[35.068603,31.875343],[35.067548,31.875328],[35.067155,31.875538],[35.066551,31.876425],[35.066148,31.876596],[35.065645,31.876592],[35.065167,31.875295]],[[35.188286,31.873276],[35.188261,31.872698],[35.188624,31.871623],[35.189432,31.870506],[35.190937,31.869645],[35.192372,31.869313],[35.193858,31.869395],[35.19618,31.87039],[35.197799,31.871528],[35.19828,31.872365],[35.198368,31.873055],[35.198197,31.873412],[35.19717,31.873926],[35.194562,31.874094],[35.193034,31.874],[35.192181,31.874284],[35.191469,31.874821],[35.190721,31.874949],[35.189096,31.874383],[35.188286,31.873276]],[[35.131133,31.872194],[35.129781,31.872108],[35.128151,31.872944],[35.126733,31.873117],[35.126288,31.87297],[35.125466,31.87207],[35.124706,31.871515],[35.124165,31.871434],[35.122754,31.871694],[35.121326,31.871716],[35.120138,31.870908],[35.120008,31.870534],[35.120498,31.868997],[35.121263,31.868533],[35.121852,31.868478],[35.122014,31.868281],[35.124404,31.868276],[35.125416,31.868011],[35.127173,31.868478],[35.127721,31.868823],[35.129562,31.868855],[35.131957,31.869513],[35.132649,31.870371],[35.132667,31.871174],[35.132297,31.871852],[35.131133,31.872194]],[[35.206644,31.862324],[35.20702,31.86157],[35.207064,31.860762],[35.207997,31.860717],[35.208967,31.861277],[35.208992,31.862185],[35.208761,31.862858],[35.205322,31.864454],[35.205322,31.863699],[35.205519,31.863045],[35.205847,31.86275],[35.206588,31.862606],[35.206644,31.862324]],[[35.198164,31.862285],[35.196663,31.86204],[35.19608,31.861091],[35.195409,31.856378],[35.194803,31.855871],[35.194116,31.855674],[35.192224,31.854533],[35.191891,31.854492],[35.191895,31.852915],[35.194366,31.851307],[35.194768,31.850491],[35.194957,31.849053],[35.195374,31.8484],[35.196537,31.847915],[35.197612,31.847953],[35.198309,31.848344],[35.199103,31.849375],[35.200205,31.849759],[35.201907,31.84963],[35.204049,31.848948],[35.205554,31.848961],[35.207131,31.849907],[35.209209,31.850119],[35.209918,31.850349],[35.210428,31.85072],[35.210709,31.85122],[35.210686,31.851637],[35.209852,31.852994],[35.209612,31.853152],[35.20781,31.853037],[35.205256,31.853938],[35.200836,31.853323],[35.199982,31.853381],[35.199199,31.853702],[35.198832,31.854364],[35.19875,31.855221],[35.199493,31.858904],[35.199547,31.860657],[35.199093,31.86164],[35.198164,31.862285]],[[35.154382,31.847739],[35.153989,31.848682],[35.15253,31.849323],[35.151904,31.850263],[35.15131,31.850261],[35.150987,31.84967],[35.150309,31.849232],[35.150645,31.847452],[35.151114,31.846433],[35.151286,31.845022],[35.151815,31.844314],[35.152819,31.843609],[35.153028,31.843591],[35.153664,31.844063],[35.154183,31.844836],[35.154693,31.846886],[35.154382,31.847739]],[[35.120898,31.847785],[35.11988,31.847718],[35.117586,31.849726],[35.117589,31.850575],[35.119269,31.851803],[35.118059,31.852292],[35.116264,31.85207],[35.1154,31.852241],[35.114536,31.853138],[35.113237,31.853394],[35.11323,31.853835],[35.112471,31.854568],[35.110757,31.855327],[35.110587,31.856021],[35.108752,31.856247],[35.106982,31.856778],[35.106922,31.857768],[35.106022,31.858444],[35.105533,31.858483],[35.104197,31.85815],[35.103256,31.857095],[35.103264,31.856693],[35.103578,31.856161],[35.105074,31.855582],[35.105228,31.855354],[35.104284,31.854021],[35.104512,31.853036],[35.105421,31.852681],[35.107059,31.85249],[35.107822,31.852203],[35.108098,31.851865],[35.108343,31.850656],[35.10879,31.850007],[35.111176,31.849276],[35.112106,31.848597],[35.112454,31.847699],[35.113255,31.847068],[35.116576,31.845525],[35.116972,31.844953],[35.117354,31.842785],[35.118029,31.842247],[35.118576,31.842017],[35.120168,31.842006],[35.121039,31.842228],[35.122371,31.842867],[35.124268,31.842915],[35.124553,31.842821],[35.125066,31.842116],[35.124956,31.84126],[35.124367,31.840453],[35.123645,31.840056],[35.121367,31.839664],[35.11919,31.840198],[35.118338,31.840153],[35.116601,31.838432],[35.114611,31.838451],[35.113923,31.838081],[35.113398,31.837523],[35.112689,31.837225],[35.110263,31.836874],[35.109739,31.836289],[35.109307,31.836417],[35.108536,31.835689],[35.109093,31.835332],[35.109953,31.835567],[35.110241,31.835236],[35.113029,31.834882],[35.113423,31.834512],[35.113254,31.834054],[35.111404,31.833448],[35.108192,31.833308],[35.107458,31.832543],[35.10744,31.83214],[35.109481,31.8259],[35.117435,31.827472],[35.117294,31.82783],[35.117497,31.828012],[35.119239,31.828282],[35.119366,31.828735],[35.119231,31.829937],[35.119641,31.830343],[35.121372,31.830157],[35.122536,31.829353],[35.122979,31.829227],[35.123467,31.829331],[35.12371,31.829665],[35.123776,31.83012],[35.12331,31.831611],[35.124038,31.83278],[35.124142,31.833674],[35.124431,31.833911],[35.124518,31.834585],[35.126609,31.834927],[35.128962,31.834751],[35.130354,31.834904],[35.131928,31.835309],[35.134384,31.836468],[35.134844,31.836549],[35.135723,31.83652],[35.137459,31.835082],[35.13891,31.835029],[35.140192,31.836813],[35.142078,31.838483],[35.139387,31.841342],[35.138901,31.841677],[35.137866,31.841893],[35.135864,31.841713],[35.133534,31.841726],[35.132424,31.842275],[35.12891,31.842899],[35.127451,31.843308],[35.123731,31.845198],[35.122783,31.846039],[35.121624,31.847519],[35.120898,31.847785]],[[35.149589,31.841925],[35.1488,31.841181],[35.148683,31.840751],[35.148788,31.840196],[35.149114,31.839895],[35.149611,31.839735],[35.151443,31.839727],[35.152043,31.839569],[35.152354,31.838936],[35.15188,31.837796],[35.151269,31.837613],[35.150298,31.838266],[35.149614,31.838238],[35.14872,31.837516],[35.146262,31.837186],[35.14494,31.836499],[35.144206,31.836443],[35.143103,31.835897],[35.141929,31.834365],[35.141687,31.833578],[35.140064,31.831953],[35.139346,31.830374],[35.13934,31.829341],[35.139518,31.829252],[35.14146,31.829786],[35.143687,31.829965],[35.147121,31.83112],[35.152511,31.831727],[35.153845,31.832354],[35.154156,31.832355],[35.154603,31.832063],[35.155493,31.832009],[35.156414,31.832169],[35.156643,31.83421],[35.156234,31.834566],[35.155085,31.83463],[35.154362,31.834962],[35.153862,31.834999],[35.153254,31.834769],[35.151376,31.833444],[35.150619,31.833465],[35.150508,31.833691],[35.150907,31.834488],[35.151988,31.835139],[35.152815,31.835426],[35.154129,31.835584],[35.154749,31.835897],[35.156734,31.83805],[35.157576,31.838188],[35.158449,31.838662],[35.158371,31.839409],[35.156952,31.840315],[35.156214,31.84211],[35.155828,31.842361],[35.155157,31.842397],[35.154932,31.843095],[35.154573,31.843367],[35.153752,31.843397],[35.152316,31.842448],[35.150187,31.84223],[35.149589,31.841925]],[[35.209072,31.835376],[35.206562,31.833641],[35.204877,31.833323],[35.204062,31.833512],[35.202651,31.83198],[35.202247,31.830488],[35.202469,31.829451],[35.203292,31.828764],[35.203591,31.828852],[35.204299,31.829733],[35.20507,31.829549],[35.206817,31.826014],[35.208974,31.824218],[35.209715,31.824073],[35.210629,31.824499],[35.21095,31.825854],[35.210741,31.826393],[35.209988,31.826882],[35.20973,31.827232],[35.209769,31.828375],[35.210079,31.828985],[35.210043,31.82965],[35.209342,31.830218],[35.209121,31.830727],[35.209302,31.831588],[35.210162,31.832452],[35.210448,31.833287],[35.210266,31.835279],[35.210132,31.835534],[35.209731,31.835756],[35.209072,31.835376]],[[35.149146,31.828376],[35.147207,31.828268],[35.146186,31.827902],[35.145128,31.82712],[35.144557,31.825181],[35.146994,31.8231],[35.148725,31.822625],[35.14904,31.820869],[35.151192,31.81989],[35.152668,31.819917],[35.153266,31.820391],[35.153778,31.821159],[35.15426,31.821195],[35.154862,31.820998],[35.155361,31.821134],[35.155594,31.821485],[35.155822,31.822434],[35.155958,31.823375],[35.15579,31.823761],[35.152821,31.825619],[35.15257,31.826483],[35.15237,31.826682],[35.151792,31.826941],[35.150236,31.827116],[35.149809,31.827955],[35.149146,31.828376]],[[35.176422,31.82167],[35.176501,31.820577],[35.177602,31.819991],[35.178017,31.819515],[35.178083,31.81913],[35.177859,31.818282],[35.177529,31.817991],[35.175342,31.818004],[35.175538,31.816384],[35.175915,31.815179],[35.176572,31.814539],[35.178651,31.813194],[35.179979,31.811297],[35.182704,31.811342],[35.182128,31.81362],[35.182213,31.814234],[35.182678,31.815321],[35.182678,31.816125],[35.182393,31.817135],[35.181672,31.818513],[35.180503,31.819759],[35.179582,31.82136],[35.179512,31.822104],[35.179907,31.823337],[35.179881,31.824217],[35.179546,31.8245],[35.177963,31.824622],[35.176667,31.824543],[35.1762,31.824337],[35.176025,31.823961],[35.176436,31.822967],[35.176422,31.82167]],[[35.098252,31.838476],[35.0977,31.839315],[35.09681,31.839981],[35.096392,31.840652],[35.095181,31.841226],[35.094744,31.841199],[35.097963,31.837086],[35.098636,31.836768],[35.098682,31.83733],[35.098252,31.838476]],[[35.133008,31.856186],[35.135379,31.856183],[35.137026,31.856737],[35.138292,31.857853],[35.139272,31.859292],[35.137536,31.860531],[35.134884,31.860978],[35.131731,31.862019],[35.131238,31.861981],[35.12982,31.861462],[35.127292,31.861461],[35.126136,31.861239],[35.125739,31.859061],[35.12606,31.857951],[35.12698,31.857522],[35.130507,31.857374],[35.131707,31.856633],[35.133008,31.856186]],[[35.177661,31.852404],[35.177247,31.850297],[35.177469,31.849967],[35.180898,31.850314],[35.181294,31.850118],[35.18152,31.849461],[35.182026,31.849143],[35.183177,31.849324],[35.184442,31.848615],[35.186391,31.848431],[35.188724,31.847891],[35.189438,31.847997],[35.189096,31.848642],[35.187077,31.850084],[35.18708,31.851493],[35.187721,31.852799],[35.187814,31.853338],[35.187523,31.853647],[35.186498,31.854105],[35.185821,31.855107],[35.183327,31.85498],[35.182223,31.855331],[35.181578,31.856068],[35.179388,31.855911],[35.178979,31.855654],[35.178754,31.855277],[35.178879,31.853751],[35.178682,31.853005],[35.177661,31.852404]],[[35.265597,31.79003],[35.263751,31.788081],[35.262818,31.786016],[35.262886,31.785631],[35.263838,31.785246],[35.265267,31.785152],[35.267441,31.785459],[35.267783,31.78571],[35.268017,31.786242],[35.268273,31.788214],[35.268148,31.790442],[35.266813,31.791042],[35.265597,31.79003]],[[35.317706,31.604695],[35.306075,31.603488],[35.305417,31.603187],[35.304443,31.602433],[35.299745,31.598001],[35.297185,31.596531],[35.295606,31.59594],[35.293746,31.59557],[35.291489,31.595371],[35.289291,31.595411],[35.287396,31.595862],[35.285432,31.596788],[35.282989,31.598459],[35.281276,31.600197],[35.2763,31.600559],[35.275047,31.600858],[35.274077,31.601289],[35.273324,31.601829],[35.272526,31.602679],[35.270153,31.605989],[35.26572,31.607159],[35.263678,31.607985],[35.262343,31.608214],[35.258458,31.608452],[35.25375,31.609977],[35.252573,31.610494],[35.25152,31.610583],[35.248795,31.611221],[35.24828,31.609307],[35.247742,31.608179],[35.246896,31.607125],[35.245694,31.606193],[35.244117,31.605474],[35.240197,31.604438],[35.23879,31.604208],[35.237246,31.604182],[35.237795,31.60264],[35.237916,31.60174],[35.237785,31.600847],[35.237249,31.599429],[35.237207,31.59863],[35.237372,31.598103],[35.237836,31.597542],[35.237999,31.596548],[35.238425,31.595656],[35.238412,31.59464],[35.237502,31.594076],[35.236388,31.593863],[35.235055,31.59278],[35.233911,31.591591],[35.232572,31.589129],[35.230981,31.588713],[35.229871,31.588766],[35.225498,31.590235],[35.21942,31.591731],[35.217621,31.592545],[35.216802,31.593419],[35.215765,31.593558],[35.2149,31.593464],[35.213759,31.593087],[35.210859,31.590514],[35.210691,31.590131],[35.210712,31.588905],[35.212055,31.587603],[35.213198,31.585273],[35.21411,31.584708],[35.215648,31.584274],[35.21693,31.583634],[35.218577,31.582603],[35.219622,31.581497],[35.220454,31.580053],[35.221014,31.578],[35.221935,31.575964],[35.221955,31.575007],[35.22158,31.574689],[35.220956,31.574575],[35.218986,31.575217],[35.217938,31.57527],[35.215343,31.574823],[35.213291,31.574122],[35.211362,31.57421],[35.208783,31.575558],[35.20783,31.576635],[35.204635,31.578786],[35.203055,31.579608],[35.202191,31.579711],[35.201338,31.580192],[35.201079,31.580065],[35.199419,31.577848],[35.197513,31.576276],[35.19746,31.576015],[35.197915,31.574624],[35.197921,31.573362],[35.197529,31.572188],[35.196672,31.571041],[35.195799,31.57034],[35.194712,31.569746],[35.194701,31.56928],[35.190441,31.569268],[35.190617,31.570642],[35.190554,31.572509],[35.1918,31.572592],[35.193376,31.573236],[35.19372,31.574135],[35.193315,31.575127],[35.191951,31.576198],[35.191184,31.576394],[35.189051,31.576539],[35.186723,31.577658],[35.184633,31.578906],[35.181469,31.579925],[35.180424,31.579988],[35.178726,31.578901],[35.177734,31.578514],[35.177148,31.576808],[35.175634,31.575509],[35.174541,31.573714],[35.173823,31.572115],[35.173556,31.570281],[35.172814,31.568395],[35.171605,31.566334],[35.170102,31.564818],[35.169322,31.562795],[35.168816,31.56247],[35.165292,31.562556],[35.164875,31.562379],[35.164652,31.562016],[35.164542,31.561316],[35.164833,31.56084],[35.16754,31.55879],[35.168582,31.557771],[35.171602,31.555686],[35.172551,31.55485],[35.172603,31.554322],[35.172121,31.553042],[35.171716,31.553031],[35.170579,31.553621],[35.169814,31.553817],[35.167438,31.553579],[35.160954,31.554463],[35.159429,31.554935],[35.156618,31.556118],[35.154142,31.557523],[35.152594,31.557487],[35.150155,31.558447],[35.147292,31.558672],[35.143555,31.55849],[35.142927,31.558679],[35.142105,31.559215],[35.141167,31.559384],[35.140876,31.559294],[35.140467,31.558567],[35.140751,31.557982],[35.140338,31.557191],[35.140445,31.556244],[35.140789,31.555997],[35.140922,31.55562],[35.141519,31.555221],[35.142244,31.555005],[35.14316,31.555161],[35.14365,31.554549],[35.142842,31.551885],[35.142606,31.549334],[35.14251,31.539392],[35.142188,31.532108],[35.142944,31.523036],[35.143547,31.520505],[35.144904,31.518254],[35.145853,31.517485],[35.14864,31.516419],[35.148869,31.516112],[35.148637,31.515435],[35.146879,31.514828],[35.146294,31.514837],[35.144911,31.515238],[35.143138,31.51493],[35.14308,31.514129],[35.142159,31.513483],[35.141245,31.512181],[35.139999,31.511026],[35.139586,31.509537],[35.139577,31.50893],[35.140852,31.506755],[35.141107,31.504966],[35.141909,31.503884],[35.143313,31.502506],[35.145077,31.501642],[35.146012,31.500876],[35.147575,31.499945],[35.148463,31.499805],[35.149115,31.499948],[35.151428,31.501552],[35.153354,31.502386],[35.154987,31.504342],[35.158563,31.505009],[35.158708,31.504146],[35.158901,31.503926],[35.163956,31.500574],[35.165305,31.499262],[35.167024,31.498747],[35.168186,31.498126],[35.170926,31.495741],[35.171783,31.495728],[35.174492,31.496212],[35.176818,31.496223],[35.177827,31.49581],[35.180269,31.495619],[35.180749,31.494459],[35.181407,31.493722],[35.181137,31.49181],[35.179968,31.491231],[35.178551,31.491304],[35.177399,31.491099],[35.177236,31.489208],[35.178849,31.489088],[35.178976,31.48874],[35.178508,31.488072],[35.178798,31.487046],[35.178064,31.486565],[35.177784,31.486108],[35.178109,31.485019],[35.17907,31.483503],[35.179521,31.482254],[35.180544,31.4821],[35.180893,31.481205],[35.181672,31.480726],[35.183189,31.478698],[35.18345,31.478548],[35.184339,31.478616],[35.185072,31.478431],[35.186455,31.477094],[35.186404,31.476217],[35.186046,31.475668],[35.18492,31.475076],[35.184638,31.474725],[35.184536,31.473914],[35.184895,31.472861],[35.186277,31.472533],[35.186431,31.472182],[35.186252,31.471239],[35.188171,31.471437],[35.188171,31.470669],[35.187429,31.469639],[35.187325,31.468898],[35.18766,31.468475],[35.187702,31.467119],[35.187263,31.462671],[35.187797,31.460303],[35.188053,31.455055],[35.188229,31.454071],[35.18861,31.453397],[35.189335,31.452789],[35.191678,31.451771],[35.192523,31.451144],[35.193827,31.449222],[35.194419,31.449056],[35.195317,31.446681],[35.198512,31.446527],[35.201436,31.445744],[35.205286,31.445874],[35.211439,31.445656],[35.214073,31.446853],[35.216137,31.44743],[35.217856,31.447676],[35.220658,31.447561],[35.224021,31.446791],[35.231893,31.446552],[35.235971,31.447435],[35.238132,31.448665],[35.239022,31.449467],[35.240953,31.452774],[35.241593,31.454908],[35.243112,31.457398],[35.244336,31.458832],[35.246556,31.460153],[35.247866,31.461693],[35.248906,31.463983],[35.249344,31.466721],[35.250593,31.470216],[35.252745,31.473459],[35.254367,31.476722],[35.256097,31.478827],[35.258056,31.48056],[35.259001,31.481128],[35.265669,31.483304],[35.271102,31.484765],[35.273289,31.486205],[35.2763,31.487414],[35.27911,31.490213],[35.280312,31.491059],[35.282224,31.493317],[35.284257,31.494777],[35.285998,31.496581],[35.287731,31.499079],[35.290373,31.502148],[35.295321,31.507261],[35.29683,31.510121],[35.299036,31.514938],[35.301157,31.516909],[35.304755,31.522765],[35.306909,31.525721],[35.310587,31.529156],[35.312101,31.530236],[35.313598,31.531866],[35.313878,31.53646],[35.313392,31.537787],[35.31261,31.539258],[35.312533,31.539747],[35.31385,31.539652],[35.314651,31.540241],[35.31459,31.541275],[35.314189,31.542699],[35.314196,31.544364],[35.315232,31.544953],[35.316077,31.546034],[35.316774,31.548606],[35.316961,31.550654],[35.316266,31.554708],[35.316207,31.556396],[35.316333,31.557066],[35.316765,31.557987],[35.316923,31.559394],[35.317418,31.560703],[35.319226,31.560933],[35.322133,31.560762],[35.323352,31.560505],[35.326927,31.560379],[35.327333,31.560954],[35.327739,31.562599],[35.326827,31.569964],[35.325671,31.573061],[35.325665,31.575064],[35.325241,31.577962],[35.325315,31.580404],[35.324474,31.581046],[35.324102,31.582914],[35.323753,31.583542],[35.323668,31.584676],[35.323349,31.584956],[35.323076,31.585933],[35.32242,31.586896],[35.321954,31.588268],[35.321144,31.599542],[35.320743,31.59993],[35.319621,31.600224],[35.319188,31.600774],[35.319188,31.601501],[35.320305,31.60215],[35.319517,31.6037],[35.319176,31.604823],[35.317706,31.604695]],[[35.147252,31.445699],[35.14598,31.446947],[35.145434,31.447789],[35.144462,31.450488],[35.144376,31.451805],[35.142711,31.45384],[35.142497,31.45501],[35.142266,31.455178],[35.139257,31.455872],[35.13756,31.457779],[35.135514,31.459622],[35.134248,31.460518],[35.128065,31.469928],[35.126334,31.471865],[35.126331,31.472258],[35.127548,31.475019],[35.126454,31.476844],[35.125055,31.477851],[35.124931,31.478369],[35.125613,31.48058],[35.1293,31.481249],[35.130038,31.485139],[35.130078,31.486034],[35.12971,31.487454],[35.129127,31.488268],[35.127836,31.489103],[35.126628,31.489386],[35.126162,31.489725],[35.125571,31.491999],[35.125171,31.492617],[35.124611,31.493104],[35.123742,31.493474],[35.122475,31.492114],[35.120671,31.49141],[35.119921,31.491346],[35.118642,31.491565],[35.118059,31.491957],[35.117458,31.493372],[35.117181,31.493682],[35.114533,31.495031],[35.113453,31.495239],[35.112265,31.495231],[35.112183,31.495668],[35.109099,31.495018],[35.103243,31.492984],[35.100483,31.492916],[35.098106,31.493413],[35.096885,31.493483],[35.095679,31.493266],[35.092529,31.492309],[35.090064,31.492086],[35.0889,31.488847],[35.087638,31.486352],[35.086272,31.48451],[35.086185,31.483954],[35.086315,31.483006],[35.086099,31.482497],[35.0852,31.481328],[35.085171,31.479745],[35.084719,31.4788],[35.084486,31.478634],[35.083146,31.478795],[35.081795,31.479982],[35.081098,31.481175],[35.08003,31.481207],[35.079056,31.481829],[35.075511,31.48191],[35.07428,31.483055],[35.073254,31.483695],[35.071533,31.485152],[35.070517,31.485646],[35.070252,31.485528],[35.069951,31.48493],[35.069444,31.48334],[35.069321,31.482367],[35.06368,31.483416],[35.060902,31.482897],[35.058447,31.484711],[35.057103,31.484769],[35.056519,31.484626],[35.055359,31.483719],[35.054327,31.481257],[35.053968,31.480808],[35.05186,31.479953],[35.050989,31.478975],[35.048279,31.478026],[35.047921,31.477774],[35.047302,31.47686],[35.047175,31.476149],[35.047732,31.475304],[35.048604,31.475],[35.047389,31.472889],[35.046935,31.472404],[35.04615,31.471962],[35.042404,31.471236],[35.041763,31.470976],[35.041264,31.470545],[35.039343,31.467714],[35.039196,31.466685],[35.039618,31.465467],[35.04141,31.46433],[35.042474,31.46395],[35.044132,31.463813],[35.04496,31.46393],[35.045171,31.464115],[35.045242,31.464724],[35.044885,31.465153],[35.045007,31.465384],[35.046643,31.466404],[35.048103,31.466658],[35.054933,31.464569],[35.056517,31.463163],[35.056694,31.462665],[35.055768,31.461095],[35.054774,31.460574],[35.053727,31.460372],[35.052651,31.460562],[35.052023,31.460978],[35.051372,31.461715],[35.050943,31.461798],[35.049604,31.459502],[35.047261,31.457648],[35.046745,31.456483],[35.04708,31.455494],[35.047046,31.455065],[35.046297,31.454096],[35.044217,31.454504],[35.042755,31.45439],[35.040863,31.45342],[35.04058,31.453089],[35.040368,31.451921],[35.040463,31.450151],[35.041131,31.44904],[35.041979,31.448559],[35.041969,31.448429],[35.041602,31.448349],[35.041546,31.447652],[35.042493,31.445641],[35.043485,31.441139],[35.044338,31.440055],[35.045853,31.438761],[35.046214,31.438044],[35.04624,31.437258],[35.045983,31.436547],[35.045764,31.436352],[35.044184,31.435998],[35.043511,31.435414],[35.041811,31.434492],[35.03963,31.432968],[35.039323,31.432349],[35.039326,31.430688],[35.038183,31.428523],[35.038218,31.426871],[35.039283,31.425154],[35.039512,31.4239],[35.039845,31.423091],[35.041087,31.421661],[35.041221,31.42128],[35.040445,31.419518],[35.040532,31.419266],[35.041145,31.418748],[35.040577,31.417475],[35.040817,31.415097],[35.039844,31.410674],[35.040807,31.410086],[35.040394,31.407975],[35.038031,31.403428],[35.038176,31.402496],[35.037749,31.400252],[35.037962,31.398228],[35.035384,31.39692],[35.035165,31.39601],[35.034071,31.395123],[35.033232,31.394694],[35.032086,31.393194],[35.030875,31.392729],[35.029116,31.3909],[35.02776,31.388409],[35.027552,31.386061],[35.028636,31.385184],[35.029091,31.385197],[35.030125,31.385577],[35.031215,31.386195],[35.032195,31.388184],[35.03267,31.38852],[35.032766,31.389105],[35.033544,31.389263],[35.03422,31.389898],[35.035351,31.390601],[35.036727,31.39076],[35.037007,31.390635],[35.038171,31.389303],[35.038462,31.387878],[35.038309,31.387647],[35.03726,31.387101],[35.036004,31.386825],[35.03496,31.386013],[35.035235,31.385499],[35.036009,31.385364],[35.036427,31.384496],[35.036642,31.383581],[35.035823,31.381631],[35.035932,31.381403],[35.038706,31.381342],[35.040152,31.381148],[35.044435,31.379861],[35.046489,31.378975],[35.048791,31.378949],[35.050988,31.37779],[35.053507,31.376788],[35.057242,31.376462],[35.062143,31.375487],[35.064426,31.375639],[35.06579,31.375559],[35.072722,31.373719],[35.078228,31.373927],[35.082675,31.373438],[35.086847,31.375066],[35.088454,31.375535],[35.088802,31.375961],[35.088849,31.377551],[35.089479,31.378439],[35.092104,31.38037],[35.093947,31.380938],[35.094643,31.381513],[35.09562,31.381473],[35.096062,31.381861],[35.096092,31.382664],[35.095685,31.383407],[35.095625,31.38385],[35.096148,31.384683],[35.096182,31.385026],[35.095314,31.385524],[35.095178,31.38605],[35.095912,31.387098],[35.096075,31.388222],[35.095705,31.388831],[35.094538,31.389696],[35.094187,31.390657],[35.094446,31.390981],[35.096015,31.391782],[35.096901,31.392826],[35.096975,31.395177],[35.098413,31.396701],[35.098368,31.397529],[35.098031,31.39834],[35.098196,31.398932],[35.098571,31.399467],[35.097188,31.402284],[35.094844,31.405605],[35.092841,31.405479],[35.092357,31.405143],[35.091905,31.405056],[35.089261,31.406604],[35.089132,31.406844],[35.089177,31.407334],[35.089896,31.408365],[35.090107,31.409566],[35.089994,31.409809],[35.085359,31.411885],[35.084678,31.412],[35.082902,31.412897],[35.082551,31.414555],[35.082486,31.41624],[35.08399,31.418341],[35.085534,31.419919],[35.086448,31.420455],[35.086585,31.420398],[35.086906,31.419126],[35.08774,31.418002],[35.088472,31.417717],[35.089462,31.417742],[35.090093,31.418002],[35.090579,31.418672],[35.092688,31.419782],[35.093344,31.42038],[35.093781,31.42045],[35.095145,31.419867],[35.097892,31.418106],[35.101269,31.414143],[35.105677,31.410698],[35.108125,31.409288],[35.110336,31.408234],[35.113704,31.407811],[35.115903,31.406876],[35.119043,31.40657],[35.119471,31.406644],[35.121181,31.408089],[35.122896,31.409235],[35.12863,31.412228],[35.130736,31.415058],[35.132291,31.41335],[35.134234,31.413327],[35.135954,31.413962],[35.13899,31.416041],[35.140231,31.41612],[35.142102,31.417243],[35.14162,31.418741],[35.141791,31.41902],[35.141737,31.419252],[35.141504,31.419694],[35.13844,31.420282],[35.140259,31.421583],[35.141337,31.421441],[35.142154,31.421774],[35.142358,31.421978],[35.142787,31.423166],[35.144876,31.4242],[35.149015,31.425505],[35.151021,31.425887],[35.15407,31.426125],[35.156101,31.427711],[35.156993,31.428195],[35.160068,31.429125],[35.162458,31.429598],[35.164032,31.430681],[35.164726,31.43141],[35.164776,31.431668],[35.164402,31.432112],[35.164311,31.434327],[35.162349,31.435677],[35.159568,31.438209],[35.157251,31.43962],[35.150577,31.443135],[35.150034,31.444151],[35.148916,31.445543],[35.147252,31.445699]],[[34.928538,31.37354],[34.925851,31.376477],[34.924726,31.377236],[34.922276,31.378405],[34.92243,31.379448],[34.922334,31.379852],[34.92084,31.381325],[34.919336,31.383647],[34.918256,31.38434],[34.917922,31.385798],[34.917538,31.385814],[34.916546,31.385755],[34.915825,31.385362],[34.915323,31.384754],[34.914936,31.38342],[34.914731,31.383322],[34.913042,31.383549],[34.911752,31.384009],[34.911112,31.384417],[34.909844,31.384781],[34.909552,31.385078],[34.907415,31.383251],[34.906492,31.383013],[34.906241,31.382643],[34.906231,31.382237],[34.906881,31.381551],[34.906944,31.381294],[34.906665,31.380842],[34.905626,31.380454],[34.905936,31.379621],[34.904856,31.377144],[34.90445,31.376696],[34.902972,31.376032],[34.902626,31.375102],[34.902038,31.374447],[34.902199,31.37381],[34.902968,31.373618],[34.903076,31.373116],[34.902129,31.371978],[34.902952,31.371751],[34.90509,31.372446],[34.905742,31.372363],[34.904961,31.371492],[34.904674,31.370826],[34.904699,31.369483],[34.905193,31.368777],[34.907007,31.368032],[34.908075,31.367914],[34.909089,31.36822],[34.909596,31.367963],[34.910821,31.36793],[34.911754,31.368212],[34.911246,31.367154],[34.912748,31.367139],[34.912952,31.366664],[34.913784,31.366523],[34.914552,31.366595],[34.91577,31.367074],[34.916897,31.366536],[34.917742,31.366543],[34.91908,31.367088],[34.919356,31.367561],[34.919184,31.369328],[34.919848,31.370424],[34.919644,31.37164],[34.920764,31.37172],[34.921468,31.371192],[34.921901,31.37219],[34.922232,31.372532],[34.922786,31.372656],[34.92336,31.371772],[34.924005,31.372216],[34.925091,31.372196],[34.925496,31.371993],[34.926554,31.369122],[34.928065,31.369589],[34.929048,31.370181],[34.930089,31.371125],[34.928538,31.37354]],[[34.936164,31.37915],[34.936839,31.379177],[34.938841,31.380645],[34.938773,31.382343],[34.938868,31.382643],[34.939136,31.38284],[34.939959,31.382953],[34.94113,31.382835],[34.94193,31.38325],[34.942576,31.383291],[34.942821,31.382438],[34.943232,31.38223],[34.943568,31.382315],[34.944475,31.383189],[34.945846,31.383245],[34.94604,31.383186],[34.946127,31.382262],[34.946586,31.381976],[34.947005,31.38213],[34.947023,31.384363],[34.947493,31.385377],[34.948252,31.385407],[34.95014,31.384477],[34.951209,31.384488],[34.951725,31.385403],[34.951901,31.389043],[34.951592,31.389534],[34.950492,31.390313],[34.950142,31.393783],[34.950223,31.394067],[34.950835,31.394471],[34.952099,31.394323],[34.952448,31.394459],[34.952884,31.394887],[34.953108,31.395479],[34.954318,31.396378],[34.95543,31.39637],[34.955663,31.396013],[34.956494,31.39607],[34.956608,31.395513],[34.957351,31.39425],[34.957678,31.394],[34.959284,31.394481],[34.959442,31.394349],[34.959059,31.392403],[34.959155,31.391202],[34.959662,31.38993],[34.960278,31.389084],[34.960526,31.388955],[34.961897,31.388889],[34.963207,31.389672],[34.964783,31.389309],[34.965656,31.38942],[34.965953,31.389963],[34.965645,31.390375],[34.965628,31.39085],[34.965899,31.391196],[34.966187,31.391056],[34.966643,31.390144],[34.966961,31.39023],[34.969577,31.393308],[34.971093,31.394473],[34.974333,31.395452],[34.976826,31.396013],[34.977165,31.396438],[34.978461,31.396587],[34.97918,31.396271],[34.981678,31.392304],[34.98314,31.39029],[34.986214,31.389328],[34.988115,31.389367],[34.990292,31.389617],[34.990372,31.389769],[34.988542,31.390861],[34.988102,31.391275],[34.987745,31.392502],[34.987673,31.393464],[34.989062,31.396017],[34.989452,31.396339],[34.990286,31.396485],[34.99062,31.397305],[34.991686,31.397797],[34.993718,31.397777],[34.998086,31.398723],[34.999425,31.398374],[35.002711,31.39862],[35.002605,31.397458],[35.002708,31.396348],[35.003437,31.395569],[35.004063,31.395455],[35.00477,31.396385],[35.00531,31.397798],[35.006899,31.398155],[35.008525,31.398321],[35.010178,31.398279],[35.013056,31.397094],[35.015095,31.396867],[35.014295,31.39795],[35.018092,31.402876],[35.0201,31.402528],[35.022384,31.403812],[35.02329,31.403676],[35.023655,31.406328],[35.02543,31.410622],[35.025438,31.417505],[35.026614,31.421459],[35.026396,31.422405],[35.021285,31.425611],[35.02112,31.426251],[35.021823,31.428508],[35.022611,31.429448],[35.022913,31.430493],[35.023491,31.430934],[35.023791,31.430972],[35.023797,31.431926],[35.023506,31.432615],[35.022679,31.433352],[35.019568,31.43323],[35.016754,31.436521],[35.015908,31.438991],[35.01459,31.439494],[35.013693,31.440186],[35.013253,31.441149],[35.012698,31.441815],[35.012496,31.44423],[35.013674,31.446443],[35.014814,31.4465],[35.015848,31.44774],[35.019276,31.454309],[35.020504,31.459745],[35.021764,31.462536],[35.022948,31.464197],[35.023491,31.464224],[35.025739,31.464867],[35.028096,31.464794],[35.027694,31.468594],[35.028235,31.47109],[35.030303,31.474129],[35.030679,31.474362],[35.033688,31.47497],[35.03552,31.474821],[35.036345,31.474331],[35.038453,31.476226],[35.038734,31.478396],[35.03854,31.480598],[35.03907,31.482538],[35.039246,31.484257],[35.039846,31.486215],[35.040799,31.487333],[35.042187,31.489898],[35.042694,31.490254],[35.043197,31.490467],[35.045833,31.490145],[35.048334,31.490667],[35.052425,31.490466],[35.053338,31.48914],[35.05433,31.488887],[35.05534,31.489455],[35.055522,31.490195],[35.05652,31.489233],[35.05712,31.489161],[35.057886,31.489765],[35.058488,31.490874],[35.060586,31.491768],[35.062829,31.49322],[35.064269,31.494867],[35.065084,31.495491],[35.066803,31.49611],[35.069545,31.496271],[35.071948,31.497288],[35.075896,31.500235],[35.076015,31.500699],[35.076876,31.499881],[35.077077,31.499162],[35.07751,31.499216],[35.077892,31.498902],[35.077599,31.497187],[35.079133,31.496352],[35.07977,31.496822],[35.079895,31.497422],[35.079395,31.499818],[35.080353,31.499668],[35.080668,31.5003],[35.082292,31.499961],[35.080467,31.502063],[35.080902,31.502391],[35.081539,31.503633],[35.082604,31.503156],[35.083149,31.503559],[35.084547,31.502625],[35.086115,31.503382],[35.088027,31.503808],[35.090664,31.502947],[35.091316,31.502217],[35.091578,31.501138],[35.092033,31.500885],[35.092597,31.50098],[35.093241,31.501395],[35.093423,31.502194],[35.094486,31.50309],[35.095322,31.502999],[35.095433,31.503105],[35.095666,31.5044],[35.101588,31.504401],[35.10471,31.504792],[35.105316,31.504676],[35.107067,31.503804],[35.107111,31.503359],[35.107349,31.503104],[35.109674,31.503034],[35.112792,31.502576],[35.114641,31.501958],[35.115578,31.501488],[35.115824,31.50107],[35.117287,31.500208],[35.118237,31.49863],[35.118868,31.496717],[35.1194,31.495991],[35.119636,31.4964],[35.119651,31.497276],[35.120522,31.496857],[35.120808,31.497059],[35.120436,31.498103],[35.120743,31.498882],[35.11966,31.499961],[35.121151,31.501096],[35.120153,31.501707],[35.119121,31.501685],[35.119507,31.504321],[35.11823,31.504848],[35.116359,31.505082],[35.11496,31.505799],[35.114489,31.506348],[35.114153,31.50716],[35.113862,31.50967],[35.114015,31.510991],[35.113604,31.510983],[35.115112,31.513387],[35.116881,31.513093],[35.119398,31.514288],[35.11939,31.514437],[35.11786,31.515758],[35.121491,31.51827],[35.12137,31.51918],[35.120613,31.520012],[35.120869,31.520446],[35.120557,31.521125],[35.120821,31.521396],[35.120718,31.52194],[35.120877,31.523462],[35.121411,31.524886],[35.121441,31.525425],[35.120147,31.52523],[35.117899,31.525814],[35.117901,31.525464],[35.115449,31.524831],[35.11529,31.526902],[35.114499,31.527016],[35.114506,31.527265],[35.113665,31.527386],[35.113248,31.530809],[35.112074,31.530663],[35.112264,31.529779],[35.112747,31.529303],[35.11268,31.528773],[35.111652,31.528125],[35.111098,31.528016],[35.110922,31.528179],[35.110558,31.529234],[35.110516,31.52988],[35.111101,31.531179],[35.110472,31.532636],[35.112877,31.532583],[35.113322,31.535237],[35.113896,31.536658],[35.113813,31.539435],[35.113441,31.539896],[35.111166,31.541242],[35.110235,31.540298],[35.110134,31.539819],[35.110305,31.539063],[35.11009,31.538366],[35.110424,31.538023],[35.110992,31.53785],[35.110911,31.537503],[35.110216,31.537401],[35.108915,31.538134],[35.108676,31.538019],[35.107749,31.538297],[35.107495,31.538607],[35.106895,31.538896],[35.10664,31.539479],[35.106615,31.54007],[35.106872,31.541021],[35.107229,31.541334],[35.108457,31.541173],[35.110094,31.540451],[35.11117,31.541462],[35.113488,31.540117],[35.114066,31.540526],[35.114826,31.541614],[35.115746,31.544129],[35.11606,31.546878],[35.115793,31.547538],[35.115983,31.547669],[35.116485,31.547374],[35.117171,31.547378],[35.117367,31.548579],[35.11866,31.550066],[35.118598,31.550339],[35.118788,31.550538],[35.118456,31.550767],[35.118064,31.550351],[35.116807,31.550789],[35.116673,31.551273],[35.115496,31.551573],[35.115587,31.552041],[35.1151,31.552299],[35.115271,31.552759],[35.115154,31.552793],[35.115202,31.553143],[35.114728,31.553341],[35.114752,31.553819],[35.114583,31.553909],[35.114696,31.554456],[35.114492,31.554546],[35.114505,31.555017],[35.114021,31.555095],[35.11392,31.556367],[35.113642,31.556496],[35.11387,31.558029],[35.11371,31.558786],[35.113291,31.558778],[35.113026,31.559359],[35.111696,31.558731],[35.111051,31.559392],[35.111226,31.559497],[35.11049,31.560024],[35.110827,31.561297],[35.109944,31.561529],[35.109798,31.561199],[35.107797,31.560823],[35.107082,31.561755],[35.106288,31.561703],[35.105863,31.562929],[35.105939,31.563935],[35.103619,31.563007],[35.102755,31.562868],[35.100699,31.562966],[35.100716,31.562638],[35.100451,31.566222],[35.101753,31.565745],[35.102713,31.565729],[35.103728,31.566252],[35.108097,31.567547],[35.108628,31.568225],[35.108725,31.568689],[35.108648,31.569733],[35.108772,31.570786],[35.109513,31.571877],[35.110142,31.572431],[35.113127,31.574255],[35.114426,31.575313],[35.118433,31.577504],[35.118755,31.577768],[35.119182,31.578736],[35.119217,31.579619],[35.118927,31.580114],[35.117734,31.580649],[35.116824,31.581584],[35.115564,31.581879],[35.114518,31.582535],[35.113493,31.58352],[35.112338,31.58529],[35.111811,31.586709],[35.110994,31.590559],[35.108544,31.591287],[35.106686,31.592213],[35.105827,31.592914],[35.104277,31.594755],[35.10352,31.596516],[35.102593,31.59674],[35.101393,31.59633],[35.099738,31.595413],[35.09915,31.595435],[35.098531,31.595936],[35.097796,31.597714],[35.096469,31.598897],[35.09611,31.599504],[35.095562,31.600016],[35.094326,31.600563],[35.092269,31.60083],[35.09239,31.602626],[35.091687,31.604526],[35.089327,31.608399],[35.088454,31.609101],[35.087014,31.613096],[35.087061,31.614568],[35.088743,31.61665],[35.089431,31.617276],[35.092424,31.618769],[35.094876,31.618729],[35.096797,31.618034],[35.096933,31.617701],[35.096596,31.617385],[35.097809,31.617293],[35.098817,31.61653],[35.100118,31.616451],[35.102611,31.616764],[35.103398,31.61659],[35.105306,31.615784],[35.106194,31.615087],[35.108025,31.613029],[35.108563,31.612814],[35.109466,31.6128],[35.110416,31.615009],[35.110664,31.615327],[35.11146,31.615559],[35.11238,31.616437],[35.11312,31.618222],[35.113201,31.619398],[35.113697,31.620501],[35.113651,31.62164],[35.112927,31.622959],[35.112665,31.624591],[35.11446,31.629196],[35.114883,31.631882],[35.112171,31.636201],[35.110994,31.637033],[35.108648,31.637641],[35.105954,31.639019],[35.104496,31.6381],[35.103441,31.637995],[35.102533,31.637315],[35.102049,31.637308],[35.101348,31.637716],[35.101215,31.638093],[35.102012,31.640192],[35.102167,31.641091],[35.102057,31.643577],[35.101762,31.644446],[35.100813,31.645468],[35.096889,31.647948],[35.095283,31.648692],[35.09501,31.649618],[35.094815,31.649817],[35.090907,31.651887],[35.088843,31.652678],[35.087605,31.653789],[35.085629,31.654827],[35.083803,31.655346],[35.079503,31.655897],[35.075919,31.657622],[35.0746,31.658069],[35.074261,31.658339],[35.073912,31.658957],[35.073005,31.659632],[35.068917,31.66155],[35.066912,31.661423],[35.064958,31.660532],[35.063287,31.66038],[35.062863,31.660112],[35.062448,31.660256],[35.058653,31.659019],[35.055066,31.65946],[35.0532,31.659947],[35.049875,31.65941],[35.048263,31.658294],[35.04765,31.658153],[35.046902,31.65664],[35.045757,31.655862],[35.045059,31.655126],[35.043679,31.652691],[35.042252,31.651169],[35.041825,31.650049],[35.038906,31.647744],[35.033887,31.647451],[35.027191,31.645843],[35.025779,31.645201],[35.023844,31.643641],[35.022061,31.642632],[35.019669,31.641949],[35.016813,31.640901],[35.014802,31.639941],[35.012858,31.639502],[35.009745,31.638391],[35.007612,31.636779],[35.00513,31.63634],[35.00495,31.63595],[35.005107,31.634226],[35.004503,31.633139],[35.00332,31.632026],[35.002377,31.63082],[34.999348,31.628808],[34.996481,31.625946],[34.992973,31.622944],[34.992098,31.621912],[34.991697,31.621085],[34.991416,31.619999],[34.991495,31.618763],[34.99204,31.617866],[34.992925,31.617265],[34.991472,31.616023],[34.990734,31.614423],[34.989788,31.612978],[34.988789,31.612391],[34.987415,31.611918],[34.983669,31.609613],[34.982777,31.608364],[34.982404,31.607644],[34.982173,31.60673],[34.982086,31.603945],[34.982398,31.603033],[34.982433,31.601559],[34.982612,31.601227],[34.98387,31.600057],[34.983916,31.599081],[34.983514,31.598248],[34.98101,31.595331],[34.980094,31.594007],[34.97947,31.592691],[34.979281,31.5919],[34.979489,31.590334],[34.980038,31.58934],[34.980907,31.588453],[34.980129,31.586754],[34.97903,31.583399],[34.978876,31.582162],[34.979241,31.58185],[34.980838,31.581553],[34.982838,31.580887],[34.983858,31.579659],[34.986288,31.577594],[34.987774,31.576437],[34.989438,31.57555],[34.991653,31.572275],[34.993268,31.572193],[34.995203,31.570372],[34.996985,31.56946],[35.001177,31.569139],[35.004731,31.567463],[35.006882,31.567055],[35.00852,31.566004],[35.009778,31.566574],[35.011186,31.566109],[35.01155,31.566133],[35.013408,31.567517],[35.014162,31.56782],[35.017142,31.567817],[35.01818,31.568475],[35.018995,31.569379],[35.019326,31.569549],[35.020393,31.569629],[35.021488,31.569103],[35.022585,31.5692],[35.022514,31.570147],[35.02209,31.570899],[35.024013,31.571028],[35.024458,31.571231],[35.024633,31.5727],[35.025108,31.57335],[35.025085,31.574191],[35.025241,31.574303],[35.02578,31.574119],[35.026263,31.574217],[35.028263,31.575173],[35.028722,31.575551],[35.02899,31.576107],[35.029446,31.576372],[35.031967,31.57691],[35.032857,31.576861],[35.033919,31.577246],[35.034776,31.577075],[35.03627,31.576087],[35.037476,31.575499],[35.037845,31.575528],[35.038053,31.576111],[35.038622,31.576383],[35.04019,31.575946],[35.042705,31.575896],[35.043643,31.575706],[35.045113,31.574088],[35.045682,31.571566],[35.046956,31.570354],[35.051433,31.568375],[35.053189,31.567845],[35.054282,31.567731],[35.056861,31.566279],[35.057401,31.566139],[35.05827,31.566055],[35.059391,31.566804],[35.05988,31.566907],[35.063616,31.566626],[35.065511,31.566742],[35.069582,31.566063],[35.073781,31.566091],[35.080444,31.565284],[35.080977,31.565422],[35.081247,31.565945],[35.083756,31.566012],[35.08574,31.566274],[35.087058,31.566227],[35.089368,31.565662],[35.093017,31.565357],[35.095105,31.565789],[35.096014,31.566182],[35.099629,31.56624],[35.099919,31.560783],[35.099706,31.56076],[35.098998,31.561373],[35.09485,31.563071],[35.093055,31.564144],[35.092803,31.56409],[35.090775,31.564922],[35.088919,31.565363],[35.087898,31.565924],[35.08747,31.565373],[35.086357,31.564752],[35.086854,31.564262],[35.086202,31.564065],[35.085683,31.563683],[35.085298,31.56285],[35.08527,31.562283],[35.08461,31.561603],[35.084275,31.561808],[35.083301,31.560853],[35.081952,31.559843],[35.081295,31.559822],[35.081375,31.559148],[35.080474,31.556846],[35.080409,31.555632],[35.080749,31.555043],[35.07989,31.553848],[35.079411,31.553571],[35.07791,31.556393],[35.075493,31.557985],[35.072643,31.558312],[35.067156,31.557277],[35.06602,31.557213],[35.062255,31.55805],[35.059126,31.559081],[35.057415,31.559389],[35.056372,31.559406],[35.051193,31.557424],[35.050793,31.556754],[35.050392,31.553825],[35.050025,31.552939],[35.049136,31.552887],[35.048238,31.553298],[35.04712,31.553382],[35.045704,31.553091],[35.041268,31.554186],[35.040411,31.553803],[35.037718,31.553929],[35.037021,31.553824],[35.03636,31.553603],[35.0351,31.552484],[35.032509,31.551031],[35.030935,31.549668],[35.030257,31.549547],[35.028062,31.549829],[35.027654,31.549737],[35.027091,31.548672],[35.026211,31.548174],[35.022573,31.547752],[35.021544,31.546579],[35.020357,31.544838],[35.020088,31.542668],[35.019556,31.54254],[35.01876,31.542831],[35.016451,31.542797],[35.015267,31.542159],[35.014833,31.541311],[35.014847,31.540579],[35.01544,31.538188],[35.016253,31.537301],[35.017895,31.536817],[35.018868,31.535953],[35.019155,31.534053],[35.019071,31.533653],[35.01649,31.532917],[35.015381,31.532818],[35.012773,31.533431],[35.011349,31.534878],[35.009569,31.534682],[35.009222,31.534536],[35.007126,31.530925],[35.005677,31.530063],[35.002282,31.529974],[35.002062,31.53009],[35.002055,31.530658],[35.001399,31.530973],[35.000802,31.530941],[34.999801,31.531524],[34.99894,31.53302],[34.998529,31.533458],[34.997949,31.533835],[34.997398,31.53386],[34.996839,31.533469],[34.996489,31.532364],[34.995895,31.531662],[34.993345,31.53057],[34.992617,31.530109],[34.99241,31.529617],[34.992604,31.529079],[34.994478,31.528986],[34.995054,31.528825],[34.995349,31.528645],[34.995941,31.52768],[34.996395,31.527529],[34.99711,31.527789],[34.997548,31.5294],[34.998058,31.529256],[34.997958,31.528507],[34.996914,31.526],[34.998176,31.52475],[35.00128,31.522903],[35.004524,31.51889],[35.004035,31.517267],[35.003218,31.515385],[35.002987,31.515262],[34.999442,31.515357],[34.998191,31.514196],[34.995669,31.51365],[34.993541,31.514126],[34.991491,31.514867],[34.991342,31.514802],[34.992416,31.512868],[34.993811,31.511225],[34.995821,31.509754],[34.997669,31.508058],[34.997741,31.507814],[34.997177,31.506608],[34.997202,31.504899],[34.997777,31.503863],[34.999375,31.501792],[34.998601,31.498404],[34.997605,31.497077],[34.997873,31.493886],[34.99555,31.490822],[34.995594,31.490156],[34.995133,31.489134],[34.994346,31.488496],[34.994753,31.488108],[34.996942,31.487991],[34.998582,31.486915],[34.99864,31.48673],[34.998021,31.48652],[34.995376,31.486547],[34.989457,31.485904],[34.988077,31.485217],[34.986244,31.484569],[34.984537,31.483569],[34.982897,31.483266],[34.979853,31.483632],[34.978156,31.484057],[34.97723,31.484567],[34.976286,31.48545],[34.975988,31.485525],[34.975897,31.485119],[34.976188,31.483211],[34.975937,31.482586],[34.973562,31.482501],[34.9727,31.481345],[34.969909,31.48044],[34.969573,31.48018],[34.9694,31.479811],[34.96993,31.47897],[34.970036,31.47766],[34.968239,31.476323],[34.96718,31.47426],[34.96402,31.46966],[34.962709,31.468573],[34.961939,31.468301],[34.959747,31.468317],[34.9578,31.46871],[34.957385,31.468645],[34.95732,31.468496],[34.957792,31.467824],[34.958326,31.465143],[34.955616,31.462914],[34.954356,31.462969],[34.949089,31.463808],[34.948631,31.459369],[34.948232,31.457128],[34.948022,31.456945],[34.947556,31.456944],[34.947026,31.457811],[34.945647,31.457619],[34.944802,31.458261],[34.943187,31.456647],[34.943204,31.455983],[34.945297,31.454846],[34.94549,31.454639],[34.945548,31.453965],[34.944513,31.452918],[34.942422,31.448973],[34.941688,31.449497],[34.941013,31.450358],[34.94077,31.451144],[34.940468,31.451529],[34.939603,31.451223],[34.939296,31.450856],[34.938767,31.449288],[34.938897,31.449047],[34.940053,31.44848],[34.940919,31.447326],[34.940934,31.446529],[34.940422,31.444792],[34.940386,31.444042],[34.939188,31.441085],[34.938557,31.438616],[34.938283,31.438345],[34.936906,31.437746],[34.936421,31.437284],[34.936109,31.435324],[34.934212,31.433068],[34.934085,31.432423],[34.930093,31.429934],[34.928228,31.429236],[34.927714,31.428113],[34.926694,31.427296],[34.925289,31.425802],[34.924759,31.425461],[34.924507,31.424693],[34.924093,31.424082],[34.92377,31.423885],[34.921798,31.423618],[34.920889,31.423228],[34.919828,31.422516],[34.916966,31.421431],[34.916814,31.42008],[34.916839,31.417068],[34.916505,31.415877],[34.916033,31.415013],[34.915768,31.413498],[34.915988,31.412394],[34.916465,31.411356],[34.917178,31.41034],[34.91809,31.40823],[34.918199,31.405651],[34.918805,31.403694],[34.91859,31.402517],[34.918646,31.400957],[34.919427,31.397527],[34.919679,31.396932],[34.920424,31.395942],[34.921139,31.39431],[34.921391,31.393012],[34.921304,31.392334],[34.92324,31.390713],[34.924886,31.390173],[34.925029,31.389995],[34.925131,31.388498],[34.925354,31.387916],[34.926805,31.387165],[34.927696,31.386138],[34.927758,31.385597],[34.927494,31.384143],[34.927681,31.383989],[34.929069,31.383729],[34.929809,31.383341],[34.930252,31.381879],[34.930684,31.381483],[34.931631,31.381167],[34.934101,31.38079],[34.934736,31.38029],[34.935045,31.379607],[34.936164,31.37915]],[[34.92579,31.432788],[34.925594,31.434054],[34.92338,31.434572],[34.923055,31.43487],[34.922507,31.43587],[34.921122,31.436718],[34.920165,31.437107],[34.91878,31.437264],[34.918141,31.437494],[34.91734,31.437992],[34.916617,31.43892],[34.916072,31.439274],[34.913812,31.439603],[34.912494,31.440183],[34.911734,31.440985],[34.910762,31.442898],[34.910248,31.443339],[34.909582,31.441989],[34.906363,31.439255],[34.907391,31.439091],[34.908925,31.439141],[34.908744,31.438374],[34.908269,31.437625],[34.907798,31.436383],[34.907102,31.435315],[34.906997,31.433933],[34.907195,31.433557],[34.908557,31.432371],[34.910706,31.43166],[34.912677,31.431481],[34.914517,31.430426],[34.915048,31.429665],[34.915145,31.428348],[34.915316,31.42794],[34.915978,31.427307],[34.916963,31.426727],[34.917664,31.425599],[34.918263,31.42526],[34.918811,31.425211],[34.919941,31.425532],[34.921248,31.426204],[34.922473,31.427227],[34.923521,31.428467],[34.923663,31.429384],[34.924185,31.430661],[34.925395,31.431392],[34.925693,31.431727],[34.925855,31.432258],[34.92579,31.432788]],[[34.923497,31.440792],[34.92417,31.440362],[34.925485,31.441362],[34.925994,31.442589],[34.925885,31.443787],[34.923924,31.446047],[34.927712,31.44666],[34.930149,31.447658],[34.931582,31.449076],[34.932408,31.451079],[34.932271,31.453032],[34.931612,31.45393],[34.930414,31.454631],[34.928568,31.455168],[34.928361,31.455507],[34.927679,31.456002],[34.927102,31.456012],[34.92642,31.456321],[34.925599,31.456176],[34.924409,31.456866],[34.923703,31.456991],[34.921973,31.456505],[34.917922,31.452468],[34.916988,31.451744],[34.916605,31.450894],[34.916682,31.449276],[34.914314,31.447543],[34.913293,31.447152],[34.912904,31.445103],[34.91407,31.444717],[34.916012,31.444601],[34.917436,31.444197],[34.920011,31.442674],[34.921805,31.442016],[34.923497,31.440792]],[[34.927265,31.440363],[34.926917,31.439642],[34.926774,31.438284],[34.926676,31.435231],[34.926829,31.434817],[34.928023,31.434152],[34.929402,31.43373],[34.930028,31.433739],[34.931233,31.434077],[34.931921,31.434961],[34.931753,31.435497],[34.931813,31.436221],[34.929388,31.436532],[34.928382,31.43705],[34.928028,31.437545],[34.927893,31.438114],[34.928369,31.440419],[34.927677,31.440966],[34.927265,31.440363]],[[34.939265,31.4582],[34.940631,31.459148],[34.94212,31.459786],[34.942589,31.460208],[34.943061,31.46147],[34.943112,31.462611],[34.943779,31.464261],[34.944532,31.464145],[34.946083,31.463213],[34.947158,31.4629],[34.947436,31.463525],[34.947128,31.464385],[34.94658,31.465099],[34.947559,31.466567],[34.947377,31.466772],[34.946165,31.467078],[34.945758,31.467356],[34.945783,31.467485],[34.949039,31.469518],[34.953253,31.471641],[34.953606,31.472147],[34.953798,31.472798],[34.953858,31.473443],[34.95364,31.474315],[34.955146,31.476102],[34.955564,31.47625],[34.956946,31.4762],[34.960019,31.476485],[34.962018,31.47684],[34.963568,31.478093],[34.96427,31.47895],[34.96456,31.47979],[34.964426,31.480874],[34.963715,31.482207],[34.963057,31.482788],[34.962984,31.483044],[34.96311,31.483597],[34.9638,31.484216],[34.963846,31.484623],[34.963656,31.485063],[34.964143,31.485398],[34.964147,31.485649],[34.963839,31.486066],[34.962988,31.486126],[34.962379,31.485912],[34.961672,31.486031],[34.961628,31.486158],[34.961633,31.486405],[34.96276,31.48653],[34.963315,31.486843],[34.963865,31.487381],[34.96408,31.487935],[34.964053,31.489108],[34.963394,31.489124],[34.963,31.489608],[34.962471,31.489103],[34.962203,31.489077],[34.962052,31.48929],[34.962054,31.490946],[34.962244,31.491148],[34.962935,31.491296],[34.963245,31.491772],[34.963095,31.492122],[34.962411,31.492474],[34.961513,31.492666],[34.959556,31.492726],[34.957454,31.492544],[34.955552,31.492206],[34.954215,31.491502],[34.952202,31.490984],[34.948795,31.496092],[34.948477,31.496051],[34.946995,31.495213],[34.94549,31.49533],[34.944864,31.494923],[34.944205,31.49476],[34.943081,31.495067],[34.942542,31.493317],[34.941477,31.490885],[34.941527,31.49047],[34.942002,31.489685],[34.941993,31.48911],[34.940493,31.485913],[34.938801,31.483433],[34.938776,31.482127],[34.940157,31.479854],[34.939922,31.478815],[34.936174,31.475578],[34.933973,31.474363],[34.933484,31.473949],[34.932985,31.473128],[34.932001,31.470758],[34.931223,31.46959],[34.930435,31.467845],[34.930237,31.467001],[34.93041,31.464738],[34.930935,31.463431],[34.931447,31.462513],[34.933604,31.45958],[34.933821,31.458794],[34.934306,31.45811],[34.93541,31.457568],[34.936951,31.457348],[34.937814,31.457513],[34.939265,31.4582]],[[34.958211,31.500138],[34.958893,31.500239],[34.960423,31.500881],[34.962139,31.500935],[34.963045,31.500719],[34.964014,31.500858],[34.964603,31.501344],[34.965173,31.501432],[34.967731,31.501458],[34.970686,31.500933],[34.97233,31.501111],[34.973042,31.500727],[34.973295,31.501024],[34.97337,31.501814],[34.972906,31.503176],[34.972745,31.505455],[34.97293,31.505565],[34.973704,31.50549],[34.974757,31.506125],[34.974929,31.507907],[34.975575,31.508661],[34.976365,31.50868],[34.977223,31.507364],[34.978682,31.505684],[34.978678,31.504082],[34.978835,31.50391],[34.979635,31.503998],[34.980986,31.504585],[34.981226,31.50485],[34.98192,31.50631],[34.982144,31.508297],[34.98128,31.510726],[34.982128,31.51206],[34.983081,31.514179],[34.983416,31.517515],[34.982721,31.518929],[34.982639,31.519912],[34.98243,31.520416],[34.980117,31.521308],[34.978252,31.5217],[34.977506,31.522081],[34.977469,31.522408],[34.978668,31.523652],[34.979563,31.525141],[34.979696,31.526653],[34.979566,31.529159],[34.979787,31.530959],[34.983467,31.53898],[34.98584,31.545767],[34.986272,31.546434],[34.988161,31.548298],[34.990887,31.550402],[34.991827,31.550608],[34.993227,31.550545],[34.991242,31.553668],[34.988937,31.555963],[34.987485,31.556179],[34.986945,31.556924],[34.984391,31.558846],[34.983179,31.560544],[34.982303,31.562525],[34.98134,31.563633],[34.980525,31.565219],[34.979275,31.56659],[34.978293,31.56726],[34.97495,31.56735],[34.974878,31.567974],[34.974583,31.568353],[34.973487,31.568709],[34.973104,31.569295],[34.972318,31.569705],[34.972345,31.570013],[34.973212,31.571203],[34.973146,31.571327],[34.971874,31.571445],[34.970862,31.571106],[34.96993,31.570326],[34.969628,31.569306],[34.969262,31.569262],[34.967544,31.570267],[34.96601,31.570209],[34.965093,31.56941],[34.964508,31.569171],[34.963893,31.568372],[34.963717,31.567247],[34.963936,31.566368],[34.964386,31.565671],[34.965097,31.565206],[34.964733,31.564191],[34.96517,31.562423],[34.964743,31.561959],[34.963518,31.561897],[34.962798,31.561563],[34.961797,31.560418],[34.960858,31.559962],[34.959897,31.558582],[34.959743,31.557116],[34.96024,31.55637],[34.959491,31.555516],[34.959346,31.55448],[34.959692,31.553314],[34.960193,31.552828],[34.961018,31.552369],[34.961022,31.552093],[34.960408,31.551105],[34.959335,31.548339],[34.95785,31.546814],[34.957572,31.54625],[34.957528,31.54548],[34.958181,31.544458],[34.957989,31.543455],[34.958122,31.541174],[34.956966,31.538473],[34.953849,31.529781],[34.950295,31.521326],[34.949223,31.518073],[34.945293,31.513468],[34.945834,31.511174],[34.94676,31.508711],[34.945561,31.503928],[34.945579,31.503409],[34.949039,31.500177],[34.952058,31.499559],[34.956327,31.497506],[34.956849,31.497498],[34.957127,31.497688],[34.957547,31.499183],[34.958211,31.500138]],[[34.989418,31.542559],[34.991134,31.542449],[34.992236,31.541259],[34.993191,31.540517],[34.993838,31.540228],[34.994774,31.540083],[34.995065,31.542043],[34.994633,31.542482],[34.99454,31.543054],[34.993327,31.543886],[34.993252,31.545018],[34.991932,31.544833],[34.991471,31.545791],[34.989568,31.545081],[34.989087,31.544552],[34.988807,31.543945],[34.988881,31.543129],[34.989418,31.542559]],[[35.029245,31.655049],[35.028498,31.655747],[35.026922,31.655648],[35.026508,31.655471],[35.026318,31.655109],[35.026684,31.65386],[35.026745,31.652818],[35.027813,31.652696],[35.029057,31.653707],[35.029245,31.655049]],[[35.166937,31.655963],[35.168743,31.655946],[35.176404,31.657295],[35.178797,31.657442],[35.18116,31.657213],[35.183306,31.656692],[35.18433,31.656197],[35.185827,31.654867],[35.192244,31.651367],[35.195725,31.650626],[35.198979,31.650805],[35.201286,31.651571],[35.202526,31.652274],[35.205565,31.655574],[35.207712,31.656761],[35.209744,31.656863],[35.211362,31.657177],[35.212308,31.657037],[35.213176,31.65659],[35.214178,31.655516],[35.217097,31.655611],[35.216915,31.657654],[35.217414,31.661314],[35.219104,31.664934],[35.213176,31.663246],[35.210222,31.662732],[35.209066,31.662611],[35.203655,31.662651],[35.202821,31.662986],[35.200589,31.664843],[35.196168,31.667436],[35.19383,31.67053],[35.193299,31.670889],[35.191269,31.671449],[35.187665,31.671631],[35.184988,31.671501],[35.184078,31.670907],[35.18262,31.669542],[35.179569,31.671514],[35.178613,31.671644],[35.177356,31.671456],[35.177074,31.671347],[35.176807,31.670737],[35.176936,31.670251],[35.178144,31.669985],[35.178635,31.669569],[35.178972,31.668922],[35.18043,31.668423],[35.178685,31.667241],[35.174116,31.665451],[35.170799,31.663911],[35.167884,31.662317],[35.166771,31.661537],[35.164351,31.659419],[35.163216,31.658086],[35.16323,31.657423],[35.163903,31.656927],[35.165062,31.656379],[35.166937,31.655963]],[[35.167528,31.667437],[35.166138,31.667159],[35.166092,31.665939],[35.165759,31.664485],[35.165818,31.663507],[35.166524,31.662728],[35.168817,31.664526],[35.168759,31.664984],[35.168199,31.665685],[35.168419,31.66691],[35.168114,31.66723],[35.167528,31.667437]],[[35.076951,31.671264],[35.078617,31.67205],[35.08189,31.674218],[35.081718,31.674909],[35.08104,31.675744],[35.08062,31.675993],[35.079321,31.676299],[35.077082,31.676473],[35.075713,31.67647],[35.075479,31.676303],[35.075121,31.674305],[35.074603,31.673186],[35.074599,31.672799],[35.075372,31.671329],[35.076951,31.671264]],[[35.198021,31.672293],[35.197395,31.67022],[35.201428,31.666467],[35.20203,31.666116],[35.203119,31.665811],[35.205601,31.665941],[35.207267,31.666597],[35.209472,31.667122],[35.217617,31.666721],[35.221469,31.666964],[35.222132,31.668288],[35.225024,31.667672],[35.225904,31.666765],[35.227047,31.667354],[35.227279,31.667973],[35.228734,31.669221],[35.231001,31.669068],[35.232459,31.668126],[35.235684,31.670277],[35.240453,31.672202],[35.243889,31.674596],[35.246238,31.676918],[35.247407,31.678979],[35.247447,31.679382],[35.246736,31.683349],[35.247026,31.683976],[35.24825,31.685072],[35.248404,31.685438],[35.247605,31.687169],[35.245772,31.689851],[35.244717,31.691013],[35.244386,31.691747],[35.24026,31.693103],[35.238285,31.69153],[35.235412,31.691301],[35.234756,31.691893],[35.233832,31.692041],[35.233793,31.692214],[35.235983,31.694002],[35.238275,31.694493],[35.238191,31.695641],[35.237525,31.696141],[35.233634,31.697929],[35.234281,31.701517],[35.237729,31.70155],[35.239595,31.701959],[35.24007,31.703523],[35.240147,31.705322],[35.237924,31.707063],[35.232762,31.708652],[35.231436,31.709383],[35.228472,31.711108],[35.226935,31.712642],[35.225776,31.713294],[35.22401,31.713687],[35.222525,31.712819],[35.218042,31.714989],[35.214844,31.715797],[35.207435,31.718589],[35.205144,31.721716],[35.204469,31.717823],[35.204516,31.716943],[35.201149,31.717063],[35.200616,31.717244],[35.200498,31.719826],[35.199313,31.720206],[35.196327,31.720471],[35.195675,31.722222],[35.191073,31.721178],[35.187254,31.720613],[35.184293,31.719678],[35.181675,31.717097],[35.181725,31.715433],[35.176558,31.714004],[35.175644,31.711439],[35.173935,31.708081],[35.173549,31.707839],[35.172385,31.706137],[35.170608,31.704113],[35.169841,31.702841],[35.169362,31.701387],[35.167984,31.699881],[35.165492,31.698014],[35.163131,31.697141],[35.162697,31.697157],[35.162721,31.697536],[35.161483,31.697879],[35.161798,31.695972],[35.162448,31.695252],[35.162637,31.694314],[35.161174,31.693461],[35.162101,31.692168],[35.162687,31.690982],[35.162804,31.690159],[35.162644,31.688602],[35.165709,31.688421],[35.165503,31.687454],[35.167288,31.688049],[35.169726,31.688147],[35.171378,31.687614],[35.179877,31.686141],[35.182799,31.685377],[35.183855,31.68555],[35.185764,31.686798],[35.187598,31.687607],[35.189978,31.687925],[35.194351,31.688013],[35.19739,31.688671],[35.199614,31.688579],[35.20092,31.6889],[35.20132,31.689512],[35.202335,31.688544],[35.202496,31.688205],[35.200682,31.685731],[35.200876,31.683897],[35.200323,31.680657],[35.199432,31.676705],[35.198021,31.672293]],[[35.1218,31.680982],[35.122586,31.681855],[35.126907,31.681628],[35.127638,31.681881],[35.127925,31.682493],[35.127907,31.682758],[35.127121,31.683718],[35.127184,31.684489],[35.126732,31.684571],[35.126707,31.685319],[35.125118,31.685679],[35.125937,31.686988],[35.12591,31.688473],[35.125787,31.68871],[35.124304,31.689818],[35.124248,31.690699],[35.124089,31.690913],[35.12345,31.69106],[35.12291,31.690809],[35.122345,31.691542],[35.121838,31.69088],[35.121436,31.690745],[35.121278,31.690272],[35.120831,31.690304],[35.120611,31.690107],[35.120442,31.689871],[35.120646,31.689567],[35.120554,31.689195],[35.120025,31.688944],[35.119853,31.6898],[35.119576,31.689898],[35.118459,31.689241],[35.117358,31.688922],[35.11734,31.688387],[35.117795,31.688071],[35.1176,31.687533],[35.116114,31.687451],[35.114296,31.687712],[35.112598,31.687701],[35.111511,31.687062],[35.111547,31.685969],[35.112158,31.684577],[35.1135,31.682652],[35.114427,31.681707],[35.115618,31.681198],[35.119209,31.680963],[35.120781,31.680658],[35.121277,31.680684],[35.1218,31.680982]],[[35.163646,31.705687],[35.16106,31.705742],[35.159884,31.705174],[35.159645,31.703928],[35.159906,31.703022],[35.161717,31.702338],[35.163821,31.702082],[35.16433,31.704176],[35.163646,31.705687]],[[35.100468,31.70388],[35.102451,31.703893],[35.104956,31.705372],[35.106648,31.70696],[35.104833,31.709918],[35.098245,31.704507],[35.099227,31.703635],[35.100468,31.70388]],[[35.129468,31.705899],[35.129565,31.705785],[35.129838,31.706096],[35.130396,31.705948],[35.131901,31.705922],[35.133766,31.70721],[35.134549,31.707481],[35.136349,31.707278],[35.137703,31.707483],[35.140469,31.707401],[35.141439,31.708235],[35.141869,31.708356],[35.142451,31.708137],[35.144243,31.705376],[35.144705,31.705281],[35.145064,31.705557],[35.145147,31.70611],[35.144885,31.706762],[35.144875,31.707295],[35.145218,31.708139],[35.146115,31.709496],[35.146347,31.71077],[35.146293,31.711255],[35.14508,31.713693],[35.143133,31.716807],[35.143039,31.720819],[35.142379,31.721538],[35.141533,31.722848],[35.141932,31.724348],[35.143035,31.725447],[35.143276,31.725916],[35.13894,31.726405],[35.135591,31.726272],[35.131544,31.725379],[35.130556,31.724953],[35.129897,31.724148],[35.129802,31.723773],[35.130061,31.722748],[35.130253,31.722554],[35.134671,31.721935],[35.135544,31.721176],[35.135663,31.719923],[35.135482,31.717916],[35.136129,31.716626],[35.135624,31.715717],[35.135168,31.715567],[35.131682,31.7167],[35.131185,31.716738],[35.128376,31.715019],[35.128465,31.714379],[35.130072,31.712723],[35.129114,31.711635],[35.128467,31.70913],[35.128509,31.707361],[35.129468,31.705899]],[[35.210387,31.655835],[35.209684,31.655833],[35.208448,31.654612],[35.206606,31.653606],[35.20653,31.653357],[35.207179,31.652627],[35.208064,31.652743],[35.209148,31.653542],[35.21124,31.654568],[35.211353,31.654808],[35.211142,31.655354],[35.210819,31.655679],[35.210387,31.655835]],[[35.213422,31.652671],[35.213401,31.652015],[35.214828,31.650788],[35.216219,31.653018],[35.216029,31.653374],[35.215647,31.653596],[35.214516,31.653501],[35.213834,31.653221],[35.213422,31.652671]],[[35.174019,31.652178],[35.175247,31.653047],[35.178441,31.652924],[35.180159,31.65382],[35.18158,31.653907],[35.182576,31.654464],[35.181918,31.655017],[35.179965,31.655804],[35.178103,31.656012],[35.177626,31.655901],[35.176407,31.655105],[35.175662,31.655384],[35.175014,31.655299],[35.173538,31.654414],[35.172159,31.654774],[35.171663,31.654739],[35.170499,31.654],[35.170739,31.65384],[35.170797,31.653343],[35.170242,31.652864],[35.168676,31.64971],[35.174921,31.648899],[35.176442,31.64889],[35.176335,31.649102],[35.175914,31.649295],[35.173989,31.649569],[35.173768,31.649765],[35.173131,31.65078],[35.173065,31.651475],[35.174019,31.652178]],[[35.206911,31.648986],[35.206247,31.64705],[35.206184,31.645569],[35.206844,31.644245],[35.208167,31.642407],[35.208533,31.6402],[35.21001,31.638242],[35.21233,31.634448],[35.214063,31.632756],[35.214462,31.630521],[35.215427,31.627249],[35.215803,31.626508],[35.217179,31.624735],[35.219239,31.624921],[35.2234,31.628583],[35.226315,31.632853],[35.227402,31.633611],[35.22745,31.635594],[35.227103,31.636363],[35.22708,31.636883],[35.227328,31.637965],[35.228356,31.640013],[35.228367,31.641386],[35.228109,31.642402],[35.222634,31.645098],[35.221588,31.646162],[35.220531,31.645932],[35.218515,31.645959],[35.216044,31.643952],[35.215564,31.643881],[35.215069,31.644338],[35.214877,31.645117],[35.21546,31.645672],[35.217028,31.646433],[35.217126,31.646918],[35.21617,31.647961],[35.212621,31.649943],[35.208658,31.650124],[35.206981,31.65058],[35.206911,31.648986]],[[35.191126,31.626142],[35.193388,31.62621],[35.194641,31.62688],[35.196312,31.627148],[35.198026,31.627019],[35.19975,31.627573],[35.197692,31.628916],[35.19687,31.630138],[35.194636,31.637717],[35.194297,31.638369],[35.193609,31.638735],[35.191396,31.638866],[35.189792,31.63982],[35.187718,31.640713],[35.18585,31.641166],[35.18434,31.640952],[35.182102,31.640163],[35.180691,31.640334],[35.17983,31.640763],[35.178863,31.640881],[35.1783,31.640612],[35.177354,31.639585],[35.176338,31.639252],[35.175093,31.639477],[35.173723,31.640288],[35.172563,31.640538],[35.171919,31.640441],[35.171048,31.639711],[35.169933,31.63939],[35.16616,31.639955],[35.165398,31.639329],[35.165424,31.638028],[35.165181,31.637406],[35.163855,31.637027],[35.163178,31.637012],[35.1626,31.637201],[35.162302,31.637114],[35.160517,31.635443],[35.160569,31.634801],[35.160206,31.633257],[35.157496,31.63228],[35.154153,31.63197],[35.151792,31.632054],[35.150373,31.632483],[35.149233,31.632612],[35.146184,31.632604],[35.14359,31.631946],[35.143436,31.631725],[35.14355,31.63121],[35.14175,31.632087],[35.138691,31.632785],[35.137034,31.632296],[35.136297,31.631371],[35.136242,31.630986],[35.137472,31.628622],[35.138708,31.627368],[35.141971,31.624741],[35.142169,31.623735],[35.141078,31.624311],[35.139918,31.624427],[35.139336,31.624668],[35.136817,31.626679],[35.133484,31.629859],[35.133602,31.628901],[35.133427,31.625568],[35.132844,31.624153],[35.131493,31.623043],[35.131361,31.622518],[35.13173,31.6218],[35.132175,31.621363],[35.136038,31.619033],[35.136597,31.618037],[35.137363,31.61714],[35.13733,31.616807],[35.136772,31.616226],[35.136511,31.615128],[35.136577,31.614832],[35.137344,31.614213],[35.137456,31.61359],[35.135992,31.611518],[35.135641,31.61126],[35.129699,31.608272],[35.129016,31.607802],[35.12736,31.605251],[35.125634,31.602176],[35.124065,31.60026],[35.125746,31.596618],[35.127131,31.594436],[35.130146,31.590487],[35.131008,31.589061],[35.131441,31.588153],[35.132988,31.583545],[35.134191,31.580853],[35.133394,31.580206],[35.133329,31.5796],[35.133623,31.578953],[35.133557,31.578804],[35.132094,31.57779],[35.131825,31.577275],[35.131842,31.576757],[35.132897,31.575181],[35.132814,31.574716],[35.132261,31.573493],[35.129051,31.569964],[35.128704,31.567809],[35.128771,31.567379],[35.130161,31.566614],[35.130769,31.566645],[35.133828,31.56574],[35.134391,31.565904],[35.134715,31.566196],[35.135873,31.567933],[35.1369,31.568155],[35.138135,31.568792],[35.142382,31.568654],[35.143416,31.568324],[35.14515,31.566713],[35.146609,31.566449],[35.146984,31.565148],[35.148032,31.565015],[35.15133,31.565504],[35.153233,31.565389],[35.155506,31.566158],[35.159394,31.566736],[35.161529,31.567892],[35.16261,31.568772],[35.164919,31.571403],[35.165102,31.571829],[35.164992,31.573238],[35.165099,31.57369],[35.166145,31.575148],[35.166778,31.577048],[35.169138,31.580651],[35.17067,31.58229],[35.171009,31.582359],[35.171766,31.582132],[35.172458,31.582911],[35.17252,31.583288],[35.171932,31.584518],[35.172062,31.585572],[35.174336,31.587518],[35.17421,31.587916],[35.172999,31.588869],[35.173241,31.59033],[35.173501,31.590713],[35.17537,31.591514],[35.176317,31.592817],[35.176766,31.594101],[35.17689,31.595699],[35.175421,31.597826],[35.175454,31.598402],[35.176541,31.599951],[35.17749,31.600536],[35.179235,31.601106],[35.179672,31.601675],[35.179769,31.603455],[35.180765,31.604979],[35.180768,31.60575],[35.180483,31.60641],[35.180525,31.606923],[35.181956,31.610183],[35.183882,31.610985],[35.18549,31.611022],[35.186465,31.611634],[35.187569,31.61138],[35.188079,31.611897],[35.188357,31.612439],[35.188717,31.613874],[35.189449,31.614225],[35.189809,31.61466],[35.189914,31.615131],[35.189713,31.61563],[35.188632,31.616005],[35.188804,31.617153],[35.187923,31.618379],[35.187504,31.619715],[35.187434,31.620724],[35.188816,31.622807],[35.188872,31.623773],[35.189063,31.624282],[35.190676,31.625964],[35.191126,31.626142]],[[35.224252,31.611449],[35.223415,31.609546],[35.224115,31.609076],[35.224832,31.609045],[35.22584,31.609722],[35.226491,31.610836],[35.226585,31.611641],[35.22619,31.612754],[35.225095,31.612879],[35.224651,31.612732],[35.224417,31.612374],[35.224252,31.611449]],[[35.127086,31.565667],[35.126639,31.565617],[35.126139,31.565245],[35.125712,31.564347],[35.127096,31.563229],[35.127423,31.562621],[35.127384,31.561788],[35.127556,31.561231],[35.127663,31.561107],[35.129585,31.561758],[35.129485,31.562716],[35.128229,31.563601],[35.12786,31.565061],[35.127086,31.565667]],[[35.192311,31.63935],[35.192431,31.63923],[35.19381,31.641424],[35.193523,31.642059],[35.192716,31.642105],[35.19162,31.641826],[35.190934,31.641064],[35.190992,31.640539],[35.192311,31.63935]],[[35.168795,31.641828],[35.168489,31.642994],[35.167482,31.645235],[35.165943,31.645834],[35.165375,31.647099],[35.163988,31.646788],[35.163631,31.643803],[35.16486,31.643852],[35.165252,31.643503],[35.165499,31.642619],[35.1667,31.642898],[35.168099,31.641977],[35.168795,31.641828]],[[35.162457,31.654767],[35.162208,31.6555],[35.161628,31.655937],[35.160429,31.655884],[35.159035,31.655572],[35.159127,31.65356],[35.158832,31.652485],[35.159015,31.65199],[35.159654,31.651963],[35.160426,31.652334],[35.162034,31.654054],[35.162457,31.654767]],[[35.123427,31.558919],[35.12253,31.558197],[35.124001,31.55593],[35.124919,31.554998],[35.125423,31.556086],[35.125972,31.556733],[35.126752,31.557187],[35.128168,31.557696],[35.127247,31.558338],[35.125341,31.558386],[35.124855,31.558817],[35.123427,31.558919]],[[35.063568,31.489972],[35.063619,31.488935],[35.064879,31.488997],[35.065889,31.489863],[35.066043,31.491261],[35.065214,31.491904],[35.063645,31.491792],[35.063141,31.491377],[35.063568,31.489972]],[[35.030264,31.465369],[35.030652,31.465426],[35.031133,31.465757],[35.031732,31.466756],[35.032147,31.467905],[35.033281,31.469704],[35.033599,31.47189],[35.03343,31.472473],[35.032985,31.47284],[35.031878,31.473029],[35.031019,31.47257],[35.030626,31.471815],[35.030634,31.470249],[35.029597,31.469581],[35.029273,31.46904],[35.029099,31.468201],[35.029051,31.466247],[35.029552,31.465697],[35.030264,31.465369]],[[35.024927,31.446615],[35.027317,31.446802],[35.028748,31.44713],[35.030577,31.448369],[35.031028,31.448926],[35.030888,31.450481],[35.031302,31.4517],[35.03167,31.451832],[35.032139,31.452298],[35.032164,31.452691],[35.031679,31.453604],[35.030922,31.454429],[35.029219,31.45567],[35.028179,31.457292],[35.027739,31.455432],[35.027063,31.455027],[35.025908,31.453984],[35.025265,31.452131],[35.024452,31.451457],[35.02385,31.450091],[35.023781,31.449648],[35.024034,31.448551],[35.024927,31.446615]],[[35.155772,31.73191],[35.155344,31.731963],[35.155936,31.730313],[35.156404,31.730097],[35.15694,31.730244],[35.157954,31.728799],[35.158368,31.727919],[35.159827,31.727418],[35.16052,31.727471],[35.160886,31.727702],[35.161093,31.728217],[35.160912,31.728733],[35.158862,31.730291],[35.157475,31.731594],[35.155772,31.73191]]]},"properties":{"oslo_class":"C","source_crs":"EPSG:4326","evidence_ref":["a1896d5f92"]}},{"type":"Feature","geometry":{"type":"MultiPolygon","coordinates":[[[[35.252652,31.767696],[35.25254,31.767746],[35.253014,31.764312],[35.253493,31.763715],[35.25373,31.762547],[35.25934,31.75729],[35.25945,31.7553],[35.259089,31.753909],[35.259265,31.753021],[35.259876,31.75219],[35.26123,31.751299],[35.262169,31.750374],[35.26282,31.749283],[35.263043,31.748266],[35.262731,31.747846],[35.260872,31.746852],[35.259438,31.743885],[35.258596,31.742536],[35.258019,31.741933],[35.251641,31.739011],[35.252326,31.736981],[35.251797,31.734918],[35.251733,31.732558],[35.249546,31.726218],[35.248295,31.724276],[35.243756,31.719898],[35.243218,31.712437],[35.239098,31.709647],[35.230905,31.713549],[35.229545,31.714754],[35.229356,31.716051],[35.228574,31.717193],[35.227657,31.717949],[35.225792,31.718852],[35.22495,31.718664],[35.223414,31.718667],[35.219164,31.715813],[35.205926,31.723634],[35.179564,31.720577],[35.165434,31.732451],[35.153863,31.733746],[35.151302,31.736349],[35.152465,31.736758],[35.153541,31.737514],[35.15515,31.739758],[35.158019,31.744312],[35.15849,31.744637],[35.160672,31.745057],[35.161446,31.744524],[35.16224,31.7434],[35.163042,31.742634],[35.163956,31.742082],[35.164721,31.741893],[35.169739,31.741449],[35.171433,31.741655],[35.1749,31.741606],[35.176081,31.742004],[35.177689,31.743007],[35.179875,31.742971],[35.181128,31.743244],[35.181847,31.743583],[35.183224,31.744621],[35.18387,31.745987],[35.186746,31.747874],[35.187667,31.747949],[35.188731,31.74688],[35.190255,31.74622],[35.191709,31.74622],[35.193045,31.74665],[35.194065,31.747375],[35.195503,31.749875],[35.196449,31.750459],[35.197115,31.750291],[35.197625,31.74986],[35.198165,31.748471],[35.198858,31.747539],[35.200938,31.746724],[35.202919,31.746825],[35.204242,31.748013],[35.2051,31.748443],[35.206278,31.748736],[35.206684,31.748779],[35.20699,31.748547],[35.208695,31.748364],[35.209834,31.747582],[35.21145,31.745118],[35.213138,31.74151],[35.214072,31.738612],[35.215114,31.736931],[35.216301,31.735796],[35.218175,31.734467],[35.220077,31.733961],[35.221148,31.733974],[35.222609,31.734598],[35.223406,31.735398],[35.224673,31.738655],[35.225506,31.741887],[35.22627,31.743065],[35.227612,31.744656],[35.235495,31.744728],[35.236557,31.74592],[35.241754,31.750543],[35.242975,31.751774],[35.243145,31.752123],[35.243134,31.757265],[35.243002,31.7577],[35.2426,31.757985],[35.242487,31.758761],[35.239919,31.759649],[35.236701,31.760439],[35.233576,31.761522],[35.229776,31.762454],[35.229161,31.762788],[35.228978,31.763489],[35.229046,31.764851],[35.22977,31.767171],[35.230995,31.768248],[35.232489,31.768636],[35.232711,31.768852],[35.232777,31.769338],[35.232694,31.769722],[35.231938,31.770681],[35.230698,31.773018],[35.229984,31.772911],[35.228022,31.773051],[35.227796,31.773436],[35.227863,31.775585],[35.227543,31.77582],[35.227633,31.776751],[35.225563,31.778541],[35.225916,31.778738],[35.226061,31.779408],[35.22746,31.780063],[35.227649,31.779849],[35.228079,31.780149],[35.228274,31.780122],[35.229474,31.78103],[35.229557,31.781274],[35.230347,31.78172],[35.228405,31.782774],[35.22759,31.783488],[35.227601,31.783754],[35.227826,31.783799],[35.227922,31.784047],[35.22789,31.784697],[35.22825,31.785291],[35.227993,31.786161],[35.22713,31.787027],[35.226944,31.78711],[35.226941,31.786909],[35.226941,31.787218],[35.228095,31.788555],[35.228894,31.789974],[35.228873,31.790254],[35.227977,31.790464],[35.226261,31.792181],[35.226931,31.791709],[35.226877,31.792199],[35.226378,31.793225],[35.225831,31.794968],[35.225703,31.796401],[35.22503,31.796445],[35.224146,31.797459],[35.22387,31.800582],[35.223356,31.801269],[35.220317,31.803294],[35.217225,31.804889],[35.214404,31.805328],[35.211319,31.805155],[35.210066,31.805248],[35.209061,31.805604],[35.205035,31.807977],[35.197461,31.809721],[35.195899,31.809819],[35.187941,31.809409],[35.18545,31.808834],[35.17757,31.80785],[35.174021,31.807997],[35.172415,31.808256],[35.1764,31.80791],[35.182344,31.808947],[35.184338,31.809076],[35.187619,31.80962],[35.187468,31.81029],[35.186946,31.811171],[35.186915,31.812193],[35.186322,31.813042],[35.185796,31.813317],[35.185481,31.813782],[35.184569,31.814449],[35.184459,31.815417],[35.184591,31.815985],[35.184313,31.816848],[35.183412,31.81877],[35.182097,31.820148],[35.181838,31.820713],[35.181895,31.821118],[35.182295,31.821652],[35.182436,31.824075],[35.184088,31.825874],[35.186878,31.826167],[35.187812,31.82638],[35.188196,31.826657],[35.194504,31.826804],[35.199524,31.825439],[35.203497,31.823189],[35.206723,31.823157],[35.207281,31.822795],[35.207596,31.822232],[35.207342,31.820926],[35.2076,31.82031],[35.208144,31.82011],[35.209087,31.820427],[35.209589,31.820217],[35.209878,31.819893],[35.209897,31.818838],[35.209325,31.818097],[35.209703,31.817023],[35.214587,31.818483],[35.214952,31.818839],[35.215325,31.819973],[35.215797,31.820594],[35.215812,31.821085],[35.215091,31.822347],[35.215463,31.823843],[35.215053,31.825762],[35.215486,31.828128],[35.216021,31.836694],[35.21604,31.839612],[35.213722,31.847117],[35.214171,31.850758],[35.213428,31.852538],[35.21169,31.858282],[35.211444,31.863127],[35.206532,31.865638],[35.206239,31.866116],[35.205276,31.869342],[35.204365,31.870135],[35.204163,31.870568],[35.204476,31.873369],[35.205202,31.874229],[35.207052,31.87885],[35.206534,31.880657],[35.206573,31.881378],[35.206996,31.88207],[35.20773,31.882535],[35.20894,31.882615],[35.209997,31.881956],[35.210345,31.882035],[35.210145,31.88228],[35.211077,31.882954],[35.212943,31.882386],[35.213859,31.883452],[35.220436,31.88322],[35.222839,31.879416],[35.223186,31.878622],[35.22608,31.868743],[35.228209,31.863879],[35.228119,31.863298],[35.227512,31.861896],[35.226119,31.860264],[35.225645,31.859367],[35.224719,31.85597],[35.2244,31.85427],[35.224402,31.853328],[35.22468,31.852539],[35.228414,31.847712],[35.229926,31.843439],[35.230098,31.842352],[35.232077,31.842165],[35.232987,31.84188],[35.241915,31.845916],[35.248343,31.845622],[35.250307,31.844341],[35.251222,31.844051],[35.251609,31.84315],[35.252457,31.842756],[35.252742,31.842426],[35.253339,31.842336],[35.256901,31.839521],[35.2569,31.838498],[35.256126,31.836992],[35.255592,31.836441],[35.253299,31.835023],[35.25245,31.832864],[35.2511,31.83076],[35.252878,31.831423],[35.254789,31.830318],[35.255848,31.830265],[35.256653,31.829748],[35.258686,31.829594],[35.264326,31.827],[35.266342,31.825722],[35.263743,31.825127],[35.261782,31.823476],[35.261499,31.822915],[35.261355,31.821234],[35.260929,31.819654],[35.258977,31.818029],[35.258006,31.816773],[35.256804,31.814099],[35.255714,31.812959],[35.257031,31.810257],[35.256838,31.803692],[35.258154,31.801657],[35.259103,31.801034],[35.259317,31.800708],[35.260196,31.792348],[35.260457,31.791889],[35.261942,31.790374],[35.262543,31.790071],[35.263233,31.789982],[35.261459,31.787288],[35.259692,31.785437],[35.257905,31.785279],[35.257517,31.784976],[35.257184,31.780012],[35.254006,31.770573],[35.251846,31.770527],[35.252652,31.767696]]],[[[35.172402,31.808256],[35.172196,31.808256],[35.171749,31.808263],[35.171666,31.808282],[35.172402,31.808256]]],[[[35.139764,31.728711],[35.138754,31.728516],[35.137779,31.728595],[35.137301,31.728885],[35.136587,31.729798],[35.136399,31.730591],[35.136377,31.733921],[35.136859,31.73295],[35.136928,31.730518],[35.137261,31.729579],[35.138197,31.728908],[35.139764,31.728711]]],[[[35.144462,31.732143],[35.144491,31.732201],[35.14469,31.732463],[35.145011,31.732743],[35.145178,31.732841],[35.144462,31.732143]]]]},"properties":{"oslo_class":"Israeli Declared East Jerusalem","source_crs":"EPSG:4326","evidence_ref":["a1896d5f92"]}},{"type":"Feature","geometry":{"type":"MultiPolygon","coordinates":[[[[34.98759,31.967661],[34.98813,31.965741],[34.989096,31.963326],[34.991199,31.959455],[34.992019,31.958298],[34.996225,31.954049],[34.998866,31.951713],[35.000655,31.950369],[35.004701,31.948203],[35.006502,31.946933],[35.006967,31.946403],[35.007053,31.945782],[35.006685,31.944641],[35.004038,31.940572],[35.00262,31.937818],[35.002468,31.936943],[35.00254,31.935989],[35.002809,31.935203],[35.003314,31.934483],[35.005393,31.932504],[35.008639,31.929925],[35.010644,31.928533],[35.012088,31.92775],[35.014772,31.92679],[35.018413,31.925921],[35.024369,31.925582],[35.027156,31.92527],[35.02836,31.924973],[35.030021,31.924312],[35.031393,31.923343],[35.032239,31.922502],[35.034126,31.92008],[35.035783,31.916921],[35.036509,31.915199],[35.0384,31.908829],[35.039153,31.904816],[35.039153,31.90288],[35.038497,31.898511],[35.038597,31.897286],[35.03917,31.894568],[35.039389,31.891937],[35.03914,31.88557],[35.038743,31.881654],[35.038733,31.879566],[35.038152,31.876705],[35.037194,31.870249],[35.036261,31.867458],[35.036047,31.86595],[35.034951,31.86342],[35.033929,31.860104],[35.032854,31.857659],[35.032295,31.856998],[35.03075,31.856275],[35.029457,31.855978],[35.020556,31.856646],[35.017146,31.856616],[35.012701,31.856255],[35.001162,31.855073],[34.997632,31.854281],[34.996011,31.853618],[34.994217,31.852547],[34.992775,31.851108],[34.992003,31.849671],[34.991059,31.846842],[34.989848,31.845189],[34.987875,31.843651],[34.980748,31.838961],[34.978633,31.837359],[34.978178,31.836642],[34.977956,31.83585],[34.978079,31.834348],[34.977962,31.832961],[34.978214,31.832443],[34.978701,31.832044],[34.983117,31.83109],[34.987991,31.830654],[34.998146,31.830314],[35.003624,31.82944],[35.017681,31.829198],[35.020534,31.829307],[35.022431,31.82963],[35.0276,31.831681],[35.030772,31.833494],[35.032014,31.834925],[35.040981,31.843],[35.043741,31.845732],[35.048068,31.849304],[35.049963,31.850634],[35.054383,31.854171],[35.057412,31.855545],[35.060918,31.856492],[35.062204,31.856603],[35.067403,31.856489],[35.070923,31.856193],[35.074173,31.855645],[35.07647,31.854832],[35.079509,31.854048],[35.081161,31.853308],[35.082898,31.852274],[35.089183,31.84507],[35.094246,31.837597],[35.097391,31.833893],[35.099319,31.832313],[35.100647,31.831442],[35.102295,31.830663],[35.104768,31.829818],[35.104692,31.827033],[35.103083,31.827433],[35.100837,31.828994],[35.096232,31.831363],[35.092425,31.83362],[35.086723,31.836464],[35.08019,31.840075],[35.075078,31.842616],[35.067369,31.845995],[35.061942,31.84818],[35.058809,31.849691],[35.055291,31.851005],[35.054511,31.849832],[35.053889,31.848275],[35.05166,31.844136],[35.050267,31.841189],[35.047205,31.834141],[35.045827,31.830391],[35.043304,31.825536],[35.042836,31.824989],[35.038586,31.821977],[35.035204,31.819883],[35.031353,31.818274],[35.029225,31.817873],[35.02679,31.81786],[35.016628,31.818816],[35.014736,31.81887],[35.010065,31.819514],[35.006829,31.8196],[34.999914,31.819247],[34.995061,31.81857],[34.991986,31.817987],[34.988644,31.817026],[34.986423,31.816195],[34.984375,31.816061],[34.98075,31.816108],[34.978265,31.816593],[34.974039,31.818012],[34.969863,31.821166],[34.969253,31.82158],[34.968933,31.82154],[34.966318,31.823977],[34.96474,31.826011],[34.963818,31.827745],[34.962244,31.829524],[34.961828,31.830363],[34.96143,31.831885],[34.961224,31.834151],[34.960341,31.835839],[34.958776,31.840803],[34.958141,31.844923],[34.957432,31.851651],[34.957125,31.85241],[34.956565,31.852904],[34.955852,31.855962],[34.9559,31.856846],[34.956454,31.858323],[34.957253,31.85919],[34.958635,31.860265],[34.959524,31.861644],[34.961069,31.862178],[34.966866,31.863187],[34.974046,31.864844],[34.980805,31.866768],[34.988204,31.868441],[34.999828,31.870229],[35.001936,31.870119],[35.004829,31.870626],[35.010778,31.869722],[35.012617,31.869579],[35.02528,31.86946],[35.026881,31.869486],[35.027055,31.869727],[35.026499,31.871444],[35.027353,31.876099],[35.027385,31.880577],[35.026973,31.881648],[35.024595,31.88425],[35.024208,31.885526],[35.024347,31.886845],[35.024664,31.887578],[35.027428,31.891469],[35.027436,31.891726],[35.026036,31.894401],[35.025385,31.897498],[35.024669,31.902644],[35.024017,31.91207],[35.023741,31.913984],[35.023319,31.915465],[35.022201,31.917387],[35.021156,31.918338],[35.017237,31.919348],[35.01183,31.920377],[35.007259,31.921524],[35.003296,31.924612],[35.000521,31.926184],[34.999071,31.927261],[34.997229,31.928988],[34.996569,31.929881],[34.995465,31.93196],[34.994847,31.933978],[34.992382,31.945501],[34.991049,31.949135],[34.989198,31.952706],[34.987243,31.955486],[34.982883,31.960861],[34.982173,31.961989],[34.981388,31.963707],[34.980932,31.965203],[34.980484,31.968019],[34.980571,31.968163],[34.982373,31.967505],[34.983556,31.967308],[34.984838,31.967349],[34.987065,31.967788],[34.98759,31.967661]]],[[[35.22503,31.796445],[35.225703,31.796401],[35.225831,31.794968],[35.226378,31.793225],[35.226877,31.792199],[35.226931,31.791709],[35.226051,31.792385],[35.224472,31.79464],[35.223806,31.796384],[35.22503,31.796445]]],[[[35.227173,31.787589],[35.226886,31.791457],[35.227977,31.790464],[35.228873,31.790254],[35.228894,31.789974],[35.227784,31.788111],[35.227173,31.787589]]],[[[35.227612,31.744656],[35.224261,31.744557],[35.223175,31.745892],[35.223349,31.746461],[35.223501,31.746547],[35.223255,31.74635],[35.224037,31.74699],[35.224465,31.74712],[35.224624,31.747454],[35.224479,31.74858],[35.225,31.75058],[35.224957,31.75084],[35.22432,31.751044],[35.224742,31.755462],[35.225164,31.757097],[35.226575,31.757356],[35.227009,31.756732],[35.227625,31.756467],[35.227951,31.75667],[35.228059,31.756954],[35.228523,31.759829],[35.228639,31.761655],[35.227995,31.763335],[35.228097,31.76459],[35.228337,31.765836],[35.229576,31.769117],[35.23009,31.771256],[35.229722,31.772639],[35.227713,31.772898],[35.225497,31.776989],[35.225505,31.779332],[35.227317,31.780313],[35.227541,31.780585],[35.226607,31.782044],[35.226672,31.783556],[35.227418,31.784055],[35.226944,31.78711],[35.227993,31.786161],[35.22825,31.785291],[35.22789,31.784697],[35.227922,31.784047],[35.227826,31.783799],[35.227601,31.783754],[35.22759,31.783488],[35.228405,31.782774],[35.230347,31.78172],[35.229557,31.781274],[35.229474,31.78103],[35.228274,31.780122],[35.228079,31.780149],[35.227649,31.779849],[35.22746,31.780063],[35.226061,31.779408],[35.225916,31.778738],[35.225563,31.778541],[35.227633,31.776751],[35.227543,31.77582],[35.227863,31.775585],[35.227796,31.773436],[35.228022,31.773051],[35.229984,31.772911],[35.230698,31.773018],[35.231938,31.770681],[35.232694,31.769722],[35.232777,31.769338],[35.232711,31.768852],[35.232489,31.768636],[35.230995,31.768248],[35.22977,31.767171],[35.229046,31.764851],[35.228978,31.763489],[35.229161,31.762788],[35.229776,31.762454],[35.233576,31.761522],[35.236701,31.760439],[35.239919,31.759649],[35.242487,31.758761],[35.2426,31.757985],[35.243002,31.7577],[35.243134,31.757265],[35.243046,31.755338],[35.243189,31.752306],[35.242975,31.751774],[35.238683,31.747684],[35.236557,31.74592],[35.235495,31.744728],[35.227612,31.744656]]]]},"properties":{"oslo_class":"No Man's Land","source_crs":"EPSG:4326","evidence_ref":["a1896d5f92"]}},{"type":"Feature","geometry":{"type":"Polygon","coordinates":[[[35.090775,31.564922],[35.092803,31.56409],[35.093055,31.564144],[35.09485,31.563071],[35.098998,31.561373],[35.100382,31.560176],[35.10075,31.562025],[35.100699,31.562966],[35.102755,31.562868],[35.103619,31.563007],[35.105939,31.563935],[35.105863,31.562929],[35.106288,31.561703],[35.107082,31.561755],[35.107797,31.560823],[35.109798,31.561199],[35.109945,31.561529],[35.110827,31.561297],[35.11049,31.560024],[35.111226,31.559497],[35.111051,31.559392],[35.111696,31.558731],[35.113026,31.559359],[35.113291,31.558778],[35.11371,31.558786],[35.11387,31.558029],[35.113642,31.556496],[35.11392,31.556367],[35.114021,31.555095],[35.114505,31.555017],[35.114492,31.554546],[35.114696,31.554456],[35.114583,31.553909],[35.114752,31.553819],[35.114728,31.553341],[35.11508,31.553194],[35.114538,31.550874],[35.113578,31.551102],[35.112479,31.5492],[35.113224,31.549036],[35.11323,31.548269],[35.113999,31.547161],[35.114104,31.546591],[35.113965,31.545856],[35.113388,31.545301],[35.114388,31.543497],[35.113881,31.542881],[35.114074,31.542402],[35.113689,31.542056],[35.113339,31.542101],[35.110868,31.544169],[35.109347,31.543741],[35.108266,31.54417],[35.107481,31.544856],[35.106835,31.543588],[35.106005,31.543695],[35.105254,31.541859],[35.105356,31.54059],[35.105854,31.53952],[35.10863,31.536801],[35.11077,31.536272],[35.110323,31.53576],[35.110075,31.534575],[35.109316,31.532951],[35.107617,31.531027],[35.107162,31.530044],[35.107407,31.529888],[35.107628,31.530154],[35.108023,31.529675],[35.108542,31.529555],[35.108307,31.528262],[35.107276,31.527741],[35.106938,31.527736],[35.10646,31.527127],[35.106197,31.527068],[35.104558,31.527517],[35.104188,31.527436],[35.103696,31.526705],[35.102436,31.526755],[35.102418,31.526492],[35.100493,31.526091],[35.0999,31.525817],[35.099845,31.525555],[35.098913,31.5256],[35.098648,31.525401],[35.097652,31.525359],[35.097669,31.524607],[35.099339,31.524821],[35.100024,31.524656],[35.099799,31.524288],[35.100106,31.524118],[35.1,31.52374],[35.101051,31.523013],[35.101492,31.523005],[35.101943,31.522701],[35.103955,31.52253],[35.104357,31.522591],[35.104767,31.522934],[35.105096,31.522687],[35.105835,31.523191],[35.106104,31.5229],[35.10611,31.521583],[35.106827,31.521459],[35.107431,31.52182],[35.108809,31.521562],[35.109202,31.52114],[35.109933,31.519311],[35.109989,31.518545],[35.108792,31.517229],[35.1083,31.516421],[35.108333,31.514773],[35.106209,31.512812],[35.103968,31.509024],[35.102889,31.507528],[35.100265,31.506395],[35.100091,31.50548],[35.099308,31.504435],[35.095666,31.5044],[35.095433,31.503105],[35.095322,31.502999],[35.094486,31.50309],[35.093423,31.502194],[35.093241,31.501395],[35.092482,31.500938],[35.091704,31.50099],[35.091316,31.502217],[35.090664,31.502947],[35.088027,31.503808],[35.086115,31.503382],[35.084547,31.502625],[35.083149,31.503559],[35.082604,31.503156],[35.081539,31.503633],[35.080902,31.502392],[35.080467,31.502063],[35.082292,31.499961],[35.080668,31.5003],[35.080353,31.499668],[35.079395,31.499818],[35.079895,31.497422],[35.07977,31.496822],[35.079385,31.496465],[35.078898,31.496378],[35.077599,31.497187],[35.077892,31.498902],[35.077761,31.499087],[35.07751,31.499216],[35.077077,31.499162],[35.076876,31.499881],[35.076052,31.500711],[35.075439,31.501269],[35.073746,31.502099],[35.073039,31.50271],[35.072574,31.503668],[35.071799,31.503917],[35.071557,31.504277],[35.071711,31.505513],[35.072556,31.505779],[35.072237,31.508148],[35.072338,31.508583],[35.071822,31.509341],[35.072651,31.509939],[35.072213,31.510581],[35.072149,31.511371],[35.072976,31.513018],[35.072394,31.513142],[35.071821,31.513971],[35.072268,31.51522],[35.071575,31.515261],[35.070799,31.515736],[35.070262,31.516704],[35.069453,31.517623],[35.069324,31.517895],[35.069321,31.519847],[35.068932,31.520056],[35.068878,31.520796],[35.068464,31.52109],[35.068396,31.521519],[35.070394,31.523086],[35.072875,31.524358],[35.072938,31.524824],[35.073607,31.525568],[35.073276,31.526232],[35.073377,31.526668],[35.073728,31.527116],[35.073436,31.528328],[35.073916,31.529091],[35.073976,31.529809],[35.074974,31.529993],[35.07517,31.530386],[35.075032,31.531544],[35.07516,31.531899],[35.073446,31.532659],[35.072602,31.533258],[35.072188,31.533893],[35.071801,31.534658],[35.072751,31.535181],[35.072938,31.535501],[35.072658,31.53599],[35.071866,31.536671],[35.070383,31.537544],[35.070299,31.538104],[35.070609,31.538459],[35.070507,31.539388],[35.070951,31.539638],[35.072595,31.539156],[35.073423,31.539187],[35.07585,31.539752],[35.076634,31.539573],[35.076348,31.540856],[35.077948,31.542043],[35.078959,31.542511],[35.078642,31.543204],[35.078996,31.544561],[35.07916,31.544689],[35.078614,31.54555],[35.078857,31.546668],[35.079368,31.54662],[35.079464,31.547063],[35.078972,31.547193],[35.079145,31.548434],[35.07945,31.548798],[35.079418,31.54914],[35.079019,31.549237],[35.079009,31.549546],[35.080466,31.549913],[35.080086,31.551422],[35.08024,31.55169],[35.080086,31.552754],[35.080177,31.553412],[35.081029,31.554264],[35.080409,31.555632],[35.080384,31.556046],[35.080474,31.556846],[35.081375,31.559148],[35.081295,31.559822],[35.081952,31.559843],[35.083301,31.560853],[35.084275,31.561808],[35.08461,31.561603],[35.08527,31.562283],[35.085298,31.56285],[35.085683,31.563683],[35.086202,31.564065],[35.086854,31.564262],[35.086357,31.564752],[35.08747,31.565373],[35.087898,31.565924],[35.088919,31.565363],[35.090775,31.564922]]]},"properties":{"oslo_class":"H1","source_crs":"EPSG:4326","evidence_ref":["a1896d5f92"]}},{"type":"Feature","geometry":{"type":"Polygon","coordinates":[[[35.116848,31.551006],[35.116807,31.550789],[35.118064,31.550351],[35.118456,31.550767],[35.118788,31.550538],[35.118598,31.550339],[35.11866,31.550066],[35.117367,31.548579],[35.117171,31.547378],[35.116485,31.547374],[35.115983,31.547669],[35.115793,31.547538],[35.11606,31.546878],[35.115746,31.544129],[35.114826,31.541614],[35.114066,31.540526],[35.113488,31.540117],[35.11117,31.541462],[35.110094,31.540451],[35.108457,31.541173],[35.107229,31.541334],[35.106872,31.541021],[35.106615,31.54007],[35.10664,31.539479],[35.106895,31.538896],[35.107495,31.538607],[35.107749,31.538297],[35.108676,31.538019],[35.108915,31.538134],[35.110216,31.537401],[35.110911,31.537503],[35.110992,31.53785],[35.110424,31.538023],[35.110091,31.538366],[35.110305,31.539063],[35.110134,31.539819],[35.110235,31.540298],[35.111166,31.541242],[35.113441,31.539896],[35.113813,31.539435],[35.113896,31.536658],[35.113322,31.535237],[35.112877,31.532583],[35.110472,31.532636],[35.111101,31.531179],[35.110516,31.52988],[35.110558,31.529234],[35.110922,31.528179],[35.111098,31.528016],[35.111652,31.528125],[35.11268,31.528773],[35.112747,31.529303],[35.112264,31.529779],[35.112074,31.530663],[35.113248,31.530809],[35.113665,31.527386],[35.114506,31.527265],[35.114499,31.527016],[35.11529,31.526902],[35.115449,31.524831],[35.117901,31.525464],[35.117899,31.525814],[35.120147,31.52523],[35.121441,31.525425],[35.121411,31.524886],[35.120877,31.523462],[35.120718,31.52194],[35.120821,31.521396],[35.120557,31.521125],[35.120869,31.520446],[35.120613,31.520012],[35.12137,31.51918],[35.121491,31.51827],[35.11786,31.515758],[35.11939,31.514437],[35.119398,31.514288],[35.116881,31.513093],[35.115112,31.513387],[35.113604,31.510983],[35.114015,31.510991],[35.113862,31.50967],[35.113918,31.508443],[35.114153,31.50716],[35.114489,31.506348],[35.11496,31.505799],[35.115654,31.50535],[35.116359,31.505082],[35.11823,31.504848],[35.119507,31.504321],[35.119121,31.501685],[35.120153,31.501707],[35.121151,31.501096],[35.11966,31.499961],[35.120743,31.498882],[35.120436,31.498103],[35.120808,31.497059],[35.120522,31.496857],[35.119651,31.497276],[35.119636,31.4964],[35.1194,31.495991],[35.118868,31.496717],[35.118237,31.49863],[35.117287,31.500208],[35.115824,31.50107],[35.115578,31.501488],[35.114641,31.501958],[35.112792,31.502576],[35.109674,31.503034],[35.107349,31.503104],[35.107111,31.503359],[35.107067,31.503804],[35.105316,31.504676],[35.10471,31.504792],[35.101588,31.504401],[35.099308,31.504435],[35.100091,31.50548],[35.100265,31.506395],[35.102889,31.507528],[35.103968,31.509024],[35.106209,31.512812],[35.108333,31.514773],[35.1083,31.516421],[35.108792,31.517229],[35.109989,31.518545],[35.109933,31.519311],[35.109202,31.52114],[35.108809,31.521562],[35.107431,31.52182],[35.106827,31.521459],[35.10611,31.521583],[35.106104,31.5229],[35.105835,31.523191],[35.105096,31.522687],[35.104767,31.522934],[35.104357,31.522591],[35.103955,31.52253],[35.101943,31.522701],[35.101492,31.523005],[35.101051,31.523013],[35.1,31.52374],[35.100106,31.524118],[35.099799,31.524288],[35.100024,31.524656],[35.099339,31.524821],[35.097669,31.524607],[35.097622,31.525055],[35.097652,31.525359],[35.098648,31.525401],[35.098913,31.5256],[35.099845,31.525555],[35.0999,31.525817],[35.100493,31.526091],[35.102418,31.526492],[35.102436,31.526755],[35.103696,31.526705],[35.104188,31.527436],[35.104558,31.527517],[35.106197,31.527068],[35.10646,31.527127],[35.106938,31.527736],[35.107276,31.527741],[35.108307,31.528262],[35.108542,31.529555],[35.108023,31.529675],[35.107628,31.530154],[35.107407,31.529888],[35.107162,31.530044],[35.107617,31.531027],[35.109316,31.532951],[35.110075,31.534575],[35.110323,31.53576],[35.11077,31.536272],[35.10863,31.536801],[35.106453,31.538861],[35.105854,31.53952],[35.105356,31.54059],[35.105254,31.541859],[35.106005,31.543695],[35.106835,31.543588],[35.107481,31.544856],[35.108266,31.54417],[35.109347,31.543741],[35.110868,31.544169],[35.113339,31.542101],[35.113689,31.542056],[35.114074,31.542402],[35.113881,31.542881],[35.114388,31.543497],[35.113388,31.545301],[35.113965,31.545856],[35.114104,31.546591],[35.113999,31.547161],[35.11323,31.548269],[35.113224,31.549036],[35.112479,31.5492],[35.113578,31.551102],[35.114538,31.550874],[35.11508,31.553194],[35.115271,31.55276],[35.1151,31.552299],[35.115587,31.552041],[35.115496,31.551573],[35.116673,31.551273],[35.116848,31.551006]]]},"properties":{"oslo_class":"H2","source_crs":"EPSG:4326","evidence_ref":["a1896d5f92"]}},{"type":"Feature","geometry":{"type":"MultiPolygon","coordinates":[[[[35.108703,31.486918],[35.109451,31.486464],[35.111942,31.48692],[35.115123,31.483827],[35.117224,31.482823],[35.118129,31.481356],[35.119533,31.478529],[35.119846,31.477061],[35.122692,31.473341],[35.127274,31.468461],[35.127898,31.467581],[35.12962,31.464526],[35.130806,31.461511],[35.131867,31.459938],[35.132748,31.458963],[35.137702,31.454617],[35.138575,31.453657],[35.140227,31.45171],[35.142767,31.445901],[35.146568,31.442835],[35.147254,31.442035],[35.147409,31.441608],[35.147348,31.440674],[35.148376,31.4395],[35.149186,31.438994],[35.151304,31.437074],[35.153424,31.43588],[35.153673,31.435453],[35.153518,31.434946],[35.152989,31.434866],[35.152958,31.434092],[35.150842,31.432784],[35.149568,31.429021],[35.148436,31.427244],[35.147689,31.426469],[35.146165,31.425028],[35.142119,31.423985],[35.14269,31.423053],[35.142358,31.421978],[35.141714,31.421524],[35.141337,31.421441],[35.138509,31.421875],[35.137482,31.421794],[35.135001,31.420401],[35.133756,31.420133],[35.129585,31.420477],[35.127841,31.420903],[35.122954,31.420286],[35.120372,31.41887],[35.11894,31.418549],[35.115496,31.417238],[35.114595,31.41537],[35.113787,31.414355],[35.11245,31.412059],[35.109241,31.415339],[35.101173,31.420108],[35.098034,31.421043],[35.097162,31.421869],[35.092181,31.422292],[35.089909,31.421329],[35.088757,31.421541],[35.087044,31.42258],[35.086059,31.422713],[35.084815,31.422365],[35.083538,31.422737],[35.081949,31.423482],[35.081235,31.422014],[35.078687,31.415539],[35.077789,31.412123],[35.077323,31.411135],[35.077202,31.408707],[35.077593,31.402896],[35.077876,31.400975],[35.078376,31.399187],[35.078941,31.396173],[35.08167,31.3905],[35.084942,31.387221],[35.084881,31.38594],[35.084012,31.384205],[35.08338,31.383411],[35.08223,31.382129],[35.073686,31.379983],[35.071476,31.380088],[35.069143,31.379738],[35.066126,31.379121],[35.0637,31.378291],[35.062175,31.378423],[35.058357,31.379528],[35.056146,31.38102],[35.055864,31.382194],[35.055459,31.382487],[35.054556,31.382672],[35.053964,31.382992],[35.052344,31.384164],[35.050632,31.384295],[35.049855,31.384188],[35.048488,31.383012],[35.047181,31.383117],[35.046244,31.384823],[35.04506,31.385596],[35.044592,31.386395],[35.044433,31.388103],[35.04471,31.389864],[35.045796,31.392027],[35.048678,31.394713],[35.049739,31.395369],[35.051416,31.397213],[35.048379,31.403868],[35.04825,31.405949],[35.047781,31.407149],[35.047064,31.407949],[35.044976,31.409467],[35.044477,31.409974],[35.044259,31.410454],[35.044226,31.411014],[35.044566,31.412535],[35.045436,31.413577],[35.046742,31.414433],[35.047777,31.414534],[35.050068,31.421715],[35.048101,31.425021],[35.044664,31.430266],[35.046965,31.432243],[35.047523,31.433658],[35.047458,31.435206],[35.051629,31.440754],[35.051939,31.441848],[35.052747,31.442383],[35.053836,31.442811],[35.054489,31.443506],[35.054894,31.44364],[35.055296,31.445108],[35.055449,31.446709],[35.0561,31.448151],[35.057637,31.450786],[35.059595,31.453057],[35.060989,31.457141],[35.061114,31.459268],[35.059519,31.463535],[35.065682,31.465277],[35.070567,31.468431],[35.072923,31.470394],[35.074258,31.473278],[35.076156,31.474427],[35.078992,31.473283],[35.080926,31.471817],[35.084224,31.473875],[35.08555,31.47437],[35.086795,31.475065],[35.08835,31.476427],[35.09196,31.478992],[35.094293,31.481663],[35.094791,31.481903],[35.095412,31.483051],[35.09557,31.485579],[35.095756,31.486327],[35.097715,31.489104],[35.09924,31.490412],[35.099893,31.49076],[35.102292,31.490628],[35.104868,31.489903],[35.107861,31.487397],[35.108703,31.486918]]],[[[35.080507,31.553831],[35.080177,31.553412],[35.080086,31.552754],[35.080239,31.55169],[35.080086,31.551422],[35.080466,31.549913],[35.079009,31.549546],[35.079019,31.549237],[35.079418,31.54914],[35.07945,31.548798],[35.079145,31.548434],[35.078972,31.547193],[35.079464,31.547063],[35.079368,31.54662],[35.078857,31.546668],[35.078614,31.54555],[35.07916,31.544689],[35.078996,31.544561],[35.078642,31.543204],[35.078959,31.542511],[35.077948,31.542043],[35.076348,31.540856],[35.076634,31.539573],[35.07585,31.539752],[35.073423,31.539187],[35.072595,31.539156],[35.070951,31.539638],[35.070507,31.539388],[35.070609,31.538459],[35.070299,31.538104],[35.070383,31.537544],[35.071866,31.536671],[35.072658,31.53599],[35.072938,31.535501],[35.072751,31.535181],[35.071801,31.534658],[35.072188,31.533893],[35.072602,31.533258],[35.073446,31.532659],[35.07516,31.531899],[35.075031,31.531544],[35.07517,31.530386],[35.074974,31.529993],[35.073975,31.529809],[35.073916,31.529091],[35.073436,31.528328],[35.073728,31.527116],[35.073377,31.526668],[35.073276,31.526232],[35.073607,31.525568],[35.072938,31.524824],[35.072875,31.524358],[35.070394,31.523086],[35.068396,31.521519],[35.068464,31.52109],[35.068878,31.520796],[35.068932,31.520056],[35.069321,31.519847],[35.069324,31.517895],[35.069453,31.517623],[35.070262,31.516704],[35.070799,31.515736],[35.071575,31.515261],[35.072268,31.51522],[35.071821,31.513971],[35.072394,31.513142],[35.072976,31.513018],[35.072149,31.511371],[35.072187,31.510905],[35.067588,31.508514],[35.066654,31.505079],[35.065745,31.505319],[35.064359,31.503718],[35.063704,31.502296],[35.063144,31.499719],[35.061578,31.499127],[35.060794,31.499717],[35.060136,31.499957],[35.059071,31.500063],[35.058695,31.499956],[35.056754,31.499202],[35.056756,31.497861],[35.049932,31.497527],[35.047708,31.497524],[35.047363,31.497711],[35.045609,31.497736],[35.04492,31.497198],[35.040911,31.496817],[35.040599,31.496012],[35.036843,31.49437],[35.036258,31.493964],[35.03579,31.493078],[35.034163,31.491976],[35.032283,31.492],[35.028147,31.49296],[35.026299,31.492474],[35.025613,31.490998],[35.023238,31.487621],[35.022836,31.485179],[35.021777,31.482065],[35.021751,31.480546],[35.024955,31.475587],[35.025554,31.473575],[35.023302,31.472096],[35.019823,31.468664],[35.019355,31.4681],[35.018949,31.467187],[35.018827,31.465846],[35.018483,31.465335],[35.018046,31.464986],[35.016763,31.464555],[35.016482,31.463937],[35.015795,31.463212],[35.014481,31.462297],[35.011402,31.459624],[35.010684,31.458604],[35.010313,31.456403],[35.009969,31.456161],[35.00856,31.455917],[35.007809,31.455514],[35.007342,31.454413],[35.007312,31.453715],[35.007878,31.452938],[35.009447,31.451384],[35.010329,31.449732],[35.010644,31.448874],[35.010835,31.447666],[35.010524,31.446378],[35.008898,31.44541],[35.00821,31.44514],[35.005392,31.445297],[35.005552,31.443526],[35.005155,31.439883],[35.004133,31.434623],[35.003543,31.432825],[35.003553,31.431011],[35.004588,31.430127],[35.008501,31.430375],[35.009941,31.43027],[35.012039,31.429656],[35.012948,31.429201],[35.014266,31.427781],[35.014737,31.426897],[35.014927,31.426226],[35.014771,31.425582],[35.01274,31.423996],[35.012866,31.423459],[35.012702,31.423012],[35.011609,31.421669],[35.009857,31.421237],[35.008106,31.420429],[35.007137,31.419891],[35.005731,31.418601],[35.004828,31.416373],[35.004739,31.414387],[35.002774,31.41029],[35.002212,31.409564],[35.000905,31.406369],[34.998392,31.401339],[34.994602,31.402754],[34.991346,31.403312],[34.989156,31.40312],[34.984976,31.400755],[34.984281,31.400655],[34.983323,31.399659],[34.981355,31.398634],[34.978619,31.39656],[34.977165,31.396438],[34.96812,31.398417],[34.965239,31.398227],[34.964722,31.398742],[34.964848,31.399591],[34.964264,31.399619],[34.963727,31.399249],[34.962416,31.398896],[34.961836,31.398895],[34.960588,31.399224],[34.959597,31.399812],[34.959123,31.400327],[34.958993,31.400622],[34.958989,31.402189],[34.956019,31.403234],[34.953779,31.404538],[34.953479,31.406809],[34.952498,31.407974],[34.950602,31.408671],[34.949425,31.409379],[34.949093,31.410536],[34.947639,31.413887],[34.946222,31.416241],[34.944772,31.418172],[34.942851,31.419506],[34.9413,31.420141],[34.939497,31.421692],[34.938687,31.423745],[34.938494,31.424459],[34.93865,31.424651],[34.938244,31.425649],[34.938592,31.429108],[34.938627,31.432642],[34.938344,31.437598],[34.939088,31.440776],[34.940386,31.444042],[34.940422,31.444792],[34.940934,31.446529],[34.94205,31.448144],[34.944385,31.452699],[34.946389,31.454783],[34.947798,31.455849],[34.948461,31.458214],[34.949089,31.463808],[34.954356,31.462969],[34.956617,31.462761],[34.964252,31.469887],[34.96718,31.47426],[34.968239,31.476323],[34.973271,31.479777],[34.976611,31.481189],[34.978592,31.481272],[34.980606,31.480825],[34.982989,31.481015],[34.983577,31.481228],[34.988077,31.485217],[34.989082,31.485804],[34.994713,31.486495],[34.997544,31.486497],[34.999174,31.486705],[34.999225,31.491288],[34.998654,31.492692],[34.997873,31.493886],[34.997584,31.496763],[34.997698,31.497289],[34.998601,31.498404],[34.999415,31.501603],[34.999292,31.501994],[34.997777,31.503863],[34.997238,31.504767],[34.997177,31.506608],[34.997741,31.507814],[35.003004,31.514811],[35.004035,31.517267],[35.004524,31.51889],[35.004994,31.519656],[35.005599,31.522727],[35.006028,31.526571],[35.005677,31.530063],[35.007329,31.531145],[35.009222,31.534536],[35.011349,31.534878],[35.012773,31.533431],[35.015767,31.532803],[35.019071,31.533653],[35.020056,31.533748],[35.024749,31.536555],[35.031347,31.534924],[35.032602,31.535329],[35.029707,31.538417],[35.029705,31.539466],[35.031054,31.540167],[35.033662,31.539256],[35.036491,31.538023],[35.03781,31.537729],[35.03872,31.538349],[35.038593,31.539102],[35.038346,31.539716],[35.035796,31.542885],[35.036105,31.545359],[35.038299,31.547728],[35.040025,31.548913],[35.047388,31.550763],[35.049899,31.552029],[35.050203,31.553118],[35.051091,31.55281],[35.05277,31.553],[35.057918,31.554781],[35.059992,31.554272],[35.062254,31.553952],[35.068708,31.55361],[35.072948,31.553669],[35.078445,31.553433],[35.079773,31.553751],[35.080749,31.555043],[35.081029,31.554264],[35.080507,31.553831]]],[[[35.186965,31.573455],[35.188551,31.573245],[35.190554,31.572509],[35.190617,31.570642],[35.190441,31.569268],[35.195634,31.569264],[35.202542,31.56868],[35.210926,31.568244],[35.212558,31.568548],[35.215242,31.571455],[35.216413,31.572108],[35.217253,31.572429],[35.217551,31.572344],[35.217858,31.571842],[35.218006,31.570822],[35.218295,31.570132],[35.219327,31.568715],[35.221622,31.564313],[35.22309,31.562655],[35.223227,31.562101],[35.223099,31.56122],[35.224251,31.560477],[35.225575,31.558761],[35.225674,31.558136],[35.224538,31.557562],[35.224336,31.556543],[35.224518,31.555768],[35.225601,31.555033],[35.225639,31.554236],[35.225822,31.55388],[35.228062,31.552973],[35.229347,31.552802],[35.229985,31.552404],[35.23119,31.552194],[35.232125,31.551636],[35.235599,31.54813],[35.236217,31.546378],[35.237125,31.544887],[35.238171,31.543717],[35.239325,31.543246],[35.239713,31.542192],[35.239976,31.541872],[35.240325,31.541701],[35.240975,31.54169],[35.241211,31.541858],[35.241241,31.542252],[35.240762,31.543024],[35.240774,31.543518],[35.240966,31.543708],[35.242151,31.54352],[35.242923,31.542845],[35.24325,31.54165],[35.243108,31.535859],[35.242868,31.535007],[35.242166,31.533646],[35.242128,31.532749],[35.243592,31.532566],[35.244872,31.532749],[35.245499,31.532687],[35.246006,31.532341],[35.246604,31.531459],[35.247746,31.530239],[35.248165,31.530057],[35.249768,31.530449],[35.251495,31.529323],[35.252379,31.528994],[35.255447,31.529215],[35.256943,31.528984],[35.257626,31.528437],[35.258046,31.527496],[35.258493,31.527],[35.260479,31.526217],[35.261113,31.525194],[35.26184,31.524447],[35.262083,31.523874],[35.261983,31.521936],[35.262233,31.521164],[35.262032,31.520791],[35.261323,31.52024],[35.256509,31.51897],[35.254474,31.518745],[35.253832,31.518485],[35.251582,31.515893],[35.25086,31.513715],[35.249522,31.512436],[35.248697,31.511395],[35.248366,31.510472],[35.248131,31.508445],[35.248282,31.508223],[35.250367,31.507201],[35.250677,31.506914],[35.250858,31.506282],[35.250439,31.505606],[35.250795,31.504995],[35.250856,31.504375],[35.250344,31.504123],[35.249929,31.503453],[35.249524,31.503255],[35.248707,31.503201],[35.248064,31.502976],[35.247499,31.503219],[35.246537,31.503219],[35.244663,31.502456],[35.243341,31.502346],[35.242601,31.501247],[35.24221,31.499953],[35.241041,31.498824],[35.240148,31.497533],[35.238132,31.495696],[35.236534,31.494863],[35.23585,31.494776],[35.23552,31.494505],[35.235282,31.493365],[35.234194,31.492194],[35.234062,31.490755],[35.233346,31.489928],[35.232897,31.48867],[35.232758,31.48594],[35.233196,31.484846],[35.233279,31.482381],[35.232911,31.481975],[35.231768,31.481597],[35.231324,31.481215],[35.230492,31.477599],[35.229794,31.477423],[35.228294,31.478122],[35.226696,31.478137],[35.223874,31.477151],[35.222287,31.476406],[35.221601,31.475831],[35.221173,31.475672],[35.220152,31.475791],[35.219864,31.4766],[35.219522,31.476923],[35.218106,31.476578],[35.216237,31.476485],[35.216231,31.475881],[35.215759,31.475295],[35.215154,31.475045],[35.21434,31.475007],[35.213793,31.474537],[35.213896,31.474034],[35.215124,31.472892],[35.215243,31.472466],[35.215158,31.47208],[35.213379,31.470367],[35.212414,31.469832],[35.211495,31.469759],[35.211062,31.469892],[35.210494,31.470251],[35.209263,31.471516],[35.208236,31.471999],[35.203681,31.472126],[35.201924,31.471406],[35.201401,31.471333],[35.2008,31.471536],[35.199254,31.473013],[35.198466,31.473031],[35.196715,31.47272],[35.19571,31.473103],[35.195288,31.472961],[35.194493,31.472303],[35.193965,31.472139],[35.190227,31.472132],[35.189462,31.47136],[35.189656,31.470599],[35.189259,31.469622],[35.187325,31.468898],[35.187429,31.469639],[35.188171,31.470669],[35.188171,31.471437],[35.186252,31.471239],[35.186431,31.472182],[35.186277,31.472533],[35.184895,31.472861],[35.184536,31.473914],[35.184638,31.474725],[35.18492,31.475076],[35.186046,31.475668],[35.186404,31.476217],[35.186455,31.477094],[35.185072,31.478431],[35.184339,31.478616],[35.185088,31.480137],[35.185568,31.482182],[35.188092,31.486467],[35.189456,31.48988],[35.189802,31.491355],[35.18985,31.492731],[35.18958,31.493703],[35.189095,31.494425],[35.187471,31.495998],[35.184267,31.498681],[35.183092,31.49936],[35.179101,31.50081],[35.177734,31.501746],[35.176067,31.50322],[35.174681,31.504708],[35.174325,31.506276],[35.173778,31.507633],[35.172766,31.508382],[35.169951,31.509317],[35.166343,31.509386],[35.163965,31.508964],[35.163091,31.509362],[35.162626,31.509946],[35.155637,31.509977],[35.152467,31.510467],[35.150635,31.511168],[35.149267,31.512548],[35.14861,31.51414],[35.148639,31.515551],[35.148869,31.516112],[35.148772,31.516353],[35.145853,31.517485],[35.145114,31.518027],[35.144644,31.518626],[35.14499,31.519067],[35.145262,31.519886],[35.147285,31.526175],[35.147639,31.527837],[35.147721,31.528656],[35.147389,31.533384],[35.147412,31.535325],[35.14752,31.537642],[35.148064,31.541364],[35.148992,31.543634],[35.149114,31.545056],[35.150835,31.547514],[35.151245,31.548568],[35.151737,31.54927],[35.153841,31.551354],[35.153977,31.552033],[35.15425,31.552431],[35.15477,31.552712],[35.15611,31.551496],[35.158052,31.551099],[35.161102,31.551886],[35.163754,31.552823],[35.165668,31.553058],[35.167144,31.552778],[35.17018,31.551866],[35.170809,31.55189],[35.171902,31.552428],[35.171979,31.552988],[35.172224,31.553142],[35.172603,31.554322],[35.172612,31.555378],[35.172393,31.555752],[35.172338,31.557507],[35.171461,31.560456],[35.171434,31.561205],[35.172702,31.563612],[35.174861,31.565789],[35.177759,31.568154],[35.178087,31.569535],[35.178743,31.571291],[35.179744,31.57343],[35.180373,31.573851],[35.180619,31.573594],[35.181112,31.573477],[35.182288,31.573407],[35.184667,31.574133],[35.186226,31.573502],[35.186965,31.573455]]],[[[35.103879,31.589482],[35.104107,31.588922],[35.104877,31.588143],[35.107811,31.586343],[35.109407,31.584761],[35.111372,31.583958],[35.112427,31.582766],[35.113794,31.582158],[35.11462,31.581988],[35.115281,31.582044],[35.116153,31.581742],[35.114605,31.57998],[35.114112,31.577159],[35.11435,31.575888],[35.114663,31.575452],[35.113127,31.574255],[35.110142,31.572431],[35.109513,31.571877],[35.108772,31.570786],[35.108648,31.569733],[35.108725,31.568689],[35.108472,31.567991],[35.102772,31.567721],[35.100366,31.56776],[35.10075,31.562025],[35.100382,31.560176],[35.099706,31.56076],[35.099919,31.560783],[35.099921,31.561794],[35.099529,31.567755],[35.096039,31.567814],[35.092503,31.569025],[35.093372,31.570517],[35.093843,31.572307],[35.094812,31.573608],[35.095034,31.575291],[35.09431,31.577088],[35.091789,31.579206],[35.089739,31.579959],[35.088115,31.580323],[35.087629,31.581857],[35.089007,31.583189],[35.097312,31.589677],[35.100775,31.589431],[35.103536,31.590237],[35.103879,31.589482]]],[[[35.201149,31.717063],[35.204516,31.716943],[35.204469,31.717823],[35.205144,31.721716],[35.207435,31.718589],[35.214844,31.715797],[35.218042,31.714989],[35.222525,31.712819],[35.22401,31.713687],[35.225776,31.713294],[35.226935,31.712642],[35.228472,31.711108],[35.231436,31.709383],[35.232762,31.708652],[35.237924,31.707063],[35.240147,31.705322],[35.24007,31.703523],[35.239595,31.701959],[35.237729,31.70155],[35.234281,31.701517],[35.233634,31.697929],[35.237122,31.696387],[35.238191,31.695641],[35.238275,31.694493],[35.235983,31.694002],[35.233793,31.692214],[35.233832,31.692041],[35.234611,31.691963],[35.235106,31.691592],[35.235309,31.690821],[35.235959,31.689675],[35.235295,31.688423],[35.235202,31.687901],[35.235308,31.687198],[35.236051,31.685588],[35.238801,31.68295],[35.239451,31.682802],[35.239265,31.681714],[35.238588,31.680512],[35.23726,31.677387],[35.236149,31.676849],[35.229609,31.674866],[35.22745,31.673835],[35.226854,31.674719],[35.226535,31.674901],[35.225567,31.675048],[35.225328,31.675332],[35.224028,31.675434],[35.223384,31.675682],[35.219166,31.675093],[35.216791,31.673914],[35.214625,31.672013],[35.215513,31.671707],[35.215898,31.670335],[35.215752,31.669394],[35.21546,31.66902],[35.21478,31.666908],[35.209472,31.667122],[35.207267,31.666597],[35.205601,31.665941],[35.203301,31.665781],[35.201711,31.666269],[35.200599,31.667271],[35.201177,31.667725],[35.202594,31.669358],[35.20362,31.671945],[35.203699,31.673813],[35.203581,31.675126],[35.202793,31.677449],[35.202891,31.678509],[35.203269,31.679515],[35.20319,31.680895],[35.202954,31.681013],[35.20384,31.683891],[35.20447,31.684278],[35.204489,31.684598],[35.202335,31.688544],[35.20132,31.689512],[35.20092,31.6889],[35.199614,31.688579],[35.19739,31.688671],[35.194351,31.688013],[35.189978,31.687925],[35.187598,31.687607],[35.185764,31.686798],[35.183855,31.68555],[35.182799,31.685377],[35.179877,31.686141],[35.171378,31.687614],[35.169726,31.688147],[35.167288,31.688049],[35.165503,31.687454],[35.165766,31.688892],[35.165548,31.692244],[35.165011,31.693669],[35.163131,31.697141],[35.165616,31.698091],[35.167984,31.699881],[35.169362,31.701387],[35.169763,31.702654],[35.170313,31.703695],[35.172385,31.706137],[35.173549,31.707839],[35.173935,31.708081],[35.175644,31.711439],[35.176558,31.714004],[35.181725,31.715433],[35.181675,31.717097],[35.184293,31.719678],[35.187254,31.720613],[35.191073,31.721178],[35.195675,31.722222],[35.196328,31.720471],[35.199313,31.720206],[35.200498,31.719826],[35.200616,31.717244],[35.201149,31.717063]]],[[[35.262085,31.722554],[35.262638,31.722333],[35.263707,31.722522],[35.264112,31.722301],[35.264848,31.720537],[35.265216,31.720254],[35.26599,31.720096],[35.267464,31.72019],[35.268423,31.720567],[35.271962,31.72299],[35.272986,31.722922],[35.273686,31.723362],[35.274829,31.723708],[35.275604,31.724935],[35.277963,31.726036],[35.281909,31.729026],[35.282941,31.729308],[35.283605,31.729812],[35.284453,31.730158],[35.28578,31.730251],[35.287438,31.73003],[35.288796,31.729597],[35.289264,31.729753],[35.293514,31.729038],[35.300392,31.72862],[35.30377,31.72675],[35.303951,31.723984],[35.304676,31.722955],[35.306318,31.721564],[35.308271,31.721176],[35.310831,31.721207],[35.312851,31.720777],[35.313486,31.72041],[35.314077,31.719458],[35.314325,31.7182],[35.312292,31.717278],[35.309061,31.718475],[35.304771,31.71861],[35.304901,31.716618],[35.304069,31.713836],[35.302982,31.712094],[35.301333,31.711191],[35.299763,31.710757],[35.297752,31.709663],[35.295785,31.709105],[35.29289,31.708723],[35.289638,31.708773],[35.289929,31.707933],[35.290582,31.707351],[35.291635,31.70589],[35.291442,31.705052],[35.290928,31.703988],[35.290788,31.700493],[35.291101,31.698465],[35.292148,31.695849],[35.293576,31.693337],[35.294506,31.692284],[35.295187,31.691969],[35.297343,31.691822],[35.298277,31.690701],[35.299354,31.68981],[35.299997,31.688953],[35.301426,31.688424],[35.301516,31.686925],[35.302918,31.685645],[35.303026,31.684097],[35.302944,31.683032],[35.302796,31.682792],[35.300933,31.681574],[35.298536,31.681547],[35.296208,31.680956],[35.290748,31.681557],[35.288246,31.680501],[35.287591,31.680453],[35.284069,31.67946],[35.282861,31.679321],[35.282518,31.679036],[35.282112,31.678284],[35.280871,31.677718],[35.275354,31.677056],[35.274235,31.676543],[35.272954,31.675067],[35.272336,31.675229],[35.270724,31.675215],[35.270043,31.674804],[35.26901,31.674605],[35.268505,31.674343],[35.267886,31.675033],[35.265371,31.67683],[35.264839,31.677463],[35.264839,31.678702],[35.265668,31.679613],[35.265698,31.680245],[35.265965,31.680878],[35.265847,31.681611],[35.263568,31.681486],[35.263184,31.681916],[35.262296,31.681967],[35.2605,31.681539],[35.259195,31.684067],[35.25899,31.687184],[35.257639,31.688853],[35.256259,31.689883],[35.255942,31.690364],[35.255972,31.69108],[35.256906,31.69241],[35.256281,31.693127],[35.255659,31.695608],[35.254827,31.697272],[35.252889,31.700009],[35.253255,31.702528],[35.253351,31.705236],[35.255417,31.710386],[35.254947,31.71324],[35.254737,31.713797],[35.25436,31.714183],[35.254286,31.716263],[35.253286,31.717295],[35.253151,31.718592],[35.253198,31.719474],[35.254073,31.721142],[35.254245,31.721871],[35.254207,31.722503],[35.253713,31.723804],[35.253722,31.724505],[35.254744,31.727201],[35.255462,31.728496],[35.254431,31.730656],[35.25547,31.731791],[35.255898,31.731593],[35.258734,31.727908],[35.259912,31.725168],[35.261533,31.723058],[35.262085,31.722554]]],[[[35.206914,31.931935],[35.208107,31.930916],[35.208343,31.930413],[35.210267,31.930763],[35.213054,31.93085],[35.215063,31.930357],[35.215285,31.929989],[35.215492,31.925701],[35.21647,31.923601],[35.218031,31.921689],[35.219862,31.921742],[35.222268,31.921123],[35.223674,31.920385],[35.223804,31.91861],[35.224037,31.917882],[35.224452,31.917469],[35.226366,31.916376],[35.227151,31.915172],[35.227569,31.913598],[35.227426,31.909038],[35.227218,31.908828],[35.226785,31.908737],[35.223817,31.909019],[35.222957,31.908943],[35.222532,31.908747],[35.221299,31.907684],[35.220778,31.906516],[35.220477,31.905546],[35.220318,31.903791],[35.220032,31.902666],[35.220439,31.900712],[35.220764,31.896515],[35.221165,31.894788],[35.221852,31.893862],[35.223375,31.892781],[35.22517,31.892164],[35.226659,31.892129],[35.227033,31.891408],[35.226977,31.890423],[35.226646,31.889429],[35.225685,31.888946],[35.224222,31.888543],[35.223118,31.889062],[35.22207,31.889224],[35.221186,31.888719],[35.219302,31.886846],[35.217585,31.885935],[35.215308,31.885484],[35.214123,31.886019],[35.212002,31.88608],[35.209247,31.885047],[35.207218,31.883824],[35.206526,31.883678],[35.205537,31.883936],[35.205468,31.884556],[35.203819,31.885423],[35.203612,31.885945],[35.202924,31.886826],[35.202262,31.887344],[35.199059,31.888221],[35.196352,31.888472],[35.193405,31.890295],[35.192273,31.890348],[35.191845,31.890176],[35.189303,31.887958],[35.188533,31.887563],[35.187576,31.887538],[35.18434,31.888111],[35.182612,31.888831],[35.18172,31.887829],[35.180159,31.886869],[35.175471,31.886612],[35.173484,31.884782],[35.171829,31.882461],[35.171481,31.882417],[35.169606,31.883503],[35.168303,31.884917],[35.166614,31.8884],[35.165664,31.889971],[35.164654,31.890826],[35.163957,31.891767],[35.162622,31.892612],[35.162291,31.893889],[35.162172,31.893925],[35.162177,31.896035],[35.162672,31.89703],[35.164393,31.897785],[35.164662,31.898099],[35.165948,31.898568],[35.165995,31.89931],[35.165504,31.899843],[35.165243,31.900588],[35.165216,31.901622],[35.16536,31.902176],[35.165654,31.902472],[35.166998,31.90287],[35.167582,31.903557],[35.167478,31.906674],[35.166918,31.90731],[35.165863,31.907564],[35.165932,31.911042],[35.167242,31.911273],[35.166982,31.911674],[35.166084,31.912044],[35.166016,31.915042],[35.166019,31.915961],[35.166609,31.916449],[35.166796,31.918705],[35.166598,31.91956],[35.166648,31.92083],[35.166345,31.922213],[35.166623,31.923248],[35.167051,31.924004],[35.167655,31.924669],[35.169263,31.924489],[35.172835,31.924458],[35.174488,31.925528],[35.175204,31.925696],[35.176587,31.925679],[35.177755,31.926473],[35.183687,31.926078],[35.184392,31.925413],[35.185873,31.923366],[35.187289,31.920622],[35.189195,31.918399],[35.190259,31.917545],[35.191639,31.917205],[35.192309,31.91722],[35.193418,31.917808],[35.195143,31.921194],[35.197061,31.923642],[35.19808,31.924409],[35.201165,31.925605],[35.201614,31.926462],[35.201519,31.928377],[35.201821,31.929678],[35.202458,31.930119],[35.203349,31.930139],[35.203845,31.930856],[35.205291,31.931925],[35.205649,31.931823],[35.206914,31.931935]]],[[[35.469067,31.945952],[35.468841,31.941515],[35.468984,31.941234],[35.468033,31.939458],[35.467039,31.93984],[35.466053,31.939692],[35.46425,31.939312],[35.462086,31.938497],[35.459319,31.936944],[35.458532,31.936314],[35.457711,31.935039],[35.457285,31.930428],[35.457341,31.925641],[35.45572,31.924762],[35.455546,31.924322],[35.455614,31.923823],[35.455062,31.923618],[35.454371,31.922885],[35.454536,31.921573],[35.453982,31.920546],[35.453947,31.920253],[35.454393,31.919459],[35.454132,31.91194],[35.45232,31.893241],[35.452431,31.892367],[35.452936,31.891549],[35.454739,31.889525],[35.455114,31.889297],[35.455727,31.889241],[35.456149,31.889411],[35.457134,31.890773],[35.461486,31.889193],[35.462132,31.888406],[35.462411,31.887738],[35.462465,31.886826],[35.462161,31.88613],[35.469072,31.87721],[35.478338,31.865815],[35.487455,31.866074],[35.497062,31.866123],[35.497784,31.861748],[35.503711,31.862068],[35.504653,31.855059],[35.504764,31.852903],[35.505248,31.850445],[35.506042,31.844483],[35.499575,31.834558],[35.498463,31.833248],[35.497348,31.831383],[35.49656,31.830474],[35.494304,31.828853],[35.491726,31.827421],[35.491379,31.827455],[35.490647,31.826635],[35.487723,31.825428],[35.48543,31.824896],[35.48526,31.824364],[35.485648,31.823377],[35.485562,31.822997],[35.4776,31.817049],[35.476252,31.81702],[35.475713,31.817277],[35.474308,31.817003],[35.472889,31.817329],[35.470749,31.81722],[35.469882,31.817322],[35.467738,31.816599],[35.464619,31.817254],[35.459026,31.817682],[35.455803,31.817493],[35.453752,31.816807],[35.450862,31.816292],[35.449502,31.816318],[35.44769,31.81671],[35.447736,31.824782],[35.447943,31.829423],[35.447793,31.830019],[35.447234,31.830501],[35.44552,31.831079],[35.444019,31.831437],[35.441661,31.831593],[35.440032,31.831885],[35.438172,31.8324],[35.437184,31.83307],[35.434305,31.837476],[35.433499,31.839139],[35.432703,31.841355],[35.432594,31.842105],[35.433073,31.84557],[35.432998,31.845955],[35.43253,31.846598],[35.431027,31.847856],[35.430763,31.848369],[35.430727,31.849351],[35.430965,31.850186],[35.43118,31.850649],[35.431506,31.850923],[35.433463,31.851528],[35.434181,31.851978],[35.438112,31.851334],[35.438731,31.851353],[35.439222,31.851703],[35.439793,31.853265],[35.440496,31.85379],[35.438614,31.858517],[35.438041,31.858996],[35.43651,31.859337],[35.435758,31.859842],[35.43456,31.862792],[35.434632,31.863481],[35.435782,31.86526],[35.436103,31.866593],[35.436035,31.867476],[35.436237,31.870092],[35.435319,31.871959],[35.434576,31.872261],[35.434408,31.872985],[35.433937,31.873308],[35.433337,31.873224],[35.432164,31.872388],[35.431587,31.872382],[35.430872,31.872961],[35.430598,31.872747],[35.43068,31.872642],[35.428817,31.871827],[35.427677,31.870634],[35.426158,31.86984],[35.425427,31.86902],[35.424464,31.868997],[35.424028,31.869595],[35.422482,31.869697],[35.42111,31.869426],[35.420291,31.868631],[35.417695,31.868535],[35.417229,31.86881],[35.416822,31.869482],[35.416034,31.869633],[35.414808,31.868963],[35.412881,31.868668],[35.412356,31.868743],[35.411599,31.869068],[35.40983,31.870341],[35.40752,31.872567],[35.403905,31.873494],[35.402123,31.874535],[35.400945,31.875666],[35.40022,31.876141],[35.398791,31.876444],[35.396701,31.876097],[35.396421,31.876359],[35.396005,31.877886],[35.394727,31.879232],[35.393724,31.881069],[35.393776,31.881999],[35.39277,31.883201],[35.392819,31.883996],[35.393026,31.884224],[35.393048,31.885064],[35.393342,31.885303],[35.393035,31.88679],[35.393364,31.887245],[35.394352,31.887654],[35.395383,31.887796],[35.396884,31.888879],[35.397683,31.889231],[35.398159,31.889188],[35.398542,31.888936],[35.398949,31.887889],[35.399395,31.887917],[35.400274,31.888714],[35.401525,31.888896],[35.403309,31.890063],[35.403325,31.89125],[35.403885,31.891487],[35.404107,31.891951],[35.404984,31.891971],[35.405286,31.892226],[35.405361,31.892477],[35.405112,31.893021],[35.405534,31.893296],[35.406048,31.892995],[35.406468,31.893099],[35.405883,31.893786],[35.40592,31.894044],[35.406395,31.894426],[35.40717,31.894473],[35.408,31.895437],[35.408261,31.895518],[35.408317,31.895995],[35.409688,31.896169],[35.409915,31.896607],[35.410301,31.896794],[35.411865,31.896538],[35.412016,31.896591],[35.41217,31.897109],[35.412445,31.897225],[35.413896,31.89697],[35.416293,31.895898],[35.419548,31.895961],[35.421347,31.897137],[35.424974,31.897979],[35.425417,31.897818],[35.428926,31.895065],[35.434135,31.894115],[35.43634,31.898189],[35.437532,31.901009],[35.438241,31.90603],[35.438314,31.907271],[35.438145,31.90956],[35.43719,31.915789],[35.436825,31.916517],[35.436316,31.918774],[35.436482,31.922746],[35.437455,31.924543],[35.440203,31.928646],[35.440514,31.930966],[35.441284,31.93278],[35.441229,31.933487],[35.442475,31.935003],[35.44263,31.935573],[35.442649,31.936266],[35.442298,31.93754],[35.441153,31.939375],[35.441157,31.941426],[35.440916,31.941815],[35.441097,31.942966],[35.443822,31.943711],[35.448739,31.94545],[35.451719,31.946167],[35.453558,31.94623],[35.456243,31.945808],[35.46179,31.94585],[35.464671,31.947404],[35.468162,31.948447],[35.468964,31.946761],[35.469067,31.945952]]],[[[35.462206,31.947133],[35.460923,31.94666],[35.455687,31.946856],[35.453402,31.947101],[35.451938,31.947013],[35.447101,31.946025],[35.443425,31.944686],[35.441292,31.943703],[35.440798,31.943887],[35.441276,31.945401],[35.443073,31.947296],[35.447455,31.950081],[35.454635,31.951241],[35.455479,31.951493],[35.459204,31.953147],[35.461105,31.954198],[35.462396,31.955272],[35.462785,31.955849],[35.463174,31.956763],[35.463415,31.959298],[35.464,31.959693],[35.467628,31.9596],[35.468416,31.959434],[35.468872,31.959021],[35.468965,31.95862],[35.467842,31.956539],[35.467695,31.95559],[35.468419,31.954904],[35.468048,31.952499],[35.468092,31.949518],[35.467098,31.948961],[35.465555,31.948643],[35.463906,31.948065],[35.462206,31.947133]]],[[[35.498842,31.945374],[35.500284,31.938445],[35.497204,31.937994],[35.4939,31.938831],[35.493035,31.93892],[35.483596,31.941411],[35.480137,31.941529],[35.477863,31.941985],[35.475367,31.942191],[35.472073,31.942276],[35.470372,31.942042],[35.470176,31.946398],[35.469422,31.949037],[35.469316,31.953068],[35.469733,31.955284],[35.470242,31.956125],[35.470525,31.958299],[35.471542,31.959271],[35.471886,31.960087],[35.472219,31.968088],[35.476102,31.971813],[35.485796,31.971586],[35.494259,31.965101],[35.494675,31.964469],[35.497018,31.953253],[35.498842,31.945374]]],[[[35.176983,32.092044],[35.17808,32.091712],[35.180471,32.09213],[35.182455,32.092258],[35.183847,32.092635],[35.185011,32.092658],[35.185809,32.092164],[35.186864,32.092125],[35.187798,32.091148],[35.189266,32.090629],[35.192472,32.088703],[35.192936,32.087454],[35.193355,32.086952],[35.195341,32.085626],[35.195244,32.084134],[35.196082,32.08241],[35.196959,32.081499],[35.198985,32.081101],[35.200582,32.081085],[35.201615,32.080836],[35.203251,32.080123],[35.204887,32.079709],[35.20691,32.079986],[35.208371,32.080765],[35.209735,32.080865],[35.210027,32.080102],[35.210378,32.07982],[35.210787,32.079654],[35.211157,32.079804],[35.211858,32.080251],[35.212891,32.081279],[35.214995,32.083915],[35.216125,32.084744],[35.217605,32.084694],[35.218417,32.084916],[35.220228,32.084783],[35.222619,32.0838],[35.226296,32.084115],[35.229848,32.083088],[35.231126,32.08291],[35.234692,32.083132],[35.239771,32.083785],[35.240315,32.082951],[35.238904,32.0815],[35.236157,32.080443],[35.233344,32.078865],[35.230597,32.07629],[35.230048,32.07525],[35.22943,32.072654],[35.230523,32.069376],[35.230673,32.067869],[35.229436,32.068307],[35.22833,32.068235],[35.225357,32.067335],[35.224004,32.066374],[35.221871,32.063316],[35.219105,32.058904],[35.218973,32.05838],[35.219075,32.056329],[35.220326,32.052521],[35.22189,32.046399],[35.223247,32.044733],[35.224516,32.043968],[35.229983,32.041991],[35.234597,32.040719],[35.238831,32.040683],[35.25071,32.041279],[35.253331,32.040011],[35.253892,32.039506],[35.25491,32.037978],[35.254993,32.036165],[35.255889,32.035265],[35.256523,32.034248],[35.25648,32.033992],[35.255712,32.03305],[35.257824,32.030822],[35.256152,32.027586],[35.255827,32.026483],[35.255699,32.023834],[35.256357,32.021898],[35.252729,32.019021],[35.252418,32.017795],[35.251612,32.016025],[35.250222,32.014334],[35.248818,32.013171],[35.245752,32.011063],[35.240684,32.008844],[35.239151,32.008475],[35.235351,32.008002],[35.233144,32.007558],[35.22814,32.0072],[35.225591,32.006789],[35.220887,32.005414],[35.21624,32.003768],[35.215435,32.003315],[35.212838,32.003515],[35.212094,32.003936],[35.21205,32.004189],[35.21253,32.004694],[35.211293,32.005099],[35.210378,32.005916],[35.209894,32.006831],[35.209522,32.008451],[35.20909,32.008964],[35.207687,32.008904],[35.206451,32.008097],[35.204139,32.008144],[35.204022,32.007538],[35.20343,32.006529],[35.202986,32.005155],[35.202288,32.003865],[35.20155,32.003207],[35.199947,32.002455],[35.199067,32.002222],[35.198169,32.002259],[35.197338,32.002657],[35.195413,32.00311],[35.193288,32.004934],[35.190736,32.006198],[35.190204,32.007079],[35.188361,32.008508],[35.187765,32.009445],[35.187394,32.009295],[35.187005,32.009442],[35.185688,32.010485],[35.181171,32.015778],[35.180134,32.016427],[35.178531,32.016974],[35.17701,32.019365],[35.174193,32.02019],[35.173209,32.021513],[35.173292,32.022639],[35.172477,32.023054],[35.171061,32.023042],[35.170986,32.023441],[35.166902,32.022834],[35.165174,32.022189],[35.16104,32.021291],[35.159813,32.020712],[35.158982,32.02053],[35.158345,32.020749],[35.157737,32.021214],[35.155867,32.021771],[35.15486,32.022677],[35.152746,32.021858],[35.151626,32.021629],[35.147643,32.022546],[35.142053,32.024928],[35.137443,32.026489],[35.136374,32.026671],[35.130799,32.025675],[35.130269,32.025385],[35.129084,32.024285],[35.128641,32.024134],[35.125705,32.024331],[35.120176,32.024284],[35.113523,32.02478],[35.111735,32.024167],[35.110013,32.022605],[35.108048,32.02263],[35.108189,32.023188],[35.106645,32.023262],[35.103901,32.024375],[35.102851,32.025019],[35.100786,32.025585],[35.096755,32.027876],[35.093948,32.029191],[35.093233,32.029861],[35.093349,32.031195],[35.094754,32.03257],[35.095749,32.033138],[35.096581,32.033924],[35.096259,32.034601],[35.096149,32.035568],[35.095833,32.036041],[35.095787,32.036836],[35.095971,32.037694],[35.09676,32.039347],[35.096928,32.040436],[35.09639,32.041252],[35.094949,32.042748],[35.090549,32.044272],[35.087967,32.045842],[35.08641,32.047602],[35.08611,32.047631],[35.085587,32.048886],[35.085713,32.050084],[35.086525,32.051217],[35.088073,32.051521],[35.090187,32.05156],[35.09409,32.052762],[35.095377,32.053301],[35.09438,32.054724],[35.094079,32.056381],[35.094198,32.058282],[35.0953,32.059506],[35.097367,32.060023],[35.101234,32.059936],[35.102814,32.060105],[35.106453,32.062416],[35.111106,32.066283],[35.112156,32.066485],[35.113735,32.06727],[35.113946,32.067705],[35.1128,32.068772],[35.11094,32.069446],[35.109303,32.070336],[35.109174,32.071556],[35.110857,32.073944],[35.111954,32.075017],[35.114103,32.076248],[35.115796,32.075716],[35.120756,32.074622],[35.122049,32.074623],[35.123337,32.07517],[35.124813,32.075244],[35.126275,32.074858],[35.128059,32.073691],[35.129071,32.073325],[35.130873,32.072979],[35.134193,32.072916],[35.137439,32.07218],[35.138433,32.072096],[35.139761,32.072403],[35.141275,32.07357],[35.144377,32.074118],[35.146659,32.073703],[35.149038,32.073991],[35.15145,32.074485],[35.152911,32.075611],[35.153892,32.075807],[35.155002,32.075001],[35.158295,32.073802],[35.160884,32.072002],[35.162255,32.072684],[35.163785,32.073907],[35.165382,32.075709],[35.165427,32.078301],[35.16791,32.079604],[35.168489,32.080465],[35.168176,32.081781],[35.166956,32.083947],[35.166285,32.084638],[35.165157,32.085397],[35.165724,32.086172],[35.165788,32.087873],[35.163955,32.089261],[35.163477,32.090876],[35.163555,32.091937],[35.165213,32.093033],[35.167899,32.093665],[35.171248,32.093987],[35.173694,32.093887],[35.175093,32.093587],[35.175726,32.093367],[35.176164,32.092726],[35.176983,32.092044]]],[[[34.969905,32.197244],[34.973273,32.197199],[34.974553,32.196458],[34.976993,32.196327],[34.978627,32.195679],[34.980647,32.195523],[34.982016,32.191975],[34.981814,32.190512],[34.981286,32.189353],[34.982436,32.189113],[34.982696,32.188797],[34.98287,32.187978],[34.982461,32.185913],[34.982479,32.185318],[34.982718,32.184732],[34.983488,32.183854],[34.984149,32.181972],[34.984043,32.181594],[34.983511,32.181012],[34.982634,32.180462],[34.98075,32.180745],[34.975123,32.179791],[34.970538,32.179861],[34.968032,32.179544],[34.967543,32.179335],[34.966168,32.179333],[34.961493,32.178336],[34.961065,32.178387],[34.961252,32.180875],[34.960739,32.180917],[34.96011,32.187302],[34.960173,32.190286],[34.962332,32.192885],[34.962498,32.19488],[34.963337,32.195475],[34.963599,32.196865],[34.965366,32.197762],[34.966665,32.1979],[34.968323,32.197396],[34.969905,32.197244]]],[[[35.228377,32.248799],[35.231695,32.246278],[35.232969,32.244039],[35.234412,32.241904],[35.234978,32.241412],[35.23627,32.241123],[35.237585,32.241297],[35.238627,32.241857],[35.239261,32.242671],[35.240244,32.243447],[35.240579,32.243338],[35.244836,32.240803],[35.249315,32.238642],[35.250206,32.237868],[35.250562,32.23657],[35.251157,32.236598],[35.252173,32.236938],[35.253545,32.236739],[35.257437,32.23467],[35.26381,32.232429],[35.264923,32.229604],[35.269385,32.227833],[35.271065,32.227522],[35.272612,32.227445],[35.275,32.22524],[35.279249,32.222393],[35.282268,32.222198],[35.283311,32.2215],[35.283743,32.221546],[35.28542,32.222284],[35.286405,32.222411],[35.287022,32.222246],[35.288129,32.221485],[35.288463,32.221604],[35.288799,32.221801],[35.289042,32.222526],[35.289953,32.223091],[35.290039,32.223338],[35.289909,32.224064],[35.288948,32.225111],[35.288998,32.225762],[35.289684,32.226103],[35.292491,32.226388],[35.293633,32.227648],[35.295573,32.227251],[35.297718,32.226252],[35.299355,32.225904],[35.300501,32.22597],[35.301654,32.225429],[35.302201,32.224223],[35.303115,32.222952],[35.303229,32.222425],[35.302686,32.221614],[35.29984,32.215798],[35.298289,32.21173],[35.29526,32.206692],[35.293639,32.203556],[35.286075,32.192178],[35.283738,32.190341],[35.281821,32.189152],[35.281066,32.188401],[35.278804,32.187073],[35.278386,32.186634],[35.27799,32.185855],[35.277475,32.185489],[35.275832,32.185204],[35.275311,32.184963],[35.273524,32.187436],[35.273218,32.188274],[35.273092,32.189656],[35.273576,32.19096],[35.274318,32.19219],[35.276253,32.19366],[35.278279,32.194688],[35.279695,32.195709],[35.280878,32.197608],[35.281049,32.198665],[35.280605,32.201295],[35.280801,32.20286],[35.280637,32.204218],[35.279913,32.205731],[35.277958,32.206132],[35.277348,32.206737],[35.27727,32.207165],[35.277922,32.20775],[35.277985,32.208796],[35.277873,32.209854],[35.277383,32.210737],[35.27713,32.21165],[35.275836,32.212392],[35.275162,32.212526],[35.274788,32.213029],[35.274376,32.213229],[35.274103,32.213122],[35.273596,32.212198],[35.271777,32.21116],[35.271087,32.210418],[35.268667,32.209715],[35.267107,32.209615],[35.258299,32.210352],[35.257222,32.209911],[35.256198,32.208726],[35.255243,32.207937],[35.2543,32.207549],[35.248209,32.206901],[35.244272,32.208099],[35.240009,32.205887],[35.238371,32.20583],[35.236905,32.206332],[35.236156,32.206322],[35.236076,32.204431],[35.234621,32.200451],[35.232888,32.198372],[35.231063,32.197785],[35.227515,32.197373],[35.216887,32.196731],[35.211542,32.196738],[35.206341,32.197142],[35.204429,32.197645],[35.20094,32.199053],[35.200559,32.199278],[35.200515,32.200614],[35.197616,32.201774],[35.196261,32.202597],[35.195571,32.203316],[35.196678,32.205798],[35.196699,32.21044],[35.194684,32.213533],[35.192005,32.218189],[35.194217,32.219328],[35.195408,32.219675],[35.198529,32.219747],[35.20009,32.219491],[35.201025,32.219633],[35.202622,32.220458],[35.204394,32.221916],[35.205019,32.222162],[35.205973,32.222261],[35.207106,32.223177],[35.209939,32.223515],[35.211414,32.223921],[35.211449,32.224563],[35.209868,32.225901],[35.207505,32.229604],[35.206128,32.230946],[35.204942,32.233008],[35.203676,32.234261],[35.202632,32.236129],[35.202259,32.237242],[35.202181,32.238498],[35.202696,32.2402],[35.203325,32.241343],[35.204677,32.242985],[35.206058,32.243898],[35.207465,32.244436],[35.208675,32.244735],[35.209946,32.2448],[35.213846,32.244388],[35.215644,32.245061],[35.216575,32.245625],[35.217874,32.246831],[35.218365,32.247548],[35.219402,32.248493],[35.219453,32.248726],[35.220721,32.248697],[35.222079,32.24923],[35.225688,32.249566],[35.227008,32.249403],[35.228377,32.248799]]],[[[35.057484,32.330486],[35.058709,32.330366],[35.059191,32.329885],[35.059062,32.329143],[35.05955,32.329004],[35.060171,32.328546],[35.061885,32.328393],[35.061913,32.327876],[35.062299,32.327112],[35.062163,32.326609],[35.06171,32.326247],[35.060026,32.325573],[35.059003,32.324655],[35.058568,32.323892],[35.059503,32.32313],[35.062764,32.323043],[35.062972,32.322648],[35.062812,32.322135],[35.063111,32.321416],[35.063299,32.320165],[35.063153,32.319109],[35.063471,32.318278],[35.06332,32.317592],[35.062933,32.317129],[35.060058,32.316548],[35.058353,32.315986],[35.056936,32.314845],[35.053909,32.314808],[35.052539,32.314387],[35.051596,32.313781],[35.05154,32.313584],[35.050903,32.313539],[35.049042,32.311814],[35.048275,32.30981],[35.047994,32.309446],[35.044177,32.306494],[35.043229,32.306208],[35.041149,32.305995],[35.038801,32.303314],[35.03756,32.302634],[35.036344,32.302584],[35.030938,32.3031],[35.030965,32.302233],[35.030584,32.301335],[35.030338,32.300971],[35.029371,32.30055],[35.029036,32.299145],[35.026953,32.299415],[35.02528,32.299926],[35.023123,32.301304],[35.020615,32.302537],[35.018855,32.30273],[35.017358,32.303517],[35.017249,32.305418],[35.016424,32.306155],[35.015959,32.307065],[35.016004,32.309074],[35.018203,32.314476],[35.018449,32.318326],[35.018376,32.319166],[35.018716,32.3222],[35.020474,32.326542],[35.021608,32.328353],[35.022608,32.328893],[35.024498,32.328639],[35.028146,32.326656],[35.030347,32.326097],[35.033027,32.324778],[35.034477,32.324273],[35.036714,32.323616],[35.039,32.3232],[35.043765,32.322784],[35.042831,32.323986],[35.042725,32.324552],[35.042982,32.325245],[35.04424,32.326453],[35.044187,32.326839],[35.043436,32.327768],[35.043321,32.328483],[35.043915,32.329719],[35.044727,32.330746],[35.045384,32.330849],[35.04591,32.330571],[35.048862,32.330314],[35.051521,32.33068],[35.052189,32.330413],[35.052615,32.330424],[35.052963,32.331553],[35.0529,32.332509],[35.053291,32.332961],[35.053893,32.333194],[35.054424,32.332926],[35.055295,32.331388],[35.057484,32.330486]]],[[[35.202257,32.413252],[35.20444,32.412109],[35.20617,32.411406],[35.209972,32.410228],[35.210508,32.410375],[35.210683,32.409921],[35.211251,32.4093],[35.213142,32.408414],[35.214391,32.407246],[35.213397,32.40638],[35.212636,32.404617],[35.214445,32.402858],[35.215653,32.402111],[35.215572,32.398776],[35.213082,32.397739],[35.212248,32.397714],[35.212009,32.397404],[35.209402,32.396802],[35.206846,32.3998],[35.205282,32.400642],[35.203551,32.399043],[35.202258,32.398589],[35.201708,32.397558],[35.201625,32.396067],[35.20179,32.394116],[35.202263,32.391603],[35.202917,32.38976],[35.203083,32.387785],[35.202968,32.386682],[35.201872,32.382986],[35.202149,32.380781],[35.202105,32.378497],[35.200406,32.376794],[35.199658,32.375775],[35.199108,32.374512],[35.198918,32.373149],[35.19916,32.370566],[35.199862,32.369803],[35.201043,32.366638],[35.20092,32.365715],[35.200202,32.364439],[35.200039,32.363293],[35.200233,32.361829],[35.200963,32.360791],[35.201132,32.360254],[35.200697,32.358155],[35.200851,32.357624],[35.201234,32.357122],[35.200732,32.355482],[35.199229,32.354544],[35.197842,32.353189],[35.195732,32.350453],[35.195076,32.348623],[35.192391,32.348592],[35.188754,32.346781],[35.184962,32.345708],[35.181894,32.34453],[35.17533,32.341049],[35.171846,32.339732],[35.169968,32.33875],[35.1695,32.33835],[35.167242,32.335009],[35.166788,32.331453],[35.169472,32.326658],[35.168315,32.324129],[35.16627,32.321538],[35.167062,32.320415],[35.167359,32.319565],[35.16579,32.317787],[35.165911,32.317019],[35.165906,32.313224],[35.166413,32.310485],[35.16675,32.309449],[35.169244,32.305348],[35.169217,32.30224],[35.170543,32.299438],[35.173886,32.296143],[35.175431,32.290374],[35.175443,32.289686],[35.175097,32.288133],[35.173132,32.284464],[35.167058,32.279508],[35.166439,32.278618],[35.166146,32.277388],[35.163612,32.275841],[35.161873,32.27644],[35.161341,32.276397],[35.160067,32.276931],[35.158327,32.278511],[35.153936,32.280221],[35.149046,32.281826],[35.147526,32.282651],[35.146777,32.283204],[35.145122,32.285773],[35.143414,32.286486],[35.13936,32.288686],[35.138389,32.290709],[35.137084,32.292358],[35.134013,32.295081],[35.133153,32.296176],[35.132492,32.29744],[35.132219,32.301375],[35.131981,32.302243],[35.131525,32.302645],[35.129855,32.303386],[35.128748,32.303214],[35.126771,32.302614],[35.125033,32.301595],[35.123337,32.301186],[35.11941,32.301009],[35.118227,32.300215],[35.117518,32.298],[35.114628,32.297639],[35.111239,32.296458],[35.110576,32.295047],[35.11028,32.29375],[35.110367,32.291345],[35.110153,32.289446],[35.108393,32.289302],[35.107016,32.290276],[35.105816,32.291478],[35.101648,32.293735],[35.097249,32.297284],[35.095985,32.299925],[35.095201,32.303274],[35.094404,32.305517],[35.094071,32.305959],[35.093717,32.306912],[35.092616,32.311535],[35.090168,32.316545],[35.090935,32.317517],[35.0928,32.318394],[35.094046,32.318574],[35.096659,32.319304],[35.100231,32.320615],[35.101321,32.321236],[35.102112,32.322232],[35.10245,32.323535],[35.098702,32.326084],[35.096026,32.327218],[35.094919,32.328167],[35.095268,32.332205],[35.096224,32.334509],[35.09727,32.336113],[35.098196,32.338589],[35.099408,32.342059],[35.100909,32.347703],[35.101979,32.354076],[35.102058,32.354722],[35.101909,32.354898],[35.102597,32.360292],[35.097836,32.364917],[35.09698,32.366736],[35.096918,32.369407],[35.096522,32.370229],[35.095294,32.370777],[35.09396,32.371789],[35.093116,32.37349],[35.092099,32.37452],[35.091604,32.375265],[35.090605,32.377608],[35.089201,32.378595],[35.088371,32.380396],[35.0881,32.381705],[35.087398,32.382868],[35.085813,32.384752],[35.083448,32.385807],[35.081784,32.386926],[35.082988,32.388049],[35.084391,32.38842],[35.086619,32.388381],[35.089622,32.387882],[35.088835,32.39046],[35.088749,32.391503],[35.088498,32.391735],[35.088064,32.395133],[35.089405,32.396098],[35.094182,32.394521],[35.096787,32.394738],[35.098827,32.396076],[35.105117,32.398564],[35.108089,32.398728],[35.112847,32.398087],[35.112327,32.400501],[35.112799,32.402775],[35.113992,32.404629],[35.117098,32.406646],[35.118205,32.408577],[35.1187,32.41139],[35.119955,32.409541],[35.12062,32.41004],[35.124116,32.407113],[35.125672,32.407069],[35.126816,32.407201],[35.128024,32.407911],[35.130039,32.409854],[35.132066,32.412204],[35.133586,32.413122],[35.135451,32.413083],[35.13646,32.412697],[35.138743,32.411397],[35.14026,32.410979],[35.142244,32.410825],[35.14311,32.412221],[35.143417,32.41328],[35.144063,32.411169],[35.144824,32.409907],[35.146091,32.408562],[35.14798,32.4077],[35.150548,32.407038],[35.154838,32.407101],[35.157672,32.406766],[35.16034,32.405308],[35.162618,32.404615],[35.164079,32.403633],[35.166184,32.402567],[35.167127,32.402538],[35.167404,32.402881],[35.167291,32.403002],[35.167605,32.403551],[35.168134,32.403785],[35.169061,32.403656],[35.169856,32.404544],[35.170131,32.404652],[35.171928,32.404016],[35.172685,32.402747],[35.173622,32.402279],[35.173932,32.402627],[35.173946,32.403216],[35.174382,32.404254],[35.175699,32.405669],[35.176653,32.406241],[35.178455,32.406757],[35.179716,32.406588],[35.184029,32.404878],[35.186032,32.404584],[35.185786,32.404942],[35.185764,32.406944],[35.187235,32.407448],[35.187909,32.409687],[35.188079,32.411622],[35.188263,32.412129],[35.188631,32.41241],[35.189377,32.412635],[35.189876,32.4132],[35.190502,32.413195],[35.190948,32.41338],[35.19213,32.414547],[35.193949,32.415664],[35.195823,32.415775],[35.197736,32.416206],[35.198664,32.415307],[35.201162,32.414003],[35.202257,32.413252]]],[[[35.249818,32.493038],[35.250986,32.492956],[35.254344,32.491908],[35.257886,32.489163],[35.258086,32.489302],[35.259946,32.488349],[35.261012,32.487334],[35.267846,32.479383],[35.265998,32.478942],[35.266621,32.476019],[35.267654,32.473225],[35.268412,32.472293],[35.27066,32.470391],[35.272322,32.468519],[35.273802,32.467188],[35.275153,32.466902],[35.279207,32.467565],[35.28002,32.468144],[35.281044,32.467899],[35.281453,32.46744],[35.281656,32.468508],[35.282709,32.468997],[35.283138,32.468856],[35.283551,32.468399],[35.285808,32.467278],[35.286468,32.467841],[35.287408,32.467743],[35.287791,32.466743],[35.288418,32.466819],[35.289694,32.467741],[35.290988,32.467932],[35.290733,32.468388],[35.285418,32.472136],[35.285166,32.473245],[35.286033,32.474324],[35.297499,32.483199],[35.297224,32.485508],[35.295204,32.487231],[35.29625,32.491304],[35.300889,32.490912],[35.302405,32.489773],[35.304213,32.487257],[35.304927,32.486588],[35.306481,32.484479],[35.307721,32.483085],[35.308838,32.481296],[35.310826,32.478643],[35.31969,32.468824],[35.319773,32.46854],[35.317625,32.468652],[35.315923,32.468052],[35.318373,32.46662],[35.318635,32.466698],[35.319546,32.466118],[35.320264,32.464295],[35.320443,32.461935],[35.319081,32.461719],[35.318062,32.461337],[35.317871,32.460578],[35.31767,32.460521],[35.317609,32.46008],[35.317365,32.459888],[35.317365,32.459576],[35.318025,32.458605],[35.318015,32.458183],[35.317785,32.457799],[35.317221,32.457292],[35.314584,32.456287],[35.312324,32.455149],[35.310387,32.454805],[35.306677,32.453807],[35.305308,32.452604],[35.305125,32.451357],[35.30549,32.450511],[35.30634,32.449606],[35.310217,32.44693],[35.30925,32.446109],[35.308534,32.445042],[35.308581,32.442331],[35.309392,32.439345],[35.309907,32.438367],[35.311344,32.436687],[35.313656,32.433454],[35.314616,32.432654],[35.314006,32.432099],[35.315074,32.427543],[35.315033,32.425687],[35.314751,32.424417],[35.313582,32.420952],[35.312576,32.418888],[35.310362,32.417208],[35.308211,32.414782],[35.307959,32.413362],[35.308063,32.412244],[35.308372,32.411557],[35.308247,32.410864],[35.307631,32.410495],[35.306524,32.41067],[35.305869,32.410472],[35.305883,32.408527],[35.305553,32.406617],[35.304739,32.4058],[35.304181,32.405503],[35.300045,32.404412],[35.297705,32.403547],[35.296303,32.403346],[35.29627,32.4024],[35.295307,32.399612],[35.295263,32.398742],[35.295756,32.395836],[35.303555,32.395685],[35.307509,32.395425],[35.307328,32.393518],[35.307922,32.392388],[35.310683,32.391178],[35.31211,32.391946],[35.313765,32.392528],[35.316052,32.392786],[35.31994,32.393611],[35.324708,32.3933],[35.329867,32.391748],[35.336348,32.397609],[35.332938,32.398619],[35.332744,32.398852],[35.332251,32.401659],[35.331266,32.404222],[35.329446,32.406885],[35.335556,32.411338],[35.334775,32.412675],[35.332371,32.415498],[35.338737,32.421314],[35.340111,32.421442],[35.340464,32.423587],[35.340466,32.42514],[35.340969,32.425972],[35.342942,32.430568],[35.341785,32.430236],[35.340498,32.430441],[35.339844,32.43083],[35.339824,32.432106],[35.340436,32.43303],[35.341548,32.433391],[35.341519,32.434296],[35.341703,32.434736],[35.343099,32.435564],[35.345172,32.434501],[35.346179,32.434371],[35.347308,32.434628],[35.350514,32.435996],[35.352469,32.437287],[35.355158,32.439379],[35.356602,32.441465],[35.357705,32.444076],[35.35829,32.447153],[35.358139,32.448576],[35.357471,32.450801],[35.356927,32.453716],[35.355895,32.457261],[35.356079,32.457855],[35.357057,32.458708],[35.36002,32.459946],[35.363868,32.460976],[35.36523,32.461673],[35.367669,32.459963],[35.368613,32.459005],[35.369101,32.45872],[35.372,32.458199],[35.37386,32.457602],[35.375416,32.456746],[35.376092,32.455799],[35.376699,32.454143],[35.376661,32.450056],[35.376782,32.449254],[35.378763,32.444816],[35.379524,32.443651],[35.381229,32.441967],[35.382508,32.440129],[35.382629,32.439689],[35.384212,32.437747],[35.385441,32.436877],[35.38566,32.436284],[35.385028,32.434643],[35.384426,32.434141],[35.384399,32.433182],[35.386886,32.432945],[35.391982,32.431784],[35.393439,32.431055],[35.394488,32.430033],[35.395167,32.428565],[35.396049,32.424126],[35.395955,32.422035],[35.395562,32.419347],[35.394446,32.416103],[35.392698,32.411985],[35.392057,32.411182],[35.390108,32.409737],[35.387522,32.408541],[35.38719,32.408492],[35.384117,32.40998],[35.383969,32.409246],[35.384347,32.408086],[35.385906,32.407007],[35.386415,32.40634],[35.386562,32.405267],[35.386069,32.403553],[35.387322,32.401166],[35.387404,32.399043],[35.389535,32.396387],[35.388275,32.395318],[35.387145,32.393686],[35.385693,32.392535],[35.387465,32.39071],[35.387267,32.389623],[35.388113,32.388707],[35.388563,32.387508],[35.38892,32.387154],[35.38981,32.386698],[35.389881,32.385409],[35.389572,32.383993],[35.389225,32.383162],[35.38752,32.381239],[35.385316,32.379885],[35.38443,32.379445],[35.382243,32.379328],[35.380596,32.378572],[35.37872,32.377354],[35.379159,32.376501],[35.378708,32.375686],[35.378716,32.374956],[35.378985,32.374426],[35.379245,32.374289],[35.380905,32.37484],[35.381305,32.374582],[35.381453,32.374353],[35.381336,32.372954],[35.3822,32.372438],[35.382902,32.372481],[35.38436,32.373174],[35.385079,32.37316],[35.385076,32.372362],[35.384752,32.371945],[35.384811,32.370918],[35.385886,32.370297],[35.386538,32.369277],[35.387518,32.368687],[35.388819,32.367487],[35.389289,32.367359],[35.38963,32.367682],[35.390867,32.366975],[35.391467,32.365489],[35.391533,32.364791],[35.391903,32.363793],[35.394436,32.360883],[35.395663,32.359803],[35.396221,32.358909],[35.396438,32.357749],[35.397206,32.356903],[35.399011,32.355818],[35.40069,32.355862],[35.401289,32.355666],[35.401955,32.355151],[35.409772,32.353908],[35.410548,32.353525],[35.411621,32.352578],[35.412932,32.351715],[35.41191,32.350948],[35.41067,32.3508],[35.410552,32.350094],[35.409963,32.349805],[35.408982,32.349805],[35.408101,32.34805],[35.407055,32.347576],[35.406445,32.347082],[35.402959,32.34781],[35.40163,32.346823],[35.400756,32.346797],[35.39998,32.347402],[35.399398,32.347623],[35.398524,32.347514],[35.399459,32.345865],[35.400293,32.34232],[35.400874,32.341193],[35.40142,32.339352],[35.401904,32.338362],[35.403335,32.336982],[35.397705,32.330588],[35.394659,32.326691],[35.393035,32.324136],[35.391119,32.319843],[35.390899,32.314939],[35.391917,32.312336],[35.392969,32.305549],[35.39576,32.298134],[35.397307,32.29337],[35.397601,32.291987],[35.397999,32.284701],[35.398452,32.279561],[35.39784,32.276695],[35.395668,32.273311],[35.393433,32.272867],[35.3913,32.273383],[35.384279,32.273355],[35.37514,32.274214],[35.36812,32.274615],[35.357573,32.27574],[35.351144,32.277151],[35.34532,32.27642],[35.342848,32.275842],[35.342446,32.273665],[35.34179,32.273342],[35.341245,32.272803],[35.337431,32.271364],[35.336034,32.270544],[35.332806,32.269173],[35.327272,32.266464],[35.317411,32.267517],[35.314646,32.267177],[35.313069,32.265465],[35.311715,32.266187],[35.310743,32.265838],[35.30978,32.264873],[35.309386,32.263721],[35.308875,32.262944],[35.308345,32.260551],[35.307478,32.259735],[35.306418,32.258968],[35.304219,32.257897],[35.30159,32.257882],[35.301151,32.255784],[35.300246,32.254813],[35.299459,32.253599],[35.299225,32.25295],[35.299096,32.251469],[35.298703,32.251322],[35.298343,32.250684],[35.298232,32.249949],[35.298316,32.248501],[35.297545,32.247259],[35.296814,32.246482],[35.295447,32.245524],[35.294845,32.245274],[35.293418,32.245101],[35.291898,32.245734],[35.290433,32.245482],[35.289139,32.24506],[35.288079,32.244413],[35.28572,32.243951],[35.284328,32.244008],[35.283145,32.24431],[35.282267,32.244788],[35.281332,32.245577],[35.280761,32.24701],[35.280531,32.248424],[35.280661,32.25043],[35.281057,32.251422],[35.280503,32.251687],[35.279323,32.253165],[35.279027,32.25406],[35.277312,32.254311],[35.277098,32.254191],[35.276331,32.25466],[35.275268,32.255571],[35.274145,32.257212],[35.272596,32.256465],[35.2695,32.256455],[35.267833,32.256646],[35.26199,32.257992],[35.260045,32.259006],[35.259084,32.259195],[35.258229,32.258855],[35.257549,32.258859],[35.257278,32.258716],[35.256123,32.256574],[35.253903,32.25535],[35.253121,32.255258],[35.251661,32.255671],[35.251036,32.255225],[35.250367,32.255031],[35.247321,32.255075],[35.243105,32.257607],[35.240901,32.258643],[35.238429,32.25855],[35.234928,32.260183],[35.23413,32.260073],[35.233619,32.26044],[35.231893,32.260786],[35.229928,32.262156],[35.22812,32.262871],[35.226657,32.264052],[35.225025,32.264943],[35.222746,32.264502],[35.221171,32.265326],[35.219086,32.26582],[35.217925,32.265802],[35.216261,32.265361],[35.215344,32.264523],[35.213467,32.263591],[35.21068,32.262711],[35.209695,32.263176],[35.208458,32.264345],[35.208219,32.264943],[35.207963,32.266575],[35.207963,32.267618],[35.207638,32.267834],[35.207494,32.268457],[35.2067,32.269771],[35.206179,32.272403],[35.206606,32.278634],[35.207178,32.281407],[35.20697,32.283029],[35.206043,32.284893],[35.204006,32.287262],[35.20301,32.288977],[35.203718,32.294267],[35.205652,32.298119],[35.206675,32.301556],[35.207354,32.302825],[35.210295,32.30098],[35.213851,32.300173],[35.215002,32.300125],[35.219608,32.30047],[35.226148,32.299613],[35.226933,32.300111],[35.227476,32.300171],[35.228286,32.301173],[35.227071,32.303023],[35.225995,32.303781],[35.225756,32.308342],[35.225581,32.308887],[35.224349,32.308675],[35.222432,32.310793],[35.221108,32.314534],[35.221377,32.315795],[35.232008,32.319749],[35.232212,32.31994],[35.232606,32.321155],[35.233138,32.322174],[35.233754,32.322675],[35.23478,32.323108],[35.236921,32.32355],[35.240305,32.323855],[35.241974,32.324431],[35.243325,32.324464],[35.244637,32.324097],[35.245804,32.324109],[35.247679,32.32484],[35.249247,32.324964],[35.250343,32.32542],[35.251147,32.326154],[35.252101,32.328241],[35.252398,32.329558],[35.252147,32.330041],[35.250558,32.331164],[35.251211,32.331698],[35.25351,32.331834],[35.254298,32.331398],[35.254568,32.330681],[35.254819,32.330698],[35.255216,32.330264],[35.256514,32.330234],[35.257325,32.330485],[35.258094,32.331552],[35.259028,32.3339],[35.259605,32.336383],[35.25964,32.338468],[35.259255,32.340849],[35.25986,32.343599],[35.259971,32.345031],[35.259086,32.345816],[35.25668,32.34696],[35.253729,32.347775],[35.251507,32.350265],[35.248315,32.351266],[35.245103,32.352868],[35.24435,32.353023],[35.241714,32.353094],[35.238366,32.352322],[35.237297,32.353291],[35.238438,32.35556],[35.238605,32.357329],[35.239886,32.358565],[35.2392,32.360279],[35.236832,32.364598],[35.235341,32.363478],[35.230944,32.362355],[35.226788,32.362074],[35.225433,32.361538],[35.224198,32.360772],[35.223475,32.361334],[35.222933,32.361487],[35.222,32.361334],[35.221036,32.360721],[35.218476,32.36113],[35.217519,32.361075],[35.217568,32.361665],[35.219461,32.362681],[35.220803,32.363739],[35.221019,32.365931],[35.221289,32.366599],[35.221821,32.367314],[35.221698,32.369421],[35.22264,32.372638],[35.222579,32.374466],[35.222873,32.376536],[35.22343,32.378731],[35.224267,32.380234],[35.224802,32.382809],[35.225514,32.384816],[35.226477,32.38836],[35.227389,32.393305],[35.230805,32.401853],[35.230991,32.403015],[35.230996,32.405192],[35.232024,32.405435],[35.232726,32.405786],[35.234114,32.406811],[35.235189,32.408001],[35.237934,32.40488],[35.239908,32.404849],[35.24986,32.403344],[35.250584,32.410784],[35.250302,32.418123],[35.249502,32.423498],[35.249147,32.424923],[35.2465,32.432048],[35.244767,32.434646],[35.241644,32.437769],[35.237753,32.440649],[35.236694,32.438949],[35.236866,32.438777],[35.236362,32.438176],[35.234378,32.436395],[35.231485,32.433295],[35.229032,32.431267],[35.223797,32.426092],[35.222187,32.423729],[35.219693,32.418528],[35.217543,32.419715],[35.213705,32.422484],[35.213169,32.42267],[35.200408,32.432312],[35.198113,32.434563],[35.19734,32.436185],[35.197056,32.437369],[35.196542,32.438295],[35.196131,32.43867],[35.193825,32.440279],[35.190966,32.440336],[35.19087,32.446003],[35.190183,32.450086],[35.189977,32.450481],[35.188544,32.451589],[35.187795,32.451971],[35.187704,32.455696],[35.189664,32.459682],[35.191103,32.466955],[35.191147,32.469886],[35.191759,32.470279],[35.194718,32.471415],[35.196958,32.472686],[35.19756,32.473665],[35.197596,32.475345],[35.198337,32.476436],[35.198852,32.476866],[35.204439,32.477184],[35.206805,32.479095],[35.211852,32.484656],[35.213224,32.48929],[35.213793,32.490324],[35.215585,32.49475],[35.217724,32.498971],[35.217238,32.502037],[35.211145,32.503062],[35.213707,32.507245],[35.216277,32.511018],[35.219944,32.514679],[35.224447,32.518089],[35.225338,32.519261],[35.226992,32.519778],[35.228925,32.518556],[35.228781,32.517277],[35.230106,32.516211],[35.231704,32.513926],[35.233595,32.511975],[35.234435,32.51085],[35.234404,32.507935],[35.234749,32.507142],[35.234951,32.505537],[35.235508,32.504178],[35.237382,32.503169],[35.240419,32.500023],[35.241233,32.499505],[35.245319,32.496116],[35.24852,32.493958],[35.24916,32.493222],[35.249818,32.493038]]]]},"properties":{"oslo_class":"A","source_crs":"EPSG:4326","evidence_ref":["a1896d5f92"]}}]}