{"type":"FeatureCollection","features":[{"type":"Feature","geometry":{"type":"MultiPolygon","coordinates":[[[[35.163988,32.108414],[35.164221,32.107819],[35.164099,32.107484],[35.163755,32.107223],[35.162346,32.106508],[35.161374,32.106251],[35.161447,32.106804],[35.162024,32.107306],[35.162392,32.107766],[35.161962,32.107902],[35.161974,32.108121],[35.162797,32.108247],[35.163092,32.108195],[35.163546,32.108467],[35.163988,32.108414]]],[[[35.185902,32.10888],[35.18666,32.108817],[35.187103,32.108896],[35.18799,32.109226],[35.188895,32.109179],[35.189652,32.108959],[35.189338,32.108645],[35.189375,32.108236],[35.189505,32.108031],[35.189874,32.108016],[35.19017,32.108314],[35.191001,32.10822],[35.192035,32.107906],[35.193366,32.106884],[35.193772,32.106459],[35.194197,32.106334],[35.194844,32.10646],[35.196192,32.106365],[35.197301,32.107214],[35.197725,32.106884],[35.198317,32.107041],[35.19948,32.106979],[35.200681,32.106806],[35.201106,32.106224],[35.202529,32.106161],[35.204006,32.106318],[35.20421,32.106649],[35.204831,32.106655],[35.204823,32.106778],[35.204936,32.106857],[35.205859,32.106807],[35.2059,32.10657],[35.205834,32.106556],[35.205831,32.10628],[35.206989,32.10602],[35.207664,32.105453],[35.208714,32.106363],[35.209614,32.106579],[35.211356,32.106806],[35.212998,32.106783],[35.213198,32.10626],[35.212301,32.105846],[35.211821,32.104824],[35.211673,32.104133],[35.210694,32.103865],[35.210029,32.103409],[35.210176,32.10256],[35.210102,32.102088],[35.209585,32.101963],[35.209142,32.102041],[35.208809,32.101444],[35.207516,32.10168],[35.206611,32.101444],[35.206346,32.100913],[35.206816,32.100807],[35.206837,32.100469],[35.206711,32.100114],[35.206205,32.099431],[35.205724,32.099038],[35.205177,32.098962],[35.204723,32.099241],[35.20443,32.099576],[35.204376,32.099856],[35.203914,32.099793],[35.202795,32.099206],[35.202401,32.09932],[35.202196,32.099486],[35.201228,32.099905],[35.20026,32.100944],[35.200177,32.101334],[35.200282,32.101724],[35.199893,32.10198],[35.199808,32.102219],[35.199037,32.1019],[35.197338,32.101381],[35.195749,32.101475],[35.192757,32.102984],[35.189468,32.103582],[35.186771,32.103848],[35.186974,32.104525],[35.185977,32.104524],[35.184536,32.104052],[35.182393,32.103187],[35.181599,32.103234],[35.181433,32.104005],[35.18267,32.10487],[35.182393,32.105436],[35.182023,32.105404],[35.181469,32.105058],[35.180952,32.104398],[35.180103,32.104052],[35.180435,32.103093],[35.179826,32.102825],[35.179105,32.102919],[35.177978,32.102919],[35.176011,32.102824],[35.174811,32.102447],[35.173241,32.101707],[35.17132,32.101282],[35.171024,32.100889],[35.170378,32.100386],[35.168309,32.100322],[35.167219,32.100621],[35.165824,32.102177],[35.165324,32.103545],[35.165657,32.104221],[35.166082,32.104394],[35.166894,32.104237],[35.16743,32.103813],[35.167338,32.103608],[35.167837,32.103436],[35.168058,32.103546],[35.16815,32.104426],[35.168483,32.105323],[35.169184,32.105952],[35.169251,32.106125],[35.170477,32.106345],[35.171198,32.106566],[35.171345,32.107588],[35.171474,32.107871],[35.17286,32.107855],[35.174172,32.107651],[35.176148,32.108532],[35.17794,32.108753],[35.179104,32.108784],[35.180341,32.108627],[35.182336,32.109304],[35.182595,32.109603],[35.18302,32.109618],[35.183371,32.109477],[35.184036,32.109414],[35.185034,32.109383],[35.185366,32.109021],[35.185902,32.10888]]]]},"properties":{"entity_id":"ariel","entity_type":"settlement","name":"Ariel","names":{"primary":"Ariel","hebrew":"אריאל"},"stage_history":[{"stage":6,"stage_label":"Construction started","valid_from":"2021-06-03","evidence_ref":["aa0039e910"]}],"extent_type":"built_up","area_m2":2566414.1,"source_crs":"EPSG:32636","in_east_jerusalem":false,"evidence_ref":["aa0039e910"]}},{"type":"Feature","geometry":{"type":"MultiPolygon","coordinates":[[[[35.12612,31.696669],[35.125958,31.696644],[35.125951,31.696759],[35.126127,31.696783],[35.12612,31.696669]]],[[[35.126091,31.701229],[35.127282,31.700662],[35.127982,31.700677],[35.127895,31.700019],[35.12744,31.699315],[35.126811,31.698836],[35.126724,31.698387],[35.126129,31.698372],[35.125848,31.69876],[35.125568,31.698745],[35.125253,31.698341],[35.124204,31.697787],[35.124746,31.697772],[35.124852,31.697398],[35.124747,31.697204],[35.123347,31.696724],[35.123155,31.696589],[35.123103,31.696035],[35.124765,31.696336],[35.124748,31.696051],[35.124066,31.695587],[35.120865,31.693954],[35.12041,31.693939],[35.119657,31.693654],[35.118818,31.69313],[35.117856,31.692306],[35.116072,31.691243],[35.11504,31.690793],[35.114323,31.690748],[35.113107,31.690492],[35.112441,31.690956],[35.112108,31.691449],[35.111303,31.691404],[35.110254,31.690655],[35.109275,31.6901],[35.107857,31.690129],[35.106019,31.690517],[35.105541,31.691191],[35.105422,31.692222],[35.106174,31.6933],[35.107223,31.693989],[35.108395,31.694304],[35.109077,31.694634],[35.109619,31.695473],[35.109978,31.695233],[35.11031,31.695383],[35.11115,31.696222],[35.112059,31.696671],[35.112777,31.696777],[35.115805,31.695971],[35.116365,31.696046],[35.116855,31.696405],[35.117257,31.69684],[35.117221,31.697423],[35.117536,31.698007],[35.117973,31.698306],[35.118533,31.698187],[35.12177,31.698922],[35.122487,31.699297],[35.122837,31.699626],[35.122662,31.7],[35.123152,31.700165],[35.123449,31.700091],[35.124517,31.700406],[35.124429,31.7006],[35.124849,31.700974],[35.125216,31.7009],[35.125759,31.70105],[35.126091,31.701229]]],[[[35.125557,31.703479],[35.124968,31.703143],[35.124883,31.703283],[35.125463,31.703615],[35.125557,31.703479]]],[[[35.123795,31.706808],[35.123851,31.706551],[35.123494,31.706337],[35.123284,31.706315],[35.122045,31.706469],[35.121925,31.706818],[35.122281,31.70691],[35.122832,31.706671],[35.12336,31.707057],[35.123528,31.707047],[35.123795,31.706808]]],[[[35.119076,31.707261],[35.119059,31.706724],[35.119987,31.706814],[35.120425,31.706455],[35.120845,31.706276],[35.120968,31.705857],[35.120723,31.705827],[35.120723,31.705468],[35.120145,31.705438],[35.12004,31.705782],[35.119148,31.705707],[35.119148,31.705302],[35.118623,31.705212],[35.118535,31.705631],[35.118342,31.705706],[35.1178,31.705571],[35.11759,31.705286],[35.117936,31.704975],[35.118269,31.704373],[35.118894,31.703684],[35.11901,31.703238],[35.120084,31.702841],[35.120134,31.703469],[35.120446,31.703504],[35.120655,31.703717],[35.120707,31.70446],[35.121757,31.704332],[35.122353,31.703434],[35.122878,31.702896],[35.123003,31.702941],[35.123136,31.702816],[35.123274,31.702504],[35.122555,31.702252],[35.122398,31.701848],[35.121908,31.701623],[35.121716,31.701339],[35.119353,31.700918],[35.118898,31.701137],[35.118215,31.701256],[35.11769,31.70154],[35.118056,31.702647],[35.117829,31.703006],[35.117198,31.703155],[35.116761,31.702856],[35.11573,31.701045],[35.114873,31.70052],[35.112802,31.6997],[35.111619,31.69962],[35.110597,31.698785],[35.110032,31.698656],[35.110056,31.699019],[35.108953,31.698805],[35.109128,31.698424],[35.108575,31.698331],[35.107386,31.696969],[35.106739,31.696325],[35.106215,31.69601],[35.104606,31.694213],[35.104064,31.694348],[35.103938,31.694666],[35.103202,31.694411],[35.102506,31.694321],[35.101141,31.69461],[35.100476,31.695005],[35.10182,31.696464],[35.101011,31.697261],[35.100874,31.697756],[35.100573,31.697813],[35.100494,31.69791],[35.10045,31.698259],[35.098781,31.698302],[35.098798,31.698644],[35.098407,31.698673],[35.098406,31.699491],[35.099475,31.699566],[35.099944,31.699723],[35.101169,31.700601],[35.102073,31.700996],[35.102352,31.700632],[35.102682,31.700758],[35.102839,31.700387],[35.103247,31.700454],[35.103319,31.699994],[35.1039,31.700183],[35.105099,31.700344],[35.10576,31.70053],[35.106577,31.700888],[35.107749,31.701667],[35.10809,31.701597],[35.108442,31.701706],[35.108245,31.701989],[35.108436,31.702182],[35.108862,31.702369],[35.109218,31.702428],[35.109602,31.702268],[35.110137,31.702556],[35.111798,31.703964],[35.112935,31.704758],[35.114614,31.705657],[35.11507,31.705642],[35.116172,31.706212],[35.117799,31.706602],[35.118499,31.707246],[35.119076,31.707261]]]]},"properties":{"entity_id":"beitar-illit","entity_type":"settlement","name":"Beitar Illit","names":{"primary":"Beitar Illit","hebrew":"ביתר עלית"},"stage_history":[{"stage":6,"stage_label":"Construction started","valid_from":"2021-06-03","evidence_ref":["aa0039e910"]}],"extent_type":"built_up","area_m2":2093980.8,"source_crs":"EPSG:32636","in_east_jerusalem":false,"evidence_ref":["aa0039e910"]}},{"type":"Feature","geometry":{"type":"MultiPolygon","coordinates":[[[[35.463302,32.242878],[35.464489,32.242348],[35.463852,32.241661],[35.461802,32.240694],[35.461393,32.240796],[35.461711,32.241854],[35.462381,32.241671],[35.463302,32.242878]]],[[[35.454042,32.243516],[35.45454,32.243125],[35.45508,32.242986],[35.455162,32.243434],[35.455554,32.243542],[35.45585,32.243065],[35.455835,32.242721],[35.456158,32.242456],[35.456198,32.242284],[35.456806,32.24226],[35.457225,32.242431],[35.457183,32.241821],[35.457377,32.241286],[35.456749,32.241078],[35.455195,32.240783],[35.455264,32.24123],[35.454927,32.241403],[35.4544,32.241462],[35.453644,32.241383],[35.453171,32.241177],[35.451931,32.242006],[35.451433,32.242661],[35.451232,32.243132],[35.450854,32.243178],[35.450545,32.243535],[35.450545,32.243799],[35.450897,32.243936],[35.451531,32.2439],[35.451506,32.244692],[35.451223,32.24475],[35.45109,32.245461],[35.451347,32.24553],[35.451656,32.245105],[35.452034,32.245115],[35.451992,32.244691],[35.451709,32.2446],[35.451841,32.243624],[35.452084,32.243715],[35.452504,32.244116],[35.453152,32.243931],[35.454042,32.243516]]],[[[35.453358,32.245365],[35.453969,32.246649],[35.455291,32.246256],[35.455209,32.245832],[35.456503,32.245061],[35.456354,32.244636],[35.453358,32.245365]]]]},"properties":{"entity_id":"bqa-ot","entity_type":"settlement","name":"Bqa'ot","names":{"primary":"Bqa'ot","hebrew":"בקעות"},"stage_history":[{"stage":6,"stage_label":"Construction started","valid_from":"2021-06-03","evidence_ref":["aa0039e910"]}],"extent_type":"built_up","area_m2":193469.4,"source_crs":"EPSG:32636","in_east_jerusalem":false,"evidence_ref":["aa0039e910"]}},{"type":"Feature","geometry":{"type":"MultiPolygon","coordinates":[[[[35.256161,32.191979],[35.255564,32.191927],[35.255228,32.192031],[35.254891,32.191927],[35.254554,32.192227],[35.254983,32.192513],[35.254769,32.19276],[35.254402,32.192982],[35.253238,32.192566],[35.252472,32.192163],[35.251998,32.191681],[35.2516,32.191512],[35.251278,32.191655],[35.251447,32.192111],[35.251677,32.192176],[35.251967,32.192124],[35.253422,32.192826],[35.254203,32.193086],[35.254892,32.193203],[35.255718,32.192981],[35.256055,32.193072],[35.256361,32.192578],[35.256161,32.191979]]],[[[35.267386,32.194759],[35.267952,32.194355],[35.26812,32.193796],[35.26789,32.192572],[35.267338,32.191128],[35.267353,32.190776],[35.267613,32.190542],[35.268225,32.190776],[35.26847,32.190385],[35.268332,32.189969],[35.267689,32.189891],[35.267215,32.190034],[35.266465,32.19049],[35.265868,32.1904],[35.265133,32.190166],[35.264383,32.19027],[35.263587,32.19057],[35.263113,32.191],[35.262746,32.191599],[35.263129,32.191741],[35.262901,32.194032],[35.262518,32.19428],[35.262457,32.194605],[35.261554,32.194671],[35.261371,32.195608],[35.261585,32.195777],[35.2618,32.195829],[35.261983,32.195491],[35.262167,32.194775],[35.262587,32.1948],[35.263136,32.195378],[35.263689,32.195059],[35.264693,32.195476],[35.26581,32.195359],[35.267386,32.194759]]]]},"properties":{"entity_id":"bracha","entity_type":"settlement","name":"Bracha","names":{"primary":"Bracha","hebrew":"ברכה"},"stage_history":[{"stage":6,"stage_label":"Construction started","valid_from":"2021-06-03","evidence_ref":["aa0039e910"]}],"extent_type":"built_up","area_m2":285580.2,"source_crs":"EPSG:32636","in_east_jerusalem":false,"evidence_ref":["aa0039e910"]}},{"type":"Feature","geometry":{"type":"MultiPolygon","coordinates":[[[[35.094156,31.660319],[35.093926,31.660168],[35.093795,31.660358],[35.094002,31.66049],[35.094156,31.660319]]],[[[35.098592,31.660635],[35.099812,31.660296],[35.099969,31.65992],[35.099899,31.659434],[35.100154,31.659337],[35.100636,31.659253],[35.101331,31.659508],[35.101871,31.659472],[35.104656,31.658654],[35.104972,31.658404],[35.105424,31.658339],[35.106178,31.657981],[35.106618,31.658005],[35.107201,31.656935],[35.107811,31.656657],[35.108166,31.656184],[35.107769,31.655771],[35.107174,31.655564],[35.10699,31.655115],[35.106621,31.654969],[35.106834,31.654423],[35.107431,31.654035],[35.108688,31.65402],[35.109637,31.652791],[35.109383,31.652571],[35.109048,31.65288],[35.108927,31.652821],[35.10834,31.653126],[35.10753,31.653841],[35.10629,31.654444],[35.105472,31.655225],[35.104663,31.655358],[35.104138,31.655552],[35.103201,31.656158],[35.102307,31.65617],[35.101718,31.656366],[35.101505,31.656693],[35.101646,31.656924],[35.101603,31.6573],[35.101461,31.657494],[35.10122,31.657506],[35.100837,31.657275],[35.100057,31.657129],[35.099447,31.65714],[35.098411,31.657771],[35.097503,31.657794],[35.097417,31.658243],[35.096651,31.658534],[35.096494,31.658934],[35.095841,31.65937],[35.09567,31.659928],[35.096676,31.660446],[35.096775,31.660741],[35.097003,31.660646],[35.0974,31.660634],[35.097826,31.660755],[35.098195,31.660744],[35.098592,31.660635]]],[[[35.109495,31.661269],[35.110531,31.660578],[35.110375,31.66053],[35.110034,31.660675],[35.109155,31.660298],[35.108871,31.660626],[35.10792,31.661183],[35.107593,31.661596],[35.107863,31.66179],[35.108373,31.661815],[35.108714,31.661706],[35.109495,31.661269]]],[[[35.092386,31.664706],[35.092414,31.664503],[35.091864,31.664346],[35.09196,31.664178],[35.092475,31.664231],[35.09255,31.663981],[35.092183,31.66362],[35.092494,31.663413],[35.092903,31.663859],[35.093184,31.663596],[35.092945,31.663058],[35.09288,31.662699],[35.092671,31.662511],[35.092052,31.662878],[35.092242,31.663006],[35.092387,31.663296],[35.092048,31.663481],[35.091484,31.662824],[35.091814,31.66235],[35.091418,31.662283],[35.090808,31.662482],[35.090944,31.662802],[35.090774,31.6629],[35.090685,31.663109],[35.090733,31.663335],[35.090583,31.663637],[35.090908,31.664218],[35.091166,31.664334],[35.091519,31.664154],[35.09162,31.664294],[35.091525,31.664648],[35.091293,31.664472],[35.091047,31.664622],[35.090636,31.664606],[35.090649,31.664728],[35.091537,31.665003],[35.09202,31.664781],[35.092386,31.664706]]]]},"properties":{"entity_id":"bat-ayin","entity_type":"settlement","name":"Bat Ayin","names":{"primary":"Bat Ayin","hebrew":"בת עין"},"stage_history":[{"stage":6,"stage_label":"Construction started","valid_from":"2021-06-03","evidence_ref":["aa0039e910"]}],"extent_type":"built_up","area_m2":413072.1,"source_crs":"EPSG:32636","in_east_jerusalem":false,"evidence_ref":["aa0039e910"]}},{"type":"Feature","geometry":{"type":"MultiPolygon","coordinates":[[[[35.167122,31.866054],[35.167514,31.865525],[35.167953,31.86575],[35.168962,31.86585],[35.169346,31.865349],[35.169827,31.864933],[35.170788,31.865369],[35.171885,31.865408],[35.171855,31.864677],[35.171435,31.864459],[35.172246,31.863715],[35.171901,31.863305],[35.172382,31.862779],[35.172878,31.862639],[35.174049,31.863088],[35.174635,31.862959],[35.174841,31.86318],[35.175048,31.863135],[35.175101,31.862874],[35.175837,31.862934],[35.176363,31.863486],[35.175642,31.863947],[35.175762,31.864242],[35.175641,31.86487],[35.175867,31.864998],[35.176603,31.865127],[35.177219,31.865178],[35.17809,31.86505],[35.178796,31.864602],[35.180134,31.863394],[35.179203,31.862791],[35.178512,31.862817],[35.178016,31.863047],[35.17743,31.862752],[35.177265,31.862432],[35.177505,31.862342],[35.178046,31.862317],[35.178347,31.861791],[35.178557,31.860945],[35.178167,31.860919],[35.178039,31.860432],[35.176678,31.86067],[35.17638,31.860833],[35.17538,31.861085],[35.174944,31.860906],[35.174734,31.859354],[35.17496,31.859239],[35.175095,31.858982],[35.175095,31.858367],[35.174322,31.858519],[35.173878,31.857886],[35.173608,31.857309],[35.173173,31.856847],[35.172436,31.856898],[35.171731,31.856565],[35.170905,31.855949],[35.170289,31.855936],[35.169537,31.856141],[35.169777,31.856962],[35.170153,31.857039],[35.171941,31.85677],[35.172451,31.857001],[35.172917,31.857398],[35.172827,31.857719],[35.172121,31.857552],[35.171009,31.857744],[35.170754,31.85768],[35.170363,31.857923],[35.169131,31.8575],[35.169056,31.857269],[35.16844,31.856782],[35.168305,31.855375],[35.168012,31.855418],[35.16802,31.855852],[35.167359,31.855788],[35.166428,31.855569],[35.166729,31.854313],[35.166248,31.854159],[35.165858,31.85439],[35.165707,31.854351],[35.165092,31.853402],[35.164506,31.853569],[35.164356,31.854143],[35.164385,31.854463],[35.16419,31.855105],[35.163453,31.856284],[35.163288,31.856707],[35.163603,31.857611],[35.164008,31.858162],[35.164369,31.858342],[35.164549,31.858163],[35.165315,31.85833],[35.16539,31.858009],[35.166592,31.858253],[35.167584,31.858176],[35.168079,31.858459],[35.169401,31.858959],[35.170182,31.8591],[35.170468,31.858985],[35.170783,31.859075],[35.171008,31.85928],[35.171114,31.859549],[35.170858,31.860088],[35.170828,31.86087],[35.170542,31.861524],[35.170421,31.862216],[35.170481,31.862614],[35.16955,31.862529],[35.169475,31.861157],[35.16892,31.860605],[35.167921,31.860359],[35.167485,31.860359],[35.166884,31.860512],[35.166478,31.861012],[35.166073,31.86132],[35.165712,31.861281],[35.165367,31.861025],[35.164631,31.860909],[35.163594,31.860986],[35.162707,31.861268],[35.162452,31.861588],[35.162331,31.861934],[35.162527,31.862101],[35.162301,31.862447],[35.163067,31.862627],[35.163172,31.862986],[35.163127,31.863255],[35.162476,31.863441],[35.162344,31.863434],[35.162208,31.863129],[35.161843,31.862908],[35.161732,31.862672],[35.16159,31.86259],[35.160535,31.862831],[35.160737,31.86331],[35.160474,31.863372],[35.160125,31.863012],[35.159641,31.863132],[35.159122,31.862555],[35.158616,31.862566],[35.158451,31.862656],[35.158574,31.862943],[35.159011,31.863335],[35.159211,31.863244],[35.159313,31.863379],[35.15956,31.863484],[35.16004,31.863441],[35.160283,31.863328],[35.16041,31.863477],[35.160265,31.863662],[35.160053,31.863709],[35.159708,31.86364],[35.159555,31.863955],[35.159079,31.86389],[35.158498,31.864138],[35.158673,31.864346],[35.159248,31.864328],[35.15978,31.864449],[35.159959,31.864681],[35.160184,31.864812],[35.160503,31.864658],[35.160653,31.864719],[35.160691,31.864617],[35.160839,31.864591],[35.160975,31.864199],[35.161183,31.864011],[35.161811,31.863841],[35.162535,31.863913],[35.162618,31.863763],[35.163127,31.86364],[35.163397,31.863447],[35.163563,31.862947],[35.163908,31.863101],[35.164314,31.863653],[35.164449,31.863986],[35.164704,31.864243],[35.164704,31.864589],[35.164283,31.864679],[35.164073,31.86523],[35.164463,31.865499],[35.164674,31.865345],[35.16529,31.865333],[35.166146,31.865525],[35.166416,31.866564],[35.166701,31.866641],[35.166897,31.866477],[35.167122,31.866054]]],[[[35.154041,31.865171],[35.153662,31.865171],[35.153494,31.86508],[35.153406,31.865148],[35.153181,31.865467],[35.153631,31.865673],[35.153275,31.865898],[35.153077,31.865898],[35.153045,31.866034],[35.153122,31.866067],[35.153057,31.866225],[35.153543,31.866381],[35.154678,31.866956],[35.155485,31.866731],[35.155344,31.866538],[35.155388,31.866445],[35.154894,31.866149],[35.155011,31.865945],[35.154862,31.86584],[35.154828,31.86569],[35.154579,31.865429],[35.154041,31.865171]]],[[[35.149935,31.866782],[35.15093,31.866202],[35.150571,31.86585],[35.149197,31.866737],[35.149406,31.866331],[35.14919,31.866235],[35.148881,31.865133],[35.148624,31.864641],[35.148272,31.864828],[35.148167,31.865097],[35.147533,31.865218],[35.146383,31.865083],[35.146136,31.86561],[35.145216,31.865481],[35.143948,31.864743],[35.143694,31.864946],[35.145247,31.865889],[35.145773,31.866018],[35.146795,31.86589],[35.147531,31.866095],[35.148095,31.866814],[35.149432,31.867076],[35.149731,31.867016],[35.149935,31.866782]]],[[[35.17149,31.850549],[35.17268,31.850643],[35.172967,31.850542],[35.173863,31.849511],[35.173111,31.848762],[35.172022,31.848401],[35.169954,31.8483],[35.169329,31.848357],[35.169299,31.848538],[35.168914,31.848568],[35.168731,31.849368],[35.168762,31.849917],[35.169092,31.849964],[35.17062,31.850476],[35.17149,31.850549]]],[[[35.169037,31.838021],[35.169251,31.837968],[35.169276,31.838286],[35.17,31.838202],[35.170782,31.837694],[35.171086,31.837631],[35.170837,31.836958],[35.171145,31.835762],[35.170253,31.835158],[35.170361,31.835014],[35.171205,31.835667],[35.171422,31.835592],[35.171592,31.835828],[35.172238,31.835973],[35.172715,31.835986],[35.173377,31.835632],[35.174561,31.835763],[35.175162,31.835672],[35.174746,31.835212],[35.174085,31.834817],[35.173377,31.834069],[35.173162,31.833583],[35.173116,31.832847],[35.172824,31.832637],[35.17167,31.832269],[35.170916,31.83215],[35.170439,31.832189],[35.170423,31.833004],[35.170531,31.833858],[35.170777,31.834357],[35.17073,31.834515],[35.170069,31.834291],[35.169746,31.834435],[35.169792,31.834935],[35.169903,31.835086],[35.169725,31.835344],[35.169474,31.83527],[35.169346,31.834619],[35.168853,31.834567],[35.168653,31.83479],[35.168468,31.835341],[35.168468,31.83588],[35.168314,31.835933],[35.16796,31.835801],[35.167176,31.835932],[35.16699,31.837285],[35.167221,31.837482],[35.167193,31.837672],[35.167355,31.83777],[35.167469,31.838007],[35.167336,31.838365],[35.168836,31.838284],[35.169037,31.838021]]]]},"properties":{"entity_id":"giva-t-ze-ev","entity_type":"settlement","name":"Giva't Ze'ev","names":{"primary":"Giva't Ze'ev"},"stage_history":[{"stage":6,"stage_label":"Construction started","valid_from":"2021-06-03","evidence_ref":["aa0039e910"]}],"extent_type":"built_up","area_m2":1436583.1,"source_crs":"EPSG:32636","in_east_jerusalem":false,"evidence_ref":["aa0039e910"]}},{"type":"Feature","geometry":{"type":"MultiPolygon","coordinates":[[[[35.44967,31.998081],[35.447835,31.996483],[35.447146,31.997101],[35.446374,31.996637],[35.445061,31.997967],[35.444313,31.997973],[35.443903,31.997227],[35.443213,31.997536],[35.443429,31.997967],[35.444284,31.998048],[35.443891,31.998858],[35.443201,31.998873],[35.443237,32.000557],[35.442708,32.000735],[35.442853,32.001132],[35.443755,32.002129],[35.444656,32.00288],[35.445284,32.003249],[35.445876,32.00255],[35.446323,32.001563],[35.447412,32.000193],[35.4468,31.999606],[35.446863,31.999386],[35.447135,31.99903],[35.44784,31.998208],[35.448597,31.998973],[35.44967,31.998081]]],[[[35.447652,32.002355],[35.449405,32.003241],[35.45077,32.003361],[35.451538,32.002457],[35.452753,32.000183],[35.451113,31.999365],[35.450471,31.999804],[35.449712,31.999825],[35.449387,32.000217],[35.44943,32.000805],[35.44877,32.000259],[35.447747,32.001821],[35.447652,32.002355]]]]},"properties":{"entity_id":"gilgal","entity_type":"settlement","name":"Gilgal","names":{"primary":"Gilgal","hebrew":"גלגל"},"stage_history":[{"stage":6,"stage_label":"Construction started","valid_from":"2021-06-03","evidence_ref":["aa0039e910"]}],"extent_type":"built_up","area_m2":359857.5,"source_crs":"EPSG:32636","in_east_jerusalem":false,"evidence_ref":["aa0039e910"]}},{"type":"Feature","geometry":{"type":"MultiPolygon","coordinates":[[[[35.080686,31.490891],[35.080728,31.490644],[35.08055,31.490695],[35.080576,31.490891],[35.080686,31.490891]]],[[[35.082718,31.494412],[35.083151,31.493823],[35.08347,31.493213],[35.083255,31.49258],[35.082937,31.492481],[35.082542,31.492699],[35.081789,31.493487],[35.08223,31.492671],[35.082394,31.492067],[35.083114,31.49098],[35.082844,31.490762],[35.082199,31.491745],[35.081771,31.491918],[35.081642,31.49215],[35.081724,31.492891],[35.081139,31.493555],[35.080886,31.493254],[35.080976,31.492589],[35.080811,31.492327],[35.080569,31.492283],[35.080416,31.49249],[35.080479,31.492675],[35.080759,31.492916],[35.08067,31.493079],[35.080415,31.49297],[35.080276,31.492773],[35.079716,31.492577],[35.07908,31.491932],[35.079208,31.491365],[35.079145,31.490654],[35.078726,31.490381],[35.077019,31.490794],[35.076547,31.491349],[35.076534,31.491797],[35.076648,31.492179],[35.076788,31.492277],[35.077017,31.492288],[35.077322,31.492867],[35.077894,31.493445],[35.078339,31.493609],[35.078479,31.493904],[35.079472,31.494047],[35.079676,31.49394],[35.080387,31.494824],[35.08068,31.494857],[35.08091,31.494727],[35.081101,31.494171],[35.0811,31.495076],[35.081366,31.495894],[35.081608,31.496211],[35.082104,31.496288],[35.08227,31.495852],[35.082425,31.494663],[35.082718,31.494412]]]]},"properties":{"entity_id":"hagai","entity_type":"settlement","name":"Hagai","names":{"primary":"Hagai"},"stage_history":[{"stage":6,"stage_label":"Construction started","valid_from":"2021-06-03","evidence_ref":["aa0039e910"]}],"extent_type":"built_up","area_m2":173310.6,"source_crs":"EPSG:32636","in_east_jerusalem":false,"evidence_ref":["aa0039e910"]}},{"type":"Feature","geometry":{"type":"MultiPolygon","coordinates":[[[[35.168699,32.480942],[35.168644,32.48017],[35.168323,32.480199],[35.168066,32.479697],[35.167433,32.479691],[35.166911,32.479786],[35.166869,32.480039],[35.166952,32.480676],[35.167578,32.480653],[35.167648,32.480919],[35.16785,32.480995],[35.168699,32.480942]]],[[[35.170918,32.481284],[35.171082,32.481446],[35.17218,32.481548],[35.172376,32.481318],[35.172735,32.481613],[35.172354,32.482193],[35.172397,32.482562],[35.172789,32.482737],[35.172919,32.4833],[35.172647,32.483327],[35.172636,32.483521],[35.173017,32.483503],[35.173756,32.483687],[35.174616,32.483669],[35.17467,32.48318],[35.173757,32.483226],[35.173757,32.483438],[35.173126,32.483337],[35.173093,32.482774],[35.173702,32.482729],[35.174693,32.481494],[35.175176,32.480223],[35.175476,32.479817],[35.175292,32.478701],[35.174846,32.478627],[35.173671,32.478645],[35.173541,32.478479],[35.173497,32.477908],[35.17303,32.477917],[35.172834,32.478251],[35.172921,32.478666],[35.171768,32.479136],[35.171582,32.479947],[35.171724,32.480537],[35.170125,32.480851],[35.170519,32.481408],[35.170752,32.481532],[35.170918,32.481284]]]]},"properties":{"entity_id":"hinanit","entity_type":"settlement","name":"Hinanit","names":{"primary":"Hinanit","hebrew":"חיננית"},"stage_history":[{"stage":6,"stage_label":"Construction started","valid_from":"2021-06-03","evidence_ref":["aa0039e910"]}],"extent_type":"built_up","area_m2":164980.6,"source_crs":"EPSG:32636","in_east_jerusalem":false,"evidence_ref":["aa0039e910"]}},{"type":"Feature","geometry":{"type":"MultiPolygon","coordinates":[[[[35.138812,32.01177],[35.139502,32.011547],[35.139071,32.010605],[35.138051,32.010306],[35.137864,32.010392],[35.138043,32.010618],[35.137745,32.01107],[35.137926,32.011378],[35.138582,32.011826],[35.138812,32.01177]]],[[[35.128757,32.006954],[35.127346,32.005932],[35.126508,32.005637],[35.126788,32.00463],[35.127183,32.003973],[35.127101,32.003721],[35.126723,32.003748],[35.126132,32.004],[35.12587,32.003454],[35.125148,32.002964],[35.124787,32.00239],[35.124787,32.001998],[35.124673,32.001774],[35.123852,32.001676],[35.12303,32.001773],[35.12234,32.001997],[35.121667,32.002444],[35.122029,32.002688],[35.121814,32.00341],[35.121584,32.003619],[35.1216,32.003927],[35.12201,32.004123],[35.122519,32.00411],[35.122338,32.004319],[35.121517,32.004585],[35.121336,32.004976],[35.121319,32.00569],[35.121664,32.005858],[35.122124,32.005872],[35.1226,32.005761],[35.123044,32.005551],[35.1237,32.005524],[35.124357,32.005762],[35.124833,32.006224],[35.125267,32.006806],[35.125434,32.006527],[35.126048,32.006463],[35.127098,32.007104],[35.126983,32.007496],[35.126129,32.007607],[35.126245,32.008197],[35.12561,32.008066],[35.125262,32.008359],[35.125499,32.008535],[35.125844,32.008618],[35.126352,32.008568],[35.12621,32.009399],[35.127211,32.009553],[35.128738,32.009624],[35.129124,32.01066],[35.12978,32.011737],[35.130091,32.012102],[35.130584,32.01185],[35.130683,32.011458],[35.131045,32.010843],[35.131373,32.01092],[35.131274,32.011843],[35.131668,32.012053],[35.131141,32.013298],[35.131273,32.013606],[35.131798,32.013481],[35.132193,32.012739],[35.132079,32.011956],[35.131422,32.011661],[35.131587,32.01092],[35.131333,32.010756],[35.131363,32.009928],[35.131064,32.009156],[35.13065,32.009022],[35.129667,32.008351],[35.128757,32.006954]]]]},"properties":{"entity_id":"halamish","entity_type":"settlement","name":"Halamish","names":{"primary":"Halamish","hebrew":"חלמיש"},"stage_history":[{"stage":6,"stage_label":"Construction started","valid_from":"2021-06-03","evidence_ref":["aa0039e910"]}],"extent_type":"built_up","area_m2":380932.2,"source_crs":"EPSG:32636","in_east_jerusalem":false,"evidence_ref":["aa0039e910"]}},{"type":"Feature","geometry":{"type":"MultiPolygon","coordinates":[[[[35.133091,31.941155],[35.13331,31.94104],[35.134418,31.941236],[35.134762,31.941174],[35.135149,31.940693],[35.135692,31.940631],[35.135964,31.940213],[35.136581,31.939848],[35.136445,31.9396],[35.137156,31.938202],[35.137157,31.937561],[35.136917,31.937053],[35.137398,31.93594],[35.137639,31.935717],[35.137899,31.936751],[35.137878,31.937098],[35.137648,31.937811],[35.137679,31.938211],[35.138023,31.938523],[35.138337,31.938488],[35.138765,31.938212],[35.139256,31.938185],[35.139538,31.938043],[35.139637,31.937684],[35.139934,31.937691],[35.140572,31.937262],[35.140681,31.936944],[35.141837,31.936646],[35.14193,31.936506],[35.14193,31.93628],[35.141796,31.935546],[35.141163,31.935304],[35.140935,31.935326],[35.140865,31.935226],[35.141242,31.935149],[35.141264,31.934927],[35.142235,31.934874],[35.142308,31.934553],[35.141248,31.934463],[35.140298,31.934597],[35.139692,31.93489],[35.139806,31.935211],[35.139472,31.935576],[35.139127,31.936368],[35.139043,31.936778],[35.138623,31.936772],[35.138631,31.936174],[35.138933,31.935408],[35.138859,31.935255],[35.138459,31.934925],[35.137743,31.935593],[35.137242,31.935673],[35.13675,31.936456],[35.13676,31.937194],[35.136535,31.937723],[35.136154,31.937635],[35.135953,31.937873],[35.135677,31.938019],[35.13552,31.93856],[35.13585,31.938696],[35.135735,31.938992],[35.135453,31.939019],[35.135359,31.939384],[35.135046,31.939152],[35.134231,31.938787],[35.133657,31.938813],[35.133427,31.93859],[35.133302,31.938715],[35.132717,31.938715],[35.131109,31.938197],[35.130921,31.938348],[35.129552,31.938303],[35.129605,31.938481],[35.129865,31.938784],[35.129876,31.938918],[35.128664,31.939104],[35.128737,31.939701],[35.128851,31.939817],[35.129008,31.939799],[35.129019,31.939585],[35.130209,31.939684],[35.130742,31.940041],[35.131953,31.94062],[35.132757,31.941289],[35.133091,31.941155]]],[[[35.138202,31.944814],[35.138088,31.944773],[35.137812,31.944878],[35.137822,31.945244],[35.137871,31.945404],[35.138247,31.94568],[35.138433,31.945562],[35.138419,31.944903],[35.138202,31.944814]]],[[[35.150346,31.944298],[35.149665,31.943256],[35.149437,31.943316],[35.149568,31.943684],[35.14941,31.943839],[35.149245,31.943775],[35.148963,31.94381],[35.148739,31.943159],[35.148502,31.9431],[35.148334,31.943431],[35.148652,31.943516],[35.148154,31.943657],[35.147586,31.944065],[35.148001,31.944601],[35.148158,31.945322],[35.147893,31.945435],[35.147951,31.945654],[35.148233,31.945725],[35.149459,31.945513],[35.149758,31.944934],[35.150139,31.944878],[35.150387,31.944631],[35.150346,31.944298]]],[[[35.140231,31.945728],[35.140532,31.945294],[35.140539,31.94467],[35.140339,31.944151],[35.140371,31.943965],[35.140295,31.943951],[35.13973,31.944144],[35.139679,31.944511],[35.139815,31.945177],[35.139249,31.944957],[35.139234,31.945349],[35.139042,31.945529],[35.139223,31.945641],[35.139557,31.945599],[35.140231,31.945728]]],[[[35.137231,31.950317],[35.137039,31.950006],[35.136604,31.950108],[35.136305,31.950067],[35.135982,31.949607],[35.135994,31.949352],[35.135227,31.94929],[35.134922,31.94947],[35.134987,31.94978],[35.1347,31.95026],[35.134328,31.950566],[35.134005,31.950587],[35.133861,31.950781],[35.133932,31.951097],[35.133824,31.951322],[35.134231,31.951792],[35.134758,31.952007],[35.135453,31.951803],[35.135725,31.951604],[35.135572,31.951397],[35.136436,31.950864],[35.136712,31.950792],[35.136819,31.950557],[35.137231,31.950317]]],[[[35.128139,31.954144],[35.128366,31.953976],[35.128737,31.954048],[35.129049,31.95367],[35.129709,31.953598],[35.129827,31.953303],[35.129647,31.953221],[35.129979,31.952425],[35.129158,31.952434],[35.129182,31.952873],[35.128583,31.952924],[35.128511,31.952587],[35.126475,31.952708],[35.125852,31.952585],[35.124032,31.95191],[35.123229,31.95191],[35.122498,31.952277],[35.122222,31.952696],[35.12227,31.953165],[35.122437,31.953605],[35.124425,31.954229],[35.124732,31.954601],[35.124747,31.954794],[35.124305,31.955002],[35.122672,31.955555],[35.12282,31.956115],[35.123094,31.956625],[35.123554,31.956986],[35.124018,31.957052],[35.124433,31.956996],[35.124816,31.956914],[35.125658,31.956541],[35.127088,31.955482],[35.127545,31.954954],[35.12785,31.954426],[35.128184,31.954242],[35.128139,31.954144]]],[[[35.117719,31.957743],[35.117933,31.95774],[35.118046,31.957858],[35.1184,31.957607],[35.118369,31.957555],[35.120035,31.957223],[35.120087,31.95696],[35.119491,31.956614],[35.118844,31.955949],[35.117821,31.955547],[35.117861,31.955244],[35.117528,31.955259],[35.117225,31.955747],[35.117166,31.956098],[35.116614,31.955922],[35.116232,31.95591],[35.115422,31.955953],[35.114995,31.956078],[35.114929,31.956385],[35.115267,31.956336],[35.115516,31.956414],[35.115709,31.956261],[35.11693,31.956575],[35.117472,31.956509],[35.117612,31.956844],[35.117517,31.957248],[35.117502,31.957579],[35.117573,31.957598],[35.117538,31.957705],[35.117262,31.957843],[35.11737,31.957901],[35.117719,31.957743]]]]},"properties":{"entity_id":"talmon","entity_type":"settlement","name":"Talmon","names":{"primary":"Talmon","hebrew":"טלמון"},"stage_history":[{"stage":6,"stage_label":"Construction started","valid_from":"2021-06-03","evidence_ref":["aa0039e910"]}],"extent_type":"built_up","area_m2":666703.8,"source_crs":"EPSG:32636","in_east_jerusalem":false,"evidence_ref":["aa0039e910"]}},{"type":"Feature","geometry":{"type":"MultiPolygon","coordinates":[[[[35.471407,32.055848],[35.469299,32.054282],[35.468247,32.055593],[35.469536,32.056506],[35.470239,32.057102],[35.470641,32.056798],[35.470987,32.056863],[35.471169,32.056658],[35.47089,32.056405],[35.471407,32.055848]]],[[[35.475539,32.060577],[35.475317,32.061142],[35.475134,32.061178],[35.473577,32.060907],[35.47289,32.060693],[35.472765,32.061171],[35.472021,32.06097],[35.471771,32.061532],[35.472486,32.061793],[35.472223,32.062916],[35.471359,32.064529],[35.471081,32.065354],[35.471264,32.065867],[35.472682,32.066317],[35.473609,32.066841],[35.474183,32.06678],[35.474728,32.065915],[35.476557,32.0635],[35.478095,32.06198],[35.476383,32.060786],[35.476422,32.060447],[35.476016,32.060367],[35.475898,32.060624],[35.475539,32.060577]]]]},"properties":{"entity_id":"yafit","entity_type":"settlement","name":"Yafit","names":{"primary":"Yafit","hebrew":"יפית"},"stage_history":[{"stage":6,"stage_label":"Construction started","valid_from":"2021-06-03","evidence_ref":["aa0039e910"]}],"extent_type":"built_up","area_m2":311875.8,"source_crs":"EPSG:32636","in_east_jerusalem":false,"evidence_ref":["aa0039e910"]}},{"type":"Feature","geometry":{"type":"MultiPolygon","coordinates":[[[[35.344793,31.949009],[35.344509,31.948477],[35.344192,31.948625],[35.343192,31.949532],[35.34346,31.949957],[35.34454,31.949855],[35.344793,31.949009]]],[[[35.357743,31.952663],[35.357637,31.952642],[35.35752,31.952742],[35.357698,31.952798],[35.357743,31.952663]]],[[[35.356451,31.954175],[35.356234,31.954035],[35.356044,31.954284],[35.356172,31.954356],[35.356111,31.954425],[35.356183,31.954467],[35.356451,31.954175]]],[[[35.350005,31.95474],[35.348879,31.954592],[35.34897,31.957202],[35.34949,31.9573],[35.350065,31.955551],[35.350005,31.95474]]],[[[35.356766,31.958065],[35.357064,31.95789],[35.3576,31.957988],[35.358081,31.957505],[35.358445,31.957538],[35.358613,31.957405],[35.358399,31.957155],[35.358145,31.957106],[35.357977,31.957422],[35.357228,31.956874],[35.356877,31.956758],[35.356637,31.956825],[35.356168,31.957321],[35.356092,31.957685],[35.356561,31.957782],[35.356766,31.958065]]],[[[35.342125,31.956816],[35.341346,31.956767],[35.341144,31.957481],[35.341522,31.958811],[35.342389,31.959253],[35.342994,31.958464],[35.343368,31.957799],[35.343367,31.956839],[35.342125,31.956816]]],[[[35.347183,31.963628],[35.348499,31.963395],[35.348899,31.963395],[35.349071,31.963224],[35.349914,31.963028],[35.350586,31.962612],[35.351099,31.961856],[35.351585,31.961453],[35.351957,31.961587],[35.352514,31.961025],[35.35307,31.959915],[35.353168,31.958976],[35.352438,31.958562],[35.352181,31.958782],[35.351952,31.958721],[35.351952,31.958587],[35.351766,31.958356],[35.35138,31.958381],[35.350637,31.958674],[35.349994,31.959126],[35.349936,31.958906],[35.350565,31.958394],[35.350492,31.957918],[35.349949,31.958029],[35.349692,31.958431],[35.349679,31.958797],[35.349808,31.959175],[35.349594,31.959565],[35.349208,31.959834],[35.34815,31.960055],[35.348163,31.959323],[35.348034,31.959006],[35.347691,31.959019],[35.34752,31.959458],[35.347363,31.95958],[35.346991,31.959556],[35.346781,31.959307],[35.346288,31.959448],[35.345875,31.959706],[35.345476,31.960362],[35.345452,31.962682],[35.345718,31.963228],[35.346897,31.963238],[35.346969,31.96358],[35.347183,31.963628]]]]},"properties":{"entity_id":"kochav-hashahar","entity_type":"settlement","name":"Kochav Hashahar","names":{"primary":"Kochav Hashahar"},"stage_history":[{"stage":6,"stage_label":"Construction started","valid_from":"2021-06-03","evidence_ref":["aa0039e910"]}],"extent_type":"built_up","area_m2":385030.2,"source_crs":"EPSG:32636","in_east_jerusalem":false,"evidence_ref":["aa0039e910"]}},{"type":"Feature","geometry":{"type":"MultiPolygon","coordinates":[[[[35.249152,31.874856],[35.248597,31.875063],[35.248889,31.875487],[35.248578,31.875869],[35.247731,31.876335],[35.246621,31.876543],[35.24553,31.876627],[35.245423,31.876976],[35.247098,31.877025],[35.248987,31.876484],[35.249065,31.876119],[35.249376,31.87542],[35.249152,31.874856]]],[[[35.25211,31.877705],[35.25244,31.877597],[35.252487,31.877389],[35.252109,31.877261],[35.251788,31.877477],[35.25211,31.877705]]],[[[35.238215,31.880347],[35.237872,31.881076],[35.237599,31.881231],[35.23753,31.881566],[35.237724,31.881877],[35.237474,31.882237],[35.237611,31.88247],[35.237178,31.882839],[35.236426,31.883228],[35.23596,31.883112],[35.235345,31.883685],[35.233933,31.883957],[35.232908,31.883695],[35.232715,31.883948],[35.232942,31.884201],[35.233284,31.883957],[35.233865,31.884152],[35.233876,31.884434],[35.234115,31.884521],[35.234411,31.883977],[35.235334,31.88384],[35.235937,31.883287],[35.236313,31.883422],[35.236837,31.884161],[35.237122,31.884656],[35.236814,31.884889],[35.236974,31.885035],[35.237372,31.884812],[35.237087,31.884365],[35.238431,31.883626],[35.239068,31.88347],[35.23884,31.882392],[35.239102,31.8821],[35.23954,31.881929],[35.239889,31.88143],[35.240176,31.880753],[35.240455,31.880753],[35.240691,31.880649],[35.241197,31.880991],[35.240857,31.881966],[35.241398,31.882099],[35.241703,31.882047],[35.2424,31.881199],[35.241659,31.881006],[35.241711,31.880775],[35.241849,31.880571],[35.242668,31.880759],[35.242805,31.879888],[35.24263,31.879716],[35.242365,31.88009],[35.241164,31.879955],[35.240765,31.879683],[35.240306,31.878782],[35.240904,31.877898],[35.240605,31.876912],[35.239628,31.876419],[35.238412,31.876351],[35.238273,31.87664],[35.237576,31.876793],[35.237576,31.877048],[35.239708,31.877218],[35.239289,31.877763],[35.239714,31.878052],[35.239529,31.878306],[35.238273,31.877677],[35.236739,31.877627],[35.23662,31.878256],[35.237557,31.878987],[35.238175,31.87982],[35.238215,31.880347]]],[[[35.242861,31.88285],[35.243694,31.882408],[35.244368,31.883164],[35.245696,31.883042],[35.247786,31.881923],[35.247946,31.881394],[35.249291,31.879337],[35.250177,31.879035],[35.250336,31.878596],[35.249875,31.878385],[35.249167,31.878491],[35.248812,31.878143],[35.247536,31.877418],[35.24658,31.877645],[35.246013,31.877933],[35.245535,31.877993],[35.245393,31.878265],[35.244702,31.878628],[35.244561,31.878885],[35.243994,31.879006],[35.243498,31.879294],[35.243409,31.879717],[35.243011,31.880491],[35.243419,31.881595],[35.242843,31.881701],[35.242578,31.882154],[35.242099,31.882502],[35.241497,31.883394],[35.241196,31.883425],[35.240984,31.883803],[35.241179,31.884196],[35.241604,31.884211],[35.241392,31.884604],[35.239748,31.884946],[35.239575,31.885175],[35.240382,31.885163],[35.240913,31.884846],[35.241321,31.884876],[35.241817,31.885133],[35.242118,31.885057],[35.24226,31.884634],[35.242118,31.884483],[35.242667,31.883893],[35.242242,31.883515],[35.242861,31.88285]]]]},"properties":{"entity_id":"kochav-yaacov","entity_type":"settlement","name":"Kochav Yaacov","names":{"primary":"Kochav Yaacov"},"stage_history":[{"stage":6,"stage_label":"Construction started","valid_from":"2021-06-03","evidence_ref":["aa0039e910"]}],"extent_type":"built_up","area_m2":555080.8,"source_crs":"EPSG:32636","in_east_jerusalem":false,"evidence_ref":["aa0039e910"]}},{"type":"Feature","geometry":{"type":"MultiPolygon","coordinates":[[[[35.35099,31.815049],[35.34972,31.814698],[35.349316,31.815547],[35.350128,31.816152],[35.350686,31.816056],[35.35099,31.815049]]],[[[35.315691,31.819951],[35.313969,31.819504],[35.314001,31.819808],[35.315184,31.820367],[35.31557,31.820298],[35.315691,31.819951]]],[[[35.347176,31.821385],[35.346303,31.820866],[35.347073,31.82071],[35.34758,31.820467],[35.346706,31.819377],[35.345409,31.819707],[35.344739,31.819431],[35.344292,31.81886],[35.345082,31.818565],[35.346096,31.817958],[35.34571,31.817525],[35.345101,31.817076],[35.343784,31.817943],[35.342992,31.817511],[35.342181,31.817304],[35.341897,31.817391],[35.341391,31.818188],[35.342142,31.818393],[35.343029,31.818359],[35.343684,31.81815],[35.344374,31.819345],[35.345396,31.819937],[35.344274,31.820315],[35.344214,31.820938],[35.344397,31.821336],[35.3461,31.820936],[35.34675,31.821455],[35.347075,31.82161],[35.347176,31.821385]]],[[[35.323101,31.826351],[35.323526,31.826195],[35.324418,31.825605],[35.324722,31.825778],[35.324945,31.825691],[35.325229,31.825466],[35.325321,31.825097],[35.325285,31.824857],[35.324959,31.824861],[35.324694,31.825046],[35.324682,31.825386],[35.323452,31.826109],[35.322716,31.826316],[35.322366,31.826244],[35.321364,31.825678],[35.321291,31.825338],[35.321544,31.824526],[35.321235,31.824051],[35.321016,31.823288],[35.320678,31.822747],[35.321325,31.82288],[35.3214,31.822716],[35.320731,31.822527],[35.321097,31.822263],[35.321492,31.821658],[35.321476,31.821499],[35.321115,31.821551],[35.320124,31.822418],[35.31838,31.822381],[35.31767,31.821932],[35.317247,31.820995],[35.316883,31.821056],[35.316861,31.822264],[35.317334,31.823159],[35.317449,31.823567],[35.317813,31.823665],[35.318177,31.82391],[35.319056,31.823949],[35.319625,31.824721],[35.320047,31.824968],[35.320663,31.825133],[35.320953,31.825771],[35.32169,31.826286],[35.321665,31.826392],[35.322048,31.82649],[35.322283,31.826687],[35.322675,31.826421],[35.323101,31.826351]]],[[[35.343639,31.829176],[35.344251,31.828539],[35.345585,31.828918],[35.345869,31.828918],[35.345725,31.827966],[35.345381,31.827966],[35.343797,31.828388],[35.343049,31.828158],[35.34243,31.828222],[35.341791,31.828005],[35.341182,31.827417],[35.340289,31.827054],[35.339558,31.82657],[35.337145,31.826694],[35.337084,31.8264],[35.337205,31.825845],[35.337589,31.825447],[35.337893,31.824858],[35.337426,31.824685],[35.336109,31.82531],[35.336088,31.824894],[35.337019,31.82382],[35.337201,31.822989],[35.336227,31.822747],[35.336186,31.822297],[35.336296,31.821547],[35.336093,31.821166],[35.336619,31.82133],[35.337098,31.821077],[35.337137,31.820961],[35.335922,31.820397],[35.335776,31.820771],[35.335545,31.820838],[35.33526,31.820457],[35.33528,31.819921],[35.335016,31.8198],[35.334327,31.8198],[35.334327,31.820303],[35.334511,31.820805],[35.335018,31.821479],[35.335344,31.822206],[35.33506,31.822293],[35.334839,31.823436],[35.334855,31.823684],[35.334245,31.82415],[35.333837,31.824683],[35.333842,31.825246],[35.334085,31.82612],[35.334057,31.826502],[35.333728,31.826467],[35.333301,31.826173],[35.332896,31.826174],[35.332632,31.826468],[35.332308,31.82659],[35.331902,31.826296],[35.332357,31.825662],[35.332655,31.824911],[35.332668,31.824556],[35.332493,31.824249],[35.33271,31.823574],[35.332926,31.823633],[35.333351,31.822455],[35.332985,31.822271],[35.332432,31.822283],[35.332304,31.822369],[35.332129,31.822779],[35.331874,31.822843],[35.331412,31.824058],[35.33119,31.824288],[35.330927,31.824981],[35.330704,31.82505],[35.330521,31.824826],[35.330581,31.82415],[35.330155,31.82396],[35.329566,31.823974],[35.329482,31.824258],[35.328594,31.825303],[35.327743,31.825209],[35.327758,31.825859],[35.328169,31.825903],[35.328533,31.826067],[35.329836,31.82685],[35.331637,31.826963],[35.333246,31.827533],[35.335002,31.827597],[35.335631,31.827539],[35.336356,31.827621],[35.337166,31.828052],[35.337768,31.828176],[35.337841,31.828258],[35.339175,31.828337],[35.340819,31.828785],[35.341305,31.828542],[35.342218,31.82861],[35.343472,31.829598],[35.343639,31.829176]]],[[[35.357179,31.834254],[35.356766,31.834113],[35.356766,31.833807],[35.35628,31.833856],[35.356151,31.833709],[35.355378,31.833919],[35.354948,31.83414],[35.354424,31.833848],[35.354443,31.833575],[35.354263,31.833303],[35.354363,31.833081],[35.355649,31.832754],[35.356677,31.832278],[35.357035,31.831613],[35.357094,31.831187],[35.356674,31.830915],[35.356156,31.831017],[35.355977,31.831563],[35.355758,31.831802],[35.354621,31.832365],[35.354262,31.832315],[35.354022,31.832094],[35.354041,31.831616],[35.353781,31.831361],[35.353442,31.831515],[35.352664,31.831584],[35.351693,31.832009],[35.351797,31.832397],[35.352347,31.832982],[35.352167,31.833084],[35.351732,31.833061],[35.351646,31.833146],[35.351681,31.833479],[35.352091,31.833497],[35.352607,31.833646],[35.351849,31.833783],[35.35151,31.833954],[35.35149,31.834141],[35.351792,31.834478],[35.35173,31.834562],[35.351778,31.834819],[35.352604,31.835441],[35.352967,31.835611],[35.35295,31.83569],[35.353429,31.835928],[35.354447,31.836012],[35.355843,31.835431],[35.356841,31.835345],[35.35728,31.834884],[35.357179,31.834254]]]]},"properties":{"entity_id":"kfar-adumim","entity_type":"settlement","name":"Kfar Adumim","names":{"primary":"Kfar Adumim","hebrew":"כפר אדומים"},"stage_history":[{"stage":6,"stage_label":"Construction started","valid_from":"2021-06-03","evidence_ref":["aa0039e910"]}],"extent_type":"built_up","area_m2":845050.6,"source_crs":"EPSG:32636","in_east_jerusalem":false,"evidence_ref":["aa0039e910"]}},{"type":"Feature","geometry":{"type":"MultiPolygon","coordinates":[[[[35.111292,31.650796],[35.110499,31.650763],[35.110288,31.651018],[35.110362,31.651632],[35.110609,31.652077],[35.110931,31.652459],[35.111451,31.652512],[35.11165,31.651569],[35.111279,31.651251],[35.111292,31.650796]]],[[[35.119103,31.652634],[35.119091,31.652062],[35.118856,31.651966],[35.118373,31.652104],[35.1182,31.651352],[35.11773,31.651351],[35.117358,31.651531],[35.117036,31.651806],[35.116887,31.652092],[35.116528,31.652187],[35.116119,31.652187],[35.115909,31.651846],[35.11645,31.651386],[35.116714,31.651512],[35.117178,31.650906],[35.117249,31.650309],[35.117434,31.650417],[35.117879,31.650491],[35.118214,31.650386],[35.118301,31.649199],[35.118215,31.649125],[35.117311,31.649146],[35.116783,31.648974],[35.116615,31.649032],[35.116676,31.649393],[35.116333,31.649209],[35.116222,31.648817],[35.116569,31.647842],[35.116322,31.64726],[35.11605,31.646963],[35.116448,31.646844],[35.116212,31.646179],[35.115469,31.646009],[35.114355,31.645977],[35.114181,31.645881],[35.114652,31.645331],[35.116076,31.645798],[35.116386,31.645544],[35.116497,31.645321],[35.116918,31.645131],[35.11677,31.644845],[35.115681,31.644283],[35.115409,31.64424],[35.115954,31.643965],[35.116449,31.64386],[35.117341,31.643903],[35.11744,31.643585],[35.117316,31.643373],[35.116709,31.643542],[35.116141,31.642758],[35.115794,31.6425],[35.11546,31.642701],[35.11562,31.643199],[35.114133,31.6443],[35.114405,31.644649],[35.115248,31.644099],[35.115198,31.64429],[35.113971,31.645867],[35.114169,31.646037],[35.114553,31.646079],[35.11454,31.646291],[35.113958,31.646598],[35.113858,31.647159],[35.113511,31.64727],[35.113041,31.647672],[35.11288,31.647492],[35.112843,31.647217],[35.112471,31.647227],[35.112348,31.647058],[35.112038,31.647195],[35.11226,31.648392],[35.112557,31.648382],[35.112644,31.648117],[35.112867,31.648096],[35.11304,31.648372],[35.113325,31.648457],[35.113361,31.648732],[35.113522,31.648753],[35.113523,31.648541],[35.113176,31.648308],[35.113015,31.648033],[35.113003,31.647831],[35.113437,31.647471],[35.113796,31.647419],[35.113907,31.648192],[35.11377,31.648764],[35.113744,31.64958],[35.113865,31.650665],[35.113525,31.650724],[35.113581,31.650995],[35.113481,31.651242],[35.113153,31.651208],[35.113117,31.65154],[35.113402,31.651641],[35.113524,31.651939],[35.113785,31.652241],[35.113623,31.652447],[35.114176,31.652833],[35.114176,31.652986],[35.114418,31.652989],[35.114675,31.65279],[35.114932,31.653047],[35.11511,31.652885],[35.11536,31.652415],[35.115587,31.652308],[35.115772,31.65252],[35.115809,31.653156],[35.116068,31.653723],[35.116291,31.653871],[35.116353,31.654327],[35.116538,31.65456],[35.116897,31.654655],[35.116971,31.654793],[35.117957,31.654986],[35.1181,31.654671],[35.117928,31.65423],[35.11722,31.654041],[35.117145,31.653872],[35.117183,31.65348],[35.117914,31.653353],[35.118991,31.653343],[35.119103,31.652634]]]]},"properties":{"entity_id":"kfar-etzion","entity_type":"settlement","name":"Kfar Etzion","names":{"primary":"Kfar Etzion","hebrew":"כפר עציון"},"stage_history":[{"stage":6,"stage_label":"Construction started","valid_from":"2021-06-03","evidence_ref":["aa0039e910"]}],"extent_type":"built_up","area_m2":361067.7,"source_crs":"EPSG:32636","in_east_jerusalem":false,"evidence_ref":["aa0039e910"]}},{"type":"Feature","geometry":{"type":"MultiPolygon","coordinates":[[[[35.238043,32.116955],[35.238087,32.116697],[35.237278,32.116845],[35.237105,32.116673],[35.237249,32.116587],[35.237393,32.116341],[35.237364,32.116095],[35.237076,32.116058],[35.236989,32.11628],[35.236585,32.116304],[35.236656,32.115826],[35.236494,32.115823],[35.236378,32.116287],[35.236137,32.116267],[35.236022,32.116034],[35.235646,32.11601],[35.23517,32.116305],[35.234534,32.116084],[35.234303,32.116157],[35.234289,32.116526],[35.234897,32.11692],[35.236311,32.116722],[35.236859,32.116734],[35.237119,32.117152],[35.237639,32.117275],[35.23787,32.11741],[35.237986,32.117717],[35.238246,32.117705],[35.238328,32.117513],[35.237913,32.117053],[35.238043,32.116955]]],[[[35.247792,32.121106],[35.247517,32.120897],[35.246694,32.121057],[35.246738,32.121536],[35.24707,32.121585],[35.247113,32.121094],[35.247459,32.12102],[35.247676,32.121265],[35.247792,32.121646],[35.248023,32.121634],[35.248023,32.121302],[35.247849,32.121253],[35.247792,32.121106]]],[[[35.250642,32.120784],[35.250794,32.119925],[35.2515,32.119894],[35.251502,32.119433],[35.251747,32.119408],[35.251819,32.119114],[35.25231,32.119015],[35.253106,32.118563],[35.252982,32.118244],[35.252353,32.11829],[35.252151,32.118032],[35.25192,32.118057],[35.251314,32.118745],[35.250837,32.118635],[35.250851,32.118131],[35.251241,32.118167],[35.251342,32.117946],[35.251356,32.116853],[35.251818,32.116791],[35.252136,32.116643],[35.252568,32.116189],[35.252106,32.115882],[35.250439,32.115589],[35.249117,32.115637],[35.24893,32.115883],[35.249262,32.116669],[35.24906,32.116964],[35.247343,32.118029],[35.247531,32.118759],[35.247776,32.119348],[35.248484,32.120258],[35.248638,32.120833],[35.24879,32.120796],[35.248614,32.1203],[35.249466,32.120626],[35.24978,32.120668],[35.249813,32.121331],[35.249906,32.121628],[35.249709,32.121686],[35.24976,32.121922],[35.249906,32.121943],[35.249927,32.122075],[35.249596,32.122341],[35.249566,32.12241],[35.249685,32.122587],[35.2501,32.122437],[35.250326,32.122247],[35.250213,32.1221],[35.251205,32.121265],[35.251134,32.121041],[35.250642,32.120784]]]]},"properties":{"entity_id":"kfar-tapuah","entity_type":"settlement","name":"Kfar Tapuah","names":{"primary":"Kfar Tapuah","hebrew":"כפר תפוח"},"stage_history":[{"stage":6,"stage_label":"Construction started","valid_from":"2021-06-03","evidence_ref":["aa0039e910"]}],"extent_type":"built_up","area_m2":224710.3,"source_crs":"EPSG:32636","in_east_jerusalem":false,"evidence_ref":["aa0039e910"]}},{"type":"Feature","geometry":{"type":"MultiPolygon","coordinates":[[[[35.097104,31.606045],[35.096285,31.605777],[35.095586,31.605802],[35.095065,31.605865],[35.094961,31.606158],[35.095407,31.606464],[35.097028,31.607038],[35.097489,31.606639],[35.097104,31.606045]]],[[[35.104329,31.611616],[35.104091,31.611412],[35.104013,31.609418],[35.10387,31.6094],[35.103677,31.609183],[35.102457,31.608596],[35.102011,31.608647],[35.101163,31.608328],[35.100761,31.608379],[35.099348,31.608327],[35.099229,31.608199],[35.099244,31.607932],[35.099527,31.607613],[35.099096,31.607257],[35.098644,31.607526],[35.098542,31.607453],[35.098472,31.606925],[35.09807,31.606988],[35.098113,31.607172],[35.097777,31.60755],[35.097564,31.608198],[35.097339,31.609562],[35.097461,31.609614],[35.097792,31.609562],[35.098514,31.609141],[35.099228,31.609371],[35.099748,31.609384],[35.099808,31.609091],[35.100151,31.609053],[35.100671,31.60913],[35.100567,31.609601],[35.100894,31.609856],[35.100953,31.610047],[35.100655,31.610429],[35.101057,31.610595],[35.10125,31.610467],[35.102306,31.610761],[35.10244,31.610952],[35.102454,31.611398],[35.102886,31.611437],[35.10296,31.611564],[35.103243,31.611641],[35.103868,31.611476],[35.10415,31.611794],[35.104329,31.611794],[35.104329,31.611616]]]]},"properties":{"entity_id":"karmei-zur","entity_type":"settlement","name":"Karmei Zur","names":{"primary":"Karmei Zur"},"stage_history":[{"stage":6,"stage_label":"Construction started","valid_from":"2021-06-03","evidence_ref":["aa0039e910"]}],"extent_type":"built_up","area_m2":153431.2,"source_crs":"EPSG:32636","in_east_jerusalem":false,"evidence_ref":["aa0039e910"]}},{"type":"Feature","geometry":{"type":"MultiPolygon","coordinates":[[[[35.186148,31.433066],[35.186044,31.433021],[35.185963,31.433184],[35.186059,31.433217],[35.186148,31.433066]]],[[[35.184605,31.434085],[35.184989,31.433523],[35.184717,31.433277],[35.183903,31.432004],[35.183424,31.431853],[35.183153,31.431415],[35.183265,31.431004],[35.183456,31.43099],[35.183696,31.431209],[35.183696,31.431524],[35.183999,31.43162],[35.184398,31.431593],[35.184526,31.430238],[35.18467,31.429841],[35.184495,31.429389],[35.184175,31.429019],[35.184274,31.42859],[35.184351,31.428587],[35.184479,31.42728],[35.184654,31.427174],[35.184499,31.426993],[35.18423,31.42729],[35.184008,31.427328],[35.184033,31.427179],[35.183701,31.427127],[35.183633,31.428074],[35.183681,31.428677],[35.183329,31.429142],[35.18269,31.429471],[35.181748,31.43021],[35.181605,31.430689],[35.181572,31.43136],[35.182227,31.431606],[35.182371,31.431907],[35.182083,31.43214],[35.182003,31.432592],[35.181381,31.432605],[35.181448,31.433753],[35.182769,31.433852],[35.183009,31.433674],[35.183312,31.433674],[35.183951,31.434071],[35.184605,31.434085]]],[[[35.189072,31.435427],[35.191748,31.434235],[35.191079,31.43334],[35.188751,31.434487],[35.188082,31.434051],[35.188163,31.433569],[35.186584,31.432261],[35.186504,31.432582],[35.186852,31.43311],[35.186584,31.433683],[35.18851,31.434647],[35.188778,31.435313],[35.188189,31.435611],[35.188055,31.436872],[35.188911,31.436804],[35.189072,31.435427]]]]},"properties":{"entity_id":"karmel","entity_type":"settlement","name":"Karmel","names":{"primary":"Karmel"},"stage_history":[{"stage":6,"stage_label":"Construction started","valid_from":"2021-06-03","evidence_ref":["aa0039e910"]}],"extent_type":"built_up","area_m2":203128.4,"source_crs":"EPSG:32636","in_east_jerusalem":false,"evidence_ref":["aa0039e910"]}},{"type":"Feature","geometry":{"type":"MultiPolygon","coordinates":[[[[35.144288,31.641551],[35.144994,31.641462],[35.145154,31.640859],[35.145551,31.640699],[35.145947,31.639941],[35.145929,31.63975],[35.147051,31.638717],[35.147501,31.637861],[35.14814,31.637256],[35.147536,31.636916],[35.145144,31.639464],[35.145787,31.63994],[35.145618,31.640444],[35.145376,31.64068],[35.145186,31.640739],[35.145014,31.640651],[35.144703,31.640193],[35.144307,31.640104],[35.143944,31.640296],[35.143685,31.640266],[35.143703,31.639365],[35.143513,31.639026],[35.143047,31.638834],[35.142288,31.639202],[35.142029,31.639527],[35.141804,31.639527],[35.141581,31.6387],[35.141356,31.638582],[35.140476,31.638552],[35.140597,31.63833],[35.141668,31.637726],[35.142703,31.637918],[35.142755,31.637519],[35.141685,31.637297],[35.141668,31.637076],[35.142358,31.63681],[35.142359,31.636264],[35.141966,31.636227],[35.141229,31.636546],[35.140944,31.636823],[35.141435,31.63695],[35.141366,31.637151],[35.139921,31.637924],[35.139537,31.638445],[35.139478,31.63884],[35.140498,31.63966],[35.139789,31.639841],[35.139246,31.639642],[35.139133,31.63992],[35.139683,31.640125],[35.139862,31.639909],[35.140579,31.639718],[35.141165,31.640457],[35.140992,31.640737],[35.140526,31.640707],[35.140285,31.641017],[35.141337,31.641313],[35.141389,31.640782],[35.141545,31.640678],[35.141976,31.641077],[35.1422,31.641402],[35.142217,31.641653],[35.142718,31.641698],[35.143218,31.641491],[35.143667,31.641492],[35.143494,31.642156],[35.144184,31.642215],[35.144288,31.641551]]],[[[35.146644,31.641449],[35.14639,31.640981],[35.145409,31.641295],[35.145145,31.641448],[35.145503,31.642368],[35.145804,31.642779],[35.14604,31.642779],[35.146162,31.642594],[35.146936,31.64228],[35.146644,31.641449]]]]},"properties":{"entity_id":"migdal-oz","entity_type":"settlement","name":"Migdal Oz","names":{"primary":"Migdal Oz","hebrew":"מגדל עוז"},"stage_history":[{"stage":6,"stage_label":"Construction started","valid_from":"2021-06-03","evidence_ref":["aa0039e910"]}],"extent_type":"built_up","area_m2":188649.7,"source_crs":"EPSG:32636","in_east_jerusalem":false,"evidence_ref":["aa0039e910"]}},{"type":"Feature","geometry":{"type":"MultiPolygon","coordinates":[[[[35.346985,32.092152],[35.346551,32.092078],[35.346082,32.093102],[35.346144,32.093208],[35.346516,32.093281],[35.346813,32.092954],[35.346985,32.092152]]],[[[35.342797,32.092832],[35.343006,32.092135],[35.343551,32.091522],[35.343464,32.09129],[35.34298,32.091101],[35.343214,32.090299],[35.343475,32.090225],[35.343449,32.089992],[35.343201,32.08994],[35.342394,32.088738],[35.341873,32.088295],[35.341414,32.088465],[35.340943,32.088381],[35.34072,32.08855],[35.34051,32.088877],[35.340659,32.089099],[35.341279,32.089393],[35.341156,32.089752],[35.341194,32.090354],[35.341852,32.090807],[35.342385,32.090975],[35.342868,32.090911],[35.342374,32.091914],[35.342041,32.092854],[35.342797,32.092832]]]]},"properties":{"entity_id":"migdalim","entity_type":"settlement","name":"Migdalim","names":{"primary":"Migdalim","hebrew":"מגדלים"},"stage_history":[{"stage":6,"stage_label":"Construction started","valid_from":"2021-06-03","evidence_ref":["aa0039e910"]}],"extent_type":"built_up","area_m2":67629.6,"source_crs":"EPSG:32636","in_east_jerusalem":false,"evidence_ref":["aa0039e910"]}},{"type":"Feature","geometry":{"type":"MultiPolygon","coordinates":[[[[35.510702,32.363528],[35.509898,32.363192],[35.509776,32.363597],[35.510114,32.364241],[35.510396,32.364363],[35.510596,32.364328],[35.510902,32.363631],[35.510702,32.363528]]],[[[35.515851,32.367029],[35.519178,32.365572],[35.519786,32.365088],[35.519924,32.36414],[35.518746,32.364057],[35.518905,32.362988],[35.517423,32.363181],[35.517037,32.363044],[35.516733,32.363321],[35.515901,32.363478],[35.515657,32.363341],[35.515515,32.363151],[35.514237,32.363568],[35.513407,32.364449],[35.513855,32.364827],[35.511757,32.367435],[35.511673,32.367975],[35.512005,32.36837],[35.512487,32.368571],[35.513075,32.368362],[35.515851,32.367029]]]]},"properties":{"entity_id":"mechola","entity_type":"settlement","name":"Mechola","names":{"primary":"Mechola","hebrew":"מחולה"},"stage_history":[{"stage":6,"stage_label":"Construction started","valid_from":"2021-06-03","evidence_ref":["aa0039e910"]}],"extent_type":"built_up","area_m2":257276.4,"source_crs":"EPSG:32636","in_east_jerusalem":false,"evidence_ref":["aa0039e910"]}},{"type":"Feature","geometry":{"type":"MultiPolygon","coordinates":[[[[35.163507,31.408327],[35.163243,31.408327],[35.163221,31.408629],[35.163493,31.408591],[35.163507,31.408327]]],[[[35.161213,31.409892],[35.161472,31.409555],[35.162119,31.409731],[35.162177,31.409611],[35.162029,31.408353],[35.161532,31.408269],[35.161128,31.407791],[35.160558,31.408274],[35.160627,31.407653],[35.160444,31.407455],[35.160179,31.407436],[35.159926,31.407662],[35.159684,31.407573],[35.159592,31.407662],[35.159799,31.407938],[35.159718,31.408422],[35.15927,31.408353],[35.159155,31.408431],[35.159488,31.408599],[35.159396,31.408846],[35.158775,31.408826],[35.158718,31.409063],[35.159132,31.409349],[35.159062,31.409516],[35.158729,31.409585],[35.158451,31.410653],[35.158706,31.41067],[35.159018,31.409787],[35.160028,31.409566],[35.160592,31.409645],[35.160615,31.409833],[35.161213,31.409892]]],[[[35.167708,31.409459],[35.167607,31.408899],[35.16549,31.409309],[35.165683,31.409971],[35.165637,31.410129],[35.163907,31.410507],[35.164083,31.411159],[35.16584,31.410741],[35.165767,31.410133],[35.167708,31.409459]]],[[[35.160767,31.411192],[35.160773,31.411044],[35.160417,31.4111],[35.160458,31.411289],[35.160767,31.411192]]],[[[35.162945,31.413415],[35.163231,31.412831],[35.163415,31.412642],[35.163535,31.412074],[35.162661,31.411655],[35.161456,31.411718],[35.160931,31.411947],[35.160857,31.412639],[35.161179,31.413272],[35.162026,31.413186],[35.162127,31.413367],[35.162945,31.413415]]],[[[35.168706,31.415124],[35.169639,31.414452],[35.169491,31.414217],[35.169259,31.414289],[35.168783,31.414742],[35.167879,31.414591],[35.167676,31.414717],[35.167529,31.414349],[35.167345,31.414236],[35.16785,31.414245],[35.168431,31.413809],[35.168707,31.413494],[35.168505,31.413163],[35.168082,31.413115],[35.16775,31.413407],[35.167493,31.41347],[35.167575,31.413967],[35.167068,31.414212],[35.166213,31.414227],[35.165983,31.414046],[35.164593,31.414172],[35.164437,31.413682],[35.164253,31.413477],[35.163383,31.413587],[35.163245,31.413706],[35.162923,31.413658],[35.16273,31.413847],[35.162436,31.41391],[35.162012,31.413863],[35.161718,31.413958],[35.161709,31.414036],[35.162141,31.414179],[35.163521,31.415047],[35.163447,31.415213],[35.163907,31.415497],[35.163787,31.415623],[35.163999,31.415773],[35.164128,31.415584],[35.164358,31.415687],[35.164772,31.415703],[35.164745,31.415071],[35.16514,31.415032],[35.165257,31.415192],[35.166002,31.414993],[35.166324,31.414346],[35.166609,31.414433],[35.166618,31.414969],[35.16763,31.415467],[35.167722,31.415617],[35.168973,31.415917],[35.169222,31.415664],[35.16925,31.415396],[35.168706,31.415124]]]]},"properties":{"entity_id":"maon","entity_type":"settlement","name":"Maon","names":{"primary":"Maon"},"stage_history":[{"stage":6,"stage_label":"Construction started","valid_from":"2021-06-03","evidence_ref":["aa0039e910"]}],"extent_type":"built_up","area_m2":218664.1,"source_crs":"EPSG:32636","in_east_jerusalem":false,"evidence_ref":["aa0039e910"]}},{"type":"Feature","geometry":{"type":"MultiPolygon","coordinates":[[[[35.395488,32.069249],[35.395594,32.068915],[35.395112,32.068475],[35.394469,32.068294],[35.393792,32.068477],[35.393471,32.068705],[35.393465,32.068965],[35.393626,32.069124],[35.393778,32.069066],[35.394041,32.069317],[35.393932,32.069793],[35.394544,32.069979],[35.395097,32.069918],[35.395311,32.069781],[35.395488,32.069249]]],[[[35.393066,32.071242],[35.393172,32.070817],[35.392708,32.070787],[35.392602,32.071167],[35.393066,32.071242]]],[[[35.413994,32.071323],[35.416794,32.071147],[35.417572,32.070334],[35.41854,32.0708],[35.419132,32.070786],[35.419678,32.069445],[35.420499,32.068731],[35.420007,32.068314],[35.419402,32.068905],[35.417514,32.070187],[35.416819,32.069413],[35.418028,32.067813],[35.417016,32.067139],[35.415865,32.0688],[35.415693,32.069391],[35.41295,32.069444],[35.412721,32.070195],[35.413847,32.070303],[35.413994,32.071323]]],[[[35.403,32.069019],[35.402786,32.068894],[35.402631,32.066555],[35.402515,32.066442],[35.402356,32.066443],[35.402169,32.066232],[35.401478,32.066089],[35.401344,32.065818],[35.401043,32.065901],[35.401008,32.06603],[35.401123,32.066135],[35.401664,32.066285],[35.401753,32.066451],[35.401629,32.066542],[35.401381,32.066527],[35.401266,32.066346],[35.400982,32.066166],[35.400769,32.066294],[35.40061,32.066619],[35.400779,32.066794],[35.401426,32.066604],[35.402099,32.066611],[35.402223,32.066739],[35.40234,32.067199],[35.4022,32.068119],[35.402228,32.069059],[35.401715,32.069294],[35.401307,32.069],[35.400891,32.0694],[35.400706,32.069831],[35.401017,32.070034],[35.400255,32.072455],[35.400049,32.073468],[35.400237,32.074],[35.40103,32.074212],[35.401739,32.074246],[35.401825,32.075098],[35.40366,32.075042],[35.404014,32.074859],[35.404555,32.074361],[35.404721,32.074005],[35.404615,32.07326],[35.406805,32.072036],[35.407131,32.072464],[35.407682,32.072622],[35.407583,32.072928],[35.40719,32.072855],[35.407113,32.072982],[35.407406,32.073067],[35.407305,32.073263],[35.407526,32.073381],[35.407712,32.073075],[35.407817,32.072687],[35.408339,32.072764],[35.408597,32.072661],[35.408554,32.072153],[35.40774,32.071976],[35.407426,32.071338],[35.40709,32.07006],[35.40644,32.068836],[35.405418,32.068571],[35.403,32.069019]]]]},"properties":{"entity_id":"maale-efrayim","entity_type":"settlement","name":"Maale Efrayim","names":{"primary":"Maale Efrayim"},"stage_history":[{"stage":6,"stage_label":"Construction started","valid_from":"2021-06-03","evidence_ref":["aa0039e910"]}],"extent_type":"built_up","area_m2":535634.5,"source_crs":"EPSG:32636","in_east_jerusalem":false,"evidence_ref":["aa0039e910"]}},{"type":"Feature","geometry":{"type":"MultiPolygon","coordinates":[[[[35.315583,31.879289],[35.315628,31.878608],[35.315272,31.878673],[35.315286,31.879296],[35.315583,31.879289]]],[[[35.315428,31.882047],[35.315287,31.881676],[35.314642,31.881943],[35.31478,31.88115],[35.315142,31.880943],[35.314987,31.880828],[35.314783,31.880954],[35.314464,31.88065],[35.313973,31.879915],[35.314179,31.879826],[35.314127,31.879675],[35.313615,31.879718],[35.313986,31.881593],[35.313864,31.881769],[35.31395,31.882526],[35.314208,31.882881],[35.314515,31.882881],[35.315428,31.882047]]],[[[35.305923,31.880693],[35.306064,31.880488],[35.306389,31.880488],[35.306868,31.880305],[35.307772,31.880124],[35.307305,31.879305],[35.307446,31.879076],[35.307941,31.879087],[35.307869,31.878376],[35.307699,31.878075],[35.30784,31.877641],[35.307633,31.877327],[35.30743,31.877184],[35.307726,31.877039],[35.307973,31.876479],[35.30813,31.876608],[35.308248,31.876484],[35.308418,31.876761],[35.308785,31.876749],[35.309491,31.876507],[35.309356,31.875826],[35.308762,31.874742],[35.308548,31.8746],[35.309485,31.873785],[35.309802,31.873611],[35.310323,31.873631],[35.310334,31.873347],[35.309998,31.87332],[35.308956,31.874046],[35.30783,31.875153],[35.307499,31.875665],[35.307211,31.876937],[35.306745,31.876877],[35.306604,31.876997],[35.305516,31.87683],[35.305049,31.876565],[35.305077,31.876155],[35.304882,31.875852],[35.304601,31.875681],[35.304216,31.875756],[35.303972,31.876003],[35.304443,31.877288],[35.304853,31.877312],[35.305404,31.877613],[35.305687,31.878047],[35.306026,31.878324],[35.305842,31.878396],[35.305532,31.878324],[35.305377,31.878613],[35.305023,31.878541],[35.305207,31.878861],[35.301353,31.878865],[35.301414,31.879521],[35.301898,31.879476],[35.302579,31.879225],[35.302727,31.880102],[35.303055,31.880042],[35.30318,31.879387],[35.305079,31.878958],[35.304121,31.87997],[35.303706,31.881129],[35.303862,31.882358],[35.304075,31.882828],[35.304908,31.882984],[35.304655,31.883454],[35.304839,31.883912],[35.305376,31.88414],[35.306223,31.884164],[35.306406,31.884043],[35.306321,31.88344],[35.305502,31.883068],[35.305572,31.882718],[35.305374,31.882549],[35.305995,31.882091],[35.305769,31.881838],[35.305429,31.881658],[35.305288,31.881356],[35.305923,31.880898],[35.305923,31.880693]]]]},"properties":{"entity_id":"maale-michmash","entity_type":"settlement","name":"Maale Michmash","names":{"primary":"Maale Michmash"},"stage_history":[{"stage":6,"stage_label":"Construction started","valid_from":"2021-06-03","evidence_ref":["aa0039e910"]}],"extent_type":"built_up","area_m2":264595.2,"source_crs":"EPSG:32636","in_east_jerusalem":false,"evidence_ref":["aa0039e910"]}},{"type":"Feature","geometry":{"type":"MultiPolygon","coordinates":[[[[35.226413,31.598378],[35.226857,31.597984],[35.226993,31.598203],[35.227523,31.598393],[35.228274,31.597969],[35.229367,31.597852],[35.230426,31.597486],[35.231228,31.596536],[35.231194,31.596082],[35.231758,31.595395],[35.232253,31.595322],[35.232441,31.595117],[35.23215,31.594767],[35.231638,31.594401],[35.231023,31.594387],[35.230015,31.594767],[35.229524,31.595126],[35.228994,31.594905],[35.228879,31.595151],[35.229409,31.595347],[35.228991,31.596331],[35.228427,31.596375],[35.22812,31.596682],[35.225644,31.59851],[35.225473,31.599007],[35.225798,31.599095],[35.226413,31.598378]]],[[[35.220438,31.603354],[35.220088,31.603256],[35.219639,31.604061],[35.218723,31.604201],[35.218484,31.604808],[35.218429,31.605471],[35.218266,31.606124],[35.218624,31.606946],[35.219062,31.607057],[35.220218,31.605937],[35.220305,31.60547],[35.219967,31.604901],[35.220438,31.603354]]],[[[35.224764,31.607736],[35.224847,31.607458],[35.224734,31.607428],[35.224704,31.607493],[35.224804,31.607511],[35.224766,31.60766],[35.224658,31.607626],[35.224626,31.607705],[35.224764,31.607736]]]]},"properties":{"entity_id":"maale-amos","entity_type":"settlement","name":"Maale Amos","names":{"primary":"Maale Amos"},"stage_history":[{"stage":6,"stage_label":"Construction started","valid_from":"2021-06-03","evidence_ref":["aa0039e910"]}],"extent_type":"built_up","area_m2":158025.8,"source_crs":"EPSG:32636","in_east_jerusalem":false,"evidence_ref":["aa0039e910"]}},{"type":"Feature","geometry":{"type":"MultiPolygon","coordinates":[[[[35.074863,32.151846],[35.075139,32.151701],[35.075298,32.152117],[35.076022,32.152449],[35.076086,32.152203],[35.075633,32.151956],[35.075703,32.151173],[35.075607,32.150578],[35.075463,32.150479],[35.075028,32.150541],[35.074865,32.150683],[35.074764,32.150941],[35.074628,32.150944],[35.074596,32.151089],[35.074787,32.151162],[35.074863,32.151846]]],[[[35.072014,32.168374],[35.071566,32.167468],[35.071342,32.166533],[35.071593,32.165662],[35.071545,32.164897],[35.071146,32.164344],[35.071672,32.163304],[35.071373,32.163048],[35.071174,32.162389],[35.071374,32.161773],[35.072499,32.161519],[35.073075,32.160564],[35.072925,32.160224],[35.072375,32.160427],[35.071975,32.160873],[35.071451,32.160872],[35.070201,32.16119],[35.06975,32.161933],[35.069574,32.162868],[35.069573,32.163548],[35.069248,32.164121],[35.067721,32.166117],[35.06742,32.166797],[35.067618,32.167838],[35.068642,32.168285],[35.069291,32.168265],[35.069467,32.167946],[35.069892,32.167798],[35.070592,32.167182],[35.070518,32.166736],[35.069794,32.166289],[35.069819,32.166013],[35.07022,32.16544],[35.070719,32.165461],[35.070569,32.165886],[35.071043,32.166036],[35.070968,32.166312],[35.071191,32.167417],[35.070166,32.167905],[35.070258,32.168126],[35.070118,32.168578],[35.071073,32.169457],[35.070938,32.169818],[35.070462,32.170561],[35.071036,32.170902],[35.072436,32.170584],[35.07296,32.170564],[35.072287,32.169564],[35.071488,32.16933],[35.071464,32.168905],[35.072014,32.168374]]]]},"properties":{"entity_id":"maale-shomron","entity_type":"settlement","name":"Maale Shomron","names":{"primary":"Maale Shomron"},"stage_history":[{"stage":6,"stage_label":"Construction started","valid_from":"2021-06-03","evidence_ref":["aa0039e910"]}],"extent_type":"built_up","area_m2":250586.6,"source_crs":"EPSG:32636","in_east_jerusalem":false,"evidence_ref":["aa0039e910"]}},{"type":"Feature","geometry":{"type":"MultiPolygon","coordinates":[[[[35.105369,31.359977],[35.104582,31.358242],[35.103966,31.358485],[35.10476,31.360196],[35.104843,31.360571],[35.105074,31.360919],[35.10533,31.360876],[35.105141,31.360155],[35.105369,31.359977]]],[[[35.112438,31.362352],[35.112668,31.361538],[35.11308,31.361887],[35.113936,31.361562],[35.115066,31.361649],[35.116026,31.36209],[35.116211,31.361668],[35.115228,31.359355],[35.114474,31.359077],[35.112996,31.358719],[35.112382,31.359217],[35.113086,31.360734],[35.112624,31.361262],[35.111269,31.361275],[35.110426,31.361756],[35.110641,31.362211],[35.11133,31.361711],[35.111422,31.362299],[35.111976,31.362392],[35.112438,31.362352]]],[[[35.124724,31.366703],[35.123943,31.36663],[35.123722,31.36683],[35.123806,31.367322],[35.123759,31.367683],[35.123852,31.368051],[35.125525,31.36783],[35.125581,31.367677],[35.124724,31.366703]]],[[[35.112295,31.366448],[35.112373,31.366237],[35.112989,31.366237],[35.113097,31.366],[35.112835,31.365577],[35.113347,31.365201],[35.11368,31.365594],[35.113795,31.365539],[35.113447,31.365142],[35.113652,31.364983],[35.114038,31.364335],[35.113946,31.363893],[35.114346,31.363365],[35.115271,31.362876],[35.115533,31.362546],[35.11501,31.362295],[35.113972,31.362116],[35.113362,31.36236],[35.113115,31.36261],[35.113115,31.363284],[35.113191,31.363747],[35.113345,31.364064],[35.113036,31.364606],[35.112635,31.365068],[35.112143,31.365001],[35.111728,31.364578],[35.112067,31.363944],[35.111913,31.36364],[35.111359,31.36331],[35.110712,31.363355],[35.109695,31.364306],[35.11045,31.365054],[35.111003,31.365298],[35.111156,31.36617],[35.110754,31.367742],[35.109907,31.368006],[35.109907,31.368125],[35.110292,31.368363],[35.111445,31.369592],[35.112124,31.370012],[35.112423,31.369863],[35.112632,31.369547],[35.112231,31.369064],[35.112078,31.368575],[35.112202,31.367756],[35.112485,31.366732],[35.112295,31.366448]]],[[[35.112939,31.370474],[35.112834,31.370474],[35.112801,31.370619],[35.112939,31.370631],[35.112939,31.370474]]]]},"properties":{"entity_id":"mezadot-yehuda","entity_type":"settlement","name":"Mezadot Yehuda","names":{"primary":"Mezadot Yehuda"},"stage_history":[{"stage":6,"stage_label":"Construction started","valid_from":"2021-06-03","evidence_ref":["aa0039e910"]}],"extent_type":"built_up","area_m2":292497.2,"source_crs":"EPSG:32636","in_east_jerusalem":false,"evidence_ref":["aa0039e910"]}},{"type":"Feature","geometry":{"type":"MultiPolygon","coordinates":[[[[35.494755,32.099899],[35.49509,32.099548],[35.496585,32.099597],[35.496633,32.100207],[35.498281,32.100411],[35.498263,32.099709],[35.498111,32.099632],[35.498079,32.099268],[35.497377,32.099218],[35.49724,32.099413],[35.49663,32.099467],[35.494968,32.099419],[35.494965,32.09851],[35.495407,32.09847],[35.49568,32.098066],[35.495721,32.096508],[35.494471,32.096628],[35.494353,32.097966],[35.494567,32.098108],[35.494629,32.09864],[35.493897,32.098681],[35.493976,32.099408],[35.493672,32.09985],[35.491935,32.100412],[35.491638,32.102893],[35.49333,32.102707],[35.49371,32.101992],[35.493373,32.101772],[35.493478,32.101266],[35.493828,32.100992],[35.494591,32.100835],[35.494788,32.100588],[35.494755,32.099899]]],[[[35.488536,32.115613],[35.488332,32.11555],[35.488267,32.115694],[35.488462,32.115768],[35.488536,32.115613]]],[[[35.492196,32.117556],[35.49446,32.110934],[35.494607,32.109668],[35.494346,32.10915],[35.493893,32.108949],[35.492491,32.108585],[35.491505,32.108623],[35.491539,32.109574],[35.492495,32.109759],[35.49226,32.110493],[35.494029,32.110948],[35.493859,32.111719],[35.492952,32.111372],[35.492069,32.111374],[35.4892,32.110812],[35.489094,32.111289],[35.488231,32.11109],[35.487696,32.112173],[35.489939,32.112663],[35.490826,32.113615],[35.490075,32.11344],[35.490135,32.113245],[35.490036,32.11322],[35.489963,32.113417],[35.489035,32.113087],[35.487526,32.113109],[35.487527,32.113402],[35.488196,32.113438],[35.488111,32.114007],[35.488565,32.114354],[35.49277,32.115097],[35.492194,32.116896],[35.489454,32.116241],[35.488958,32.116237],[35.488901,32.116496],[35.489377,32.116625],[35.489306,32.116902],[35.492196,32.117556]]]]},"properties":{"entity_id":"masu-a","entity_type":"settlement","name":"Masu'a","names":{"primary":"Masu'a","hebrew":"משואה"},"stage_history":[{"stage":6,"stage_label":"Construction started","valid_from":"2021-06-03","evidence_ref":["aa0039e910"]}],"extent_type":"built_up","area_m2":392926.5,"source_crs":"EPSG:32636","in_east_jerusalem":false,"evidence_ref":["aa0039e910"]}},{"type":"Feature","geometry":{"type":"MultiPolygon","coordinates":[[[[34.984233,31.493452],[34.984895,31.493079],[34.984621,31.49243],[34.985042,31.492438],[34.984968,31.492576],[34.9853,31.492549],[34.985324,31.492792],[34.985437,31.492979],[34.985961,31.492864],[34.985811,31.492661],[34.98556,31.492775],[34.985406,31.492251],[34.984265,31.492374],[34.982881,31.492337],[34.982395,31.492371],[34.98203,31.492661],[34.981997,31.492852],[34.981667,31.492839],[34.981619,31.493046],[34.981656,31.493335],[34.981916,31.493324],[34.982173,31.493799],[34.982715,31.494091],[34.983621,31.494009],[34.984189,31.493816],[34.984189,31.49365],[34.984052,31.493539],[34.984233,31.493452]]],[[[34.970914,31.496572],[34.970486,31.496428],[34.970225,31.496567],[34.969817,31.496144],[34.969308,31.496256],[34.968997,31.49676],[34.969597,31.497205],[34.969845,31.497276],[34.970799,31.496949],[34.971743,31.496917],[34.971758,31.496698],[34.970914,31.496572]]]]},"properties":{"entity_id":"neguhot","entity_type":"settlement","name":"Neguhot","names":{"primary":"Neguhot"},"stage_history":[{"stage":6,"stage_label":"Construction started","valid_from":"2021-06-03","evidence_ref":["aa0039e910"]}],"extent_type":"built_up","area_m2":63443.5,"source_crs":"EPSG:32636","in_east_jerusalem":false,"evidence_ref":["aa0039e910"]}},{"type":"Feature","geometry":{"type":"MultiPolygon","coordinates":[[[[35.245365,31.64641],[35.245833,31.645466],[35.245806,31.644935],[35.24524,31.645018],[35.245102,31.644711],[35.245336,31.644486],[35.245198,31.644156],[35.245667,31.643743],[35.246191,31.643943],[35.24655,31.643919],[35.246923,31.643695],[35.247143,31.643069],[35.247322,31.642833],[35.247654,31.642868],[35.247998,31.642727],[35.24826,31.642266],[35.248246,31.641546],[35.247763,31.64157],[35.246149,31.641995],[35.246228,31.641867],[35.246066,31.641712],[35.245721,31.641582],[35.245045,31.641689],[35.243417,31.642362],[35.243555,31.642634],[35.244025,31.64261],[35.244259,31.642728],[35.244825,31.642551],[35.245087,31.64255],[35.244439,31.643058],[35.244467,31.643896],[35.244356,31.644062],[35.24397,31.643861],[35.243114,31.644192],[35.24299,31.64431],[35.242635,31.643962],[35.242378,31.643347],[35.241986,31.643537],[35.241638,31.644393],[35.241528,31.64496],[35.241556,31.645526],[35.241818,31.645998],[35.242108,31.646258],[35.24266,31.64634],[35.243005,31.646553],[35.243626,31.647414],[35.244013,31.647368],[35.244344,31.647592],[35.244634,31.647592],[35.244923,31.647002],[35.245365,31.64641]]],[[[35.246507,31.648796],[35.2463,31.648406],[35.24583,31.648194],[35.245361,31.648454],[35.245168,31.648761],[35.245624,31.649256],[35.245955,31.649339],[35.2463,31.649233],[35.246507,31.648796]]],[[[35.259843,31.64759],[35.259282,31.647528],[35.25848,31.646853],[35.258114,31.646752],[35.257665,31.646908],[35.257733,31.647507],[35.258107,31.648173],[35.258728,31.648937],[35.25886,31.649347],[35.259221,31.649461],[35.259449,31.648434],[35.259843,31.64759]]],[[[35.249708,31.648488],[35.249294,31.648417],[35.248784,31.6487],[35.248839,31.648972],[35.248577,31.649149],[35.248536,31.649598],[35.248715,31.649645],[35.249226,31.649432],[35.249557,31.649043],[35.249708,31.648488]]],[[[35.248083,31.655913],[35.248166,31.656114],[35.248975,31.656161],[35.249186,31.655975],[35.24927,31.655393],[35.250498,31.65498],[35.250926,31.654921],[35.253001,31.653782],[35.253197,31.653847],[35.25332,31.653704],[35.253158,31.653661],[35.253574,31.653409],[35.25374,31.652783],[35.253753,31.652216],[35.253201,31.651201],[35.252856,31.651143],[35.252759,31.651473],[35.253063,31.652063],[35.253215,31.652913],[35.253036,31.653539],[35.252691,31.653728],[35.252567,31.653622],[35.252291,31.65289],[35.251877,31.652937],[35.251808,31.653126],[35.25196,31.653397],[35.251656,31.653492],[35.251242,31.653315],[35.250773,31.653256],[35.250028,31.653658],[35.249876,31.653835],[35.250015,31.654496],[35.24927,31.654839],[35.248842,31.65563],[35.248586,31.655555],[35.248318,31.65563],[35.248083,31.655913]]],[[[35.245885,31.660671],[35.245135,31.6606],[35.244796,31.660368],[35.244424,31.659742],[35.244275,31.659435],[35.244534,31.659388],[35.244746,31.65918],[35.244784,31.658917],[35.245229,31.65896],[35.245223,31.657838],[35.244485,31.658013],[35.244225,31.658512],[35.243928,31.659912],[35.243618,31.660262],[35.243743,31.662181],[35.245256,31.662001],[35.245885,31.660671]]]]},"properties":{"entity_id":"nokdim","entity_type":"settlement","name":"Nokdim","names":{"primary":"Nokdim","hebrew":"נוקדים"},"stage_history":[{"stage":6,"stage_label":"Construction started","valid_from":"2021-06-03","evidence_ref":["aa0039e910"]}],"extent_type":"built_up","area_m2":360990.8,"source_crs":"EPSG:32636","in_east_jerusalem":false,"evidence_ref":["aa0039e910"]}},{"type":"Feature","geometry":{"type":"Polygon","coordinates":[[[35.167264,32.476075],[35.167289,32.475385],[35.167647,32.475208],[35.168855,32.475156],[35.169027,32.474978],[35.169385,32.474895],[35.169434,32.475187],[35.16989,32.475073],[35.169841,32.474689],[35.170484,32.474835],[35.170993,32.47472],[35.171349,32.474508],[35.171664,32.474569],[35.171851,32.474497],[35.17222,32.474286],[35.172547,32.473968],[35.173025,32.473229],[35.172632,32.472804],[35.172491,32.472521],[35.171874,32.47217],[35.171029,32.471435],[35.170451,32.471242],[35.169682,32.471288],[35.169284,32.471846],[35.168314,32.471767],[35.166551,32.472174],[35.166132,32.472435],[35.16554,32.473062],[35.165256,32.47372],[35.165404,32.474128],[35.165712,32.474379],[35.165662,32.474964],[35.166328,32.475016],[35.166858,32.474452],[35.167179,32.474577],[35.167129,32.475497],[35.165835,32.47558],[35.165847,32.475726],[35.166093,32.475737],[35.166093,32.476437],[35.165169,32.476565],[35.165193,32.47691],[35.166191,32.47691],[35.166253,32.476315],[35.166968,32.476273],[35.167264,32.476075]]]},"properties":{"entity_id":"shaked","entity_type":"settlement","name":"Shaked","names":{"primary":"Shaked","hebrew":"שקד"},"stage_history":[{"stage":6,"stage_label":"Construction started","valid_from":"2021-06-03","evidence_ref":["aa0039e910"]}],"extent_type":"built_up","area_m2":235491.3,"source_crs":"EPSG:32636","in_east_jerusalem":false,"evidence_ref":["aa0039e910"]}},{"type":"Feature","geometry":{"type":"Polygon","coordinates":[[[35.119749,32.425471],[35.12049,32.424844],[35.120586,32.424875],[35.120572,32.424541],[35.120857,32.424342],[35.121454,32.424401],[35.121728,32.424318],[35.121797,32.424193],[35.121748,32.423587],[35.121152,32.422922],[35.121083,32.422573],[35.120673,32.422075],[35.11893,32.421691],[35.118519,32.421808],[35.116952,32.421674],[35.116521,32.42174],[35.11655,32.422122],[35.117097,32.423376],[35.117097,32.423592],[35.117449,32.424116],[35.117791,32.424863],[35.118104,32.42508],[35.118829,32.425346],[35.1192,32.425629],[35.119426,32.42562],[35.119749,32.425471]]]},"properties":{"entity_id":"hermesh","entity_type":"settlement","name":"Hermesh","names":{"primary":"Hermesh","hebrew":"חרמש"},"stage_history":[{"stage":6,"stage_label":"Construction started","valid_from":"2021-06-03","evidence_ref":["aa0039e910"]}],"extent_type":"built_up","area_m2":143594.8,"source_crs":"EPSG:32636","in_east_jerusalem":false,"evidence_ref":["aa0039e910"]}},{"type":"Feature","geometry":{"type":"Polygon","coordinates":[[[35.176491,32.421607],[35.176746,32.420079],[35.17771,32.419734],[35.178299,32.420184],[35.17848,32.420503],[35.178426,32.420877],[35.180537,32.421504],[35.180623,32.421396],[35.180964,32.421387],[35.181179,32.420925],[35.182005,32.421233],[35.182387,32.421262],[35.182444,32.421155],[35.182375,32.420854],[35.181821,32.420962],[35.181243,32.420864],[35.180932,32.420707],[35.181163,32.419982],[35.180389,32.419766],[35.178969,32.419698],[35.178611,32.419942],[35.177987,32.419472],[35.176896,32.419922],[35.176573,32.41956],[35.176006,32.420314],[35.175637,32.420324],[35.175425,32.420101],[35.175071,32.42003],[35.174436,32.419471],[35.173732,32.419021],[35.171434,32.419147],[35.170926,32.419461],[35.170567,32.41997],[35.170625,32.42093],[35.170752,32.42139],[35.171895,32.421919],[35.17305,32.422067],[35.174482,32.422047],[35.174689,32.421812],[35.176491,32.421607]]]},"properties":{"entity_id":"mevo-dotan","entity_type":"settlement","name":"Mevo Dotan","names":{"primary":"Mevo Dotan","hebrew":"מבוא דותן"},"stage_history":[{"stage":6,"stage_label":"Construction started","valid_from":"2021-06-03","evidence_ref":["aa0039e910"]}],"extent_type":"built_up","area_m2":196398.8,"source_crs":"EPSG:32636","in_east_jerusalem":false,"evidence_ref":["aa0039e910"]}},{"type":"Feature","geometry":{"type":"MultiPolygon","coordinates":[[[[35.500872,32.317214],[35.500698,32.317062],[35.500453,32.317312],[35.50067,32.317475],[35.500872,32.317214]]],[[[35.502459,32.318402],[35.502804,32.318132],[35.503384,32.318297],[35.503738,32.318034],[35.503843,32.31776],[35.504716,32.317887],[35.5048,32.317543],[35.503933,32.317379],[35.502951,32.316391],[35.502597,32.316121],[35.502301,32.3161],[35.501955,32.316405],[35.502077,32.316798],[35.50154,32.317183],[35.50129,32.317945],[35.502459,32.318402]]]]},"properties":{"entity_id":"maskiyot","entity_type":"settlement","name":"Maskiyot","names":{"primary":"Maskiyot","hebrew":"משכיות"},"stage_history":[{"stage":6,"stage_label":"Construction started","valid_from":"2021-06-03","evidence_ref":["aa0039e910"]}],"extent_type":"built_up","area_m2":43961.0,"source_crs":"EPSG:32636","in_east_jerusalem":false,"evidence_ref":["aa0039e910"]}},{"type":"Feature","geometry":{"type":"Polygon","coordinates":[[[35.524178,32.249783],[35.524751,32.250203],[35.524346,32.250333],[35.524322,32.250819],[35.525162,32.251313],[35.525694,32.250945],[35.526344,32.251666],[35.52637,32.251897],[35.526183,32.252976],[35.526935,32.253816],[35.527315,32.253642],[35.527607,32.253393],[35.527974,32.253295],[35.528367,32.253057],[35.528616,32.253132],[35.529073,32.25303],[35.529088,32.252891],[35.528708,32.25243],[35.528109,32.251978],[35.528515,32.25174],[35.528803,32.250671],[35.528448,32.250694],[35.528299,32.25173],[35.527868,32.25186],[35.527156,32.25169],[35.527321,32.251495],[35.527753,32.25158],[35.52793,32.25144],[35.527764,32.251209],[35.52737,32.251135],[35.526789,32.251859],[35.526623,32.251805],[35.525833,32.250858],[35.526212,32.250372],[35.526377,32.250382],[35.526592,32.250101],[35.526463,32.249573],[35.525814,32.249067],[35.525459,32.24923],[35.525039,32.248961],[35.524645,32.248833],[35.524328,32.248898],[35.524215,32.249201],[35.524507,32.249308],[35.524178,32.249783]]]},"properties":{"entity_id":"chemdat","entity_type":"settlement","name":"Chemdat","names":{"primary":"Chemdat","hebrew":"חמדת"},"stage_history":[{"stage":6,"stage_label":"Construction started","valid_from":"2021-06-03","evidence_ref":["aa0039e910"]}],"extent_type":"built_up","area_m2":87863.9,"source_crs":"EPSG:32636","in_east_jerusalem":false,"evidence_ref":["aa0039e910"]}},{"type":"Feature","geometry":{"type":"Polygon","coordinates":[[[35.486799,32.24694],[35.487088,32.247454],[35.486021,32.247555],[35.486036,32.247774],[35.486424,32.247839],[35.486379,32.248178],[35.486552,32.248526],[35.487028,32.24848],[35.487347,32.248862],[35.487813,32.249648],[35.488661,32.249927],[35.488978,32.249791],[35.489373,32.249172],[35.489979,32.248462],[35.491129,32.247931],[35.491948,32.247412],[35.491084,32.24621],[35.490434,32.245616],[35.48989,32.245392],[35.486799,32.24694]]]},"properties":{"entity_id":"ro-i","entity_type":"settlement","name":"Ro'i","names":{"primary":"Ro'i","hebrew":"רועי"},"stage_history":[{"stage":6,"stage_label":"Construction started","valid_from":"2021-06-03","evidence_ref":["aa0039e910"]}],"extent_type":"built_up","area_m2":144925.9,"source_crs":"EPSG:32636","in_east_jerusalem":false,"evidence_ref":["aa0039e910"]}},{"type":"Feature","geometry":{"type":"Polygon","coordinates":[[[35.438841,32.201619],[35.440167,32.201773],[35.440152,32.201287],[35.439824,32.201267],[35.439876,32.200465],[35.439313,32.200429],[35.438853,32.200761],[35.438564,32.200553],[35.438922,32.199731],[35.439831,32.199987],[35.439957,32.19865],[35.439423,32.198271],[35.439035,32.198836],[35.438559,32.198751],[35.436754,32.197504],[35.43579,32.198352],[35.435144,32.199186],[35.434916,32.200118],[35.434874,32.20078],[35.435524,32.201466],[35.436302,32.201231],[35.436865,32.201573],[35.437312,32.201609],[35.437486,32.201903],[35.438442,32.201708],[35.438476,32.201987],[35.438574,32.201983],[35.438578,32.201676],[35.438841,32.201619]]]},"properties":{"entity_id":"hamra","entity_type":"settlement","name":"Hamra","names":{"primary":"Hamra","hebrew":"חמרה"},"stage_history":[{"stage":6,"stage_label":"Construction started","valid_from":"2021-06-03","evidence_ref":["aa0039e910"]}],"extent_type":"built_up","area_m2":158852.8,"source_crs":"EPSG:32636","in_east_jerusalem":false,"evidence_ref":["aa0039e910"]}},{"type":"Feature","geometry":{"type":"Polygon","coordinates":[[[35.42544,32.16654],[35.425651,32.166332],[35.42517,32.165389],[35.425844,32.165137],[35.425842,32.164315],[35.425208,32.163623],[35.424659,32.163277],[35.423888,32.163912],[35.421708,32.162995],[35.421413,32.163139],[35.420769,32.164097],[35.421346,32.164443],[35.421248,32.164694],[35.421909,32.165063],[35.421559,32.165411],[35.422741,32.166078],[35.423461,32.16738],[35.423924,32.167307],[35.42544,32.16654]]]},"properties":{"entity_id":"mechora","entity_type":"settlement","name":"Mechora","names":{"primary":"Mechora","hebrew":"מכורה"},"stage_history":[{"stage":6,"stage_label":"Construction started","valid_from":"2021-06-03","evidence_ref":["aa0039e910"]}],"extent_type":"built_up","area_m2":136660.6,"source_crs":"EPSG:32636","in_east_jerusalem":false,"evidence_ref":["aa0039e910"]}},{"type":"Feature","geometry":{"type":"Polygon","coordinates":[[[35.397223,32.102962],[35.397227,32.102664],[35.397663,32.102658],[35.398259,32.102278],[35.397977,32.10177],[35.397734,32.101761],[35.397713,32.10146],[35.397591,32.101451],[35.397591,32.101141],[35.397378,32.101193],[35.397348,32.101469],[35.396872,32.101435],[35.396588,32.101065],[35.396951,32.100642],[35.397681,32.100727],[35.397944,32.10064],[35.397994,32.100502],[35.39769,32.100158],[35.397132,32.099883],[35.396869,32.100185],[35.396545,32.100125],[35.396129,32.09985],[35.395218,32.099903],[35.394722,32.100076],[35.394703,32.100516],[35.393853,32.100922],[35.394085,32.101293],[35.394167,32.101706],[35.394138,32.102612],[35.395424,32.102704],[35.395415,32.102868],[35.395729,32.102859],[35.395727,32.102691],[35.395931,32.102678],[35.395959,32.103827],[35.397313,32.103747],[35.397318,32.102985],[35.397223,32.102962]]]},"properties":{"entity_id":"gitit","entity_type":"settlement","name":"Gitit","names":{"primary":"Gitit","hebrew":"גיתית"},"stage_history":[{"stage":6,"stage_label":"Construction started","valid_from":"2021-06-03","evidence_ref":["aa0039e910"]}],"extent_type":"built_up","area_m2":110535.1,"source_crs":"EPSG:32636","in_east_jerusalem":false,"evidence_ref":["aa0039e910"]}},{"type":"Feature","geometry":{"type":"Polygon","coordinates":[[[35.447494,32.047749],[35.446483,32.04688],[35.447962,32.045151],[35.447817,32.044785],[35.444738,32.045696],[35.444463,32.045125],[35.4468,32.044378],[35.448315,32.043507],[35.447163,32.040754],[35.444105,32.041629],[35.442763,32.042161],[35.442316,32.04248],[35.442266,32.042077],[35.4393,32.040027],[35.437862,32.042149],[35.437265,32.042023],[35.436768,32.042554],[35.439785,32.044815],[35.439686,32.045197],[35.439444,32.047656],[35.442206,32.048096],[35.446858,32.047599],[35.447494,32.047749]]]},"properties":{"entity_id":"petzael","entity_type":"settlement","name":"Petzael","names":{"primary":"Petzael","hebrew":"פצאל"},"stage_history":[{"stage":6,"stage_label":"Construction started","valid_from":"2021-06-03","evidence_ref":["aa0039e910"]}],"extent_type":"built_up","area_m2":583084.6,"source_crs":"EPSG:32636","in_east_jerusalem":false,"evidence_ref":["aa0039e910"]}},{"type":"Feature","geometry":{"type":"Polygon","coordinates":[[[35.442579,32.020094],[35.442595,32.019839],[35.441649,32.01953],[35.44216,32.018258],[35.440865,32.017526],[35.440399,32.017173],[35.440281,32.016312],[35.439635,32.016327],[35.437099,32.016953],[35.435922,32.017153],[35.435442,32.017451],[35.435095,32.017875],[35.435146,32.018483],[35.435778,32.019259],[35.437406,32.020301],[35.438837,32.022135],[35.439798,32.022063],[35.440344,32.021412],[35.441655,32.021918],[35.442579,32.020094]]]},"properties":{"entity_id":"tomer","entity_type":"settlement","name":"Tomer","names":{"primary":"Tomer","hebrew":"תומר"},"stage_history":[{"stage":6,"stage_label":"Construction started","valid_from":"2021-06-03","evidence_ref":["aa0039e910"]}],"extent_type":"built_up","area_m2":285372.5,"source_crs":"EPSG:32636","in_east_jerusalem":false,"evidence_ref":["aa0039e910"]}},{"type":"Feature","geometry":{"type":"Polygon","coordinates":[[[35.448206,31.992064],[35.447348,31.991988],[35.447385,31.989885],[35.446332,31.98932],[35.446825,31.989082],[35.44764,31.988952],[35.449226,31.988492],[35.449159,31.987919],[35.449396,31.987794],[35.449256,31.987529],[35.448481,31.987747],[35.447467,31.988276],[35.446373,31.988607],[35.445748,31.987438],[35.446412,31.987071],[35.447591,31.986758],[35.447612,31.98652],[35.447074,31.985991],[35.446602,31.985846],[35.445509,31.98636],[35.445403,31.986726],[35.444975,31.986909],[35.444631,31.986709],[35.44478,31.986361],[35.444034,31.985737],[35.444498,31.9852],[35.442723,31.984187],[35.44186,31.985239],[35.440877,31.986831],[35.440278,31.987637],[35.442513,31.989187],[35.442665,31.989643],[35.442475,31.990814],[35.441777,31.990794],[35.441785,31.991002],[35.442463,31.990994],[35.442563,31.991636],[35.443808,31.992091],[35.447177,31.992195],[35.446945,31.99395],[35.447589,31.99415],[35.448906,31.994197],[35.448969,31.993181],[35.448144,31.993052],[35.448206,31.992064]]]},"properties":{"entity_id":"netiv-ha-gdud","entity_type":"settlement","name":"Netiv Ha'gdud","names":{"primary":"Netiv Ha'gdud","hebrew":"נתיב הגדוד"},"stage_history":[{"stage":6,"stage_label":"Construction started","valid_from":"2021-06-03","evidence_ref":["aa0039e910"]}],"extent_type":"built_up","area_m2":407046.9,"source_crs":"EPSG:32636","in_east_jerusalem":false,"evidence_ref":["aa0039e910"]}},{"type":"Feature","geometry":{"type":"Polygon","coordinates":[[[35.423993,31.94546],[35.422214,31.947042],[35.421685,31.947003],[35.420881,31.94725],[35.421135,31.947759],[35.422319,31.947708],[35.422401,31.948469],[35.42323,31.948589],[35.423242,31.948864],[35.424071,31.94901],[35.424242,31.948539],[35.424206,31.948097],[35.424609,31.948018],[35.42462,31.947753],[35.425044,31.947478],[35.425057,31.947978],[35.425219,31.948154],[35.426495,31.947887],[35.427127,31.947965],[35.426989,31.94769],[35.426574,31.947593],[35.426574,31.947319],[35.42601,31.947182],[35.425108,31.945252],[35.424304,31.945538],[35.423993,31.94546]]]},"properties":{"entity_id":"yitav","entity_type":"settlement","name":"Yitav","names":{"primary":"Yitav","hebrew":"ייט\"ב"},"stage_history":[{"stage":6,"stage_label":"Construction started","valid_from":"2021-06-03","evidence_ref":["aa0039e910"]}],"extent_type":"built_up","area_m2":107119.0,"source_crs":"EPSG:32636","in_east_jerusalem":false,"evidence_ref":["aa0039e910"]}},{"type":"Feature","geometry":{"type":"Polygon","coordinates":[[[35.465938,31.908848],[35.46663,31.908468],[35.466825,31.909088],[35.467289,31.909154],[35.46743,31.908921],[35.467745,31.908744],[35.468791,31.908826],[35.469063,31.908639],[35.469083,31.908036],[35.468982,31.907209],[35.469178,31.906958],[35.470385,31.906134],[35.470253,31.905822],[35.469258,31.904691],[35.468149,31.905139],[35.467571,31.90489],[35.467114,31.904826],[35.466277,31.905543],[35.466062,31.906013],[35.465964,31.906546],[35.466054,31.907503],[35.466534,31.907883],[35.466811,31.908235],[35.466199,31.908585],[35.465971,31.908411],[35.465744,31.908625],[35.465938,31.908848]]]},"properties":{"entity_id":"na-ama","entity_type":"settlement","name":"Na'ama","names":{"primary":"Na'ama","hebrew":"נעמי"},"stage_history":[{"stage":6,"stage_label":"Construction started","valid_from":"2021-06-03","evidence_ref":["aa0039e910"]}],"extent_type":"built_up","area_m2":133729.6,"source_crs":"EPSG:32636","in_east_jerusalem":false,"evidence_ref":["aa0039e910"]}},{"type":"Feature","geometry":{"type":"Polygon","coordinates":[[[35.390898,31.816599],[35.390995,31.816813],[35.392726,31.816281],[35.39309,31.816335],[35.392536,31.817431],[35.392517,31.818582],[35.393117,31.81933],[35.393481,31.819366],[35.393845,31.819511],[35.393783,31.820424],[35.393997,31.820643],[35.394767,31.82077],[35.395901,31.820878],[35.396028,31.820403],[35.395471,31.81971],[35.395469,31.819107],[35.396124,31.817455],[35.397737,31.817505],[35.398463,31.818756],[35.398593,31.819486],[35.398893,31.819832],[35.398958,31.820417],[35.398746,31.821111],[35.398852,31.821351],[35.399099,31.821432],[35.4001,31.820896],[35.4003,31.820889],[35.400694,31.821101],[35.400864,31.82182],[35.401201,31.821976],[35.402182,31.822755],[35.40268,31.822864],[35.403001,31.823042],[35.403164,31.82411],[35.403414,31.824494],[35.403342,31.824802],[35.402668,31.824988],[35.402484,31.825126],[35.40296,31.825245],[35.402959,31.825056],[35.403675,31.824912],[35.403592,31.82423],[35.40395,31.823965],[35.404013,31.82317],[35.402278,31.822659],[35.401034,31.820941],[35.400063,31.820771],[35.399093,31.821341],[35.398948,31.821293],[35.398907,31.820992],[35.399264,31.820204],[35.399143,31.819806],[35.398813,31.819447],[35.398602,31.818522],[35.398103,31.817804],[35.397998,31.817427],[35.398182,31.817087],[35.398101,31.81682],[35.3979,31.816491],[35.397273,31.815834],[35.396862,31.815075],[35.396676,31.814506],[35.396603,31.813972],[35.397099,31.813498],[35.397016,31.813325],[35.396406,31.813086],[35.395924,31.812998],[35.395161,31.812473],[35.394919,31.811953],[35.394822,31.811405],[35.394613,31.811275],[35.394221,31.811864],[35.393804,31.811947],[35.392721,31.81188],[35.392127,31.812066],[35.39204,31.812361],[35.39216,31.812545],[35.391824,31.812868],[35.391519,31.812882],[35.391183,31.813567],[35.391016,31.814328],[35.390761,31.814801],[35.390609,31.815459],[35.390898,31.816599]]]},"properties":{"entity_id":"mitzpe-yericho","entity_type":"settlement","name":"Mitzpe Yericho","names":{"primary":"Mitzpe Yericho","hebrew":"מצפה יריחו"},"stage_history":[{"stage":6,"stage_label":"Construction started","valid_from":"2021-06-03","evidence_ref":["aa0039e910"]}],"extent_type":"built_up","area_m2":443827.1,"source_crs":"EPSG:32636","in_east_jerusalem":false,"evidence_ref":["aa0039e910"]}},{"type":"Feature","geometry":{"type":"Polygon","coordinates":[[[35.42917,31.828021],[35.430463,31.827172],[35.430571,31.826926],[35.430366,31.826845],[35.430522,31.826639],[35.431013,31.826424],[35.431637,31.826586],[35.431806,31.826842],[35.432082,31.826974],[35.432345,31.8268],[35.432645,31.826728],[35.43285,31.827229],[35.433066,31.827454],[35.433426,31.827453],[35.433773,31.827299],[35.434037,31.827329],[35.434686,31.827707],[35.434938,31.827942],[35.435118,31.827921],[35.435345,31.827583],[35.435306,31.82615],[35.435028,31.825512],[35.434224,31.825248],[35.433517,31.82529],[35.433348,31.824973],[35.432365,31.825261],[35.432162,31.825415],[35.43239,31.825732],[35.431551,31.825713],[35.431059,31.825612],[35.430879,31.825356],[35.430267,31.825275],[35.429812,31.825716],[35.429441,31.825911],[35.429693,31.826269],[35.428807,31.82668],[35.428483,31.826507],[35.428327,31.826589],[35.427787,31.826395],[35.427452,31.826918],[35.428521,31.827428],[35.428366,31.827654],[35.42917,31.828021]]]},"properties":{"entity_id":"vered-yericho","entity_type":"settlement","name":"Vered Yericho","names":{"primary":"Vered Yericho","hebrew":"ורד יריחו"},"stage_history":[{"stage":6,"stage_label":"Construction started","valid_from":"2021-06-03","evidence_ref":["aa0039e910"]}],"extent_type":"built_up","area_m2":127391.5,"source_crs":"EPSG:32636","in_east_jerusalem":false,"evidence_ref":["aa0039e910"]}},{"type":"Feature","geometry":{"type":"Polygon","coordinates":[[[35.478761,31.809376],[35.47877,31.809137],[35.478501,31.80904],[35.477858,31.808565],[35.477567,31.808079],[35.478778,31.808121],[35.479223,31.808279],[35.479844,31.808348],[35.480289,31.808188],[35.48033,31.808047],[35.480163,31.807764],[35.48011,31.807154],[35.479396,31.807112],[35.47923,31.807245],[35.479149,31.807563],[35.478726,31.807988],[35.477736,31.807964],[35.477705,31.807826],[35.477362,31.807801],[35.477243,31.807028],[35.476063,31.807075],[35.475588,31.807456],[35.475114,31.808005],[35.475466,31.808269],[35.475652,31.808145],[35.476337,31.808674],[35.476482,31.808682],[35.47675,31.80847],[35.477123,31.80846],[35.477228,31.808911],[35.477466,31.808981],[35.477838,31.808724],[35.47845,31.809217],[35.477758,31.809802],[35.47776,31.810483],[35.477916,31.810845],[35.478516,31.810525],[35.47841,31.809677],[35.478761,31.809376]]]},"properties":{"entity_id":"beit-ha-arava","entity_type":"settlement","name":"Beit Ha'arava","names":{"primary":"Beit Ha'arava","hebrew":"בית הערבה"},"stage_history":[{"stage":6,"stage_label":"Construction started","valid_from":"2021-06-03","evidence_ref":["aa0039e910"]}],"extent_type":"built_up","area_m2":59128.4,"source_crs":"EPSG:32636","in_east_jerusalem":false,"evidence_ref":["aa0039e910"]}},{"type":"Feature","geometry":{"type":"Polygon","coordinates":[[[35.463418,31.753701],[35.464902,31.753978],[35.466266,31.754052],[35.467149,31.7537],[35.467598,31.751829],[35.468223,31.751669],[35.468497,31.750332],[35.468599,31.749332],[35.468053,31.749066],[35.467439,31.748958],[35.467704,31.748308],[35.466589,31.747218],[35.465719,31.74716],[35.464517,31.747994],[35.464229,31.7485],[35.464116,31.749747],[35.464489,31.75036],[35.465186,31.751141],[35.46554,31.753395],[35.463248,31.752982],[35.462456,31.754894],[35.462725,31.754953],[35.463418,31.753701]]]},"properties":{"entity_id":"kalia","entity_type":"settlement","name":"Kalia","names":{"primary":"Kalia","hebrew":"קליה"},"stage_history":[{"stage":6,"stage_label":"Construction started","valid_from":"2021-06-03","evidence_ref":["aa0039e910"]}],"extent_type":"built_up","area_m2":226918.3,"source_crs":"EPSG:32636","in_east_jerusalem":false,"evidence_ref":["aa0039e910"]}},{"type":"Feature","geometry":{"type":"Polygon","coordinates":[[[35.461686,31.788348],[35.460174,31.788336],[35.460052,31.788614],[35.459015,31.788819],[35.458946,31.789007],[35.459035,31.789457],[35.459565,31.790522],[35.460156,31.791099],[35.461827,31.791583],[35.462556,31.791574],[35.462995,31.791273],[35.463407,31.790784],[35.463292,31.790432],[35.463089,31.790282],[35.462526,31.790498],[35.461748,31.789359],[35.462497,31.789292],[35.462733,31.788608],[35.462613,31.788529],[35.462693,31.788352],[35.462582,31.788242],[35.462366,31.788376],[35.46224,31.788279],[35.461686,31.788348]]]},"properties":{"entity_id":"almog","entity_type":"settlement","name":"Almog","names":{"primary":"Almog","hebrew":"אלמוג"},"stage_history":[{"stage":6,"stage_label":"Construction started","valid_from":"2021-06-03","evidence_ref":["aa0039e910"]}],"extent_type":"built_up","area_m2":101778.0,"source_crs":"EPSG:32636","in_east_jerusalem":false,"evidence_ref":["aa0039e910"]}},{"type":"Feature","geometry":{"type":"Polygon","coordinates":[[[35.438005,31.680078],[35.437352,31.678824],[35.437203,31.678235],[35.436895,31.678042],[35.43602,31.678098],[35.435606,31.678246],[35.43636,31.680273],[35.436947,31.680367],[35.438005,31.680078]]]},"properties":{"entity_id":"ovnat","entity_type":"settlement","name":"Ovnat","names":{"primary":"Ovnat","hebrew":"אבנת"},"stage_history":[{"stage":6,"stage_label":"Construction started","valid_from":"2021-06-03","evidence_ref":["aa0039e910"]}],"extent_type":"built_up","area_m2":36095.6,"source_crs":"EPSG:32636","in_east_jerusalem":false,"evidence_ref":["aa0039e910"]}},{"type":"Feature","geometry":{"type":"Polygon","coordinates":[[[35.400023,31.567199],[35.39893,31.569239],[35.399459,31.569874],[35.399878,31.570531],[35.399812,31.571068],[35.400695,31.571115],[35.402108,31.570341],[35.402392,31.569853],[35.4024,31.569032],[35.401971,31.568342],[35.402121,31.567984],[35.401979,31.567909],[35.401703,31.568185],[35.400023,31.567199]]]},"properties":{"entity_id":"mitzpe-shalem","entity_type":"settlement","name":"Mitzpe Shalem","names":{"primary":"Mitzpe Shalem","hebrew":"מצפה שלם"},"stage_history":[{"stage":6,"stage_label":"Construction started","valid_from":"2021-06-03","evidence_ref":["aa0039e910"]}],"extent_type":"built_up","area_m2":91800.0,"source_crs":"EPSG:32636","in_east_jerusalem":false,"evidence_ref":["aa0039e910"]}},{"type":"Feature","geometry":{"type":"Polygon","coordinates":[[[35.165859,32.229573],[35.165417,32.229221],[35.165002,32.229503],[35.164145,32.229432],[35.163482,32.229479],[35.163205,32.229314],[35.162541,32.228515],[35.162882,32.228542],[35.1636,32.228767],[35.163967,32.228746],[35.164229,32.228537],[35.165178,32.228057],[35.165402,32.227845],[35.165417,32.227694],[35.165156,32.227639],[35.164388,32.228138],[35.163905,32.228336],[35.163467,32.228347],[35.162938,32.228138],[35.162566,32.227868],[35.162819,32.227904],[35.163648,32.22774],[35.164118,32.227552],[35.16399,32.22734],[35.165193,32.226977],[35.165594,32.226568],[35.165835,32.225818],[35.165675,32.225204],[35.165675,32.224761],[35.165365,32.223905],[35.16549,32.22236],[35.165735,32.221718],[35.165478,32.221582],[35.165372,32.221351],[35.165167,32.221325],[35.164524,32.221969],[35.163961,32.22215],[35.162776,32.222109],[35.162575,32.221966],[35.162588,32.221734],[35.161875,32.221667],[35.161868,32.221358],[35.161685,32.221048],[35.162877,32.220671],[35.163541,32.219943],[35.163182,32.219543],[35.163514,32.219261],[35.163928,32.219567],[35.164315,32.219153],[35.164316,32.218707],[35.164039,32.218425],[35.163072,32.21819],[35.161109,32.218424],[35.160805,32.218071],[35.160336,32.217883],[35.159755,32.217366],[35.158761,32.215697],[35.159404,32.215667],[35.159862,32.215558],[35.161026,32.214262],[35.162792,32.213683],[35.163394,32.21324],[35.163595,32.212046],[35.162953,32.21075],[35.162312,32.210204],[35.16175,32.209965],[35.161109,32.209249],[35.158262,32.208089],[35.158462,32.20785],[35.159545,32.208123],[35.160749,32.207646],[35.16095,32.207135],[35.162514,32.206999],[35.162955,32.206828],[35.163517,32.207579],[35.165081,32.207477],[35.165362,32.207068],[35.165041,32.206658],[35.166967,32.205704],[35.166887,32.205159],[35.166005,32.204442],[35.16448,32.205158],[35.162876,32.20526],[35.162474,32.206351],[35.162594,32.206555],[35.160428,32.206555],[35.159827,32.205156],[35.159025,32.204678],[35.157541,32.205633],[35.15742,32.20669],[35.157861,32.207611],[35.15774,32.20802],[35.158265,32.209019],[35.1581,32.210953],[35.155372,32.211702],[35.15513,32.212521],[35.153927,32.212486],[35.152805,32.21136],[35.152001,32.210337],[35.151317,32.210649],[35.152203,32.211087],[35.152844,32.211804],[35.153045,32.212315],[35.152924,32.213236],[35.151961,32.213133],[35.15168,32.213474],[35.151399,32.213508],[35.151038,32.214156],[35.15107,32.214279],[35.152293,32.214983],[35.153344,32.215336],[35.154588,32.214255],[35.155002,32.215477],[35.155803,32.215724],[35.155637,32.216147],[35.154918,32.216382],[35.154697,32.217134],[35.154835,32.218285],[35.155138,32.218896],[35.155636,32.218967],[35.156078,32.218732],[35.155719,32.218027],[35.155747,32.217534],[35.15677,32.217581],[35.157102,32.2169],[35.156964,32.216171],[35.156329,32.215866],[35.156329,32.215349],[35.157545,32.215067],[35.158042,32.215561],[35.158125,32.216101],[35.158844,32.216618],[35.158898,32.217276],[35.15981,32.218005],[35.160667,32.218429],[35.160584,32.219298],[35.16039,32.219721],[35.15992,32.219768],[35.159201,32.22012],[35.157984,32.221341],[35.158011,32.221952],[35.158205,32.222563],[35.159199,32.223527],[35.160029,32.223833],[35.160997,32.222964],[35.162544,32.223199],[35.162267,32.224609],[35.16246,32.227077],[35.163427,32.227242],[35.163482,32.227453],[35.162625,32.227664],[35.161796,32.227476],[35.161188,32.227029],[35.160442,32.227499],[35.159833,32.227757],[35.160607,32.228979],[35.161159,32.229379],[35.16174,32.230037],[35.162734,32.2318],[35.164088,32.232698],[35.165111,32.232839],[35.165858,32.232487],[35.166217,32.232017],[35.166467,32.231171],[35.166412,32.230419],[35.165859,32.229573]]]},"properties":{"entity_id":"kedumim","entity_type":"settlement","name":"Kedumim","names":{"primary":"Kedumim","hebrew":"קדומים"},"stage_history":[{"stage":6,"stage_label":"Construction started","valid_from":"2021-06-03","evidence_ref":["aa0039e910"]}],"extent_type":"built_up","area_m2":1341562.4,"source_crs":"EPSG:32636","in_east_jerusalem":false,"evidence_ref":["aa0039e910"]}},{"type":"Feature","geometry":{"type":"Polygon","coordinates":[[[35.180918,32.263586],[35.181288,32.264191],[35.182085,32.264239],[35.18274,32.264094],[35.182768,32.264772],[35.183109,32.265691],[35.184703,32.265691],[35.184817,32.266344],[35.185984,32.267432],[35.186553,32.267094],[35.187208,32.267046],[35.187322,32.26678],[35.186952,32.266586],[35.186724,32.265909],[35.188375,32.265304],[35.187522,32.263636],[35.187494,32.259887],[35.185786,32.260201],[35.184888,32.260056],[35.182605,32.260805],[35.182143,32.262135],[35.182,32.262982],[35.180918,32.263586]]]},"properties":{"entity_id":"shavei-shomron","entity_type":"settlement","name":"Shavei Shomron","names":{"primary":"Shavei Shomron","hebrew":"שבי שומרון"},"stage_history":[{"stage":6,"stage_label":"Construction started","valid_from":"2021-06-03","evidence_ref":["aa0039e910"]}],"extent_type":"built_up","area_m2":339704.4,"source_crs":"EPSG:32636","in_east_jerusalem":false,"evidence_ref":["aa0039e910"]}},{"type":"Feature","geometry":{"type":"Polygon","coordinates":[[[35.046497,32.243857],[35.046645,32.245304],[35.053745,32.24453],[35.054178,32.244011],[35.054179,32.243557],[35.055172,32.243514],[35.055707,32.243277],[35.056242,32.243169],[35.056841,32.243377],[35.057097,32.242667],[35.057086,32.24079],[35.056068,32.240486],[35.054184,32.240808],[35.052349,32.241802],[35.051382,32.241433],[35.049498,32.241322],[35.048123,32.241472],[35.047741,32.241774],[35.048248,32.242727],[35.048044,32.243203],[35.04761,32.243635],[35.047253,32.243786],[35.046497,32.243857]]]},"properties":{"entity_id":"salit","entity_type":"settlement","name":"Salit","names":{"primary":"Salit"},"stage_history":[{"stage":6,"stage_label":"Construction started","valid_from":"2021-06-03","evidence_ref":["aa0039e910"]}],"extent_type":"built_up","area_m2":324056.9,"source_crs":"EPSG:32636","in_east_jerusalem":false,"evidence_ref":["aa0039e910"]}},{"type":"Feature","geometry":{"type":"Polygon","coordinates":[[[35.010199,32.199392],[35.010882,32.199119],[35.01124,32.199318],[35.011616,32.199868],[35.011993,32.200067],[35.014208,32.199856],[35.014378,32.199671],[35.012787,32.198881],[35.013148,32.198702],[35.013115,32.198494],[35.013312,32.198349],[35.012735,32.197613],[35.012504,32.197677],[35.012144,32.19741],[35.011065,32.197195],[35.010943,32.197003],[35.011261,32.196436],[35.011567,32.19624],[35.012153,32.196044],[35.012297,32.1959],[35.012147,32.195581],[35.011855,32.195245],[35.011761,32.194678],[35.011558,32.194376],[35.011068,32.194213],[35.010483,32.194213],[35.008679,32.194314],[35.008291,32.194418],[35.00822,32.195546],[35.008321,32.195741],[35.008247,32.196886],[35.0074,32.198411],[35.00598,32.199035],[35.005961,32.199386],[35.006266,32.199585],[35.006266,32.199875],[35.006534,32.200455],[35.006605,32.200868],[35.006891,32.201174],[35.007699,32.20148],[35.008488,32.201604],[35.009225,32.201498],[35.009387,32.201238],[35.009318,32.199971],[35.009857,32.199774],[35.010199,32.199392]]]},"properties":{"entity_id":"tzufim","entity_type":"settlement","name":"Tzufim","names":{"primary":"Tzufim"},"stage_history":[{"stage":6,"stage_label":"Construction started","valid_from":"2021-06-03","evidence_ref":["aa0039e910"]}],"extent_type":"built_up","area_m2":314981.9,"source_crs":"EPSG:32636","in_east_jerusalem":false,"evidence_ref":["aa0039e910"]}},{"type":"Feature","geometry":{"type":"MultiPolygon","coordinates":[[[[35.178611,32.474314],[35.178971,32.473782],[35.180256,32.474355],[35.180803,32.473919],[35.179592,32.472956],[35.178596,32.472865],[35.177551,32.472956],[35.176056,32.471662],[35.175592,32.472112],[35.176756,32.473009],[35.174316,32.473184],[35.174288,32.474348],[35.174988,32.474359],[35.17717,32.474104],[35.177417,32.474209],[35.177692,32.474209],[35.177294,32.474837],[35.178487,32.475896],[35.178995,32.475687],[35.179325,32.475419],[35.179714,32.474856],[35.178611,32.474314]]],[[[35.182289,32.475799],[35.181836,32.475601],[35.18023,32.476671],[35.181808,32.478102],[35.182661,32.477586],[35.182156,32.476878],[35.182659,32.476625],[35.182289,32.475799]]],[[[35.184648,32.479487],[35.184359,32.47896],[35.183437,32.479323],[35.183662,32.479777],[35.184648,32.479487]]],[[[35.004794,31.3697],[35.004998,31.368978],[35.004655,31.36899],[35.004481,31.36982],[35.003745,31.370348],[35.004339,31.37065],[35.005041,31.370584],[35.005338,31.370411],[35.005324,31.369741],[35.004794,31.3697]]],[[[35.007283,31.373037],[35.007034,31.372608],[35.006238,31.372875],[35.006486,31.373612],[35.007329,31.373452],[35.007283,31.373037]]],[[[35.006597,31.374571],[35.006423,31.37433],[35.005875,31.374624],[35.006154,31.375303],[35.006523,31.375162],[35.00635,31.374758],[35.006597,31.374571]]],[[[34.994411,32.170439],[34.996422,32.170191],[34.997248,32.169971],[34.997024,32.169588],[34.996567,32.169565],[34.996173,32.169152],[34.995177,32.169105],[34.994728,32.169218],[34.994421,32.169745],[34.994411,32.170439]]],[[[35.259646,31.866344],[35.260778,31.866599],[35.261298,31.866277],[35.261506,31.865911],[35.261363,31.865622],[35.261076,31.865544],[35.261297,31.865028],[35.262865,31.864856],[35.262805,31.864354],[35.262099,31.86438],[35.262144,31.864831],[35.260985,31.864823],[35.259996,31.864701],[35.259685,31.865767],[35.259646,31.866344]]],[[[35.12243,32.097953],[35.122927,32.096559],[35.123594,32.097106],[35.12394,32.097022],[35.123806,32.096137],[35.123934,32.095817],[35.123915,32.095494],[35.123777,32.095242],[35.123527,32.095037],[35.122737,32.09509],[35.122023,32.094932],[35.122777,32.094169],[35.12412,32.093917],[35.124158,32.093492],[35.124491,32.093634],[35.125139,32.094099],[35.125797,32.093934],[35.125649,32.093508],[35.124391,32.09197],[35.123613,32.091229],[35.122447,32.090605],[35.122735,32.090132],[35.122374,32.08984],[35.119856,32.088364],[35.119059,32.088758],[35.118642,32.089373],[35.118243,32.090279],[35.11826,32.091816],[35.118509,32.093236],[35.119344,32.094116],[35.117319,32.09443],[35.116942,32.094827],[35.117433,32.095261],[35.117935,32.09664],[35.118898,32.097124],[35.120307,32.097588],[35.121216,32.097798],[35.12243,32.097953]]],[[[35.115758,32.11221],[35.115459,32.11164],[35.116005,32.111431],[35.116921,32.111446],[35.117184,32.112226],[35.118523,32.111897],[35.118013,32.111252],[35.11833,32.110953],[35.120022,32.110264],[35.120427,32.110609],[35.12159,32.10986],[35.120939,32.10926],[35.12011,32.109784],[35.12011,32.110024],[35.118295,32.110683],[35.118155,32.110428],[35.11819,32.110263],[35.118965,32.110233],[35.119177,32.110144],[35.119618,32.109019],[35.119389,32.108944],[35.119442,32.10878],[35.120324,32.107581],[35.122384,32.108197],[35.122543,32.108032],[35.123177,32.108197],[35.122947,32.108497],[35.123969,32.108708],[35.124391,32.109053],[35.124691,32.108453],[35.125959,32.108574],[35.126083,32.107525],[35.126014,32.105995],[35.125592,32.10544],[35.125152,32.105125],[35.124161,32.105219],[35.12356,32.105531],[35.123584,32.105859],[35.121505,32.106052],[35.121489,32.105078],[35.121225,32.103953],[35.120204,32.104208],[35.119024,32.103667],[35.118443,32.103097],[35.11862,32.102752],[35.118092,32.102242],[35.116825,32.101567],[35.11538,32.101551],[35.111825,32.09918],[35.110946,32.098025],[35.110524,32.09693],[35.109767,32.096779],[35.10945,32.097199],[35.109977,32.097559],[35.109519,32.098039],[35.108867,32.098263],[35.109008,32.098743],[35.109448,32.098983],[35.109747,32.098653],[35.110047,32.098744],[35.110063,32.100078],[35.111136,32.100873],[35.112281,32.101534],[35.11258,32.101564],[35.114587,32.10251],[35.115795,32.103355],[35.117529,32.10353],[35.118388,32.103458],[35.119586,32.104011],[35.119078,32.10461],[35.118331,32.105029],[35.118063,32.104765],[35.117274,32.105293],[35.116851,32.104825],[35.115682,32.1045],[35.115499,32.105051],[35.116075,32.105759],[35.117061,32.106372],[35.118301,32.106732],[35.119934,32.107693],[35.119412,32.108544],[35.118397,32.109023],[35.117002,32.109262],[35.116016,32.10883],[35.113353,32.108576],[35.11217,32.108587],[35.112142,32.108131],[35.111467,32.106944],[35.110354,32.106811],[35.110084,32.108262],[35.110408,32.108346],[35.11021,32.109701],[35.110308,32.110373],[35.112154,32.109882],[35.113324,32.109859],[35.114169,32.110196],[35.114394,32.110412],[35.113081,32.111369],[35.113345,32.111804],[35.113133,32.111938],[35.112851,32.111938],[35.112376,32.112133],[35.112287,32.112612],[35.112692,32.112957],[35.113572,32.113138],[35.114647,32.113229],[35.115087,32.113004],[35.115088,32.112719],[35.115758,32.11221]]],[[[35.156443,31.639341],[35.15641,31.639213],[35.15624,31.63922],[35.156228,31.63947],[35.156443,31.639341]]],[[[35.152399,31.642944],[35.153359,31.641819],[35.152846,31.641489],[35.152068,31.642341],[35.15147,31.642341],[35.151481,31.641993],[35.151678,31.641773],[35.151798,31.641253],[35.151541,31.641003],[35.151181,31.64101],[35.151258,31.641406],[35.150975,31.641465],[35.150941,31.641736],[35.150367,31.641772],[35.150418,31.642234],[35.150064,31.642274],[35.148859,31.6419],[35.148488,31.642587],[35.148993,31.642888],[35.150349,31.643263],[35.151416,31.6434],[35.152399,31.642944]]],[[[35.166657,32.251921],[35.167171,32.251837],[35.167973,32.251567],[35.168692,32.250474],[35.167771,32.247833],[35.168166,32.247195],[35.167746,32.247022],[35.166854,32.247238],[35.166362,32.249234],[35.166196,32.251109],[35.166657,32.251921]]],[[[35.332062,31.796005],[35.332472,31.796164],[35.335196,31.796065],[35.335384,31.797117],[35.337101,31.797498],[35.340087,31.797335],[35.341541,31.796664],[35.341689,31.79609],[35.341092,31.795772],[35.341085,31.791342],[35.342055,31.791182],[35.342615,31.791468],[35.344555,31.790669],[35.344404,31.789586],[35.342576,31.790353],[35.341569,31.790481],[35.341046,31.790195],[35.340933,31.788952],[35.341342,31.787996],[35.342535,31.787835],[35.343019,31.787006],[35.345035,31.78729],[35.345408,31.787609],[35.345893,31.787736],[35.346565,31.787735],[35.346764,31.787187],[35.346762,31.786307],[35.34466,31.786303],[35.344512,31.78694],[35.343541,31.786782],[35.343541,31.786336],[35.342645,31.786305],[35.342646,31.786879],[35.34134,31.787008],[35.340445,31.787232],[35.339962,31.788348],[35.339365,31.788794],[35.338843,31.788731],[35.338841,31.787456],[35.337908,31.787425],[35.337723,31.788286],[35.337349,31.788255],[35.337199,31.787171],[35.336937,31.786693],[35.336377,31.786471],[35.336341,31.787618],[35.335707,31.787619],[35.334102,31.787812],[35.333917,31.788641],[35.332872,31.788706],[35.330002,31.790844],[35.328847,31.791801],[35.328847,31.792439],[35.328177,31.793395],[35.327655,31.793778],[35.326909,31.793747],[35.326536,31.794098],[35.324894,31.793749],[35.324149,31.79512],[35.324262,31.795853],[35.326277,31.796138],[35.327024,31.796329],[35.326988,31.797603],[35.329414,31.797665],[35.329412,31.795976],[35.331613,31.795814],[35.332062,31.796005]]],[[[35.087339,32.080638],[35.087566,32.07972],[35.087311,32.079609],[35.087267,32.079324],[35.087144,32.079269],[35.086191,32.079425],[35.086016,32.079579],[35.086245,32.07978],[35.086029,32.080057],[35.084925,32.079773],[35.08485,32.079944],[35.084874,32.080743],[35.085242,32.0812],[35.086523,32.08155],[35.087787,32.081416],[35.087922,32.081159],[35.087888,32.08081],[35.087339,32.080638]]],[[[35.094689,32.083256],[35.094895,32.082898],[35.094837,32.082556],[35.093589,32.082491],[35.093364,32.082276],[35.093585,32.081955],[35.093553,32.08165],[35.093204,32.08165],[35.093091,32.082089],[35.092619,32.081948],[35.092325,32.082161],[35.091229,32.081932],[35.091002,32.082267],[35.091806,32.08256],[35.091948,32.082781],[35.092969,32.083153],[35.094072,32.083352],[35.094689,32.083256]]],[[[35.091827,32.083098],[35.091434,32.083072],[35.091388,32.083381],[35.091751,32.083362],[35.091827,32.083098]]],[[[35.094307,32.084421],[35.094323,32.084189],[35.093854,32.084208],[35.0938,32.084459],[35.094307,32.084421]]],[[[35.162241,32.484441],[35.16255,32.484329],[35.162843,32.484404],[35.163283,32.484263],[35.163931,32.484228],[35.164089,32.483961],[35.163881,32.483651],[35.162913,32.483105],[35.161368,32.482565],[35.161244,32.482311],[35.160729,32.482241],[35.160704,32.482022],[35.160436,32.481477],[35.160077,32.481048],[35.160736,32.480086],[35.160556,32.479962],[35.160457,32.479224],[35.159567,32.479342],[35.159566,32.47946],[35.159021,32.479848],[35.159234,32.480085],[35.158712,32.480464],[35.158725,32.481019],[35.158512,32.481053],[35.15783,32.481699],[35.158164,32.481857],[35.15819,32.482016],[35.157749,32.482163],[35.157121,32.482219],[35.157054,32.482695],[35.157281,32.48308],[35.158016,32.483013],[35.15855,32.483432],[35.158784,32.48394],[35.158838,32.484247],[35.15909,32.484403],[35.160165,32.484329],[35.160714,32.484098],[35.160849,32.484159],[35.160506,32.484404],[35.160898,32.48418],[35.161534,32.48446],[35.161973,32.484524],[35.162241,32.484441]]],[[[35.332153,32.038617],[35.331862,32.038591],[35.331788,32.039005],[35.332094,32.038896],[35.332153,32.038617]]],[[[35.332926,32.043991],[35.33356,32.042813],[35.334649,32.042812],[35.3352,32.042988],[35.336094,32.043643],[35.336264,32.043411],[35.335774,32.042609],[35.336127,32.041286],[35.336384,32.041067],[35.337839,32.041294],[35.337643,32.040596],[35.336615,32.040577],[35.336553,32.039972],[35.336186,32.039692],[35.335256,32.039192],[35.334619,32.039082],[35.333422,32.040333],[35.333324,32.039844],[35.333006,32.040011],[35.333154,32.040802],[35.332836,32.040771],[35.332358,32.040407],[35.331794,32.039553],[35.331551,32.040168],[35.332114,32.040449],[35.332114,32.040887],[35.331699,32.04147],[35.332031,32.042522],[35.332411,32.043356],[35.332926,32.043991]]],[[[35.341645,32.05206],[35.341782,32.051928],[35.342004,32.051933],[35.34219,32.051693],[35.342009,32.051633],[35.341815,32.050664],[35.341899,32.050453],[35.341691,32.050297],[35.341691,32.049949],[35.341564,32.049529],[35.341197,32.049047],[35.341355,32.048903],[35.341175,32.048603],[35.340486,32.049093],[35.340321,32.048593],[35.340173,32.04777],[35.340677,32.046822],[35.340141,32.046598],[35.339053,32.047044],[35.339253,32.046026],[35.33842,32.045516],[35.337919,32.045579],[35.337761,32.046163],[35.337865,32.046678],[35.338251,32.046876],[35.33753,32.04721],[35.337714,32.047481],[35.33824,32.047366],[35.33961,32.047792],[35.339826,32.047741],[35.3402,32.049218],[35.339632,32.04959],[35.33931,32.049569],[35.33924,32.049771],[35.339492,32.050496],[35.339557,32.050934],[35.339295,32.051016],[35.339419,32.051819],[35.340155,32.050853],[35.340374,32.050762],[35.341213,32.051844],[35.341423,32.0518],[35.341314,32.052189],[35.341015,32.052486],[35.34129,32.052864],[35.341484,32.052666],[35.34142,32.052549],[35.341747,32.052198],[35.341645,32.05206]]],[[[35.164283,32.425253],[35.164358,32.425358],[35.165061,32.425493],[35.165433,32.425431],[35.165932,32.425097],[35.166054,32.424916],[35.166182,32.424643],[35.166118,32.424343],[35.165909,32.424152],[35.164607,32.424458],[35.164344,32.42465],[35.164249,32.424911],[35.164283,32.425253]]],[[[35.26964,32.178422],[35.269858,32.178442],[35.270223,32.178022],[35.270201,32.177819],[35.27044,32.177419],[35.270156,32.177349],[35.26982,32.177451],[35.26973,32.177826],[35.269476,32.178074],[35.269364,32.17836],[35.26964,32.178422]]],[[[35.262241,32.179247],[35.262618,32.178955],[35.262826,32.179007],[35.262943,32.179239],[35.26383,32.17909],[35.264319,32.17884],[35.264698,32.178423],[35.264514,32.177819],[35.263987,32.176872],[35.262873,32.176571],[35.262494,32.176602],[35.26198,32.176894],[35.261698,32.177373],[35.261332,32.177737],[35.260781,32.177946],[35.260708,32.178269],[35.26075,32.178611],[35.26104,32.178559],[35.260819,32.17898],[35.261491,32.178955],[35.261492,32.179101],[35.261957,32.179111],[35.262241,32.179247]]],[[[35.180955,32.199039],[35.181278,32.199833],[35.181139,32.201836],[35.182843,32.201866],[35.183361,32.200607],[35.184183,32.200964],[35.1843,32.200885],[35.183406,32.20049],[35.184362,32.199708],[35.184289,32.199637],[35.183277,32.200125],[35.182156,32.198592],[35.182148,32.197957],[35.181991,32.197979],[35.181171,32.197623],[35.181296,32.196816],[35.181077,32.196763],[35.180757,32.197794],[35.180453,32.198075],[35.180955,32.199039]]],[[[35.152542,32.229264],[35.152092,32.229425],[35.151224,32.229333],[35.150766,32.229425],[35.150597,32.229742],[35.150922,32.230562],[35.151247,32.231116],[35.151584,32.231475],[35.152054,32.231946],[35.152874,32.23209],[35.153091,32.231895],[35.153031,32.231567],[35.152875,32.230983],[35.152585,32.230553],[35.152417,32.230112],[35.152465,32.229907],[35.152791,32.229743],[35.152912,32.229538],[35.152972,32.22919],[35.152876,32.229149],[35.152542,32.229264]]],[[[35.185998,31.833605],[35.186134,31.833373],[35.186329,31.833328],[35.185766,31.832538],[35.185644,31.832467],[35.185526,31.832819],[35.185998,31.833605]]],[[[35.12162,32.163806],[35.121938,32.163612],[35.122166,32.16366],[35.122572,32.164067],[35.122723,32.164014],[35.1227,32.163913],[35.122492,32.163915],[35.122291,32.163774],[35.122581,32.163719],[35.122649,32.16357],[35.121997,32.163391],[35.121914,32.163305],[35.1208,32.163185],[35.120708,32.162913],[35.119185,32.161738],[35.118897,32.161776],[35.118492,32.161637],[35.118325,32.161885],[35.118548,32.162112],[35.118685,32.162034],[35.119237,32.162768],[35.119615,32.163097],[35.119849,32.163091],[35.120432,32.163477],[35.121053,32.163742],[35.121229,32.164066],[35.121457,32.164288],[35.121507,32.165087],[35.121809,32.165075],[35.121742,32.164263],[35.12162,32.163806]]],[[[35.10498,32.144366],[35.105469,32.144603],[35.105714,32.14458],[35.104976,32.144993],[35.10477,32.144854],[35.10467,32.144999],[35.104956,32.145355],[35.104401,32.145502],[35.10348,32.146457],[35.103259,32.146293],[35.103029,32.14652],[35.103705,32.14682],[35.105543,32.145247],[35.105821,32.144801],[35.106203,32.145115],[35.106432,32.144983],[35.106704,32.145244],[35.106618,32.145443],[35.107022,32.145683],[35.107411,32.145628],[35.107466,32.145386],[35.107027,32.145201],[35.10686,32.145234],[35.10542,32.144083],[35.105175,32.143666],[35.104953,32.1435],[35.104663,32.143651],[35.104335,32.143594],[35.104252,32.143438],[35.104079,32.143518],[35.104346,32.144148],[35.104234,32.144257],[35.104062,32.144257],[35.103961,32.144678],[35.103532,32.144588],[35.103622,32.144403],[35.103544,32.144327],[35.103449,32.144465],[35.103355,32.144308],[35.103433,32.144086],[35.10309,32.143831],[35.103332,32.143274],[35.103225,32.143173],[35.103043,32.143345],[35.102943,32.144066],[35.103032,32.144071],[35.103082,32.143977],[35.103455,32.144663],[35.103699,32.144815],[35.103476,32.145009],[35.103315,32.144947],[35.103237,32.145137],[35.102997,32.145326],[35.102546,32.145153],[35.10243,32.145453],[35.102257,32.14561],[35.102407,32.145808],[35.102535,32.145837],[35.10288,32.145638],[35.103064,32.145916],[35.103853,32.145488],[35.10396,32.145275],[35.103871,32.145047],[35.10415,32.144565],[35.104351,32.144607],[35.104679,32.144409],[35.10498,32.144366]]],[[[35.235566,32.097721],[35.235396,32.097871],[35.235094,32.09794],[35.234819,32.098281],[35.234839,32.098441],[35.235238,32.098505],[35.23515,32.098721],[35.235207,32.098774],[35.235313,32.098762],[35.235492,32.098565],[35.235716,32.098688],[35.235978,32.099041],[35.236605,32.098897],[35.236832,32.099205],[35.237068,32.099098],[35.236889,32.098769],[35.236614,32.098712],[35.236106,32.097968],[35.235566,32.097721]]],[[[35.258689,32.103409],[35.258794,32.103141],[35.258327,32.102584],[35.258456,32.101999],[35.258226,32.101772],[35.257427,32.101567],[35.256471,32.101711],[35.25604,32.101299],[35.255861,32.100602],[35.254852,32.100504],[35.254557,32.100692],[35.254316,32.100975],[35.253801,32.10096],[35.253797,32.101151],[35.254649,32.101235],[35.254695,32.101881],[35.255367,32.102266],[35.255378,32.102543],[35.25604,32.103026],[35.25849,32.104089],[35.258784,32.103901],[35.258584,32.103624],[35.258689,32.103409]]],[[[35.333846,32.064478],[35.333785,32.064353],[35.333642,32.064386],[35.333685,32.064522],[35.333846,32.064478]]],[[[35.337638,32.0653],[35.337423,32.064826],[35.336584,32.064932],[35.336324,32.064839],[35.336363,32.064675],[35.335874,32.064619],[35.33563,32.064651],[35.335368,32.064823],[35.33525,32.06465],[35.335006,32.064764],[35.334747,32.06437],[35.334578,32.064437],[35.334643,32.064736],[35.334845,32.06489],[35.334584,32.065578],[35.334907,32.065818],[35.335157,32.066307],[35.33543,32.066561],[35.337423,32.065873],[35.337638,32.0653]]],[[[35.3257,32.06088],[35.325402,32.061389],[35.325412,32.061751],[35.324589,32.062082],[35.324355,32.062429],[35.324925,32.062944],[35.325617,32.062198],[35.326144,32.061873],[35.327166,32.061641],[35.327998,32.061787],[35.328603,32.061247],[35.32852,32.060523],[35.3286,32.059646],[35.327985,32.059369],[35.326703,32.060279],[35.3257,32.06088]]],[[[35.274949,32.060251],[35.275068,32.06],[35.274482,32.060019],[35.2747,32.059878],[35.27395,32.059142],[35.273788,32.058752],[35.273991,32.058108],[35.274454,32.057811],[35.274303,32.057594],[35.273647,32.057971],[35.273366,32.058761],[35.273627,32.058805],[35.273976,32.059328],[35.273632,32.059645],[35.272771,32.059127],[35.272771,32.058635],[35.273092,32.05803],[35.273722,32.057332],[35.273145,32.057275],[35.272649,32.05731],[35.272206,32.057619],[35.271563,32.058339],[35.271657,32.058693],[35.271322,32.059047],[35.269914,32.059665],[35.269605,32.060179],[35.270196,32.060236],[35.270644,32.060501],[35.271006,32.060471],[35.271088,32.060411],[35.270995,32.060235],[35.270695,32.059952],[35.271349,32.059707],[35.27119,32.059599],[35.271711,32.059093],[35.272167,32.059024],[35.272221,32.05963],[35.271934,32.059822],[35.271716,32.060123],[35.272305,32.061142],[35.272718,32.061012],[35.272638,32.060395],[35.272881,32.060391],[35.272892,32.060075],[35.273242,32.060372],[35.273282,32.060806],[35.273502,32.061123],[35.273905,32.061141],[35.274383,32.060918],[35.274557,32.060634],[35.274568,32.060297],[35.274949,32.060251]]],[[[35.262865,32.055536],[35.263365,32.054683],[35.263397,32.054153],[35.263056,32.053398],[35.26278,32.05336],[35.262126,32.053962],[35.261793,32.05505],[35.26169,32.0557],[35.261986,32.055892],[35.262332,32.05587],[35.262865,32.055536]]],[[[35.339142,31.850979],[35.337957,31.851144],[35.337613,31.851438],[35.337464,31.851307],[35.337256,31.851482],[35.336896,31.851339],[35.336326,31.850671],[35.336215,31.850741],[35.336976,31.851656],[35.337135,31.851487],[35.337263,31.851623],[35.337333,31.851797],[35.337161,31.851901],[35.337213,31.852233],[35.337149,31.852407],[35.337271,31.852494],[35.33764,31.852319],[35.337983,31.851731],[35.339239,31.851567],[35.339455,31.851338],[35.339142,31.850979]]],[[[35.273385,31.889666],[35.273203,31.889452],[35.272276,31.88927],[35.272164,31.888759],[35.270862,31.888884],[35.270756,31.889112],[35.270889,31.889555],[35.270624,31.890545],[35.270685,31.891082],[35.270822,31.891199],[35.271477,31.890863],[35.27126,31.89136],[35.271408,31.891653],[35.271984,31.891488],[35.272124,31.890213],[35.272444,31.890253],[35.272556,31.890015],[35.272047,31.889844],[35.271902,31.889304],[35.272476,31.889475],[35.272649,31.889714],[35.273272,31.889848],[35.273385,31.889666]]],[[[35.249126,31.911265],[35.24907,31.911151],[35.249158,31.910731],[35.24901,31.910542],[35.248718,31.910336],[35.248239,31.910502],[35.248084,31.910931],[35.247429,31.911457],[35.247504,31.912095],[35.247818,31.912071],[35.247859,31.911497],[35.248094,31.911521],[35.248311,31.911886],[35.248509,31.911839],[35.248633,31.91167],[35.249094,31.911532],[35.249126,31.911265]]],[[[35.147382,31.693544],[35.146543,31.694265],[35.146668,31.69467],[35.146814,31.694742],[35.147415,31.694122],[35.147208,31.693978],[35.147495,31.69371],[35.147866,31.693804],[35.148069,31.69282],[35.146966,31.692737],[35.146996,31.692998],[35.147382,31.693544]]],[[[35.139682,31.403855],[35.140006,31.4043],[35.140552,31.404674],[35.140716,31.404461],[35.141103,31.404435],[35.141396,31.404229],[35.142316,31.403987],[35.142588,31.403333],[35.142391,31.402248],[35.142229,31.40222],[35.141426,31.403001],[35.139933,31.402937],[35.139578,31.403197],[35.139546,31.403627],[35.139682,31.403855]]],[[[35.138947,31.384437],[35.138586,31.383972],[35.137961,31.383471],[35.137043,31.383268],[35.136932,31.383423],[35.136626,31.383434],[35.136432,31.383291],[35.136029,31.382564],[35.135751,31.382551],[35.135321,31.382182],[35.135307,31.38186],[35.135544,31.381347],[35.135182,31.381204],[35.135015,31.381323],[35.134751,31.382122],[35.134862,31.382384],[35.134708,31.382533],[35.134319,31.382789],[35.133986,31.382515],[35.133625,31.382646],[35.133999,31.383099],[35.133624,31.38354],[35.133735,31.383981],[35.135013,31.384232],[35.13607,31.384257],[35.136267,31.384128],[35.136234,31.383658],[35.136799,31.383709],[35.137224,31.383423],[35.137863,31.383614],[35.138405,31.384032],[35.138766,31.384461],[35.138947,31.384437]]],[[[35.043059,31.372898],[35.043036,31.37297],[35.043524,31.373265],[35.043001,31.374157],[35.043554,31.374039],[35.044275,31.373733],[35.04461,31.37347],[35.04442,31.373015],[35.043059,31.372898]]],[[[34.969677,31.371334],[34.969384,31.370505],[34.969036,31.370489],[34.968079,31.370779],[34.968069,31.371323],[34.969677,31.371334]]],[[[34.905421,31.36435],[34.905397,31.362542],[34.904199,31.362201],[34.903365,31.362135],[34.902887,31.362447],[34.902264,31.361722],[34.902226,31.361361],[34.901647,31.361258],[34.901358,31.361269],[34.900145,31.36218],[34.900906,31.362769],[34.902051,31.3625],[34.902368,31.362886],[34.902226,31.362998],[34.902422,31.363501],[34.902795,31.36384],[34.903176,31.363869],[34.903449,31.3642],[34.903676,31.365291],[34.90359,31.365707],[34.904095,31.366489],[34.905421,31.36435]]],[[[35.021066,32.109432],[35.020829,32.109326],[35.020369,32.109928],[35.021366,32.111089],[35.022238,32.110685],[35.022442,32.110454],[35.02112,32.109889],[35.021066,32.109432]]],[[[35.41701,31.906745],[35.416632,31.906623],[35.416579,31.906846],[35.416831,31.906899],[35.416697,31.907305],[35.416787,31.907328],[35.41701,31.906745]]],[[[35.414893,31.908473],[35.415243,31.907982],[35.415054,31.907883],[35.414857,31.908029],[35.414605,31.907945],[35.414479,31.90816],[35.414624,31.908374],[35.414893,31.908473]]],[[[35.416557,31.908626],[35.416821,31.908321],[35.417267,31.908483],[35.417393,31.908354],[35.417966,31.908519],[35.418334,31.908063],[35.416461,31.907342],[35.416191,31.90769],[35.415837,31.907608],[35.415751,31.907923],[35.41608,31.908032],[35.416075,31.908348],[35.416557,31.908626]]],[[[35.418169,31.909355],[35.417811,31.90923],[35.416999,31.909667],[35.417812,31.909888],[35.418183,31.910103],[35.418337,31.909982],[35.418121,31.909687],[35.418169,31.909355]]]]},"properties":{"entity_id":"shahak-industrial-area","entity_type":"settlement","name":"Shahak Industrial Area","names":{"primary":"Shahak Industrial Area"},"stage_history":[{"stage":6,"stage_label":"Construction started","valid_from":"2021-06-03","evidence_ref":["aa0039e910"]}],"extent_type":"built_up","area_m2":4401310.7,"source_crs":"EPSG:32636","in_east_jerusalem":false,"evidence_ref":["aa0039e910"]}},{"type":"Feature","geometry":{"type":"MultiPolygon","coordinates":[[[[35.334069,32.160996],[35.333989,32.160294],[35.334672,32.160347],[35.334878,32.160144],[35.334846,32.159496],[35.334575,32.159307],[35.33421,32.159469],[35.3341,32.160077],[35.333223,32.160211],[35.332735,32.160606],[35.332591,32.159863],[35.332066,32.159431],[35.331859,32.159012],[35.331127,32.15827],[35.330285,32.157784],[35.330554,32.157257],[35.329601,32.156635],[35.328453,32.157504],[35.328903,32.157934],[35.328046,32.158367],[35.328205,32.158773],[35.329412,32.158636],[35.330827,32.159094],[35.330748,32.159432],[35.330893,32.159622],[35.329272,32.160474],[35.328891,32.160853],[35.329416,32.161338],[35.330353,32.161175],[35.331814,32.161066],[35.332431,32.161295],[35.334069,32.160996]]],[[[35.350368,32.162127],[35.351353,32.162436],[35.351733,32.161841],[35.350986,32.161505],[35.350446,32.161492],[35.350368,32.162127]]],[[[35.35843,32.164176],[35.359971,32.164458],[35.361101,32.165267],[35.362168,32.166887],[35.361677,32.167712],[35.362058,32.167914],[35.362312,32.16786],[35.362439,32.167455],[35.362216,32.167279],[35.362453,32.166671],[35.361864,32.165658],[35.360957,32.1647],[35.360098,32.164161],[35.360097,32.163661],[35.357142,32.163178],[35.356634,32.163516],[35.356047,32.163679],[35.355267,32.163032],[35.354773,32.161924],[35.353802,32.16071],[35.353372,32.160007],[35.353102,32.159819],[35.353101,32.159012],[35.351601,32.156499],[35.349206,32.155043],[35.348356,32.155737],[35.351627,32.157349],[35.350814,32.159339],[35.351085,32.160014],[35.351499,32.160605],[35.352087,32.160875],[35.352898,32.161415],[35.353281,32.162184],[35.353758,32.162859],[35.354553,32.163182],[35.355125,32.163141],[35.356127,32.164005],[35.356476,32.164112],[35.35843,32.164176]]],[[[35.334206,32.16786],[35.334683,32.168008],[35.33535,32.167818],[35.336,32.167209],[35.336588,32.167141],[35.337096,32.166951],[35.337381,32.166532],[35.33816,32.166585],[35.338589,32.16672],[35.338922,32.166287],[35.339048,32.165922],[35.343437,32.165569],[35.343362,32.165283],[35.339245,32.165661],[35.339245,32.165192],[35.339412,32.164665],[35.339872,32.164489],[35.339792,32.164071],[35.339099,32.163852],[35.339046,32.164652],[35.336268,32.165939],[35.336396,32.166276],[35.335856,32.166561],[35.335221,32.166629],[35.334458,32.166468],[35.333771,32.166712],[35.33334,32.166924],[35.333105,32.167577],[35.332454,32.167713],[35.332105,32.168064],[35.331549,32.168227],[35.330819,32.168606],[35.329255,32.169106],[35.329494,32.169349],[35.331462,32.16855],[35.332656,32.167846],[35.334206,32.16786]]],[[[35.313588,32.171104],[35.313911,32.170957],[35.314084,32.171182],[35.31469,32.17138],[35.315045,32.17055],[35.315806,32.170367],[35.31592,32.169442],[35.317077,32.169208],[35.317006,32.169839],[35.316804,32.170237],[35.316733,32.170721],[35.31775,32.170738],[35.317912,32.170072],[35.317495,32.169865],[35.317227,32.169161],[35.3191,32.169095],[35.318983,32.16851],[35.318706,32.168604],[35.318579,32.168865],[35.317195,32.169055],[35.31707,32.16805],[35.31682,32.167468],[35.315574,32.166039],[35.31464,32.165952],[35.31435,32.166323],[35.313957,32.167117],[35.314331,32.167839],[35.315224,32.168526],[35.315162,32.169144],[35.315205,32.169602],[35.314583,32.170079],[35.314084,32.169621],[35.313358,32.169674],[35.313297,32.170239],[35.31365,32.170662],[35.312924,32.171175],[35.312468,32.171034],[35.312095,32.171193],[35.312406,32.17181],[35.313588,32.171104]]],[[[35.31106,32.173394],[35.310292,32.173071],[35.309553,32.172867],[35.30927,32.173401],[35.308445,32.173026],[35.308408,32.172463],[35.307987,32.171526],[35.309398,32.17119],[35.309999,32.170713],[35.308318,32.170167],[35.307288,32.169474],[35.306118,32.169711],[35.30558,32.170452],[35.305539,32.171193],[35.306141,32.171951],[35.307013,32.172515],[35.307222,32.173168],[35.306662,32.173504],[35.306393,32.17391],[35.30631,32.174439],[35.307202,32.174527],[35.307265,32.174968],[35.306415,32.175304],[35.306395,32.175904],[35.306665,32.176009],[35.307494,32.175903],[35.308303,32.175585],[35.308448,32.175761],[35.308698,32.176537],[35.309549,32.176501],[35.310441,32.1762],[35.311332,32.175529],[35.311352,32.174806],[35.31106,32.173394]]],[[[35.305047,32.176664],[35.305025,32.175799],[35.303718,32.175429],[35.302494,32.175554],[35.301353,32.175819],[35.301479,32.177425],[35.302144,32.177619],[35.302497,32.177989],[35.302953,32.177583],[35.304488,32.177211],[35.305047,32.176664]]]]},"properties":{"entity_id":"itamar","entity_type":"settlement","name":"Itamar","names":{"primary":"Itamar"},"stage_history":[{"stage":6,"stage_label":"Construction started","valid_from":"2021-06-03","evidence_ref":["aa0039e910"]}],"extent_type":"built_up","area_m2":853923.5,"source_crs":"EPSG:32636","in_east_jerusalem":false,"evidence_ref":["aa0039e910"]}},{"type":"Feature","geometry":{"type":"MultiPolygon","coordinates":[[[[35.129048,32.287127],[35.12941,32.286931],[35.129522,32.286719],[35.129846,32.286741],[35.130083,32.28655],[35.130021,32.286207],[35.129797,32.286122],[35.12951,32.286207],[35.12926,32.286672],[35.128749,32.286916],[35.128301,32.286947],[35.128039,32.286778],[35.128949,32.285783],[35.127504,32.285338],[35.127542,32.285179],[35.128252,32.284798],[35.128577,32.28446],[35.128565,32.284005],[35.128191,32.283221],[35.126535,32.281918],[35.126,32.281833],[35.125389,32.282066],[35.124903,32.282393],[35.125077,32.282595],[35.124915,32.282838],[35.124541,32.283145],[35.123394,32.283514],[35.122733,32.283588],[35.122596,32.283842],[35.122708,32.284276],[35.122982,32.284594],[35.123704,32.284827],[35.124015,32.28524],[35.125149,32.285717],[35.12551,32.285781],[35.125871,32.286067],[35.125801,32.286195],[35.126285,32.286833],[35.127864,32.28718],[35.129048,32.287127]]],[[[35.128399,32.28821],[35.128154,32.287905],[35.127926,32.288208],[35.128208,32.288533],[35.128399,32.28821]]],[[[35.129822,32.289589],[35.129839,32.289377],[35.129767,32.289372],[35.129754,32.289504],[35.129632,32.289531],[35.129495,32.289374],[35.129525,32.288878],[35.129318,32.28865],[35.129031,32.28854],[35.12898,32.288595],[35.129255,32.288708],[35.129445,32.288903],[35.129417,32.289374],[35.129542,32.28958],[35.129734,32.289555],[35.129787,32.289742],[35.129862,32.289723],[35.129822,32.289589]]],[[[35.130153,32.290354],[35.1292,32.290147],[35.128957,32.290434],[35.128946,32.290967],[35.129056,32.291357],[35.130162,32.291349],[35.130382,32.290722],[35.130153,32.290354]]]]},"properties":{"entity_id":"einav","entity_type":"settlement","name":"Einav","names":{"primary":"Einav"},"stage_history":[{"stage":6,"stage_label":"Construction started","valid_from":"2021-06-03","evidence_ref":["aa0039e910"]}],"extent_type":"built_up","area_m2":216580.1,"source_crs":"EPSG:32636","in_east_jerusalem":false,"evidence_ref":["aa0039e910"]}},{"type":"Feature","geometry":{"type":"MultiPolygon","coordinates":[[[[35.279685,32.070294],[35.280011,32.070122],[35.280416,32.070135],[35.280462,32.069817],[35.281832,32.069882],[35.282205,32.069551],[35.283511,32.068821],[35.284102,32.068291],[35.284989,32.068105],[35.28558,32.068343],[35.285954,32.069072],[35.285815,32.069681],[35.286002,32.070198],[35.287247,32.07025],[35.286949,32.068461],[35.286544,32.067852],[35.285642,32.067548],[35.284832,32.067138],[35.284054,32.067483],[35.282438,32.068875],[35.281754,32.06971],[35.280291,32.069618],[35.279886,32.069685],[35.279856,32.070016],[35.27956,32.070016],[35.279467,32.070228],[35.279685,32.070294]]],[[[35.269477,32.071555],[35.269566,32.071434],[35.270355,32.071599],[35.270603,32.070799],[35.27047,32.070398],[35.270017,32.070316],[35.269813,32.070489],[35.269725,32.070943],[35.269202,32.071245],[35.268306,32.071253],[35.26788,32.070634],[35.266912,32.070098],[35.267013,32.06991],[35.267299,32.069849],[35.267413,32.069533],[35.266197,32.069095],[35.265539,32.068706],[35.26441,32.068487],[35.2616,32.067362],[35.261633,32.067185],[35.261047,32.066777],[35.259601,32.066838],[35.258633,32.066615],[35.256589,32.067164],[35.255474,32.066994],[35.255045,32.06675],[35.255073,32.065947],[35.25453,32.065813],[35.253414,32.065875],[35.252886,32.066216],[35.252543,32.066812],[35.252186,32.067762],[35.253362,32.069414],[35.254237,32.069175],[35.253343,32.06789],[35.252762,32.06795],[35.253015,32.067092],[35.253601,32.066641],[35.254673,32.06641],[35.254716,32.066738],[35.25493,32.066884],[35.256203,32.067298],[35.257132,32.067188],[35.258104,32.066968],[35.258877,32.067491],[35.258777,32.068003],[35.258963,32.068514],[35.25862,32.068709],[35.258677,32.068904],[35.258635,32.069147],[35.258148,32.069111],[35.258006,32.069367],[35.258006,32.069829],[35.258507,32.070657],[35.259107,32.070973],[35.260051,32.071106],[35.261323,32.070972],[35.261781,32.07068],[35.262481,32.070874],[35.263297,32.071653],[35.263826,32.07248],[35.264357,32.074501],[35.264186,32.075341],[35.264472,32.076193],[35.265073,32.076266],[35.265687,32.076144],[35.267173,32.073915],[35.268002,32.073318],[35.268544,32.072807],[35.269545,32.072648],[35.269587,32.071565],[35.269477,32.071555]]],[[[35.278737,32.077451],[35.278815,32.076944],[35.278744,32.076807],[35.277994,32.076613],[35.277505,32.076334],[35.277327,32.076179],[35.277341,32.076],[35.27818,32.076297],[35.278522,32.076005],[35.278506,32.075581],[35.278662,32.075482],[35.27915,32.075622],[35.279378,32.075907],[35.279521,32.075862],[35.279257,32.075476],[35.278861,32.075346],[35.279191,32.075064],[35.279268,32.074362],[35.278785,32.074309],[35.277556,32.074549],[35.276888,32.07488],[35.276997,32.075224],[35.276639,32.075635],[35.276578,32.076682],[35.276422,32.076987],[35.276921,32.07749],[35.277248,32.07745],[35.277378,32.077221],[35.277874,32.077473],[35.27853,32.077548],[35.278737,32.077451]]],[[[35.273062,32.07842],[35.274011,32.077942],[35.274307,32.077984],[35.274394,32.078361],[35.274594,32.078324],[35.274571,32.078021],[35.275069,32.077955],[35.274586,32.076909],[35.274275,32.076683],[35.274212,32.075789],[35.27364,32.075839],[35.273321,32.076025],[35.272899,32.076515],[35.273174,32.076866],[35.271319,32.077599],[35.271755,32.078593],[35.271989,32.078751],[35.273062,32.07842]]],[[[35.275427,32.086761],[35.274838,32.086332],[35.274543,32.086769],[35.273935,32.086867],[35.273688,32.087069],[35.273508,32.087514],[35.273537,32.088024],[35.273689,32.088436],[35.274089,32.088736],[35.275163,32.089172],[35.275543,32.08918],[35.275809,32.088985],[35.276017,32.088047],[35.275808,32.087311],[35.275427,32.086761]]]]},"properties":{"entity_id":"eli","entity_type":"settlement","name":"Eli","names":{"primary":"Eli","hebrew":"עלי"},"stage_history":[{"stage":6,"stage_label":"Construction started","valid_from":"2021-06-03","evidence_ref":["aa0039e910"]}],"extent_type":"built_up","area_m2":791015.7,"source_crs":"EPSG:32636","in_east_jerusalem":false,"evidence_ref":["aa0039e910"]}},{"type":"Feature","geometry":{"type":"MultiPolygon","coordinates":[[[[35.293029,31.825212],[35.291783,31.824588],[35.291119,31.825101],[35.292001,31.825314],[35.292727,31.826087],[35.293415,31.825566],[35.293029,31.825212]]],[[[35.290415,31.825115],[35.289521,31.823907],[35.287762,31.824577],[35.288079,31.824905],[35.289412,31.825033],[35.288616,31.826242],[35.289633,31.826136],[35.290415,31.825115]]],[[[35.298398,31.829008],[35.298182,31.828883],[35.297465,31.829009],[35.297308,31.829127],[35.297338,31.829403],[35.298398,31.829008]]],[[[35.29651,31.829095],[35.296349,31.828705],[35.296011,31.828842],[35.295167,31.828927],[35.295147,31.828474],[35.294469,31.82834],[35.293016,31.828224],[35.291228,31.827823],[35.290963,31.827974],[35.294097,31.82954],[35.294912,31.829564],[35.29651,31.829095]]],[[[35.300401,31.83255],[35.300284,31.831607],[35.299552,31.831005],[35.298922,31.830808],[35.298787,31.831115],[35.298505,31.831301],[35.298223,31.831707],[35.297863,31.831335],[35.297696,31.831357],[35.297632,31.831554],[35.297375,31.831587],[35.296694,31.831303],[35.295974,31.830854],[35.295859,31.830974],[35.295936,31.831435],[35.295268,31.83137],[35.295268,31.831172],[35.294818,31.830997],[35.294433,31.831151],[35.294266,31.831019],[35.293726,31.831031],[35.293508,31.831217],[35.293225,31.831217],[35.293097,31.831064],[35.29257,31.830757],[35.291594,31.830901],[35.291504,31.830988],[35.291479,31.831471],[35.291575,31.831866],[35.292526,31.832326],[35.293092,31.83249],[35.293567,31.832555],[35.294017,31.832489],[35.296265,31.832509],[35.297768,31.832629],[35.299117,31.832979],[35.299605,31.832803],[35.30008,31.832792],[35.300401,31.83255]]]]},"properties":{"entity_id":"almon","entity_type":"settlement","name":"Almon","names":{"primary":"Almon","hebrew":"עלמון"},"stage_history":[{"stage":6,"stage_label":"Construction started","valid_from":"2021-06-03","evidence_ref":["aa0039e910"]}],"extent_type":"built_up","area_m2":216130.3,"source_crs":"EPSG:32636","in_east_jerusalem":false,"evidence_ref":["aa0039e910"]}},{"type":"Feature","geometry":{"type":"MultiPolygon","coordinates":[[[[35.252063,31.939657],[35.252171,31.939367],[35.251522,31.939452],[35.251539,31.939771],[35.252063,31.939657]]],[[[35.266785,31.950565],[35.266452,31.950361],[35.265654,31.950259],[35.265601,31.950044],[35.265827,31.949817],[35.26608,31.949817],[35.266199,31.949533],[35.265666,31.947878],[35.265161,31.947788],[35.264296,31.947811],[35.263419,31.947596],[35.262222,31.947528],[35.261623,31.947563],[35.260799,31.94779],[35.260201,31.948119],[35.259895,31.948663],[35.259656,31.949366],[35.25999,31.950727],[35.260296,31.950874],[35.261492,31.950386],[35.261745,31.95008],[35.261266,31.949683],[35.261239,31.949218],[35.261677,31.948901],[35.262848,31.949082],[35.26314,31.949274],[35.262149,31.949723],[35.262194,31.950104],[35.262809,31.950408],[35.262942,31.950567],[35.263115,31.95051],[35.26362,31.950748],[35.264073,31.951269],[35.264804,31.951836],[35.265842,31.951869],[35.266387,31.951597],[35.266799,31.951245],[35.266785,31.950565]]],[[[35.277823,31.955237],[35.277964,31.954558],[35.277734,31.95409],[35.277433,31.95412],[35.277575,31.954754],[35.277363,31.955026],[35.277009,31.955207],[35.276725,31.954407],[35.276689,31.953577],[35.276423,31.952823],[35.276847,31.952415],[35.277343,31.952173],[35.277696,31.952098],[35.27759,31.951721],[35.277148,31.951781],[35.276634,31.951661],[35.276616,31.951314],[35.276138,31.951042],[35.275925,31.950605],[35.276385,31.950091],[35.275942,31.949895],[35.275288,31.949866],[35.274827,31.950077],[35.274156,31.951964],[35.274422,31.952085],[35.274953,31.952099],[35.27536,31.951782],[35.275431,31.95231],[35.27575,31.953397],[35.275875,31.954529],[35.276513,31.95566],[35.277823,31.955237]]],[[[35.26631,31.956441],[35.265394,31.955724],[35.264788,31.955997],[35.264469,31.955843],[35.264246,31.955952],[35.265395,31.957149],[35.26631,31.956441]]],[[[35.267532,31.956914],[35.26687,31.956819],[35.267318,31.958151],[35.267682,31.958049],[35.267793,31.957402],[35.267532,31.956914]]],[[[35.263163,31.959576],[35.262535,31.959041],[35.263704,31.956855],[35.262757,31.956587],[35.262013,31.958248],[35.261779,31.958211],[35.261129,31.957713],[35.261693,31.95706],[35.261576,31.956869],[35.260958,31.956416],[35.26183,31.955917],[35.262947,31.954809],[35.263737,31.955153],[35.263871,31.954988],[35.263042,31.954349],[35.262787,31.954331],[35.26268,31.953886],[35.262999,31.953768],[35.262992,31.953199],[35.263594,31.953129],[35.263631,31.952647],[35.262456,31.952789],[35.26161,31.952395],[35.260695,31.952304],[35.259674,31.952386],[35.259323,31.951964],[35.259739,31.951678],[35.259561,31.951482],[35.258748,31.951933],[35.258961,31.952169],[35.258291,31.952441],[35.257812,31.952768],[35.257514,31.952696],[35.257259,31.952844],[35.257121,31.953398],[35.257654,31.954522],[35.257079,31.954405],[35.256696,31.954487],[35.25659,31.955004],[35.256282,31.955004],[35.256261,31.955693],[35.256373,31.956074],[35.256841,31.956001],[35.257469,31.956028],[35.257511,31.955874],[35.257766,31.955892],[35.258075,31.956073],[35.257362,31.956582],[35.256479,31.956649],[35.256533,31.957284],[35.256789,31.957792],[35.25732,31.95761],[35.258577,31.958907],[35.258949,31.959152],[35.259328,31.959092],[35.259928,31.959269],[35.260428,31.958852],[35.260609,31.958888],[35.260524,31.959559],[35.260758,31.959577],[35.261184,31.959359],[35.26129,31.959377],[35.261822,31.959785],[35.262355,31.960311],[35.262397,31.960892],[35.262706,31.961245],[35.263036,31.961055],[35.263014,31.960447],[35.262652,31.960329],[35.262535,31.960148],[35.263046,31.959894],[35.263163,31.959576]]]]},"properties":{"entity_id":"ofra","entity_type":"settlement","name":"Ofra","names":{"primary":"Ofra","hebrew":"עפרה"},"stage_history":[{"stage":6,"stage_label":"Construction started","valid_from":"2021-06-03","evidence_ref":["aa0039e910"]}],"extent_type":"built_up","area_m2":713447.1,"source_crs":"EPSG:32636","in_east_jerusalem":false,"evidence_ref":["aa0039e910"]}},{"type":"Feature","geometry":{"type":"MultiPolygon","coordinates":[[[[35.029055,31.436866],[35.028868,31.436856],[35.028867,31.437017],[35.029083,31.437022],[35.029055,31.436866]]],[[[35.035639,31.43996],[35.034097,31.439446],[35.033647,31.439983],[35.034045,31.440491],[35.034682,31.440667],[35.03494,31.441052],[35.035169,31.441104],[35.035947,31.440567],[35.035639,31.43996]]],[[[35.031523,31.441978],[35.03222,31.442064],[35.03229,31.441868],[35.031822,31.44168],[35.031872,31.441475],[35.032012,31.441338],[35.03244,31.441262],[35.03255,31.441092],[35.031923,31.440928],[35.031584,31.440962],[35.031346,31.440791],[35.031436,31.440484],[35.030819,31.440201],[35.029863,31.440217],[35.029733,31.440148],[35.029993,31.439773],[35.030103,31.439406],[35.030502,31.439263],[35.030353,31.438725],[35.029937,31.437922],[35.029598,31.437887],[35.029478,31.438007],[35.029865,31.438895],[35.029447,31.438946],[35.029128,31.438809],[35.029318,31.438602],[35.029233,31.438388],[35.029,31.438382],[35.02899,31.438151],[35.028741,31.438006],[35.028522,31.438125],[35.028412,31.438287],[35.028491,31.438594],[35.028342,31.438765],[35.028162,31.438773],[35.028013,31.438577],[35.027776,31.437859],[35.027587,31.437739],[35.027848,31.43657],[35.027869,31.436045],[35.02753,31.435968],[35.026473,31.436658],[35.026004,31.437417],[35.025963,31.437784],[35.026321,31.438331],[35.02637,31.438756],[35.026867,31.439064],[35.027496,31.438322],[35.027715,31.438237],[35.027835,31.438289],[35.027714,31.438733],[35.027375,31.439279],[35.026996,31.4395],[35.027154,31.440111],[35.02768,31.440906],[35.028576,31.441419],[35.0299,31.441541],[35.030239,31.441421],[35.030657,31.441396],[35.030816,31.44173],[35.030845,31.442114],[35.031114,31.442131],[35.031523,31.441978]]]]},"properties":{"entity_id":"otniel","entity_type":"settlement","name":"Otniel","names":{"primary":"Otniel","hebrew":"עתניאל"},"stage_history":[{"stage":6,"stage_label":"Construction started","valid_from":"2021-06-03","evidence_ref":["aa0039e910"]}],"extent_type":"built_up","area_m2":175878.2,"source_crs":"EPSG:32636","in_east_jerusalem":false,"evidence_ref":["aa0039e910"]}},{"type":"Feature","geometry":{"type":"MultiPolygon","coordinates":[[[[35.055291,32.065599],[35.055375,32.065397],[35.056077,32.065418],[35.056725,32.065616],[35.056868,32.065495],[35.056929,32.065034],[35.057399,32.06507],[35.057429,32.064822],[35.057191,32.06473],[35.057168,32.064335],[35.056818,32.063564],[35.056663,32.063559],[35.056355,32.063103],[35.056158,32.062989],[35.056311,32.062687],[35.056129,32.062411],[35.055299,32.062091],[35.054236,32.061883],[35.053863,32.061253],[35.052274,32.060527],[35.051858,32.060949],[35.051243,32.059922],[35.050889,32.059715],[35.049198,32.059627],[35.048894,32.059514],[35.048664,32.059091],[35.048013,32.058708],[35.047554,32.058678],[35.047619,32.059314],[35.047841,32.059642],[35.047678,32.060194],[35.048042,32.060487],[35.048234,32.061108],[35.048497,32.06116],[35.048638,32.061437],[35.048861,32.061394],[35.049377,32.061713],[35.04962,32.06174],[35.049198,32.061908],[35.049609,32.062067],[35.049606,32.062164],[35.049733,32.062279],[35.050352,32.06229],[35.050441,32.062498],[35.050982,32.062529],[35.051081,32.062091],[35.051543,32.062164],[35.051967,32.062501],[35.05144,32.062837],[35.051875,32.063501],[35.052411,32.063864],[35.053119,32.064158],[35.054231,32.064866],[35.054084,32.065167],[35.05409,32.065365],[35.054232,32.065502],[35.054762,32.065675],[35.055291,32.065599]]],[[[35.046466,32.066243],[35.045222,32.065727],[35.044971,32.065861],[35.04472,32.066201],[35.046409,32.066931],[35.046726,32.066544],[35.046466,32.066243]]]]},"properties":{"entity_id":"pduel","entity_type":"settlement","name":"Pduel","names":{"primary":"Pduel"},"stage_history":[{"stage":6,"stage_label":"Construction started","valid_from":"2021-06-03","evidence_ref":["aa0039e910"]}],"extent_type":"built_up","area_m2":282692.3,"source_crs":"EPSG:32636","in_east_jerusalem":false,"evidence_ref":["aa0039e910"]}},{"type":"Feature","geometry":{"type":"MultiPolygon","coordinates":[[[[35.166929,31.487937],[35.166634,31.487019],[35.166622,31.486755],[35.166831,31.486164],[35.166943,31.484666],[35.166807,31.484518],[35.166056,31.484265],[35.165638,31.483937],[35.165158,31.483884],[35.164875,31.483958],[35.164592,31.48381],[35.164284,31.483863],[35.164333,31.484275],[35.164259,31.484538],[35.16453,31.484676],[35.164665,31.48514],[35.164529,31.485235],[35.164185,31.485108],[35.164012,31.485266],[35.164468,31.485615],[35.164504,31.486448],[35.164676,31.48687],[35.164935,31.487029],[35.164553,31.487208],[35.164418,31.487451],[35.164442,31.487873],[35.164787,31.488495],[35.16486,31.488875],[35.166929,31.487937]]],[[[35.164662,31.491151],[35.164133,31.490866],[35.163406,31.491984],[35.163985,31.492238],[35.164662,31.491151]]]]},"properties":{"entity_id":"pnei-hever","entity_type":"settlement","name":"Pnei Hever","names":{"primary":"Pnei Hever","hebrew":"פני חבר"},"stage_history":[{"stage":6,"stage_label":"Construction started","valid_from":"2021-06-03","evidence_ref":["aa0039e910"]}],"extent_type":"built_up","area_m2":114877.3,"source_crs":"EPSG:32636","in_east_jerusalem":false,"evidence_ref":["aa0039e910"]}},{"type":"Feature","geometry":{"type":"MultiPolygon","coordinates":[[[[35.230023,31.897463],[35.230769,31.896773],[35.231376,31.895844],[35.230909,31.895578],[35.230582,31.895234],[35.230295,31.894223],[35.23012,31.894194],[35.230066,31.894326],[35.230274,31.894389],[35.23051,31.895158],[35.229649,31.895512],[35.230069,31.895844],[35.230551,31.896003],[35.230583,31.896401],[35.230381,31.896919],[35.230023,31.897463]]],[[[35.222743,31.898314],[35.222323,31.898977],[35.221888,31.898911],[35.221686,31.899667],[35.221717,31.900729],[35.22204,31.901167],[35.222238,31.901287],[35.222634,31.901279],[35.222587,31.90239],[35.222983,31.903074],[35.222744,31.903436],[35.223086,31.903582],[35.223522,31.903423],[35.223942,31.903078],[35.223833,31.901817],[35.224237,31.901359],[35.224626,31.901213],[35.225186,31.900775],[35.225575,31.900284],[35.225528,31.900085],[35.225621,31.899873],[35.225512,31.89962],[35.22531,31.899461],[35.225606,31.899143],[35.225979,31.898943],[35.226383,31.896873],[35.226585,31.896966],[35.226508,31.897908],[35.226617,31.898651],[35.226803,31.898519],[35.226912,31.897431],[35.227067,31.896833],[35.227394,31.896621],[35.228156,31.897497],[35.227939,31.897842],[35.228079,31.898074],[35.228436,31.898087],[35.228218,31.897264],[35.227036,31.896216],[35.2271,31.896031],[35.226367,31.895685],[35.226067,31.895669],[35.225916,31.895792],[35.225854,31.89619],[35.224671,31.895712],[35.224376,31.895765],[35.224065,31.896203],[35.224267,31.896456],[35.224081,31.896867],[35.223365,31.897743],[35.222743,31.898314]]]]},"properties":{"entity_id":"psagot","entity_type":"settlement","name":"Psagot","names":{"primary":"Psagot","hebrew":"פסגות"},"stage_history":[{"stage":6,"stage_label":"Construction started","valid_from":"2021-06-03","evidence_ref":["aa0039e910"]}],"extent_type":"built_up","area_m2":237434.1,"source_crs":"EPSG:32636","in_east_jerusalem":false,"evidence_ref":["aa0039e910"]}},{"type":"Feature","geometry":{"type":"MultiPolygon","coordinates":[[[[35.302197,31.745332],[35.301874,31.745245],[35.301368,31.745259],[35.301207,31.745755],[35.301057,31.745875],[35.301498,31.746339],[35.301499,31.7465],[35.301203,31.746822],[35.301348,31.746978],[35.301655,31.746867],[35.302134,31.746862],[35.302478,31.74671],[35.302547,31.746481],[35.302089,31.745709],[35.30231,31.74541],[35.302197,31.745332]]],[[[35.311982,31.75644],[35.312065,31.756092],[35.312023,31.755709],[35.311686,31.755397],[35.313271,31.754832],[35.31407,31.754376],[35.314266,31.754352],[35.314491,31.754076],[35.314954,31.754315],[35.315164,31.754231],[35.315136,31.753979],[35.314883,31.753872],[35.315107,31.753332],[35.314966,31.75296],[35.314671,31.752733],[35.314727,31.752265],[35.314614,31.751954],[35.314264,31.75199],[35.313478,31.752254],[35.313535,31.752746],[35.313184,31.752542],[35.312707,31.752567],[35.311207,31.753575],[35.310744,31.754043],[35.310532,31.753836],[35.310825,31.753185],[35.311152,31.7533],[35.311335,31.752311],[35.310943,31.751976],[35.310508,31.751809],[35.309942,31.75194],[35.309486,31.752256],[35.309003,31.753169],[35.308975,31.753517],[35.30913,31.753984],[35.309425,31.754248],[35.309482,31.7545],[35.309271,31.754632],[35.309005,31.7545],[35.309075,31.754308],[35.308766,31.754093],[35.308415,31.754093],[35.307994,31.754261],[35.307854,31.754657],[35.307883,31.754993],[35.307648,31.754777],[35.307397,31.753758],[35.30705,31.753318],[35.306122,31.753393],[35.305987,31.753588],[35.305874,31.75413],[35.306021,31.754982],[35.305934,31.755251],[35.305956,31.75552],[35.307421,31.755811],[35.307757,31.75594],[35.307757,31.756096],[35.308291,31.756155],[35.308586,31.756335],[35.310448,31.756374],[35.310662,31.756249],[35.310957,31.756285],[35.311294,31.756488],[35.311673,31.756536],[35.311982,31.75644]]]]},"properties":{"entity_id":"kedar","entity_type":"settlement","name":"Kedar","names":{"primary":"Kedar"},"stage_history":[{"stage":6,"stage_label":"Construction started","valid_from":"2021-06-03","evidence_ref":["aa0039e910"]}],"extent_type":"built_up","area_m2":272917.0,"source_crs":"EPSG:32636","in_east_jerusalem":false,"evidence_ref":["aa0039e910"]}},{"type":"Feature","geometry":{"type":"MultiPolygon","coordinates":[[[[35.126955,31.525204],[35.128785,31.524384],[35.129235,31.523955],[35.129004,31.523768],[35.128644,31.523845],[35.127822,31.523085],[35.127129,31.522226],[35.126294,31.521675],[35.12578,31.521796],[35.125047,31.522269],[35.124533,31.52272],[35.124391,31.523072],[35.125303,31.52305],[35.125316,31.523755],[35.126151,31.524174],[35.126639,31.523976],[35.127809,31.523272],[35.128477,31.5239],[35.127847,31.524395],[35.127565,31.524877],[35.127142,31.525069],[35.127015,31.524822],[35.12679,31.524941],[35.126955,31.525204]]],[[[35.117746,31.53329],[35.117435,31.532301],[35.118062,31.531808],[35.118638,31.531518],[35.119996,31.531369],[35.120356,31.530463],[35.121025,31.529952],[35.121971,31.530032],[35.122168,31.529709],[35.123016,31.529599],[35.123697,31.52928],[35.123903,31.529027],[35.124225,31.528356],[35.124032,31.527949],[35.124148,31.527795],[35.124213,31.527399],[35.123956,31.526738],[35.123648,31.526562],[35.122717,31.526363],[35.121945,31.526748],[35.121033,31.526813],[35.120198,31.526758],[35.119902,31.526581],[35.119568,31.526636],[35.118103,31.526371],[35.117294,31.525809],[35.116357,31.525511],[35.116074,31.525804],[35.116266,31.5262],[35.116163,31.526828],[35.1157,31.527124],[35.115596,31.528346],[35.114965,31.529633],[35.114269,31.531317],[35.112869,31.531338],[35.111558,31.531205],[35.111687,31.530743],[35.11161,31.530622],[35.111263,31.530544],[35.11125,31.530379],[35.111405,31.52995],[35.110878,31.529685],[35.110634,31.529685],[35.110351,31.52985],[35.110318,31.530314],[35.110581,31.530505],[35.111032,31.530577],[35.110696,31.531986],[35.110786,31.53247],[35.111248,31.532504],[35.11145,31.532383],[35.111528,31.531337],[35.114175,31.53157],[35.114175,31.531801],[35.114483,31.531867],[35.114444,31.532495],[35.114598,31.532649],[35.114881,31.532539],[35.114997,31.532099],[35.115357,31.532099],[35.11537,31.532352],[35.115704,31.532606],[35.117284,31.532398],[35.117412,31.533179],[35.116975,31.533289],[35.116756,31.533608],[35.116268,31.533927],[35.116499,31.534323],[35.116331,31.534521],[35.116845,31.535017],[35.118375,31.53384],[35.118312,31.533356],[35.117746,31.53329]]],[[[35.130465,31.543157],[35.131759,31.54253],[35.131523,31.542724],[35.131557,31.542956],[35.131985,31.543024],[35.132143,31.542358],[35.131941,31.541908],[35.131402,31.541619],[35.131309,31.541832],[35.131029,31.542107],[35.130619,31.542377],[35.130355,31.542279],[35.13019,31.542426],[35.129775,31.542594],[35.129392,31.542594],[35.129321,31.54297],[35.128814,31.542663],[35.128489,31.542219],[35.129262,31.541814],[35.129106,31.541577],[35.128649,31.541639],[35.128056,31.541887],[35.127303,31.542744],[35.127198,31.542998],[35.128028,31.543193],[35.129338,31.543336],[35.130002,31.543307],[35.130465,31.543157]]],[[[35.1199,31.546623],[35.119931,31.546337],[35.119283,31.546102],[35.119233,31.545478],[35.119081,31.545217],[35.119791,31.544481],[35.121017,31.543727],[35.121641,31.543939],[35.121033,31.544259],[35.121215,31.544632],[35.120728,31.545014],[35.121326,31.544936],[35.121792,31.544685],[35.122531,31.544451],[35.123614,31.544254],[35.123906,31.544817],[35.123762,31.544898],[35.123868,31.545072],[35.124033,31.545001],[35.123676,31.544226],[35.124153,31.543619],[35.123961,31.543316],[35.123931,31.542799],[35.122584,31.542469],[35.123101,31.541342],[35.122913,31.541237],[35.122427,31.541367],[35.12186,31.54135],[35.12107,31.540655],[35.119855,31.540455],[35.119491,31.540281],[35.118893,31.540775],[35.118791,31.541157],[35.118487,31.541382],[35.118433,31.54174],[35.118103,31.541693],[35.118068,31.541833],[35.118406,31.541861],[35.118385,31.542398],[35.117533,31.543239],[35.11737,31.544019],[35.117076,31.544739],[35.117085,31.545598],[35.117358,31.54617],[35.118391,31.546206],[35.118401,31.546622],[35.1199,31.546623]]]]},"properties":{"entity_id":"kiryat-arba","entity_type":"settlement","name":"Kiryat Arba","names":{"primary":"Kiryat Arba","hebrew":"קרית ארבע"},"stage_history":[{"stage":6,"stage_label":"Construction started","valid_from":"2021-06-03","evidence_ref":["aa0039e910"]}],"extent_type":"built_up","area_m2":847260.5,"source_crs":"EPSG:32636","in_east_jerusalem":false,"evidence_ref":["aa0039e910"]}},{"type":"Feature","geometry":{"type":"MultiPolygon","coordinates":[[[[35.088253,32.171509],[35.088787,32.170975],[35.089586,32.170814],[35.089891,32.170588],[35.089568,32.169778],[35.088637,32.16926],[35.086335,32.168982],[35.086031,32.168432],[35.086755,32.167996],[35.086965,32.16717],[35.086415,32.165568],[35.085846,32.164418],[35.085257,32.163609],[35.086064,32.162922],[35.085583,32.162688],[35.084596,32.163268],[35.083697,32.163575],[35.081958,32.163606],[35.081599,32.163785],[35.081633,32.163934],[35.081924,32.164143],[35.081527,32.164544],[35.081183,32.165385],[35.081449,32.166129],[35.082284,32.167425],[35.082075,32.167781],[35.081998,32.168299],[35.082091,32.169318],[35.081653,32.169706],[35.080778,32.169835],[35.080038,32.168475],[35.079448,32.16828],[35.079448,32.168587],[35.078991,32.169024],[35.07842,32.169088],[35.077963,32.169298],[35.077449,32.169297],[35.077239,32.169993],[35.077941,32.17124],[35.078625,32.171629],[35.082526,32.171277],[35.084315,32.171198],[35.085,32.171311],[35.086902,32.171912],[35.087928,32.172463],[35.088271,32.172253],[35.0881,32.171897],[35.088253,32.171509]]],[[[35.108895,32.173193],[35.109346,32.172666],[35.108178,32.171792],[35.108463,32.171644],[35.109473,32.172021],[35.110342,32.172009],[35.110342,32.171686],[35.109269,32.171511],[35.109427,32.171135],[35.109759,32.171095],[35.109822,32.170853],[35.108859,32.170234],[35.108165,32.16928],[35.10845,32.169105],[35.108387,32.168528],[35.108119,32.167923],[35.107677,32.167815],[35.107062,32.167984],[35.10688,32.167611],[35.106335,32.167425],[35.105135,32.167571],[35.104329,32.167987],[35.103854,32.168672],[35.103743,32.169545],[35.104611,32.169438],[35.1045,32.169801],[35.103995,32.169975],[35.104199,32.170567],[35.104531,32.170553],[35.104752,32.170433],[35.10521,32.170876],[35.105431,32.171239],[35.10502,32.171601],[35.105288,32.172018],[35.105604,32.172153],[35.105951,32.171938],[35.107435,32.172933],[35.107861,32.172826],[35.108829,32.173206],[35.108681,32.173899],[35.108909,32.17395],[35.109006,32.173613],[35.108895,32.173193]]],[[[35.0931,32.175462],[35.093196,32.174976],[35.092435,32.174846],[35.092474,32.174215],[35.092417,32.173843],[35.091047,32.173955],[35.090648,32.173679],[35.090669,32.173284],[35.09117,32.173114],[35.091882,32.173238],[35.091932,32.17284],[35.091026,32.172712],[35.090442,32.172905],[35.088936,32.172901],[35.089183,32.17371],[35.090437,32.175346],[35.091864,32.175088],[35.092777,32.175575],[35.0931,32.175462]]],[[[35.099294,32.176366],[35.099095,32.175391],[35.099532,32.174885],[35.100312,32.174982],[35.100484,32.174449],[35.10136,32.173575],[35.101233,32.172938],[35.100771,32.173138],[35.100276,32.173672],[35.09999,32.173785],[35.100448,32.173041],[35.100068,32.172037],[35.098986,32.170288],[35.09929,32.169997],[35.09931,32.169382],[35.09914,32.168767],[35.09876,32.168443],[35.098132,32.168119],[35.097124,32.168264],[35.095677,32.168651],[35.094915,32.169427],[35.094933,32.170123],[35.0948,32.170382],[35.095196,32.173085],[35.095924,32.173828],[35.097098,32.174203],[35.097021,32.174446],[35.096774,32.174559],[35.096513,32.174254],[35.096051,32.173992],[35.095347,32.173959],[35.095138,32.174315],[35.095061,32.174865],[35.095612,32.175626],[35.098523,32.175434],[35.098771,32.17645],[35.099294,32.176366]]],[[[35.114337,32.177246],[35.113846,32.177168],[35.113776,32.178173],[35.113818,32.178458],[35.114094,32.178987],[35.114022,32.179302],[35.114161,32.179286],[35.114251,32.178648],[35.114188,32.178482],[35.114663,32.178328],[35.114691,32.178043],[35.114337,32.177246]]],[[[35.105685,32.180356],[35.104912,32.179521],[35.103714,32.179083],[35.10223,32.178774],[35.100632,32.178255],[35.100536,32.178627],[35.099851,32.178675],[35.099737,32.17908],[35.099755,32.179646],[35.10006,32.179695],[35.100059,32.179889],[35.100249,32.180375],[35.102209,32.180133],[35.102818,32.180296],[35.103103,32.180571],[35.10375,32.180636],[35.104238,32.181055],[35.105346,32.180858],[35.105685,32.180356]]],[[[35.113591,32.181518],[35.113475,32.181388],[35.113288,32.181448],[35.112722,32.181833],[35.113021,32.1821],[35.113635,32.182008],[35.113837,32.181849],[35.113591,32.181518]]]]},"properties":{"entity_id":"karnei-shomron","entity_type":"settlement","name":"Karnei Shomron","names":{"primary":"Karnei Shomron","hebrew":"קרני שומרון"},"stage_history":[{"stage":6,"stage_label":"Construction started","valid_from":"2021-06-03","evidence_ref":["aa0039e910"]}],"extent_type":"built_up","area_m2":1314143.7,"source_crs":"EPSG:32636","in_east_jerusalem":false,"evidence_ref":["aa0039e910"]}},{"type":"Feature","geometry":{"type":"MultiPolygon","coordinates":[[[[35.534466,32.341314],[35.534169,32.340622],[35.533616,32.340809],[35.533858,32.341243],[35.534495,32.341644],[35.534594,32.341565],[35.534466,32.341314]]],[[[35.539931,32.347428],[35.539897,32.346827],[35.540354,32.346866],[35.540572,32.346169],[35.540632,32.34542],[35.539245,32.345063],[35.539321,32.344434],[35.537461,32.344239],[35.537569,32.343436],[35.53823,32.343488],[35.538102,32.342672],[35.537313,32.342447],[35.536589,32.342649],[35.536069,32.342677],[35.535866,32.342986],[35.535503,32.343013],[35.535495,32.344993],[35.536164,32.34557],[35.53613,32.345752],[35.536455,32.345787],[35.537186,32.346433],[35.537961,32.347394],[35.538907,32.347511],[35.539931,32.347428]]],[[[35.534136,32.348859],[35.534775,32.348889],[35.535088,32.348353],[35.535039,32.347778],[35.534643,32.347298],[35.534217,32.347179],[35.534137,32.346804],[35.533931,32.34639],[35.534087,32.346069],[35.534432,32.345694],[35.534399,32.345239],[35.533721,32.345134],[35.532982,32.345336],[35.532851,32.345045],[35.531982,32.344971],[35.531295,32.34518],[35.530922,32.345455],[35.530856,32.345756],[35.531064,32.346679],[35.530608,32.34688],[35.530152,32.346949],[35.529615,32.346803],[35.529583,32.346455],[35.529204,32.346362],[35.529079,32.346657],[35.52823,32.347047],[35.528106,32.347649],[35.52828,32.347783],[35.529399,32.348047],[35.530582,32.348231],[35.531288,32.347534],[35.532092,32.347773],[35.53222,32.348147],[35.531703,32.349151],[35.531674,32.349793],[35.530864,32.350491],[35.531004,32.350925],[35.532858,32.350014],[35.533089,32.349505],[35.534136,32.348859]]],[[[35.533411,32.352988],[35.532966,32.352613],[35.532372,32.352863],[35.532566,32.35365],[35.533252,32.353562],[35.533411,32.352988]]]]},"properties":{"entity_id":"shadmot-mechola","entity_type":"settlement","name":"Shadmot Mechola","names":{"primary":"Shadmot Mechola"},"stage_history":[{"stage":6,"stage_label":"Construction started","valid_from":"2021-06-03","evidence_ref":["aa0039e910"]}],"extent_type":"built_up","area_m2":356406.9,"source_crs":"EPSG:32636","in_east_jerusalem":false,"evidence_ref":["aa0039e910"]}},{"type":"Feature","geometry":{"type":"MultiPolygon","coordinates":[[[[35.315367,32.054242],[35.315276,32.054233],[35.315121,32.054695],[35.315312,32.054831],[35.315849,32.05489],[35.316371,32.054732],[35.316371,32.054618],[35.316199,32.054496],[35.315796,32.054315],[35.315367,32.054242]]],[[[35.314961,32.054805],[35.314771,32.054774],[35.314732,32.054949],[35.314898,32.054986],[35.314961,32.054805]]],[[[35.302934,32.056986],[35.303131,32.056956],[35.303277,32.057081],[35.303497,32.057097],[35.303702,32.056993],[35.303804,32.056823],[35.303095,32.055114],[35.301975,32.055069],[35.302085,32.05469],[35.302084,32.05433],[35.301559,32.054258],[35.301474,32.053811],[35.302795,32.053579],[35.302608,32.053161],[35.302959,32.052468],[35.303067,32.052511],[35.303307,32.052952],[35.303649,32.052835],[35.303199,32.05207],[35.302525,32.052046],[35.30263,32.052287],[35.302395,32.052517],[35.301563,32.052728],[35.301486,32.052817],[35.300811,32.052189],[35.300382,32.052043],[35.299371,32.052082],[35.299101,32.052212],[35.298839,32.052602],[35.2986,32.053745],[35.298289,32.053698],[35.297983,32.052631],[35.29778,32.052198],[35.297948,32.051217],[35.298749,32.051319],[35.299721,32.051012],[35.29942,32.049817],[35.300555,32.049816],[35.300876,32.04944],[35.30075,32.048852],[35.302063,32.048279],[35.302934,32.048159],[35.303006,32.0486],[35.303227,32.048642],[35.303137,32.048131],[35.304009,32.048011],[35.303784,32.047623],[35.303531,32.047654],[35.303479,32.047247],[35.303162,32.047235],[35.303092,32.047349],[35.303208,32.047694],[35.302399,32.047795],[35.30233,32.046699],[35.301297,32.046555],[35.301264,32.047853],[35.300892,32.048171],[35.300706,32.048676],[35.300491,32.048789],[35.300022,32.048352],[35.299867,32.048611],[35.299853,32.049121],[35.298683,32.049099],[35.298658,32.049702],[35.298099,32.050116],[35.297688,32.049731],[35.297353,32.049536],[35.296567,32.049379],[35.296534,32.050063],[35.296247,32.050063],[35.296036,32.049819],[35.295152,32.050121],[35.295268,32.050382],[35.294373,32.050542],[35.293544,32.051134],[35.293069,32.05073],[35.293001,32.04998],[35.292612,32.050211],[35.290636,32.052405],[35.291953,32.052827],[35.292328,32.052836],[35.292682,32.052461],[35.293885,32.05298],[35.295037,32.053931],[35.295596,32.053873],[35.297832,32.0539],[35.298103,32.054016],[35.29807,32.054405],[35.296799,32.054449],[35.296105,32.054854],[35.295683,32.055474],[35.29653,32.055964],[35.296709,32.055963],[35.297193,32.056212],[35.297908,32.056324],[35.298122,32.056223],[35.298207,32.055833],[35.298189,32.055155],[35.298426,32.054924],[35.298765,32.054953],[35.299866,32.055226],[35.300392,32.0555],[35.301427,32.057345],[35.30185,32.057446],[35.302934,32.056986]]],[[[35.312957,32.054566],[35.312837,32.054444],[35.312047,32.054516],[35.310539,32.053774],[35.310431,32.053522],[35.310478,32.0529],[35.310047,32.052707],[35.309782,32.051331],[35.308597,32.05122],[35.307951,32.051394],[35.308371,32.051924],[35.308323,32.052392],[35.308634,32.05227],[35.308683,32.053218],[35.308588,32.053401],[35.308618,32.053744],[35.30884,32.053978],[35.31006,32.054742],[35.310624,32.055428],[35.310577,32.055896],[35.310757,32.0561],[35.311212,32.056314],[35.311296,32.056721],[35.311165,32.057211],[35.311225,32.057679],[35.311525,32.058026],[35.311812,32.058046],[35.311956,32.057869],[35.312218,32.057217],[35.312577,32.056829],[35.31284,32.056809],[35.313502,32.056391],[35.313856,32.056095],[35.314373,32.055485],[35.31346,32.054923],[35.31346,32.054699],[35.312957,32.054566]]]]},"properties":{"entity_id":"shilo","entity_type":"settlement","name":"Shilo","names":{"primary":"Shilo","hebrew":"שילה"},"stage_history":[{"stage":6,"stage_label":"Construction started","valid_from":"2021-06-03","evidence_ref":["aa0039e910"]}],"extent_type":"built_up","area_m2":660103.9,"source_crs":"EPSG:32636","in_east_jerusalem":false,"evidence_ref":["aa0039e910"]}},{"type":"Feature","geometry":{"type":"MultiPolygon","coordinates":[[[[35.013951,31.38988],[35.014196,31.390102],[35.014699,31.389993],[35.014657,31.389671],[35.014471,31.389224],[35.014429,31.388785],[35.014173,31.388711],[35.01414,31.388323],[35.014396,31.388296],[35.014602,31.387733],[35.014409,31.386071],[35.013941,31.385529],[35.013583,31.385316],[35.012788,31.385732],[35.011876,31.385423],[35.011961,31.385713],[35.012328,31.385809],[35.012558,31.38578],[35.012881,31.386263],[35.012854,31.387164],[35.011923,31.387762],[35.011787,31.387425],[35.011497,31.387066],[35.010227,31.386764],[35.010082,31.386815],[35.01009,31.386976],[35.010345,31.387218],[35.01014,31.387606],[35.010301,31.387979],[35.011281,31.388618],[35.011537,31.388545],[35.011785,31.388304],[35.012069,31.388385],[35.012287,31.388584],[35.012846,31.388866],[35.013355,31.389639],[35.013951,31.38988]]],[[[35.015266,31.392601],[35.014967,31.392776],[35.015076,31.39331],[35.015263,31.393489],[35.015718,31.393559],[35.016121,31.393427],[35.016241,31.393716],[35.016611,31.393306],[35.016449,31.393088],[35.016088,31.392852],[35.015519,31.392765],[35.015266,31.392601]]]]},"properties":{"entity_id":"shim-a","entity_type":"settlement","name":"Shim'a","names":{"primary":"Shim'a","hebrew":"שמעה"},"stage_history":[{"stage":6,"stage_label":"Construction started","valid_from":"2021-06-03","evidence_ref":["aa0039e910"]}],"extent_type":"built_up","area_m2":118718.1,"source_crs":"EPSG:32636","in_east_jerusalem":false,"evidence_ref":["aa0039e910"]}},{"type":"Feature","geometry":{"type":"Polygon","coordinates":[[[34.992175,32.135676],[34.992841,32.135064],[34.993303,32.135081],[34.993783,32.134972],[34.99395,32.134705],[34.993323,32.134248],[34.994619,32.132836],[34.995118,32.13268],[34.997519,32.132731],[34.998814,32.132659],[34.99902,32.133389],[34.998848,32.133987],[34.999078,32.133994],[34.9993,32.133849],[34.999551,32.1339],[34.999595,32.134158],[34.999713,32.134259],[35.000505,32.134286],[35.001733,32.134515],[35.001742,32.134036],[35.001882,32.133923],[35.003739,32.134215],[35.004116,32.134518],[35.004812,32.134286],[35.004835,32.134116],[35.004415,32.133613],[35.004005,32.132561],[35.004756,32.132637],[35.004741,32.132832],[35.004874,32.132876],[35.004889,32.133115],[35.005103,32.133254],[35.00568,32.133318],[35.005909,32.133426],[35.00622,32.133281],[35.006591,32.132885],[35.007324,32.132546],[35.007584,32.132339],[35.008118,32.131521],[35.008134,32.131313],[35.007884,32.130639],[35.007722,32.129896],[35.006863,32.130291],[35.005945,32.130491],[35.005663,32.130673],[35.005514,32.131315],[35.004102,32.130954],[35.003925,32.13052],[35.003644,32.130299],[35.002912,32.130027],[35.001706,32.12988],[35.000766,32.130124],[35.000277,32.130426],[34.99936,32.129996],[34.999324,32.129662],[34.998902,32.129661],[34.997257,32.129971],[34.996538,32.129718],[34.996373,32.129027],[34.996069,32.128885],[34.995809,32.128445],[34.995559,32.128383],[34.995201,32.128773],[34.994038,32.128677],[34.992579,32.12869],[34.991637,32.128987],[34.991508,32.128814],[34.991712,32.128469],[34.993024,32.128],[34.992711,32.127386],[34.993526,32.126524],[34.993638,32.126115],[34.993176,32.12602],[34.993048,32.125627],[34.992457,32.125626],[34.990424,32.126204],[34.990734,32.127839],[34.991399,32.128107],[34.992508,32.12759],[34.992618,32.128031],[34.991583,32.128296],[34.991176,32.128547],[34.989754,32.128544],[34.988019,32.128196],[34.987484,32.128022],[34.987762,32.127598],[34.988242,32.127536],[34.988409,32.127269],[34.988391,32.126861],[34.989094,32.126516],[34.989169,32.126108],[34.989705,32.125904],[34.989668,32.1257],[34.989281,32.125542],[34.98869,32.125557],[34.988136,32.125352],[34.987252,32.124564],[34.986625,32.124343],[34.986757,32.123165],[34.986185,32.123101],[34.985702,32.1242],[34.985271,32.126524],[34.985358,32.129022],[34.985559,32.129918],[34.985816,32.130437],[34.986479,32.131428],[34.987031,32.132137],[34.987289,32.132168],[34.987419,32.132043],[34.987972,32.132421],[34.987934,32.132751],[34.988137,32.133097],[34.988726,32.133648],[34.988707,32.134025],[34.987925,32.136758],[34.987756,32.137858],[34.988383,32.138252],[34.989048,32.138107],[34.989862,32.137778],[34.990935,32.136994],[34.992175,32.135676]]]},"properties":{"entity_id":"oranit","entity_type":"settlement","name":"Oranit","names":{"primary":"Oranit","hebrew":"אורנית"},"stage_history":[{"stage":6,"stage_label":"Construction started","valid_from":"2021-06-03","evidence_ref":["aa0039e910"]}],"extent_type":"built_up","area_m2":1267283.4,"source_crs":"EPSG:32636","in_east_jerusalem":false,"evidence_ref":["aa0039e910"]}},{"type":"Feature","geometry":{"type":"Polygon","coordinates":[[[35.025185,32.126039],[35.026086,32.125351],[35.027181,32.125355],[35.027822,32.125029],[35.027653,32.124541],[35.02885,32.123339],[35.029568,32.124029],[35.032041,32.1235],[35.03318,32.123678],[35.034579,32.12304],[35.0347,32.122453],[35.033772,32.121176],[35.034913,32.12059],[35.034586,32.119033],[35.032601,32.119534],[35.031565,32.119562],[35.030875,32.119415],[35.03022,32.118738],[35.029427,32.118179],[35.029399,32.117869],[35.029495,32.117685],[35.030747,32.117344],[35.030929,32.117144],[35.030901,32.116432],[35.030596,32.116284],[35.030314,32.115726],[35.030202,32.115587],[35.030055,32.11558],[35.029605,32.115977],[35.028679,32.117043],[35.028302,32.117238],[35.027609,32.117278],[35.027441,32.117357],[35.027085,32.117784],[35.026701,32.11795],[35.02655,32.118282],[35.026279,32.118585],[35.025939,32.118673],[35.024867,32.119465],[35.023692,32.12011],[35.023619,32.121902],[35.023411,32.122577],[35.022926,32.123458],[35.022304,32.123722],[35.02175,32.124221],[35.021784,32.124749],[35.021265,32.125131],[35.020643,32.125306],[35.019469,32.125392],[35.017672,32.12623],[35.016777,32.126958],[35.01679,32.13009],[35.018106,32.130779],[35.018514,32.130118],[35.01918,32.130041],[35.020143,32.129759],[35.019738,32.128845],[35.020034,32.128641],[35.019556,32.127366],[35.020916,32.127187],[35.022609,32.126661],[35.024232,32.126545],[35.025185,32.126039]]]},"properties":{"entity_id":"sha-arei-tikva","entity_type":"settlement","name":"Sha'arei Tikva","names":{"primary":"Sha'arei Tikva","hebrew":"שערי תקוה"},"stage_history":[{"stage":6,"stage_label":"Construction started","valid_from":"2021-06-03","evidence_ref":["aa0039e910"]}],"extent_type":"built_up","area_m2":920665.9,"source_crs":"EPSG:32636","in_east_jerusalem":false,"evidence_ref":["aa0039e910"]}},{"type":"Feature","geometry":{"type":"MultiPolygon","coordinates":[[[[35.044833,32.112562],[35.04419,32.112432],[35.043085,32.112513],[35.043188,32.113642],[35.043375,32.113716],[35.043326,32.11387],[35.043396,32.114032],[35.044051,32.114018],[35.045025,32.113257],[35.045411,32.113045],[35.045144,32.112624],[35.044833,32.112562]]],[[[35.040558,32.11134],[35.039197,32.110521],[35.039467,32.110006],[35.039155,32.109627],[35.039407,32.109204],[35.039424,32.108752],[35.039212,32.108032],[35.038574,32.107507],[35.037935,32.107193],[35.037887,32.106481],[35.037371,32.106167],[35.036462,32.105893],[35.036389,32.105496],[35.035873,32.105328],[35.034077,32.106204],[35.033044,32.106391],[35.032453,32.106767],[35.032378,32.107332],[35.033016,32.108463],[35.03176,32.109131],[35.0291,32.111596],[35.027452,32.112033],[35.026837,32.112409],[35.026713,32.113058],[35.027252,32.114],[35.029415,32.114191],[35.03153,32.114236],[35.032047,32.11381],[35.032244,32.113245],[35.03227,32.112492],[35.032492,32.112199],[35.033575,32.111782],[35.034288,32.1117],[35.034805,32.111324],[35.035247,32.111429],[35.034926,32.112496],[35.03426,32.113332],[35.034505,32.114023],[35.033694,32.113917],[35.032808,32.114272],[35.032783,32.114732],[35.031848,32.114814],[35.031651,32.115295],[35.032239,32.11628],[35.033345,32.116407],[35.033418,32.116658],[35.033073,32.117034],[35.03322,32.117306],[35.033835,32.117223],[35.034203,32.117705],[35.034597,32.117748],[35.03504,32.11712],[35.034869,32.116618],[35.034084,32.115926],[35.034036,32.115299],[35.034454,32.115132],[35.035511,32.115238],[35.0362,32.115071],[35.036692,32.114695],[35.036349,32.114046],[35.036571,32.113837],[35.037038,32.113859],[35.037358,32.113482],[35.037949,32.113295],[35.03898,32.113924],[35.03935,32.113569],[35.039745,32.112293],[35.040165,32.111331],[35.040411,32.111544],[35.040456,32.113595],[35.039874,32.113993],[35.040333,32.115695],[35.03944,32.116141],[35.039197,32.117248],[35.038309,32.117861],[35.036539,32.118026],[35.036415,32.118277],[35.036365,32.118863],[35.036483,32.119658],[35.037733,32.120864],[35.038697,32.119825],[35.039047,32.118785],[35.040719,32.117465],[35.040574,32.116148],[35.040674,32.115504],[35.040777,32.112679],[35.040558,32.11134]]]]},"properties":{"entity_id":"elkana","entity_type":"settlement","name":"Elkana","names":{"primary":"Elkana","hebrew":"אלקנה"},"stage_history":[{"stage":6,"stage_label":"Construction started","valid_from":"2021-06-03","evidence_ref":["aa0039e910"]}],"extent_type":"built_up","area_m2":924698.8,"source_crs":"EPSG:32636","in_east_jerusalem":false,"evidence_ref":["aa0039e910"]}},{"type":"Feature","geometry":{"type":"Polygon","coordinates":[[[35.042698,32.119095],[35.042395,32.120344],[35.042524,32.120776],[35.043809,32.120782],[35.044445,32.120903],[35.044623,32.120557],[35.044994,32.120483],[35.045506,32.120679],[35.045789,32.120965],[35.046779,32.120861],[35.047009,32.120666],[35.04853,32.120683],[35.048901,32.120412],[35.048778,32.120171],[35.048991,32.11969],[35.049275,32.119329],[35.050265,32.11906],[35.050213,32.118683],[35.050814,32.118519],[35.050514,32.118112],[35.049772,32.118156],[35.048816,32.118592],[35.048463,32.118486],[35.047889,32.117161],[35.047664,32.117057],[35.04666,32.117957],[35.046112,32.117971],[35.046005,32.118317],[35.046004,32.118874],[35.045563,32.118783],[35.043953,32.119278],[35.043316,32.119292],[35.042698,32.119095]]]},"properties":{"entity_id":"etz-efraim","entity_type":"settlement","name":"Etz Efraim","names":{"primary":"Etz Efraim","hebrew":"עץ אפרים"},"stage_history":[{"stage":6,"stage_label":"Construction started","valid_from":"2021-06-03","evidence_ref":["aa0039e910"]}],"extent_type":"built_up","area_m2":166287.9,"source_crs":"EPSG:32636","in_east_jerusalem":false,"evidence_ref":["aa0039e910"]}},{"type":"Feature","geometry":{"type":"MultiPolygon","coordinates":[[[[35.136386,32.162028],[35.136981,32.16163],[35.138249,32.161637],[35.13847,32.161287],[35.138767,32.1623],[35.138746,32.162753],[35.140043,32.162844],[35.141256,32.162519],[35.14283,32.161814],[35.143744,32.161832],[35.144765,32.162032],[35.145212,32.161833],[35.145361,32.161055],[35.146191,32.160658],[35.146021,32.160314],[35.145022,32.15997],[35.143788,32.160711],[35.142809,32.161561],[35.141554,32.162193],[35.141129,32.161343],[35.142873,32.160439],[35.14332,32.159698],[35.143768,32.15854],[35.142939,32.158395],[35.142151,32.158811],[35.141108,32.160058],[35.138832,32.16098],[35.138712,32.1607],[35.138719,32.16024],[35.139535,32.160021],[35.139492,32.159497],[35.138429,32.159532],[35.137472,32.159336],[35.136252,32.159475],[35.13392,32.160091],[35.13358,32.160344],[35.132878,32.160072],[35.130964,32.159727],[35.12954,32.159165],[35.129305,32.159581],[35.129666,32.16036],[35.131623,32.160632],[35.132239,32.16094],[35.132218,32.161483],[35.132833,32.162605],[35.134449,32.163709],[35.135597,32.164904],[35.136319,32.165791],[35.137255,32.16552],[35.137235,32.164561],[35.13815,32.163802],[35.136258,32.162299],[35.136386,32.162028]]],[[[35.154485,32.175373],[35.154117,32.173717],[35.152305,32.174145],[35.152204,32.174573],[35.15155,32.174144],[35.151063,32.174729],[35.151935,32.175215],[35.151666,32.176171],[35.15123,32.176741],[35.152739,32.177213],[35.154367,32.177228],[35.154501,32.17737],[35.154669,32.177285],[35.154518,32.176586],[35.154066,32.175701],[35.154485,32.175373]]],[[[35.148745,32.178895],[35.14784,32.177981],[35.146648,32.179365],[35.146983,32.179536],[35.148862,32.179409],[35.148745,32.178895]]]]},"properties":{"entity_id":"imanuel","entity_type":"settlement","name":"Imanuel","names":{"primary":"Imanuel"},"stage_history":[{"stage":6,"stage_label":"Construction started","valid_from":"2021-06-03","evidence_ref":["aa0039e910"]}],"extent_type":"built_up","area_m2":541454.6,"source_crs":"EPSG:32636","in_east_jerusalem":false,"evidence_ref":["aa0039e910"]}},{"type":"Feature","geometry":{"type":"Polygon","coordinates":[[[35.107736,32.151345],[35.107493,32.151376],[35.107011,32.151785],[35.106663,32.152229],[35.106757,32.152468],[35.106007,32.153366],[35.105726,32.153275],[35.104856,32.154002],[35.103879,32.154389],[35.102568,32.154228],[35.102194,32.153966],[35.101111,32.153613],[35.09968,32.152712],[35.098556,32.15361],[35.097565,32.154565],[35.097377,32.155055],[35.097537,32.155305],[35.097831,32.155396],[35.097938,32.155954],[35.098793,32.156524],[35.0991,32.156922],[35.099889,32.157185],[35.100906,32.157345],[35.101829,32.156902],[35.101963,32.157186],[35.102511,32.157119],[35.103288,32.156607],[35.103194,32.15622],[35.104813,32.155743],[35.105443,32.155061],[35.105318,32.154739],[35.107736,32.151345]]]},"properties":{"entity_id":"nofim","entity_type":"settlement","name":"Nofim","names":{"primary":"Nofim","hebrew":"נופים"},"stage_history":[{"stage":6,"stage_label":"Construction started","valid_from":"2021-06-03","evidence_ref":["aa0039e910"]}],"extent_type":"built_up","area_m2":241409.7,"source_crs":"EPSG:32636","in_east_jerusalem":false,"evidence_ref":["aa0039e910"]}},{"type":"Feature","geometry":{"type":"Polygon","coordinates":[[[35.115524,32.155172],[35.11584,32.155214],[35.116051,32.155055],[35.11646,32.154303],[35.116562,32.153937],[35.11649,32.153669],[35.116282,32.153379],[35.116469,32.153203],[35.116792,32.153169],[35.117195,32.152507],[35.117357,32.151719],[35.117169,32.151216],[35.116781,32.150588],[35.11717,32.150497],[35.1176,32.15028],[35.118002,32.150737],[35.118203,32.150737],[35.118539,32.150521],[35.118311,32.150269],[35.118056,32.150281],[35.117774,32.150143],[35.116714,32.150428],[35.11662,32.150245],[35.115707,32.150085],[35.115533,32.149822],[35.116043,32.149663],[35.116003,32.149446],[35.115748,32.149571],[35.115453,32.149571],[35.115238,32.149308],[35.115132,32.148258],[35.115428,32.14755],[35.116287,32.14771],[35.116716,32.147882],[35.118032,32.147278],[35.117831,32.146867],[35.118006,32.146307],[35.11751,32.146158],[35.117321,32.146512],[35.116771,32.14658],[35.11614,32.147037],[35.116287,32.147345],[35.116019,32.14747],[35.115116,32.147305],[35.115161,32.14716],[35.114812,32.146944],[35.114185,32.146962],[35.114087,32.14713],[35.113778,32.147069],[35.11367,32.147206],[35.112879,32.147103],[35.112556,32.147262],[35.111951,32.147337],[35.110965,32.147604],[35.111012,32.148026],[35.110059,32.14814],[35.109656,32.14871],[35.109507,32.149875],[35.109292,32.149852],[35.109065,32.149281],[35.108729,32.149281],[35.107977,32.149977],[35.108769,32.150171],[35.109185,32.150206],[35.109587,32.150138],[35.110526,32.151154],[35.111089,32.151303],[35.111747,32.151258],[35.113989,32.150244],[35.114204,32.150552],[35.114553,32.150518],[35.114807,32.151591],[35.115016,32.1534],[35.115287,32.153566],[35.115093,32.153746],[35.115192,32.153829],[35.114925,32.154079],[35.115034,32.154157],[35.114954,32.154292],[35.115053,32.154356],[35.114854,32.154612],[35.114844,32.15487],[35.115014,32.155114],[35.115453,32.155241],[35.115524,32.155172]]]},"properties":{"entity_id":"yakir","entity_type":"settlement","name":"Yakir","names":{"primary":"Yakir","hebrew":"יקיר"},"stage_history":[{"stage":6,"stage_label":"Construction started","valid_from":"2021-06-03","evidence_ref":["aa0039e910"]}],"extent_type":"built_up","area_m2":334046.5,"source_crs":"EPSG:32636","in_east_jerusalem":false,"evidence_ref":["aa0039e910"]}},{"type":"Feature","geometry":{"type":"MultiPolygon","coordinates":[[[[35.129465,32.121332],[35.129617,32.121078],[35.129944,32.12092],[35.130047,32.120573],[35.130407,32.120477],[35.130975,32.120558],[35.131145,32.120349],[35.131637,32.120075],[35.132148,32.119464],[35.131903,32.118723],[35.131809,32.118111],[35.131071,32.117998],[35.131147,32.117547],[35.130485,32.117337],[35.129388,32.117498],[35.128931,32.117352],[35.129294,32.117077],[35.12953,32.117269],[35.130038,32.116814],[35.130088,32.116603],[35.130618,32.116967],[35.131224,32.116774],[35.130733,32.115647],[35.13004,32.115625],[35.129836,32.115221],[35.129391,32.114827],[35.129143,32.114928],[35.128788,32.114673],[35.128958,32.114486],[35.128659,32.114208],[35.128422,32.114414],[35.128219,32.114323],[35.127966,32.114553],[35.127661,32.114558],[35.127052,32.114826],[35.126697,32.115147],[35.126894,32.115296],[35.126753,32.115483],[35.126933,32.115608],[35.127238,32.115382],[35.12792,32.115311],[35.128912,32.115666],[35.128855,32.116007],[35.129066,32.116161],[35.127894,32.116322],[35.127137,32.116547],[35.126096,32.117045],[35.126058,32.117963],[35.126232,32.118371],[35.125888,32.11897],[35.125698,32.11956],[35.125413,32.11992],[35.125512,32.12066],[35.125424,32.120941],[35.125474,32.12108],[35.12566,32.121205],[35.126213,32.121215],[35.126822,32.121086],[35.127739,32.121104],[35.128533,32.121329],[35.129465,32.121332]]],[[[35.12357,32.121438],[35.123278,32.121437],[35.123202,32.122675],[35.12317,32.122795],[35.123069,32.122801],[35.123069,32.122992],[35.123202,32.123004],[35.123346,32.12378],[35.123614,32.123688],[35.123448,32.122752],[35.12362,32.122729],[35.123672,32.121483],[35.12357,32.121438]]]]},"properties":{"entity_id":"revava","entity_type":"settlement","name":"Revava","names":{"primary":"Revava","hebrew":"רבבה"},"stage_history":[{"stage":6,"stage_label":"Construction started","valid_from":"2021-06-03","evidence_ref":["aa0039e910"]}],"extent_type":"built_up","area_m2":313030.7,"source_crs":"EPSG:32636","in_east_jerusalem":false,"evidence_ref":["aa0039e910"]}},{"type":"Feature","geometry":{"type":"Polygon","coordinates":[[[35.112338,32.115487],[35.111466,32.115715],[35.110724,32.1162],[35.110346,32.11685],[35.110626,32.117042],[35.110388,32.117757],[35.110001,32.117949],[35.109441,32.11793],[35.109118,32.117811],[35.109173,32.117408],[35.108452,32.117544],[35.107343,32.117947],[35.106524,32.11877],[35.106179,32.119567],[35.1062,32.119997],[35.106501,32.120355],[35.10705,32.120392],[35.107373,32.12009],[35.107632,32.119211],[35.108181,32.118579],[35.10857,32.117893],[35.109516,32.11804],[35.110248,32.117958],[35.110776,32.117711],[35.111109,32.117858],[35.111917,32.116924],[35.112315,32.116851],[35.11266,32.116934],[35.112735,32.117154],[35.112659,32.117282],[35.112326,32.117438],[35.112519,32.11806],[35.112701,32.118216],[35.113412,32.118125],[35.113219,32.117411],[35.113585,32.117145],[35.113822,32.117118],[35.115177,32.117412],[35.116114,32.117239],[35.116469,32.116891],[35.116642,32.116186],[35.117441,32.1146],[35.117736,32.113842],[35.117533,32.113697],[35.116601,32.114346],[35.115836,32.115362],[35.115599,32.115362],[35.115082,32.1157],[35.114651,32.116332],[35.114425,32.116423],[35.113554,32.115809],[35.113048,32.115745],[35.112973,32.11547],[35.112338,32.115487]]]},"properties":{"entity_id":"kiryat-netafim","entity_type":"settlement","name":"Kiryat Netafim","names":{"primary":"Kiryat Netafim","hebrew":"קרית נטפים"},"stage_history":[{"stage":6,"stage_label":"Construction started","valid_from":"2021-06-03","evidence_ref":["aa0039e910"]}],"extent_type":"built_up","area_m2":161770.6,"source_crs":"EPSG:32636","in_east_jerusalem":false,"evidence_ref":["aa0039e910"]}},{"type":"Feature","geometry":{"type":"Polygon","coordinates":[[[35.109887,32.108286],[35.108802,32.108033],[35.107662,32.107132],[35.108785,32.106099],[35.108809,32.105709],[35.108634,32.105158],[35.108651,32.104843],[35.108299,32.104291],[35.10706,32.10369],[35.106426,32.103474],[35.103481,32.103687],[35.102917,32.103951],[35.102945,32.104334],[35.103367,32.104671],[35.103198,32.105162],[35.102943,32.105594],[35.102954,32.106444],[35.103111,32.106733],[35.10304,32.107297],[35.102772,32.107524],[35.103124,32.107921],[35.105195,32.108198],[35.106351,32.108115],[35.10683,32.108187],[35.106914,32.108787],[35.106209,32.108966],[35.105532,32.109458],[35.105277,32.110681],[35.105177,32.111856],[35.105384,32.112565],[35.105585,32.112636],[35.105528,32.11284],[35.105641,32.112984],[35.105584,32.113235],[35.105795,32.113356],[35.106021,32.1132],[35.106049,32.113008],[35.105838,32.1129],[35.105754,32.11266],[35.105994,32.112372],[35.106501,32.112229],[35.106924,32.111821],[35.107207,32.110886],[35.108167,32.109496],[35.108942,32.109292],[35.109337,32.109041],[35.110098,32.109089],[35.110309,32.108802],[35.110338,32.108442],[35.109887,32.108286]]]},"properties":{"entity_id":"barkan","entity_type":"settlement","name":"Barkan","names":{"primary":"Barkan"},"stage_history":[{"stage":6,"stage_label":"Construction started","valid_from":"2021-06-03","evidence_ref":["aa0039e910"]}],"extent_type":"built_up","area_m2":358724.7,"source_crs":"EPSG:32636","in_east_jerusalem":false,"evidence_ref":["aa0039e910"]}},{"type":"Feature","geometry":{"type":"MultiPolygon","coordinates":[[[[35.369488,32.214109],[35.370846,32.21493],[35.371512,32.21396],[35.371532,32.213136],[35.370756,32.213046],[35.369617,32.213633],[35.369488,32.214109]]],[[[35.331737,32.226066],[35.332082,32.226257],[35.333464,32.225484],[35.334153,32.225378],[35.334649,32.225573],[35.335266,32.225514],[35.335409,32.225136],[35.334276,32.224356],[35.333339,32.224342],[35.332437,32.224733],[35.331731,32.22547],[35.331737,32.226066]]],[[[35.342124,32.233549],[35.343239,32.232862],[35.342035,32.23168],[35.340729,32.231273],[35.339922,32.231361],[35.338807,32.232487],[35.339185,32.232749],[35.340835,32.233273],[35.34131,32.233062],[35.342124,32.233549]]],[[[35.331532,32.232875],[35.330815,32.232526],[35.33073,32.232025],[35.33113,32.23163],[35.331762,32.231271],[35.331487,32.230555],[35.330369,32.229785],[35.328429,32.229698],[35.327734,32.230236],[35.327292,32.230864],[35.327125,32.231616],[35.327337,32.232351],[35.328096,32.232762],[35.328813,32.23303],[35.329804,32.233137],[35.329489,32.234293],[35.329195,32.234974],[35.33004,32.236209],[35.329535,32.236622],[35.329388,32.237159],[35.329705,32.237768],[35.329432,32.238539],[35.330151,32.240384],[35.32952,32.240922],[35.32971,32.24119],[35.330258,32.241208],[35.330974,32.240867],[35.331332,32.240436],[35.331541,32.23911],[35.331899,32.238805],[35.332765,32.23979],[35.333734,32.239413],[35.33504,32.238695],[35.336026,32.239169],[35.336944,32.23778],[35.336029,32.237529],[35.335691,32.237207],[35.334827,32.23701],[35.334868,32.236616],[35.334298,32.236151],[35.333243,32.235597],[35.332947,32.23488],[35.331954,32.233125],[35.331532,32.232875]]]]},"properties":{"entity_id":"elon-more","entity_type":"settlement","name":"Elon More","names":{"primary":"Elon More","hebrew":"אלון מורה"},"stage_history":[{"stage":6,"stage_label":"Construction started","valid_from":"2021-06-03","evidence_ref":["aa0039e910"]}],"extent_type":"built_up","area_m2":583747.9,"source_crs":"EPSG:32636","in_east_jerusalem":false,"evidence_ref":["aa0039e910"]}},{"type":"Feature","geometry":{"type":"MultiPolygon","coordinates":[[[[35.134092,31.656669],[35.133597,31.656281],[35.133597,31.65614],[35.133341,31.656104],[35.132664,31.656238],[35.132706,31.655433],[35.132954,31.655101],[35.133383,31.654762],[35.133367,31.654091],[35.133277,31.653801],[35.13298,31.653448],[35.132847,31.653476],[35.132351,31.654091],[35.131806,31.654104],[35.131856,31.654302],[35.132095,31.654408],[35.132252,31.655009],[35.132582,31.655073],[35.132556,31.65628],[35.1323,31.656343],[35.132325,31.656506],[35.132721,31.656696],[35.133109,31.656598],[35.133489,31.656732],[35.133621,31.656859],[35.133869,31.656838],[35.134092,31.656669]]],[[[35.12024,31.658823],[35.120866,31.658495],[35.121228,31.658646],[35.121891,31.658697],[35.121557,31.658224],[35.121579,31.657811],[35.122369,31.658121],[35.122818,31.658506],[35.123334,31.65829],[35.123798,31.658285],[35.123978,31.658729],[35.125101,31.65831],[35.124849,31.659262],[35.125484,31.659247],[35.126118,31.659456],[35.12649,31.659402],[35.126998,31.659026],[35.127207,31.658518],[35.127481,31.658434],[35.127822,31.657693],[35.127646,31.657477],[35.127657,31.65727],[35.128031,31.656998],[35.128251,31.65607],[35.128448,31.655948],[35.128559,31.655255],[35.128241,31.655105],[35.128318,31.654514],[35.128274,31.654054],[35.128033,31.653641],[35.128538,31.653144],[35.128341,31.652909],[35.129011,31.652215],[35.128726,31.652046],[35.128848,31.650021],[35.128321,31.650096],[35.12729,31.650414],[35.126335,31.651108],[35.125698,31.65168],[35.125567,31.652102],[35.125412,31.653193],[35.125016,31.654253],[35.124775,31.654553],[35.124215,31.654843],[35.123699,31.655397],[35.12258,31.655462],[35.122217,31.65579],[35.122184,31.656135],[35.121602,31.657599],[35.121437,31.657683],[35.121031,31.657673],[35.121031,31.657463],[35.120691,31.657463],[35.120505,31.65735],[35.120274,31.657435],[35.119638,31.65735],[35.119073,31.656563],[35.119678,31.656676],[35.119806,31.656146],[35.119608,31.656084],[35.119058,31.656486],[35.119003,31.655895],[35.118926,31.65581],[35.117862,31.656072],[35.118015,31.656513],[35.11796,31.656729],[35.118015,31.657105],[35.118431,31.657396],[35.11876,31.657781],[35.118716,31.657884],[35.117871,31.657883],[35.117586,31.658362],[35.117575,31.658587],[35.117805,31.658653],[35.118189,31.658409],[35.118321,31.658315],[35.118299,31.658099],[35.118485,31.658053],[35.11865,31.658128],[35.118145,31.658766],[35.118112,31.658972],[35.118298,31.659188],[35.118901,31.659273],[35.119263,31.659517],[35.119548,31.659574],[35.120108,31.659142],[35.120262,31.658964],[35.12024,31.658823]]],[[[35.102324,31.678105],[35.10142,31.678041],[35.100716,31.678104],[35.100397,31.678167],[35.100359,31.678332],[35.100849,31.678396],[35.100811,31.678681],[35.100945,31.678713],[35.101108,31.678618],[35.101382,31.678662],[35.101671,31.679043],[35.101848,31.679436],[35.101922,31.679696],[35.101685,31.679785],[35.101663,31.679899],[35.101752,31.679899],[35.101996,31.679715],[35.102449,31.679659],[35.102656,31.679557],[35.102864,31.679329],[35.102872,31.679044],[35.102613,31.678911],[35.102005,31.678904],[35.101923,31.678999],[35.101738,31.678999],[35.101493,31.6787],[35.101938,31.678549],[35.102324,31.678105]]]]},"properties":{"entity_id":"alon-shvut","entity_type":"settlement","name":"Alon Shvut","names":{"primary":"Alon Shvut","hebrew":"אלון שבות"},"stage_history":[{"stage":6,"stage_label":"Construction started","valid_from":"2021-06-03","evidence_ref":["aa0039e910"]}],"extent_type":"built_up","area_m2":498836.9,"source_crs":"EPSG:32636","in_east_jerusalem":false,"evidence_ref":["aa0039e910"]}},{"type":"Feature","geometry":{"type":"Polygon","coordinates":[[[35.243025,32.054965],[35.243216,32.054597],[35.242936,32.053992],[35.242225,32.053721],[35.241768,32.053786],[35.241361,32.054046],[35.241082,32.05396],[35.240832,32.053569],[35.240752,32.053192],[35.240129,32.052522],[35.239697,32.052522],[35.238948,32.052749],[35.237781,32.053712],[35.237743,32.054025],[35.237857,32.054263],[35.237578,32.054404],[35.237336,32.054739],[35.237553,32.055356],[35.238505,32.056047],[35.238772,32.056155],[35.24008,32.056296],[35.240715,32.056728],[35.240948,32.056765],[35.241372,32.057123],[35.242022,32.057168],[35.24267,32.056133],[35.242733,32.055322],[35.243025,32.054965]]]},"properties":{"entity_id":"ma-ale-levona","entity_type":"settlement","name":"Ma'ale Levona","names":{"primary":"Ma'ale Levona","hebrew":"מעלה לבונה"},"stage_history":[{"stage":6,"stage_label":"Construction started","valid_from":"2021-06-03","evidence_ref":["aa0039e910"]}],"extent_type":"built_up","area_m2":172519.1,"source_crs":"EPSG:32636","in_east_jerusalem":false,"evidence_ref":["aa0039e910"]}},{"type":"Feature","geometry":{"type":"Polygon","coordinates":[[[35.066605,32.072173],[35.066849,32.070809],[35.066684,32.070733],[35.066837,32.070268],[35.066977,32.070105],[35.067231,32.070171],[35.067766,32.070139],[35.067868,32.069749],[35.071161,32.069828],[35.071898,32.069916],[35.072471,32.069786],[35.073284,32.069971],[35.074072,32.070459],[35.073392,32.072044],[35.074529,32.072041],[35.07526,32.071759],[35.075266,32.071218],[35.074987,32.070818],[35.074441,32.07033],[35.072484,32.069472],[35.0712,32.069471],[35.070272,32.069275],[35.068569,32.068375],[35.067666,32.068471],[35.06703,32.069044],[35.06657,32.07043],[35.06596,32.070397],[35.065299,32.070244],[35.063786,32.070178],[35.063518,32.070632],[35.061979,32.070912],[35.061636,32.07089],[35.06077,32.070562],[35.060753,32.070456],[35.060519,32.070436],[35.059805,32.070588],[35.059577,32.070799],[35.05964,32.070998],[35.059536,32.071106],[35.05933,32.071138],[35.059261,32.071037],[35.059065,32.07103],[35.058935,32.071106],[35.059157,32.071266],[35.059384,32.072235],[35.059602,32.072695],[35.059744,32.072759],[35.060021,32.072639],[35.059981,32.072457],[35.060744,32.07208],[35.06096,32.072123],[35.061964,32.072016],[35.062689,32.072125],[35.062739,32.072504],[35.062942,32.07271],[35.062917,32.072916],[35.062471,32.073143],[35.062522,32.073305],[35.062827,32.073414],[35.063195,32.073837],[35.06308,32.074118],[35.06336,32.074313],[35.063792,32.074346],[35.064275,32.074639],[35.064606,32.074466],[35.064759,32.074131],[35.064759,32.073719],[35.066147,32.07267],[35.066605,32.072173]]]},"properties":{"entity_id":"alei-zahav","entity_type":"settlement","name":"Alei Zahav","names":{"primary":"Alei Zahav","hebrew":"עלי זהב"},"stage_history":[{"stage":6,"stage_label":"Construction started","valid_from":"2021-06-03","evidence_ref":["aa0039e910"]}],"extent_type":"built_up","area_m2":268668.7,"source_crs":"EPSG:32636","in_east_jerusalem":false,"evidence_ref":["aa0039e910"]}},{"type":"Feature","geometry":{"type":"Polygon","coordinates":[[[35.045367,32.04531],[35.045447,32.044995],[35.045775,32.045163],[35.046597,32.045083],[35.047488,32.044501],[35.048899,32.044036],[35.049351,32.043803],[35.049681,32.043104],[35.049833,32.042183],[35.049299,32.042275],[35.049245,32.041809],[35.048876,32.041412],[35.049178,32.040642],[35.049726,32.04034],[35.050151,32.039909],[35.05059,32.039758],[35.050905,32.039537],[35.052084,32.038562],[35.052332,32.038002],[35.05176,32.036241],[35.052921,32.037338],[35.053126,32.037968],[35.052947,32.038563],[35.05333,32.03882],[35.053631,32.038704],[35.05418,32.038145],[35.053976,32.037433],[35.05332,32.036616],[35.052212,32.035635],[35.051981,32.034992],[35.051982,32.034444],[35.052476,32.033395],[35.053284,32.033174],[35.054038,32.032639],[35.05475,32.032581],[35.055366,32.032745],[35.055968,32.032781],[35.056366,32.03263],[35.05768,32.032666],[35.059829,32.033042],[35.060582,32.032926],[35.06139,32.032542],[35.061747,32.031959],[35.061885,32.03119],[35.061708,32.030618],[35.061106,32.030384],[35.059778,32.030185],[35.057896,32.030201],[35.05717,32.030445],[35.056471,32.030957],[35.055991,32.031622],[35.054991,32.03155],[35.054185,32.030733],[35.053302,32.030674],[35.052302,32.030917],[35.051548,32.031675],[35.051533,32.032386],[35.051259,32.032444],[35.050849,32.032304],[35.050205,32.032221],[35.049849,32.032454],[35.048483,32.034316],[35.046112,32.03731],[35.045982,32.037612],[35.045988,32.037823],[35.045813,32.037856],[35.045767,32.038384],[35.046201,32.038471],[35.046099,32.040159],[35.045537,32.040183],[35.045533,32.040326],[35.045397,32.04047],[35.045351,32.04117],[35.045479,32.042346],[35.045504,32.043756],[35.04604,32.043754],[35.045859,32.043963],[35.045577,32.044039],[35.044693,32.044057],[35.044258,32.044141],[35.043852,32.044757],[35.043863,32.045112],[35.044252,32.045112],[35.044251,32.045309],[35.045367,32.04531]]]},"properties":{"entity_id":"beit-arie","entity_type":"settlement","name":"Beit Arie","names":{"primary":"Beit Arie"},"stage_history":[{"stage":6,"stage_label":"Construction started","valid_from":"2021-06-03","evidence_ref":["aa0039e910"]}],"extent_type":"built_up","area_m2":828229.5,"source_crs":"EPSG:32636","in_east_jerusalem":false,"evidence_ref":["aa0039e910"]}},{"type":"Feature","geometry":{"type":"Polygon","coordinates":[[[35.177988,32.003705],[35.178223,32.003321],[35.178111,32.003199],[35.176781,32.003757],[35.176238,32.003766],[35.176617,32.003391],[35.176709,32.00285],[35.177016,32.001943],[35.176883,32.001713],[35.176938,32.001498],[35.177275,32.001211],[35.177334,32.000929],[35.17761,32.000915],[35.177958,32.000139],[35.178634,31.999363],[35.179493,31.998726],[35.180445,31.998971],[35.180916,31.998971],[35.180967,31.998535],[35.180343,31.99836],[35.179964,31.997985],[35.179924,31.997663],[35.179739,31.997384],[35.179095,31.997331],[35.178532,31.997418],[35.177601,31.997985],[35.176669,31.998953],[35.175953,31.999877],[35.175482,32.000199],[35.175564,32.000531],[35.175114,32.000731],[35.174786,32.001647],[35.174847,32.002248],[35.174611,32.003443],[35.174462,32.00378],[35.174161,32.003751],[35.173962,32.004271],[35.173948,32.004598],[35.174297,32.004973],[35.174743,32.004984],[35.175114,32.004833],[35.175752,32.00419],[35.176146,32.003914],[35.176719,32.00387],[35.177947,32.003365],[35.177446,32.004176],[35.176698,32.004952],[35.176586,32.005161],[35.17679,32.005248],[35.177988,32.003705]]]},"properties":{"entity_id":"ateret","entity_type":"settlement","name":"Ateret","names":{"primary":"Ateret","hebrew":"עטרת"},"stage_history":[{"stage":6,"stage_label":"Construction started","valid_from":"2021-06-03","evidence_ref":["aa0039e910"]}],"extent_type":"built_up","area_m2":182431.1,"source_crs":"EPSG:32636","in_east_jerusalem":false,"evidence_ref":["aa0039e910"]}},{"type":"Feature","geometry":{"type":"Polygon","coordinates":[[[35.141937,31.974772],[35.142168,31.973518],[35.141861,31.973293],[35.141312,31.973162],[35.13983,31.973339],[35.139347,31.973273],[35.139347,31.972815],[35.138602,31.972899],[35.138524,31.973357],[35.137035,31.974373],[35.13668,31.974379],[35.136712,31.974616],[35.137468,31.974994],[35.137292,31.975471],[35.137852,31.975584],[35.139269,31.975322],[35.140015,31.97492],[35.141212,31.975211],[35.141714,31.975222],[35.141937,31.974772]]]},"properties":{"entity_id":"nahliel","entity_type":"settlement","name":"Nahliel","names":{"primary":"Nahliel","hebrew":"נחליאל"},"stage_history":[{"stage":6,"stage_label":"Construction started","valid_from":"2021-06-03","evidence_ref":["aa0039e910"]}],"extent_type":"built_up","area_m2":97742.5,"source_crs":"EPSG:32636","in_east_jerusalem":false,"evidence_ref":["aa0039e910"]}},{"type":"Feature","geometry":{"type":"Polygon","coordinates":[[[35.071045,31.96398],[35.070379,31.963478],[35.069594,31.96341],[35.068357,31.96376],[35.067818,31.963734],[35.068015,31.963316],[35.067868,31.963065],[35.067358,31.962855],[35.066995,31.962964],[35.063922,31.961925],[35.064162,31.961653],[35.063654,31.961367],[35.06351,31.961613],[35.063247,31.961372],[35.062342,31.960992],[35.061376,31.960712],[35.060638,31.960181],[35.05968,31.959],[35.059214,31.958843],[35.05865,31.958864],[35.058267,31.959164],[35.058088,31.959114],[35.057891,31.959407],[35.057909,31.960251],[35.057691,31.961849],[35.057808,31.962234],[35.058171,31.962335],[35.06003,31.962337],[35.062198,31.9629],[35.062806,31.962775],[35.063641,31.961998],[35.065387,31.96251],[35.064994,31.962635],[35.064885,31.963045],[35.065033,31.963137],[35.065964,31.963356],[35.066209,31.963331],[35.066377,31.962946],[35.067534,31.963366],[35.067583,31.963659],[35.067141,31.963742],[35.066935,31.9639],[35.066875,31.964118],[35.06609,31.964552],[35.066247,31.96477],[35.066109,31.965179],[35.066058,31.966454],[35.063252,31.966666],[35.063319,31.967087],[35.066519,31.966627],[35.066745,31.966133],[35.069551,31.965869],[35.069974,31.96566],[35.070917,31.964867],[35.071133,31.964407],[35.071045,31.96398]]]},"properties":{"entity_id":"na-ale","entity_type":"settlement","name":"Na'ale","names":{"primary":"Na'ale","hebrew":"נעלה"},"stage_history":[{"stage":6,"stage_label":"Construction started","valid_from":"2021-06-03","evidence_ref":["aa0039e910"]}],"extent_type":"built_up","area_m2":287867.5,"source_crs":"EPSG:32636","in_east_jerusalem":false,"evidence_ref":["aa0039e910"]}},{"type":"Feature","geometry":{"type":"Polygon","coordinates":[[[35.049413,31.967458],[35.049505,31.967311],[35.049448,31.967046],[35.04976,31.96685],[35.051101,31.967077],[35.052403,31.966823],[35.05283,31.966392],[35.052889,31.966048],[35.052716,31.965763],[35.05229,31.965566],[35.051818,31.965595],[35.051369,31.96533],[35.05046,31.964602],[35.050138,31.9647],[35.049769,31.964424],[35.049367,31.963776],[35.048015,31.963119],[35.047825,31.962845],[35.048052,31.9626],[35.047408,31.961573],[35.047066,31.961747],[35.046234,31.960544],[35.047042,31.959671],[35.046363,31.959248],[35.046259,31.9591],[35.046341,31.958766],[35.045719,31.958377],[35.044521,31.958473],[35.043932,31.959337],[35.043931,31.959936],[35.044195,31.960653],[35.045332,31.962363],[35.046103,31.962824],[35.04669,31.963384],[35.046885,31.963905],[35.049206,31.967153],[35.049137,31.967301],[35.048814,31.9673],[35.048481,31.96674],[35.047998,31.966307],[35.047272,31.966346],[35.046547,31.965874],[35.046271,31.965922],[35.045959,31.966138],[35.047087,31.967062],[35.047316,31.967397],[35.047478,31.967446],[35.048411,31.967329],[35.049033,31.967399],[35.049206,31.967507],[35.049413,31.967458]]]},"properties":{"entity_id":"nili","entity_type":"settlement","name":"Nili","names":{"primary":"Nili","hebrew":"נילי"},"stage_history":[{"stage":6,"stage_label":"Construction started","valid_from":"2021-06-03","evidence_ref":["aa0039e910"]}],"extent_type":"built_up","area_m2":265737.2,"source_crs":"EPSG:32636","in_east_jerusalem":false,"evidence_ref":["aa0039e910"]}},{"type":"Feature","geometry":{"type":"Polygon","coordinates":[[[35.021455,31.933769],[35.021454,31.934281],[35.02184,31.934537],[35.022418,31.934666],[35.022848,31.934447],[35.023985,31.934394],[35.024628,31.934596],[35.025163,31.935036],[35.028316,31.935077],[35.028552,31.934675],[35.028255,31.93323],[35.027376,31.932753],[35.026006,31.931708],[35.025499,31.930968],[35.024656,31.931012],[35.024743,31.930518],[35.0244,31.930243],[35.024616,31.929347],[35.024209,31.9292],[35.024726,31.928049],[35.024835,31.927153],[35.024021,31.92653],[35.020226,31.926488],[35.017866,31.92674],[35.015272,31.927265],[35.014836,31.927398],[35.014974,31.927724],[35.015325,31.927706],[35.015408,31.927979],[35.013767,31.928417],[35.013788,31.928746],[35.014113,31.929566],[35.013069,31.929904],[35.012716,31.929474],[35.012468,31.929496],[35.01298,31.930047],[35.012846,31.930802],[35.01304,31.931134],[35.013455,31.931308],[35.014277,31.930868],[35.015518,31.931924],[35.017513,31.931769],[35.01878,31.931021],[35.02116,31.931409],[35.021308,31.932305],[35.020857,31.932671],[35.021455,31.933769]]]},"properties":{"entity_id":"hashmonaim","entity_type":"settlement","name":"Hashmonaim","names":{"primary":"Hashmonaim","hebrew":"חשמונאים"},"stage_history":[{"stage":6,"stage_label":"Construction started","valid_from":"2021-06-03","evidence_ref":["aa0039e910"]}],"extent_type":"built_up","area_m2":753017.3,"source_crs":"EPSG:32636","in_east_jerusalem":false,"evidence_ref":["aa0039e910"]}},{"type":"Feature","geometry":{"type":"Polygon","coordinates":[[[35.038197,31.927625],[35.03785,31.928323],[35.038101,31.928562],[35.038112,31.929181],[35.037868,31.93072],[35.037652,31.930956],[35.037455,31.933553],[35.035473,31.934065],[35.036282,31.934728],[35.037214,31.935266],[35.036926,31.935409],[35.036411,31.935518],[35.03506,31.935644],[35.035058,31.936577],[35.035916,31.936706],[35.037631,31.936617],[35.037224,31.936854],[35.035979,31.937214],[35.035785,31.937818],[35.03587,31.938293],[35.035011,31.938932],[35.034902,31.939444],[35.035246,31.939518],[35.035846,31.939354],[35.036212,31.938861],[35.036833,31.939063],[35.037026,31.939447],[35.037562,31.939557],[35.03769,31.93985],[35.037137,31.940753],[35.037508,31.941137],[35.038654,31.9404],[35.039212,31.940511],[35.039704,31.941042],[35.040625,31.941427],[35.041848,31.9413],[35.04217,31.941502],[35.043134,31.941723],[35.043392,31.941458],[35.043836,31.941378],[35.043772,31.941149],[35.044921,31.940734],[35.045135,31.940935],[35.045356,31.941753],[35.045489,31.941889],[35.04588,31.942076],[35.046679,31.941944],[35.046878,31.941698],[35.046574,31.941189],[35.046475,31.940796],[35.047177,31.939998],[35.047898,31.938987],[35.047174,31.937256],[35.047059,31.936492],[35.047584,31.936214],[35.04898,31.936266],[35.049709,31.936566],[35.050387,31.935845],[35.05151,31.935122],[35.049582,31.933824],[35.048019,31.932323],[35.046007,31.929943],[35.04603,31.929266],[35.046653,31.928828],[35.047061,31.928188],[35.047533,31.928152],[35.048476,31.928519],[35.048889,31.92886],[35.049099,31.929292],[35.04945,31.929604],[35.049619,31.929905],[35.0499,31.929833],[35.049958,31.929339],[35.050404,31.929582],[35.050834,31.929056],[35.049636,31.927464],[35.048179,31.926767],[35.046613,31.926673],[35.046573,31.925228],[35.046665,31.924964],[35.047226,31.924874],[35.047601,31.924824],[35.047871,31.925021],[35.048163,31.924788],[35.048948,31.924888],[35.049926,31.924793],[35.050425,31.924668],[35.050637,31.924158],[35.050989,31.923829],[35.05103,31.923512],[35.05213,31.923553],[35.052816,31.923663],[35.053284,31.923337],[35.053879,31.923518],[35.05408,31.92334],[35.054105,31.923158],[35.053953,31.922973],[35.053805,31.922571],[35.053848,31.922146],[35.053634,31.921433],[35.05224,31.921578],[35.047736,31.922432],[35.045826,31.922905],[35.045226,31.922904],[35.044346,31.923031],[35.043874,31.923506],[35.04293,31.923944],[35.041814,31.924088],[35.04044,31.925019],[35.039966,31.926244],[35.038197,31.927625]]]},"properties":{"entity_id":"modi-in-illit","entity_type":"settlement","name":"Modi'in Illit","names":{"primary":"Modi'in Illit"},"stage_history":[{"stage":6,"stage_label":"Construction started","valid_from":"2021-06-03","evidence_ref":["aa0039e910"]}],"extent_type":"built_up","area_m2":2083801.4,"source_crs":"EPSG:32636","in_east_jerusalem":false,"evidence_ref":["aa0039e910"]}},{"type":"Feature","geometry":{"type":"Polygon","coordinates":[[[35.039028,31.918313],[35.039683,31.917659],[35.03952,31.917366],[35.039439,31.916654],[35.039047,31.9165],[35.038525,31.916068],[35.037724,31.915801],[35.037331,31.916177],[35.036071,31.916734],[35.033939,31.920371],[35.032956,31.92161],[35.033168,31.922001],[35.033149,31.923228],[35.033541,31.923414],[35.034358,31.923527],[35.034996,31.923598],[35.035699,31.923529],[35.036092,31.923362],[35.03624,31.923069],[35.03768,31.921969],[35.037927,31.921203],[35.038451,31.921008],[35.039759,31.92108],[35.04056,31.921025],[35.041312,31.920845],[35.041787,31.920441],[35.041919,31.920078],[35.041838,31.91973],[35.041593,31.919409],[35.040841,31.919101],[35.040597,31.918836],[35.040024,31.918849],[35.039436,31.918653],[35.039028,31.918313]]]},"properties":{"entity_id":"kfar-haoranim","entity_type":"settlement","name":"Kfar Haoranim","names":{"primary":"Kfar Haoranim"},"stage_history":[{"stage":6,"stage_label":"Construction started","valid_from":"2021-06-03","evidence_ref":["aa0039e910"]}],"extent_type":"built_up","area_m2":376852.8,"source_crs":"EPSG:32636","in_east_jerusalem":false,"evidence_ref":["aa0039e910"]}},{"type":"Feature","geometry":{"type":"Polygon","coordinates":[[[35.224443,31.940542],[35.223928,31.939994],[35.222954,31.939853],[35.223064,31.938912],[35.223615,31.937329],[35.224865,31.936577],[35.226758,31.935949],[35.226392,31.93501],[35.224933,31.935373],[35.224312,31.935383],[35.223059,31.935079],[35.221117,31.934913],[35.221097,31.936029],[35.221409,31.936389],[35.221354,31.936922],[35.221023,31.937267],[35.220582,31.937267],[35.220123,31.937518],[35.219719,31.938019],[35.219535,31.938725],[35.219141,31.938998],[35.218479,31.939837],[35.218485,31.940042],[35.218837,31.940386],[35.219057,31.941279],[35.218763,31.941656],[35.218322,31.941953],[35.218084,31.942667],[35.218249,31.942949],[35.218286,31.94403],[35.21869,31.94414],[35.219223,31.944014],[35.219756,31.944155],[35.220069,31.944531],[35.219959,31.944829],[35.219959,31.945394],[35.220124,31.946099],[35.22051,31.94671],[35.221191,31.946914],[35.222624,31.94707],[35.223672,31.947493],[35.223746,31.947775],[35.22415,31.947807],[35.224536,31.947619],[35.224683,31.947195],[35.224683,31.946506],[35.224462,31.945863],[35.224187,31.945565],[35.224278,31.94486],[35.22551,31.945158],[35.225676,31.945706],[35.226154,31.946176],[35.226485,31.946709],[35.226622,31.946664],[35.226332,31.946003],[35.226373,31.945245],[35.226735,31.945192],[35.226622,31.945783],[35.226994,31.946276],[35.227583,31.946629],[35.228906,31.945439],[35.228834,31.944954],[35.228968,31.944584],[35.229774,31.94528],[35.230157,31.946205],[35.230064,31.946426],[35.229682,31.946514],[35.22932,31.946743],[35.2291,31.94704],[35.229145,31.947776],[35.229362,31.948182],[35.229713,31.94834],[35.229894,31.948067],[35.229894,31.947265],[35.230028,31.947503],[35.230655,31.947239],[35.230644,31.946814],[35.232637,31.946344],[35.233548,31.946525],[35.233432,31.946733],[35.233909,31.946868],[35.234089,31.946524],[35.233008,31.94619],[35.230591,31.946607],[35.229817,31.945025],[35.230696,31.944898],[35.23059,31.944202],[35.22917,31.944501],[35.228932,31.944353],[35.22876,31.944429],[35.228487,31.944767],[35.228218,31.944335],[35.228001,31.944318],[35.22797,31.944529],[35.227681,31.944318],[35.227722,31.943507],[35.228073,31.943436],[35.228259,31.943313],[35.227929,31.943128],[35.227712,31.943198],[35.227184,31.942784],[35.22766,31.942026],[35.22797,31.941841],[35.228218,31.942105],[35.228704,31.942061],[35.228642,31.941682],[35.230347,31.941523],[35.230336,31.940915],[35.230712,31.940841],[35.230591,31.940599],[35.230141,31.940745],[35.230076,31.941058],[35.228969,31.941257],[35.22856,31.941606],[35.227642,31.941786],[35.22727,31.942198],[35.226848,31.942378],[35.226551,31.942611],[35.22624,31.94277],[35.225831,31.94277],[35.225633,31.942854],[35.224417,31.94223],[35.224194,31.94203],[35.224069,31.941659],[35.224069,31.941374],[35.224553,31.941257],[35.224603,31.941046],[35.224443,31.940542]]]},"properties":{"entity_id":"beit-el","entity_type":"settlement","name":"Beit El","names":{"primary":"Beit El","hebrew":"בית אל"},"stage_history":[{"stage":6,"stage_label":"Construction started","valid_from":"2021-06-03","evidence_ref":["aa0039e910"]}],"extent_type":"built_up","area_m2":779430.9,"source_crs":"EPSG:32636","in_east_jerusalem":false,"evidence_ref":["aa0039e910"]}},{"type":"Feature","geometry":{"type":"Polygon","coordinates":[[[35.339796,31.932719],[35.338713,31.933949],[35.338877,31.93424],[35.33861,31.934634],[35.338596,31.934989],[35.33876,31.935419],[35.33818,31.935788],[35.338464,31.936383],[35.337677,31.936853],[35.337692,31.937259],[35.338098,31.938116],[35.338212,31.936992],[35.338821,31.936636],[35.339014,31.936649],[35.339015,31.937093],[35.339179,31.937409],[35.34004,31.936738],[35.341511,31.935798],[35.342268,31.935594],[35.342476,31.935113],[35.342326,31.93472],[35.341881,31.93486],[35.341727,31.934509],[35.341922,31.934193],[35.341121,31.93391],[35.341046,31.933656],[35.341597,31.933808],[35.341835,31.93396],[35.34228,31.933693],[35.343169,31.931752],[35.344135,31.931257],[35.344551,31.930901],[35.344728,31.930445],[35.343851,31.930167],[35.343182,31.930294],[35.342098,31.930841],[35.341222,31.931678],[35.34091,31.931704],[35.340687,31.931869],[35.340198,31.932681],[35.339796,31.932719]]]},"properties":{"entity_id":"rimonim","entity_type":"settlement","name":"Rimonim","names":{"primary":"Rimonim","hebrew":"רימונים"},"stage_history":[{"stage":6,"stage_label":"Construction started","valid_from":"2021-06-03","evidence_ref":["aa0039e910"]}],"extent_type":"built_up","area_m2":199220.4,"source_crs":"EPSG:32636","in_east_jerusalem":false,"evidence_ref":["aa0039e910"]}},{"type":"Feature","geometry":{"type":"Polygon","coordinates":[[[35.128562,31.87744],[35.128881,31.876992],[35.12877,31.876761],[35.129072,31.87649],[35.130012,31.876015],[35.131262,31.875717],[35.132153,31.87569],[35.132742,31.875501],[35.133315,31.875202],[35.13333,31.874807],[35.132823,31.873416],[35.131676,31.874407],[35.131263,31.87442],[35.131087,31.87461],[35.131071,31.874949],[35.128842,31.876415],[35.127512,31.876659],[35.126843,31.877724],[35.124248,31.878769],[35.123006,31.879189],[35.121843,31.880058],[35.121333,31.880655],[35.122256,31.880778],[35.122654,31.881158],[35.123609,31.881132],[35.124294,31.880928],[35.125048,31.880261],[35.126225,31.879478],[35.126648,31.879006],[35.127208,31.878567],[35.127781,31.878404],[35.128562,31.87744]]]},"properties":{"entity_id":"beit-horon","entity_type":"settlement","name":"Beit Horon","names":{"primary":"Beit Horon","hebrew":"בית חורון"},"stage_history":[{"stage":6,"stage_label":"Construction started","valid_from":"2021-06-03","evidence_ref":["aa0039e910"]}],"extent_type":"built_up","area_m2":165699.0,"source_crs":"EPSG:32636","in_east_jerusalem":false,"evidence_ref":["aa0039e910"]}},{"type":"Feature","geometry":{"type":"Polygon","coordinates":[[[35.159114,31.850337],[35.15908,31.849932],[35.159158,31.849286],[35.159491,31.849297],[35.159979,31.849472],[35.160248,31.849702],[35.160942,31.849966],[35.160903,31.849385],[35.160609,31.848344],[35.160223,31.84819],[35.160262,31.847379],[35.16084,31.8475],[35.161136,31.846777],[35.161829,31.846525],[35.161803,31.846306],[35.161123,31.845736],[35.160867,31.845627],[35.160494,31.845791],[35.160302,31.846032],[35.159294,31.846525],[35.158434,31.846458],[35.157951,31.846814],[35.157091,31.846991],[35.156295,31.847514],[35.155682,31.847436],[35.155591,31.847569],[35.155591,31.847803],[35.15503,31.847803],[35.155095,31.848126],[35.15503,31.848259],[35.154821,31.848226],[35.154795,31.848048],[35.1546,31.84787],[35.154274,31.848036],[35.154665,31.848838],[35.15516,31.849172],[35.156829,31.849184],[35.157963,31.849384],[35.158093,31.849596],[35.15795,31.849674],[35.157246,31.849974],[35.156424,31.850163],[35.15632,31.850274],[35.156632,31.850764],[35.156515,31.851009],[35.156645,31.851087],[35.156984,31.850942],[35.15718,31.850742],[35.157428,31.850286],[35.157454,31.850063],[35.158224,31.849696],[35.158211,31.849885],[35.158328,31.850186],[35.158745,31.850386],[35.159114,31.850337]]]},"properties":{"entity_id":"givo-n-hachadasha","entity_type":"settlement","name":"Givo'n Hachadasha","names":{"primary":"Givo'n Hachadasha"},"stage_history":[{"stage":6,"stage_label":"Construction started","valid_from":"2021-06-03","evidence_ref":["aa0039e910"]}],"extent_type":"built_up","area_m2":182186.3,"source_crs":"EPSG:32636","in_east_jerusalem":false,"evidence_ref":["aa0039e910"]}},{"type":"Feature","geometry":{"type":"Polygon","coordinates":[[[35.128802,31.831592],[35.128723,31.831289],[35.128989,31.831377],[35.129285,31.83115],[35.129345,31.830872],[35.129759,31.830784],[35.130366,31.830746],[35.130573,31.830949],[35.13075,31.831555],[35.131667,31.831973],[35.132703,31.831935],[35.133221,31.83162],[35.133473,31.831152],[35.132911,31.830937],[35.131993,31.831189],[35.131047,31.830759],[35.131135,31.83052],[35.132364,31.830432],[35.132897,31.830179],[35.13303,31.830281],[35.133592,31.830117],[35.133933,31.829435],[35.133919,31.828374],[35.133381,31.828015],[35.1334,31.82791],[35.13233,31.826891],[35.131668,31.826617],[35.131539,31.826402],[35.131864,31.82547],[35.131865,31.825078],[35.132116,31.825129],[35.132398,31.824421],[35.132605,31.824371],[35.132842,31.82403],[35.13299,31.82403],[35.13324,31.825407],[35.132959,31.825559],[35.133003,31.826077],[35.133314,31.826115],[35.133447,31.826292],[35.134009,31.826481],[35.134616,31.826507],[35.134971,31.82676],[35.135281,31.827581],[35.135961,31.827556],[35.135917,31.826672],[35.135637,31.825977],[35.135282,31.825633],[35.134572,31.825544],[35.134513,31.825266],[35.134336,31.82514],[35.134736,31.823763],[35.134115,31.823334],[35.134101,31.822677],[35.134486,31.821742],[35.134279,31.821653],[35.133362,31.821817],[35.133347,31.821552],[35.132459,31.821741],[35.131187,31.821765],[35.131142,31.822119],[35.129766,31.821866],[35.129308,31.822156],[35.129322,31.821979],[35.129619,31.821461],[35.129826,31.820868],[35.129664,31.820527],[35.128836,31.820425],[35.128228,31.821107],[35.127592,31.821637],[35.124927,31.823583],[35.124986,31.824202],[35.125665,31.82515],[35.125887,31.825605],[35.12568,31.825807],[35.125073,31.826133],[35.124865,31.826486],[35.124796,31.827381],[35.12424,31.827497],[35.124202,31.828097],[35.125193,31.828093],[35.125689,31.82853],[35.124516,31.829883],[35.124624,31.831324],[35.124879,31.831789],[35.125537,31.83226],[35.126215,31.832468],[35.127435,31.83241],[35.128094,31.832113],[35.128802,31.831592]]]},"properties":{"entity_id":"har-adar","entity_type":"settlement","name":"Har Adar","names":{"primary":"Har Adar","hebrew":"הר אדר"},"stage_history":[{"stage":6,"stage_label":"Construction started","valid_from":"2021-06-03","evidence_ref":["aa0039e910"]}],"extent_type":"built_up","area_m2":907708.9,"source_crs":"EPSG:32636","in_east_jerusalem":false,"evidence_ref":["aa0039e910"]}},{"type":"Feature","geometry":{"type":"Polygon","coordinates":[[[35.166066,31.725757],[35.166069,31.725705],[35.166842,31.725989],[35.16731,31.725045],[35.168407,31.724619],[35.169404,31.724415],[35.169763,31.72416],[35.171198,31.723973],[35.171717,31.723581],[35.171877,31.722967],[35.171777,31.722728],[35.172355,31.722422],[35.172734,31.721911],[35.172734,31.72157],[35.173133,31.721331],[35.173472,31.720837],[35.174988,31.720701],[35.175646,31.720224],[35.175865,31.719542],[35.175866,31.718844],[35.175427,31.71881],[35.174769,31.719252],[35.172675,31.72036],[35.172117,31.720769],[35.171877,31.720786],[35.171558,31.720666],[35.17102,31.720854],[35.170282,31.721467],[35.170162,31.721791],[35.170242,31.722336],[35.169943,31.722524],[35.169464,31.723955],[35.168646,31.724003],[35.168563,31.723417],[35.168731,31.722717],[35.168541,31.722515],[35.168288,31.722496],[35.167126,31.72275],[35.165218,31.72261],[35.164617,31.722941],[35.163399,31.723962],[35.163174,31.724687],[35.163156,31.724992],[35.163417,31.72563],[35.164214,31.726248],[35.164895,31.726373],[35.165981,31.726276],[35.16611,31.726053],[35.166066,31.725757]]]},"properties":{"entity_id":"har-gilo","entity_type":"settlement","name":"Har Gilo","names":{"primary":"Har Gilo","hebrew":"הר גילה"},"stage_history":[{"stage":6,"stage_label":"Construction started","valid_from":"2021-06-03","evidence_ref":["aa0039e910"]}],"extent_type":"built_up","area_m2":284895.0,"source_crs":"EPSG:32636","in_east_jerusalem":false,"evidence_ref":["aa0039e910"]}},{"type":"Feature","geometry":{"type":"Polygon","coordinates":[[[35.145247,31.680863],[35.145138,31.680297],[35.144673,31.679272],[35.144808,31.679031],[35.145457,31.679021],[35.145787,31.678079],[35.146561,31.677771],[35.146852,31.677388],[35.147207,31.677127],[35.147391,31.676782],[35.147318,31.676531],[35.146731,31.676374],[35.145654,31.676614],[35.145458,31.676404],[35.145213,31.676498],[35.145018,31.676394],[35.144969,31.675923],[35.144761,31.675672],[35.144003,31.675912],[35.143758,31.675776],[35.143501,31.675305],[35.143159,31.675378],[35.142743,31.67497],[35.142437,31.674896],[35.141458,31.675231],[35.140968,31.675952],[35.140907,31.676193],[35.140687,31.675973],[35.140381,31.675324],[35.140064,31.674958],[35.139856,31.675021],[35.139745,31.675146],[35.139867,31.675732],[35.140136,31.675816],[35.140332,31.675586],[35.14054,31.676151],[35.140785,31.676434],[35.140752,31.676669],[35.140844,31.676841],[35.141491,31.67744],[35.141751,31.678182],[35.141644,31.679095],[35.141716,31.679368],[35.141333,31.67948],[35.141235,31.679636],[35.14181,31.680013],[35.141504,31.680243],[35.1407,31.680002],[35.140502,31.680091],[35.140425,31.680456],[35.140222,31.680407],[35.139999,31.680598],[35.140145,31.68076],[35.140881,31.68092],[35.140426,31.681551],[35.140671,31.681499],[35.141161,31.680986],[35.141724,31.680735],[35.142739,31.680401],[35.143388,31.680548],[35.143876,31.682253],[35.144406,31.682624],[35.144732,31.682671],[35.14511,31.682413],[35.144892,31.681061],[35.145162,31.68103],[35.145247,31.680863]]]},"properties":{"entity_id":"neve-daniel","entity_type":"settlement","name":"Neve Daniel","names":{"primary":"Neve Daniel","hebrew":"נווה דניאל"},"stage_history":[{"stage":6,"stage_label":"Construction started","valid_from":"2021-06-03","evidence_ref":["aa0039e910"]}],"extent_type":"built_up","area_m2":280852.6,"source_crs":"EPSG:32636","in_east_jerusalem":false,"evidence_ref":["aa0039e910"]}},{"type":"Feature","geometry":{"type":"Polygon","coordinates":[[[35.121258,31.667777],[35.121374,31.667185],[35.121769,31.667326],[35.122675,31.667144],[35.123218,31.667595],[35.123629,31.668553],[35.123876,31.668723],[35.124238,31.669314],[35.124092,31.669713],[35.124371,31.670026],[35.123777,31.670521],[35.123934,31.670925],[35.124291,31.671011],[35.125736,31.670442],[35.125637,31.670893],[35.125785,31.671471],[35.126066,31.671496],[35.126865,31.669961],[35.12703,31.669299],[35.127231,31.669191],[35.12733,31.669334],[35.127317,31.669509],[35.127927,31.669455],[35.128434,31.669153],[35.128621,31.668632],[35.128743,31.667672],[35.128481,31.66704],[35.127897,31.666414],[35.127692,31.666398],[35.127518,31.666642],[35.12695,31.666411],[35.125896,31.666368],[35.124891,31.666466],[35.124199,31.667241],[35.123441,31.667311],[35.122684,31.66662],[35.122865,31.666],[35.123986,31.665789],[35.123871,31.664606],[35.122587,31.664619],[35.12229,31.664873],[35.122602,31.666042],[35.122149,31.666453],[35.121671,31.666256],[35.121143,31.666762],[35.121225,31.667425],[35.121011,31.667579],[35.120715,31.667298],[35.120501,31.667255],[35.120451,31.667664],[35.119774,31.668405],[35.119774,31.668692],[35.11951,31.669509],[35.119558,31.671411],[35.119673,31.671692],[35.120316,31.671482],[35.120711,31.671144],[35.120928,31.668185],[35.121258,31.667777]]]},"properties":{"entity_id":"rosh-tzurim","entity_type":"settlement","name":"Rosh Tzurim","names":{"primary":"Rosh Tzurim","hebrew":"ראש צורים"},"stage_history":[{"stage":6,"stage_label":"Construction started","valid_from":"2021-06-03","evidence_ref":["aa0039e910"]}],"extent_type":"built_up","area_m2":276299.5,"source_crs":"EPSG:32636","in_east_jerusalem":false,"evidence_ref":["aa0039e910"]}},{"type":"Feature","geometry":{"type":"MultiPolygon","coordinates":[[[[35.017589,31.554066],[35.017453,31.554059],[35.017429,31.554201],[35.017589,31.554212],[35.017589,31.554066]]],[[[35.016009,31.55394],[35.015613,31.552129],[35.015941,31.55234],[35.016434,31.552492],[35.016656,31.553075],[35.017936,31.553188],[35.018323,31.553339],[35.018746,31.55332],[35.019698,31.552838],[35.020133,31.552497],[35.02052,31.552508],[35.020601,31.553021],[35.020953,31.553748],[35.021665,31.553472],[35.021305,31.552968],[35.021341,31.552405],[35.019815,31.552373],[35.018189,31.5522],[35.018037,31.551918],[35.017427,31.551354],[35.017005,31.551343],[35.016759,31.55076],[35.016103,31.550105],[35.015928,31.549824],[35.015529,31.549682],[35.015154,31.549795],[35.014977,31.550026],[35.014989,31.550288],[35.015188,31.550549],[35.015622,31.550741],[35.015832,31.551033],[35.015738,31.551284],[35.015385,31.551686],[35.015874,31.553868],[35.014877,31.553334],[35.014689,31.553354],[35.014208,31.553092],[35.014008,31.553162],[35.013996,31.553343],[35.014454,31.553555],[35.014348,31.553786],[35.014558,31.554037],[35.014829,31.553897],[35.015456,31.554381],[35.016155,31.554278],[35.016009,31.55394]]]]},"properties":{"entity_id":"adora","entity_type":"settlement","name":"Adora","names":{"primary":"Adora","hebrew":"אדורה"},"stage_history":[{"stage":6,"stage_label":"Construction started","valid_from":"2021-06-03","evidence_ref":["aa0039e910"]}],"extent_type":"built_up","area_m2":99858.5,"source_crs":"EPSG:32636","in_east_jerusalem":false,"evidence_ref":["aa0039e910"]}},{"type":"Feature","geometry":{"type":"Polygon","coordinates":[[[35.136865,31.665822],[35.137337,31.665485],[35.138324,31.66457],[35.138252,31.66454],[35.138629,31.664153],[35.139967,31.663287],[35.141798,31.662495],[35.142426,31.661854],[35.142829,31.661625],[35.144485,31.661227],[35.144822,31.661252],[35.14515,31.661038],[35.145391,31.660749],[35.145555,31.66028],[35.145507,31.66009],[35.145584,31.659629],[35.145931,31.659349],[35.146085,31.658814],[35.145922,31.658369],[35.145884,31.657826],[35.145759,31.657414],[35.145422,31.657208],[35.144844,31.657166],[35.144286,31.657265],[35.142561,31.658115],[35.141685,31.65874],[35.140788,31.659877],[35.140133,31.660453],[35.139677,31.661118],[35.139525,31.661159],[35.139384,31.661781],[35.139137,31.662032],[35.137042,31.663525],[35.136421,31.66377],[35.136201,31.663987],[35.136188,31.664238],[35.136328,31.664603],[35.137183,31.664908],[35.136711,31.665147],[35.135771,31.665812],[35.134633,31.66562],[35.134011,31.664992],[35.133676,31.66485],[35.133685,31.665154],[35.134526,31.665741],[35.135401,31.666093],[35.13541,31.666552],[35.136305,31.667222],[35.136295,31.667823],[35.136439,31.668441],[35.136815,31.668252],[35.136873,31.667824],[35.137441,31.667437],[35.137567,31.667182],[35.137047,31.666934],[35.136729,31.666555],[35.136518,31.66611],[35.136865,31.665822]]]},"properties":{"entity_id":"elazar","entity_type":"settlement","name":"Elazar","names":{"primary":"Elazar"},"stage_history":[{"stage":6,"stage_label":"Construction started","valid_from":"2021-06-03","evidence_ref":["aa0039e910"]}],"extent_type":"built_up","area_m2":329313.4,"source_crs":"EPSG:32636","in_east_jerusalem":false,"evidence_ref":["aa0039e910"]}},{"type":"Feature","geometry":{"type":"MultiPolygon","coordinates":[[[[35.023617,32.164277],[35.0236,32.164182],[35.023219,32.16432],[35.023218,32.164437],[35.023385,32.164441],[35.023389,32.164568],[35.023591,32.164565],[35.023591,32.164405],[35.023522,32.164394],[35.023617,32.164277]]],[[[35.021764,32.168057],[35.021751,32.166549],[35.020237,32.166265],[35.019741,32.165983],[35.01977,32.165421],[35.019192,32.165139],[35.017677,32.165301],[35.016685,32.165557],[35.016629,32.165955],[35.017097,32.166026],[35.017014,32.166307],[35.016325,32.166587],[35.0158,32.167313],[35.016598,32.167384],[35.016765,32.166939],[35.017592,32.166566],[35.018005,32.166566],[35.017976,32.167012],[35.018748,32.166942],[35.01938,32.167763],[35.020428,32.167249],[35.020511,32.167804],[35.021764,32.168057]]],[[[35.014113,32.180615],[35.015062,32.180305],[35.01574,32.180364],[35.016132,32.179966],[35.016985,32.180154],[35.017784,32.180085],[35.018888,32.179431],[35.018696,32.178681],[35.0187,32.177088],[35.018455,32.175447],[35.02113,32.174162],[35.020828,32.173834],[35.020857,32.173108],[35.021509,32.172356],[35.021493,32.171726],[35.020694,32.171678],[35.02009,32.170834],[35.018355,32.17062],[35.016648,32.170266],[35.015023,32.169749],[35.0126,32.16944],[35.010453,32.168406],[35.009105,32.167959],[35.007093,32.168565],[35.006211,32.168704],[35.005521,32.169054],[35.005244,32.169944],[35.005986,32.170695],[35.00706,32.170814],[35.00761,32.171377],[35.008105,32.171612],[35.008792,32.172387],[35.009563,32.172622],[35.010692,32.172694],[35.010518,32.172916],[35.010465,32.173325],[35.010483,32.1737],[35.010715,32.173697],[35.010498,32.173927],[35.009368,32.173747],[35.009147,32.17398],[35.005568,32.17285],[35.004659,32.172919],[35.003887,32.173386],[35.004601,32.174184],[35.005234,32.174701],[35.005894,32.175077],[35.007021,32.176367],[35.006662,32.176624],[35.00633,32.177444],[35.006797,32.177913],[35.007899,32.177868],[35.009581,32.176957],[35.00972,32.176418],[35.010437,32.175951],[35.011925,32.175873],[35.012891,32.174961],[35.012569,32.174334],[35.011774,32.173979],[35.011732,32.173857],[35.011733,32.173472],[35.01195,32.173153],[35.012508,32.172963],[35.014198,32.172775],[35.014737,32.172499],[35.014786,32.172954],[35.01419,32.173213],[35.013857,32.173479],[35.013562,32.17354],[35.013607,32.173877],[35.014232,32.173839],[35.014426,32.174356],[35.014868,32.174279],[35.014897,32.173884],[35.016144,32.173958],[35.017396,32.174936],[35.015776,32.176241],[35.01511,32.176548],[35.014657,32.176645],[35.013726,32.177155],[35.013035,32.177686],[35.011945,32.178328],[35.010801,32.179502],[35.010962,32.179752],[35.011959,32.180554],[35.012811,32.180982],[35.014113,32.180615]]]]},"properties":{"entity_id":"alfei-menashe","entity_type":"settlement","name":"Alfei Menashe","names":{"primary":"Alfei Menashe","hebrew":"אלפי מנשה"},"stage_history":[{"stage":6,"stage_label":"Construction started","valid_from":"2021-06-03","evidence_ref":["aa0039e910"]}],"extent_type":"built_up","area_m2":1239909.0,"source_crs":"EPSG:32636","in_east_jerusalem":false,"evidence_ref":["aa0039e910"]}},{"type":"Feature","geometry":{"type":"MultiPolygon","coordinates":[[[[35.188381,31.587857],[35.189482,31.589741],[35.18992,31.590061],[35.19021,31.589989],[35.190201,31.589789],[35.189976,31.589757],[35.189435,31.589318],[35.189062,31.58871],[35.189258,31.588646],[35.18937,31.587769],[35.189323,31.586954],[35.18882,31.586139],[35.189128,31.584421],[35.188857,31.584381],[35.188792,31.584693],[35.188082,31.584693],[35.188073,31.584972],[35.187392,31.585164],[35.187196,31.585348],[35.1863,31.584604],[35.186972,31.584397],[35.186813,31.584021],[35.186141,31.584213],[35.185562,31.584724],[35.185273,31.585299],[35.185581,31.585467],[35.185963,31.586155],[35.18629,31.586458],[35.186673,31.586466],[35.187037,31.587185],[35.187326,31.587425],[35.188381,31.587857]]],[[[35.195489,31.588563],[35.195422,31.588735],[35.195642,31.588849],[35.195632,31.589267],[35.195411,31.589147],[35.195326,31.589545],[35.195135,31.589577],[35.19438,31.588366],[35.194361,31.588677],[35.194122,31.589242],[35.194169,31.590093],[35.194341,31.590551],[35.194609,31.590527],[35.194867,31.590625],[35.195164,31.590388],[35.195823,31.589627],[35.196062,31.589545],[35.196411,31.588774],[35.195728,31.588735],[35.195661,31.588514],[35.196375,31.588037],[35.196751,31.586664],[35.197091,31.586199],[35.196881,31.586182],[35.196751,31.586304],[35.195489,31.588563]]]]},"properties":{"entity_id":"asfar","entity_type":"settlement","name":"Asfar","names":{"primary":"Asfar","hebrew":"אספר"},"stage_history":[{"stage":6,"stage_label":"Construction started","valid_from":"2021-06-03","evidence_ref":["aa0039e910"]}],"extent_type":"built_up","area_m2":136277.2,"source_crs":"EPSG:32636","in_east_jerusalem":false,"evidence_ref":["aa0039e910"]}},{"type":"Feature","geometry":{"type":"MultiPolygon","coordinates":[[[[35.244432,31.635228],[35.244155,31.635444],[35.243856,31.635444],[35.243649,31.635346],[35.243649,31.63511],[35.243211,31.634893],[35.24252,31.634785],[35.241876,31.634844],[35.241323,31.63449],[35.241127,31.63449],[35.240863,31.634923],[35.241105,31.635327],[35.241561,31.635836],[35.240994,31.636796],[35.242521,31.636292],[35.243211,31.636354],[35.243741,31.636311],[35.244489,31.635759],[35.244432,31.635228]]],[[[35.231231,31.645027],[35.231852,31.644721],[35.232987,31.644473],[35.233541,31.643127],[35.23404,31.642728],[35.233843,31.642456],[35.234235,31.642298],[35.23405,31.641599],[35.233037,31.641766],[35.232588,31.641963],[35.232542,31.64219],[35.231794,31.642131],[35.230859,31.640943],[35.230596,31.640886],[35.230305,31.64166],[35.230597,31.643022],[35.230455,31.64404],[35.230732,31.644063],[35.230896,31.642972],[35.231345,31.642834],[35.23146,31.643002],[35.231437,31.643327],[35.231311,31.643731],[35.23115,31.643959],[35.231387,31.644133],[35.231231,31.645027]]],[[[35.232906,31.650663],[35.233229,31.651549],[35.233424,31.651569],[35.233344,31.652091],[35.233874,31.652032],[35.233754,31.651335],[35.234414,31.650919],[35.23408,31.649973],[35.232906,31.650663]]],[[[35.231077,31.655013],[35.231445,31.654529],[35.231928,31.654509],[35.231997,31.654381],[35.232248,31.65454],[35.232426,31.654503],[35.232585,31.65424],[35.23288,31.654461],[35.233107,31.654435],[35.233114,31.653248],[35.232964,31.652303],[35.2324,31.651682],[35.231536,31.651426],[35.231018,31.651436],[35.230581,31.652057],[35.230097,31.652382],[35.227875,31.652255],[35.228232,31.652176],[35.228232,31.652038],[35.228658,31.651959],[35.229233,31.651525],[35.229348,31.650275],[35.228991,31.649122],[35.22952,31.64863],[35.229436,31.648278],[35.228818,31.648285],[35.228277,31.648502],[35.227442,31.64905],[35.227141,31.64936],[35.227794,31.650146],[35.22769,31.650432],[35.227426,31.650461],[35.227126,31.650737],[35.227046,31.65052],[35.227149,31.649614],[35.226953,31.649407],[35.226573,31.64927],[35.226159,31.649358],[35.225952,31.649949],[35.225952,31.650511],[35.226297,31.650954],[35.225871,31.650974],[35.225722,31.651131],[35.225814,31.651377],[35.225077,31.651565],[35.224709,31.651446],[35.224801,31.651348],[35.22472,31.651023],[35.225365,31.650993],[35.225284,31.650826],[35.224352,31.650846],[35.224282,31.650964],[35.224317,31.65125],[35.224582,31.651419],[35.224536,31.651636],[35.224847,31.651655],[35.225019,31.651813],[35.224743,31.652266],[35.224881,31.652384],[35.225676,31.652256],[35.225699,31.651557],[35.226551,31.651911],[35.227322,31.651763],[35.227219,31.652098],[35.227,31.652443],[35.227265,31.652738],[35.227242,31.653004],[35.226551,31.654127],[35.226091,31.653585],[35.225699,31.653438],[35.225504,31.653103],[35.22405,31.653738],[35.224884,31.654945],[35.225849,31.65526],[35.226229,31.655486],[35.22669,31.656057],[35.227259,31.655989],[35.228152,31.655151],[35.23034,31.655151],[35.231077,31.655013]]]]},"properties":{"entity_id":"tqo-a","entity_type":"settlement","name":"Tqo'a","names":{"primary":"Tqo'a"},"stage_history":[{"stage":6,"stage_label":"Construction started","valid_from":"2021-06-03","evidence_ref":["aa0039e910"]}],"extent_type":"built_up","area_m2":501930.0,"source_crs":"EPSG:32636","in_east_jerusalem":false,"evidence_ref":["aa0039e910"]}},{"type":"Feature","geometry":{"type":"MultiPolygon","coordinates":[[[[35.031896,31.565842],[35.03236,31.564041],[35.032181,31.563042],[35.032261,31.562724],[35.03283,31.562758],[35.032938,31.562634],[35.033417,31.561537],[35.033417,31.561382],[35.031839,31.561549],[35.03174,31.561662],[35.031675,31.561183],[35.031214,31.56152],[35.031164,31.561956],[35.030786,31.561576],[35.03049,31.561702],[35.030473,31.561899],[35.030818,31.562083],[35.030686,31.562322],[35.030784,31.562744],[35.030537,31.563321],[35.030307,31.56318],[35.029929,31.563137],[35.029846,31.563616],[35.030469,31.564447],[35.03055,31.564785],[35.030813,31.564842],[35.030895,31.564997],[35.03147,31.56511],[35.030911,31.56591],[35.031218,31.566321],[35.031896,31.565842]]],[[[35.029426,31.568091],[35.031554,31.569092],[35.031511,31.568805],[35.030791,31.567995],[35.029559,31.567514],[35.029426,31.568091]]]]},"properties":{"entity_id":"telem","entity_type":"settlement","name":"Telem","names":{"primary":"Telem","hebrew":"תלם"},"stage_history":[{"stage":6,"stage_label":"Construction started","valid_from":"2021-06-03","evidence_ref":["aa0039e910"]}],"extent_type":"built_up","area_m2":101210.7,"source_crs":"EPSG:32636","in_east_jerusalem":false,"evidence_ref":["aa0039e910"]}},{"type":"Feature","geometry":{"type":"MultiPolygon","coordinates":[[[[35.116802,31.393362],[35.117081,31.393028],[35.117402,31.392977],[35.11739,31.393232],[35.117949,31.393253],[35.117615,31.393901],[35.118631,31.39451],[35.118722,31.393835],[35.118995,31.393611],[35.119186,31.393774],[35.119197,31.393937],[35.119459,31.394131],[35.119602,31.393958],[35.118627,31.3931],[35.118604,31.392529],[35.118402,31.392008],[35.118045,31.391865],[35.116772,31.392181],[35.115892,31.392741],[35.115797,31.392109],[35.116047,31.392064],[35.115871,31.391687],[35.115524,31.391455],[35.115548,31.391088],[35.115263,31.390629],[35.114942,31.390292],[35.11449,31.390201],[35.114597,31.390118],[35.1138,31.38938],[35.113165,31.389221],[35.112504,31.388426],[35.11223,31.388322],[35.111909,31.3883],[35.111674,31.38847],[35.111508,31.388643],[35.111449,31.388887],[35.111542,31.389292],[35.111747,31.389478],[35.112809,31.389924],[35.112814,31.390009],[35.112223,31.390629],[35.112277,31.391137],[35.111991,31.391392],[35.110921,31.390738],[35.11016,31.390441],[35.10953,31.390523],[35.109137,31.391043],[35.108875,31.391094],[35.108304,31.391032],[35.108495,31.390522],[35.108281,31.389768],[35.107568,31.390297],[35.107317,31.390643],[35.107377,31.39095],[35.109041,31.391298],[35.109184,31.391635],[35.109612,31.392063],[35.111122,31.39286],[35.111847,31.393096],[35.111716,31.393279],[35.111668,31.393524],[35.111751,31.393779],[35.112084,31.394004],[35.112714,31.394055],[35.113345,31.39376],[35.11413,31.393873],[35.114535,31.3932],[35.115308,31.393639],[35.114915,31.393812],[35.114748,31.394118],[35.114855,31.394373],[35.115426,31.394619],[35.11608,31.394711],[35.116532,31.394456],[35.116533,31.393915],[35.116402,31.393854],[35.116802,31.393362]]],[[[35.110899,31.395614],[35.11123,31.394951],[35.11007,31.39499],[35.109422,31.395135],[35.110899,31.395614]]],[[[35.104748,31.406679],[35.104083,31.406152],[35.10398,31.407219],[35.104171,31.40816],[35.10461,31.408161],[35.104748,31.406679]]]]},"properties":{"entity_id":"susya","entity_type":"settlement","name":"Susya","names":{"primary":"Susya"},"stage_history":[{"stage":6,"stage_label":"Construction started","valid_from":"2021-06-03","evidence_ref":["aa0039e910"]}],"extent_type":"built_up","area_m2":313453.0,"source_crs":"EPSG:32636","in_east_jerusalem":false,"evidence_ref":["aa0039e910"]}},{"type":"Feature","geometry":{"type":"Polygon","coordinates":[[[35.073255,31.357684],[35.070885,31.357731],[35.070414,31.357819],[35.070402,31.358026],[35.071517,31.358422],[35.071851,31.358393],[35.072023,31.358166],[35.072955,31.35797],[35.073255,31.357684]]]},"properties":{"entity_id":"shani","entity_type":"settlement","name":"Shani","names":{"primary":"Shani","hebrew":"שני"},"stage_history":[{"stage":6,"stage_label":"Construction started","valid_from":"2021-06-03","evidence_ref":["aa0039e910"]}],"extent_type":"built_up","area_m2":13302.4,"source_crs":"EPSG:32636","in_east_jerusalem":false,"evidence_ref":["aa0039e910"]}},{"type":"Feature","geometry":{"type":"Polygon","coordinates":[[[34.960006,31.378875],[34.959501,31.378627],[34.959134,31.378663],[34.958838,31.378528],[34.958063,31.37786],[34.95809,31.37753],[34.957985,31.377448],[34.957767,31.377545],[34.957375,31.37702],[34.957848,31.376594],[34.957587,31.376189],[34.957518,31.375904],[34.957921,31.375155],[34.958148,31.375246],[34.958725,31.374827],[34.958997,31.374438],[34.959086,31.37369],[34.959558,31.373301],[34.959306,31.372964],[34.959097,31.372948],[34.958773,31.373082],[34.957972,31.372583],[34.957596,31.3725],[34.957186,31.372634],[34.956967,31.372881],[34.956905,31.373247],[34.957095,31.373944],[34.957435,31.37405],[34.957452,31.374274],[34.957059,31.374431],[34.95671,31.374385],[34.955882,31.374009],[34.955961,31.37383],[34.955595,31.373559],[34.955186,31.373094],[34.954925,31.372652],[34.954874,31.372322],[34.955006,31.371858],[34.955565,31.370789],[34.955553,31.370656],[34.954706,31.370089],[34.953833,31.370056],[34.953601,31.370183],[34.953814,31.370434],[34.954194,31.370419],[34.954174,31.371392],[34.954459,31.371449],[34.954208,31.371907],[34.954024,31.372024],[34.953939,31.372431],[34.953974,31.372706],[34.954388,31.373514],[34.954732,31.373925],[34.955066,31.373889],[34.955083,31.374002],[34.955344,31.374197],[34.955309,31.374279],[34.955579,31.374572],[34.955101,31.375298],[34.955476,31.375606],[34.956104,31.375847],[34.956547,31.376582],[34.956346,31.376776],[34.955984,31.378086],[34.956167,31.378461],[34.956472,31.378641],[34.956969,31.378784],[34.957807,31.378846],[34.958034,31.378794],[34.958602,31.378465],[34.959421,31.378976],[34.95991,31.379149],[34.960249,31.379622],[34.960811,31.379878],[34.961102,31.379608],[34.960006,31.378875]]]},"properties":{"entity_id":"tene","entity_type":"settlement","name":"Tene","names":{"primary":"Tene","hebrew":"טנא"},"stage_history":[{"stage":6,"stage_label":"Construction started","valid_from":"2021-06-03","evidence_ref":["aa0039e910"]}],"extent_type":"built_up","area_m2":188843.1,"source_crs":"EPSG:32636","in_east_jerusalem":false,"evidence_ref":["aa0039e910"]}},{"type":"Feature","geometry":{"type":"Polygon","coordinates":[[[34.903568,31.392427],[34.904201,31.392535],[34.904623,31.39252],[34.904689,31.3928],[34.904899,31.39299],[34.905072,31.39308],[34.905561,31.393073],[34.905849,31.392942],[34.905936,31.392712],[34.906128,31.392589],[34.90657,31.392541],[34.906935,31.392328],[34.907012,31.391991],[34.907214,31.391967],[34.907109,31.391654],[34.906689,31.391241],[34.906065,31.391314],[34.905719,31.391494],[34.905345,31.391485],[34.905219,31.391904],[34.904921,31.39206],[34.904815,31.39243],[34.904336,31.392198],[34.904838,31.391114],[34.905164,31.391238],[34.905414,31.391016],[34.905788,31.391001],[34.906336,31.390599],[34.906357,31.390114],[34.906224,31.389595],[34.905707,31.389281],[34.905199,31.389165],[34.904909,31.388981],[34.904297,31.389245],[34.903788,31.389671],[34.903119,31.389711],[34.903997,31.390363],[34.903454,31.392048],[34.903568,31.392427]]]},"properties":{"entity_id":"eshkolot","entity_type":"settlement","name":"Eshkolot","names":{"primary":"Eshkolot","hebrew":"אשכולות"},"stage_history":[{"stage":6,"stage_label":"Construction started","valid_from":"2021-06-03","evidence_ref":["aa0039e910"]}],"extent_type":"built_up","area_m2":93017.0,"source_crs":"EPSG:32636","in_east_jerusalem":false,"evidence_ref":["aa0039e910"]}},{"type":"Feature","geometry":{"type":"MultiPolygon","coordinates":[[[[35.140008,32.465008],[35.139565,32.464998],[35.139555,32.465229],[35.139996,32.465243],[35.140008,32.465008]]],[[[35.136324,32.466027],[35.136066,32.466004],[35.136015,32.466226],[35.136323,32.466257],[35.136324,32.466027]]],[[[35.140032,32.46666],[35.139859,32.466651],[35.139869,32.46678],[35.140025,32.466786],[35.140032,32.46666]]],[[[35.140222,32.467158],[35.140198,32.467077],[35.139915,32.467086],[35.139922,32.467158],[35.140222,32.467158]]],[[[35.139795,32.467175],[35.138463,32.467127],[35.13846,32.467589],[35.139807,32.467603],[35.139851,32.467193],[35.139795,32.467175]]],[[[35.13491,32.469875],[35.135371,32.469318],[35.136035,32.469727],[35.136832,32.469233],[35.137506,32.468147],[35.138108,32.467841],[35.138191,32.467501],[35.138114,32.467351],[35.136244,32.466753],[35.136111,32.466973],[35.13578,32.467017],[35.135689,32.467102],[35.135602,32.467468],[35.135037,32.467417],[35.134359,32.467558],[35.133311,32.46903],[35.132723,32.469175],[35.133022,32.469418],[35.13368,32.469033],[35.133895,32.469125],[35.133751,32.469748],[35.134086,32.469733],[35.133966,32.470031],[35.134115,32.470184],[35.134593,32.470113],[35.13491,32.469875]]],[[[35.137717,32.469826],[35.137713,32.469759],[35.136823,32.469976],[35.136955,32.470393],[35.13692,32.470484],[35.136999,32.470545],[35.13782,32.470287],[35.137717,32.469826]]],[[[35.133064,32.470321],[35.132984,32.47007],[35.132474,32.470134],[35.13267,32.470556],[35.133041,32.470473],[35.133064,32.470321]]],[[[35.141273,32.470197],[35.140962,32.470043],[35.140462,32.470715],[35.14097,32.471028],[35.140668,32.471552],[35.141803,32.472102],[35.142199,32.471916],[35.142303,32.471675],[35.142231,32.471507],[35.142019,32.471339],[35.142434,32.470744],[35.141273,32.470197]]]]},"properties":{"entity_id":"reihan","entity_type":"settlement","name":"Reihan","names":{"primary":"Reihan","hebrew":"ריחן"},"stage_history":[{"stage":6,"stage_label":"Construction started","valid_from":"2021-06-03","evidence_ref":["aa0039e910"]}],"extent_type":"built_up","area_m2":135799.7,"source_crs":"EPSG:32636","in_east_jerusalem":false,"evidence_ref":["aa0039e910"]}},{"type":"Feature","geometry":{"type":"MultiPolygon","coordinates":[[[[35.076116,32.281522],[35.075897,32.281416],[35.075729,32.281642],[35.075987,32.281711],[35.076116,32.281522]]],[[[35.086145,32.287525],[35.085993,32.287136],[35.086482,32.287006],[35.086986,32.28702],[35.087887,32.287202],[35.088025,32.287462],[35.088483,32.287515],[35.088529,32.286969],[35.08694,32.286838],[35.085565,32.286928],[35.08584,32.287434],[35.085626,32.28746],[35.085106,32.287369],[35.084924,32.286655],[35.084512,32.286356],[35.084328,32.286693],[35.084725,32.287044],[35.08451,32.287238],[35.083945,32.287471],[35.083929,32.288172],[35.084555,32.288406],[35.085716,32.288226],[35.086084,32.287746],[35.086145,32.287525]]],[[[35.070983,32.290184],[35.071727,32.289862],[35.072,32.29004],[35.072209,32.289832],[35.071918,32.289685],[35.07265,32.288979],[35.073308,32.288694],[35.074317,32.288513],[35.075555,32.288099],[35.076289,32.287672],[35.076396,32.28736],[35.076167,32.287243],[35.075235,32.287606],[35.073339,32.288149],[35.073034,32.288122],[35.072697,32.288291],[35.071566,32.28838],[35.07039,32.288042],[35.070513,32.287627],[35.070925,32.287783],[35.072316,32.287823],[35.072591,32.287655],[35.07305,32.287045],[35.073739,32.286436],[35.074166,32.286748],[35.074013,32.287228],[35.074318,32.287319],[35.074807,32.287281],[35.075144,32.287034],[35.075144,32.28658],[35.074885,32.286307],[35.074136,32.28641],[35.074091,32.286177],[35.074932,32.285554],[35.074932,32.285269],[35.076081,32.283635],[35.075333,32.28266],[35.074875,32.282452],[35.074156,32.283013],[35.073536,32.282621],[35.073308,32.282833],[35.073073,32.282314],[35.073125,32.28184],[35.07236,32.28189],[35.071869,32.282992],[35.07161,32.283324],[35.071343,32.283629],[35.070819,32.283874],[35.070324,32.28422],[35.070234,32.28453],[35.070762,32.28465],[35.070823,32.284771],[35.071159,32.284953],[35.070868,32.285239],[35.071524,32.285746],[35.071157,32.286368],[35.06972,32.286977],[35.069276,32.287288],[35.06929,32.287768],[35.071581,32.288679],[35.071306,32.288757],[35.071122,32.288938],[35.071091,32.289289],[35.06892,32.29048],[35.068537,32.290882],[35.068919,32.290961],[35.070983,32.290184]]]]},"properties":{"entity_id":"avnei-hefetz","entity_type":"settlement","name":"Avnei Hefetz","names":{"primary":"Avnei Hefetz","hebrew":"אבני חפץ"},"stage_history":[{"stage":6,"stage_label":"Construction started","valid_from":"2021-06-03","evidence_ref":["aa0039e910"]}],"extent_type":"built_up","area_m2":321029.6,"source_crs":"EPSG:32636","in_east_jerusalem":false,"evidence_ref":["aa0039e910"]}},{"type":"Feature","geometry":{"type":"MultiPolygon","coordinates":[[[[35.521932,32.171906],[35.522536,32.17132],[35.522364,32.171166],[35.521839,32.171219],[35.52172,32.168919],[35.521299,32.168929],[35.5213,32.169369],[35.520772,32.169442],[35.52041,32.169134],[35.520027,32.16953],[35.520001,32.170699],[35.521486,32.170747],[35.521629,32.170927],[35.521932,32.171906]]],[[[35.52306,32.173821],[35.523739,32.17425],[35.524325,32.1743],[35.5248,32.174221],[35.525173,32.173902],[35.525464,32.17354],[35.525416,32.172018],[35.525722,32.172053],[35.525548,32.171563],[35.524618,32.171316],[35.523759,32.171198],[35.523011,32.171303],[35.522891,32.171493],[35.523195,32.17187],[35.522953,32.172008],[35.522997,32.172997],[35.522411,32.172998],[35.521702,32.172733],[35.520996,32.172941],[35.520977,32.173251],[35.520768,32.173664],[35.519789,32.174148],[35.520064,32.174637],[35.521215,32.174247],[35.521549,32.174418],[35.522114,32.174348],[35.522719,32.173779],[35.52306,32.173821]]]]},"properties":{"entity_id":"argaman","entity_type":"settlement","name":"Argaman","names":{"primary":"Argaman","hebrew":"ארגמן"},"stage_history":[{"stage":6,"stage_label":"Construction started","valid_from":"2021-06-03","evidence_ref":["aa0039e910"]}],"extent_type":"built_up","area_m2":138643.3,"source_crs":"EPSG:32636","in_east_jerusalem":false,"evidence_ref":["aa0039e910"]}},{"type":"Feature","geometry":{"type":"Polygon","coordinates":[[[35.519371,32.336344],[35.52007,32.336337],[35.520883,32.336159],[35.5209,32.335842],[35.520125,32.336094],[35.519373,32.336004],[35.51925,32.335259],[35.519171,32.335213],[35.518609,32.335576],[35.518166,32.33572],[35.517966,32.335988],[35.517742,32.336686],[35.517736,32.337254],[35.517826,32.3375],[35.518108,32.337656],[35.518689,32.33771],[35.519009,32.337196],[35.519371,32.336344]]]},"properties":{"entity_id":"rotem","entity_type":"settlement","name":"Rotem","names":{"primary":"Rotem","hebrew":"רותם"},"stage_history":[{"stage":6,"stage_label":"Construction started","valid_from":"2021-06-03","evidence_ref":["aa0039e910"]}],"extent_type":"built_up","area_m2":34040.4,"source_crs":"EPSG:32636","in_east_jerusalem":false,"evidence_ref":["aa0039e910"]}},{"type":"Feature","geometry":{"type":"Polygon","coordinates":[[[35.455386,31.969051],[35.456861,31.968175],[35.459496,31.968818],[35.459818,31.967402],[35.456742,31.966891],[35.456066,31.966926],[35.455205,31.966417],[35.455272,31.966129],[35.455648,31.966103],[35.455918,31.965856],[35.45555,31.965437],[35.455115,31.965405],[35.454826,31.965677],[35.454943,31.965998],[35.454866,31.966187],[35.455099,31.966434],[35.454598,31.967019],[35.454261,31.967292],[35.454223,31.967555],[35.454011,31.967728],[35.453653,31.967556],[35.453401,31.967318],[35.453428,31.966618],[35.452956,31.966808],[35.452706,31.967245],[35.45233,31.967551],[35.45238,31.968094],[35.452632,31.96839],[35.452941,31.968504],[35.453644,31.967762],[35.454244,31.968115],[35.453926,31.968585],[35.453927,31.968922],[35.454527,31.969143],[35.455386,31.969051]]]},"properties":{"entity_id":"niran","entity_type":"settlement","name":"Niran","names":{"primary":"Niran","hebrew":"נירן"},"stage_history":[{"stage":6,"stage_label":"Construction started","valid_from":"2021-06-03","evidence_ref":["aa0039e910"]}],"extent_type":"built_up","area_m2":121277.6,"source_crs":"EPSG:32636","in_east_jerusalem":false,"evidence_ref":["aa0039e910"]}},{"type":"Feature","geometry":{"type":"MultiPolygon","coordinates":[[[[35.243244,32.159766],[35.242951,32.15886],[35.243151,32.158168],[35.240118,32.157787],[35.240203,32.158382],[35.242561,32.158399],[35.242626,32.159556],[35.241995,32.159412],[35.241882,32.159599],[35.243244,32.159766]]],[[[35.24735,32.16362],[35.247811,32.162976],[35.247991,32.162444],[35.248682,32.162318],[35.248863,32.162178],[35.249193,32.163115],[35.249489,32.163059],[35.249258,32.161884],[35.249438,32.16047],[35.249323,32.159784],[35.248961,32.159532],[35.24924,32.157447],[35.250227,32.157251],[35.250243,32.157125],[35.249272,32.156495],[35.248894,32.156509],[35.248911,32.158581],[35.248648,32.159099],[35.248797,32.159966],[35.24906,32.160344],[35.249077,32.160708],[35.248748,32.161394],[35.24707,32.162416],[35.246214,32.162277],[35.245375,32.162249],[35.245408,32.162585],[35.246363,32.162626],[35.246675,32.162836],[35.246149,32.163228],[35.244899,32.163271],[35.244899,32.163495],[35.246067,32.163466],[35.246593,32.163606],[35.24735,32.16362]]],[[[35.241339,32.163656],[35.241232,32.16341],[35.240621,32.163506],[35.240353,32.163711],[35.240808,32.164025],[35.241339,32.163656]]],[[[35.244639,32.166301],[35.244355,32.165909],[35.244206,32.16601],[35.244505,32.166378],[35.244639,32.166301]]],[[[35.23699,32.171514],[35.236386,32.171392],[35.236197,32.171989],[35.236774,32.172112],[35.23699,32.171514]]],[[[35.224915,32.17231],[35.225997,32.17185],[35.226077,32.171654],[35.226437,32.171816],[35.22839,32.171271],[35.230217,32.170351],[35.231434,32.170291],[35.232193,32.170383],[35.23229,32.170516],[35.232599,32.170615],[35.23344,32.170516],[35.233487,32.170298],[35.233737,32.170281],[35.233907,32.170094],[35.233484,32.170087],[35.233498,32.169949],[35.233188,32.169925],[35.233053,32.169686],[35.234077,32.169193],[35.235685,32.168811],[35.237618,32.168492],[35.238571,32.16844],[35.238297,32.168999],[35.23879,32.169022],[35.239236,32.169719],[35.23937,32.169658],[35.239706,32.169685],[35.239869,32.169628],[35.239776,32.169427],[35.240162,32.169251],[35.239882,32.168808],[35.23964,32.168736],[35.240026,32.168391],[35.240693,32.168744],[35.241092,32.168789],[35.241483,32.169266],[35.241824,32.169223],[35.241854,32.169002],[35.241453,32.169019],[35.241244,32.168662],[35.24161,32.168374],[35.241832,32.167651],[35.241822,32.167002],[35.241387,32.166706],[35.240566,32.16655],[35.239629,32.16646],[35.238266,32.166579],[35.237441,32.167164],[35.237133,32.167252],[35.236418,32.167417],[35.235974,32.167392],[35.235005,32.167623],[35.234203,32.167615],[35.233531,32.167812],[35.23342,32.168208],[35.233468,32.168553],[35.233391,32.169095],[35.232619,32.169448],[35.231699,32.16954],[35.230893,32.169484],[35.23085,32.169199],[35.230177,32.169388],[35.229668,32.169275],[35.229201,32.169312],[35.228652,32.169653],[35.227668,32.170053],[35.227559,32.170474],[35.227886,32.170735],[35.227653,32.170825],[35.227756,32.171117],[35.226938,32.171373],[35.226878,32.171228],[35.226157,32.170905],[35.225976,32.170922],[35.225887,32.171722],[35.225015,32.172072],[35.224535,32.172225],[35.224144,32.172234],[35.222973,32.17197],[35.223277,32.171487],[35.222792,32.171416],[35.222392,32.171876],[35.222862,32.172132],[35.222752,32.172575],[35.222743,32.173205],[35.223353,32.173307],[35.223433,32.172949],[35.223984,32.172728],[35.224204,32.172464],[35.224915,32.17231]]]]},"properties":{"entity_id":"yitzhar","entity_type":"settlement","name":"Yitzhar","names":{"primary":"Yitzhar","hebrew":"יצהר"},"stage_history":[{"stage":6,"stage_label":"Construction started","valid_from":"2021-06-03","evidence_ref":["aa0039e910"]}],"extent_type":"built_up","area_m2":356461.6,"source_crs":"EPSG:32636","in_east_jerusalem":false,"evidence_ref":["aa0039e910"]}},{"type":"Feature","geometry":{"type":"Polygon","coordinates":[[[35.273759,31.847233],[35.27375,31.847007],[35.273217,31.847014],[35.272804,31.846762],[35.272214,31.846221],[35.270724,31.846335],[35.270001,31.84665],[35.269677,31.847091],[35.270562,31.847721],[35.271536,31.847985],[35.271389,31.848186],[35.27195,31.848941],[35.272363,31.849357],[35.272024,31.849357],[35.27198,31.849836],[35.272851,31.849885],[35.272806,31.850062],[35.271582,31.8501],[35.270667,31.850264],[35.270033,31.85029],[35.268381,31.850782],[35.267098,31.851047],[35.267009,31.851437],[35.266862,31.851601],[35.266847,31.85184],[35.267821,31.85213],[35.269001,31.851953],[35.270374,31.852002],[35.270359,31.852456],[35.270507,31.852607],[35.271112,31.852468],[35.271259,31.852279],[35.270831,31.852015],[35.272483,31.851913],[35.272882,31.851963],[35.273118,31.852152],[35.27331,31.851887],[35.275773,31.851697],[35.279063,31.85099],[35.279237,31.85124],[35.279871,31.851057],[35.27976,31.850746],[35.280712,31.850422],[35.280973,31.85061],[35.281747,31.850069],[35.281614,31.849301],[35.28092,31.848458],[35.280211,31.848055],[35.280256,31.848912],[35.279782,31.848566],[35.279449,31.848465],[35.279135,31.848988],[35.278869,31.848812],[35.278604,31.848925],[35.278441,31.848749],[35.278205,31.848749],[35.277999,31.848863],[35.277585,31.848044],[35.279996,31.847856],[35.280336,31.847118],[35.27757,31.847377],[35.277098,31.847176],[35.276876,31.847183],[35.276743,31.847393],[35.276818,31.847616],[35.275933,31.848184],[35.274989,31.848461],[35.274192,31.848462],[35.273794,31.848739],[35.273071,31.848626],[35.272923,31.848374],[35.272746,31.848425],[35.272554,31.848198],[35.272657,31.847946],[35.272436,31.847795],[35.274944,31.847668],[35.275003,31.847466],[35.27482,31.847224],[35.273759,31.847233]]]},"properties":{"entity_id":"geva-binyamin-adam","entity_type":"settlement","name":"Geva Binyamin Adam","names":{"primary":"Geva Binyamin Adam","hebrew":"גבע בנימין אדם"},"stage_history":[{"stage":6,"stage_label":"Construction started","valid_from":"2021-06-03","evidence_ref":["aa0039e910"]}],"extent_type":"built_up","area_m2":463731.5,"source_crs":"EPSG:32636","in_east_jerusalem":false,"evidence_ref":["aa0039e910"]}},{"type":"Feature","geometry":{"type":"Polygon","coordinates":[[[35.034332,31.852591],[35.034771,31.852328],[35.036053,31.852259],[35.036105,31.85239],[35.035787,31.852499],[35.035879,31.852656],[35.036205,31.852496],[35.036269,31.852167],[35.037149,31.85173],[35.037756,31.851323],[35.03758,31.851054],[35.038961,31.850327],[35.039698,31.849671],[35.038991,31.849414],[35.039066,31.848974],[35.0389,31.848654],[35.038068,31.84787],[35.040473,31.848223],[35.040554,31.84782],[35.039705,31.847726],[35.039673,31.846784],[35.039926,31.846706],[35.040959,31.845875],[35.041289,31.84554],[35.04131,31.845415],[35.042825,31.8456],[35.042844,31.845487],[35.04297,31.845504],[35.043222,31.845902],[35.044932,31.845123],[35.044524,31.844397],[35.042839,31.845125],[35.042678,31.844943],[35.042273,31.845173],[35.042245,31.845357],[35.041261,31.845295],[35.041061,31.843467],[35.041132,31.843303],[35.040996,31.843177],[35.038101,31.842887],[35.037724,31.842553],[35.036995,31.842586],[35.035794,31.842782],[35.035188,31.843448],[35.035185,31.843789],[35.034968,31.844295],[35.036476,31.844232],[35.036467,31.844787],[35.035801,31.844858],[35.035512,31.845015],[35.034865,31.845884],[35.034369,31.846067],[35.033724,31.846143],[35.032792,31.846579],[35.032832,31.846913],[35.033088,31.847041],[35.032991,31.848181],[35.033162,31.848533],[35.032177,31.848712],[35.031833,31.849806],[35.031731,31.850981],[35.03076,31.850832],[35.030106,31.850861],[35.030103,31.851336],[35.029897,31.851803],[35.03135,31.852112],[35.03169,31.851117],[35.032323,31.851234],[35.032236,31.851415],[35.032276,31.851841],[35.032667,31.852279],[35.032856,31.852118],[35.033193,31.85228],[35.033152,31.852418],[35.03353,31.852626],[35.0338,31.852499],[35.034288,31.85264],[35.034395,31.852853],[35.034485,31.85277],[35.034332,31.852591]]]},"properties":{"entity_id":"mevo-horon","entity_type":"settlement","name":"Mevo Horon","names":{"primary":"Mevo Horon","hebrew":"מבוא חורון"},"stage_history":[{"stage":6,"stage_label":"Construction started","valid_from":"2021-06-03","evidence_ref":["aa0039e910"]}],"extent_type":"built_up","area_m2":654218.0,"source_crs":"EPSG:32636","in_east_jerusalem":false,"evidence_ref":["aa0039e910"]}},{"type":"Feature","geometry":{"type":"MultiPolygon","coordinates":[[[[35.226837,31.849686],[35.226087,31.849479],[35.225646,31.849539],[35.225205,31.849434],[35.21912,31.84957],[35.214835,31.850775],[35.213054,31.855667],[35.212243,31.858708],[35.22078,31.859851],[35.221891,31.859309],[35.224077,31.854432],[35.224535,31.853032],[35.226837,31.849686]]],[[[35.207583,31.871278],[35.227466,31.863381],[35.226962,31.86236],[35.221368,31.864561],[35.220821,31.864517],[35.220791,31.864337],[35.219805,31.864472],[35.220508,31.863671],[35.219623,31.863102],[35.218598,31.864036],[35.217959,31.863128],[35.217459,31.863294],[35.217225,31.863761],[35.215244,31.863931],[35.214305,31.864688],[35.212738,31.864777],[35.211172,31.865268],[35.210232,31.865891],[35.21018,31.867273],[35.21084,31.868454],[35.206905,31.870078],[35.207583,31.871278]]]]},"properties":{"entity_id":"atarot","entity_type":"ej_settlement","name":"Atarot","names":{"primary":"Atarot"},"stage_history":[{"stage":6,"stage_label":"Construction started","valid_from":"2021-06-03","evidence_ref":["aa0039e910"]}],"extent_type":"built_up","area_m2":1614701.3,"source_crs":"EPSG:32636","in_east_jerusalem":true,"evidence_ref":["aa0039e910"]}},{"type":"Feature","geometry":{"type":"Polygon","coordinates":[[[35.245546,31.843501],[35.246052,31.843042],[35.246716,31.84342],[35.246527,31.84369],[35.246617,31.843785],[35.247184,31.843915],[35.248365,31.843914],[35.248867,31.843816],[35.248867,31.843575],[35.249181,31.843325],[35.249494,31.843227],[35.249787,31.843218],[35.249818,31.843539],[35.250247,31.843575],[35.250404,31.843307],[35.250006,31.843209],[35.249964,31.842932],[35.250519,31.842959],[35.250644,31.842459],[35.250832,31.842441],[35.250957,31.842057],[35.251145,31.842057],[35.251229,31.841852],[35.251103,31.841763],[35.251208,31.841477],[35.250988,31.841334],[35.250789,31.841013],[35.250455,31.841022],[35.250256,31.84079],[35.2508,31.840665],[35.250548,31.839933],[35.249649,31.838631],[35.249335,31.838836],[35.249178,31.838675],[35.249314,31.83847],[35.249262,31.838238],[35.248844,31.838194],[35.248792,31.838729],[35.248196,31.838836],[35.247767,31.838444],[35.24739,31.838266],[35.247035,31.838212],[35.247004,31.837953],[35.246721,31.837971],[35.24691,31.838426],[35.246544,31.838426],[35.246209,31.838632],[35.245488,31.838579],[35.245383,31.838195],[35.245174,31.838186],[35.245111,31.837981],[35.244662,31.837963],[35.244599,31.83807],[35.244265,31.837999],[35.243899,31.838061],[35.24323,31.838356],[35.243219,31.838633],[35.242895,31.838704],[35.242885,31.838927],[35.242603,31.83899],[35.242571,31.839204],[35.242049,31.839204],[35.241934,31.839535],[35.241965,31.839892],[35.242311,31.840284],[35.241537,31.840561],[35.241129,31.840561],[35.241087,31.839883],[35.240972,31.839722],[35.240962,31.839383],[35.241212,31.839365],[35.241223,31.839071],[35.240878,31.839053],[35.240762,31.838232],[35.241243,31.838169],[35.241223,31.838758],[35.241819,31.838722],[35.241808,31.837553],[35.240814,31.837464],[35.240219,31.837536],[35.239915,31.837286],[35.239476,31.837224],[35.238745,31.837474],[35.238347,31.837777],[35.23817,31.837777],[35.238201,31.837394],[35.237229,31.837483],[35.236549,31.837323],[35.23658,31.837028],[35.236769,31.837028],[35.236768,31.836546],[35.236538,31.83652],[35.236517,31.836047],[35.236068,31.835699],[35.23588,31.835779],[35.23497,31.835708],[35.234719,31.835851],[35.234406,31.835806],[35.234416,31.83544],[35.234834,31.834771],[35.23567,31.834779],[35.235367,31.835119],[35.235639,31.835226],[35.235827,31.835145],[35.235879,31.834985],[35.236371,31.834994],[35.237092,31.834592],[35.237447,31.834136],[35.237499,31.833637],[35.237384,31.832887],[35.236844,31.832164],[35.235896,31.832354],[35.234789,31.832381],[35.234697,31.833263],[35.233244,31.833566],[35.231301,31.836137],[35.231364,31.837128],[35.231636,31.837636],[35.234103,31.838064],[35.234336,31.838963],[35.238156,31.838681],[35.239548,31.839178],[35.239422,31.84205],[35.238638,31.84272],[35.238158,31.842807],[35.238158,31.843476],[35.239347,31.844124],[35.242257,31.845176],[35.245452,31.845202],[35.245546,31.843501]]]},"properties":{"entity_id":"gid-750","entity_type":"ej_settlement","name":"Neve Yaakov","names":{"primary":"Neve Yaakov"},"stage_history":[{"stage":6,"stage_label":"Construction started","valid_from":"2021-06-03","evidence_ref":["aa0039e910"]}],"extent_type":"built_up","area_m2":1005075.9,"source_crs":"EPSG:32636","in_east_jerusalem":true,"evidence_ref":["aa0039e910","ea4ccc2225"]}},{"type":"Feature","geometry":{"type":"Polygon","coordinates":[[[35.193533,31.824465],[35.193979,31.824248],[35.194434,31.823751],[35.194662,31.823113],[35.194962,31.822624],[35.195472,31.822686],[35.195727,31.822469],[35.196373,31.822453],[35.196382,31.821948],[35.197074,31.821855],[35.197165,31.822492],[35.197574,31.822508],[35.197911,31.822376],[35.197993,31.822088],[35.197856,31.821661],[35.198748,31.821303],[35.199067,31.820635],[35.199685,31.820565],[35.200286,31.820387],[35.200723,31.820495],[35.200577,31.820682],[35.200377,31.820783],[35.200404,31.821016],[35.200668,31.82114],[35.201251,31.821133],[35.202424,31.820752],[35.202552,31.820643],[35.202616,31.82027],[35.202424,31.820177],[35.20237,31.81933],[35.20207,31.817993],[35.202188,31.817325],[35.202607,31.817644],[35.202634,31.818359],[35.203526,31.818289],[35.203999,31.817877],[35.202597,31.817302],[35.202861,31.816844],[35.203944,31.817325],[35.205746,31.817916],[35.206128,31.817947],[35.206665,31.817659],[35.207111,31.817255],[35.207411,31.816168],[35.20773,31.815748],[35.207857,31.81529],[35.207775,31.814917],[35.206638,31.813728],[35.204727,31.812275],[35.204263,31.812119],[35.203653,31.812143],[35.203071,31.812368],[35.202325,31.81299],[35.202052,31.813487],[35.201324,31.814248],[35.200441,31.814738],[35.20055,31.814264],[35.200295,31.813666],[35.199185,31.813557],[35.199103,31.813448],[35.200277,31.813238],[35.200113,31.812353],[35.201688,31.812166],[35.202206,31.811949],[35.203162,31.811024],[35.203526,31.809998],[35.203162,31.809944],[35.202871,31.808833],[35.202572,31.808519],[35.197897,31.809687],[35.196842,31.809803],[35.191524,31.809586],[35.190869,31.810067],[35.190666,31.811896],[35.191088,31.813226],[35.191551,31.813168],[35.192033,31.813401],[35.192352,31.813378],[35.192234,31.812795],[35.193125,31.813176],[35.193152,31.813984],[35.193425,31.81431],[35.192515,31.814932],[35.192006,31.815025],[35.191396,31.815087],[35.191187,31.814854],[35.190941,31.814753],[35.190377,31.815141],[35.189248,31.81612],[35.187101,31.817138],[35.186436,31.817529],[35.185447,31.818824],[35.185253,31.819624],[35.185217,31.820222],[35.185071,31.820447],[35.184643,31.82246],[35.184634,31.822918],[35.184779,31.823392],[35.185216,31.823952],[35.185534,31.823983],[35.185804,31.82526],[35.186279,31.825741],[35.187327,31.826024],[35.187971,31.826005],[35.187955,31.825343],[35.187454,31.825242],[35.187427,31.825063],[35.187773,31.824667],[35.187645,31.824457],[35.187209,31.824542],[35.186963,31.824356],[35.186872,31.823936],[35.186936,31.823408],[35.187209,31.822903],[35.187655,31.822577],[35.188073,31.822476],[35.188356,31.821839],[35.188683,31.821792],[35.188765,31.821466],[35.189202,31.821497],[35.189512,31.820937],[35.190231,31.820091],[35.191168,31.819687],[35.192688,31.819236],[35.193479,31.818716],[35.193762,31.81734],[35.194217,31.816898],[35.194517,31.816447],[35.195518,31.816595],[35.195272,31.81755],[35.19469,31.818405],[35.194098,31.818918],[35.194398,31.819221],[35.194972,31.819112],[35.196082,31.817682],[35.196446,31.8179],[35.19549,31.819042],[35.195381,31.820122],[35.194644,31.820697],[35.194417,31.820309],[35.194307,31.819897],[35.193971,31.819664],[35.193725,31.819609],[35.193133,31.819842],[35.193206,31.820021],[35.193197,31.820363],[35.192833,31.820371],[35.19236,31.82058],[35.191159,31.821373],[35.190858,31.82166],[35.191277,31.821971],[35.191513,31.82229],[35.191049,31.822523],[35.190385,31.821816],[35.189748,31.821963],[35.189557,31.822864],[35.189812,31.822911],[35.189812,31.823175],[35.191204,31.823261],[35.191522,31.822989],[35.19205,31.823051],[35.191832,31.823385],[35.191522,31.823657],[35.190858,31.823859],[35.190603,31.824092],[35.190467,31.824364],[35.190312,31.824271],[35.189484,31.824185],[35.189211,31.824356],[35.189365,31.824884],[35.188992,31.825693],[35.189392,31.825747],[35.189248,31.826275],[35.18945,31.826448],[35.190581,31.826495],[35.19112,31.826284],[35.191112,31.825499],[35.192341,31.825095],[35.192687,31.824893],[35.193451,31.824877],[35.193533,31.824465]]]},"properties":{"entity_id":"ramot-allon","entity_type":"ej_settlement","name":"Ramot Allon","names":{"primary":"Ramot Allon"},"stage_history":[{"stage":6,"stage_label":"Construction started","valid_from":"2021-06-03","evidence_ref":["aa0039e910"]}],"extent_type":"built_up","area_m2":2104295.3,"source_crs":"EPSG:32636","in_east_jerusalem":true,"evidence_ref":["aa0039e910"]}},{"type":"Feature","geometry":{"type":"Polygon","coordinates":[[[35.216726,31.816588],[35.216863,31.816106],[35.217291,31.816219],[35.217912,31.816089],[35.217891,31.815359],[35.218746,31.814994],[35.219435,31.81454],[35.219622,31.814246],[35.220019,31.814341],[35.219968,31.813594],[35.219683,31.81329],[35.219703,31.812837],[35.220564,31.812572],[35.220385,31.811638],[35.221759,31.811646],[35.223021,31.810438],[35.223337,31.810012],[35.22342,31.809665],[35.224394,31.809613],[35.225434,31.80923],[35.225251,31.808846],[35.225006,31.808664],[35.225128,31.808221],[35.223968,31.80829],[35.223174,31.808012],[35.223255,31.807621],[35.222481,31.807213],[35.220578,31.807065],[35.218196,31.807891],[35.215203,31.808717],[35.214114,31.809482],[35.213737,31.809952],[35.213574,31.810308],[35.213242,31.810308],[35.213014,31.81076],[35.213228,31.811586],[35.213666,31.812718],[35.214206,31.812569],[35.214399,31.812847],[35.214949,31.81269],[35.215122,31.813264],[35.214979,31.813377],[35.214745,31.813403],[35.214389,31.813655],[35.214165,31.813325],[35.213932,31.813403],[35.214189,31.814067],[35.21503,31.814672],[35.214593,31.814933],[35.214969,31.81562],[35.215285,31.816002],[35.21612,31.816463],[35.2161,31.816654],[35.216425,31.81675],[35.216726,31.816588]]]},"properties":{"entity_id":"gid-115","entity_type":"ej_settlement","name":"Ramat Shlomo","names":{"primary":"Ramat Shlomo"},"stage_history":[{"stage":6,"stage_label":"Construction started","valid_from":"2021-06-03","evidence_ref":["aa0039e910"]}],"extent_type":"built_up","area_m2":636778.0,"source_crs":"EPSG:32636","in_east_jerusalem":true,"evidence_ref":["aa0039e910","98ac86eeef"]}},{"type":"Feature","geometry":{"type":"Polygon","coordinates":[[[35.243301,31.797673],[35.24324,31.796917],[35.24332,31.79537],[35.243843,31.794905],[35.245231,31.794131],[35.245835,31.794011],[35.246318,31.793581],[35.246882,31.793546],[35.247707,31.793701],[35.24823,31.793615],[35.248411,31.793116],[35.24827,31.792738],[35.247585,31.792016],[35.247283,31.791466],[35.247263,31.791019],[35.247404,31.790503],[35.247202,31.790091],[35.246981,31.789936],[35.245833,31.790074],[35.245169,31.790384],[35.244043,31.791209],[35.243459,31.79121],[35.241789,31.79164],[35.241507,31.79207],[35.241688,31.792517],[35.242373,31.793307],[35.242293,31.793806],[35.241689,31.794322],[35.239395,31.7947],[35.239294,31.795113],[35.239053,31.795337],[35.23861,31.79556],[35.237906,31.795698],[35.237604,31.795578],[35.236376,31.795544],[35.236114,31.795819],[35.235873,31.7963],[35.237826,31.797864],[35.23855,31.797847],[35.239355,31.797588],[35.240141,31.797691],[35.240724,31.798018],[35.240644,31.798362],[35.240725,31.798963],[35.24149,31.799204],[35.242456,31.798739],[35.24316,31.79812],[35.243301,31.797673]]]},"properties":{"entity_id":"gid-773","entity_type":"ej_settlement","name":"Unidentified settlement (gid-773)","names":{"primary":"Unidentified settlement (gid-773)"},"stage_history":[{"stage":6,"stage_label":"Construction started","valid_from":"2021-06-03","evidence_ref":["5bfc83daf8"]}],"extent_type":"built_up","area_m2":443748.9,"source_crs":"EPSG:32636","in_east_jerusalem":true,"evidence_ref":["5bfc83daf8"]}},{"type":"Feature","geometry":{"type":"Polygon","coordinates":[[[35.234621,31.804527],[35.234154,31.80254],[35.233956,31.802063],[35.232783,31.800219],[35.230586,31.800391],[35.230476,31.800377],[35.230522,31.80027],[35.22866,31.800433],[35.22772,31.800418],[35.226882,31.800235],[35.224982,31.799488],[35.223864,31.801472],[35.224841,31.802152],[35.225239,31.802659],[35.228605,31.802601],[35.228841,31.802665],[35.228687,31.803124],[35.228613,31.804015],[35.22973,31.804651],[35.231046,31.804884],[35.232213,31.804778],[35.233455,31.804459],[35.234572,31.805053],[35.234621,31.804527]]]},"properties":{"entity_id":"gid-111","entity_type":"ej_settlement","name":"Givat HaMivtar","names":{"primary":"Givat HaMivtar"},"stage_history":[{"stage":6,"stage_label":"Construction started","valid_from":"2021-06-03","evidence_ref":["aa0039e910"]}],"extent_type":"built_up","area_m2":355560.4,"source_crs":"EPSG:32636","in_east_jerusalem":true,"evidence_ref":["aa0039e910","b71d9c92af"]}},{"type":"Feature","geometry":{"type":"Polygon","coordinates":[[[35.237226,31.807502],[35.237842,31.807098],[35.238509,31.807381],[35.239364,31.807554],[35.240408,31.807256],[35.240824,31.807255],[35.241132,31.806237],[35.241212,31.805698],[35.241541,31.805816],[35.24233,31.80578],[35.243349,31.805206],[35.24345,31.804642],[35.243408,31.80439],[35.243686,31.80416],[35.243206,31.80347],[35.242801,31.803268],[35.242237,31.803153],[35.242111,31.803499],[35.241269,31.803441],[35.241007,31.803175],[35.241016,31.802859],[35.240275,31.802823],[35.240333,31.802348],[35.240182,31.802291],[35.240165,31.802068],[35.240417,31.80201],[35.240409,31.801751],[35.241125,31.80173],[35.241142,31.801536],[35.241411,31.801514],[35.241402,31.800672],[35.240947,31.800687],[35.240358,31.801039],[35.240333,31.801219],[35.240064,31.8015],[35.239861,31.801514],[35.239853,31.801219],[35.239588,31.800709],[35.238901,31.800644],[35.239044,31.799637],[35.23853,31.799501],[35.23778,31.798458],[35.237553,31.7983],[35.236972,31.798444],[35.236913,31.798674],[35.236222,31.79894],[35.236274,31.799108],[35.235995,31.799314],[35.236164,31.79989],[35.236593,31.799861],[35.236972,31.800113],[35.237613,31.80104],[35.23688,31.800918],[35.235474,31.801429],[35.235066,31.801443],[35.234571,31.800791],[35.233851,31.800996],[35.234154,31.801913],[35.234633,31.80169],[35.234777,31.80248],[35.235374,31.803587],[35.235415,31.804306],[35.235662,31.804728],[35.235518,31.805237],[35.235909,31.806343],[35.236063,31.807406],[35.236261,31.807915],[35.237226,31.807502]]]},"properties":{"entity_id":"gid-771","entity_type":"ej_settlement","name":"French Hill","names":{"primary":"French Hill"},"stage_history":[{"stage":6,"stage_label":"Construction started","valid_from":"2021-06-03","evidence_ref":["aa0039e910"]}],"extent_type":"built_up","area_m2":490998.8,"source_crs":"EPSG:32636","in_east_jerusalem":true,"evidence_ref":["aa0039e910","86e92be973"]}},{"type":"Feature","geometry":{"type":"MultiPolygon","coordinates":[[[[35.24744,31.833011],[35.247424,31.832361],[35.246853,31.83201],[35.246631,31.832064],[35.246679,31.831509],[35.246378,31.831455],[35.246346,31.832037],[35.246092,31.831942],[35.245728,31.831604],[35.245775,31.831469],[35.246393,31.830846],[35.246615,31.830833],[35.246979,31.830453],[35.247312,31.830886],[35.247043,31.831523],[35.247297,31.831685],[35.248057,31.830331],[35.248215,31.829763],[35.247597,31.829723],[35.247581,31.829587],[35.248406,31.829506],[35.248374,31.82891],[35.24709,31.82887],[35.246154,31.828153],[35.247216,31.827639],[35.247216,31.827923],[35.246963,31.828194],[35.247185,31.828383],[35.24766,31.827882],[35.247549,31.82753],[35.247897,31.82726],[35.248103,31.826664],[35.248182,31.8255],[35.247119,31.824756],[35.246517,31.824729],[35.245978,31.824973],[35.245994,31.825271],[35.244616,31.825907],[35.244711,31.826097],[35.245392,31.826178],[35.245662,31.826381],[35.245631,31.82703],[35.245361,31.827247],[35.244188,31.826774],[35.243887,31.82699],[35.243697,31.827329],[35.243491,31.827315],[35.243475,31.826828],[35.243633,31.826449],[35.242064,31.825786],[35.241018,31.825543],[35.240225,31.825665],[35.240257,31.826098],[35.240558,31.826396],[35.240574,31.826924],[35.240368,31.826951],[35.239877,31.826396],[35.239449,31.826396],[35.239179,31.82618],[35.238767,31.826342],[35.239148,31.826897],[35.239703,31.826775],[35.239877,31.827303],[35.24059,31.827167],[35.240527,31.827681],[35.240131,31.828128],[35.239085,31.827885],[35.238942,31.82844],[35.237896,31.828508],[35.237326,31.82867],[35.236074,31.830524],[35.236439,31.830781],[35.23533,31.831959],[35.235679,31.832216],[35.236709,31.831404],[35.2372,31.83158],[35.237533,31.831349],[35.238214,31.830443],[35.23842,31.829928],[35.238024,31.829698],[35.238039,31.829333],[35.238182,31.829171],[35.238895,31.829143],[35.238895,31.82982],[35.239228,31.830118],[35.239609,31.830212],[35.240053,31.830212],[35.240164,31.83055],[35.241527,31.830536],[35.241923,31.83078],[35.242637,31.83147],[35.242431,31.831849],[35.241654,31.832147],[35.241084,31.832187],[35.240798,31.832039],[35.240608,31.831592],[35.240481,31.830956],[35.239783,31.830916],[35.23972,31.831146],[35.239816,31.831985],[35.240101,31.832337],[35.240434,31.83258],[35.240387,31.832959],[35.24064,31.833135],[35.240339,31.833622],[35.240783,31.833852],[35.241148,31.83396],[35.241639,31.83396],[35.241766,31.833446],[35.241591,31.833432],[35.241591,31.833229],[35.241734,31.833135],[35.241734,31.832999],[35.242067,31.83285],[35.242241,31.833107],[35.243668,31.833093],[35.244793,31.832917],[35.245158,31.832673],[35.244651,31.833445],[35.24473,31.833634],[35.244128,31.833648],[35.244049,31.834243],[35.244651,31.834297],[35.245174,31.83469],[35.245571,31.834784],[35.246094,31.834784],[35.246395,31.834689],[35.246775,31.834351],[35.24744,31.833011]]],[[[35.237878,31.825941],[35.238438,31.825753],[35.238319,31.826168],[35.239098,31.825729],[35.238988,31.825001],[35.239401,31.825009],[35.239483,31.825338],[35.240171,31.825377],[35.241134,31.825298],[35.241097,31.824891],[35.241033,31.824711],[35.238988,31.824563],[35.238932,31.824101],[35.238593,31.824062],[35.238566,31.823882],[35.238079,31.823936],[35.237795,31.824226],[35.23752,31.823858],[35.237502,31.823537],[35.238492,31.823631],[35.239648,31.823599],[35.239592,31.822832],[35.239895,31.822628],[35.239932,31.822503],[35.241903,31.822573],[35.242472,31.822753],[35.242472,31.823363],[35.242773,31.823282],[35.242766,31.822808],[35.244178,31.822838],[35.245811,31.82272],[35.246196,31.822454],[35.246819,31.821287],[35.247296,31.820989],[35.247892,31.820942],[35.248488,31.821028],[35.249451,31.821795],[35.249699,31.822077],[35.250167,31.822202],[35.25135,31.822241],[35.251854,31.822421],[35.25202,31.822585],[35.251838,31.822723],[35.251909,31.823046],[35.25247,31.823556],[35.253561,31.823892],[35.253277,31.824362],[35.253406,31.824589],[35.253617,31.824597],[35.253791,31.824957],[35.253629,31.825102],[35.253774,31.82526],[35.254176,31.825529],[35.254938,31.825521],[35.25535,31.825231],[35.255579,31.824933],[35.255643,31.824643],[35.255625,31.824283],[35.255405,31.823946],[35.255093,31.823712],[35.254295,31.823555],[35.254194,31.823375],[35.25457,31.823015],[35.254716,31.822686],[35.254771,31.821754],[35.254908,31.821793],[35.254991,31.822165],[35.255781,31.822001],[35.256009,31.822347],[35.257198,31.822109],[35.259108,31.821471],[35.259411,31.821104],[35.25941,31.820348],[35.259208,31.819462],[35.258,31.819383],[35.257621,31.8192],[35.257246,31.819474],[35.256704,31.819287],[35.255916,31.819483],[35.255356,31.818817],[35.254943,31.818669],[35.25453,31.81859],[35.253898,31.818606],[35.253402,31.81874],[35.253155,31.818528],[35.252439,31.818239],[35.25243,31.817918],[35.252558,31.817753],[35.253273,31.817385],[35.253237,31.81715],[35.255254,31.817149],[35.255548,31.81722],[35.255869,31.817149],[35.255997,31.816867],[35.255988,31.816593],[35.255722,31.816476],[35.255135,31.816476],[35.25452,31.816124],[35.255244,31.816131],[35.255281,31.815427],[35.255409,31.815137],[35.255381,31.814902],[35.254969,31.814651],[35.254748,31.814197],[35.254776,31.813994],[35.254656,31.813728],[35.254308,31.81361],[35.254207,31.813665],[35.253565,31.813423],[35.253308,31.813438],[35.253226,31.813564],[35.252263,31.813541],[35.251428,31.813768],[35.250603,31.814058],[35.250741,31.814402],[35.251355,31.814394],[35.25197,31.81553],[35.251796,31.815796],[35.250751,31.816157],[35.250283,31.816071],[35.249283,31.81622],[35.249045,31.816008],[35.249989,31.815233],[35.249778,31.814943],[35.249255,31.815264],[35.249026,31.815069],[35.248311,31.815421],[35.247843,31.815891],[35.24755,31.816502],[35.247459,31.816917],[35.247184,31.817262],[35.246753,31.817528],[35.247147,31.817787],[35.246276,31.817991],[35.246166,31.817662],[35.245744,31.817607],[35.244846,31.817944],[35.245148,31.818367],[35.244653,31.81879],[35.244433,31.818508],[35.243874,31.818438],[35.243296,31.818493],[35.242535,31.81872],[35.24126,31.819386],[35.241554,31.819911],[35.240371,31.819997],[35.23949,31.819833],[35.237451,31.819083],[35.235893,31.819066],[35.234826,31.819258],[35.234373,31.819537],[35.234217,31.819717],[35.234547,31.819936],[35.234465,31.820296],[35.234556,31.820648],[35.234923,31.820938],[35.235584,31.821126],[35.235024,31.821173],[35.235162,31.821431],[35.235621,31.821423],[35.23563,31.821784],[35.235061,31.821627],[35.234603,31.821619],[35.234483,31.821768],[35.235199,31.822136],[35.235557,31.822261],[35.23585,31.822253],[35.235997,31.822527],[35.235786,31.822966],[35.236043,31.823467],[35.236667,31.824187],[35.236108,31.824587],[35.236291,31.824916],[35.237016,31.824689],[35.23708,31.824939],[35.236594,31.825315],[35.236658,31.825464],[35.237676,31.825456],[35.237676,31.825589],[35.23742,31.825738],[35.23753,31.826286],[35.23786,31.826309],[35.237878,31.825941]]],[[[35.242589,31.817365],[35.242048,31.816762],[35.241498,31.816888],[35.241397,31.816747],[35.24114,31.816802],[35.24114,31.816943],[35.240562,31.816951],[35.2407,31.817702],[35.241012,31.817702],[35.242589,31.817365]]]]},"properties":{"entity_id":"gid-760","entity_type":"ej_settlement","name":"Unidentified settlement (gid-760)","names":{"primary":"Unidentified settlement (gid-760)"},"stage_history":[{"stage":6,"stage_label":"Construction started","valid_from":"2021-06-03","evidence_ref":["5bfc83daf8"]}],"extent_type":"built_up","area_m2":2004196.2,"source_crs":"EPSG:32636","in_east_jerusalem":true,"evidence_ref":["5bfc83daf8"]}},{"type":"Feature","geometry":{"type":"Polygon","coordinates":[[[35.232486,31.799534],[35.231937,31.799088],[35.230476,31.798184],[35.230101,31.797635],[35.2299,31.797063],[35.229364,31.796697],[35.227059,31.794638],[35.226483,31.793746],[35.226161,31.793654],[35.225103,31.793929],[35.224862,31.794146],[35.224366,31.794982],[35.224313,31.795497],[35.224366,31.795909],[35.224969,31.796446],[35.224232,31.797304],[35.224032,31.798025],[35.223965,31.798849],[35.224621,31.799158],[35.225961,31.799501],[35.226698,31.799776],[35.227114,31.799581],[35.227422,31.798883],[35.227622,31.798906],[35.228105,31.799592],[35.22852,31.799672],[35.230155,31.799329],[35.230476,31.798505],[35.230918,31.798711],[35.230624,31.798974],[35.230758,31.799191],[35.231119,31.799454],[35.231535,31.799191],[35.232205,31.799877],[35.232446,31.799752],[35.232486,31.799534]]]},"properties":{"entity_id":"gid-112","entity_type":"ej_settlement","name":"Ma'alot Dafna","names":{"primary":"Ma'alot Dafna"},"stage_history":[{"stage":6,"stage_label":"Construction started","valid_from":"2021-06-03","evidence_ref":["aa0039e910"]}],"extent_type":"built_up","area_m2":279733.1,"source_crs":"EPSG:32636","in_east_jerusalem":true,"evidence_ref":["aa0039e910","24a9ec4de0"]}},{"type":"Feature","geometry":{"type":"Polygon","coordinates":[[[35.199772,31.734901],[35.200623,31.734829],[35.200665,31.735081],[35.200808,31.735203],[35.201087,31.735182],[35.201238,31.735477],[35.202359,31.735391],[35.202671,31.735131],[35.20268,31.734685],[35.202241,31.734656],[35.202225,31.734397],[35.202503,31.733849],[35.202284,31.733777],[35.202284,31.733575],[35.202595,31.733561],[35.202579,31.733309],[35.202149,31.732941],[35.202149,31.732372],[35.198128,31.732999],[35.197884,31.731961],[35.197353,31.730953],[35.197353,31.73047],[35.197766,31.730088],[35.198002,31.730247],[35.198263,31.730737],[35.198693,31.73073],[35.198971,31.730931],[35.199822,31.730477],[35.199991,31.730564],[35.200261,31.730427],[35.200075,31.730124],[35.200244,31.729988],[35.199553,31.729685],[35.198362,31.728803],[35.196988,31.729476],[35.197161,31.729955],[35.196686,31.730453],[35.196017,31.730693],[35.193988,31.730693],[35.193708,31.73025],[35.19414,31.728424],[35.193946,31.728019],[35.192996,31.727797],[35.193083,31.727096],[35.192435,31.727041],[35.192306,31.727889],[35.191507,31.728037],[35.191033,31.728332],[35.190364,31.728221],[35.189652,31.727871],[35.190019,31.727483],[35.190234,31.726949],[35.18963,31.726635],[35.188983,31.726598],[35.188185,31.726672],[35.188185,31.726948],[35.187321,31.727243],[35.18689,31.727649],[35.186933,31.728055],[35.186544,31.728055],[35.186437,31.727852],[35.186156,31.727944],[35.185768,31.728294],[35.18553,31.72905],[35.185163,31.729751],[35.185465,31.730102],[35.185163,31.730415],[35.183588,31.730913],[35.182703,31.7313],[35.182228,31.73165],[35.18225,31.731263],[35.182617,31.730323],[35.181559,31.730341],[35.181236,31.730931],[35.181084,31.731835],[35.180566,31.733273],[35.179573,31.734232],[35.18007,31.733457],[35.179876,31.733015],[35.17925,31.732849],[35.178473,31.733992],[35.17735,31.734932],[35.17707,31.735449],[35.176875,31.736131],[35.177242,31.737127],[35.176702,31.737016],[35.17668,31.738178],[35.176486,31.739469],[35.176852,31.740022],[35.177543,31.739561],[35.177543,31.739137],[35.177781,31.738565],[35.177759,31.737828],[35.178752,31.738123],[35.179162,31.739193],[35.179663,31.739715],[35.179862,31.739701],[35.180543,31.739119],[35.181665,31.739488],[35.182183,31.739525],[35.182448,31.740006],[35.182635,31.740009],[35.183279,31.739588],[35.183111,31.739341],[35.183197,31.739138],[35.183478,31.739138],[35.183629,31.738493],[35.183629,31.737774],[35.183349,31.737349],[35.182874,31.736999],[35.182831,31.736243],[35.182594,31.735855],[35.18227,31.735616],[35.181536,31.735505],[35.181796,31.734435],[35.182184,31.733882],[35.182573,31.734232],[35.183198,31.734159],[35.18376,31.733569],[35.183328,31.733052],[35.184666,31.732702],[35.186997,31.732426],[35.188054,31.733496],[35.187471,31.733846],[35.187924,31.734399],[35.18814,31.735211],[35.188183,31.735801],[35.18842,31.736188],[35.188917,31.736742],[35.188809,31.737221],[35.188053,31.737239],[35.187708,31.737608],[35.186806,31.738252],[35.186784,31.738997],[35.187207,31.739624],[35.1878,31.739769],[35.188449,31.739793],[35.18924,31.739564],[35.189477,31.739397],[35.189693,31.738881],[35.189715,31.737627],[35.189132,31.737461],[35.189197,31.73676],[35.189672,31.736815],[35.190341,31.736742],[35.190535,31.736981],[35.190276,31.737443],[35.190686,31.737811],[35.191376,31.737756],[35.191657,31.737553],[35.191981,31.736871],[35.191938,31.736465],[35.191636,31.736059],[35.191787,31.735709],[35.191809,31.734363],[35.191981,31.734326],[35.19196,31.734031],[35.191658,31.733625],[35.191334,31.7325],[35.190838,31.73215],[35.189845,31.732168],[35.189656,31.731256],[35.189471,31.730952],[35.189311,31.730433],[35.190753,31.729886],[35.191747,31.729987],[35.192543,31.730295],[35.191786,31.730725],[35.191263,31.730786],[35.191235,31.731022],[35.192027,31.731233],[35.192663,31.732502],[35.193073,31.732768],[35.193384,31.733149],[35.19354,31.73388],[35.193511,31.734757],[35.193688,31.736545],[35.194091,31.736769],[35.194147,31.737047],[35.195086,31.737047],[35.195169,31.737919],[35.195865,31.738361],[35.196255,31.738884],[35.196318,31.739053],[35.195434,31.739217],[35.195342,31.739313],[35.195406,31.739615],[35.195781,31.740377],[35.196573,31.740238],[35.196749,31.740123],[35.198143,31.739912],[35.197881,31.738884],[35.197881,31.738377],[35.198642,31.738373],[35.199173,31.738135],[35.19983,31.737631],[35.200033,31.737314],[35.200058,31.736601],[35.199949,31.736046],[35.199426,31.736017],[35.199434,31.735607],[35.199864,31.735513],[35.199772,31.734901]]]},"properties":{"entity_id":"gid-840","entity_type":"ej_settlement","name":"Gilo","names":{"primary":"Gilo"},"stage_history":[{"stage":6,"stage_label":"Construction started","valid_from":"2021-06-03","evidence_ref":["aa0039e910"]}],"extent_type":"built_up","area_m2":1676363.5,"source_crs":"EPSG:32636","in_east_jerusalem":true,"evidence_ref":["aa0039e910","5bee6c378b"]}},{"type":"Feature","geometry":{"type":"Polygon","coordinates":[[[35.227736,31.751153],[35.227904,31.753801],[35.228034,31.754218],[35.228271,31.754073],[35.228913,31.754073],[35.229648,31.753947],[35.229608,31.75269],[35.230384,31.753399],[35.231026,31.753741],[35.231575,31.753787],[35.231735,31.753615],[35.231722,31.75333],[35.230705,31.753204],[35.23021,31.752507],[35.230116,31.751993],[35.229848,31.751833],[35.230557,31.751501],[35.230785,31.751684],[35.231133,31.751684],[35.231266,31.751478],[35.231387,31.751433],[35.231989,31.75245],[35.232337,31.752678],[35.23342,31.752792],[35.233567,31.752586],[35.233353,31.752244],[35.232778,31.751981],[35.232885,31.751661],[35.232537,31.751421],[35.232283,31.751009],[35.232523,31.750884],[35.233848,31.751638],[35.234597,31.752198],[35.234811,31.752529],[35.234517,31.752758],[35.234397,31.753055],[35.235627,31.752975],[35.235962,31.75278],[35.236603,31.752094],[35.236898,31.752106],[35.237299,31.751911],[35.237499,31.751637],[35.237967,31.751477],[35.237967,31.751134],[35.238529,31.751145],[35.23881,31.751294],[35.240883,31.751522],[35.241525,31.751327],[35.241605,31.750744],[35.241458,31.750584],[35.240656,31.750584],[35.238636,31.749854],[35.238248,31.749568],[35.238248,31.749271],[35.238408,31.748939],[35.239772,31.747236],[35.238982,31.746939],[35.239049,31.74671],[35.239343,31.746505],[35.239571,31.746139],[35.239463,31.745785],[35.239223,31.745453],[35.239276,31.744504],[35.239436,31.743864],[35.239168,31.743499],[35.238794,31.743259],[35.238366,31.743133],[35.237617,31.743202],[35.237162,31.743385],[35.236814,31.743694],[35.236507,31.744597],[35.236681,31.745019],[35.236093,31.745591],[35.23616,31.746151],[35.236053,31.746688],[35.235799,31.74718],[35.235719,31.747648],[35.235371,31.748037],[35.23489,31.748837],[35.234529,31.748597],[35.234101,31.748597],[35.233807,31.74886],[35.233794,31.74958],[35.234703,31.74966],[35.234436,31.750072],[35.233994,31.750289],[35.233459,31.750289],[35.232951,31.750141],[35.23267,31.749741],[35.23255,31.749318],[35.232697,31.748986],[35.233125,31.748495],[35.233245,31.747832],[35.233686,31.74782],[35.233793,31.748106],[35.234034,31.748083],[35.234716,31.747283],[35.234608,31.746403],[35.234876,31.74598],[35.234862,31.745226],[35.234715,31.74478],[35.234999,31.744613],[35.234122,31.743317],[35.232931,31.743129],[35.232137,31.743506],[35.231719,31.743912],[35.231371,31.744392],[35.231572,31.744575],[35.230783,31.745638],[35.230133,31.746148],[35.230384,31.746627],[35.230778,31.746479],[35.230998,31.746676],[35.231496,31.746676],[35.231381,31.747646],[35.230489,31.747597],[35.229783,31.747904],[35.229447,31.74825],[35.227965,31.750408],[35.228405,31.750566],[35.227736,31.751153]]]},"properties":{"entity_id":"gid-830","entity_type":"settlement","name":"East Talpiot","names":{"primary":"East Talpiot"},"stage_history":[{"stage":6,"stage_label":"Construction started","valid_from":"2021-06-03","evidence_ref":["aa0039e910"]}],"extent_type":"built_up","area_m2":805426.8,"source_crs":"EPSG:32636","in_east_jerusalem":false,"evidence_ref":["aa0039e910","de7c47eb7a"]}},{"type":"Feature","geometry":{"type":"Polygon","coordinates":[[[35.234409,31.777249],[35.234696,31.775687],[35.235711,31.775838],[35.235847,31.775149],[35.233645,31.774848],[35.23335,31.774394],[35.232479,31.774059],[35.232407,31.773505],[35.231572,31.773321],[35.231565,31.773241],[35.231097,31.773143],[35.231104,31.773082],[35.229859,31.77294],[35.229859,31.773063],[35.230651,31.773137],[35.23068,31.773703],[35.230471,31.773789],[35.2305,31.773862],[35.230629,31.77385],[35.230615,31.773789],[35.230809,31.773813],[35.230817,31.774268],[35.230083,31.774342],[35.229903,31.774268],[35.229989,31.775461],[35.230234,31.775449],[35.230241,31.775553],[35.23081,31.775498],[35.230802,31.775614],[35.230522,31.775694],[35.230508,31.775799],[35.230759,31.775799],[35.230767,31.776155],[35.230572,31.776174],[35.2305,31.776371],[35.230342,31.776297],[35.230378,31.776082],[35.230256,31.776057],[35.230227,31.776223],[35.230054,31.776137],[35.230083,31.775916],[35.229889,31.775904],[35.229903,31.776193],[35.230479,31.77658],[35.230925,31.77669],[35.230925,31.776875],[35.231278,31.776875],[35.231271,31.776746],[35.231559,31.776776],[35.231566,31.777053],[35.231652,31.777053],[35.231731,31.776795],[35.231796,31.776795],[35.231803,31.776862],[35.231976,31.776887],[35.231976,31.776954],[35.232696,31.77696],[35.232933,31.777071],[35.232984,31.776757],[35.233228,31.776807],[35.233178,31.777022],[35.233545,31.777083],[35.233588,31.776948],[35.233739,31.776991],[35.233761,31.777102],[35.234027,31.777132],[35.234106,31.777231],[35.234409,31.777249]]]},"properties":{"entity_id":"gid-631","entity_type":"ej_settlement","name":"Jewish Quarter","names":{"primary":"Jewish Quarter"},"stage_history":[{"stage":6,"stage_label":"Construction started","valid_from":"2021-06-03","evidence_ref":["aa0039e910"]}],"extent_type":"built_up","area_m2":142585.0,"source_crs":"EPSG:32636","in_east_jerusalem":true,"evidence_ref":["aa0039e910","94e14d0e15"]}},{"type":"Feature","geometry":{"type":"Polygon","coordinates":[[[35.219459,31.729395],[35.220054,31.729069],[35.220023,31.728811],[35.219068,31.727587],[35.218368,31.726296],[35.21832,31.725806],[35.218447,31.725289],[35.218383,31.724786],[35.217747,31.723481],[35.217874,31.72344],[35.219449,31.7248],[35.219195,31.726024],[35.219227,31.727098],[35.219688,31.727805],[35.220436,31.728253],[35.221263,31.728294],[35.222457,31.7276],[35.222663,31.727682],[35.223888,31.72707],[35.224206,31.727002],[35.224254,31.727478],[35.224397,31.727682],[35.225654,31.727042],[35.226084,31.726267],[35.225873,31.725873],[35.226099,31.725709],[35.22629,31.726021],[35.226533,31.72614],[35.226759,31.72614],[35.226794,31.72562],[35.227959,31.72556],[35.228167,31.725382],[35.227732,31.724892],[35.227663,31.724595],[35.227645,31.723822],[35.228062,31.723465],[35.227715,31.723406],[35.227871,31.723005],[35.229076,31.722788],[35.229561,31.723329],[35.229986,31.723525],[35.230329,31.723566],[35.23052,31.723488],[35.230548,31.722473],[35.230429,31.72207],[35.230171,31.721833],[35.229909,31.721732],[35.229417,31.720613],[35.229104,31.72036],[35.228461,31.720093],[35.226705,31.719068],[35.226045,31.719217],[35.224446,31.719306],[35.222673,31.719009],[35.221874,31.718995],[35.221456,31.718801],[35.2209,31.718787],[35.220744,31.719188],[35.219857,31.719262],[35.219583,31.719767],[35.21851,31.720285],[35.217015,31.720802],[35.216649,31.720693],[35.216315,31.721006],[35.215917,31.721673],[35.215822,31.722652],[35.216331,31.722692],[35.217301,31.72427],[35.216872,31.724474],[35.217143,31.726187],[35.217596,31.726287],[35.217338,31.727241],[35.217408,31.727434],[35.217843,31.727657],[35.219233,31.728979],[35.219459,31.729395]]]},"properties":{"entity_id":"gid-852","entity_type":"ej_settlement","name":"Har Homa","names":{"primary":"Har Homa"},"stage_history":[{"stage":6,"stage_label":"Construction started","valid_from":"2021-06-03","evidence_ref":["aa0039e910"]}],"extent_type":"built_up","area_m2":966003.8,"source_crs":"EPSG:32636","in_east_jerusalem":true,"evidence_ref":["aa0039e910","f05283f1b7"]}},{"type":"Feature","geometry":{"type":"MultiPolygon","coordinates":[[[[35.207925,31.740481],[35.207865,31.740185],[35.20736,31.740178],[35.207322,31.740017],[35.207609,31.739966],[35.207533,31.739837],[35.207096,31.739843],[35.207043,31.739631],[35.207232,31.73954],[35.207141,31.739424],[35.206637,31.739415],[35.206832,31.739908],[35.206604,31.739927],[35.206577,31.740284],[35.207341,31.740262],[35.207417,31.740583],[35.207925,31.740481]]],[[[35.208943,31.740088],[35.209162,31.740043],[35.209253,31.740191],[35.209387,31.740204],[35.20978,31.740082],[35.209517,31.739888],[35.209049,31.739869],[35.208401,31.740127],[35.208378,31.740307],[35.208943,31.740262],[35.208943,31.740088]]],[[[35.209984,31.73954],[35.209803,31.739437],[35.209569,31.73974],[35.209698,31.73983],[35.209984,31.73954]]],[[[35.20822,31.739637],[35.208174,31.739373],[35.208551,31.739296],[35.208551,31.738922],[35.208325,31.738819],[35.208069,31.738832],[35.20831,31.739018],[35.208242,31.739225],[35.207405,31.739308],[35.207503,31.739502],[35.207903,31.739476],[35.207963,31.739663],[35.20822,31.739637]]],[[[35.210519,31.738767],[35.210157,31.73849],[35.210097,31.738541],[35.210399,31.73887],[35.210519,31.738767]]],[[[35.207496,31.738632],[35.208152,31.73838],[35.208431,31.73838],[35.208438,31.738277],[35.208099,31.73829],[35.208061,31.738123],[35.208498,31.738123],[35.208491,31.738045],[35.208144,31.738032],[35.208121,31.737891],[35.208627,31.737665],[35.208536,31.737498],[35.208189,31.737465],[35.207993,31.737568],[35.208023,31.737678],[35.207933,31.737717],[35.207835,31.737472],[35.207624,31.737607],[35.207541,31.737762],[35.207873,31.737955],[35.20739,31.738136],[35.207239,31.7384],[35.207496,31.738632]]],[[[35.209298,31.737678],[35.209049,31.737678],[35.209064,31.737813],[35.209335,31.737826],[35.209471,31.737942],[35.209713,31.737923],[35.20963,31.737723],[35.209298,31.737678]]],[[[35.207978,31.73715],[35.207842,31.73693],[35.207511,31.737085],[35.207631,31.737272],[35.20742,31.737414],[35.207473,31.737485],[35.207782,31.737362],[35.207729,31.737278],[35.207978,31.73715]]],[[[35.209132,31.737298],[35.208649,31.73715],[35.208408,31.737246],[35.208529,31.73742],[35.209162,31.737414],[35.209132,31.737298]]],[[[35.208046,31.736466],[35.207805,31.736338],[35.207707,31.736466],[35.207842,31.736589],[35.208046,31.736466]]]]},"properties":{"entity_id":"gid-851","entity_type":"ej_settlement","name":"Givat HaMatos","names":{"primary":"Givat HaMatos"},"stage_history":[{"stage":6,"stage_label":"Construction started","valid_from":"2021-06-03","evidence_ref":["aa0039e910"]}],"extent_type":"built_up","area_m2":28611.8,"source_crs":"EPSG:32636","in_east_jerusalem":true,"evidence_ref":["aa0039e910","fdefc796a5"]}},{"type":"Feature","geometry":{"type":"Polygon","coordinates":[[[35.225239,31.802659],[35.224841,31.802152],[35.223864,31.801472],[35.224982,31.799488],[35.22398,31.799051],[35.224024,31.800024],[35.223935,31.80051],[35.223645,31.801149],[35.22109,31.802829],[35.222778,31.803592],[35.223846,31.803719],[35.224367,31.803507],[35.225239,31.802659]]]},"properties":{"entity_id":"gid-113","entity_type":"ej_settlement","name":"Ramat Eshkol","names":{"primary":"Ramat Eshkol"},"stage_history":[{"stage":6,"stage_label":"Construction started","valid_from":"2021-06-03","evidence_ref":["aa0039e910"]}],"extent_type":"built_up","area_m2":74001.0,"source_crs":"EPSG:32636","in_east_jerusalem":true,"evidence_ref":["aa0039e910","663c67bb68"]}},{"type":"Feature","geometry":{"type":"Polygon","coordinates":[[[35.304323,31.766147],[35.30389,31.765229],[35.303725,31.76515],[35.30336,31.765126],[35.302408,31.765883],[35.302407,31.765154],[35.302018,31.764712],[35.301682,31.764712],[35.301061,31.764757],[35.299872,31.766217],[35.299447,31.766283],[35.299406,31.765908],[35.299845,31.765532],[35.301164,31.764005],[35.301079,31.763568],[35.300858,31.763322],[35.300207,31.763217],[35.299326,31.763874],[35.298717,31.764542],[35.298525,31.765157],[35.29775,31.765489],[35.297155,31.765909],[35.296457,31.766617],[35.296069,31.766817],[35.296016,31.765954],[35.295731,31.765269],[35.2948,31.765358],[35.294076,31.765845],[35.293636,31.766531],[35.293482,31.767261],[35.292758,31.767548],[35.292447,31.767814],[35.291439,31.768257],[35.290818,31.768832],[35.290586,31.769318],[35.290949,31.770578],[35.290175,31.773187],[35.290253,31.773652],[35.289762,31.77405],[35.289131,31.776986],[35.289545,31.77745],[35.290373,31.777074],[35.290708,31.775747],[35.291096,31.775305],[35.292157,31.775127],[35.292622,31.774265],[35.293475,31.773689],[35.294147,31.772384],[35.294612,31.772141],[35.296473,31.769378],[35.29699,31.769688],[35.297172,31.770196],[35.295672,31.77086],[35.295078,31.77201],[35.294742,31.772939],[35.293036,31.774686],[35.293037,31.77546],[35.293891,31.775636],[35.294356,31.774752],[35.294692,31.77442],[35.294538,31.775393],[35.294668,31.776034],[35.294617,31.776675],[35.295187,31.777647],[35.295187,31.778089],[35.294773,31.778045],[35.293867,31.77756],[35.293272,31.777516],[35.292936,31.778047],[35.293429,31.779264],[35.293403,31.779684],[35.293636,31.780016],[35.294025,31.780016],[35.294361,31.779728],[35.294205,31.779264],[35.294308,31.778755],[35.294463,31.7786],[35.294722,31.778667],[35.294955,31.778932],[35.294723,31.779263],[35.294645,31.779684],[35.294775,31.780059],[35.295241,31.780501],[35.295553,31.781142],[35.295294,31.781407],[35.29545,31.781982],[35.296382,31.782622],[35.2969,31.783131],[35.297341,31.783705],[35.297522,31.784081],[35.297549,31.785075],[35.29742,31.785562],[35.297058,31.785651],[35.29662,31.786222],[35.296482,31.786111],[35.296145,31.786287],[35.296371,31.786514],[35.29605,31.786834],[35.296361,31.787298],[35.297086,31.787585],[35.297811,31.787629],[35.29794,31.788093],[35.298744,31.789308],[35.299004,31.790789],[35.299445,31.79112],[35.299911,31.791319],[35.300045,31.79202],[35.300669,31.792083],[35.300998,31.792003],[35.30144,31.793716],[35.301959,31.794755],[35.302219,31.795639],[35.302401,31.796744],[35.303463,31.797561],[35.304784,31.797936],[35.305353,31.797582],[35.305456,31.797073],[35.305119,31.796653],[35.304342,31.796101],[35.303798,31.795417],[35.30315,31.795218],[35.303124,31.795041],[35.303959,31.794402],[35.304028,31.793255],[35.303724,31.792634],[35.303148,31.792298],[35.302187,31.790134],[35.301177,31.78987],[35.300064,31.789274],[35.299365,31.789075],[35.299782,31.788799],[35.298665,31.787683],[35.299259,31.786827],[35.299802,31.786694],[35.300397,31.786429],[35.300578,31.785854],[35.300371,31.785566],[35.300369,31.784351],[35.299954,31.783444],[35.300212,31.782494],[35.300186,31.78203],[35.299564,31.78119],[35.299279,31.78066],[35.299719,31.780748],[35.300598,31.780283],[35.301375,31.78057],[35.30254,31.781188],[35.303291,31.781762],[35.30381,31.782712],[35.30438,31.783132],[35.305182,31.78291],[35.305569,31.782092],[35.305516,31.781163],[35.304842,31.780125],[35.303781,31.779529],[35.302874,31.778667],[35.302226,31.778248],[35.301527,31.778027],[35.300388,31.7771],[35.300491,31.776679],[35.301061,31.777055],[35.301785,31.777253],[35.302536,31.777208],[35.303545,31.77734],[35.304529,31.77734],[35.305371,31.778491],[35.306562,31.779263],[35.307727,31.779572],[35.308271,31.779815],[35.309852,31.782267],[35.310015,31.782746],[35.309948,31.783157],[35.309011,31.784485],[35.308877,31.784975],[35.30861,31.785386],[35.308415,31.785386],[35.308311,31.78548],[35.308312,31.785761],[35.308489,31.786245],[35.309044,31.786869],[35.309486,31.787123],[35.308531,31.788584],[35.30784,31.792032],[35.308428,31.794042],[35.309514,31.793615],[35.309693,31.792483],[35.311281,31.792199],[35.311457,31.790512],[35.312095,31.79051],[35.312412,31.790369],[35.312582,31.790119],[35.312959,31.78914],[35.313019,31.788646],[35.312323,31.787933],[35.312646,31.787506],[35.312603,31.787329],[35.312371,31.787199],[35.31228,31.787038],[35.312389,31.786856],[35.312822,31.787064],[35.313047,31.786788],[35.313032,31.786496],[35.314592,31.785805],[35.314643,31.785881],[35.315112,31.785833],[35.315016,31.785617],[35.315739,31.785297],[35.315973,31.784457],[35.314813,31.784134],[35.31427,31.785467],[35.311825,31.786454],[35.311693,31.785965],[35.311073,31.785629],[35.311408,31.784943],[35.311638,31.785045],[35.311954,31.784967],[35.312418,31.785175],[35.313216,31.785008],[35.31324,31.7847],[35.31313,31.784524],[35.313215,31.784352],[35.31305,31.784232],[35.313087,31.783956],[35.313525,31.784065],[35.313684,31.783977],[35.313813,31.78357],[35.314305,31.782995],[35.313967,31.781713],[35.314224,31.780972],[35.313836,31.780376],[35.31399,31.779912],[35.314637,31.779911],[35.315025,31.779734],[35.315076,31.77927],[35.314688,31.778828],[35.317108,31.77898],[35.318039,31.779179],[35.318816,31.779111],[35.319436,31.778404],[35.31972,31.777762],[35.319125,31.777763],[35.318452,31.777962],[35.317366,31.778649],[35.31703,31.778737],[35.314649,31.778518],[35.314311,31.777988],[35.314441,31.777678],[35.315683,31.777589],[35.316458,31.777013],[35.316535,31.776328],[35.315784,31.775997],[35.314543,31.776485],[35.313507,31.776264],[35.312757,31.776199],[35.312162,31.77631],[35.311593,31.777194],[35.310947,31.777416],[35.310248,31.777306],[35.309731,31.777727],[35.309343,31.77839],[35.308852,31.778545],[35.308308,31.778502],[35.307971,31.77806],[35.306884,31.777464],[35.306702,31.776801],[35.306158,31.776536],[35.305769,31.776072],[35.30507,31.775453],[35.304656,31.775233],[35.304293,31.774492],[35.303749,31.774316],[35.303153,31.773919],[35.302972,31.773499],[35.302609,31.773013],[35.3016,31.772859],[35.30134,31.772395],[35.300926,31.772262],[35.300124,31.772484],[35.300073,31.772727],[35.300151,31.773191],[35.300384,31.773479],[35.300772,31.773633],[35.300747,31.773743],[35.300074,31.773722],[35.299453,31.773457],[35.299245,31.772971],[35.299581,31.772772],[35.299814,31.772285],[35.300202,31.772285],[35.300745,31.771953],[35.301081,31.771643],[35.301572,31.7714],[35.301961,31.771532],[35.302115,31.771045],[35.301959,31.770316],[35.301519,31.769941],[35.30082,31.76972],[35.300225,31.770096],[35.299993,31.770384],[35.299993,31.770185],[35.300509,31.769212],[35.300923,31.768979],[35.301674,31.769178],[35.30245,31.769177],[35.303071,31.769641],[35.304003,31.770038],[35.304521,31.770436],[35.305324,31.770855],[35.305867,31.770545],[35.306152,31.770921],[35.3068,31.772158],[35.307499,31.772357],[35.309167,31.771338],[35.309671,31.770708],[35.309729,31.770245],[35.309955,31.769617],[35.309881,31.768728],[35.310001,31.768576],[35.309888,31.768287],[35.30875,31.768177],[35.307042,31.768864],[35.306783,31.768621],[35.307041,31.767206],[35.306549,31.766919],[35.305695,31.766876],[35.304583,31.768004],[35.304221,31.767938],[35.304194,31.767363],[35.304427,31.766965],[35.304323,31.766147]]]},"properties":{"entity_id":"maale-adumim","entity_type":"settlement","name":"Maale Adumim","names":{"primary":"Maale Adumim"},"stage_history":[{"stage":6,"stage_label":"Construction started","valid_from":"2021-06-03","evidence_ref":["aa0039e910"]}],"extent_type":"built_up","area_m2":3399854.6,"source_crs":"EPSG:32636","in_east_jerusalem":false,"evidence_ref":["aa0039e910"]}},{"type":"Feature","geometry":{"type":"Polygon","coordinates":[[[35.030959,31.931935],[35.032139,31.931845],[35.034541,31.931848],[35.035056,31.931776],[35.0351,31.931117],[35.035551,31.930953],[35.035938,31.930241],[35.036282,31.93004],[35.03701,31.930187],[35.036816,31.930717],[35.037052,31.930992],[35.037652,31.930956],[35.037868,31.93072],[35.038112,31.929181],[35.038101,31.928562],[35.03785,31.928323],[35.038197,31.927625],[35.037733,31.927401],[35.037427,31.927576],[35.037309,31.928072],[35.037057,31.927956],[35.035577,31.928283],[35.035148,31.928539],[35.034675,31.928977],[35.03415,31.928889],[35.033367,31.928579],[35.033098,31.928578],[35.032919,31.928664],[35.032805,31.928827],[35.0328,31.929263],[35.032991,31.929532],[35.033089,31.929557],[35.032813,31.930024],[35.03252,31.930026],[35.032355,31.930255],[35.032295,31.930828],[35.032461,31.931608],[35.032032,31.931662],[35.031024,31.931679],[35.031008,31.929118],[35.030752,31.928204],[35.031674,31.928187],[35.031804,31.92762],[35.031139,31.927527],[35.03099,31.927198],[35.030561,31.927106],[35.030196,31.927471],[35.029958,31.928257],[35.030365,31.928551],[35.0305,31.928878],[35.030465,31.929809],[35.030276,31.930215],[35.029612,31.930196],[35.029697,31.930616],[35.029503,31.931037],[35.029118,31.930268],[35.028305,31.929554],[35.027167,31.929954],[35.02691,31.929936],[35.027361,31.929534],[35.027748,31.928986],[35.027772,31.927962],[35.026892,31.927906],[35.025733,31.928562],[35.026156,31.93034],[35.026739,31.931022],[35.028356,31.93252],[35.028323,31.930998],[35.029138,31.930963],[35.029416,31.93153],[35.029781,31.931476],[35.029779,31.93261],[35.030808,31.932575],[35.030959,31.931935]]]},"properties":{"entity_id":"matityahu","entity_type":"settlement","name":"Matityahu","names":{"primary":"Matityahu","hebrew":"מתתיהו"},"stage_history":[{"stage":6,"stage_label":"Construction started","valid_from":"2021-06-03","evidence_ref":["aa0039e910"]}],"extent_type":"built_up","area_m2":304588.8,"source_crs":"EPSG:32636","in_east_jerusalem":false,"evidence_ref":["aa0039e910"]}},{"type":"Feature","geometry":{"type":"Polygon","coordinates":[[[35.162334,31.66991],[35.162528,31.670931],[35.162916,31.6722],[35.163539,31.673398],[35.164053,31.673802],[35.164801,31.674087],[35.165453,31.673945],[35.165273,31.673387],[35.165398,31.673233],[35.165703,31.673174],[35.166023,31.672936],[35.166383,31.672842],[35.166771,31.673316],[35.167077,31.673411],[35.167326,31.673744],[35.167867,31.674028],[35.167922,31.674467],[35.168796,31.674752],[35.168782,31.675061],[35.169087,31.67614],[35.169572,31.676224],[35.169961,31.676034],[35.170363,31.675464],[35.170586,31.674575],[35.170156,31.673555],[35.169435,31.673139],[35.169033,31.673115],[35.168533,31.672913],[35.168256,31.673056],[35.168103,31.673269],[35.167812,31.673234],[35.167604,31.672949],[35.16759,31.672664],[35.166987,31.672297],[35.168632,31.671538],[35.168306,31.670956],[35.166987,31.671994],[35.166356,31.671543],[35.166065,31.672153],[35.165038,31.670997],[35.164859,31.669776],[35.163819,31.669538],[35.163763,31.669265],[35.163819,31.668566],[35.163209,31.668459],[35.162002,31.668079],[35.161586,31.66764],[35.161045,31.667699],[35.160782,31.667544],[35.160574,31.666797],[35.160574,31.666477],[35.160366,31.666073],[35.159756,31.665349],[35.159465,31.664851],[35.159299,31.664768],[35.158134,31.664744],[35.157898,31.664601],[35.15769,31.66415],[35.157732,31.663842],[35.157538,31.66364],[35.157344,31.663628],[35.156845,31.66313],[35.156277,31.661729],[35.15575,31.661645],[35.155514,31.661788],[35.155056,31.661882],[35.154529,31.661704],[35.154044,31.661419],[35.154779,31.661242],[35.154904,31.661088],[35.154156,31.660304],[35.153726,31.659059],[35.153741,31.657552],[35.153256,31.656425],[35.153395,31.655953],[35.153645,31.655787],[35.153659,31.655668],[35.153423,31.655597],[35.153243,31.65581],[35.153076,31.65632],[35.152494,31.65619],[35.15248,31.655869],[35.152965,31.655751],[35.15309,31.655585],[35.152314,31.65543],[35.15205,31.655525],[35.15083,31.655062],[35.150969,31.654718],[35.151552,31.654161],[35.152232,31.653734],[35.152953,31.653817],[35.153424,31.653533],[35.153716,31.653177],[35.154268,31.652714],[35.154105,31.651974],[35.154304,31.651768],[35.154299,31.651298],[35.154202,31.65099],[35.154618,31.650871],[35.154938,31.650587],[35.154743,31.650444],[35.154327,31.650444],[35.154133,31.650622],[35.153745,31.65074],[35.153578,31.65112],[35.15355,31.651701],[35.153702,31.652033],[35.153647,31.652105],[35.152857,31.652009],[35.152621,31.651511],[35.15294,31.651143],[35.153218,31.650657],[35.152968,31.65042],[35.15258,31.650277],[35.151984,31.650633],[35.151609,31.650965],[35.151567,31.651356],[35.150569,31.651581],[35.150277,31.651581],[35.150125,31.651296],[35.150098,31.650229],[35.150126,31.649837],[35.150237,31.6496],[35.150486,31.649648],[35.150764,31.649565],[35.151707,31.648581],[35.152137,31.648747],[35.152498,31.648533],[35.152873,31.648225],[35.152831,31.648023],[35.151015,31.647821],[35.149295,31.647785],[35.14838,31.647974],[35.147006,31.648484],[35.14684,31.648851],[35.148031,31.650868],[35.148156,31.651521],[35.147892,31.651711],[35.148377,31.65209],[35.148793,31.652209],[35.149098,31.652696],[35.14925,31.654131],[35.14954,31.654867],[35.149291,31.655211],[35.148985,31.655163],[35.14825,31.655566],[35.147834,31.655068],[35.147654,31.654581],[35.147419,31.654498],[35.147349,31.654724],[35.147127,31.654818],[35.147003,31.654629],[35.146823,31.654023],[35.146989,31.653893],[35.146906,31.653668],[35.146643,31.653656],[35.14656,31.653288],[35.147004,31.653027],[35.146976,31.652588],[35.146782,31.652398],[35.146491,31.652386],[35.146144,31.652671],[35.145589,31.652564],[35.145021,31.652587],[35.145131,31.653192],[35.145395,31.653536],[35.14606,31.653584],[35.146296,31.654166],[35.146087,31.654355],[35.146184,31.654996],[35.145796,31.65534],[35.145795,31.655613],[35.147071,31.656171],[35.147944,31.656812],[35.148291,31.657215],[35.149705,31.658023],[35.15044,31.658319],[35.150731,31.658142],[35.151161,31.658237],[35.15155,31.658011],[35.151896,31.657644],[35.152215,31.657763],[35.152215,31.658024],[35.15141,31.658723],[35.151272,31.659126],[35.151368,31.659506],[35.151341,31.659755],[35.151216,31.659684],[35.150897,31.659197],[35.150509,31.659363],[35.151381,31.66093],[35.151603,31.661025],[35.151798,31.660906],[35.151354,31.660206],[35.151479,31.65953],[35.151729,31.660206],[35.151937,31.660455],[35.152089,31.660432],[35.152269,31.660681],[35.152338,31.660989],[35.152837,31.661749],[35.153641,31.662271],[35.154432,31.662532],[35.154972,31.663209],[35.155125,31.663636],[35.155028,31.663849],[35.155956,31.664775],[35.156178,31.665155],[35.155914,31.66538],[35.156122,31.666448],[35.157384,31.666911],[35.1578,31.666947],[35.158369,31.666638],[35.158521,31.666425],[35.157773,31.666069],[35.1583,31.665547],[35.158411,31.665274],[35.159299,31.665334],[35.159465,31.665773],[35.159714,31.666129],[35.159506,31.666318],[35.159603,31.666769],[35.159229,31.666923],[35.159159,31.667279],[35.159228,31.667605],[35.159547,31.667867],[35.160102,31.668033],[35.160532,31.668614],[35.16171,31.669433],[35.162168,31.669445],[35.162334,31.66991]]]},"properties":{"entity_id":"efrat","entity_type":"settlement","name":"Efrat","names":{"primary":"Efrat"},"stage_history":[{"stage":6,"stage_label":"Construction started","valid_from":"2021-06-03","evidence_ref":["aa0039e910"]}],"extent_type":"built_up","area_m2":1008291.9,"source_crs":"EPSG:32636","in_east_jerusalem":false,"evidence_ref":["aa0039e910"]}},{"type":"Feature","geometry":{"type":"Polygon","coordinates":[[[35.045202,32.020275],[35.045874,32.020063],[35.046932,32.020054],[35.047313,32.020171],[35.047927,32.020123],[35.047973,32.019542],[35.047815,32.019203],[35.047474,32.018873],[35.046939,32.019134],[35.046252,32.018672],[35.045831,32.018536],[35.044397,32.017723],[35.044051,32.017324],[35.04396,32.016718],[35.044443,32.016457],[35.044429,32.016195],[35.044131,32.016228],[35.044035,32.016206],[35.044047,32.016105],[35.043854,32.016031],[35.043673,32.016068],[35.043579,32.016232],[35.043502,32.016808],[35.043276,32.016043],[35.042936,32.015461],[35.042163,32.015072],[35.041629,32.015178],[35.041389,32.015527],[35.041092,32.016224],[35.041044,32.017542],[35.040554,32.018181],[35.041122,32.018802],[35.041769,32.019316],[35.041746,32.019587],[35.042303,32.019937],[35.043098,32.020272],[35.044622,32.020575],[35.045202,32.020275]]]},"properties":{"entity_id":"ofraim","entity_type":"settlement","name":"Ofraim","names":{"primary":"Ofraim"},"stage_history":[{"stage":6,"stage_label":"Construction started","valid_from":"2021-06-03","evidence_ref":["aa0039e910"]}],"extent_type":"built_up","area_m2":207902.4,"source_crs":"EPSG:32636","in_east_jerusalem":false,"evidence_ref":["aa0039e910"]}},{"type":"Feature","geometry":{"type":"Polygon","coordinates":[[[35.428806,31.931332],[35.429073,31.931319],[35.429367,31.930371],[35.430915,31.929963],[35.430557,31.928978],[35.428431,31.929286],[35.428158,31.929722],[35.428729,31.929778],[35.428806,31.931332]]]},"properties":{"entity_id":"omer-farm","entity_type":"settlement","name":"Omer Farm","names":{"primary":"Omer Farm","hebrew":"חוות עומר"},"stage_history":[{"stage":6,"stage_label":"Construction started","valid_from":"2021-06-03","evidence_ref":["aa0039e910"]}],"extent_type":"built_up","area_m2":30736.0,"source_crs":"EPSG:32636","in_east_jerusalem":false,"evidence_ref":["aa0039e910"]}},{"type":"Feature","geometry":{"type":"Polygon","coordinates":[[[35.506621,31.821464],[35.507761,31.821794],[35.508156,31.820739],[35.50681,31.820817],[35.506621,31.821464]]]},"properties":{"entity_id":"orna-s-tent","entity_type":"settlement","name":"Orna's Tent","names":{"primary":"Orna's Tent"},"stage_history":[{"stage":6,"stage_label":"Construction started","valid_from":"2021-06-03","evidence_ref":["aa0039e910"]}],"extent_type":"built_up","area_m2":11491.0,"source_crs":"EPSG:32636","in_east_jerusalem":false,"evidence_ref":["aa0039e910"]}},{"type":"Feature","geometry":{"type":"Polygon","coordinates":[[[34.987231,32.148939],[34.987138,32.148712],[34.986944,32.148773],[34.986642,32.148515],[34.986346,32.148704],[34.985741,32.14874],[34.985337,32.148905],[34.985084,32.14929],[34.985147,32.149793],[34.985939,32.150217],[34.987214,32.149931],[34.987353,32.149337],[34.987231,32.148939]]]},"properties":{"entity_id":"alfei-menashe-nirit","entity_type":"settlement","name":"Alfei Menashe Nirit","names":{"primary":"Alfei Menashe Nirit"},"stage_history":[{"stage":6,"stage_label":"Construction started","valid_from":"2021-06-03","evidence_ref":["aa0039e910"]}],"extent_type":"built_up","area_m2":29235.7,"source_crs":"EPSG:32636","in_east_jerusalem":false,"evidence_ref":["aa0039e910"]}},{"type":"Feature","geometry":{"type":"Polygon","coordinates":[[[35.10439,32.116878],[35.105944,32.116255],[35.106049,32.115706],[35.105108,32.114903],[35.103799,32.114679],[35.103379,32.115718],[35.10439,32.116878]]]},"properties":{"entity_id":"maale-yisrael","entity_type":"settlement","name":"Maale Yisrael","names":{"primary":"Maale Yisrael"},"stage_history":[{"stage":6,"stage_label":"Construction started","valid_from":"2021-06-03","evidence_ref":["aa0039e910"]}],"extent_type":"built_up","area_m2":39277.9,"source_crs":"EPSG:32636","in_east_jerusalem":false,"evidence_ref":["aa0039e910"]}},{"type":"Feature","geometry":{"type":"Polygon","coordinates":[[[35.305291,31.845979],[35.307562,31.845187],[35.308271,31.84474],[35.308211,31.844084],[35.307601,31.842938],[35.30707,31.843068],[35.306309,31.842932],[35.306141,31.843595],[35.305635,31.84405],[35.304841,31.843949],[35.305291,31.845979]]]},"properties":{"entity_id":"bnei-adam","entity_type":"settlement","name":"Bnei Adam","names":{"primary":"Bnei Adam","hebrew":"בני אדם"},"stage_history":[{"stage":6,"stage_label":"Construction started","valid_from":"2021-06-03","evidence_ref":["aa0039e910"]}],"extent_type":"built_up","area_m2":68113.7,"source_crs":"EPSG:32636","in_east_jerusalem":false,"evidence_ref":["aa0039e910"]}},{"type":"Feature","geometry":{"type":"Polygon","coordinates":[[[35.312111,31.866735],[35.312392,31.866554],[35.312714,31.866058],[35.31247,31.865813],[35.311853,31.865912],[35.311559,31.865784],[35.310805,31.864952],[35.310812,31.864597],[35.310087,31.864157],[35.309801,31.864598],[35.309651,31.865063],[35.310097,31.865372],[35.311725,31.866983],[35.312111,31.866735]]]},"properties":{"entity_id":"neve-erez","entity_type":"settlement","name":"Neve Erez","names":{"primary":"Neve Erez","hebrew":"נווה ארז"},"stage_history":[{"stage":6,"stage_label":"Construction started","valid_from":"2021-06-03","evidence_ref":["aa0039e910"]}],"extent_type":"built_up","area_m2":31341.7,"source_crs":"EPSG:32636","in_east_jerusalem":false,"evidence_ref":["aa0039e910"]}},{"type":"Feature","geometry":{"type":"Polygon","coordinates":[[[35.290754,31.797724],[35.2922,31.798903],[35.29266,31.79901],[35.293141,31.798616],[35.292805,31.797759],[35.291487,31.797295],[35.291047,31.797331],[35.290754,31.797724]]]},"properties":{"entity_id":"e1-police-station","entity_type":"settlement","name":"E1 Police Station","names":{"primary":"E1 Police Station"},"stage_history":[{"stage":6,"stage_label":"Construction started","valid_from":"2021-06-03","evidence_ref":["aa0039e910"]}],"extent_type":"built_up","area_m2":23999.1,"source_crs":"EPSG:32636","in_east_jerusalem":false,"evidence_ref":["aa0039e910"]}},{"type":"Feature","geometry":{"type":"Polygon","coordinates":[[[35.046356,31.854209],[35.046641,31.854244],[35.046608,31.853712],[35.04635,31.853688],[35.046356,31.854209]]]},"properties":{"entity_id":"mevo-horon-north","entity_type":"settlement","name":"Mevo Horon North","names":{"primary":"Mevo Horon North"},"stage_history":[{"stage":6,"stage_label":"Construction started","valid_from":"2021-06-03","evidence_ref":["aa0039e910"]}],"extent_type":"built_up","area_m2":1494.1,"source_crs":"EPSG:32636","in_east_jerusalem":false,"evidence_ref":["aa0039e910"]}},{"type":"Feature","geometry":{"type":"Polygon","coordinates":[[[35.240705,31.771832],[35.240464,31.771699],[35.240102,31.771861],[35.240085,31.772258],[35.240258,31.772538],[35.24086,31.772758],[35.241067,31.772655],[35.241084,31.772434],[35.240671,31.77217],[35.240705,31.771832]]]},"properties":{"entity_id":"orphan-186","entity_type":"ej_settlement","name":"Unidentified settlement (orphan-186)","names":{"primary":"Unidentified settlement (orphan-186)"},"stage_history":[{"stage":6,"stage_label":"Construction started","valid_from":"2021-06-03","evidence_ref":["5bfc83daf8"]}],"extent_type":"built_up","area_m2":6474.3,"source_crs":"EPSG:32636","in_east_jerusalem":true,"evidence_ref":["5bfc83daf8"]}},{"type":"Feature","geometry":{"type":"Polygon","coordinates":[[[35.241555,31.771863],[35.241412,31.771636],[35.241251,31.771693],[35.240985,31.77335],[35.242174,31.773073],[35.241746,31.772464],[35.241555,31.771863]]]},"properties":{"entity_id":"orphan-187","entity_type":"ej_settlement","name":"Ma'ale David","names":{"primary":"Ma'ale David"},"stage_history":[{"stage":6,"stage_label":"Construction started","valid_from":"2021-06-03","evidence_ref":["aa0039e910"]}],"extent_type":"built_up","area_m2":10964.6,"source_crs":"EPSG:32636","in_east_jerusalem":true,"evidence_ref":["aa0039e910","178f9d9ea6"]}},{"type":"Feature","geometry":{"type":"Polygon","coordinates":[[[35.236163,31.77433],[35.236099,31.773999],[35.235567,31.774137],[35.23568,31.77444],[35.236163,31.77433]]]},"properties":{"entity_id":"orphan-188","entity_type":"ej_settlement","name":"Unidentified settlement (orphan-188)","names":{"primary":"Unidentified settlement (orphan-188)"},"stage_history":[{"stage":6,"stage_label":"Construction started","valid_from":"2021-06-03","evidence_ref":["5bfc83daf8"]}],"extent_type":"built_up","area_m2":1805.0,"source_crs":"EPSG:32636","in_east_jerusalem":true,"evidence_ref":["5bfc83daf8"]}},{"type":"Feature","geometry":{"type":"Polygon","coordinates":[[[35.244634,31.753804],[35.244785,31.753495],[35.244352,31.75334],[35.243266,31.753186],[35.243226,31.752894],[35.242412,31.753186],[35.242563,31.753409],[35.242965,31.753383],[35.243237,31.753701],[35.244121,31.753684],[35.244634,31.753804]]]},"properties":{"entity_id":"orphan-189","entity_type":"ej_settlement","name":"Nof Zion","names":{"primary":"Nof Zion"},"stage_history":[{"stage":6,"stage_label":"Construction started","valid_from":"2021-06-03","evidence_ref":["aa0039e910"]}],"extent_type":"built_up","area_m2":9838.7,"source_crs":"EPSG:32636","in_east_jerusalem":true,"evidence_ref":["aa0039e910","f01304540d"]}},{"type":"Feature","geometry":{"type":"MultiPolygon","coordinates":[[[[35.252098,31.764169],[35.252094,31.763944],[35.251932,31.763948],[35.251929,31.764163],[35.252098,31.764169]]],[[[35.253146,31.762574],[35.253117,31.76231],[35.252877,31.762357],[35.25292,31.762596],[35.253146,31.762574]]]]},"properties":{"entity_id":"orphan-190","entity_type":"ej_settlement","name":"Unidentified settlement (orphan-190)","names":{"primary":"Unidentified settlement (orphan-190)"},"stage_history":[{"stage":6,"stage_label":"Construction started","valid_from":"2021-06-03","evidence_ref":["5bfc83daf8"]}],"extent_type":"built_up","area_m2":1011.1,"source_crs":"EPSG:32636","in_east_jerusalem":true,"evidence_ref":["5bfc83daf8"]}},{"type":"Feature","geometry":{"type":"Polygon","coordinates":[[[35.205805,31.739258],[35.205467,31.739212],[35.204894,31.739418],[35.204939,31.739644],[35.205605,31.740828],[35.205878,31.741061],[35.206362,31.740905],[35.205995,31.740153],[35.20641,31.739863],[35.206161,31.739424],[35.205805,31.739258]]]},"properties":{"entity_id":"orphan-191","entity_type":"ej_settlement","name":"Unidentified settlement (orphan-191)","names":{"primary":"Unidentified settlement (orphan-191)"},"stage_history":[{"stage":6,"stage_label":"Construction started","valid_from":"2021-06-03","evidence_ref":["5bfc83daf8"]}],"extent_type":"built_up","area_m2":17605.5,"source_crs":"EPSG:32636","in_east_jerusalem":true,"evidence_ref":["5bfc83daf8"]}},{"type":"Feature","geometry":{"type":"Polygon","coordinates":[[[35.228034,31.754218],[35.227904,31.753801],[35.227736,31.751153],[35.226251,31.75123],[35.226123,31.750626],[35.225915,31.750329],[35.224613,31.750529],[35.224289,31.750668],[35.224686,31.754323],[35.226715,31.754398],[35.227553,31.754247],[35.22787,31.754319],[35.228034,31.754218]]]},"properties":{"entity_id":"gid-541","entity_type":"settlement","name":"Unidentified settlement (gid-541)","names":{"primary":"Unidentified settlement (gid-541)"},"stage_history":[{"stage":6,"stage_label":"Construction started","valid_from":"2021-06-03","evidence_ref":["5bfc83daf8"]}],"extent_type":"built_up","area_m2":124276.6,"source_crs":"EPSG:32636","in_east_jerusalem":false,"evidence_ref":["5bfc83daf8"]}},{"type":"Feature","geometry":{"type":"MultiPolygon","coordinates":[[[[35.144156,31.646968],[35.143428,31.646073],[35.143185,31.646081],[35.142063,31.646824],[35.143091,31.647751],[35.144156,31.646968]]],[[[35.16239,31.680632],[35.161732,31.680553],[35.160964,31.680639],[35.160862,31.680864],[35.160867,31.681258],[35.161161,31.681559],[35.16127,31.681784],[35.162196,31.68163],[35.162536,31.681734],[35.163001,31.681741],[35.163182,31.681586],[35.163286,31.680845],[35.163021,31.680723],[35.163008,31.680524],[35.16239,31.680632]]],[[[35.169297,31.681165],[35.168921,31.680912],[35.169052,31.681192],[35.169201,31.681279],[35.169297,31.681165]]],[[[35.172395,31.682582],[35.172645,31.681631],[35.172767,31.681631],[35.172805,31.681768],[35.173018,31.681736],[35.173077,31.681503],[35.173199,31.681385],[35.173157,31.681262],[35.172799,31.681353],[35.172586,31.681225],[35.172367,31.681248],[35.17209,31.681403],[35.171471,31.681571],[35.17146,31.681704],[35.171156,31.68185],[35.171007,31.68184],[35.170953,31.681699],[35.170788,31.68163],[35.170116,31.681576],[35.170038,31.681922],[35.170265,31.682114],[35.170627,31.682327],[35.171487,31.682133],[35.171686,31.682522],[35.172176,31.682956],[35.172666,31.683563],[35.173086,31.683518],[35.172395,31.682582]]]]},"properties":{"entity_id":"efrat-2","entity_type":"settlement","name":"Efrat","names":{"primary":"Efrat"},"stage_history":[{"stage":6,"stage_label":"Construction started","valid_from":"2021-06-03","evidence_ref":["aa0039e910"]}],"extent_type":"built_up","area_m2":74966.0,"source_crs":"EPSG:32636","in_east_jerusalem":false,"evidence_ref":["aa0039e910"]}},{"type":"Feature","geometry":{"type":"Polygon","coordinates":[[[35.1292,32.290147],[35.130153,32.290354],[35.130219,32.290171],[35.129517,32.290037],[35.1292,32.290147]]]},"properties":{"entity_id":"orphan-196","entity_type":"settlement","name":"Unidentified settlement (orphan-196)","names":{"primary":"Unidentified settlement (orphan-196)"},"stage_history":[{"stage":6,"stage_label":"Construction started","valid_from":"2021-06-03","evidence_ref":["5bfc83daf8"]}],"extent_type":"built_up","area_m2":1660.4,"source_crs":"EPSG:32636","in_east_jerusalem":false,"evidence_ref":["5bfc83daf8"]}},{"type":"Feature","geometry":{"type":"Polygon","coordinates":[[[35.041528,32.243658],[35.042661,32.243469],[35.042623,32.243111],[35.042996,32.243002],[35.042976,32.242854],[35.042477,32.242898],[35.042439,32.242678],[35.041487,32.242822],[35.041528,32.243658]]]},"properties":{"entity_id":"orphan-197","entity_type":"settlement","name":"Unidentified settlement (orphan-197)","names":{"primary":"Unidentified settlement (orphan-197)"},"stage_history":[{"stage":6,"stage_label":"Construction started","valid_from":"2021-06-03","evidence_ref":["5bfc83daf8"]}],"extent_type":"built_up","area_m2":10113.3,"source_crs":"EPSG:32636","in_east_jerusalem":false,"evidence_ref":["5bfc83daf8"]}},{"type":"Feature","geometry":{"type":"Polygon","coordinates":[[[35.041345,32.242461],[35.04274,32.242276],[35.042484,32.240768],[35.042018,32.240498],[35.041045,32.240647],[35.041345,32.242461]]]},"properties":{"entity_id":"orphan-198","entity_type":"settlement","name":"Unidentified settlement (orphan-198)","names":{"primary":"Unidentified settlement (orphan-198)"},"stage_history":[{"stage":6,"stage_label":"Construction started","valid_from":"2021-06-03","evidence_ref":["5bfc83daf8"]}],"extent_type":"built_up","area_m2":26426.2,"source_crs":"EPSG:32636","in_east_jerusalem":false,"evidence_ref":["5bfc83daf8"]}},{"type":"Feature","geometry":{"type":"MultiPolygon","coordinates":[[[[35.130472,31.92804],[35.130416,31.927017],[35.129845,31.927092],[35.130038,31.928241],[35.130472,31.92804]]],[[[35.135968,31.927282],[35.136638,31.926868],[35.137071,31.927002],[35.138292,31.926869],[35.138817,31.926735],[35.139185,31.926444],[35.139527,31.925626],[35.139344,31.925167],[35.138713,31.925032],[35.137979,31.924259],[35.137651,31.924013],[35.137231,31.923901],[35.135392,31.925031],[35.134814,31.924963],[35.134013,31.924548],[35.13383,31.924335],[35.133987,31.924022],[35.133567,31.923764],[35.132924,31.923775],[35.132346,31.924122],[35.131944,31.926608],[35.131956,31.92728],[35.132527,31.927784],[35.133472,31.928322],[35.133984,31.928501],[35.134601,31.928378],[35.135968,31.927282]]],[[[35.127398,31.929069],[35.127701,31.928822],[35.128081,31.928935],[35.12948,31.929098],[35.129389,31.9288],[35.129293,31.928773],[35.128962,31.928185],[35.128983,31.92772],[35.129354,31.926935],[35.129619,31.9266],[35.129526,31.926509],[35.128921,31.926429],[35.128567,31.926445],[35.128246,31.926564],[35.127808,31.926945],[35.127648,31.927366],[35.127124,31.927142],[35.126704,31.927209],[35.12652,31.927679],[35.126533,31.928105],[35.126686,31.928456],[35.126501,31.92876],[35.126624,31.929079],[35.126807,31.929169],[35.127398,31.929069]]],[[[35.131861,31.928831],[35.131059,31.928735],[35.131089,31.929018],[35.131748,31.929202],[35.132052,31.929158],[35.131861,31.928831]]]]},"properties":{"entity_id":"dolev","entity_type":"settlement","name":"Dolev","names":{"primary":"Dolev","hebrew":"דולב"},"stage_history":[{"stage":6,"stage_label":"Construction started","valid_from":"2021-06-03","evidence_ref":["aa0039e910"]}],"extent_type":"built_up","area_m2":303133.4,"source_crs":"EPSG:32636","in_east_jerusalem":false,"evidence_ref":["aa0039e910"]}},{"type":"Feature","geometry":{"type":"Polygon","coordinates":[[[35.148295,31.864816],[35.147794,31.864532],[35.147683,31.864741],[35.147396,31.864822],[35.146204,31.864659],[35.146135,31.864965],[35.145607,31.864877],[35.144812,31.864358],[35.144247,31.864093],[35.143333,31.863887],[35.143039,31.863966],[35.143023,31.864064],[35.143459,31.864139],[35.143398,31.864351],[35.142954,31.864338],[35.142931,31.864504],[35.142346,31.864791],[35.14251,31.865022],[35.143084,31.86484],[35.143179,31.864958],[35.143913,31.865167],[35.145247,31.865889],[35.143694,31.864946],[35.143948,31.864743],[35.145216,31.865481],[35.146136,31.86561],[35.146383,31.865083],[35.147533,31.865218],[35.148167,31.865097],[35.148295,31.864816]]]},"properties":{"entity_id":"orphan-200","entity_type":"settlement","name":"Unidentified settlement (orphan-200)","names":{"primary":"Unidentified settlement (orphan-200)"},"stage_history":[{"stage":6,"stage_label":"Construction started","valid_from":"2021-06-03","evidence_ref":["5bfc83daf8"]}],"extent_type":"built_up","area_m2":40248.4,"source_crs":"EPSG:32636","in_east_jerusalem":false,"evidence_ref":["5bfc83daf8"]}}],"metadata":{"extent_type":"built_up","definition":"The physically developed area — buildings, roads and immediate curtilage. The smallest measure, and about 1% of the West Bank.","count":160}}