{
"type": "FeatureCollection",
"name": "settlements",
"crs": { "type": "name", "properties": { "name": "urn:ogc:def:crs:OGC:1.3:CRS84" } },
"features": [
{ "type": "Feature", "properties": { "Id": 0, "Name": "Ariel", "GIS_ID": 3570.0, "Area": 2435765.6595000001, "x": 35.1878, "y": 32.1048 }, "geometry": { "type": "MultiPolygon", "coordinates": [ [ [ [ 35.1641520989, 32.1077530496 ], [ 35.1641031173, 32.1075858414 ], [ 35.1640295553, 32.1074186253 ], [ 35.1636858629, 32.1071572655 ], [ 35.1629371932, 32.1067495018 ], [ 35.1624994505, 32.1065776215 ], [ 35.162277258, 32.1064424239 ], [ 35.161959802, 32.1063342188 ], [ 35.1617834058, 32.1062893842 ], [ 35.1613046719, 32.1061847042 ], [ 35.1612922935, 32.1063728143 ], [ 35.1613780466, 32.1067385211 ], [ 35.161954815, 32.1072402936 ], [ 35.1623228863, 32.1077002412 ], [ 35.1618931941, 32.107835908 ], [ 35.1619053828, 32.1080553186 ], [ 35.1627278228, 32.1081810314 ], [ 35.1630224963, 32.1081288239 ], [ 35.1631943112, 32.1082124762 ], [ 35.163476587, 32.108400682 ], [ 35.163918639, 32.1083486102 ], [ 35.1640660903, 32.1079411365 ], [ 35.1641520989, 32.1077530496 ] ] ], [ [ [ 35.1994113365, 32.1069127408 ], [ 35.2006120707, 32.1067398182 ], [ 35.2010369492, 32.1061580826 ], [ 35.2024594186, 32.1060952572 ], [ 35.203937296, 32.106252454 ], [ 35.204140505, 32.1065826917 ], [ 35.2056922378, 32.1065983765 ], [ 35.2059692919, 32.106409718 ], [ 35.2064311148, 32.106000928 ], [ 35.2075949385, 32.1053875935 ], [ 35.2086443655, 32.1062968695 ], [ 35.2095452018, 32.1065126606 ], [ 35.2104213913, 32.1066297124 ], [ 35.2112868165, 32.1067397616 ], [ 35.2129283242, 32.1067169433 ], [ 35.2131284585, 32.106194407 ], [ 35.2122317804, 32.1057804837 ], [ 35.2117513288, 32.1047585087 ], [ 35.2116034782, 32.1040666603 ], [ 35.2106244099, 32.1037994203 ], [ 35.209959359, 32.1033435038 ], [ 35.2101071001, 32.1024943671 ], [ 35.2100332278, 32.1020226414 ], [ 35.2095160023, 32.101896863 ], [ 35.2090726313, 32.1019755167 ], [ 35.208740151, 32.1013780893 ], [ 35.2081489935, 32.1015195998 ], [ 35.2074470157, 32.1016139465 ], [ 35.2065419348, 32.1013781456 ], [ 35.206277244, 32.1008472107 ], [ 35.2067465688, 32.1007406704 ], [ 35.2067674191, 32.1004033172 ], [ 35.206642257, 32.1000482112 ], [ 35.2064309763, 32.0997585232 ], [ 35.2061354984, 32.0993654349 ], [ 35.2056551569, 32.098972348 ], [ 35.2051077389, 32.098896423 ], [ 35.2048208336, 32.0990497735 ], [ 35.2046540278, 32.0991747252 ], [ 35.2043604485, 32.0995098219 ], [ 35.2043067459, 32.0997900121 ], [ 35.2038449477, 32.0997271558 ], [ 35.202725747, 32.0991406368 ], [ 35.2023320816, 32.099254223 ], [ 35.2025188774, 32.1005946116 ], [ 35.2033996165, 32.1017078229 ], [ 35.2046023267, 32.1016926196 ], [ 35.2054116084, 32.1020279554 ], [ 35.2055784854, 32.1022410188 ], [ 35.2060985731, 32.1019599004 ], [ 35.2070591739, 32.1022114846 ], [ 35.207280818, 32.102494463 ], [ 35.2068005781, 32.1027460739 ], [ 35.205599803, 32.103013383 ], [ 35.203327703, 32.1030920207 ], [ 35.2009816679, 32.1026674142 ], [ 35.1989682377, 32.1018339951 ], [ 35.1972688341, 32.101315018 ], [ 35.1956802074, 32.1014092464 ], [ 35.193722045, 32.1024311911 ], [ 35.1926874352, 32.1029185198 ], [ 35.1920223972, 32.1030757296 ], [ 35.1893992282, 32.1035157025 ], [ 35.1877367054, 32.1036412049 ], [ 35.1867022229, 32.1037826464 ], [ 35.1868129731, 32.1041442815 ], [ 35.1869052985, 32.1044587501 ], [ 35.1859077035, 32.1044586084 ], [ 35.1844669296, 32.1039866611 ], [ 35.182324269, 32.1031215748 ], [ 35.1815299857, 32.1031685978 ], [ 35.1813635642, 32.103938971 ], [ 35.1819175626, 32.1043479442 ], [ 35.1826010221, 32.104804011 ], [ 35.1824715742, 32.1051656083 ], [ 35.1823237281, 32.1053700195 ], [ 35.1819542957, 32.1053384819 ], [ 35.1814001695, 32.1049924541 ], [ 35.1812155627, 32.1047566012 ], [ 35.1808831035, 32.104331975 ], [ 35.1804583149, 32.1041117673 ], [ 35.1800335033, 32.103985886 ], [ 35.1803662137, 32.1030268006 ], [ 35.1797566772, 32.1027593915 ], [ 35.1790362264, 32.102853577 ], [ 35.1779093961, 32.1028533464 ], [ 35.1769119434, 32.1027902788 ], [ 35.175942134, 32.102758592 ], [ 35.1747414774, 32.1023810056 ], [ 35.1731716331, 32.1016416074 ], [ 35.1712506066, 32.1012165541 ], [ 35.1709552747, 32.100823384 ], [ 35.170308894, 32.10032001 ], [ 35.1682400835, 32.1002565813 ], [ 35.1671500318, 32.1005550302 ], [ 35.1667065434, 32.1011051744 ], [ 35.1657547524, 32.1021112908 ], [ 35.1652553844, 32.1034790701 ], [ 35.1655876618, 32.1041552478 ], [ 35.1660124346, 32.1043283414 ], [ 35.1668253214, 32.1041714024 ], [ 35.167361158, 32.1037469953 ], [ 35.1672689617, 32.1035425314 ], [ 35.1677677173, 32.1033697124 ], [ 35.1679894175, 32.1034798854 ], [ 35.1680813477, 32.1043604242 ], [ 35.1684135629, 32.1052568126 ], [ 35.1691153305, 32.1058859215 ], [ 35.1691816842, 32.1060591821 ], [ 35.1704082854, 32.1062793672 ], [ 35.1711286579, 32.1064996865 ], [ 35.1712760881, 32.1075217286 ], [ 35.1714052456, 32.1078048355 ], [ 35.1727907676, 32.1077894976 ], [ 35.1741025038, 32.1075853814 ], [ 35.1750076029, 32.1080258505 ], [ 35.1760789485, 32.1084663505 ], [ 35.1778707351, 32.1086868663 ], [ 35.1790346054, 32.1087185774 ], [ 35.1802723745, 32.1085615463 ], [ 35.1811591251, 32.1088133126 ], [ 35.1822673846, 32.1092380758 ], [ 35.1825259429, 32.109536885 ], [ 35.1829509154, 32.1095526489 ], [ 35.1833018631, 32.1094112164 ], [ 35.183966941, 32.1093483802 ], [ 35.1849645958, 32.1093171547 ], [ 35.1852971497, 32.1089554957 ], [ 35.1858329775, 32.1088140839 ], [ 35.1865904392, 32.1087513376 ], [ 35.1870337265, 32.1088299454 ], [ 35.187421693, 32.1089872709 ], [ 35.1879203781, 32.1091603009 ], [ 35.1888256418, 32.1091132516 ], [ 35.1895831294, 32.1088932145 ], [ 35.1892691398, 32.1085787218 ], [ 35.1893060782, 32.1081698527 ], [ 35.1894354777, 32.1079655215 ], [ 35.1898049308, 32.1079497832 ], [ 35.1901004871, 32.1082485814 ], [ 35.1909317938, 32.1081543448 ], [ 35.1919663425, 32.1078399949 ], [ 35.1925576103, 32.1073526318 ], [ 35.1932965712, 32.1068180248 ], [ 35.193703043, 32.1063935852 ], [ 35.1941280186, 32.10626782 ], [ 35.1947745055, 32.1063936711 ], [ 35.1953287326, 32.1063150755 ], [ 35.1961230332, 32.1062993485 ], [ 35.1964186088, 32.1065509681 ], [ 35.1969358183, 32.1069755644 ], [ 35.1972314045, 32.1071485456 ], [ 35.1976562878, 32.1068183319 ], [ 35.1982474756, 32.1069756349 ], [ 35.1988571121, 32.1069441904 ], [ 35.1994113365, 32.1069127408 ] ] ] ] } },
{ "type": "Feature", "properties": { "Id": 0, "Name": "Beitar Illit", "GIS_ID": 3780.0, "Area": 1960952.5228599999, "x": 35.1138, "y": 31.6977 }, "geometry": { "type": "MultiPolygon", "coordinates": [ [ [ [ 35.1260511133, 31.6966037043 ], [ 35.1258887493, 31.6965794588 ], [ 35.1258815925, 31.6966941463 ], [ 35.1260580771, 31.6967184005 ], [ 35.1260511133, 31.6966037043 ] ] ], [ [ [ 35.1260218812, 31.7011645446 ], [ 35.1267398121, 31.7007908956 ], [ 35.1272124417, 31.7005966531 ], [ 35.1279125338, 31.7006120455 ], [ 35.1278255219, 31.6999536416 ], [ 35.1273711489, 31.6992501039 ], [ 35.1267414945, 31.698770929 ], [ 35.1266543179, 31.6983219339 ], [ 35.1260593038, 31.6983065992 ], [ 35.1257789198, 31.6986954856 ], [ 35.1254989808, 31.698680342 ], [ 35.1251842466, 31.6982761173 ], [ 35.1247643561, 31.6981112678 ], [ 35.1245194362, 31.6979764682 ], [ 35.1241346455, 31.6977219043 ], [ 35.1246772567, 31.6977072739 ], [ 35.1247825305, 31.6973332514 ], [ 35.1246777428, 31.6971386564 ], [ 35.1232780026, 31.6966589806 ], [ 35.123085618, 31.6965241214 ], [ 35.1230336772, 31.6959705314 ], [ 35.1231911196, 31.6960154538 ], [ 35.1239610064, 31.6961506783 ], [ 35.1246959945, 31.6962708154 ], [ 35.1246787279, 31.6959864506 ], [ 35.1239965677, 31.6955221998 ], [ 35.1230344997, 31.6950278256 ], [ 35.1222298287, 31.6946382507 ], [ 35.1214775869, 31.6942487047 ], [ 35.1207953615, 31.6938891418 ], [ 35.1203404507, 31.6938738721 ], [ 35.1195881277, 31.6935891102 ], [ 35.1187485889, 31.6930648434 ], [ 35.1183115782, 31.6926306679 ], [ 35.1177868799, 31.6922412535 ], [ 35.1169998198, 31.6917917744 ], [ 35.1160029234, 31.6911776472 ], [ 35.1149708651, 31.6907279855 ], [ 35.1142533697, 31.6906826584 ], [ 35.1137547914, 31.6905775098 ], [ 35.1130374004, 31.6904273807 ], [ 35.1123719322, 31.6908907253 ], [ 35.1120389889, 31.6913843394 ], [ 35.1112340516, 31.6913388418 ], [ 35.1101848083, 31.6905898941 ], [ 35.1092054172, 31.6900355195 ], [ 35.1077879336, 31.6900643954 ], [ 35.1059500762, 31.6904520497 ], [ 35.1055814636, 31.6909271823 ], [ 35.1054716551, 31.6911262326 ], [ 35.1054301707, 31.6914893298 ], [ 35.1053531831, 31.692157352 ], [ 35.106104615, 31.6932352863 ], [ 35.1071539176, 31.6939243844 ], [ 35.1083260814, 31.6942394779 ], [ 35.1090082917, 31.694569166 ], [ 35.1095499138, 31.695407571 ], [ 35.109908891, 31.6951683957 ], [ 35.1102413148, 31.6953182588 ], [ 35.1110805115, 31.6961567863 ], [ 35.1119900425, 31.6966063905 ], [ 35.1127075235, 31.6967116132 ], [ 35.1131101548, 31.6965922263 ], [ 35.1138452736, 31.6964581037 ], [ 35.1148255791, 31.6961594711 ], [ 35.1157359025, 31.6959057848 ], [ 35.1162958238, 31.6959809363 ], [ 35.1167855456, 31.6963403911 ], [ 35.1171876522, 31.6967746379 ], [ 35.1171520866, 31.6973582021 ], [ 35.1174666155, 31.6979419151 ], [ 35.1179037718, 31.6982415369 ], [ 35.1184639937, 31.6981221496 ], [ 35.1194088318, 31.6983173121 ], [ 35.1204236605, 31.6985723967 ], [ 35.1217010156, 31.698857495 ], [ 35.1224182881, 31.6992320461 ], [ 35.1227679942, 31.6995614463 ], [ 35.1225926682, 31.6999354221 ], [ 35.1230824993, 31.7001003233 ], [ 35.123380136, 31.7000257492 ], [ 35.1244474743, 31.7003406278 ], [ 35.124359755, 31.7005351022 ], [ 35.1247794768, 31.7009094529 ], [ 35.1251470516, 31.7008348282 ], [ 35.1256895418, 31.7009847812 ], [ 35.1260218812, 31.7011645446 ] ] ], [ [ [ 35.1254876334, 31.7034138438 ], [ 35.1248985261, 31.7030784446 ], [ 35.1248137605, 31.7032177656 ], [ 35.1253934655, 31.7035504791 ], [ 35.1254876334, 31.7034138438 ] ] ], [ [ [ 35.1190069332, 31.7071961306 ], [ 35.1189899136, 31.7066589769 ], [ 35.1199175281, 31.7067493289 ], [ 35.1203554328, 31.7063905012 ], [ 35.1207756615, 31.706211219 ], [ 35.1208985122, 31.7057923897 ], [ 35.1206534837, 31.7057622876 ], [ 35.1206538063, 31.7054031708 ], [ 35.120076273, 31.7053728488 ], [ 35.1199708928, 31.7057169254 ], [ 35.1190784032, 31.705641568 ], [ 35.119078773, 31.7052375391 ], [ 35.118553725, 31.7051473624 ], [ 35.1184658874, 31.7055663032 ], [ 35.1182732978, 31.7056410269 ], [ 35.1177307786, 31.7055059229 ], [ 35.1175210118, 31.7052215168 ], [ 35.1178665703, 31.7049103491 ], [ 35.1180381509, 31.7045917546 ], [ 35.1181996229, 31.7043076083 ], [ 35.118824939, 31.7036189249 ], [ 35.1189405749, 31.7031725683 ], [ 35.1200146083, 31.7027755644 ], [ 35.1200644164, 31.7034044053 ], [ 35.1203767241, 31.7034390667 ], [ 35.1205853347, 31.7036524525 ], [ 35.1206378266, 31.7043953709 ], [ 35.1216874618, 31.7042666111 ], [ 35.1222833172, 31.7033692935 ], [ 35.1228089089, 31.702830955 ], [ 35.1230629851, 31.7023971464 ], [ 35.1224856274, 31.7021872768 ], [ 35.1223284911, 31.7017832366 ], [ 35.1218386001, 31.7015584496 ], [ 35.1216463402, 31.7012739712 ], [ 35.1210864497, 31.7011239895 ], [ 35.1202289459, 31.7010187216 ], [ 35.1192840514, 31.7008535067 ], [ 35.1188287871, 31.7010716305 ], [ 35.1181460791, 31.7011909365 ], [ 35.1176208121, 31.7014748438 ], [ 35.1178478176, 31.7020436154 ], [ 35.1179872992, 31.7025823858 ], [ 35.1177594294, 31.7029413484 ], [ 35.1171292113, 31.7030905359 ], [ 35.1166919292, 31.7027909115 ], [ 35.1164298433, 31.7024017625 ], [ 35.1160803413, 31.7017580501 ], [ 35.1156610352, 31.7009797318 ], [ 35.1148040471, 31.7004554275 ], [ 35.1136395707, 31.7000233824 ], [ 35.1127331948, 31.6996351128 ], [ 35.1115495726, 31.6995553067 ], [ 35.1105276815, 31.6987204447 ], [ 35.1099629802, 31.6985906913 ], [ 35.1099871765, 31.6989536954 ], [ 35.1088841867, 31.6987396824 ], [ 35.1090583691, 31.6983586515 ], [ 35.1085056831, 31.6982662023 ], [ 35.1073170486, 31.6969036872 ], [ 35.1066701762, 31.6962597218 ], [ 35.1061455328, 31.6959451135 ], [ 35.1045373074, 31.6941482768 ], [ 35.1039946905, 31.6942825876 ], [ 35.1036705501, 31.695106026 ], [ 35.1031870282, 31.6950539604 ], [ 35.1021895924, 31.695104848 ], [ 35.1013934086, 31.6953712359 ], [ 35.1007292147, 31.6947160478 ], [ 35.1004065809, 31.6949397444 ], [ 35.10254616, 31.697263451 ], [ 35.1023957328, 31.6974395209 ], [ 35.1024851982, 31.6975130904 ], [ 35.1026381404, 31.6973633437 ], [ 35.1028115489, 31.6975516681 ], [ 35.1025033103, 31.6977827555 ], [ 35.1014856101, 31.6977450315 ], [ 35.1014932063, 31.6973530484 ], [ 35.1009417784, 31.6971964191 ], [ 35.1007963962, 31.6977223236 ], [ 35.100805447, 31.6986440087 ], [ 35.1017202546, 31.6993407389 ], [ 35.1027835457, 31.6998315768 ], [ 35.1029090429, 31.6997122426 ], [ 35.1032884848, 31.6999529649 ], [ 35.1038309183, 31.7001180718 ], [ 35.1043037367, 31.6997891778 ], [ 35.1051616249, 31.6995055845 ], [ 35.1062110068, 31.700179719 ], [ 35.1059306083, 31.700598503 ], [ 35.106507903, 31.7008234182 ], [ 35.1074016378, 31.7014228421 ], [ 35.1076796701, 31.7016023393 ], [ 35.1080209906, 31.7015322533 ], [ 35.1086508591, 31.701727257 ], [ 35.1100678228, 31.7024914594 ], [ 35.1108897063, 31.7031953282 ], [ 35.1117290078, 31.7038992043 ], [ 35.1128659255, 31.7046930229 ], [ 35.1145452996, 31.7055920097 ], [ 35.1150004007, 31.7055773587 ], [ 35.1161024507, 31.7061467434 ], [ 35.116714898, 31.706296783 ], [ 35.11772982, 31.7065369181 ], [ 35.1184293755, 31.7071807719 ], [ 35.1190069332, 31.7071961306 ] ] ] ] } },
{ "type": "Feature", "properties": { "Id": 0, "Name": "Beka'ot", "GIS_ID": 3612.0, "Area": 193493.49093199999, "x": 35.4553, "y": 32.2429 }, "geometry": { "type": "MultiPolygon", "coordinates": [ [ [ [ 35.4632323405, 32.2428118285 ], [ 35.4644190115, 32.2422814955 ], [ 35.4637824387, 32.2415943015 ], [ 35.4617326345, 32.240627897 ], [ 35.4613234658, 32.2407295971 ], [ 35.4616409581, 32.2417880602 ], [ 35.4623110064, 32.2416051329 ], [ 35.4632323405, 32.2428118285 ] ] ], [ [ [ 35.4539717193, 32.2434500648 ], [ 35.4544703074, 32.2430589729 ], [ 35.4550099046, 32.2429202034 ], [ 35.4550921987, 32.2433674991 ], [ 35.4554841002, 32.2434756263 ], [ 35.4557798199, 32.2429989318 ], [ 35.4557652904, 32.2426547546 ], [ 35.4560886099, 32.2423901626 ], [ 35.4561286674, 32.2422179347 ], [ 35.4567361634, 32.242193818 ], [ 35.4571552257, 32.2423651287 ], [ 35.4571132168, 32.2417552308 ], [ 35.4573071811, 32.2412201863 ], [ 35.4572159377, 32.2411477254 ], [ 35.4566788889, 32.2410119807 ], [ 35.4561250598, 32.2409098323 ], [ 35.4556388087, 32.2408419948 ], [ 35.4551254501, 32.2407167664 ], [ 35.4551941617, 32.2411641792 ], [ 35.4548571165, 32.2413369057 ], [ 35.4543306779, 32.2413953908 ], [ 35.4535743583, 32.2413165366 ], [ 35.4531012067, 32.2411108728 ], [ 35.4523869501, 32.2415942734 ], [ 35.4518612858, 32.2419395101 ], [ 35.4513635128, 32.2425945387 ], [ 35.451162335, 32.243065476 ], [ 35.4507844018, 32.2431121136 ], [ 35.4504747871, 32.2434683755 ], [ 35.4504754987, 32.2437323226 ], [ 35.4508268731, 32.2438693383 ], [ 35.4514614078, 32.2438336516 ], [ 35.4514364937, 32.2446255456 ], [ 35.4511531277, 32.2446834519 ], [ 35.4510200804, 32.2453951188 ], [ 35.4512767325, 32.2454635129 ], [ 35.4515861641, 32.2450383542 ], [ 35.4519642604, 32.2450490665 ], [ 35.4519225754, 32.2446245943 ], [ 35.4516388056, 32.2445333496 ], [ 35.4517712373, 32.2435576445 ], [ 35.4520144713, 32.2436489684 ], [ 35.4524341553, 32.2440497942 ], [ 35.4530817598, 32.2438649208 ], [ 35.4539717193, 32.2434500648 ] ] ], [ [ [ 35.4532882302, 32.2452988713 ], [ 35.4538993238, 32.2465828699 ], [ 35.455221449, 32.2461901464 ], [ 35.4551393204, 32.2457656655 ], [ 35.455462937, 32.2456044175 ], [ 35.4560153703, 32.2451902175 ], [ 35.4564334309, 32.2449943313 ], [ 35.4562837071, 32.2445700761 ], [ 35.4547858116, 32.244894354 ], [ 35.4532882302, 32.2452988713 ] ] ] ] } },
{ "type": "Feature", "properties": { "Id": 0, "Name": "Bruchin", "GIS_ID": 0.02, "Area": 76328.294810799998, "x": 35.0893, "y": 32.0815 }, "geometry": { "type": "MultiPolygon", "coordinates": [ [ [ [ 35.0872697502, 32.0805720046 ], [ 35.0874974433, 32.079654176 ], [ 35.0873117394, 32.0796192888 ], [ 35.0865307757, 32.0800655643 ], [ 35.0859698173, 32.0799937991 ], [ 35.0848563516, 32.079707515 ], [ 35.0847808212, 32.0798786052 ], [ 35.0848048841, 32.0806771693 ], [ 35.0851727841, 32.0811338251 ], [ 35.0856331658, 32.081255459 ], [ 35.0864536459, 32.08148438 ], [ 35.0874167707, 32.0814069066 ], [ 35.087718397, 32.0813501014 ], [ 35.0878527116, 32.0810935733 ], [ 35.0878195787, 32.0807441867 ], [ 35.0872697502, 32.0805720046 ] ] ], [ [ [ 35.0946196739, 32.0831899791 ], [ 35.094826511, 32.0828324187 ], [ 35.0947683453, 32.082490046 ], [ 35.0945422627, 32.0824399811 ], [ 35.0940900167, 32.0824965819 ], [ 35.0935205646, 32.0824248427 ], [ 35.0932947873, 32.0822107389 ], [ 35.0935157627, 32.081889108 ], [ 35.0934844179, 32.0815843525 ], [ 35.0931355633, 32.0815840466 ], [ 35.0930217658, 32.082023679 ], [ 35.0925498213, 32.0818820993 ], [ 35.0922564781, 32.0820957466 ], [ 35.0911596318, 32.0818666166 ], [ 35.0909330778, 32.0822015215 ], [ 35.0917367646, 32.0824945113 ], [ 35.0918788519, 32.0827156676 ], [ 35.0924396924, 32.0829015738 ], [ 35.0929001208, 32.0830873898 ], [ 35.093059241, 32.0830661566 ], [ 35.0933522498, 32.083130532 ], [ 35.0935141235, 32.0832468753 ], [ 35.0940033883, 32.083285876 ], [ 35.0946196739, 32.0831899791 ] ] ], [ [ [ 35.0917581639, 32.0830323853 ], [ 35.0913647299, 32.0830062668 ], [ 35.0913189509, 32.0833154454 ], [ 35.0916821738, 32.0832964434 ], [ 35.0917581639, 32.0830323853 ] ] ], [ [ [ 35.0942384351, 32.0843551915 ], [ 35.0942538479, 32.08412329 ], [ 35.0937846868, 32.0841422085 ], [ 35.093731416, 32.0843934025 ], [ 35.0942384351, 32.0843551915 ] ] ] ] } },
{ "type": "Feature", "properties": { "Id": 0, "Name": "Har Bracha", "GIS_ID": 3710.0, "Area": 285596.952223, "x": 35.2642, "y": 32.1927 }, "geometry": { "type": "MultiPolygon", "coordinates": [ [ [ [ 35.2560921113, 32.1919127734 ], [ 35.2554951383, 32.1918609832 ], [ 35.2551583881, 32.1919652746 ], [ 35.2548216282, 32.1918612535 ], [ 35.2544849841, 32.1921607789 ], [ 35.2549137892, 32.1924469242 ], [ 35.2546996011, 32.1926943683 ], [ 35.2543323687, 32.192915721 ], [ 35.2538730986, 32.1927727887 ], [ 35.2531687879, 32.1924997321 ], [ 35.2524032231, 32.1920964776 ], [ 35.2521582559, 32.1919013345 ], [ 35.2519285133, 32.1916151052 ], [ 35.2515304294, 32.1914459897 ], [ 35.251209073, 32.1915893121 ], [ 35.2513777106, 32.1920448299 ], [ 35.2516073383, 32.1921097628 ], [ 35.2518980954, 32.1920576211 ], [ 35.25237277, 32.1922657536 ], [ 35.2533526034, 32.1927599154 ], [ 35.2541334772, 32.1930199552 ], [ 35.254439578, 32.1930979287 ], [ 35.2548223315, 32.1931368239 ], [ 35.2556487563, 32.1929151944 ], [ 35.2559856197, 32.1930062276 ], [ 35.256291397, 32.1925114751 ], [ 35.2560921113, 32.1919127734 ] ] ], [ [ [ 35.2673169742, 32.194693201 ], [ 35.2678831132, 32.1942893708 ], [ 35.2680510261, 32.1937296407 ], [ 35.2679435628, 32.1932220817 ], [ 35.2678205792, 32.1925062189 ], [ 35.2674678874, 32.1916212962 ], [ 35.2672685573, 32.1910616593 ], [ 35.2672835864, 32.1907102274 ], [ 35.2675436629, 32.1904758148 ], [ 35.2681561373, 32.1907097905 ], [ 35.2684007254, 32.1903191953 ], [ 35.2682626807, 32.1899027318 ], [ 35.2676197784, 32.1898249605 ], [ 35.267145323, 32.1899683998 ], [ 35.2663956769, 32.1904243499 ], [ 35.2657985755, 32.190333471 ], [ 35.2650637328, 32.1900995426 ], [ 35.2643138449, 32.1902040559 ], [ 35.2635180576, 32.1905038221 ], [ 35.2630438819, 32.1909335617 ], [ 35.2626768113, 32.1915325147 ], [ 35.2630596285, 32.1916754506 ], [ 35.2629986166, 32.1921180735 ], [ 35.262846396, 32.1933807288 ], [ 35.2628314991, 32.1939664429 ], [ 35.2624489205, 32.1942138877 ], [ 35.2623879357, 32.1945393686 ], [ 35.2620358547, 32.1945525153 ], [ 35.2614848462, 32.194604798 ], [ 35.261301749, 32.1955421021 ], [ 35.2615161861, 32.1957111796 ], [ 35.2617304445, 32.1957632057 ], [ 35.2619139143, 32.1954246837 ], [ 35.2620972507, 32.1947086758 ], [ 35.2625175121, 32.1947337934 ], [ 35.2630664867, 32.1953114951 ], [ 35.263619743, 32.1949933619 ], [ 35.2646233223, 32.1954103466 ], [ 35.2657407134, 32.1952926682 ], [ 35.2673169742, 32.194693201 ] ] ] ] } },
{ "type": "Feature", "properties": { "Id": 0, "Name": "Bat Ayin", "GIS_ID": 3794.0, "Area": 405054.97916799999, "x": 35.1017, "y": 31.6583 }, "geometry": { "type": "MultiPolygon", "coordinates": [ [ [ [ 35.0940864913, 31.660254431 ], [ 35.0938568224, 31.6601035088 ], [ 35.0937263505, 31.6602934384 ], [ 35.0939330582, 31.6604246814 ], [ 35.0940864913, 31.660254431 ] ] ], [ [ [ 35.09852278, 31.6605698127 ], [ 35.0988349639, 31.6604972915 ], [ 35.0993743461, 31.6603520865 ], [ 35.0997433095, 31.6602309996 ], [ 35.0998997807, 31.6598549632 ], [ 35.09982916, 31.6595515206 ], [ 35.0998293638, 31.659369526 ], [ 35.1000848441, 31.659272605 ], [ 35.1005673186, 31.6591880434 ], [ 35.1008085208, 31.6592246745 ], [ 35.1012622965, 31.6594434717 ], [ 35.1018014435, 31.6594074712 ], [ 35.1023833328, 31.6592381179 ], [ 35.1045865223, 31.6585893153 ], [ 35.1049025794, 31.6583396019 ], [ 35.1053552385, 31.6582736517 ], [ 35.1061090176, 31.6579158519 ], [ 35.1065487689, 31.6579404497 ], [ 35.1067903594, 31.6575037749 ], [ 35.1071315784, 31.6568705706 ], [ 35.1077419176, 31.6565919093 ], [ 35.1080970899, 31.6561188828 ], [ 35.107700239, 31.6557059828 ], [ 35.1071046448, 31.6554992753 ], [ 35.1070196312, 31.6553293005 ], [ 35.1069206039, 31.6550500999 ], [ 35.10655195, 31.6549041678 ], [ 35.1067652853, 31.6543582561 ], [ 35.1073615947, 31.6539703707 ], [ 35.1086193184, 31.6539554324 ], [ 35.1092023207, 31.6532088033 ], [ 35.108858038, 31.652756375 ], [ 35.1082705144, 31.6530609934 ], [ 35.1079296831, 31.6533397712 ], [ 35.1074611134, 31.6537762763 ], [ 35.10666612, 31.6542126204 ], [ 35.1062209577, 31.6543795685 ], [ 35.1057575454, 31.6548696465 ], [ 35.105402559, 31.6551605817 ], [ 35.1049910665, 31.6552452169 ], [ 35.1045937403, 31.6552934268 ], [ 35.1040685769, 31.6554871851 ], [ 35.1037562568, 31.6557053692 ], [ 35.1034013528, 31.655911434 ], [ 35.1031315595, 31.6560932151 ], [ 35.1028051863, 31.6561414757 ], [ 35.1022377763, 31.656104678 ], [ 35.1016488127, 31.6563007201 ], [ 35.1014356837, 31.6566282834 ], [ 35.1015772404, 31.6568589123 ], [ 35.1015342301, 31.6572350424 ], [ 35.1013922045, 31.6574290978 ], [ 35.1011509531, 31.657441078 ], [ 35.1007681592, 31.6572101628 ], [ 35.1002433532, 31.6571612157 ], [ 35.0999880959, 31.6570639673 ], [ 35.0993780309, 31.6570755518 ], [ 35.0990088782, 31.6572815925 ], [ 35.0985972194, 31.6574996818 ], [ 35.0983416185, 31.6577057245 ], [ 35.0978025494, 31.6576810155 ], [ 35.0974335716, 31.6577292268 ], [ 35.0974334048, 31.6578748766 ], [ 35.0973479696, 31.6581781898 ], [ 35.0970924338, 31.6583236252 ], [ 35.096581528, 31.6584687544 ], [ 35.0964249122, 31.6588691369 ], [ 35.0962261901, 31.6590267034 ], [ 35.0957718494, 31.6593054424 ], [ 35.0957148204, 31.6594753037 ], [ 35.0956009162, 31.6598635464 ], [ 35.0959554437, 31.6600094078 ], [ 35.0966070066, 31.6603810952 ], [ 35.0967062672, 31.6606760728 ], [ 35.0969336838, 31.6605806598 ], [ 35.0973309947, 31.6605688186 ], [ 35.0977565162, 31.6606905648 ], [ 35.0981253587, 31.6606786973 ], [ 35.09852278, 31.6605698127 ] ] ], [ [ [ 35.1094254576, 31.6612045502 ], [ 35.1104618954, 31.6605135928 ], [ 35.1103058935, 31.660464958 ], [ 35.1099652816, 31.6606103564 ], [ 35.1096815976, 31.6604524113 ], [ 35.1093695951, 31.6603550494 ], [ 35.1090859811, 31.6602335382 ], [ 35.1088019083, 31.6605609704 ], [ 35.1085747969, 31.66065784 ], [ 35.1080637332, 31.66096084 ], [ 35.1078506864, 31.6611184138 ], [ 35.1075239203, 31.6615307658 ], [ 35.1077933317, 31.6617251398 ], [ 35.1083040633, 31.6617497853 ], [ 35.10864475, 31.6616408265 ], [ 35.1094254576, 31.6612045502 ] ] ], [ [ [ 35.0923172924, 31.6646414476 ], [ 35.0923447408, 31.6644383737 ], [ 35.0917952498, 31.6642812376 ], [ 35.0918904575, 31.6641130351 ], [ 35.0924061201, 31.6641657062 ], [ 35.0924810734, 31.6639162282 ], [ 35.0921134943, 31.66355552 ], [ 35.0924252009, 31.6633480096 ], [ 35.0928342208, 31.663793684 ], [ 35.0928893977, 31.6637171711 ], [ 35.0921676553, 31.6626741296 ], [ 35.092071179, 31.6627388272 ], [ 35.0923182042, 31.663230837 ], [ 35.0919784304, 31.66341594 ], [ 35.0917830479, 31.6632076569 ], [ 35.0916475885, 31.663004349 ], [ 35.0914150034, 31.6627589268 ], [ 35.0917448964, 31.6622848253 ], [ 35.0913489282, 31.6622179938 ], [ 35.0909291765, 31.6623363384 ], [ 35.0907390717, 31.6624174265 ], [ 35.0908743872, 31.662736714 ], [ 35.0907047161, 31.6628352261 ], [ 35.0906162062, 31.6630441074 ], [ 35.0906634852, 31.6632704253 ], [ 35.0905954244, 31.6633980676 ], [ 35.0905138102, 31.6635720531 ], [ 35.0906762114, 31.6639029988 ], [ 35.0907236463, 31.6640017042 ], [ 35.090838818, 31.6641526873 ], [ 35.0910964872, 31.6642689852 ], [ 35.0914495201, 31.6640893778 ], [ 35.0915511048, 31.6642288045 ], [ 35.0914556717, 31.6645826987 ], [ 35.0912236873, 31.6644066489 ], [ 35.0909783228, 31.6645571544 ], [ 35.0905669318, 31.6645412354 ], [ 35.09058028, 31.6646631783 ], [ 35.090912612, 31.664773681 ], [ 35.0912613775, 31.6649178311 ], [ 35.0914682266, 31.6649376739 ], [ 35.0919507825, 31.6647166106 ], [ 35.0923172924, 31.6646414476 ] ] ] ] } },
{ "type": "Feature", "properties": { "Id": 0, "Name": "Giva't Ze'ev\n           _", "GIS_ID": 3730.0, "Area": 1074631.1855899999, "x": 35.1683, "y": 31.8613 }, "geometry": { "type": "MultiPolygon", "coordinates": [ [ [ [ 35.1666321548, 31.8665757424 ], [ 35.1668275064, 31.8664116674 ], [ 35.1670530787, 31.8659885959 ], [ 35.1674443787, 31.8654598196 ], [ 35.167883384, 31.8656847849 ], [ 35.1685104905, 31.8657967456 ], [ 35.1688932641, 31.8657849991 ], [ 35.1692769188, 31.8652840896 ], [ 35.1697578834, 31.8648674865 ], [ 35.1704037516, 31.8651497527 ], [ 35.1707192326, 31.8653036886 ], [ 35.1714403175, 31.8653679975 ], [ 35.1718159918, 31.8653424824 ], [ 35.1717861324, 31.8646116327 ], [ 35.1713655319, 31.8643935522 ], [ 35.1721771344, 31.8636500221 ], [ 35.1718317364, 31.8632396922 ], [ 35.172312611, 31.8627141383 ], [ 35.1728084596, 31.8625732163 ], [ 35.1734544268, 31.8628554672 ], [ 35.1739801835, 31.863022252 ], [ 35.1745659705, 31.8628932282 ], [ 35.1747722441, 31.863115036 ], [ 35.1749786036, 31.8630694275 ], [ 35.1750321831, 31.8628085462 ], [ 35.1757680566, 31.8628688149 ], [ 35.1762937009, 31.8634202202 ], [ 35.1755723585, 31.863881705 ], [ 35.1756925204, 31.8641766302 ], [ 35.1755720713, 31.8648048169 ], [ 35.1757974295, 31.8649331078 ], [ 35.1765336069, 31.8650615112 ], [ 35.177149554, 31.8651128685 ], [ 35.1780209625, 31.8649849023 ], [ 35.1787271867, 31.8645362968 ], [ 35.179553747, 31.8637543048 ], [ 35.1800646701, 31.8633287403 ], [ 35.179133353, 31.8627258664 ], [ 35.1784422682, 31.8627514294 ], [ 35.1779464015, 31.8629821053 ], [ 35.1773605494, 31.8626870841 ], [ 35.1771953767, 31.8623664486 ], [ 35.1774357996, 31.8622767678 ], [ 35.1779767258, 31.8622512694 ], [ 35.1782772904, 31.8617256552 ], [ 35.1784879124, 31.8608794217 ], [ 35.1780972679, 31.8608537296 ], [ 35.1779696552, 31.8603664448 ], [ 35.1772792462, 31.8604457896 ], [ 35.1766089204, 31.8606042833 ], [ 35.176310343, 31.8607676633 ], [ 35.1753103483, 31.861019781 ], [ 35.1751000945, 31.8609428067 ], [ 35.1748747387, 31.8608402166 ], [ 35.1747697311, 31.8604298598 ], [ 35.1746649588, 31.8592886604 ], [ 35.1748902743, 31.8591733689 ], [ 35.1750256071, 31.8589169199 ], [ 35.1750258022, 31.8583015114 ], [ 35.174252614, 31.8584541426 ], [ 35.1738091307, 31.8578203691 ], [ 35.1735389293, 31.8572433131 ], [ 35.1731034362, 31.8567816502 ], [ 35.1723672673, 31.8568327811 ], [ 35.1716613474, 31.856499195 ], [ 35.1708352915, 31.855883571 ], [ 35.170219395, 31.855870601 ], [ 35.1694681699, 31.8560754731 ], [ 35.1697082433, 31.856896204 ], [ 35.17008374, 31.8569732319 ], [ 35.171180483, 31.8567811627 ], [ 35.1718715433, 31.8567044152 ], [ 35.172382236, 31.856935323 ], [ 35.1728478621, 31.8573329659 ], [ 35.1727576219, 31.8576534538 ], [ 35.1720515305, 31.8574866181 ], [ 35.1716759893, 31.85752494 ], [ 35.1709397767, 31.8576786006 ], [ 35.1706844111, 31.8576144131 ], [ 35.170293789, 31.8578579834 ], [ 35.1698431712, 31.8577552336 ], [ 35.1690620162, 31.8574345087 ], [ 35.1689869778, 31.8572037096 ], [ 35.1683712573, 31.8567162781 ], [ 35.1683414462, 31.856209802 ], [ 35.1682353099, 31.8553094253 ], [ 35.1679424144, 31.8553526067 ], [ 35.1679509805, 31.8557865521 ], [ 35.1672900939, 31.8557222409 ], [ 35.1663587785, 31.8555039935 ], [ 35.1664640897, 31.8550681705 ], [ 35.1666596847, 31.8542475633 ], [ 35.1661791022, 31.8540935676 ], [ 35.1657883829, 31.8543242279 ], [ 35.1656381508, 31.8542857643 ], [ 35.1654580246, 31.8539780048 ], [ 35.1650226634, 31.8533367597 ], [ 35.1644367144, 31.8535032352 ], [ 35.1642863246, 31.8540776538 ], [ 35.1643161933, 31.8543981736 ], [ 35.1642259265, 31.8547186556 ], [ 35.1641206553, 31.8550392229 ], [ 35.1637147148, 31.8557442346 ], [ 35.163383996, 31.8562185812 ], [ 35.1632185527, 31.8566416663 ], [ 35.1633985377, 31.8572635361 ], [ 35.1635336621, 31.8575456719 ], [ 35.1639390633, 31.8580971802 ], [ 35.1642995114, 31.8582767584 ], [ 35.164479852, 31.858097351 ], [ 35.1652459517, 31.8582642472 ], [ 35.1653212141, 31.8579437601 ], [ 35.1658619593, 31.8580464631 ], [ 35.1665229357, 31.8581877077 ], [ 35.1675144132, 31.858111073 ], [ 35.1680100783, 31.858393308 ], [ 35.1693319622, 31.8588936536 ], [ 35.1701130912, 31.8590349127 ], [ 35.170398535, 31.8589196453 ], [ 35.1707140181, 31.8590094612 ], [ 35.1709392221, 31.8592146869 ], [ 35.1710443678, 31.8594840008 ], [ 35.1707887786, 31.8600224159 ], [ 35.1707583798, 31.8608045644 ], [ 35.1704727334, 31.861458405 ], [ 35.1703522289, 31.862150707 ], [ 35.1704122086, 31.8625482493 ], [ 35.1701568015, 31.8625609868 ], [ 35.169480767, 31.8624633153 ], [ 35.1694061544, 31.8610913421 ], [ 35.1688505549, 31.8605398998 ], [ 35.1678515719, 31.8602934173 ], [ 35.1674159087, 31.8602932914 ], [ 35.1668149205, 31.8604469674 ], [ 35.1664090608, 31.8609469112 ], [ 35.1660033821, 31.8612544935 ], [ 35.1656427545, 31.8612159662 ], [ 35.1652973296, 31.8609593803 ], [ 35.1645613005, 31.8608438079 ], [ 35.1635246714, 31.8609204051 ], [ 35.1626381015, 31.8612022093 ], [ 35.1623825575, 31.8615226353 ], [ 35.1622622556, 31.8618688077 ], [ 35.1624574553, 31.8620355302 ], [ 35.1622320124, 31.8623816678 ], [ 35.1625925028, 31.8624971308 ], [ 35.1629981377, 31.8625613835 ], [ 35.1631031185, 31.8629204357 ], [ 35.1630578775, 31.8631897071 ], [ 35.1627874395, 31.863253739 ], [ 35.1628324398, 31.8635229496 ], [ 35.1624267542, 31.8635613245 ], [ 35.1618258898, 31.8633815707 ], [ 35.1612412851, 31.8632774847 ], [ 35.1615204191, 31.8628764551 ], [ 35.1615205821, 31.8625242488 ], [ 35.1604658223, 31.8627652155 ], [ 35.1607711765, 31.8634893004 ], [ 35.160568601, 31.8635968493 ], [ 35.1601633676, 31.8639815271 ], [ 35.1590094301, 31.8638245844 ], [ 35.1584284798, 31.8640722247 ], [ 35.1586041538, 31.8642810029 ], [ 35.1595900524, 31.8642487424 ], [ 35.1605833861, 31.8646534734 ], [ 35.1608588637, 31.8639165437 ], [ 35.1614856462, 31.8637015195 ], [ 35.1619759412, 31.863843267 ], [ 35.1621713141, 31.863638166 ], [ 35.1625769537, 31.86370242 ], [ 35.1630577058, 31.8635743371 ], [ 35.1633282014, 31.8633820646 ], [ 35.1634936902, 31.862882144 ], [ 35.1638391622, 31.8630361066 ], [ 35.1640344002, 31.8633694847 ], [ 35.1642445892, 31.8635875233 ], [ 35.1643797032, 31.863920972 ], [ 35.1646349993, 31.864177442 ], [ 35.1646348507, 31.864523654 ], [ 35.1642141339, 31.8646132537 ], [ 35.1640035016, 31.8651645651 ], [ 35.1643940552, 31.8654338843 ], [ 35.1646044094, 31.8652800984 ], [ 35.1652204841, 31.8652674836 ], [ 35.1660767724, 31.8654601045 ], [ 35.1663467616, 31.8664987313 ], [ 35.1666321548, 31.8665757424 ] ] ], [ [ [ 35.1529754283, 31.8659683525 ], [ 35.1547780094, 31.8667383281 ], [ 35.1551686006, 31.866700062 ], [ 35.1553190387, 31.8663795201 ], [ 35.1531838238, 31.8651025524 ], [ 35.1529754283, 31.8659683525 ] ] ], [ [ [ 35.1491206957, 31.8661692756 ], [ 35.1488123346, 31.8650680258 ], [ 35.1485551067, 31.8645756118 ], [ 35.148202973, 31.8647629211 ], [ 35.1480981511, 31.8650315816 ], [ 35.1474635191, 31.8651531468 ], [ 35.1468924296, 31.8651325819 ], [ 35.1463134678, 31.8650172404 ], [ 35.1460672445, 31.8655451346 ], [ 35.145147214, 31.8654160923 ], [ 35.1438785767, 31.8646776392 ], [ 35.1436246217, 31.8648805977 ], [ 35.1451780123, 31.8658239149 ], [ 35.1457037591, 31.8659523987 ], [ 35.1467254855, 31.8658246261 ], [ 35.1474615821, 31.8660301237 ], [ 35.1480254273, 31.8667487202 ], [ 35.1493627456, 31.8670101994 ], [ 35.1508612252, 31.8661368459 ], [ 35.1505022253, 31.865784488 ], [ 35.1492100893, 31.8666774941 ], [ 35.1486053724, 31.8666327498 ], [ 35.1491206957, 31.8661692756 ] ] ] ] } },
{ "type": "Feature", "properties": { "Id": 0, "Name": "Gilgal", "GIS_ID": 3606.0, "Area": 359880.227388, "x": 35.4473, "y": 32.0002 }, "geometry": { "type": "MultiPolygon", "coordinates": [ [ [ [ 35.4496003985, 31.9980152434 ], [ 35.4486345562, 31.9971412719 ], [ 35.4477654271, 31.996417619 ], [ 35.4470765641, 31.997034782 ], [ 35.4463045342, 31.9965710143 ], [ 35.4456640601, 31.9972838493 ], [ 35.4449911556, 31.9979008805 ], [ 35.4442435455, 31.99790721 ], [ 35.4438328849, 31.9971616177 ], [ 35.4431431761, 31.9974701181 ], [ 35.4433594403, 31.9979014505 ], [ 35.4442145757, 31.9979825092 ], [ 35.4438212638, 31.9987926353 ], [ 35.4431306907, 31.998807644 ], [ 35.4431165904, 31.9995329933 ], [ 35.4431672232, 32.0004907965 ], [ 35.4426377059, 32.0006697182 ], [ 35.4427832917, 32.0010663296 ], [ 35.4436852026, 32.0020636524 ], [ 35.4445864908, 32.0028145964 ], [ 35.4452137514, 32.0031828771 ], [ 35.4458061537, 32.0024838439 ], [ 35.4462532319, 32.0014976794 ], [ 35.447341655, 32.0001271094 ], [ 35.4467299163, 31.9995398508 ], [ 35.4467935761, 31.9993207707 ], [ 35.4470655609, 31.9989643981 ], [ 35.4477699814, 31.9981419543 ], [ 35.4485268503, 31.9989068552 ], [ 35.4496003985, 31.9980152434 ] ] ], [ [ [ 35.4475818721, 32.0022889091 ], [ 35.4493346348, 32.0031749882 ], [ 35.4507000547, 32.0032955314 ], [ 35.4514684932, 32.002390879 ], [ 35.4526828883, 32.0001167696 ], [ 35.4516215756, 31.9995714458 ], [ 35.4510427208, 31.9992988743 ], [ 35.4504015339, 31.9997380361 ], [ 35.4496417749, 31.9997590915 ], [ 35.4493172465, 32.0001513971 ], [ 35.44936033, 32.0007390712 ], [ 35.4487004267, 32.0001929474 ], [ 35.4476767662, 32.0017549484 ], [ 35.4475818721, 32.0022889091 ] ] ] ] } },
{ "type": "Feature", "properties": { "Id": 0, "Name": "Dolev", "GIS_ID": 3747.0, "Area": 299702.181216, "x": 35.1337, "y": 31.9264 }, "geometry": { "type": "MultiPolygon", "coordinates": [ [ [ [ 35.1299693055, 31.928176053 ], [ 35.1304027003, 31.9279747495 ], [ 35.1303474079, 31.9269518535 ], [ 35.1297757551, 31.9270260742 ], [ 35.1299431467, 31.9279632083 ], [ 35.1299693055, 31.928176053 ] ] ], [ [ [ 35.1324579265, 31.9277183703 ], [ 35.1334028609, 31.9282563862 ], [ 35.1339148432, 31.9284358628 ], [ 35.1345320605, 31.9283130152 ], [ 35.135898455, 31.9272163351 ], [ 35.1365684295, 31.9268023084 ], [ 35.1370016643, 31.9269369101 ], [ 35.1382228768, 31.9268031809 ], [ 35.1387481953, 31.9266690823 ], [ 35.1391160671, 31.9263781644 ], [ 35.1392476593, 31.9260086662 ], [ 35.1394579768, 31.92556084 ], [ 35.1392745224, 31.9251016295 ], [ 35.1386444042, 31.9249669338 ], [ 35.1383688333, 31.9246867758 ], [ 35.1379096413, 31.924193872 ], [ 35.1375814982, 31.9239473226 ], [ 35.1371614777, 31.923835095 ], [ 35.1366886515, 31.9240700386 ], [ 35.1358478529, 31.9245847074 ], [ 35.1353224636, 31.9249651712 ], [ 35.1347447487, 31.9248976702 ], [ 35.1339440817, 31.9244828425 ], [ 35.1337604684, 31.9242700012 ], [ 35.1339182596, 31.923956526 ], [ 35.1334982494, 31.9236987325 ], [ 35.132854925, 31.9237095544 ], [ 35.1322768964, 31.9240564284 ], [ 35.1321584004, 31.9245490253 ], [ 35.1321448853, 31.924929766 ], [ 35.1319867267, 31.9257023552 ], [ 35.1318745106, 31.926542156 ], [ 35.1318870953, 31.927214109 ], [ 35.1324579265, 31.9277183703 ] ] ], [ [ [ 35.1303522316, 31.929169974 ], [ 35.1307287167, 31.9289055951 ], [ 35.1313293575, 31.9290016476 ], [ 35.1316791194, 31.929136962 ], [ 35.1319828144, 31.9290920976 ], [ 35.1317916334, 31.9287654635 ], [ 35.1307091283, 31.9286353563 ], [ 35.1300487576, 31.9289389775 ], [ 35.129223785, 31.9287076727 ], [ 35.1290499171, 31.9283658851 ], [ 35.1288925594, 31.9281194147 ], [ 35.1289143855, 31.9276547278 ], [ 35.1292853276, 31.9268693231 ], [ 35.1290075647, 31.9267202461 ], [ 35.1281822895, 31.9268830162 ], [ 35.1277377358, 31.9273460441 ], [ 35.1274620231, 31.9272675094 ], [ 35.1270551775, 31.9270768882 ], [ 35.1266348991, 31.9271438172 ], [ 35.1264507213, 31.9276140032 ], [ 35.1264634746, 31.9280395797 ], [ 35.1266165504, 31.9283908378 ], [ 35.1264314591, 31.9286947302 ], [ 35.1265545453, 31.929013871 ], [ 35.1267383606, 31.9291035341 ], [ 35.1273293483, 31.9290031608 ], [ 35.1276315607, 31.9287569667 ], [ 35.1280122549, 31.9288692021 ], [ 35.1285242439, 31.9289030566 ], [ 35.1303522316, 31.929169974 ] ] ] ] } },
{ "type": "Feature", "properties": { "Id": 0, "Name": "Beit Hagai", "GIS_ID": 3764.0, "Area": 163075.7998, "x": 35.0799, "y": 31.493 }, "geometry": { "type": "MultiPolygon", "coordinates": [ [ [ [ 35.0810319839, 31.4941060593 ], [ 35.0810307955, 31.4950114557 ], [ 35.0812970677, 31.4958298977 ], [ 35.0815385288, 31.496146419 ], [ 35.0820350212, 31.4962232838 ], [ 35.0822010492, 31.4957871128 ], [ 35.0822780875, 31.4953072058 ], [ 35.0823554225, 31.4945982213 ], [ 35.0826484561, 31.4943475973 ], [ 35.0830821209, 31.4937589909 ], [ 35.0834011896, 31.4931483591 ], [ 35.0831855034, 31.4925154859 ], [ 35.0828674575, 31.4924169696 ], [ 35.0824724849, 31.4926347589 ], [ 35.0818349892, 31.4933541213 ], [ 35.081249017, 31.4937026768 ], [ 35.0809820923, 31.4933860402 ], [ 35.0808167896, 31.4931895413 ], [ 35.0809068118, 31.4925242208 ], [ 35.0807415969, 31.4922622454 ], [ 35.080499789, 31.4922183606 ], [ 35.0803467972, 31.4924254646 ], [ 35.0804102293, 31.4926109526 ], [ 35.0806899857, 31.4928512137 ], [ 35.0806006225, 31.4930148186 ], [ 35.0803461638, 31.4929054447 ], [ 35.080206334, 31.4927089698 ], [ 35.0798628632, 31.4925777732 ], [ 35.0796464493, 31.492512086 ], [ 35.0793033575, 31.4920972469 ], [ 35.079010857, 31.4918678831 ], [ 35.0791388602, 31.4913007255 ], [ 35.0791139132, 31.4909080222 ], [ 35.0790761325, 31.490589441 ], [ 35.0786564505, 31.4903163007 ], [ 35.0778541508, 31.4905445879 ], [ 35.0769500257, 31.4907291177 ], [ 35.0764782808, 31.4912850174 ], [ 35.076464937, 31.4917322466 ], [ 35.0765790349, 31.4921141266 ], [ 35.0767188842, 31.4922124809 ], [ 35.0769479994, 31.492223622 ], [ 35.0772527591, 31.4928020304 ], [ 35.0778248616, 31.4933807929 ], [ 35.0782701723, 31.4935448335 ], [ 35.0784098676, 31.4938395252 ], [ 35.0794026279, 31.493982274 ], [ 35.0796065383, 31.4938756001 ], [ 35.0799495801, 31.4943340892 ], [ 35.080318245, 31.494759864 ], [ 35.0806110162, 31.4947928857 ], [ 35.0808403245, 31.4946622444 ], [ 35.0810319839, 31.4941060593 ] ] ], [ [ [ 35.0830452696, 31.4909156873 ], [ 35.0827747458, 31.4906978068 ], [ 35.0819860233, 31.4919009756 ], [ 35.0823244807, 31.4920028505 ], [ 35.0830452696, 31.4909156873 ] ] ], [ [ [ 35.0806589797, 31.4905797974 ], [ 35.0804811481, 31.4906303111 ], [ 35.0805063601, 31.490826224 ], [ 35.0806163451, 31.4908263304 ], [ 35.0806589797, 31.4905797974 ] ] ] ] } },
{ "type": "Feature", "properties": { "Id": 0, "Name": "Hinnanit", "GIS_ID": 3643.0, "Area": 164980.70020600001, "x": 35.1726, "y": 32.4805 }, "geometry": { "type": "MultiPolygon", "coordinates": [ [ [ [ 35.168630197, 32.4808758426 ], [ 35.1685747573, 32.4801029448 ], [ 35.1682545279, 32.4801323401 ], [ 35.1679971728, 32.4796307177 ], [ 35.1673637648, 32.4796246716 ], [ 35.1668416994, 32.4797189291 ], [ 35.1667997849, 32.4799725763 ], [ 35.1668830323, 32.4806098614 ], [ 35.1675095441, 32.480586421 ], [ 35.1675791183, 32.4808519139 ], [ 35.1677809004, 32.4809287109 ], [ 35.168630197, 32.4808758426 ] ] ], [ [ [ 35.1708495905, 32.481217402 ], [ 35.1710127266, 32.4813796685 ], [ 35.171251982, 32.4813982174 ], [ 35.1716434862, 32.481389032 ], [ 35.1721111264, 32.4814814009 ], [ 35.1723070652, 32.4812509661 ], [ 35.1726658013, 32.4815461067 ], [ 35.172284945, 32.482126731 ], [ 35.1723283265, 32.482495554 ], [ 35.1727198771, 32.4826707712 ], [ 35.1727415059, 32.482882866 ], [ 35.172850112, 32.4832332195 ], [ 35.1725782803, 32.4832608344 ], [ 35.1725672541, 32.4834543452 ], [ 35.172948025, 32.4834360454 ], [ 35.1736875751, 32.483620634 ], [ 35.1745467764, 32.483602355 ], [ 35.1746014084, 32.483113805 ], [ 35.1736877317, 32.4831596643 ], [ 35.1736876597, 32.4833716634 ], [ 35.1730568115, 32.4832701523 ], [ 35.1730243455, 32.4827077286 ], [ 35.1736335364, 32.4826627018 ], [ 35.1739925553, 32.4821465426 ], [ 35.1746236668, 32.4814276455 ], [ 35.1749066908, 32.4806624949 ], [ 35.1751066271, 32.4801567948 ], [ 35.1751963584, 32.4800324123 ], [ 35.1754073131, 32.4797499593 ], [ 35.1752227774, 32.4786343728 ], [ 35.1747768447, 32.4785605062 ], [ 35.1736022665, 32.4785787099 ], [ 35.1734717916, 32.4784126674 ], [ 35.1734284768, 32.4778411332 ], [ 35.1729608188, 32.477850215 ], [ 35.172764959, 32.4781848021 ], [ 35.1728517286, 32.478599715 ], [ 35.1723514612, 32.4787563112 ], [ 35.1716986883, 32.4790695885 ], [ 35.1715681184, 32.4794659598 ], [ 35.171513499, 32.4798808366 ], [ 35.1716546701, 32.4804708825 ], [ 35.170730133, 32.4806088754 ], [ 35.1700557974, 32.4807839014 ], [ 35.1704503983, 32.4813409124 ], [ 35.1706827364, 32.4814653781 ], [ 35.1708495905, 32.481217402 ] ] ] ] } },
{ "type": "Feature", "properties": { "Id": 0, "Name": "Neve Halamish", "GIS_ID": 3573.0, "Area": 380950.96792700002, "x": 35.1269, "y": 32.0067 }, "geometry": { "type": "MultiPolygon", "coordinates": [ [ [ [ 35.1387430093, 32.0117048799 ], [ 35.1394329258, 32.0114813163 ], [ 35.1390021159, 32.0105394804 ], [ 35.1381295443, 32.0103132853 ], [ 35.1379815443, 32.0102401736 ], [ 35.137794468, 32.0103263888 ], [ 35.137973527, 32.010552225 ], [ 35.1376760152, 32.0110047009 ], [ 35.1378564601, 32.0113125826 ], [ 35.1382011039, 32.0115646378 ], [ 35.1385129793, 32.0117606728 ], [ 35.1387430093, 32.0117048799 ] ] ], [ [ [ 35.1286880488, 32.0068884934 ], [ 35.1272766508, 32.005866165 ], [ 35.126439336, 32.0055718441 ], [ 35.1267193724, 32.0045645154 ], [ 35.1271140412, 32.0039070675 ], [ 35.127032128, 32.0036551424 ], [ 35.1266543949, 32.0036828676 ], [ 35.1263094683, 32.0038365945 ], [ 35.1260631167, 32.003934379 ], [ 35.1258008041, 32.0033885324 ], [ 35.1250787223, 32.0028983107 ], [ 35.1249311075, 32.0026323651 ], [ 35.1247179158, 32.0023243539 ], [ 35.1247182546, 32.0019326083 ], [ 35.1246035187, 32.001708617 ], [ 35.1237825879, 32.0016101617 ], [ 35.12296138, 32.0017075737 ], [ 35.1222714971, 32.0019310482 ], [ 35.1217786014, 32.0022245375 ], [ 35.1215979189, 32.0023783585 ], [ 35.1219598702, 32.0026223568 ], [ 35.1218760512, 32.0028183098 ], [ 35.121794358, 32.0030641318 ], [ 35.1217447902, 32.0033439307 ], [ 35.1215147381, 32.0035537217 ], [ 35.121530865, 32.0038615195 ], [ 35.1219412073, 32.0040577499 ], [ 35.1224502671, 32.0040441017 ], [ 35.1222694265, 32.0042538356 ], [ 35.1214481481, 32.0045191545 ], [ 35.12126714, 32.0049108718 ], [ 35.1212500919, 32.0056244616 ], [ 35.1215948503, 32.0057926038 ], [ 35.1220545765, 32.005806881 ], [ 35.1225309248, 32.0056952748 ], [ 35.1229745502, 32.0054857095 ], [ 35.1236313725, 32.0054580831 ], [ 35.124288069, 32.0056963965 ], [ 35.1247639181, 32.0061584219 ], [ 35.1251975145, 32.0067405746 ], [ 35.1253056352, 32.0066515478 ], [ 35.1253650483, 32.0064615171 ], [ 35.1256175791, 32.0063968519 ], [ 35.1259788956, 32.0063970757 ], [ 35.1270292864, 32.0070386357 ], [ 35.1269140206, 32.0074303109 ], [ 35.1260600491, 32.007541791 ], [ 35.1261757032, 32.0081310515 ], [ 35.1255414811, 32.0079999874 ], [ 35.1251926936, 32.0082937811 ], [ 35.1254295477, 32.0084691473 ], [ 35.1257745278, 32.0085525162 ], [ 35.1262834343, 32.0085023438 ], [ 35.1261405496, 32.0093329215 ], [ 35.1271421689, 32.009487474 ], [ 35.1286694495, 32.0095583752 ], [ 35.1290544857, 32.0105940601 ], [ 35.1297105521, 32.0116718376 ], [ 35.130022274, 32.0120359001 ], [ 35.1305151624, 32.0117843133 ], [ 35.1306140133, 32.0113925354 ], [ 35.1309757343, 32.0107770812 ], [ 35.1313041969, 32.0108541951 ], [ 35.1312049269, 32.011777679 ], [ 35.131598909, 32.0119878465 ], [ 35.1310723151, 32.0132328491 ], [ 35.1312035257, 32.0135408019 ], [ 35.1317291304, 32.0134152118 ], [ 35.1321238674, 32.0126737909 ], [ 35.13200954, 32.0118901452 ], [ 35.1313528238, 32.0115958697 ], [ 35.1315176739, 32.0108543179 ], [ 35.1312640686, 32.0106904534 ], [ 35.131294313, 32.009862532 ], [ 35.1309951825, 32.0090902095 ], [ 35.1305805284, 32.0089563276 ], [ 35.1299922669, 32.0085656361 ], [ 35.12959836, 32.0082855734 ], [ 35.1291390174, 32.0076555692 ], [ 35.1286880488, 32.0068884934 ] ] ] ] } },
{ "type": "Feature", "properties": { "Id": 0, "Name": "Tal Menashe", "GIS_ID": 0.135, "Area": 133556.21994000001, "x": 35.1598, "y": 32.4822 }, "geometry": { "type": "MultiPolygon", "coordinates": [ [ [ [ 35.1588954464, 32.4839430358 ], [ 35.1593383376, 32.48395609 ], [ 35.1598202119, 32.4838788923 ], [ 35.1604599286, 32.483660806 ], [ 35.1607422944, 32.4836398035 ], [ 35.1608005672, 32.4834778711 ], [ 35.1610249936, 32.4831456573 ], [ 35.1611746607, 32.4827444343 ], [ 35.1615816165, 32.4829205932 ], [ 35.1618700589, 32.4831510444 ], [ 35.1622043265, 32.4831713949 ], [ 35.1621805535, 32.4829487693 ], [ 35.1618557843, 32.4826812741 ], [ 35.1612993581, 32.4824980314 ], [ 35.1611748997, 32.4822445997 ], [ 35.1606599139, 32.4821739958 ], [ 35.160635125, 32.481955766 ], [ 35.1603670834, 32.4814100292 ], [ 35.1600085597, 32.480981847 ], [ 35.1600950193, 32.4808297538 ], [ 35.1606668075, 32.4800189281 ], [ 35.1604875035, 32.4798949664 ], [ 35.1604345249, 32.4794556198 ], [ 35.1603881805, 32.4791571273 ], [ 35.1596704928, 32.4792075522 ], [ 35.1594976925, 32.479275031 ], [ 35.1594976337, 32.4793933394 ], [ 35.158952541, 32.4797817941 ], [ 35.1591650847, 32.4800183973 ], [ 35.15899224, 32.4801703686 ], [ 35.158643396, 32.4803978416 ], [ 35.1586564134, 32.4809528678 ], [ 35.1584426675, 32.4809867856 ], [ 35.1581084835, 32.4812470858 ], [ 35.1577608285, 32.4816320909 ], [ 35.1580948005, 32.4817907402 ], [ 35.1581214223, 32.4819493662 ], [ 35.1576803733, 32.4820964574 ], [ 35.1570523419, 32.4821528521 ], [ 35.1569852814, 32.4826284949 ], [ 35.1572122178, 32.4830136234 ], [ 35.1579471808, 32.4829459958 ], [ 35.1582010014, 32.4831952401 ], [ 35.1584814607, 32.4833652306 ], [ 35.1587155507, 32.4838734462 ], [ 35.1588954464, 32.4839430358 ] ] ], [ [ [ 35.161021325, 32.4836962588 ], [ 35.1609047676, 32.4840152329 ], [ 35.160550683, 32.4842339825 ], [ 35.1604694311, 32.4842560873 ], [ 35.1604374993, 32.4842880463 ], [ 35.1604374754, 32.4843372311 ], [ 35.1605767616, 32.4843053096 ], [ 35.1608292822, 32.4841135764 ], [ 35.1615831045, 32.4840616555 ], [ 35.161984756, 32.4839782006 ], [ 35.1620014451, 32.4837810858 ], [ 35.1625829407, 32.483837549 ], [ 35.1627239598, 32.4841826016 ], [ 35.1627736787, 32.484337537 ], [ 35.1629232721, 32.4843163955 ], [ 35.1632139828, 32.4841968301 ], [ 35.1636210539, 32.4841406038 ], [ 35.1638619098, 32.4841618726 ], [ 35.164019911, 32.483894377 ], [ 35.1638123788, 32.4835844723 ], [ 35.1633722639, 32.4833168734 ], [ 35.163056584, 32.4833730387 ], [ 35.1628903827, 32.4834223091 ], [ 35.1627656364, 32.483781341 ], [ 35.1618271036, 32.4837176346 ], [ 35.1619103025, 32.4834852843 ], [ 35.1610464951, 32.483344228 ], [ 35.161021325, 32.4836962588 ] ] ] ] } },
{ "type": "Feature", "properties": { "Id": 0, "Name": "Talmon", "GIS_ID": 3788.0, "Area": 512821.547548, "x": 35.1324, "y": 31.9457 }, "geometry": { "type": "MultiPolygon", "coordinates": [ [ [ [ 35.1330219954, 31.9410897722 ], [ 35.1332414284, 31.940974102 ], [ 35.133512969, 31.9410365694 ], [ 35.1339306551, 31.9411169734 ], [ 35.1343484679, 31.9411706823 ], [ 35.1346931834, 31.9411084661 ], [ 35.1348919341, 31.9407879789 ], [ 35.1350800931, 31.9406277385 ], [ 35.1356232085, 31.9405657181 ], [ 35.1358951062, 31.9401472413 ], [ 35.1365116253, 31.939782336 ], [ 35.1363760151, 31.9395347145 ], [ 35.1365747632, 31.9392052063 ], [ 35.1368572396, 31.9386264799 ], [ 35.1370872988, 31.9381367344 ], [ 35.1370877661, 31.9374954518 ], [ 35.1368479683, 31.9369876008 ], [ 35.136942218, 31.9366669643 ], [ 35.137120064, 31.9362752186 ], [ 35.1373292179, 31.9358744709 ], [ 35.1375696495, 31.9356519387 ], [ 35.1376217083, 31.9357588315 ], [ 35.1378300082, 31.9366852887 ], [ 35.1378088186, 31.937032658 ], [ 35.1375784992, 31.9377450636 ], [ 35.1376096187, 31.9381458479 ], [ 35.1379540516, 31.9384577871 ], [ 35.1382674317, 31.9384223288 ], [ 35.1386958334, 31.9381464144 ], [ 35.1391867692, 31.9381199736 ], [ 35.1394689192, 31.9379776309 ], [ 35.1395631608, 31.9376569925 ], [ 35.1395946392, 31.9374076558 ], [ 35.1398976885, 31.9371672951 ], [ 35.1402216012, 31.9370338999 ], [ 35.1401800512, 31.9367131923 ], [ 35.1397099129, 31.9368020534 ], [ 35.1395011239, 31.9366950814 ], [ 35.1394804594, 31.9364545559 ], [ 35.13967924, 31.935902474 ], [ 35.140013525, 31.9359026438 ], [ 35.1401703495, 31.9356087304 ], [ 35.1404108908, 31.9352170116 ], [ 35.1406928506, 31.9351815315 ], [ 35.1411733495, 31.9350837439 ], [ 35.1411944407, 31.9348610954 ], [ 35.1414033247, 31.9348255773 ], [ 35.1421658064, 31.9348081873 ], [ 35.1422390966, 31.9344875365 ], [ 35.1418631989, 31.9344161083 ], [ 35.1411791064, 31.9343979137 ], [ 35.1402285217, 31.9345310866 ], [ 35.1396225719, 31.9348246818 ], [ 35.1397371937, 31.9351454268 ], [ 35.1394027603, 31.9355104025 ], [ 35.1390575523, 31.9363029238 ], [ 35.1389736112, 31.9367125767 ], [ 35.1386916714, 31.9367124311 ], [ 35.138136121, 31.9366889228 ], [ 35.1380964946, 31.9364092913 ], [ 35.1383686171, 31.9356434285 ], [ 35.1386510207, 31.9351359413 ], [ 35.1383901162, 31.9348596692 ], [ 35.1380765308, 31.9351979584 ], [ 35.1376741174, 31.9355273623 ], [ 35.1371727923, 31.9356071794 ], [ 35.1369322687, 31.9359544324 ], [ 35.1366813142, 31.9363907789 ], [ 35.1367331832, 31.9367559528 ], [ 35.1366911375, 31.937128201 ], [ 35.1363877325, 31.9378406556 ], [ 35.1361992263, 31.9384818374 ], [ 35.1358232113, 31.9385528786 ], [ 35.1357395515, 31.9387042486 ], [ 35.1356662026, 31.9389268678 ], [ 35.1353842362, 31.9389534088 ], [ 35.1353631166, 31.9391939121 ], [ 35.1352899454, 31.9393185938 ], [ 35.134976762, 31.9390868361 ], [ 35.1344755454, 31.9388549744 ], [ 35.1341622912, 31.9387211521 ], [ 35.1335878033, 31.9387476172 ], [ 35.1334730547, 31.9386139037 ], [ 35.1333581664, 31.9385247399 ], [ 35.1332327496, 31.9386493911 ], [ 35.1326478128, 31.9386490621 ], [ 35.1321675232, 31.938443987 ], [ 35.1313321014, 31.9382475441 ], [ 35.1310397792, 31.9381315822 ], [ 35.1308516254, 31.9382828887 ], [ 35.1300369199, 31.9382378645 ], [ 35.1294833952, 31.9382375393 ], [ 35.1295354941, 31.9384156791 ], [ 35.1297963605, 31.938718663 ], [ 35.1298066167, 31.9388523184 ], [ 35.1293156743, 31.938878723 ], [ 35.1285949192, 31.9390386382 ], [ 35.1285947365, 31.9392612969 ], [ 35.1286675077, 31.9396354143 ], [ 35.1287822652, 31.9397512761 ], [ 35.1289390121, 31.9397335133 ], [ 35.1289496566, 31.9395197888 ], [ 35.1294196265, 31.9395379231 ], [ 35.1301402964, 31.9396185181 ], [ 35.1306727109, 31.9399750462 ], [ 35.1313722694, 31.9402782807 ], [ 35.1318839209, 31.9405547105 ], [ 35.1322179151, 31.9408131813 ], [ 35.1326875879, 31.9412231431 ], [ 35.132802548, 31.9412232079 ], [ 35.1330219954, 31.9410897722 ] ] ], [ [ [ 35.1502770461, 31.9442330141 ], [ 35.149705952, 31.9433002903 ], [ 35.1493682739, 31.9432507307 ], [ 35.1496229733, 31.943582794 ], [ 35.1494986822, 31.9436180916 ], [ 35.1493411102, 31.9437734967 ], [ 35.1491754193, 31.9437097564 ], [ 35.1488937541, 31.9437449849 ], [ 35.1486696065, 31.9430936293 ], [ 35.1484326358, 31.9430342907 ], [ 35.1482648956, 31.9433652322 ], [ 35.1485829256, 31.9434502446 ], [ 35.1487368147, 31.9438761562 ], [ 35.1484544081, 31.9441121926 ], [ 35.1480849588, 31.9435916369 ], [ 35.1475167061, 31.9439990554 ], [ 35.1479322117, 31.9445358156 ], [ 35.1480065501, 31.944903249 ], [ 35.1480891474, 31.9452565274 ], [ 35.1478239287, 31.9453694072 ], [ 35.147881859, 31.9455883942 ], [ 35.1481634655, 31.9456592217 ], [ 35.1484120241, 31.9456381388 ], [ 35.1488678253, 31.9455323754 ], [ 35.1491578555, 31.9454901165 ], [ 35.149389821, 31.9454478317 ], [ 35.1495225581, 31.945264189 ], [ 35.1496884184, 31.9448686333 ], [ 35.1500696223, 31.944812253 ], [ 35.1503183105, 31.9445650809 ], [ 35.1502770461, 31.9442330141 ] ] ], [ [ [ 35.140161454, 31.9456622805 ], [ 35.1404627592, 31.9452283879 ], [ 35.1404703827, 31.9446049656 ], [ 35.1402700055, 31.9440853277 ], [ 35.140141086, 31.9439263623 ], [ 35.1398256478, 31.9440056524 ], [ 35.1396607131, 31.9440789764 ], [ 35.1396103245, 31.9444456296 ], [ 35.1397460804, 31.9451119613 ], [ 35.1393304104, 31.9449894626 ], [ 35.1391798724, 31.9448916284 ], [ 35.1391510379, 31.9451360963 ], [ 35.1391645633, 31.9452832649 ], [ 35.1389729837, 31.9454635956 ], [ 35.1391542805, 31.9455753832 ], [ 35.1394877211, 31.9455335192 ], [ 35.139846121, 31.9455825803 ], [ 35.140161454, 31.9456622805 ] ] ], [ [ [ 35.1371617644, 31.9502517739 ], [ 35.1369695425, 31.9499407705 ], [ 35.1365350724, 31.9500425023 ], [ 35.1362356702, 31.9500014897 ], [ 35.1360442435, 31.9496950398 ], [ 35.1359126751, 31.9495417503 ], [ 35.1359248163, 31.9492864526 ], [ 35.135158254, 31.9492247135 ], [ 35.1348530143, 31.9494041877 ], [ 35.1349183201, 31.9497148099 ], [ 35.1347864532, 31.9499598513 ], [ 35.1346305837, 31.950194689 ], [ 35.1344267095, 31.9504090287 ], [ 35.134258995, 31.9505008313 ], [ 35.1339355358, 31.9505211235 ], [ 35.1337916465, 31.9507150242 ], [ 35.1338633281, 31.9510316918 ], [ 35.1337553764, 31.9512562742 ], [ 35.1341622354, 31.9517262559 ], [ 35.1346891305, 31.9519410883 ], [ 35.1353839891, 31.9517372064 ], [ 35.1356555393, 31.9515382011 ], [ 35.1355029556, 31.9513312881 ], [ 35.1361751257, 31.9509205884 ], [ 35.1363668715, 31.9507981344 ], [ 35.1366424548, 31.9507267677 ], [ 35.1367504064, 31.9504919923 ], [ 35.1371617644, 31.9502517739 ] ] ], [ [ [ 35.1263444938, 31.9542156634 ], [ 35.1269077739, 31.9537972953 ], [ 35.1276146876, 31.9536343157 ], [ 35.1279619454, 31.9537570819 ], [ 35.1278851977, 31.9540024203 ], [ 35.1281752585, 31.9540555962 ], [ 35.1282972264, 31.9539104116 ], [ 35.1286684329, 31.9539821475 ], [ 35.1289802449, 31.9536044723 ], [ 35.1294353869, 31.9536047418 ], [ 35.1296400208, 31.9535323411 ], [ 35.1297576816, 31.9532379575 ], [ 35.1295781614, 31.9531554051 ], [ 35.1299095157, 31.9523590719 ], [ 35.1290890359, 31.9523687785 ], [ 35.1291247567, 31.9526650462 ], [ 35.1291125821, 31.9528079768 ], [ 35.1285136576, 31.9528586631 ], [ 35.1284421155, 31.9525216118 ], [ 35.128046795, 31.9525826982 ], [ 35.127160337, 31.9525616909 ], [ 35.1264056906, 31.9526429342 ], [ 35.1257829033, 31.9525199934 ], [ 35.1248369492, 31.9521925862 ], [ 35.1239628383, 31.9518448364 ], [ 35.1231603526, 31.9518443255 ], [ 35.1224293591, 31.9522115262 ], [ 35.1221534511, 31.9526300609 ], [ 35.1222009476, 31.9530998476 ], [ 35.1223683126, 31.9535391401 ], [ 35.1230986895, 31.9537642521 ], [ 35.1237693346, 31.9539587504 ], [ 35.124356095, 31.9541633829 ], [ 35.1248951712, 31.954102398 ], [ 35.1250504663, 31.954572251 ], [ 35.1254096601, 31.9548380596 ], [ 35.1259369779, 31.9545524208 ], [ 35.1263444938, 31.9542156634 ] ] ], [ [ [ 35.1265479177, 31.9548812614 ], [ 35.1265169764, 31.9547045282 ], [ 35.1262888833, 31.9548192524 ], [ 35.1263820126, 31.9549871881 ], [ 35.1265479177, 31.9548812614 ] ] ], [ [ [ 35.1194218751, 31.9565489057 ], [ 35.1192307685, 31.9562853575 ], [ 35.1190175036, 31.9560781574 ], [ 35.1187749281, 31.9558834725 ], [ 35.1181129182, 31.9556132914 ], [ 35.1177524533, 31.9554812907 ], [ 35.1177922465, 31.9551783056 ], [ 35.1174593642, 31.9551935019 ], [ 35.1171562198, 31.9556816266 ], [ 35.1171633987, 31.9559200715 ], [ 35.1170970763, 31.9560329332 ], [ 35.1165453047, 31.9558568791 ], [ 35.1161627258, 31.9558440786 ], [ 35.1157726646, 31.9559127958 ], [ 35.1153532877, 31.955887432 ], [ 35.1149263609, 31.9560125744 ], [ 35.1148378676, 31.9561881856 ], [ 35.114859847, 31.9563199563 ], [ 35.1151983795, 31.9562700537 ], [ 35.1154465697, 31.9563488859 ], [ 35.1156399617, 31.9561950615 ], [ 35.1161329002, 31.9562832419 ], [ 35.1162872257, 31.9563962564 ], [ 35.1165962386, 31.9564654593 ], [ 35.1168611669, 31.9565095606 ], [ 35.1171039417, 31.9564908798 ], [ 35.1174571825, 31.9564346685 ], [ 35.1175527802, 31.9565728018 ], [ 35.1176483846, 31.9565916249 ], [ 35.1178617594, 31.9566796073 ], [ 35.1180823804, 31.9568240479 ], [ 35.1181263779, 31.9569432978 ], [ 35.1180673309, 31.9570813256 ], [ 35.1178317534, 31.9572066077 ], [ 35.1176844168, 31.9574197865 ], [ 35.1181258208, 31.9575393071 ], [ 35.1186926232, 31.9573765526 ], [ 35.11924458, 31.9572514814 ], [ 35.1196861407, 31.9572015457 ], [ 35.1199657503, 31.9571578135 ], [ 35.1200175046, 31.9568944276 ], [ 35.1196866244, 31.9566746153 ], [ 35.1194218751, 31.9565489057 ] ] ] ] } },
{ "type": "Feature", "properties": { "Id": 0, "Name": "Yafit", "GIS_ID": 3566.0, "Area": 311909.40068700002, "x": 35.4735, "y": 32.0622 }, "geometry": { "type": "MultiPolygon", "coordinates": [ [ [ [ 35.4713370977, 32.0557819895 ], [ 35.4692292905, 32.0542160205 ], [ 35.4690569407, 32.0544126116 ], [ 35.468176603, 32.0555268139 ], [ 35.4687059074, 32.055918354 ], [ 35.4694661164, 32.0564402599 ], [ 35.470168942, 32.0570358682 ], [ 35.4705715104, 32.0567323804 ], [ 35.4709174328, 32.0567970338 ], [ 35.4710992893, 32.0565922139 ], [ 35.4708200626, 32.0563392157 ], [ 35.4713370977, 32.0557819895 ] ] ], [ [ [ 35.4754692158, 32.0605109005 ], [ 35.4752465944, 32.0610760814 ], [ 35.4750644535, 32.0611122718 ], [ 35.4735074074, 32.0608409903 ], [ 35.4728198368, 32.0606275501 ], [ 35.4726950039, 32.0611054059 ], [ 35.4719513434, 32.0609039835 ], [ 35.4717006266, 32.0614657005 ], [ 35.4724164025, 32.0617267921 ], [ 35.4723055113, 32.0621569129 ], [ 35.4721533428, 32.0628497239 ], [ 35.4717487794, 32.0635668747 ], [ 35.4712887094, 32.064463328 ], [ 35.4710106773, 32.0652877039 ], [ 35.4711944224, 32.0658007097 ], [ 35.4726118553, 32.0662514114 ], [ 35.4735387619, 32.0667748326 ], [ 35.4741135294, 32.0667139118 ], [ 35.4746577633, 32.0658495535 ], [ 35.475607491, 32.064593848 ], [ 35.4764873712, 32.0634338756 ], [ 35.4780250534, 32.0619141949 ], [ 35.4771401055, 32.0613550047 ], [ 35.47631324, 32.0607200382 ], [ 35.4763520066, 32.0603812878 ], [ 35.4759461279, 32.0603008779 ], [ 35.4758275826, 32.0605585189 ], [ 35.4754692158, 32.0605109005 ] ] ] ] } },
{ "type": "Feature", "properties": { "Id": 0, "Name": "Kochav Hashahar", "GIS_ID": 3564.0, "Area": 385038.76871099998, "x": 35.3485, "y": 31.9595 }, "geometry": { "type": "MultiPolygon", "coordinates": [ [ [ [ 35.3447231698, 31.9489437473 ], [ 35.3444397546, 31.948411091 ], [ 35.3441223598, 31.948559158 ], [ 35.3431221955, 31.9494662868 ], [ 35.3433908353, 31.9498911198 ], [ 35.344470721, 31.9497898427 ], [ 35.3447231698, 31.9489437473 ] ] ], [ [ [ 35.3576737403, 31.9525978915 ], [ 35.3575677536, 31.9525760463 ], [ 35.3574505152, 31.9526762872 ], [ 35.3576281469, 31.9527322264 ], [ 35.3576737403, 31.9525978915 ] ] ], [ [ [ 35.3563814221, 31.9541091068 ], [ 35.3561641148, 31.9539695594 ], [ 35.3559739955, 31.9542187766 ], [ 35.356102174, 31.9542905244 ], [ 35.356041381, 31.9543598349 ], [ 35.3561132876, 31.9544010254 ], [ 35.3563814221, 31.9541091068 ] ] ], [ [ [ 35.3499352544, 31.9546747872 ], [ 35.3488094683, 31.9545267266 ], [ 35.34881151, 31.95583156 ], [ 35.3489001832, 31.9571362945 ], [ 35.349420126, 31.9572341798 ], [ 35.3498326152, 31.9560347907 ], [ 35.3499949113, 31.9554855349 ], [ 35.3499352544, 31.9546747872 ] ] ], [ [ [ 35.356696066, 31.9579990733 ], [ 35.3569942714, 31.957824348 ], [ 35.3575307882, 31.9579220296 ], [ 35.357770816, 31.9576778894 ], [ 35.3580109576, 31.9574393397 ], [ 35.3583749928, 31.9574721757 ], [ 35.358543697, 31.9573389534 ], [ 35.3583288707, 31.9570898624 ], [ 35.3580752405, 31.9570402993 ], [ 35.3579068404, 31.9573564086 ], [ 35.3575358891, 31.9571075049 ], [ 35.3571585106, 31.9568087375 ], [ 35.3568073517, 31.9566927353 ], [ 35.3565669258, 31.9567595776 ], [ 35.3563239826, 31.9569486025 ], [ 35.3560978546, 31.9572551939 ], [ 35.3560224243, 31.9576191169 ], [ 35.3564910765, 31.9577165613 ], [ 35.356696066, 31.9579990733 ] ] ], [ [ [ 35.3420556116, 31.9567499873 ], [ 35.3412758595, 31.9567015912 ], [ 35.3410747779, 31.9574157745 ], [ 35.3414521562, 31.9587449127 ], [ 35.3423191475, 31.9591871253 ], [ 35.3429243978, 31.9583985512 ], [ 35.343298805, 31.9577334148 ], [ 35.3432973599, 31.9567732545 ], [ 35.3420556116, 31.9567499873 ] ] ], [ [ [ 35.3471136023, 31.9635625677 ], [ 35.3484290923, 31.9633294061 ], [ 35.348829485, 31.9633289513 ], [ 35.349000905, 31.9631580428 ], [ 35.3498444356, 31.9629620169 ], [ 35.3501586702, 31.9627299806 ], [ 35.3505159285, 31.9625466821 ], [ 35.3510296797, 31.9617901896 ], [ 35.3515152137, 31.9613872386 ], [ 35.351887357, 31.9615209065 ], [ 35.3524441398, 31.9609594205 ], [ 35.3530001381, 31.9598492693 ], [ 35.3530987989, 31.9589102752 ], [ 35.352569058, 31.9585817323 ], [ 35.3523686822, 31.9584965642 ], [ 35.3521116744, 31.9587163651 ], [ 35.3518827774, 31.9586556685 ], [ 35.3518825631, 31.958521569 ], [ 35.3516962346, 31.9582901093 ], [ 35.3513101826, 31.9583149055 ], [ 35.3505669186, 31.9586084021 ], [ 35.3499240727, 31.9590603182 ], [ 35.3498665002, 31.9588408826 ], [ 35.350066528, 31.9587065535 ], [ 35.3504949684, 31.9583281109 ], [ 35.3504227098, 31.9578526673 ], [ 35.3498793963, 31.9579629517 ], [ 35.3496226718, 31.9583656351 ], [ 35.3496089673, 31.9587314266 ], [ 35.3497381896, 31.9591092291 ], [ 35.349524283, 31.9594996887 ], [ 35.3491386078, 31.9597683285 ], [ 35.348781224, 31.9598663117 ], [ 35.3483950398, 31.9598789248 ], [ 35.3480806206, 31.9599890318 ], [ 35.3480937618, 31.9592574653 ], [ 35.347964535, 31.9589406238 ], [ 35.3476214067, 31.9589531859 ], [ 35.3474504076, 31.9593922916 ], [ 35.3472933022, 31.9595143938 ], [ 35.3469214489, 31.9594904628 ], [ 35.3467115845, 31.959241555 ], [ 35.3462187089, 31.9593822334 ], [ 35.3458055429, 31.9596403471 ], [ 35.3456776662, 31.9598210151 ], [ 35.3455635666, 31.9600528181 ], [ 35.3454066438, 31.960296843 ], [ 35.3454361118, 31.9608211249 ], [ 35.3454373231, 31.9616136376 ], [ 35.3453866786, 31.9617681016 ], [ 35.3453869666, 31.9619566064 ], [ 35.3453543104, 31.9622912392 ], [ 35.3453824468, 31.9626163793 ], [ 35.3456486249, 31.9631627483 ], [ 35.3463231028, 31.9632044097 ], [ 35.3468269591, 31.963172765 ], [ 35.3468989962, 31.9635140206 ], [ 35.3471136023, 31.9635625677 ] ] ] ] } },
{ "type": "Feature", "properties": { "Id": 0, "Name": "Kochav Ya'aqov", "GIS_ID": 3779.0, "Area": 555097.03641900001, "x": 35.2428, "y": 31.8803 }, "geometry": { "type": "MultiPolygon", "coordinates": [ [ [ [ 35.2490823622, 31.8747901381 ], [ 35.2485274136, 31.8749980227 ], [ 35.2488198314, 31.8754216895 ], [ 35.2485083519, 31.8758040825 ], [ 35.2481481568, 31.8759787105 ], [ 35.2476614043, 31.8762696261 ], [ 35.2465513858, 31.87647778 ], [ 35.2454607531, 31.8765611952 ], [ 35.2453538485, 31.8769102368 ], [ 35.2470287757, 31.8769595572 ], [ 35.2480121448, 31.8766600876 ], [ 35.2489176458, 31.8764188055 ], [ 35.2489953594, 31.8760531776 ], [ 35.2493066845, 31.8753550538 ], [ 35.2490823622, 31.8747901381 ] ] ], [ [ [ 35.2520400598, 31.8776395837 ], [ 35.2523707629, 31.87753194 ], [ 35.252417906, 31.8773236036 ], [ 35.2523154834, 31.8772362828 ], [ 35.2520398315, 31.8771960667 ], [ 35.2517188053, 31.877411607 ], [ 35.2520400598, 31.8776395837 ] ] ], [ [ [ 35.2427920368, 31.8827842721 ], [ 35.2431993967, 31.8825845743 ], [ 35.2436245989, 31.882342574 ], [ 35.2442981811, 31.883098275 ], [ 35.2456268946, 31.8829769161 ], [ 35.2466719374, 31.8824172602 ], [ 35.2477169676, 31.8818575056 ], [ 35.2478762071, 31.8813283497 ], [ 35.2492217092, 31.8792718984 ], [ 35.2501073328, 31.8789692907 ], [ 35.2502665986, 31.8785307652 ], [ 35.2498059092, 31.8783193621 ], [ 35.2490972224, 31.8784253975 ], [ 35.2487427921, 31.8780778674 ], [ 35.2474668141, 31.8773526061 ], [ 35.2469354803, 31.8774737199 ], [ 35.2465102473, 31.877579736 ], [ 35.2459434749, 31.8778671544 ], [ 35.2454651641, 31.8779277322 ], [ 35.2453235586, 31.8781999492 ], [ 35.244969362, 31.8783512089 ], [ 35.2446328403, 31.8785629746 ], [ 35.2444912248, 31.8788199498 ], [ 35.2439242619, 31.8789410623 ], [ 35.2434283899, 31.8792284473 ], [ 35.2433400014, 31.8796517918 ], [ 35.2429416661, 31.880425951 ], [ 35.2430303601, 31.8807282163 ], [ 35.2431722676, 31.8811514904 ], [ 35.2433495637, 31.8815293916 ], [ 35.2427738041, 31.881635351 ], [ 35.2425082839, 31.8820889593 ], [ 35.2420300658, 31.882436846 ], [ 35.2414279792, 31.8833289289 ], [ 35.2411268722, 31.8833592274 ], [ 35.2409143672, 31.8837372439 ], [ 35.2411094217, 31.8841302035 ], [ 35.2415346338, 31.8841452307 ], [ 35.2413222404, 31.8845383083 ], [ 35.2405249539, 31.8847199848 ], [ 35.2396787366, 31.8848810044 ], [ 35.2395055551, 31.8851095306 ], [ 35.240312549, 31.8850980002 ], [ 35.2408439635, 31.8847803161 ], [ 35.241251428, 31.8848104999 ], [ 35.2417476619, 31.8850672853 ], [ 35.2420487558, 31.8849916234 ], [ 35.2421904253, 31.8845683545 ], [ 35.242048522, 31.8844171604 ], [ 35.2425975709, 31.8838274729 ], [ 35.242172212, 31.8834496448 ], [ 35.2427920368, 31.8827842721 ] ] ], [ [ [ 35.2381452097, 31.8802814895 ], [ 35.2379731862, 31.8806798719 ], [ 35.2378025107, 31.8810102559 ], [ 35.2375292514, 31.8811658023 ], [ 35.2374609895, 31.8815009387 ], [ 35.2376547267, 31.8818118379 ], [ 35.2374043669, 31.8821713711 ], [ 35.2375411096, 31.8824045478 ], [ 35.2371085379, 31.8827738675 ], [ 35.2363570946, 31.8831626556 ], [ 35.2358902103, 31.883046166 ], [ 35.2352754824, 31.8836196077 ], [ 35.2348656361, 31.8837168333 ], [ 35.2342279203, 31.8838335906 ], [ 35.2338636135, 31.8838919336 ], [ 35.2334194528, 31.8837755199 ], [ 35.2328387286, 31.883629916 ], [ 35.2326451757, 31.8838825607 ], [ 35.2326785466, 31.8845081338 ], [ 35.2324927093, 31.8846248764 ], [ 35.2324156776, 31.8850318522 ], [ 35.2326927843, 31.8851933773 ], [ 35.2329803309, 31.885088581 ], [ 35.2333168605, 31.8846157145 ], [ 35.2331099137, 31.8845140218 ], [ 35.233085332, 31.8844092953 ], [ 35.2327380993, 31.8842896794 ], [ 35.232873023, 31.8841351113 ], [ 35.2332145496, 31.8838920824 ], [ 35.2337952916, 31.8840862929 ], [ 35.2338067961, 31.8843681109 ], [ 35.2340460097, 31.8844554422 ], [ 35.234341883, 31.8839113012 ], [ 35.2352641194, 31.8837750853 ], [ 35.2358674403, 31.8832211259 ], [ 35.2362433305, 31.8833570277 ], [ 35.2367674028, 31.8840953105 ], [ 35.2370522109, 31.8845907008 ], [ 35.2367448277, 31.8848239916 ], [ 35.2369042663, 31.8849696859 ], [ 35.2373027617, 31.884746111 ], [ 35.2370179689, 31.8842992394 ], [ 35.2383613853, 31.8835604724 ], [ 35.2389989739, 31.8834049158 ], [ 35.238770805, 31.8823264838 ], [ 35.2390326, 31.8820349425 ], [ 35.2394708372, 31.881863295 ], [ 35.239819533, 31.8813647588 ], [ 35.2401069616, 31.880687497 ], [ 35.2403860885, 31.8806874182 ], [ 35.240621419, 31.8805831904 ], [ 35.2411273859, 31.8809253786 ], [ 35.2409269623, 31.8813718404 ], [ 35.2407876584, 31.8819001702 ], [ 35.2413283225, 31.8820339355 ], [ 35.2416335382, 31.8819818111 ], [ 35.242330859, 31.881133347 ], [ 35.2415894691, 31.8809401243 ], [ 35.2416417986, 31.8807094218 ], [ 35.2417798155, 31.8805057157 ], [ 35.2425989405, 31.8806936309 ], [ 35.2426356857, 31.8804040388 ], [ 35.2426953461, 31.8800864908 ], [ 35.2427356031, 31.8798224087 ], [ 35.2425606116, 31.8796502418 ], [ 35.2422955272, 31.8800246521 ], [ 35.2418315179, 31.8799403786 ], [ 35.2410942112, 31.8798895502 ], [ 35.2406955516, 31.8796176738 ], [ 35.2402369367, 31.8787166085 ], [ 35.240376266, 31.8785295303 ], [ 35.2408343577, 31.8778322877 ], [ 35.240535091, 31.8768462253 ], [ 35.2395584757, 31.8763533802 ], [ 35.2383429687, 31.8762857128 ], [ 35.238203676, 31.8765747855 ], [ 35.2375063144, 31.8767280091 ], [ 35.2375064056, 31.8769830458 ], [ 35.2378451526, 31.8770509548 ], [ 35.2384429172, 31.8770678407 ], [ 35.2396384664, 31.8771525571 ], [ 35.2392192355, 31.8776975018 ], [ 35.2396446073, 31.8779863427 ], [ 35.2394596355, 31.8782407509 ], [ 35.2382040548, 31.8776119766 ], [ 35.2366696827, 31.877561332 ], [ 35.2365503701, 31.8781904767 ], [ 35.237487124, 31.8789213473 ], [ 35.2381051728, 31.8797543825 ], [ 35.2381452097, 31.8802814895 ] ] ] ] } },
{ "type": "Feature", "properties": { "Id": 0, "Name": "Kfar Adumim", "GIS_ID": 3638.0, "Area": 624522.87862199999, "x": 35.334, "y": 31.824 }, "geometry": { "type": "MultiPolygon", "coordinates": [ [ [ [ 35.3496504435, 31.8146331445 ], [ 35.3492462092, 31.8154820511 ], [ 35.3500582852, 31.8160871571 ], [ 35.3506159199, 31.815990672 ], [ 35.3509206746, 31.8149836273 ], [ 35.3496504435, 31.8146331445 ] ] ], [ [ [ 35.3139314637, 31.8197430923 ], [ 35.315114732, 31.8203020862 ], [ 35.3154999539, 31.8202324896 ], [ 35.3156212138, 31.8198860793 ], [ 35.3138994521, 31.8194390703 ], [ 35.3139314637, 31.8197430923 ] ] ], [ [ [ 35.3467987737, 31.8194672231 ], [ 35.3466363029, 31.8193115679 ], [ 35.3453389491, 31.8196419101 ], [ 35.3446693224, 31.8193656968 ], [ 35.3442223239, 31.8187947866 ], [ 35.3443843979, 31.8186907171 ], [ 35.3450127528, 31.818499557 ], [ 35.3456003895, 31.8182045477 ], [ 35.3460257669, 31.8178924011 ], [ 35.3456398136, 31.8174599496 ], [ 35.3450307746, 31.8170104283 ], [ 35.3441596616, 31.8175827902 ], [ 35.3437140804, 31.8178776375 ], [ 35.3429225669, 31.817445621 ], [ 35.3421111163, 31.817238719 ], [ 35.3418273454, 31.8173256018 ], [ 35.3413215576, 31.8181226471 ], [ 35.3420720138, 31.8183276646 ], [ 35.3429588187, 31.8182937783 ], [ 35.3436140064, 31.8180845453 ], [ 35.3440399967, 31.8189161933 ], [ 35.3443041703, 31.8192795226 ], [ 35.3453261621, 31.8198715253 ], [ 35.3442042365, 31.8202491942 ], [ 35.344144338, 31.8208726076 ], [ 35.3443274523, 31.8212706562 ], [ 35.3453208267, 31.8210617775 ], [ 35.3460303129, 31.8208705226 ], [ 35.3466800471, 31.8213892541 ], [ 35.3470047573, 31.8215447275 ], [ 35.3471058082, 31.8213195165 ], [ 35.346233, 31.820801036 ], [ 35.3470033733, 31.8206443382 ], [ 35.3475098749, 31.8204013567 ], [ 35.3467987737, 31.8194672231 ] ] ], [ [ [ 35.3222130916, 31.8266220769 ], [ 35.3226052659, 31.826355492 ], [ 35.3230310682, 31.8262858349 ], [ 35.3234567587, 31.8261296005 ], [ 35.3243482323, 31.8255400464 ], [ 35.3246526619, 31.8257129111 ], [ 35.3248756335, 31.8256261242 ], [ 35.3251592655, 31.8254007577 ], [ 35.3251795184, 31.8252277858 ], [ 35.3252516745, 31.8250319402 ], [ 35.32521551, 31.8247912452 ], [ 35.3248893116, 31.8247952906 ], [ 35.3246240456, 31.8249810145 ], [ 35.3246124178, 31.8253210593 ], [ 35.3233823518, 31.8260434994 ], [ 35.3229601472, 31.8261984543 ], [ 35.3226464278, 31.8262502665 ], [ 35.3222963449, 31.8261784629 ], [ 35.3218132597, 31.8259110042 ], [ 35.3212939325, 31.8256126647 ], [ 35.3212210927, 31.8252726977 ], [ 35.3213293459, 31.8249840847 ], [ 35.3214741357, 31.8244608836 ], [ 35.3211652169, 31.8239861716 ], [ 35.3210293625, 31.8235498087 ], [ 35.3209462472, 31.8232225191 ], [ 35.3206085396, 31.8226821186 ], [ 35.3212551223, 31.8228147489 ], [ 35.3213307027, 31.8226510062 ], [ 35.3206617593, 31.8224613013 ], [ 35.3210276621, 31.8221973299 ], [ 35.3214222058, 31.8215922794 ], [ 35.321406414, 31.82143376 ], [ 35.3211884747, 31.8214853647 ], [ 35.321045568, 31.8214854958 ], [ 35.3205048087, 31.8219288811 ], [ 35.3200543281, 31.8223529729 ], [ 35.3197459742, 31.8223211475 ], [ 35.3190844091, 31.8222832371 ], [ 35.3185206405, 31.8223222523 ], [ 35.3183101256, 31.8223159477 ], [ 35.3177458118, 31.821995579 ], [ 35.3176006343, 31.8218666558 ], [ 35.3171773191, 31.8209294282 ], [ 35.3168133812, 31.8209905601 ], [ 35.3167534394, 31.8219579508 ], [ 35.3167913327, 31.8221986168 ], [ 35.3169047722, 31.8224601386 ], [ 35.3171103708, 31.8227665803 ], [ 35.3172639229, 31.8230934492 ], [ 35.3173793396, 31.8235020579 ], [ 35.3177432301, 31.8235998538 ], [ 35.3181074073, 31.8238447375 ], [ 35.3185095412, 31.8238607008 ], [ 35.3189866951, 31.8238836816 ], [ 35.3195548672, 31.8246559731 ], [ 35.3199775713, 31.8249028872 ], [ 35.3205932707, 31.8250671914 ], [ 35.3208837172, 31.8257057774 ], [ 35.3216205524, 31.8262203035 ], [ 35.3215954274, 31.8263265754 ], [ 35.3219785577, 31.8264243415 ], [ 35.3222130916, 31.8266220769 ] ] ], [ [ [ 35.3372279196, 31.8280184815 ], [ 35.3376987394, 31.8281107256 ], [ 35.3377712713, 31.8281930819 ], [ 35.3384161869, 31.8282720895 ], [ 35.3391057383, 31.8282713613 ], [ 35.339957942, 31.8285474994 ], [ 35.3407490492, 31.828719806 ], [ 35.3412354361, 31.8284768712 ], [ 35.3421481824, 31.8285451471 ], [ 35.3433288631, 31.8293598691 ], [ 35.344181685, 31.8284738883 ], [ 35.3444994001, 31.828559616 ], [ 35.3455151935, 31.8288531309 ], [ 35.3457991281, 31.8288528157 ], [ 35.3456557105, 31.8279007298 ], [ 35.3453109363, 31.827901112 ], [ 35.3444584739, 31.8281637059 ], [ 35.3432634548, 31.8284227285 ], [ 35.3425330312, 31.8282158315 ], [ 35.3417213847, 31.8279396669 ], [ 35.3411120914, 31.8273516065 ], [ 35.3402193129, 31.8269889435 ], [ 35.3394885037, 31.826504896 ], [ 35.3385556991, 31.8265751436 ], [ 35.3370753986, 31.8266286413 ], [ 35.3370141361, 31.8263343468 ], [ 35.3371349206, 31.8257801346 ], [ 35.3375196764, 31.8253815732 ], [ 35.337823034, 31.8247925387 ], [ 35.337356342, 31.8246198751 ], [ 35.3368092055, 31.8248455433 ], [ 35.336039124, 31.8252445919 ], [ 35.3360182541, 31.8248290486 ], [ 35.3364840077, 31.8243437404 ], [ 35.336949608, 31.8237545393 ], [ 35.3371308326, 31.8229232205 ], [ 35.3361571656, 31.8226818195 ], [ 35.3361159672, 31.8222317569 ], [ 35.3362264396, 31.8214818579 ], [ 35.3360231047, 31.8211011337 ], [ 35.3365493589, 31.8212644645 ], [ 35.3368515025, 31.8210575648 ], [ 35.3367325858, 31.8208926153 ], [ 35.3365902607, 31.8206331253 ], [ 35.3358524269, 31.8203312473 ], [ 35.3357067796, 31.8207058341 ], [ 35.3354750973, 31.8207728005 ], [ 35.3351906503, 31.8203921584 ], [ 35.3352101727, 31.8198553667 ], [ 35.334946374, 31.8197344311 ], [ 35.3342568859, 31.8197351365 ], [ 35.3342575888, 31.820237277 ], [ 35.3344408051, 31.8207392312 ], [ 35.3349487372, 31.8214139142 ], [ 35.335274234, 31.8221408187 ], [ 35.3349904417, 31.8222276863 ], [ 35.334768972, 31.8233707171 ], [ 35.3349518075, 31.8235956273 ], [ 35.3351346193, 31.8238031319 ], [ 35.3349119297, 31.8240804038 ], [ 35.3343041113, 31.8244965906 ], [ 35.3343049842, 31.825119937 ], [ 35.3347920507, 31.8253618517 ], [ 35.3347923671, 31.8255869489 ], [ 35.3345086853, 31.8257603913 ], [ 35.3343061725, 31.8259683806 ], [ 35.3343068757, 31.8264705207 ], [ 35.3336579078, 31.8264019207 ], [ 35.333231608, 31.8261079947 ], [ 35.3328259989, 31.8261084047 ], [ 35.3325627597, 31.8264030285 ], [ 35.3322384384, 31.8265245611 ], [ 35.3318324231, 31.82623061 ], [ 35.3322871472, 31.8255963334 ], [ 35.3325854379, 31.8248460106 ], [ 35.3325979607, 31.8244904316 ], [ 35.3320891844, 31.8235992494 ], [ 35.3316987965, 31.8236218634 ], [ 35.3311198622, 31.8242227582 ], [ 35.3308571658, 31.8249156277 ], [ 35.3306341779, 31.8249851099 ], [ 35.3304513501, 31.8247601935 ], [ 35.3305112725, 31.8240848411 ], [ 35.3300852398, 31.8238947954 ], [ 35.3294962932, 31.8239084523 ], [ 35.3294634983, 31.824027256 ], [ 35.3294125982, 31.8241923416 ], [ 35.3291231792, 31.8245809552 ], [ 35.3289129943, 31.8247461064 ], [ 35.3286916694, 31.8250327451 ], [ 35.328524103, 31.8252373543 ], [ 35.3280428721, 31.8251608062 ], [ 35.3277645755, 31.8251032688 ], [ 35.3276736853, 31.8251439394 ], [ 35.3276881744, 31.825793516 ], [ 35.3280995461, 31.8258381182 ], [ 35.3284635445, 31.8260012663 ], [ 35.3291343651, 31.8264583811 ], [ 35.3297666724, 31.8267846742 ], [ 35.3303220875, 31.8268005391 ], [ 35.3309539997, 31.8268325586 ], [ 35.3315668386, 31.8268973305 ], [ 35.3319882416, 31.8270113513 ], [ 35.332601331, 31.8272560337 ], [ 35.3331761403, 31.8274679251 ], [ 35.3334824415, 31.8274512916 ], [ 35.3343001606, 31.827483196 ], [ 35.3349321018, 31.8275315188 ], [ 35.335561641, 31.8274740953 ], [ 35.33576684, 31.8274944918 ], [ 35.3359961915, 31.8275251669 ], [ 35.3362858871, 31.8275557791 ], [ 35.3367448995, 31.8278335119 ], [ 35.3370965664, 31.8279870504 ], [ 35.3372279196, 31.8280184815 ] ] ] ] } },
{ "type": "Feature", "properties": { "Id": 0, "Name": "Kfar Ezyon", "GIS_ID": 3488.0, "Area": 332944.35924100003, "x": 35.1155, "y": 31.6493 }, "geometry": { "type": "MultiPolygon", "coordinates": [ [ [ [ 35.1113815621, 31.6524470584 ], [ 35.1114936553, 31.6517904969 ], [ 35.1115807083, 31.6515044907 ], [ 35.1112094916, 31.6511864955 ], [ 35.1112223865, 31.6507310664 ], [ 35.1110118984, 31.6506779735 ], [ 35.1104299113, 31.6506986499 ], [ 35.110219114, 31.6509527285 ], [ 35.1102928225, 31.6515671289 ], [ 35.1105400296, 31.6520121976 ], [ 35.1108616313, 31.6523937394 ], [ 35.1113815621, 31.6524470584 ] ] ], [ [ [ 35.1164999766, 31.6477775238 ], [ 35.1162528821, 31.6471947525 ], [ 35.1159807454, 31.6468979428 ], [ 35.1163790838, 31.6467787034 ], [ 35.1163103248, 31.6465820597 ], [ 35.1162783363, 31.6464744551 ], [ 35.1161424688, 31.6461142489 ], [ 35.115399711, 31.6459442739 ], [ 35.1145949199, 31.6459331586 ], [ 35.1142854176, 31.6459117469 ], [ 35.1141121939, 31.6458162979 ], [ 35.1145832269, 31.6452657745 ], [ 35.1156601121, 31.6456055364 ], [ 35.1160066224, 31.6457328488 ], [ 35.1163163841, 31.6454788287 ], [ 35.1164281308, 31.6452565072 ], [ 35.1168492615, 31.6450661436 ], [ 35.1167008845, 31.6447800621 ], [ 35.1156118819, 31.6442179019 ], [ 35.1153395136, 31.6441753249 ], [ 35.1158845916, 31.6439003662 ], [ 35.1163799591, 31.6437947401 ], [ 35.1166894648, 31.643805595 ], [ 35.1172713584, 31.6438377389 ], [ 35.1173707499, 31.6435200815 ], [ 35.1172470784, 31.6433081503 ], [ 35.1168507601, 31.6434666967 ], [ 35.1166402254, 31.6434771941 ], [ 35.1164176058, 31.6432228067 ], [ 35.1160714847, 31.6426929957 ], [ 35.1157250039, 31.6424353647 ], [ 35.1153905276, 31.6426363369 ], [ 35.1155510299, 31.6431342753 ], [ 35.115179226, 31.6434518314 ], [ 35.1147951057, 31.6437480938 ], [ 35.1142128251, 31.6441184383 ], [ 35.114064174, 31.6442348535 ], [ 35.1143362458, 31.6445846064 ], [ 35.1148194125, 31.6442353856 ], [ 35.1151786698, 31.6440343421 ], [ 35.1151290451, 31.6442249605 ], [ 35.1146580105, 31.6447860379 ], [ 35.1142115778, 31.6454107119 ], [ 35.1139016773, 31.6458023505 ], [ 35.1140996036, 31.64597195 ], [ 35.114483409, 31.6460146082 ], [ 35.1144708706, 31.6462264461 ], [ 35.1138886348, 31.646533208 ], [ 35.1137889918, 31.6470945446 ], [ 35.1134422476, 31.6472054973 ], [ 35.1131324413, 31.6474912557 ], [ 35.1129713433, 31.6476076606 ], [ 35.1128105357, 31.6474274441 ], [ 35.1127736961, 31.6471520801 ], [ 35.1124021693, 31.6471623647 ], [ 35.1122785679, 31.6469928162 ], [ 35.1119688, 31.6471303062 ], [ 35.1121166222, 31.647967158 ], [ 35.1121905918, 31.6483273237 ], [ 35.1124876926, 31.6483169862 ], [ 35.1125746129, 31.648052263 ], [ 35.1127975035, 31.6480312294 ], [ 35.1129706592, 31.648306691 ], [ 35.113255332, 31.6483916693 ], [ 35.1132921734, 31.6486671233 ], [ 35.1134531388, 31.6486883416 ], [ 35.113453345, 31.6484765853 ], [ 35.1133296987, 31.648349335 ], [ 35.1131069316, 31.6482432977 ], [ 35.1129462159, 31.6479677549 ], [ 35.1129339727, 31.6477665414 ], [ 35.1131446312, 31.64763953 ], [ 35.1133677271, 31.6474066489 ], [ 35.1137268558, 31.6473539654 ], [ 35.1138008414, 31.6477035785 ], [ 35.1138375404, 31.6481272979 ], [ 35.1137007751, 31.6486991597 ], [ 35.1136752079, 31.6495146925 ], [ 35.113699505, 31.650007305 ], [ 35.1137486245, 31.6504521366 ], [ 35.1138227256, 31.6506852295 ], [ 35.1138842222, 31.6510877726 ], [ 35.1137477303, 31.6513736551 ], [ 35.1137226562, 31.6516808103 ], [ 35.1138215342, 31.6519139207 ], [ 35.1140318598, 31.6520305898 ], [ 35.1143291388, 31.6519566672 ], [ 35.1145891802, 31.6519039113 ], [ 35.1149977053, 31.6520312699 ], [ 35.1155175907, 31.6522434795 ], [ 35.1157031579, 31.6524554551 ], [ 35.1157396662, 31.65309102 ], [ 35.1158384453, 31.6533241287 ], [ 35.1159991237, 31.6536578375 ], [ 35.1162218668, 31.6538063472 ], [ 35.1162834313, 31.6542618281 ], [ 35.1164688788, 31.6544949961 ], [ 35.116827894, 31.6545905693 ], [ 35.1169020954, 31.6547282437 ], [ 35.1172539036, 31.6548043399 ], [ 35.117887767, 31.6549213921 ], [ 35.1180312132, 31.6546066122 ], [ 35.1178583749, 31.6541651794 ], [ 35.1171504604, 31.6539764444 ], [ 35.117076289, 31.6538069345 ], [ 35.1171138728, 31.6534150126 ], [ 35.1178445269, 31.6532884383 ], [ 35.1189218365, 31.6532785222 ], [ 35.1190339262, 31.6525689249 ], [ 35.1190220082, 31.6519969583 ], [ 35.1187868809, 31.6519014744 ], [ 35.1183038846, 31.6520388634 ], [ 35.1181311465, 31.6512866869 ], [ 35.1176606155, 31.6512863681 ], [ 35.11728902, 31.6514662162 ], [ 35.1169667806, 31.6517413334 ], [ 35.1168179619, 31.6520272107 ], [ 35.116458777, 31.6521222902 ], [ 35.1160501294, 31.652122008 ], [ 35.1158399084, 31.6517808697 ], [ 35.1163603933, 31.6513575366 ], [ 35.1164472059, 31.6511986889 ], [ 35.1162121233, 31.6510608129 ], [ 35.1162123532, 31.6508172211 ], [ 35.1166087636, 31.650595096 ], [ 35.1166090822, 31.6502560875 ], [ 35.1167207285, 31.6500337659 ], [ 35.1170549116, 31.6501717088 ], [ 35.1173643861, 31.6503519311 ], [ 35.117810068, 31.650426367 ], [ 35.1181444791, 31.6503207151 ], [ 35.1182316784, 31.6497381733 ], [ 35.1182322353, 31.6491344693 ], [ 35.1181456428, 31.6490602781 ], [ 35.1176998885, 31.6490705279 ], [ 35.1172416936, 31.6490808578 ], [ 35.1167141459, 31.6489087272 ], [ 35.1165455561, 31.6489675902 ], [ 35.1166065027, 31.6493280586 ], [ 35.1162634837, 31.6491436771 ], [ 35.1161524176, 31.6487517427 ], [ 35.1162890362, 31.6483196663 ], [ 35.1164999766, 31.6477775238 ] ] ] ] } },
{ "type": "Feature", "properties": { "Id": 0, "Name": "Kfar Tapuah", "GIS_ID": 3572.0, "Area": 208104.814923, "x": 35.2481, "y": 32.118 }, "geometry": { "type": "MultiPolygon", "coordinates": [ [ [ [ 35.2381764632, 32.1176387749 ], [ 35.2382588534, 32.117446689 ], [ 35.2378441407, 32.1169875883 ], [ 35.2379740132, 32.1168892585 ], [ 35.2380172567, 32.1166311539 ], [ 35.2378295031, 32.1166558226 ], [ 35.2375407775, 32.1167050462 ], [ 35.2372087224, 32.1167788993 ], [ 35.2370354149, 32.116606882 ], [ 35.2371797028, 32.1165208137 ], [ 35.237324039, 32.1162750377 ], [ 35.2372950236, 32.1160292165 ], [ 35.2370062692, 32.115992498 ], [ 35.2369197782, 32.1162136399 ], [ 35.2365154421, 32.1162383621 ], [ 35.2365868923, 32.115759793 ], [ 35.2364244941, 32.1157569548 ], [ 35.2363092, 32.1162214189 ], [ 35.2360678527, 32.1162015915 ], [ 35.2359522756, 32.1159681461 ], [ 35.2355768507, 32.1159437103 ], [ 35.23540366, 32.1161034604 ], [ 35.2351004471, 32.1162387131 ], [ 35.2344650361, 32.1160176557 ], [ 35.2342340671, 32.116091477 ], [ 35.2342197763, 32.1164601333 ], [ 35.234494181, 32.1166812782 ], [ 35.2348279521, 32.1168544024 ], [ 35.2362412557, 32.116656232 ], [ 35.2367899254, 32.1166683572 ], [ 35.2370499962, 32.117086091 ], [ 35.2375698871, 32.1172088702 ], [ 35.2378009324, 32.1173439883 ], [ 35.2379165429, 32.1176511985 ], [ 35.2381764632, 32.1176387749 ] ] ], [ [ [ 35.2493970477, 32.1205599779 ], [ 35.2505730223, 32.1207177562 ], [ 35.2507250756, 32.1198589866 ], [ 35.2514304712, 32.1198281644 ], [ 35.2514323488, 32.119367249 ], [ 35.2516778546, 32.1193425386 ], [ 35.2517498638, 32.1190476256 ], [ 35.2522407419, 32.1189491457 ], [ 35.2530368256, 32.118497251 ], [ 35.2529129618, 32.1181780929 ], [ 35.2522837024, 32.1182240882 ], [ 35.2520813915, 32.1179660715 ], [ 35.2518504063, 32.1179907773 ], [ 35.2512443351, 32.1186791609 ], [ 35.2507677627, 32.1185687765 ], [ 35.2507676819, 32.1184089789 ], [ 35.2507819189, 32.1180649398 ], [ 35.2511717736, 32.1181015895 ], [ 35.2512727488, 32.1178804326 ], [ 35.2512866005, 32.1167867333 ], [ 35.2517486647, 32.1167251492 ], [ 35.2520662589, 32.1165774968 ], [ 35.252499188, 32.1161227393 ], [ 35.2520369359, 32.1158156732 ], [ 35.2503699081, 32.1155235214 ], [ 35.2499864901, 32.1155706894 ], [ 35.249048006, 32.1155710238 ], [ 35.2488604707, 32.1158168284 ], [ 35.2491929331, 32.1166031648 ], [ 35.2489909032, 32.1168981224 ], [ 35.2482979939, 32.1172793719 ], [ 35.2477495223, 32.1176973615 ], [ 35.2472735875, 32.1179627965 ], [ 35.2474612431, 32.1186927684 ], [ 35.2477069324, 32.1192825471 ], [ 35.2484148898, 32.1201916704 ], [ 35.2485689397, 32.1207672859 ], [ 35.2487205515, 32.120729879 ], [ 35.2485447415, 32.1202341531 ], [ 35.2493970477, 32.1205599779 ] ] ], [ [ [ 35.2479533788, 32.1212362858 ], [ 35.2477801009, 32.1211871976 ], [ 35.2477222797, 32.1210397744 ], [ 35.2474478359, 32.1208310129 ], [ 35.2466247681, 32.1209909975 ], [ 35.246668329, 32.1214701953 ], [ 35.2470004506, 32.1215192317 ], [ 35.2470435623, 32.1210277404 ], [ 35.2473901422, 32.1209538566 ], [ 35.2476068521, 32.1211995212 ], [ 35.2477225352, 32.1215804889 ], [ 35.2479535363, 32.1215680551 ], [ 35.2479533788, 32.1212362858 ] ] ] ] } },
{ "type": "Feature", "properties": { "Id": 0, "Name": "Carmei Zur", "GIS_ID": 3766.0, "Area": 141509.299042, "x": 35.1005, "y": 31.6089 }, "geometry": { "type": "MultiPolygon", "coordinates": [ [ [ [ 35.0949961446, 31.6058004363 ], [ 35.0948915831, 31.6060931822 ], [ 35.0953376093, 31.6063992056 ], [ 35.0961130966, 31.606717201 ], [ 35.096958834, 31.6069736241 ], [ 35.0974193669, 31.6065746868 ], [ 35.0973018637, 31.6063117631 ], [ 35.0970343714, 31.6059803738 ], [ 35.0962163137, 31.6057122809 ], [ 35.0955169966, 31.6057371194 ], [ 35.0949961446, 31.6058004363 ] ] ], [ [ [ 35.0981337614, 31.6074839799 ], [ 35.098491009, 31.607382456 ], [ 35.0984023439, 31.6068602029 ], [ 35.0980004608, 31.6069235405 ], [ 35.0981337614, 31.6074839799 ] ] ], [ [ [ 35.099278684, 31.6082617931 ], [ 35.099159747, 31.6081343519 ], [ 35.0991749064, 31.6078668714 ], [ 35.0994579988, 31.6075487461 ], [ 35.0990268694, 31.6071918842 ], [ 35.0987737717, 31.6073571673 ], [ 35.0981389019, 31.6076906138 ], [ 35.0980589147, 31.6078786637 ], [ 35.0978648168, 31.6085153084 ], [ 35.0979686435, 31.6087700815 ], [ 35.0977198366, 31.6094308727 ], [ 35.0978469798, 31.6094418608 ], [ 35.0984445156, 31.6090761188 ], [ 35.098726991, 31.6092164123 ], [ 35.0991584293, 31.6093058727 ], [ 35.0996792125, 31.6093190169 ], [ 35.0997390809, 31.6090262306 ], [ 35.100081403, 31.6089882715 ], [ 35.1006021139, 31.6090650836 ], [ 35.1005423471, 31.6092688563 ], [ 35.1004973682, 31.6095362225 ], [ 35.1008245087, 31.6097911746 ], [ 35.1008838385, 31.6099822376 ], [ 35.1005858139, 31.6103640254 ], [ 35.1009873513, 31.6105299333 ], [ 35.1011809756, 31.6104027467 ], [ 35.1015082117, 31.6104793986 ], [ 35.1018355397, 31.610568766 ], [ 35.102237122, 31.6106964309 ], [ 35.1023708562, 31.6108875526 ], [ 35.1023852293, 31.6113332653 ], [ 35.1025042995, 31.6113461668 ], [ 35.1028167361, 31.6113718482 ], [ 35.1028909993, 31.6114992505 ], [ 35.103173663, 31.6115758626 ], [ 35.1037987709, 31.6114108644 ], [ 35.1039028182, 31.6115764383 ], [ 35.1040811757, 31.6117294444 ], [ 35.1042598027, 31.6117295846 ], [ 35.1042599935, 31.6115512862 ], [ 35.1040220432, 31.6113473684 ], [ 35.1040222892, 31.6111181147 ], [ 35.1039483256, 31.6107105042 ], [ 35.1039338494, 31.6103539859 ], [ 35.1039938555, 31.6099210481 ], [ 35.1039439683, 31.6093534944 ], [ 35.1038010027, 31.6093351355 ], [ 35.1036078601, 31.6091184456 ], [ 35.1029088145, 31.6087741015 ], [ 35.1023882838, 31.6085317167 ], [ 35.1022692529, 31.6085825769 ], [ 35.1019418338, 31.6085823148 ], [ 35.101525325, 31.6084291141 ], [ 35.1010940781, 31.6082632739 ], [ 35.1006922049, 31.6083138135 ], [ 35.099278684, 31.6082617931 ] ] ] ] } },
{ "type": "Feature", "properties": { "Id": 0, "Name": "Carmel", "GIS_ID": 3656.0, "Area": 201400.01401799999, "x": 35.185, "y": 31.4323 }, "geometry": { "type": "MultiPolygon", "coordinates": [ [ [ [ 35.1860780166, 31.4330018692 ], [ 35.1859747317, 31.4329562285 ], [ 35.1858933166, 31.4331199333 ], [ 35.1859898014, 31.4331524567 ], [ 35.1860780166, 31.4330018692 ] ] ], [ [ [ 35.1845359186, 31.4340201911 ], [ 35.1849192253, 31.4334589138 ], [ 35.1846477948, 31.433212476 ], [ 35.1843765115, 31.4327742958 ], [ 35.1840891465, 31.4322950765 ], [ 35.1838337332, 31.43193915 ], [ 35.1833548678, 31.4317884567 ], [ 35.1830834895, 31.4313502737 ], [ 35.1831953909, 31.4309395715 ], [ 35.1833869305, 31.4309259845 ], [ 35.1836263818, 31.4311450024 ], [ 35.1836263124, 31.4314599424 ], [ 35.1839296383, 31.4315557719 ], [ 35.1843288127, 31.4315285077 ], [ 35.1843288797, 31.4312135677 ], [ 35.1844087915, 31.4308439856 ], [ 35.1844568963, 31.4301731672 ], [ 35.1846006572, 31.4297761773 ], [ 35.184425101, 31.4293243031 ], [ 35.1841058533, 31.4289546583 ], [ 35.1842017601, 31.4285439525 ], [ 35.1844095605, 31.4272160414 ], [ 35.1840583685, 31.4272296047 ], [ 35.183579358, 31.4273664349 ], [ 35.1835632288, 31.4280099312 ], [ 35.1836109524, 31.4286123116 ], [ 35.1832596538, 31.4290777198 ], [ 35.182620925, 31.4294061716 ], [ 35.1821738279, 31.4297483623 ], [ 35.1816787517, 31.4301452877 ], [ 35.181534958, 31.4306244364 ], [ 35.1815028198, 31.4312952565 ], [ 35.1821574174, 31.4315417681 ], [ 35.1823010264, 31.4318430242 ], [ 35.182013611, 31.4320757521 ], [ 35.1819336692, 31.4325274948 ], [ 35.1817580155, 31.4325137552 ], [ 35.1813109775, 31.432541093 ], [ 35.181326743, 31.4330202699 ], [ 35.1813784486, 31.4336885871 ], [ 35.1822845954, 31.4337323003 ], [ 35.1826997488, 31.4337871159 ], [ 35.1829392961, 31.4336092133 ], [ 35.1832426497, 31.4336092637 ], [ 35.183881247, 31.4340063794 ], [ 35.1845359186, 31.4340201911 ] ] ], [ [ [ 35.1890025073, 31.4353628168 ], [ 35.1916784152, 31.4341701806 ], [ 35.1910095613, 31.4332753477 ], [ 35.1886816333, 31.4344221972 ], [ 35.1880127263, 31.4339862302 ], [ 35.1880931713, 31.433504451 ], [ 35.1865146987, 31.4321965905 ], [ 35.1864343825, 31.4325177423 ], [ 35.1867821268, 31.4330454863 ], [ 35.1865144289, 31.433618961 ], [ 35.1870762769, 31.4338942948 ], [ 35.1884407302, 31.434582794 ], [ 35.1887082131, 31.435248151 ], [ 35.1881195358, 31.4355462423 ], [ 35.1879855181, 31.4368080587 ], [ 35.1888417648, 31.4367393513 ], [ 35.1890025073, 31.4353628168 ] ] ] ] } },
{ "type": "Feature", "properties": { "Id": 0, "Name": "Migdal Oz", "GIS_ID": 3561.0, "Area": 182032.41950700001, "x": 35.1432, "y": 31.6396 }, "geometry": { "type": "MultiPolygon", "coordinates": [ [ [ [ 35.1458597039, 31.6396855584 ], [ 35.1469821789, 31.6386525358 ], [ 35.1474313477, 31.63779633 ], [ 35.1480703114, 31.6371912845 ], [ 35.1474664991, 31.6368513759 ], [ 35.1463785902, 31.6379434907 ], [ 35.1450749566, 31.6393989722 ], [ 35.1457175281, 31.6398755509 ], [ 35.1455486051, 31.640379397 ], [ 35.1453068398, 31.6406154825 ], [ 35.1451169457, 31.6406744664 ], [ 35.1449444338, 31.6405858235 ], [ 35.1446340617, 31.6401278943 ], [ 35.1442372245, 31.6400391452 ], [ 35.1438746777, 31.6402308898 ], [ 35.143615793, 31.640201276 ], [ 35.143633331, 31.6398173624 ], [ 35.1436336669, 31.6393005965 ], [ 35.1434440344, 31.6389609556 ], [ 35.1429781188, 31.6387687263 ], [ 35.1422185672, 31.6391374902 ], [ 35.1419594493, 31.6394622139 ], [ 35.141735124, 31.639462104 ], [ 35.1416317281, 31.6391225028 ], [ 35.1415800385, 31.6390191241 ], [ 35.1415112496, 31.6386351682 ], [ 35.1412870061, 31.6385169139 ], [ 35.1406656903, 31.6385166053 ], [ 35.1404068113, 31.638486985 ], [ 35.1405277682, 31.6382655486 ], [ 35.1413392131, 31.6378525389 ], [ 35.1415982393, 31.6376607506 ], [ 35.1426335942, 31.6378531715 ], [ 35.1426856158, 31.6374545742 ], [ 35.1416158148, 31.6372325558 ], [ 35.1415986758, 31.6370110503 ], [ 35.1422892039, 31.6367456096 ], [ 35.1422895668, 31.6361993527 ], [ 35.141896298, 31.6361623649 ], [ 35.1411592499, 31.636481351 ], [ 35.1408742364, 31.6367586219 ], [ 35.1413653758, 31.6368849454 ], [ 35.1412964049, 31.6370866576 ], [ 35.1406281539, 31.6374477013 ], [ 35.139851708, 31.637859191 ], [ 35.1394681654, 31.6383800916 ], [ 35.1394089638, 31.6387751666 ], [ 35.1404289214, 31.63959518 ], [ 35.1397196486, 31.6397762635 ], [ 35.1391763273, 31.6395775363 ], [ 35.1390634649, 31.6398553097 ], [ 35.1396134111, 31.6400597107 ], [ 35.1397925047, 31.6398443406 ], [ 35.1405096369, 31.6396534127 ], [ 35.1410958837, 31.6403919676 ], [ 35.1409231254, 31.6406724506 ], [ 35.1404572008, 31.6406426371 ], [ 35.1402153712, 31.6409526655 ], [ 35.141267873, 31.6412484592 ], [ 35.141319992, 31.6407169286 ], [ 35.1414754469, 31.6406136521 ], [ 35.1419066535, 31.6410124861 ], [ 35.1421307661, 31.6413374456 ], [ 35.1421478875, 31.6415884416 ], [ 35.1426483849, 31.641632966 ], [ 35.1431489419, 31.6414265007 ], [ 35.1435977074, 31.6414267152 ], [ 35.1434247042, 31.6420911233 ], [ 35.1441150551, 31.6421505229 ], [ 35.1442188428, 31.6417371591 ], [ 35.1442190045, 31.6414860813 ], [ 35.1440636751, 31.6413974454 ], [ 35.1439451233, 31.6410039077 ], [ 35.1440583095, 31.6408910483 ], [ 35.1441713966, 31.6409314148 ], [ 35.1447087391, 31.6407219846 ], [ 35.1450009563, 31.6407221209 ], [ 35.1451046308, 31.6408109121 ], [ 35.1454817158, 31.6406336907 ], [ 35.1458780325, 31.6398759495 ], [ 35.1458597039, 31.6396855584 ] ] ], [ [ [ 35.1457348875, 31.6427141282 ], [ 35.1459705005, 31.6427142362 ], [ 35.1460931139, 31.6425288699 ], [ 35.1466493313, 31.6423194401 ], [ 35.1468662432, 31.6422147419 ], [ 35.1465745352, 31.6413840871 ], [ 35.1463203463, 31.640916267 ], [ 35.1453399741, 31.641230296 ], [ 35.14507591, 31.6413833997 ], [ 35.1453112479, 31.6419801795 ], [ 35.1454335412, 31.6423027412 ], [ 35.1455841486, 31.6425286364 ], [ 35.1457348875, 31.6427141282 ] ] ] ] } },
{ "type": "Feature", "properties": { "Id": 0, "Name": "Migdalim", "GIS_ID": 3751.0, "Area": 67628.6039, "x": 35.3425, "y": 32.0904 }, "geometry": { "type": "MultiPolygon", "coordinates": [ [ [ [ 35.3469157938, 32.0920857899 ], [ 35.3464818872, 32.0920124202 ], [ 35.3462843814, 32.092529731 ], [ 35.346012386, 32.0930364835 ], [ 35.3460745198, 32.0931419241 ], [ 35.3464465664, 32.0932154546 ], [ 35.3467435203, 32.09288795 ], [ 35.3469157938, 32.0920857899 ] ] ], [ [ [ 35.3427271929, 32.0927657874 ], [ 35.342850498, 32.0923436125 ], [ 35.3429368426, 32.0920691018 ], [ 35.3431718833, 32.0917734163 ], [ 35.3434813602, 32.0914564566 ], [ 35.3433942509, 32.09122443 ], [ 35.3429104943, 32.0910350418 ], [ 35.3429472621, 32.0907606754 ], [ 35.343144767, 32.0902328186 ], [ 35.3434050312, 32.0901586763 ], [ 35.3433798923, 32.0899265817 ], [ 35.3431318311, 32.0898740985 ], [ 35.3428336646, 32.0893995391 ], [ 35.3423244289, 32.0886719846 ], [ 35.3421133626, 32.088492847 ], [ 35.3418031283, 32.0882294086 ], [ 35.3416173354, 32.0883034671 ], [ 35.3413448188, 32.088398721 ], [ 35.3408736317, 32.0883148214 ], [ 35.3406507981, 32.0884838775 ], [ 35.3404405918, 32.0888111847 ], [ 35.3405896442, 32.089032686 ], [ 35.3410112797, 32.0892010482 ], [ 35.3412097672, 32.0893274461 ], [ 35.3410863643, 32.0896863137 ], [ 35.3411244413, 32.0902877703 ], [ 35.3413479036, 32.090466896 ], [ 35.341782099, 32.0907408423 ], [ 35.3423153957, 32.090909079 ], [ 35.3427986627, 32.0908452459 ], [ 35.3423044124, 32.0918482207 ], [ 35.3419710748, 32.0927877128 ], [ 35.3427271929, 32.0927657874 ] ] ] ] } },
{ "type": "Feature", "properties": { "Id": 0, "Name": "Mehola", "GIS_ID": 3599.0, "Area": 257301.79047499999, "x": 35.5154, "y": 32.3654 }, "geometry": { "type": "MultiPolygon", "coordinates": [ [ [ [ 35.5106319066, 32.3634613792 ], [ 35.5098276732, 32.3631254081 ], [ 35.5097065262, 32.3635300518 ], [ 35.5097892709, 32.3637899225 ], [ 35.5100446015, 32.3641741718 ], [ 35.5103261461, 32.3642966685 ], [ 35.5105257079, 32.3642616729 ], [ 35.5108316472, 32.3635641202 ], [ 35.5106319066, 32.3634613792 ] ] ], [ [ [ 35.5157811589, 32.3669626811 ], [ 35.5157828338, 32.3669618767 ], [ 35.5157829025, 32.3669619257 ], [ 35.518220095, 32.3659059274 ], [ 35.518216052, 32.3659045832 ], [ 35.5191081267, 32.3655059502 ], [ 35.5197156806, 32.3650218151 ], [ 35.5198545487, 32.3640735464 ], [ 35.5194684211, 32.3640056178 ], [ 35.5186763979, 32.3639903706 ], [ 35.5186755035, 32.3637318406 ], [ 35.5188351507, 32.3629213989 ], [ 35.5173534658, 32.3631146327 ], [ 35.516967213, 32.3629777127 ], [ 35.5166635546, 32.3632542207 ], [ 35.5158315434, 32.3634114695 ], [ 35.5155874487, 32.3632741942 ], [ 35.5154446423, 32.363084908 ], [ 35.5141667474, 32.363501687 ], [ 35.513337191, 32.3643827498 ], [ 35.513785252, 32.3647607478 ], [ 35.5132795453, 32.3653652595 ], [ 35.5128954543, 32.3658659505 ], [ 35.5123696649, 32.3665049545 ], [ 35.5123560477, 32.3665044775 ], [ 35.5116868432, 32.3673687214 ], [ 35.5116027295, 32.3679086571 ], [ 35.5119346275, 32.3683031608 ], [ 35.5124170317, 32.368504022 ], [ 35.5130052846, 32.3682958121 ], [ 35.5157811589, 32.3669626811 ] ] ] ] } },
{ "type": "Feature", "properties": { "Id": 0, "Name": "Ma'on", "GIS_ID": 3657.0, "Area": 218657.50104500001, "x": 35.1637, "y": 31.412 }, "geometry": { "type": "MultiPolygon", "coordinates": [ [ [ [ 35.1634378334, 31.4082624701 ], [ 35.1631734143, 31.4082623854 ], [ 35.1631512472, 31.4085647558 ], [ 35.1634230285, 31.4085270457 ], [ 35.1634378334, 31.4082624701 ] ] ], [ [ [ 35.1611434744, 31.409827692 ], [ 35.1614027158, 31.4094902125 ], [ 35.1620490027, 31.4096668144 ], [ 35.162107817, 31.4095471427 ], [ 35.1619594802, 31.4082885253 ], [ 35.1614620613, 31.4082051281 ], [ 35.1610583079, 31.4077262278 ], [ 35.1604885643, 31.408209834 ], [ 35.1605577989, 31.407894195 ], [ 35.160557941, 31.407588363 ], [ 35.1603740101, 31.4073910559 ], [ 35.1601094475, 31.4073712134 ], [ 35.1598563356, 31.4075980421 ], [ 35.1596148345, 31.4075091215 ], [ 35.1595227808, 31.4075979258 ], [ 35.1597297022, 31.4078741578 ], [ 35.1596489232, 31.4083574542 ], [ 35.1592004623, 31.4082883021 ], [ 35.1590853829, 31.408367087 ], [ 35.1594188605, 31.4085349565 ], [ 35.1593267303, 31.4087815017 ], [ 35.1589817234, 31.4087517979 ], [ 35.1587056807, 31.4087615305 ], [ 35.1586480449, 31.4089982569 ], [ 35.1590620179, 31.4092844844 ], [ 35.1589928484, 31.4094521219 ], [ 35.1586593587, 31.4095210884 ], [ 35.1583815168, 31.4105891072 ], [ 35.1586364995, 31.4106053978 ], [ 35.15894858, 31.4097226445 ], [ 35.1593723843, 31.4096298384 ], [ 35.1599589123, 31.4095017938 ], [ 35.1605225231, 31.4095809035 ], [ 35.1605453605, 31.4097683247 ], [ 35.1611434744, 31.409827692 ] ] ], [ [ [ 35.1676383375, 31.4093947351 ], [ 35.1675372892, 31.4088344501 ], [ 35.1654209325, 31.4092441857 ], [ 35.1656139401, 31.4099070455 ], [ 35.1655678157, 31.4100648628 ], [ 35.1638378964, 31.4104431224 ], [ 35.1640133387, 31.4110941641 ], [ 35.1657709423, 31.4106764978 ], [ 35.1656975799, 31.4100688703 ], [ 35.1676383375, 31.4093947351 ] ] ], [ [ [ 35.1606979111, 31.4111277329 ], [ 35.1607039228, 31.41097992 ], [ 35.1603473089, 31.4110358657 ], [ 35.1603888229, 31.4112244715 ], [ 35.1606979111, 31.4111277329 ] ] ], [ [ [ 35.1628759873, 31.4133506971 ], [ 35.1631615483, 31.412766904 ], [ 35.1633456638, 31.4125775656 ], [ 35.163465479, 31.4120094116 ], [ 35.1632723431, 31.4119068046 ], [ 35.1628675609, 31.41170934 ], [ 35.1625915668, 31.411590922 ], [ 35.1622050775, 31.4116459912 ], [ 35.1613861889, 31.4116536558 ], [ 35.1608616478, 31.411882289 ], [ 35.1607877467, 31.4125748487 ], [ 35.1611094291, 31.4132080649 ], [ 35.1615695462, 31.4131372404 ], [ 35.1619560243, 31.4131215858 ], [ 35.1620571089, 31.41330308 ], [ 35.1625355871, 31.4133269569 ], [ 35.1628759873, 31.4133506971 ] ] ], [ [ [ 35.168636452, 31.4150600298 ], [ 35.1695698119, 31.4143874742 ], [ 35.1694213153, 31.4141529688 ], [ 35.1691894989, 31.4142242643 ], [ 35.1687138607, 31.4146777716 ], [ 35.167809332, 31.4145264636 ], [ 35.1676068425, 31.4146526706 ], [ 35.1674599653, 31.4142849426 ], [ 35.1672757658, 31.414171145 ], [ 35.1677803301, 31.414180558 ], [ 35.1680788233, 31.4139356225 ], [ 35.1683614219, 31.4137451309 ], [ 35.1686378071, 31.4134298156 ], [ 35.1684354956, 31.4130983136 ], [ 35.1680123414, 31.4130508448 ], [ 35.1676809672, 31.413342693 ], [ 35.1674232945, 31.4134057515 ], [ 35.1674691424, 31.4136820144 ], [ 35.167505863, 31.4139028984 ], [ 35.1669987749, 31.4141474349 ], [ 35.1664467727, 31.4141472728 ], [ 35.1661430547, 31.4141629656 ], [ 35.1659131366, 31.4139813459 ], [ 35.1657014432, 31.4139812822 ], [ 35.1652966572, 31.4140127257 ], [ 35.1649929098, 31.4140994849 ], [ 35.1647168463, 31.4141230294 ], [ 35.164523668, 31.4141071863 ], [ 35.1643673927, 31.4136179512 ], [ 35.1641835506, 31.4134127131 ], [ 35.163967228, 31.4134204915 ], [ 35.1636543525, 31.4134598954 ], [ 35.1633139139, 31.4135229193 ], [ 35.1631758888, 31.4136412033 ], [ 35.1628537962, 31.41359375 ], [ 35.1626605285, 31.4137830846 ], [ 35.1623660443, 31.4138461209 ], [ 35.1619427846, 31.4137986321 ], [ 35.1616482855, 31.413893233 ], [ 35.1616391006, 31.4139721455 ], [ 35.1620714675, 31.414114337 ], [ 35.1622646836, 31.4142800783 ], [ 35.1624946094, 31.4144301383 ], [ 35.1626970075, 31.414524903 ], [ 35.1629545997, 31.4146590979 ], [ 35.1631017946, 31.414738061 ], [ 35.1634513586, 31.4149827663 ], [ 35.1633776715, 31.4151485105 ], [ 35.1638375385, 31.4154327529 ], [ 35.1637179118, 31.4155589799 ], [ 35.1639294392, 31.4157089413 ], [ 35.1640583474, 31.4155195846 ], [ 35.1642884044, 31.4156222921 ], [ 35.1645276547, 31.4156223667 ], [ 35.1647024322, 31.415638204 ], [ 35.164702575, 31.415298822 ], [ 35.1646751449, 31.415006871 ], [ 35.1650707893, 31.4149674901 ], [ 35.1651879402, 31.4151272866 ], [ 35.1655639673, 31.4150702757 ], [ 35.1659321004, 31.4149283386 ], [ 35.1661530544, 31.4143997154 ], [ 35.1662543748, 31.4142813271 ], [ 35.1665395432, 31.4143682638 ], [ 35.1665762714, 31.4145655185 ], [ 35.1665485823, 31.4149048023 ], [ 35.167560488, 31.4154023102 ], [ 35.1676524487, 31.415552231 ], [ 35.1689037979, 31.4158524627 ], [ 35.1691522925, 31.4156000014 ], [ 35.1691800511, 31.4153316961 ], [ 35.168636452, 31.4150600298 ] ] ] ] } },
{ "type": "Feature", "properties": { "Id": 0, "Name": "Ma'ale Adumim", "GIS_ID": 3616.0, "Area": 4619157.6513700001, "x": 35.3112, "y": 31.7816 }, "geometry": { "type": "MultiPolygon", "coordinates": [ [ [ [ 35.3319917828, 31.7959396408 ], [ 35.3324024426, 31.7960985833 ], [ 35.3351265076, 31.7960002205 ], [ 35.3353145732, 31.7970517501 ], [ 35.3370316604, 31.797432442 ], [ 35.3400168015, 31.7972699424 ], [ 35.3414712228, 31.7965990411 ], [ 35.3416196847, 31.7960252224 ], [ 35.3410220868, 31.7957071558 ], [ 35.3410155701, 31.791277065 ], [ 35.3419855795, 31.7911166657 ], [ 35.3425457256, 31.7914029339 ], [ 35.3444849116, 31.7906039509 ], [ 35.3443339793, 31.7895205583 ], [ 35.3425066888, 31.7902874024 ], [ 35.3414993699, 31.790416011 ], [ 35.3409766105, 31.7901296981 ], [ 35.3408628629, 31.7888869064 ], [ 35.341271863, 31.7879303382 ], [ 35.3424656745, 31.7877696945 ], [ 35.3429494901, 31.7869404694 ], [ 35.3438825054, 31.7870669708 ], [ 35.3449648657, 31.7872251354 ], [ 35.3453384799, 31.7875434322 ], [ 35.3458237242, 31.7876703239 ], [ 35.3464953414, 31.7876695762 ], [ 35.3466940066, 31.7871213078 ], [ 35.3466926588, 31.7862413596 ], [ 35.3457096726, 31.7862681817 ], [ 35.3445902441, 31.786237494 ], [ 35.344441912, 31.7868750768 ], [ 35.3434715797, 31.7867167854 ], [ 35.3434709118, 31.7862706465 ], [ 35.3425753177, 31.7862396964 ], [ 35.3425761711, 31.7868134453 ], [ 35.3412704072, 31.7869422854 ], [ 35.3403751806, 31.7871663594 ], [ 35.3398917591, 31.7882823589 ], [ 35.3392954334, 31.7887292218 ], [ 35.3387729074, 31.7886660143 ], [ 35.3387710634, 31.7873911772 ], [ 35.337838189, 31.7873602332 ], [ 35.3376528577, 31.7882209617 ], [ 35.3372796775, 31.7881895168 ], [ 35.337128833, 31.7871060248 ], [ 35.3368670446, 31.7866282327 ], [ 35.3363069297, 31.7864056992 ], [ 35.3362712879, 31.7875531456 ], [ 35.3356369423, 31.787553801 ], [ 35.335002731, 31.787650048 ], [ 35.3340327621, 31.7877466341 ], [ 35.3338473505, 31.7885755223 ], [ 35.3328026783, 31.7886403401 ], [ 35.3317216323, 31.7894382 ], [ 35.3299323916, 31.7907784853 ], [ 35.3287768587, 31.7917358385 ], [ 35.3287777123, 31.7923732569 ], [ 35.3281073342, 31.7933300387 ], [ 35.3275853817, 31.7937130143 ], [ 35.3268390256, 31.7936818092 ], [ 35.3264663297, 31.7940328017 ], [ 35.3248239364, 31.7936837312 ], [ 35.3240793887, 31.7950548662 ], [ 35.3241923675, 31.7957878638 ], [ 35.326207773, 31.7960727359 ], [ 35.3269543584, 31.7962632991 ], [ 35.3269187659, 31.7975381709 ], [ 35.3293444717, 31.7975995733 ], [ 35.3293421989, 31.7959103436 ], [ 35.3315437008, 31.7957488094 ], [ 35.3319917828, 31.7959396408 ] ] ], [ [ [ 35.3076751841, 31.7721364392 ], [ 35.309097455, 31.7712731176 ], [ 35.3101052245, 31.7700122322 ], [ 35.3101040179, 31.7689511264 ], [ 35.3098184886, 31.7682218632 ], [ 35.3086798823, 31.7681122347 ], [ 35.307438409, 31.7686217035 ], [ 35.3069727586, 31.7687989305 ], [ 35.3067137578, 31.7685560023 ], [ 35.3068940734, 31.7678041721 ], [ 35.3069709292, 31.7671408956 ], [ 35.3064790188, 31.7668539639 ], [ 35.305625095, 31.7668104552 ], [ 35.3049788926, 31.7674299013 ], [ 35.3045136006, 31.7679387264 ], [ 35.3041513485, 31.7678727252 ], [ 35.3041247638, 31.7672979119 ], [ 35.3043573082, 31.7668998369 ], [ 35.3042528752, 31.766081948 ], [ 35.3040191588, 31.7652863454 ], [ 35.3036046401, 31.7648003054 ], [ 35.3028548854, 31.7654199117 ], [ 35.3023378568, 31.7658182031 ], [ 35.3023370884, 31.7650887034 ], [ 35.3019484873, 31.7646468283 ], [ 35.3016120752, 31.7646470855 ], [ 35.3009911257, 31.7646917482 ], [ 35.3003709743, 31.765510188 ], [ 35.2998023547, 31.7661517348 ], [ 35.2993363109, 31.7658425708 ], [ 35.2997757896, 31.7654664448 ], [ 35.3006804517, 31.7644709418 ], [ 35.3010938961, 31.7639400747 ], [ 35.3011192747, 31.763475877 ], [ 35.3007824772, 31.7631002443 ], [ 35.3002649968, 31.7630564445 ], [ 35.29925665, 31.7638087951 ], [ 35.2984551958, 31.7644726044 ], [ 35.2984558221, 31.7650916286 ], [ 35.2976798803, 31.7654238066 ], [ 35.2970851602, 31.7658442288 ], [ 35.2963872708, 31.7665521398 ], [ 35.2959993234, 31.7667513658 ], [ 35.29594675, 31.7658892424 ], [ 35.2956613846, 31.7652041371 ], [ 35.2947300245, 31.7652932718 ], [ 35.2940059406, 31.7657801468 ], [ 35.2935667339, 31.766465765 ], [ 35.293412154, 31.7671953733 ], [ 35.292687965, 31.7674832043 ], [ 35.2923776561, 31.767748741 ], [ 35.291886245, 31.7679480258 ], [ 35.291368905, 31.7681915167 ], [ 35.2907484197, 31.768766773 ], [ 35.2905159997, 31.7692532035 ], [ 35.290671734, 31.7697394615 ], [ 35.2908794638, 31.7705131008 ], [ 35.2904923685, 31.7716628505 ], [ 35.2901055492, 31.7731222007 ], [ 35.2901835696, 31.7735863259 ], [ 35.2896923055, 31.7739845482 ], [ 35.289060937, 31.7769207327 ], [ 35.2894754138, 31.7773847241 ], [ 35.290303174, 31.7770083713 ], [ 35.2906384, 31.7756817172 ], [ 35.2910261695, 31.7752393715 ], [ 35.2920869777, 31.7750617945 ], [ 35.2925519324, 31.7741993134 ], [ 35.2934054309, 31.7736238861 ], [ 35.2940769563, 31.7723191721 ], [ 35.2945424792, 31.772075707 ], [ 35.2955759714, 31.7704611258 ], [ 35.2964028816, 31.7693132081 ], [ 35.2969207646, 31.769622345 ], [ 35.2971024183, 31.7701306713 ], [ 35.2956021622, 31.7707949689 ], [ 35.2950081094, 31.7719448801 ], [ 35.2946726783, 31.7728736542 ], [ 35.2938195978, 31.7737585115 ], [ 35.2929663744, 31.7746212679 ], [ 35.2929671117, 31.7753949568 ], [ 35.2938213418, 31.7755712109 ], [ 35.2942862616, 31.7746866284 ], [ 35.2946223882, 31.7743547838 ], [ 35.2944680394, 31.7753276188 ], [ 35.2945979845, 31.7759685554 ], [ 35.2945468769, 31.7766097102 ], [ 35.294780068, 31.7769190567 ], [ 35.2951171719, 31.7775819405 ], [ 35.2951176035, 31.7780241127 ], [ 35.294703504, 31.7779802168 ], [ 35.2937972217, 31.7774944936 ], [ 35.2932020689, 31.7774507198 ], [ 35.2928661155, 31.7779815065 ], [ 35.2931254885, 31.7786246089 ], [ 35.2933589339, 31.779199189 ], [ 35.2933334703, 31.7796192841 ], [ 35.2935666861, 31.7799506375 ], [ 35.2939548854, 31.7799503651 ], [ 35.294291075, 31.7796628019 ], [ 35.2941353263, 31.7791986443 ], [ 35.2942384029, 31.7786901139 ], [ 35.2943934462, 31.7785352486 ], [ 35.2946523767, 31.7786014409 ], [ 35.29488553, 31.7788665067 ], [ 35.2946529564, 31.7791982785 ], [ 35.2945756614, 31.7796184105 ], [ 35.2947054612, 31.7799941154 ], [ 35.2951716902, 31.780435866 ], [ 35.2954829219, 31.781076762 ], [ 35.2952243081, 31.7813421779 ], [ 35.2953801742, 31.7819168995 ], [ 35.2963125274, 31.7825572579 ], [ 35.2968305765, 31.7830653402 ], [ 35.2972710969, 31.7836398524 ], [ 35.2974526471, 31.7840155165 ], [ 35.2974795108, 31.785010226 ], [ 35.297350661, 31.7854966822 ], [ 35.2969883941, 31.7855854166 ], [ 35.2965507225, 31.7861566782 ], [ 35.2964128582, 31.7860459347 ], [ 35.2960756333, 31.7862218218 ], [ 35.2963014558, 31.7864484612 ], [ 35.2959802018, 31.786768818 ], [ 35.2962912855, 31.7872328608 ], [ 35.29701619, 31.7875196615 ], [ 35.2977409602, 31.7875633224 ], [ 35.2978707674, 31.788027494 ], [ 35.2982336459, 31.788535684 ], [ 35.2986743355, 31.789242761 ], [ 35.298778791, 31.7901048416 ], [ 35.2989346331, 31.790723658 ], [ 35.2993750598, 31.7910549363 ], [ 35.2998411169, 31.7912536236 ], [ 35.2999757285, 31.7919548594 ], [ 35.3005990301, 31.7920174785 ], [ 35.3009288558, 31.7919380205 ], [ 35.3010330363, 31.7925127734 ], [ 35.3013706324, 31.7936509975 ], [ 35.3018894336, 31.7946896091 ], [ 35.3021491697, 31.7955736622 ], [ 35.3023315325, 31.7966788147 ], [ 35.3033936241, 31.7974959601 ], [ 35.3047141778, 31.7978707222 ], [ 35.3052831636, 31.7975165718 ], [ 35.3053861993, 31.797008034 ], [ 35.3050492147, 31.7965882248 ], [ 35.3042720829, 31.7960361905 ], [ 35.3037278614, 31.7953513096 ], [ 35.3030805792, 31.7951528675 ], [ 35.3030545213, 31.7949760372 ], [ 35.3038888746, 31.7943365372 ], [ 35.3039583296, 31.7931894414 ], [ 35.3036547355, 31.7925687236 ], [ 35.3030788141, 31.7922328207 ], [ 35.3026363438, 31.7911519345 ], [ 35.3021175077, 31.7900691352 ], [ 35.3011078247, 31.7898046754 ], [ 35.2999943319, 31.7892085891 ], [ 35.2992952582, 31.7890101663 ], [ 35.2997127269, 31.7887338881 ], [ 35.2992174535, 31.7882340438 ], [ 35.2985950824, 31.7876179761 ], [ 35.2991894904, 31.7867620502 ], [ 35.2997327886, 31.7866289841 ], [ 35.3003277893, 31.7863633062 ], [ 35.3005083738, 31.7857883376 ], [ 35.3003010316, 31.7855011679 ], [ 35.3003003926, 31.7848821457 ], [ 35.3002997765, 31.7842853087 ], [ 35.2998847605, 31.7833792716 ], [ 35.3001425548, 31.7824284487 ], [ 35.30011621, 31.7819642914 ], [ 35.2994942391, 31.7811246934 ], [ 35.2992090639, 31.7805943535 ], [ 35.2996490886, 31.7806824054 ], [ 35.3000371089, 31.7805052638 ], [ 35.3005284773, 31.7802175675 ], [ 35.3013051776, 31.7805043051 ], [ 35.3024704356, 31.7811224361 ], [ 35.3032214833, 31.7816965981 ], [ 35.3037401435, 31.7826467338 ], [ 35.3043099776, 31.783066365 ], [ 35.3051120291, 31.7828446922 ], [ 35.3054993504, 31.7820264165 ], [ 35.3054465022, 31.7810980142 ], [ 35.3047725422, 31.7800595372 ], [ 35.3037108744, 31.7794634415 ], [ 35.3028041328, 31.778601986 ], [ 35.3021567368, 31.7781824975 ], [ 35.301457824, 31.777961991 ], [ 35.3003181581, 31.7770343194 ], [ 35.30042129, 31.7766142544 ], [ 35.3009910261, 31.7769896206 ], [ 35.3017157724, 31.7771880149 ], [ 35.3024662361, 31.777143249 ], [ 35.3034756439, 31.7772751285 ], [ 35.3044589409, 31.7772743597 ], [ 35.3053012831, 31.7784254356 ], [ 35.306492577, 31.779198175 ], [ 35.307657509, 31.7795067473 ], [ 35.3082011723, 31.7797494414 ], [ 35.3089789125, 31.7809425709 ], [ 35.3097826143, 31.782201959 ], [ 35.3100682067, 31.7830417861 ], [ 35.3097583773, 31.7836389706 ], [ 35.3089865663, 31.7849014989 ], [ 35.3088887477, 31.786173213 ], [ 35.3095511837, 31.7868508722 ], [ 35.3084612906, 31.7885190202 ], [ 35.307770358, 31.7919671209 ], [ 35.3083586641, 31.7939767521 ], [ 35.30944449, 31.7935495736 ], [ 35.3096236572, 31.7924177387 ], [ 35.3112114429, 31.7921338316 ], [ 35.3113421582, 31.7907207968 ], [ 35.3117692584, 31.7881206544 ], [ 35.3121127039, 31.7868070652 ], [ 35.3156690302, 31.7852316792 ], [ 35.3159028772, 31.7843914369 ], [ 35.3147433637, 31.7840684212 ], [ 35.3142000082, 31.785401824 ], [ 35.311755619, 31.7863885234 ], [ 35.3116229469, 31.785899658 ], [ 35.3110028309, 31.7855633621 ], [ 35.3113384242, 31.784877773 ], [ 35.3120369033, 31.7845676731 ], [ 35.3125022601, 31.7841693873 ], [ 35.3127347308, 31.7837933932 ], [ 35.3132778904, 31.7834834186 ], [ 35.3137437308, 31.7835051145 ], [ 35.3142348383, 31.7829299494 ], [ 35.3140269384, 31.7822006304 ], [ 35.3138968491, 31.7816480949 ], [ 35.3141547432, 31.7809072819 ], [ 35.3137658377, 31.7803107788 ], [ 35.3139205918, 31.7798463785 ], [ 35.3145675544, 31.7798458204 ], [ 35.3149555426, 31.7796686333 ], [ 35.3150067215, 31.7792043216 ], [ 35.3146180012, 31.7787625765 ], [ 35.3154333461, 31.7788502486 ], [ 35.3170379355, 31.7789152149 ], [ 35.3179697614, 31.7791133332 ], [ 35.3187460708, 31.7790462631 ], [ 35.3193662869, 31.7783383012 ], [ 35.3196502225, 31.7776970165 ], [ 35.3190550055, 31.7776975537 ], [ 35.3183823312, 31.7778971036 ], [ 35.3178651922, 31.778207077 ], [ 35.3172962939, 31.7785833794 ], [ 35.3169599385, 31.7786720575 ], [ 35.3155105992, 31.7785628549 ], [ 35.3145788887, 31.7784530988 ], [ 35.3142417997, 31.7779228373 ], [ 35.3143708655, 31.7776132143 ], [ 35.3156129232, 31.7775237553 ], [ 35.3163886083, 31.7769482424 ], [ 35.3164653771, 31.7762629564 ], [ 35.3157144775, 31.7759320082 ], [ 35.3150420195, 31.7762199206 ], [ 35.3144729123, 31.7764193598 ], [ 35.3139553255, 31.7763535208 ], [ 35.31343753, 31.7761992094 ], [ 35.3126870563, 31.7761335644 ], [ 35.3120919772, 31.7762445445 ], [ 35.3117818479, 31.7766427887 ], [ 35.3115236534, 31.7771292785 ], [ 35.3108769631, 31.7773509522 ], [ 35.3101780561, 31.777240969 ], [ 35.3096610186, 31.7776614747 ], [ 35.3092735774, 31.7783249176 ], [ 35.3087820972, 31.7784800773 ], [ 35.3082385565, 31.7784363314 ], [ 35.3079016021, 31.7779944334 ], [ 35.3071506777, 31.7775308642 ], [ 35.3068140729, 31.7773984746 ], [ 35.3067619773, 31.7770669097 ], [ 35.3066321816, 31.7767354071 ], [ 35.3060884102, 31.7764706111 ], [ 35.3056998251, 31.7760066532 ], [ 35.305000384, 31.7753882743 ], [ 35.3045861009, 31.7751674695 ], [ 35.3042229908, 31.774427253 ], [ 35.3036794398, 31.7742508269 ], [ 35.303083822, 31.7738533073 ], [ 35.3029022221, 31.7734334605 ], [ 35.3025394006, 31.7729473776 ], [ 35.301866506, 31.7728373286 ], [ 35.301530018, 31.7727933955 ], [ 35.3012707899, 31.7723294152 ], [ 35.3008566211, 31.7721970687 ], [ 35.3000546511, 31.7724187148 ], [ 35.3000031736, 31.7726618899 ], [ 35.3000812431, 31.7731260992 ], [ 35.300314421, 31.7734133406 ], [ 35.3007027533, 31.7735678035 ], [ 35.3006770037, 31.7736782985 ], [ 35.3000041969, 31.7736567102 ], [ 35.2993828702, 31.7733919436 ], [ 35.2991753563, 31.7729057352 ], [ 35.2995114892, 31.7727065385 ], [ 35.2997439761, 31.7722200016 ], [ 35.3001320375, 31.7722197105 ], [ 35.3006751489, 31.771887694 ], [ 35.3010112655, 31.7715779275 ], [ 35.3015026299, 31.7713344173 ], [ 35.3018909323, 31.7714667816 ], [ 35.302045708, 31.7709802999 ], [ 35.3018896571, 31.7702509198 ], [ 35.3014493797, 31.7698754586 ], [ 35.3007504254, 31.7696548577 ], [ 35.3001557522, 31.7700311036 ], [ 35.2999230684, 31.7703186953 ], [ 35.2999228639, 31.7701197492 ], [ 35.3002586575, 31.7695004727 ], [ 35.3004394384, 31.7691466342 ], [ 35.3008532146, 31.7689142776 ], [ 35.3016038661, 31.7691126532 ], [ 35.3023800685, 31.7691120585 ], [ 35.3030015861, 31.7695757568 ], [ 35.3039336074, 31.7699730146 ], [ 35.3044515087, 31.7703705013 ], [ 35.3052541459, 31.7707898559 ], [ 35.3057972548, 31.7704800028 ], [ 35.306082267, 31.7708555729 ], [ 35.30644539, 31.7716068772 ], [ 35.3067306356, 31.7720930114 ], [ 35.3074294922, 31.7722913941 ], [ 35.3076751841, 31.7721364392 ] ] ] ] } },
{ "type": "Feature", "properties": { "Id": 0, "Name": "Ma'ale Efraim", "GIS_ID": 3608.0, "Area": 535661.97599499999, "x": 35.4061, "y": 32.0708 }, "geometry": { "type": "MultiPolygon", "coordinates": [ [ [ [ 35.3954182076, 32.0691830551 ], [ 35.395524477, 32.0688486887 ], [ 35.3950420126, 32.0684089774 ], [ 35.3943994301, 32.0682276891 ], [ 35.3937220173, 32.0684109562 ], [ 35.3934014889, 32.0686392288 ], [ 35.3933954141, 32.0688995671 ], [ 35.393556408, 32.0690577395 ], [ 35.3937085012, 32.0689999078 ], [ 35.3939711637, 32.0692515352 ], [ 35.3938622126, 32.069726936 ], [ 35.394474297, 32.0699134874 ], [ 35.395027108, 32.0698518759 ], [ 35.3952408609, 32.0697149319 ], [ 35.3954182076, 32.0691830551 ] ] ], [ [ [ 35.3929964195, 32.0711763181 ], [ 35.3931025129, 32.0707508725 ], [ 35.3926386826, 32.0707212619 ], [ 35.3925324936, 32.0711010763 ], [ 35.3929964195, 32.0711763181 ] ] ], [ [ [ 35.4139241554, 32.0712575216 ], [ 35.4167244888, 32.0710807978 ], [ 35.4175021926, 32.0702681458 ], [ 35.418470526, 32.0707336445 ], [ 35.4190623065, 32.070720379 ], [ 35.4196077672, 32.0693795641 ], [ 35.4204289771, 32.0686651161 ], [ 35.4199371284, 32.0682480608 ], [ 35.4193322065, 32.068839134 ], [ 35.4178620741, 32.0698619119 ], [ 35.4174440255, 32.0701207097 ], [ 35.4167492899, 32.0693475026 ], [ 35.4179583004, 32.0677473964 ], [ 35.4169462034, 32.0670730204 ], [ 35.4157951493, 32.068734433 ], [ 35.4156232453, 32.0693247654 ], [ 35.4142375337, 32.0694008345 ], [ 35.4128804029, 32.0693784553 ], [ 35.4126511222, 32.0701286766 ], [ 35.413777478, 32.0702374711 ], [ 35.4139241554, 32.0712575216 ] ] ], [ [ [ 35.4029304583, 32.0689528233 ], [ 35.4027165782, 32.0688283494 ], [ 35.4027338166, 32.0685718512 ], [ 35.4026265847, 32.068202282 ], [ 35.4026261453, 32.0679985666 ], [ 35.4026164762, 32.0675910594 ], [ 35.40265079, 32.0671006082 ], [ 35.4025701174, 32.0666705768 ], [ 35.402560937, 32.0664895102 ], [ 35.4024454713, 32.0663765151 ], [ 35.4022859825, 32.0663767642 ], [ 35.4020994577, 32.0661657641 ], [ 35.4017625598, 32.0661059589 ], [ 35.401407928, 32.0660234551 ], [ 35.4012744393, 32.065752041 ], [ 35.4009733271, 32.065835564 ], [ 35.4009382302, 32.0659638541 ], [ 35.4010535714, 32.0660692757 ], [ 35.4015944186, 32.0662193963 ], [ 35.4016834151, 32.0663852787 ], [ 35.4015595978, 32.0664760119 ], [ 35.4013114361, 32.0664612476 ], [ 35.4011958265, 32.0662803461 ], [ 35.4009119393, 32.0660997056 ], [ 35.4006995624, 32.0662283606 ], [ 35.4005406603, 32.0665529833 ], [ 35.4007094193, 32.0667278511 ], [ 35.4013558683, 32.066538192 ], [ 35.4020293181, 32.0665447187 ], [ 35.4021537117, 32.0666727603 ], [ 35.4022699248, 32.0671328565 ], [ 35.4021301014, 32.0680536298 ], [ 35.4021134217, 32.0685705661 ], [ 35.402158705, 32.0689929876 ], [ 35.401645249, 32.069227714 ], [ 35.4012369883, 32.0689340923 ], [ 35.4008213179, 32.0693345942 ], [ 35.4006361603, 32.0697650384 ], [ 35.4009467952, 32.069968273 ], [ 35.4007968807, 32.0703382424 ], [ 35.400542093, 32.0713421569 ], [ 35.4001852953, 32.0723893343 ], [ 35.4000821093, 32.0729221851 ], [ 35.3999789146, 32.0734017397 ], [ 35.4001677229, 32.0739341395 ], [ 35.4009606046, 32.0741460067 ], [ 35.4016696503, 32.0741803454 ], [ 35.401670451, 32.0745532371 ], [ 35.4017549392, 32.0750325006 ], [ 35.4022554804, 32.0750317201 ], [ 35.4035899647, 32.0749764234 ], [ 35.4039440554, 32.0747929819 ], [ 35.4044852417, 32.0742949681 ], [ 35.404651278, 32.0739395783 ], [ 35.4045453309, 32.0731939598 ], [ 35.4059697264, 32.072424273 ], [ 35.4063810334, 32.0721626381 ], [ 35.4067349823, 32.0719703514 ], [ 35.4069702353, 32.0722717168 ], [ 35.4070615959, 32.0723980026 ], [ 35.4073585764, 32.072450553 ], [ 35.4076126753, 32.072556197 ], [ 35.4075127375, 32.0728621565 ], [ 35.4071198624, 32.0727893794 ], [ 35.4070435686, 32.0729159333 ], [ 35.4073358569, 32.0730011363 ], [ 35.4072356746, 32.0731969866 ], [ 35.4074562289, 32.0733148589 ], [ 35.407642378, 32.0730087612 ], [ 35.4077469008, 32.0726211816 ], [ 35.4082691001, 32.0726978069 ], [ 35.4085273987, 32.0725954881 ], [ 35.4084842225, 32.0720867639 ], [ 35.4079416943, 32.0719633688 ], [ 35.4076705562, 32.0719105079 ], [ 35.4073562902, 32.0712718179 ], [ 35.4070198614, 32.0699939687 ], [ 35.4063707158, 32.0687698232 ], [ 35.405348362, 32.0685050575 ], [ 35.4039517303, 32.0687203591 ], [ 35.4029304583, 32.0689528233 ] ] ] ] } },
{ "type": "Feature", "properties": { "Id": 0, "Name": "Ma'ale Mikhmas", "GIS_ID": 3651.0, "Area": 264623.91746600001, "x": 35.3068, "y": 31.8793 }, "geometry": { "type": "MultiPolygon", "coordinates": [ [ [ [ 35.3155129598, 31.8792240687 ], [ 35.3155581559, 31.878542717 ], [ 35.3152025916, 31.8786076549 ], [ 35.3152163826, 31.8792309009 ], [ 35.3155129598, 31.8792240687 ] ] ], [ [ [ 35.3153583435, 31.881981716 ], [ 35.3152174944, 31.8816106057 ], [ 35.3145724371, 31.8818772263 ], [ 35.3147101602, 31.8810850206 ], [ 35.3150719848, 31.8808776462 ], [ 35.3149177745, 31.8807627471 ], [ 35.3147133339, 31.8808884113 ], [ 35.3143938951, 31.8805849531 ], [ 35.3139036654, 31.8798499316 ], [ 35.3141093258, 31.8797602137 ], [ 35.3140574524, 31.8796098724 ], [ 35.3135452174, 31.8796530399 ], [ 35.3136462168, 31.8803760196 ], [ 35.313679616, 31.8804923427 ], [ 35.3137775699, 31.8808280073 ], [ 35.3138009416, 31.8809280463 ], [ 35.3139163424, 31.8815279537 ], [ 35.3137941547, 31.8817037051 ], [ 35.313880559, 31.8824601115 ], [ 35.3141387633, 31.8828160198 ], [ 35.3144455875, 31.8828157546 ], [ 35.3149115497, 31.8823440563 ], [ 35.3153583435, 31.881981716 ] ] ], [ [ [ 35.3058530538, 31.8806276782 ], [ 35.3059940302, 31.8804226707 ], [ 35.3063189194, 31.8804224107 ], [ 35.306798865, 31.8802400365 ], [ 35.3074343055, 31.8800828759 ], [ 35.3077026229, 31.8800584892 ], [ 35.307235624, 31.8792393785 ], [ 35.3073765685, 31.8790102908 ], [ 35.3078709895, 31.8790219738 ], [ 35.3078846687, 31.8786844993 ], [ 35.30779949, 31.878310942 ], [ 35.3076297378, 31.8780097798 ], [ 35.3077704507, 31.877575887 ], [ 35.30756369, 31.8772617084 ], [ 35.3073604074, 31.8771181821 ], [ 35.3076568001, 31.876973379 ], [ 35.3077694145, 31.8766479085 ], [ 35.3079034591, 31.876413163 ], [ 35.3080599325, 31.8765430123 ], [ 35.3081787932, 31.8764186012 ], [ 35.3083485171, 31.8766955938 ], [ 35.3087157595, 31.8766832988 ], [ 35.3094215683, 31.8764416595 ], [ 35.3092866827, 31.8757608016 ], [ 35.3089611293, 31.8751585594 ], [ 35.3086922561, 31.8746766637 ], [ 35.3084785584, 31.8745348713 ], [ 35.3094155829, 31.8737200356 ], [ 35.3097320392, 31.8735453313 ], [ 35.3102531392, 31.8735654212 ], [ 35.3102648395, 31.8732815148 ], [ 35.3099281136, 31.8732544311 ], [ 35.3088867821, 31.8739804249 ], [ 35.3081979775, 31.8746770682 ], [ 35.307760591, 31.8750872146 ], [ 35.3074295613, 31.875599483 ], [ 35.3074083613, 31.8758588328 ], [ 35.3071411527, 31.8768713493 ], [ 35.3066750138, 31.8768114831 ], [ 35.3065339512, 31.8769320805 ], [ 35.3060960436, 31.876884274 ], [ 35.305446264, 31.8767642179 ], [ 35.3049799041, 31.8764994507 ], [ 35.3049938171, 31.876270466 ], [ 35.3050076767, 31.876089729 ], [ 35.3048122955, 31.8757862809 ], [ 35.304531524, 31.8756154803 ], [ 35.3041468014, 31.8756910324 ], [ 35.3039025553, 31.8759374956 ], [ 35.3041750449, 31.8766326535 ], [ 35.3042318983, 31.8769218246 ], [ 35.3043734194, 31.8772230136 ], [ 35.3047829779, 31.8772468598 ], [ 35.3053341406, 31.8775476334 ], [ 35.305617114, 31.8779812771 ], [ 35.3059563551, 31.878258228 ], [ 35.3057728562, 31.8783307009 ], [ 35.3054620574, 31.8782586219 ], [ 35.3054057253, 31.8784514771 ], [ 35.3053070129, 31.8785479607 ], [ 35.3049538331, 31.8784759141 ], [ 35.3051377594, 31.8787951953 ], [ 35.3040644226, 31.8788201201 ], [ 35.3012833357, 31.8787995439 ], [ 35.3013444758, 31.8794552151 ], [ 35.3018279532, 31.8794105659 ], [ 35.3025096941, 31.8791596044 ], [ 35.3026574253, 31.8800361555 ], [ 35.3029854211, 31.8799770123 ], [ 35.3031099632, 31.8793211979 ], [ 35.3050089262, 31.878892424 ], [ 35.3040514281, 31.8799047566 ], [ 35.3038753954, 31.8803399353 ], [ 35.3036360445, 31.8810632064 ], [ 35.3037927291, 31.8822923628 ], [ 35.3040051465, 31.8827622281 ], [ 35.3048385928, 31.8829182194 ], [ 35.3045849118, 31.8833884511 ], [ 35.3047689968, 31.8838462529 ], [ 35.3053059571, 31.8840748013 ], [ 35.3061534348, 31.8840982946 ], [ 35.3063368917, 31.8839775736 ], [ 35.3062515681, 31.8833750422 ], [ 35.3054319356, 31.8830021601 ], [ 35.3055021563, 31.8826525567 ], [ 35.3053042227, 31.8824839823 ], [ 35.3059251878, 31.8820255408 ], [ 35.305698943, 31.881772669 ], [ 35.3053597949, 31.8815921227 ], [ 35.3052181583, 31.8812910253 ], [ 35.305514581, 31.8810617261 ], [ 35.3058532783, 31.8808324827 ], [ 35.3058530538, 31.8806276782 ] ] ] ] } },
{ "type": "Feature", "properties": { "Id": 0, "Name": "Ma'ale Amos", "GIS_ID": 3653.0, "Area": 157979.80691300001, "x": 35.2262, "y": 31.5992 }, "geometry": { "type": "MultiPolygon", "coordinates": [ [ [ [ 35.2263429517, 31.5983136302 ], [ 35.2267869906, 31.5979188061 ], [ 35.2269236019, 31.5981381161 ], [ 35.2274531306, 31.5983280448 ], [ 35.2282045196, 31.5979039395 ], [ 35.2292975891, 31.5977868491 ], [ 35.2303564473, 31.5974211117 ], [ 35.2311588743, 31.5964708295 ], [ 35.2311246057, 31.5960176486 ], [ 35.231688014, 31.595330397 ], [ 35.2321832141, 31.595257239 ], [ 35.232371021, 31.5950525644 ], [ 35.2320806338, 31.5947018014 ], [ 35.2315681345, 31.5943363848 ], [ 35.2309533242, 31.5943219039 ], [ 35.2299457151, 31.5947022464 ], [ 35.2294542256, 31.5950612058 ], [ 35.2289243151, 31.594840677 ], [ 35.2288098166, 31.5950858452 ], [ 35.2293397217, 31.5952818598 ], [ 35.2289214442, 31.596266555 ], [ 35.2283578452, 31.5963105829 ], [ 35.2280504606, 31.5966175455 ], [ 35.2269747475, 31.5974363646 ], [ 35.226206321, 31.5980066583 ], [ 35.2255744148, 31.5984453423 ], [ 35.2254037219, 31.5989423891 ], [ 35.2257282828, 31.5990299967 ], [ 35.2263429517, 31.5983136302 ] ] ], [ [ [ 35.2203681186, 31.6032890105 ], [ 35.2200187211, 31.603191144 ], [ 35.2199296241, 31.6033898235 ], [ 35.2195698654, 31.6039964617 ], [ 35.2186539576, 31.604136627 ], [ 35.2184142121, 31.6047432484 ], [ 35.2183597258, 31.605405855 ], [ 35.2181962761, 31.606059094 ], [ 35.2185547359, 31.6068812863 ], [ 35.2189924505, 31.6069922557 ], [ 35.2194939875, 31.6065629095 ], [ 35.2201481694, 31.6058722721 ], [ 35.2202353436, 31.6054056361 ], [ 35.2198971975, 31.6048363298 ], [ 35.2200279884, 31.6043137729 ], [ 35.2203681186, 31.6032890105 ] ] ], [ [ [ 35.2246945903, 31.6076713812 ], [ 35.2247778042, 31.6073927744 ], [ 35.2246642419, 31.6073636373 ], [ 35.2246339743, 31.6074284313 ], [ 35.2247342861, 31.6074462324 ], [ 35.2246964664, 31.6075952536 ], [ 35.2245885806, 31.6075612564 ], [ 35.2245564234, 31.6076406282 ], [ 35.2246945903, 31.6076713812 ] ] ] ] } },
{ "type": "Feature", "properties": { "Id": 0, "Name": "a'ale Shomeron", "GIS_ID": 3637.0, "Area": 250587.38021900001, "x": 35.0705, "y": 32.1648 }, "geometry": { "type": "MultiPolygon", "coordinates": [ [ [ [ 35.074794543, 32.1517805668 ], [ 35.0750704574, 32.151635481 ], [ 35.0752289986, 32.1520514998 ], [ 35.0759531743, 32.1523835912 ], [ 35.0760169262, 32.1521370666 ], [ 35.0755643724, 32.1518900174 ], [ 35.0756148971, 32.1512461035 ], [ 35.0756344903, 32.1511073384 ], [ 35.0755532047, 32.1508692741 ], [ 35.0755572987, 32.1507469959 ], [ 35.0755382307, 32.1505124217 ], [ 35.0753946347, 32.1504130788 ], [ 35.0752004713, 32.1503930415 ], [ 35.0749595234, 32.1504754891 ], [ 35.0747961888, 32.1506173534 ], [ 35.0746948059, 32.1508750705 ], [ 35.0745588031, 32.1508781775 ], [ 35.0745275388, 32.1510236037 ], [ 35.0747178125, 32.1510964828 ], [ 35.074794543, 32.1517805668 ] ] ], [ [ [ 35.0719454891, 32.1683080704 ], [ 35.0714971711, 32.1674023889 ], [ 35.0712736639, 32.1664671835 ], [ 35.0715247073, 32.1655962331 ], [ 35.0714758839, 32.1648311976 ], [ 35.0710770071, 32.1642782543 ], [ 35.0716030829, 32.1632376064 ], [ 35.0713037506, 32.1629823572 ], [ 35.0711048729, 32.1623233937 ], [ 35.071305604, 32.1617073248 ], [ 35.072005154, 32.1615806364 ], [ 35.0724300241, 32.1614535677 ], [ 35.0730059836, 32.1604979137 ], [ 35.072856572, 32.1601577852 ], [ 35.0723067172, 32.1603611964 ], [ 35.0719064094, 32.1608070716 ], [ 35.0713818638, 32.1608065213 ], [ 35.0701323672, 32.1611238926 ], [ 35.06968157, 32.161867116 ], [ 35.0695053773, 32.1628018993 ], [ 35.0695043753, 32.1634819345 ], [ 35.0691788048, 32.1640553026 ], [ 35.0685531646, 32.1647983346 ], [ 35.0679773215, 32.1656264554 ], [ 35.067651956, 32.1660510252 ], [ 35.0673511199, 32.1667307355 ], [ 35.0674253754, 32.1671983011 ], [ 35.0675494082, 32.1677721506 ], [ 35.0679988589, 32.1679638143 ], [ 35.0685730025, 32.1682194566 ], [ 35.0692226198, 32.1681988702 ], [ 35.0693979172, 32.1678803667 ], [ 35.0698228514, 32.1677320249 ], [ 35.0705232703, 32.1671165786 ], [ 35.0704489678, 32.1666702969 ], [ 35.0697252004, 32.1662232353 ], [ 35.0697505209, 32.1659470456 ], [ 35.0701510486, 32.1653737556 ], [ 35.0706506753, 32.1653955669 ], [ 35.0705001458, 32.1658203287 ], [ 35.0709745691, 32.1659696244 ], [ 35.0708993179, 32.1662457617 ], [ 35.0711224672, 32.1673509537 ], [ 35.0700974984, 32.1678386372 ], [ 35.0701891919, 32.1680596291 ], [ 35.0700491804, 32.168512034 ], [ 35.0710043345, 32.1693912137 ], [ 35.0708691832, 32.1697518682 ], [ 35.0703934339, 32.1704950666 ], [ 35.0709674762, 32.170835646 ], [ 35.072367019, 32.1705184237 ], [ 35.0728916509, 32.170497688 ], [ 35.0722185756, 32.1694982605 ], [ 35.0714195114, 32.1692636807 ], [ 35.0713951078, 32.1688387342 ], [ 35.0719454891, 32.1683080704 ] ] ] ] } },
{ "type": "Feature", "properties": { "Id": 0, "Name": "Mezadot Yehuda", "GIS_ID": 3745.0, "Area": 290612.41252999997, "x": 35.113, "y": 31.3636 }, "geometry": { "type": "MultiPolygon", "coordinates": [ [ [ [ 35.1053000361, 31.3599127336 ], [ 35.1045128629, 31.3581778605 ], [ 35.103896608, 31.3584208923 ], [ 35.1046907337, 31.3601320546 ], [ 35.1047733706, 31.3605063168 ], [ 35.1050043406, 31.3608551634 ], [ 35.105260613, 31.360812173 ], [ 35.1051611854, 31.3603224495 ], [ 35.1050714605, 31.3600907722 ], [ 35.1053000361, 31.3599127336 ] ] ], [ [ [ 35.1123686218, 31.3622880991 ], [ 35.1125990498, 31.3614733143 ], [ 35.1130105081, 31.3618230433 ], [ 35.1138664448, 31.3614977722 ], [ 35.1149965156, 31.3615849417 ], [ 35.1159569633, 31.3620253459 ], [ 35.1161418127, 31.3616036826 ], [ 35.1155887821, 31.360229167 ], [ 35.115158535, 31.3592907125 ], [ 35.1144042714, 31.3590126712 ], [ 35.1129264652, 31.358654925 ], [ 35.1123130536, 31.359152702 ], [ 35.1130169007, 31.3606700137 ], [ 35.1125544566, 31.3611981966 ], [ 35.1117383614, 31.3611579264 ], [ 35.1111993351, 31.3612103873 ], [ 35.1103568288, 31.3616915601 ], [ 35.1105714262, 31.3621471608 ], [ 35.1112606015, 31.3616465002 ], [ 35.1113220301, 31.3618116825 ], [ 35.1113524095, 31.3622345149 ], [ 35.1119066446, 31.3623274505 ], [ 35.1123686218, 31.3622880991 ] ] ], [ [ [ 35.1246544104, 31.3666392366 ], [ 35.1238731877, 31.3665658753 ], [ 35.1236521798, 31.3667661383 ], [ 35.1237366891, 31.367258087 ], [ 35.1236897117, 31.3676187268 ], [ 35.1237827365, 31.3679868501 ], [ 35.1254559867, 31.3677655724 ], [ 35.125511298, 31.3676126444 ], [ 35.1248877201, 31.3669308751 ], [ 35.1246544104, 31.3666392366 ] ] ], [ [ [ 35.1122259918, 31.3663840612 ], [ 35.1123032435, 31.3661727116 ], [ 35.1129191866, 31.3661731522 ], [ 35.1130271541, 31.3659353984 ], [ 35.1127658416, 31.3655124019 ], [ 35.1132772687, 31.3651369773 ], [ 35.113610917, 31.3655298374 ], [ 35.1137253625, 31.365474951 ], [ 35.1133779907, 31.3650781552 ], [ 35.1135825846, 31.3649183606 ], [ 35.1139681111, 31.3642712498 ], [ 35.1138761456, 31.3638285329 ], [ 35.1142770028, 31.3633003022 ], [ 35.1152013509, 31.3628120284 ], [ 35.1154634809, 31.3624819349 ], [ 35.1149401874, 31.3622304824 ], [ 35.1139025187, 31.3620513972 ], [ 35.113292492, 31.3622954324 ], [ 35.1130458822, 31.3625462556 ], [ 35.1130452306, 31.3632201542 ], [ 35.1131217219, 31.3636826123 ], [ 35.1132753977, 31.3639998293 ], [ 35.112966909, 31.3645413806 ], [ 35.1125661033, 31.3650035881 ], [ 35.1122735865, 31.3650033785 ], [ 35.1120734196, 31.3649371254 ], [ 35.111658131, 31.3645140157 ], [ 35.1118586058, 31.3641574594 ], [ 35.111997514, 31.3638800452 ], [ 35.1118438297, 31.3635759944 ], [ 35.1112898217, 31.3632453182 ], [ 35.1106429505, 31.3632911146 ], [ 35.1096257212, 31.3642416905 ], [ 35.1103810002, 31.3649896172 ], [ 35.1109188353, 31.3645861723 ], [ 35.1109336456, 31.3652336563 ], [ 35.1110867685, 31.3661058137 ], [ 35.1108237887, 31.36726835 ], [ 35.110684846, 31.3676778909 ], [ 35.1098375938, 31.3679415255 ], [ 35.1098374748, 31.3680603957 ], [ 35.1102222623, 31.3682985093 ], [ 35.1109452532, 31.3690126199 ], [ 35.111376024, 31.3695281874 ], [ 35.1120545909, 31.3699477735 ], [ 35.112353566, 31.3697989175 ], [ 35.1125623589, 31.3694830368 ], [ 35.1121618429, 31.3690002423 ], [ 35.1120083307, 31.3685112128 ], [ 35.1121323225, 31.3676921076 ], [ 35.1123022902, 31.3671505494 ], [ 35.1124155477, 31.3666675945 ], [ 35.1122259918, 31.3663840612 ] ] ], [ [ [ 35.112869499, 31.3704096203 ], [ 35.1127642522, 31.3704095452 ], [ 35.1127320796, 31.3705547928 ], [ 35.1128693468, 31.3705666695 ], [ 35.112869499, 31.3704096203 ] ] ] ] } },
{ "type": "Feature", "properties": { "Id": 0, "Name": "Massu'a", "GIS_ID": 3605.0, "Area": 392922.56765500002, "x": 35.4922, "y": 32.1088 }, "geometry": { "type": "MultiPolygon", "coordinates": [ [ [ [ 35.4946854843, 32.0998334201 ], [ 35.4950199926, 32.0994821271 ], [ 35.4958590526, 32.0995191565 ], [ 35.4965150727, 32.0995306311 ], [ 35.4965627812, 32.1001407625 ], [ 35.497203799, 32.1002301828 ], [ 35.4982109259, 32.1003447226 ], [ 35.4981934257, 32.0996435312 ], [ 35.4980406233, 32.099566061 ], [ 35.4980089495, 32.0992025326 ], [ 35.4973071475, 32.0991522143 ], [ 35.4971704715, 32.099347317 ], [ 35.4965604253, 32.0994006687 ], [ 35.4960874697, 32.0993887729 ], [ 35.494897539, 32.0993525502 ], [ 35.4948809685, 32.0989370432 ], [ 35.4948946619, 32.098443552 ], [ 35.4953369376, 32.0984035796 ], [ 35.495610253, 32.0980004824 ], [ 35.4956510739, 32.0964421845 ], [ 35.4949037115, 32.096482858 ], [ 35.4944005484, 32.0965618355 ], [ 35.4943113573, 32.0973022295 ], [ 35.4942827339, 32.0978996412 ], [ 35.4944967562, 32.0980419948 ], [ 35.4945594593, 32.0985741782 ], [ 35.4938274402, 32.0986148103 ], [ 35.493828423, 32.0989264668 ], [ 35.4939060099, 32.0993418346 ], [ 35.493602295, 32.0997839548 ], [ 35.4927182587, 32.1000327 ], [ 35.4918650379, 32.100346298 ], [ 35.4918202069, 32.1006450727 ], [ 35.4916868501, 32.1019049057 ], [ 35.4915676891, 32.1028270759 ], [ 35.4921472902, 32.1027868031 ], [ 35.4932604132, 32.102641516 ], [ 35.4936395582, 32.1019264331 ], [ 35.4933032373, 32.1017064424 ], [ 35.4934084322, 32.1011997571 ], [ 35.4937584515, 32.1009263468 ], [ 35.4940785483, 32.100873672 ], [ 35.4945206308, 32.100768774 ], [ 35.4947181722, 32.1005215915 ], [ 35.4946854843, 32.0998334201 ] ] ], [ [ [ 35.4884657201, 32.11554721 ], [ 35.4882616674, 32.1154843271 ], [ 35.4881973942, 32.1156276759 ], [ 35.4883917738, 32.1157015964 ], [ 35.4884657201, 32.11554721 ] ] ], [ [ [ 35.4921259138, 32.1174900696 ], [ 35.494389715, 32.1108682142 ], [ 35.494536589, 32.1096022171 ], [ 35.4942763214, 32.1090836532 ], [ 35.493823063, 32.1088828695 ], [ 35.492421033, 32.108519218 ], [ 35.4914353832, 32.1085569852 ], [ 35.4914685577, 32.1095079371 ], [ 35.4924247188, 32.1096932488 ], [ 35.4921900068, 32.1104274779 ], [ 35.4939587395, 32.1108820959 ], [ 35.4937886785, 32.1116528828 ], [ 35.4928824195, 32.1113064091 ], [ 35.4919987684, 32.111308419 ], [ 35.490424274, 32.1109634435 ], [ 35.4891304346, 32.1107462324 ], [ 35.4890241604, 32.1112234275 ], [ 35.4881615003, 32.1110236332 ], [ 35.4876259642, 32.1121070689 ], [ 35.4887473747, 32.1123063762 ], [ 35.489869075, 32.1125972947 ], [ 35.4901380529, 32.112870008 ], [ 35.4907557165, 32.1135492048 ], [ 35.4900051471, 32.1133741037 ], [ 35.4900649416, 32.1131793572 ], [ 35.4899656323, 32.1131538778 ], [ 35.4898932863, 32.1133511263 ], [ 35.4898066196, 32.1133312208 ], [ 35.4889651054, 32.1130212761 ], [ 35.4874564632, 32.1130429635 ], [ 35.487457369, 32.1133364937 ], [ 35.4881256395, 32.113371701 ], [ 35.4880411499, 32.1139405582 ], [ 35.4884948753, 32.1142880824 ], [ 35.4896378805, 32.1145056395 ], [ 35.4927001223, 32.1150306697 ], [ 35.4921238421, 32.116829695 ], [ 35.4893844257, 32.1161755105 ], [ 35.4888883157, 32.116171405 ], [ 35.4888308734, 32.1164304041 ], [ 35.4893069455, 32.1165587689 ], [ 35.4892355909, 32.1168362248 ], [ 35.4921259138, 32.1174900696 ] ] ] ] } },
{ "type": "Feature", "properties": { "Id": 0, "Name": "Neguhot", "GIS_ID": 3724.0, "Area": 61826.920868900001, "x": 34.9798, "y": 31.494 }, "geometry": { "type": "MultiPolygon", "coordinates": [ [ [ [ 34.9841195927, 31.4937517686 ], [ 34.9841199827, 31.4935853728 ], [ 34.9839826796, 31.4934741152 ], [ 34.9841636369, 31.4933871526 ], [ 34.9844304297, 31.4932630513 ], [ 34.9848255714, 31.4930146094 ], [ 34.9845518423, 31.492365513 ], [ 34.9849726155, 31.4923731795 ], [ 34.9848994585, 31.4925117629 ], [ 34.985231377, 31.4924845538 ], [ 34.9852551239, 31.4927272899 ], [ 34.9853679368, 31.4929148032 ], [ 34.9858920754, 31.492799937 ], [ 34.9858196833, 31.4926752533 ], [ 34.9857418632, 31.4925963998 ], [ 34.9854908027, 31.4927102799 ], [ 34.9853373222, 31.4921864839 ], [ 34.9848515215, 31.4922619506 ], [ 34.9841958063, 31.4923094355 ], [ 34.983499805, 31.4923012919 ], [ 34.9828119572, 31.4922723252 ], [ 34.9823262523, 31.4923062059 ], [ 34.9819613985, 31.4925967889 ], [ 34.9818464676, 31.4932623557 ], [ 34.9821043748, 31.4937343959 ], [ 34.9826459432, 31.4940266419 ], [ 34.9835525675, 31.493944966 ], [ 34.9841195927, 31.4937517686 ] ] ], [ [ [ 34.9701563318, 31.4965023263 ], [ 34.9698826698, 31.496164523 ], [ 34.969748155, 31.4960799509 ], [ 34.9692391805, 31.4961912457 ], [ 34.9689336057, 31.4966199423 ], [ 34.9689282593, 31.4966953294 ], [ 34.9692755953, 31.4969491864 ], [ 34.9695279438, 31.4971403353 ], [ 34.9697764846, 31.4972117688 ], [ 34.9700046834, 31.497083489 ], [ 34.9701861708, 31.4970305203 ], [ 34.9704453083, 31.4969466687 ], [ 34.9707303881, 31.4968850501 ], [ 34.9716744445, 31.4968527362 ], [ 34.9716888327, 31.4966332995 ], [ 34.9708453168, 31.4965080045 ], [ 34.970664184, 31.4964189291 ], [ 34.9705427164, 31.4964243771 ], [ 34.9704175378, 31.4963631973 ], [ 34.9701563318, 31.4965023263 ] ] ] ] } },
{ "type": "Feature", "properties": { "Id": 0, "Name": "Nokdim", "GIS_ID": 3726.0, "Area": 361003.71607600001, "x": 35.2471, "y": 31.6488 }, "geometry": { "type": "MultiPolygon", "coordinates": [ [ [ [ 35.2452949999, 31.6463455469 ], [ 35.2457638231, 31.6454010585 ], [ 35.2457359672, 31.6448698721 ], [ 35.2453634259, 31.6449171595 ], [ 35.2451702025, 31.6449526644 ], [ 35.2450320712, 31.6446458056 ], [ 35.2452666422, 31.6444214381 ], [ 35.2451285011, 31.6440909506 ], [ 35.2454180796, 31.643819398 ], [ 35.2455974436, 31.643677658 ], [ 35.2461218964, 31.6438781515 ], [ 35.2464806336, 31.643854405 ], [ 35.2468530896, 31.643629989 ], [ 35.2470735548, 31.6430042951 ], [ 35.2472528714, 31.6427681281 ], [ 35.2475840114, 31.6428034595 ], [ 35.247928879, 31.6426616601 ], [ 35.2481908419, 31.6422012611 ], [ 35.248190615, 31.6417172328 ], [ 35.2481766945, 31.6414811305 ], [ 35.247693784, 31.641504924 ], [ 35.2471694925, 31.6416349686 ], [ 35.2467142542, 31.6417768027 ], [ 35.2460795968, 31.641930418 ], [ 35.2461585479, 31.6418021043 ], [ 35.2459967168, 31.6416471707 ], [ 35.2456516246, 31.6415174148 ], [ 35.2449756226, 31.6416238707 ], [ 35.2437478213, 31.6421436365 ], [ 35.2433477144, 31.6422972558 ], [ 35.2434858218, 31.6425686736 ], [ 35.2439549289, 31.6425449003 ], [ 35.2441895377, 31.6426628808 ], [ 35.2447552486, 31.642485668 ], [ 35.2450174269, 31.6424855849 ], [ 35.2448104698, 31.6426863145 ], [ 35.2443691034, 31.6429933565 ], [ 35.2443554045, 31.6432530965 ], [ 35.2443969409, 31.6435010048 ], [ 35.2443970824, 31.6438314463 ], [ 35.2442866718, 31.6439967918 ], [ 35.2441487558, 31.643937763 ], [ 35.2439003237, 31.6437962481 ], [ 35.243500205, 31.6439379633 ], [ 35.243044864, 31.6441270417 ], [ 35.2429207263, 31.6442451327 ], [ 35.2427275167, 31.6440562512 ], [ 35.2425650045, 31.6438974936 ], [ 35.2425034767, 31.6437244504 ], [ 35.2423086829, 31.6432819967 ], [ 35.2419160779, 31.6434717859 ], [ 35.2415685181, 31.6443281441 ], [ 35.2414583665, 31.6448947246 ], [ 35.2414862122, 31.645461355 ], [ 35.2417485876, 31.6459334923 ], [ 35.2420383957, 31.6461930525 ], [ 35.2425904278, 31.6462754988 ], [ 35.242935462, 31.6464878733 ], [ 35.2435567707, 31.6473494109 ], [ 35.2439431337, 31.647303297 ], [ 35.2442744746, 31.6475274863 ], [ 35.244564183, 31.6475273955 ], [ 35.244853741, 31.6469370369 ], [ 35.2452949999, 31.6463455469 ] ] ], [ [ [ 35.2464372868, 31.6487308646 ], [ 35.24623016, 31.6483413295 ], [ 35.2457608144, 31.6481290044 ], [ 35.2452917831, 31.6483888911 ], [ 35.2450987762, 31.6486958555 ], [ 35.2455543317, 31.6491914614 ], [ 35.2458855147, 31.6492739645 ], [ 35.2462305302, 31.6491676128 ], [ 35.2464372868, 31.6487308646 ] ] ], [ [ [ 35.2597731484, 31.6475250367 ], [ 35.2592119037, 31.6474626591 ], [ 35.2588498215, 31.6472158137 ], [ 35.2584103693, 31.6467880983 ], [ 35.2580443091, 31.6466873652 ], [ 35.2575956101, 31.6468427167 ], [ 35.2576637397, 31.6474417935 ], [ 35.2580369057, 31.648108472 ], [ 35.2586586235, 31.6488716331 ], [ 35.2587906133, 31.6492820683 ], [ 35.2591517319, 31.6493960562 ], [ 35.2593791728, 31.6483688351 ], [ 35.2597731484, 31.6475250367 ] ] ], [ [ [ 35.2496385198, 31.648422777 ], [ 35.2492244773, 31.6483521271 ], [ 35.2487141386, 31.6486355794 ], [ 35.2487694056, 31.64890711 ], [ 35.248507293, 31.6490842359 ], [ 35.2484661773, 31.6495328348 ], [ 35.2486455318, 31.6495800302 ], [ 35.2491560152, 31.6493673741 ], [ 35.249486974, 31.6489776544 ], [ 35.2496385198, 31.648422777 ] ] ], [ [ [ 35.2480136809, 31.6558483464 ], [ 35.2480966464, 31.6560489815 ], [ 35.2489056168, 31.6560961622 ], [ 35.2491161317, 31.6559104854 ], [ 35.2492003084, 31.655328555 ], [ 35.2495590317, 31.6551867466 ], [ 35.250428305, 31.6549148864 ], [ 35.2508560193, 31.6548557499 ], [ 35.2513664671, 31.6545250319 ], [ 35.2521252866, 31.654147052 ], [ 35.2527875424, 31.653804457 ], [ 35.2529315427, 31.6537168732 ], [ 35.2531270162, 31.6537820386 ], [ 35.2532503756, 31.6536389614 ], [ 35.2530887849, 31.6535965271 ], [ 35.2535048721, 31.6533437842 ], [ 35.2536701752, 31.6527181011 ], [ 35.2536836876, 31.652151458 ], [ 35.2534488321, 31.651632168 ], [ 35.2531311243, 31.6511365379 ], [ 35.2527861292, 31.6510775974 ], [ 35.2526897271, 31.6514081653 ], [ 35.2529935659, 31.6519983165 ], [ 35.2531458291, 31.6528481702 ], [ 35.2529667107, 31.6534738578 ], [ 35.2526218352, 31.6536628378 ], [ 35.2524975815, 31.6535566457 ], [ 35.2522765648, 31.6530846059 ], [ 35.2522211857, 31.6528248913 ], [ 35.2518072871, 31.6528723032 ], [ 35.2517383254, 31.653061178 ], [ 35.2518902847, 31.653332581 ], [ 35.2515867945, 31.6534271182 ], [ 35.2511726751, 31.6532502358 ], [ 35.2507034751, 31.6531914254 ], [ 35.2502895557, 31.6534158672 ], [ 35.2499584807, 31.6535930206 ], [ 35.2498067448, 31.6537701096 ], [ 35.2499311166, 31.6541242251 ], [ 35.249945078, 31.6544311226 ], [ 35.2495449458, 31.6546201139 ], [ 35.2492000422, 31.6547737318 ], [ 35.2490621541, 31.6550334252 ], [ 35.2489794017, 31.655281375 ], [ 35.2487725696, 31.6555647208 ], [ 35.2485160326, 31.6554903577 ], [ 35.2482481397, 31.6555649021 ], [ 35.2480136809, 31.6558483464 ] ] ], [ [ [ 35.2458158979, 31.6606065175 ], [ 35.2450653803, 31.6605354354 ], [ 35.2447265737, 31.6603027123 ], [ 35.244354315, 31.6596771206 ], [ 35.2442054096, 31.6593696336 ], [ 35.244464471, 31.6593231242 ], [ 35.2446763991, 31.6591149815 ], [ 35.2447144265, 31.6588523096 ], [ 35.2451591695, 31.6588949624 ], [ 35.2451531205, 31.657772806 ], [ 35.2444155719, 31.6579484201 ], [ 35.244155355, 31.6584469584 ], [ 35.2438584022, 31.6598469143 ], [ 35.2435485581, 31.6601970208 ], [ 35.2436359753, 31.6614696052 ], [ 35.2436733627, 31.6621164961 ], [ 35.244256116, 31.6620632861 ], [ 35.2451860551, 31.6619357401 ], [ 35.2458158979, 31.6606065175 ] ] ] ] } },
{ "type": "Feature", "properties": { "Id": 0, "Name": "Adei Ad", "GIS_ID": 0.116, "Area": 250296.02081, "x": 35.3363, "y": 32.0439 }, "geometry": { "type": "MultiPolygon", "coordinates": [ [ [ [ 35.3320838503, 32.0385507506 ], [ 35.3317926184, 32.0385256035 ], [ 35.3317185248, 32.038939079 ], [ 35.3320245058, 32.0388306511 ], [ 35.3320838503, 32.0385507506 ] ] ], [ [ [ 35.3328563706, 32.0439248349 ], [ 35.3334908257, 32.0427468874 ], [ 35.3345794363, 32.0427457743 ], [ 35.3351301342, 32.0429223216 ], [ 35.336024028, 32.0435777285 ], [ 35.3361948972, 32.0433452467 ], [ 35.3357044986, 32.0425435121 ], [ 35.3357775129, 32.0422933667 ], [ 35.3359235718, 32.0417410415 ], [ 35.3360573923, 32.0412199312 ], [ 35.3363139279, 32.0410008872 ], [ 35.3369499843, 32.0410523481 ], [ 35.3377698072, 32.0412286024 ], [ 35.3375731421, 32.0405307236 ], [ 35.336888115, 32.0405106096 ], [ 35.3365456165, 32.0405109671 ], [ 35.3364835543, 32.0399067337 ], [ 35.3361161989, 32.0396258435 ], [ 35.3356266533, 32.0394075738 ], [ 35.3351859335, 32.0391266666 ], [ 35.3345497016, 32.0390158584 ], [ 35.3338901105, 32.0396833269 ], [ 35.3333527817, 32.040267341 ], [ 35.3332542696, 32.0397777622 ], [ 35.3329364632, 32.0399448282 ], [ 35.3330843096, 32.0407364611 ], [ 35.3327663291, 32.0407054909 ], [ 35.3322887583, 32.0403413746 ], [ 35.3317248627, 32.0394875741 ], [ 35.3316028547, 32.0396856423 ], [ 35.3314811485, 32.0401025776 ], [ 35.3320441445, 32.0403832844 ], [ 35.3320447516, 32.0408208385 ], [ 35.3316296888, 32.0414047221 ], [ 35.3319613687, 32.0424567024 ], [ 35.3323417725, 32.0432897649 ], [ 35.3328563706, 32.0439248349 ] ] ], [ [ [ 35.3401033972, 32.0477044924 ], [ 35.3406071173, 32.0467563391 ], [ 35.3400718955, 32.0465318045 ], [ 35.3389838914, 32.0469778214 ], [ 35.33918338, 32.045960307 ], [ 35.3383508505, 32.0454506793 ], [ 35.3378493949, 32.045513703 ], [ 35.3376912109, 32.0460973353 ], [ 35.3377957085, 32.0466119762 ], [ 35.3381816229, 32.0468105048 ], [ 35.337460321, 32.04714466 ], [ 35.3376442043, 32.0474153682 ], [ 35.3381700531, 32.0473001954 ], [ 35.3389043983, 32.0475598587 ], [ 35.3395407758, 32.0477259251 ], [ 35.3399077136, 32.0476942408 ], [ 35.3400557096, 32.0485379885 ], [ 35.3401299932, 32.0491526671 ], [ 35.3399102161, 32.0493925109 ], [ 35.3393358371, 32.0497786437 ], [ 35.3395811017, 32.050236768 ], [ 35.3395818829, 32.0507681085 ], [ 35.3392595723, 32.0511107374 ], [ 35.3393495911, 32.0517529463 ], [ 35.3400856475, 32.0507868636 ], [ 35.340304591, 32.0506960608 ], [ 35.3411431819, 32.0517778228 ], [ 35.3419484581, 32.0516108002 ], [ 35.3417455642, 32.0505980328 ], [ 35.3412694089, 32.0502974513 ], [ 35.3414150775, 32.0495680071 ], [ 35.3407532362, 32.0487351856 ], [ 35.3402514701, 32.0485274082 ], [ 35.3401033972, 32.0477044924 ] ] ] ] } },
{ "type": "Feature", "properties": { "Id": 0, "Name": "Shaqed", "GIS_ID": 3649.0, "Area": 211733.7604, "x": 35.1686, "y": 32.4736 }, "geometry": { "type": "MultiPolygon", "coordinates": [ [ [ [ 35.1697722192, 32.4745535131 ], [ 35.1704007363, 32.4747417878 ], [ 35.1711650575, 32.4744702971 ], [ 35.1721512704, 32.4742197793 ], [ 35.1724966243, 32.4737705293 ], [ 35.1725585477, 32.4728302086 ], [ 35.1722258718, 32.4723390353 ], [ 35.1717206905, 32.4720567501 ], [ 35.1710179017, 32.4725476544 ], [ 35.170069044, 32.4719517986 ], [ 35.1690830255, 32.4717530523 ], [ 35.1682448135, 32.4717005133 ], [ 35.1670737462, 32.4719301158 ], [ 35.1664820144, 32.4721074919 ], [ 35.1660628919, 32.4723685996 ], [ 35.1654709618, 32.4729953991 ], [ 35.1651871839, 32.4736535826 ], [ 35.1653348719, 32.4740611256 ], [ 35.1656429399, 32.4743119952 ], [ 35.1655934359, 32.4748971202 ], [ 35.1660371093, 32.4749703874 ], [ 35.1662590238, 32.4749495344 ], [ 35.1665303007, 32.4746674614 ], [ 35.166789236, 32.4743854742 ], [ 35.1671097007, 32.4745109117 ], [ 35.1670848658, 32.4748871109 ], [ 35.1670600681, 32.4754304029 ], [ 35.1664189928, 32.4755138025 ], [ 35.1658643452, 32.4754823435 ], [ 35.1657657184, 32.4755136037 ], [ 35.165777996, 32.47565987 ], [ 35.1660244724, 32.4756704055 ], [ 35.1660243261, 32.4760152314 ], [ 35.1660241754, 32.4763705175 ], [ 35.1654571556, 32.4764016338 ], [ 35.1650996759, 32.4764987304 ], [ 35.1651241, 32.4768435639 ], [ 35.1661225894, 32.4768438715 ], [ 35.1661844355, 32.4762482901 ], [ 35.166899433, 32.4762067546 ], [ 35.1671953574, 32.4760082789 ], [ 35.167220321, 32.4753186344 ], [ 35.1675778264, 32.4751411865 ], [ 35.1683420637, 32.4751100272 ], [ 35.1687858838, 32.4750892331 ], [ 35.1689584996, 32.4749116388 ], [ 35.1693159636, 32.4748281474 ], [ 35.1693652098, 32.4751207763 ], [ 35.1698212993, 32.4750059304 ], [ 35.16977213, 32.4747865231 ], [ 35.1697722192, 32.4745535131 ] ] ] ] } },
{ "type": "Feature", "properties": { "Id": 0, "Name": "Hermesh", "GIS_ID": 3717.0, "Area": 143601.640881, "x": 35.1191, "y": 32.4234 }, "geometry": { "type": "MultiPolygon", "coordinates": [ [ [ [ 35.1196802322, 32.4254046002 ], [ 35.1199840085, 32.425155651 ], [ 35.1204215975, 32.4247771746 ], [ 35.120517404, 32.4248082033 ], [ 35.1205585479, 32.4247308187 ], [ 35.120465034, 32.4246881798 ], [ 35.1205036928, 32.4244749075 ], [ 35.120787855, 32.42427581 ], [ 35.1213851013, 32.4243342776 ], [ 35.1216593737, 32.4242514069 ], [ 35.121728063, 32.4241269206 ], [ 35.1216796035, 32.423520553 ], [ 35.1213373363, 32.4230884803 ], [ 35.1210829197, 32.4228557513 ], [ 35.121014666, 32.4225069098 ], [ 35.1206038934, 32.4220082406 ], [ 35.1196738516, 32.4217667615 ], [ 35.1188611996, 32.4216249985 ], [ 35.1184498599, 32.4217410442 ], [ 35.1168832108, 32.4216070479 ], [ 35.1164523549, 32.4216732068 ], [ 35.1164813275, 32.422055298 ], [ 35.1166767762, 32.4224540974 ], [ 35.1170284978, 32.4233098308 ], [ 35.1170282897, 32.4235257092 ], [ 35.1173803377, 32.4240492376 ], [ 35.1177222877, 32.4247969327 ], [ 35.1180355118, 32.4250131165 ], [ 35.1187598297, 32.4252793562 ], [ 35.1191316841, 32.4255620361 ], [ 35.1193569848, 32.4255538923 ], [ 35.1196802322, 32.4254046002 ] ] ] ] } },
{ "type": "Feature", "properties": { "Id": 0, "Name": "Maoz Zvi", "GIS_ID": 0.058, "Area": 18930.548865299999, "x": 35.1651, "y": 32.4248 }, "geometry": { "type": "MultiPolygon", "coordinates": [ [ [ [ 35.1642143966, 32.425186361 ], [ 35.1642886678, 32.4252913482 ], [ 35.1645652859, 32.4253529353 ], [ 35.1649917045, 32.4254262012 ], [ 35.1653637459, 32.4253647276 ], [ 35.1656632456, 32.4251263075 ], [ 35.1658629555, 32.4250301522 ], [ 35.1659855126, 32.424849389 ], [ 35.16611268, 32.4245761978 ], [ 35.166049228, 32.4242760765 ], [ 35.1658397237, 32.4240852681 ], [ 35.165300764, 32.4242257993 ], [ 35.1649150967, 32.4243373156 ], [ 35.164538491, 32.4243910314 ], [ 35.164275266, 32.4245832908 ], [ 35.1641798878, 32.4248449479 ], [ 35.1641661576, 32.4251180832 ], [ 35.1642024962, 32.4251694945 ], [ 35.1642143966, 32.425186361 ] ] ] ] } },
{ "type": "Feature", "properties": { "Id": 0, "Name": "Mevo Dotan", "GIS_ID": 3569.0, "Area": 182004.741362, "x": 35.1745, "y": 32.4205 }, "geometry": { "type": "MultiPolygon", "coordinates": [ [ [ [ 35.17667669, 32.4200125976 ], [ 35.1776410599, 32.4196670754 ], [ 35.178229907, 32.4201177131 ], [ 35.1785415362, 32.4204116576 ], [ 35.1800889206, 32.420891967 ], [ 35.1802159366, 32.4206078502 ], [ 35.1804585389, 32.4206372935 ], [ 35.1811513316, 32.4208725094 ], [ 35.1815439158, 32.4210195664 ], [ 35.1819365014, 32.421166532 ], [ 35.1823176347, 32.4211959964 ], [ 35.1823753901, 32.4210882474 ], [ 35.1823061459, 32.4207875019 ], [ 35.1820173922, 32.42079728 ], [ 35.1817517931, 32.4208951625 ], [ 35.1811744213, 32.4207971274 ], [ 35.1808626404, 32.4206403455 ], [ 35.1810938487, 32.4199155622 ], [ 35.1803201535, 32.4196998985 ], [ 35.1788998229, 32.4196310861 ], [ 35.178541689, 32.4198758381 ], [ 35.1779182958, 32.4194056265 ], [ 35.1774967171, 32.4195622613 ], [ 35.176826853, 32.4198559065 ], [ 35.1765036643, 32.4194934222 ], [ 35.1762494871, 32.4197774168 ], [ 35.1759375213, 32.4202475189 ], [ 35.1755679698, 32.4202572639 ], [ 35.1753565571, 32.4200340479 ], [ 35.1750022606, 32.419963253 ], [ 35.1743673262, 32.4194048301 ], [ 35.1736630473, 32.418954056 ], [ 35.1726121404, 32.4189694856 ], [ 35.1713649447, 32.4190808014 ], [ 35.1708567595, 32.4193941153 ], [ 35.1704985059, 32.4199033276 ], [ 35.1705675995, 32.4205008454 ], [ 35.1705559822, 32.4208632553 ], [ 35.1706827511, 32.4213236324 ], [ 35.1712254905, 32.4216176566 ], [ 35.171825878, 32.4218528993 ], [ 35.172980633, 32.4220000875 ], [ 35.1744126139, 32.4219808685 ], [ 35.1746205395, 32.4217458318 ], [ 35.1751171479, 32.4217263803 ], [ 35.1764221279, 32.4215405558 ], [ 35.17667669, 32.4200125976 ] ] ] ] } },
{ "type": "Feature", "properties": { "Id": 0, "Name": "Nahal Maskiyot", "GIS_ID": 3785.0, "Area": 43965.539191999997, "x": 35.5026, "y": 32.3173 }, "geometry": { "type": "MultiPolygon", "coordinates": [ [ [ [ 35.5008025706, 32.3171480978 ], [ 35.5006282598, 32.3169958189 ], [ 35.5003833346, 32.3172457842 ], [ 35.5005996337, 32.3174081441 ], [ 35.5008025706, 32.3171480978 ] ] ], [ [ [ 35.5023895095, 32.3183359626 ], [ 35.5027343917, 32.3180654317 ], [ 35.5030054991, 32.3181282744 ], [ 35.5033142232, 32.3182306146 ], [ 35.5036683671, 32.3179679947 ], [ 35.5037703007, 32.3177058822 ], [ 35.5037732343, 32.3176937916 ], [ 35.5046457151, 32.3178205804 ], [ 35.5047298531, 32.3174764493 ], [ 35.5038634112, 32.3173121336 ], [ 35.5038716856, 32.3172772159 ], [ 35.5035718935, 32.3170161463 ], [ 35.5032999792, 32.3167390487 ], [ 35.5030844741, 32.3165649784 ], [ 35.5028810708, 32.3163245997 ], [ 35.5025266526, 32.3160550604 ], [ 35.5022315865, 32.3160333906 ], [ 35.5018849106, 32.3163383916 ], [ 35.502007356, 32.3167317521 ], [ 35.5014698134, 32.3171162472 ], [ 35.5012752554, 32.3176007693 ], [ 35.5012200912, 32.3178785507 ], [ 35.5023895095, 32.3183359626 ] ] ] ] } },
{ "type": "Feature", "properties": { "Id": 0, "Name": "Nahal Hemdat", "GIS_ID": 3646.0, "Area": 87865.140871800002, "x": 35.5264, "y": 32.2513 }, "geometry": { "type": "MultiPolygon", "coordinates": [ [ [ [ 35.5241080418, 32.2497162335 ], [ 35.5246274158, 32.2501135743 ], [ 35.5246815064, 32.2501363935 ], [ 35.5246644221, 32.2501418854 ], [ 35.5242757558, 32.250266825 ], [ 35.5242520965, 32.2507523967 ], [ 35.5246843843, 32.2509562734 ], [ 35.525091722, 32.2512465112 ], [ 35.5256235534, 32.250878321 ], [ 35.5262736159, 32.2515995236 ], [ 35.526299792, 32.2518303094 ], [ 35.5262002559, 32.2524023737 ], [ 35.5261132243, 32.2529096592 ], [ 35.5263045501, 32.2531788905 ], [ 35.5268651735, 32.2537492715 ], [ 35.5272454206, 32.2535757021 ], [ 35.5275365782, 32.2533267914 ], [ 35.5279043558, 32.2532287299 ], [ 35.528297103, 32.2529903785 ], [ 35.5285462222, 32.2530660347 ], [ 35.5290030041, 32.2529638145 ], [ 35.5290183634, 32.2528245541 ], [ 35.5286376379, 32.2523637687 ], [ 35.5280393375, 32.2519121646 ], [ 35.5284448125, 32.2516737801 ], [ 35.5284946546, 32.251425576 ], [ 35.5287329402, 32.2506049873 ], [ 35.5283776398, 32.2506275413 ], [ 35.5283156474, 32.2510700172 ], [ 35.5282289351, 32.2516636025 ], [ 35.5277977152, 32.2517941107 ], [ 35.5270862347, 32.2516233315 ], [ 35.5272505576, 32.2514287611 ], [ 35.5276825409, 32.2515139557 ], [ 35.5278596811, 32.2513732775 ], [ 35.5276938535, 32.2511427592 ], [ 35.5273000055, 32.2510682885 ], [ 35.5267186082, 32.2517926299 ], [ 35.5265534073, 32.2517390353 ], [ 35.5257628965, 32.2507916675 ], [ 35.5259271746, 32.2505539043 ], [ 35.5261420305, 32.2503052811 ], [ 35.5263071819, 32.2503155914 ], [ 35.526522028, 32.2500345941 ], [ 35.5263931443, 32.2495063063 ], [ 35.525743962, 32.2490008949 ], [ 35.5253890539, 32.2491635743 ], [ 35.5249691729, 32.2488949214 ], [ 35.5245751476, 32.2487665168 ], [ 35.5242579922, 32.2488319769 ], [ 35.5241447677, 32.2491343557 ], [ 35.5244371687, 32.2492415571 ], [ 35.5241468093, 32.2497169828 ], [ 35.5241080418, 32.2497162335 ] ] ] ] } },
{ "type": "Feature", "properties": { "Id": 0, "Name": "Ro'i", "GIS_ID": 3619.0, "Area": 144916.81502800001, "x": 35.4889, "y": 32.2475 }, "geometry": { "type": "MultiPolygon", "coordinates": [ [ [ [ 35.486728837, 32.2468735803 ], [ 35.4870181492, 32.2473879195 ], [ 35.4859513231, 32.2474890709 ], [ 35.4859660848, 32.2477075285 ], [ 35.4863536969, 32.2477725106 ], [ 35.4863091714, 32.2481115648 ], [ 35.4864823627, 32.2484598023 ], [ 35.4869585618, 32.24841374 ], [ 35.4872773412, 32.248795377 ], [ 35.4877429676, 32.2495814881 ], [ 35.4885907363, 32.2498607557 ], [ 35.4889079148, 32.2497251372 ], [ 35.4893029554, 32.2491057236 ], [ 35.4899095093, 32.2483958343 ], [ 35.4910590608, 32.2478647045 ], [ 35.4918778861, 32.2473454991 ], [ 35.4910139711, 32.2461442306 ], [ 35.4903636673, 32.2455496342 ], [ 35.4898204289, 32.2453259611 ], [ 35.486728837, 32.2468735803 ] ] ] ] } },
{ "type": "Feature", "properties": { "Id": 0, "Name": "Hamra", "GIS_ID": 3609.0, "Area": 158856.463663, "x": 35.4373, "y": 32.1999 }, "geometry": { "type": "MultiPolygon", "coordinates": [ [ [ [ 35.4387708361, 32.2015526891 ], [ 35.4400972268, 32.2017066229 ], [ 35.440081916, 32.2012205746 ], [ 35.439753855, 32.2012012645 ], [ 35.4398058615, 32.2003985652 ], [ 35.4392435592, 32.2003628182 ], [ 35.4387830602, 32.200694625 ], [ 35.4384941568, 32.2004867593 ], [ 35.4388524325, 32.1996648465 ], [ 35.4397613594, 32.1999205255 ], [ 35.4398322783, 32.1994546252 ], [ 35.4398876249, 32.1985842163 ], [ 35.4393532986, 32.1982052009 ], [ 35.4389655257, 32.1987698026 ], [ 35.4384895431, 32.1986849255 ], [ 35.4382440112, 32.1985137714 ], [ 35.4366843866, 32.1974379388 ], [ 35.435720697, 32.1982854831 ], [ 35.4350740645, 32.1991201778 ], [ 35.4348457421, 32.2000522209 ], [ 35.4348042452, 32.2007142015 ], [ 35.4354546268, 32.201399448 ], [ 35.4362326088, 32.2011650949 ], [ 35.4367956939, 32.2015072779 ], [ 35.437242611, 32.2015432482 ], [ 35.4374164479, 32.2018370879 ], [ 35.4383726503, 32.2016420937 ], [ 35.4384061653, 32.2019209283 ], [ 35.4385045588, 32.2019167619 ], [ 35.438508459, 32.2016099685 ], [ 35.4387708361, 32.2015526891 ] ] ] ] } },
{ "type": "Feature", "properties": { "Id": 0, "Name": "Mechora", "GIS_ID": 3614.0, "Area": 136673.2017, "x": 35.4235, "y": 32.1649 }, "geometry": { "type": "MultiPolygon", "coordinates": [ [ [ [ 35.4253705073, 32.1664734788 ], [ 35.4255808767, 32.1662662422 ], [ 35.4251006731, 32.1653227336 ], [ 35.4257746483, 32.1650704997 ], [ 35.4257726624, 32.1642492492 ], [ 35.4251386102, 32.1635569758 ], [ 35.4245896824, 32.1632112867 ], [ 35.4238182532, 32.1638462198 ], [ 35.422847567, 32.1634414656 ], [ 35.4216377849, 32.1629294417 ], [ 35.4213429829, 32.1630734212 ], [ 35.4206987701, 32.1640308655 ], [ 35.4212757826, 32.1643766135 ], [ 35.4211779946, 32.1646277474 ], [ 35.4218394582, 32.1649972453 ], [ 35.4214888371, 32.1653444929 ], [ 35.4226710323, 32.1660119428 ], [ 35.4233909317, 32.167313685 ], [ 35.4238544857, 32.1672411901 ], [ 35.4253705073, 32.1664734788 ] ] ] ] } },
{ "type": "Feature", "properties": { "Id": 0, "Name": "Gittit", "GIS_ID": 3613.0, "Area": 105630.788883, "x": 35.3959, "y": 32.1015 }, "geometry": { "type": "MultiPolygon", "coordinates": [ [ [ [ 35.398189662, 32.1022118738 ], [ 35.3980392843, 32.1019905333 ], [ 35.3979069914, 32.1017036948 ], [ 35.3976639399, 32.1016954087 ], [ 35.3976430695, 32.1013937007 ], [ 35.3975215352, 32.101385319 ], [ 35.397520882, 32.1010749228 ], [ 35.3973082587, 32.1011270098 ], [ 35.397278433, 32.1014029137 ], [ 35.3968023602, 32.1013690991 ], [ 35.3967111052, 32.1013003407 ], [ 35.3965180818, 32.1009988937 ], [ 35.3966290478, 32.1008176453 ], [ 35.396881743, 32.1005759417 ], [ 35.3976111213, 32.1006610426 ], [ 35.397874205, 32.1005744296 ], [ 35.3979245542, 32.1004363784 ], [ 35.397619988, 32.1000920878 ], [ 35.3970624762, 32.0998170786 ], [ 35.3967997397, 32.1001191277 ], [ 35.3964755393, 32.1000592898 ], [ 35.39605978, 32.0997840611 ], [ 35.3955130391, 32.0998452172 ], [ 35.3951484788, 32.0998371997 ], [ 35.3946526091, 32.1000103683 ], [ 35.3946332856, 32.1004500215 ], [ 35.3943802281, 32.1005193885 ], [ 35.3937834108, 32.1008564707 ], [ 35.3938831412, 32.1010804171 ], [ 35.3940150243, 32.1012267611 ], [ 35.3940969257, 32.1016404713 ], [ 35.3940683908, 32.1025456436 ], [ 35.3943318568, 32.1025883544 ], [ 35.3953547484, 32.1026385793 ], [ 35.3953450245, 32.1028023595 ], [ 35.3956589194, 32.1027932287 ], [ 35.3956568956, 32.1026246272 ], [ 35.395860888, 32.1026116892 ], [ 35.3958892523, 32.1037609607 ], [ 35.3967868336, 32.1037059237 ], [ 35.3967956517, 32.1026039578 ], [ 35.3975929386, 32.1025920794 ], [ 35.398189662, 32.1022118738 ] ] ] ] } },
{ "type": "Feature", "properties": { "Id": 0, "Name": "Peza'el", "GIS_ID": 3615.0, "Area": 583123.30872199999, "x": 35.4428, "y": 32.0442 }, "geometry": { "type": "MultiPolygon", "coordinates": [ [ [ [ 35.447423674, 32.0476827405 ], [ 35.4464128808, 32.0468137688 ], [ 35.4478918619, 32.0450847901 ], [ 35.447747593, 32.0447189041 ], [ 35.4446681704, 32.0456304094 ], [ 35.4443929826, 32.0450587387 ], [ 35.4467297536, 32.0443125634 ], [ 35.4482450841, 32.043440864 ], [ 35.4475187256, 32.0416198114 ], [ 35.447093407, 32.0406881648 ], [ 35.4459497061, 32.0409870412 ], [ 35.4440355361, 32.0415628658 ], [ 35.4426934814, 32.0420952029 ], [ 35.4422464562, 32.0424138367 ], [ 35.4421956545, 32.0420113684 ], [ 35.4413482481, 32.0414407626 ], [ 35.4392297489, 32.0399613325 ], [ 35.4386348974, 32.0408100352 ], [ 35.437792202, 32.0420831278 ], [ 35.4371947508, 32.0419570723 ], [ 35.4366985872, 32.0424876999 ], [ 35.4379946894, 32.0434389722 ], [ 35.4397147171, 32.0447496239 ], [ 35.4396161682, 32.0451312681 ], [ 35.4393736363, 32.0475898434 ], [ 35.4404191647, 32.0477786318 ], [ 35.4421365692, 32.0480297302 ], [ 35.4428082731, 32.0479860842 ], [ 35.4442508246, 32.0477926326 ], [ 35.4467880045, 32.0475334996 ], [ 35.447423674, 32.0476827405 ] ] ] ] } },
{ "type": "Feature", "properties": { "Id": 0, "Name": "Tomer", "GIS_ID": 3558.0, "Area": 285372.67625000002, "x": 35.439, "y": 32.019 }, "geometry": { "type": "MultiPolygon", "coordinates": [ [ [ [ 35.44250922, 32.0200279189 ], [ 35.4425251805, 32.0197735804 ], [ 35.4415792602, 32.0194645913 ], [ 35.4420899754, 32.0181921825 ], [ 35.4418242173, 32.0180372093 ], [ 35.4412762253, 32.0176991557 ], [ 35.4407947506, 32.0174599036 ], [ 35.4403295007, 32.0171076235 ], [ 35.4402112872, 32.0162460796 ], [ 35.4395646146, 32.0162613483 ], [ 35.4383879907, 32.0165319914 ], [ 35.4370292029, 32.0168876372 ], [ 35.4358523859, 32.0170876458 ], [ 35.4353722748, 32.0173851243 ], [ 35.4350251044, 32.0178096039 ], [ 35.435076374, 32.0184169657 ], [ 35.4357084324, 32.0191928988 ], [ 35.4373361569, 32.0202352905 ], [ 35.4379016997, 32.0209406332 ], [ 35.4387669345, 32.0220692673 ], [ 35.439728516, 32.0219968756 ], [ 35.4402740997, 32.0213459325 ], [ 35.4415854114, 32.021852104 ], [ 35.44250922, 32.0200279189 ] ] ] ] } },
{ "type": "Feature", "properties": { "Id": 0, "Name": "Netiv Hagedud", "GIS_ID": 3555.0, "Area": 407050.24413299997, "x": 35.4446, "y": 31.9889 }, "geometry": { "type": "MultiPolygon", "coordinates": [ [ [ [ 35.4481359686, 31.9919987757 ], [ 35.4472775909, 31.9919218742 ], [ 35.4472555896, 31.9916841999 ], [ 35.4473150107, 31.9898192387 ], [ 35.4462623685, 31.9892544634 ], [ 35.4467551507, 31.9890158969 ], [ 35.447569996, 31.9888863716 ], [ 35.4491561855, 31.9884261958 ], [ 35.4490892855, 31.9878535947 ], [ 35.4493257533, 31.9877278711 ], [ 35.4491862371, 31.9874636868 ], [ 35.4484110851, 31.987680918 ], [ 35.4473965841, 31.9882101676 ], [ 35.4463033517, 31.9885414161 ], [ 35.4460449135, 31.9881213956 ], [ 35.4456782177, 31.9873725106 ], [ 35.4463422805, 31.9870055632 ], [ 35.4475212492, 31.9866924568 ], [ 35.4475421019, 31.9864547905 ], [ 35.4470044615, 31.9859256465 ], [ 35.4465320616, 31.9857802755 ], [ 35.4454394383, 31.9862942217 ], [ 35.4453331029, 31.9866601068 ], [ 35.444904625, 31.986843716 ], [ 35.444560852, 31.9866432639 ], [ 35.4447100911, 31.9862956049 ], [ 35.4439637933, 31.9856711935 ], [ 35.444427823, 31.9851344502 ], [ 35.4426533264, 31.9841217354 ], [ 35.4417897971, 31.9851731195 ], [ 35.4408071052, 31.9867654731 ], [ 35.4402085833, 31.9875710896 ], [ 35.4405309177, 31.9877899002 ], [ 35.4424435225, 31.9891209123 ], [ 35.4425948526, 31.9895777546 ], [ 35.44240487, 31.9907482064 ], [ 35.4417068329, 31.9907278874 ], [ 35.4417155363, 31.9909366501 ], [ 35.4423932812, 31.9909284215 ], [ 35.4424928113, 31.9915707604 ], [ 35.4437381815, 31.9920254535 ], [ 35.4450683417, 31.9920412443 ], [ 35.4455619072, 31.9920951371 ], [ 35.4471066068, 31.9921288053 ], [ 35.4468751478, 31.9938843447 ], [ 35.4475192666, 31.9940842151 ], [ 35.4488364702, 31.9941313684 ], [ 35.4488991033, 31.9931151907 ], [ 35.4480742426, 31.9929861926 ], [ 35.4481359686, 31.9919987757 ] ] ] ] } },
{ "type": "Feature", "properties": { "Id": 0, "Name": "Yitav", "GIS_ID": 3607.0, "Area": 107126.375772, "x": 35.4239, "y": 31.9471 }, "geometry": { "type": "MultiPolygon", "coordinates": [ [ [ [ 35.4239232147, 31.9453941776 ], [ 35.422465614, 31.946661664 ], [ 35.4221443011, 31.9469760467 ], [ 35.4216151727, 31.9469377239 ], [ 35.4208107709, 31.9471843006 ], [ 35.4210649578, 31.947693753 ], [ 35.4222494184, 31.9476426678 ], [ 35.4223307188, 31.9484037618 ], [ 35.4229990368, 31.9485141553 ], [ 35.4231601427, 31.9485237076 ], [ 35.4231722163, 31.9487982892 ], [ 35.4240007217, 31.948943945 ], [ 35.4241721073, 31.9484729016 ], [ 35.4241364713, 31.9480317057 ], [ 35.4245388301, 31.947952551 ], [ 35.4245497272, 31.9476877594 ], [ 35.4247795101, 31.9475795039 ], [ 35.4249745666, 31.9474124198 ], [ 35.42498729, 31.9479125438 ], [ 35.4251487938, 31.9480888384 ], [ 35.4255049908, 31.9479901013 ], [ 35.4264247546, 31.9478218413 ], [ 35.4270574235, 31.9478991012 ], [ 35.4269187372, 31.9476248321 ], [ 35.4265045345, 31.9475274398 ], [ 35.4265038741, 31.9472529288 ], [ 35.4259400275, 31.9471165674 ], [ 35.4252924461, 31.9456664058 ], [ 35.4250383118, 31.9451863609 ], [ 35.424233922, 31.945472098 ], [ 35.4239232147, 31.9453941776 ] ] ] ] } },
{ "type": "Feature", "properties": { "Id": 0, "Name": "No'omi", "GIS_ID": 3713.0, "Area": 133730.91297599999, "x": 35.4678, "y": 31.9067 }, "geometry": { "type": "MultiPolygon", "coordinates": [ [ [ [ 35.465868056, 31.9087821035 ], [ 35.4665602428, 31.9084025931 ], [ 35.4667552057, 31.9090226366 ], [ 35.4672191097, 31.90908836 ], [ 35.46736001, 31.9088558503 ], [ 35.4676752959, 31.9086787116 ], [ 35.4687210072, 31.9087601393 ], [ 35.4689927067, 31.9085737992 ], [ 35.4690127572, 31.9079699901 ], [ 35.4689123897, 31.9071434118 ], [ 35.4691076747, 31.9068922095 ], [ 35.4694445689, 31.9066592889 ], [ 35.4699298403, 31.9063888419 ], [ 35.4703153167, 31.9060681184 ], [ 35.4701825366, 31.9057567406 ], [ 35.4696361478, 31.9051168694 ], [ 35.4691882968, 31.9046255004 ], [ 35.4683507374, 31.9049337711 ], [ 35.4680789148, 31.9050736664 ], [ 35.4675009885, 31.9048240684 ], [ 35.467043475, 31.9047599937 ], [ 35.4666525328, 31.9051323504 ], [ 35.4662070645, 31.9054770423 ], [ 35.4659918627, 31.9059477331 ], [ 35.4658941243, 31.9064808699 ], [ 35.4658928149, 31.9069526856 ], [ 35.4659839429, 31.9074375147 ], [ 35.4664641423, 31.9078173632 ], [ 35.4665735077, 31.9079843348 ], [ 35.4667414203, 31.908169552 ], [ 35.4661287077, 31.9085198163 ], [ 35.4659009169, 31.9083457849 ], [ 35.4656742227, 31.9085595294 ], [ 35.465868056, 31.9087821035 ] ] ] ] } },
{ "type": "Feature", "properties": { "Id": 0, "Name": "Mizpe Yeriho", "GIS_ID": 3576.0, "Area": 443821.18691500003, "x": 35.3947, "y": 31.8162 }, "geometry": { "type": "MultiPolygon", "coordinates": [ [ [ [ 35.3908281326, 31.8165338019 ], [ 35.390925307, 31.8167475744 ], [ 35.3911818814, 31.8167106739 ], [ 35.3926564475, 31.8162154689 ], [ 35.3930200884, 31.8162696717 ], [ 35.3927220015, 31.8169274596 ], [ 35.3924662414, 31.8173661288 ], [ 35.3924472381, 31.8185165355 ], [ 35.3930475112, 31.819264349 ], [ 35.3934112328, 31.8193003336 ], [ 35.3937750726, 31.8194458896 ], [ 35.3937127189, 31.8203589981 ], [ 35.3939270479, 31.8205777343 ], [ 35.39469718, 31.8207044649 ], [ 35.3958309295, 31.8208123372 ], [ 35.3959582787, 31.8203373306 ], [ 35.3954007585, 31.8196442983 ], [ 35.395399518, 31.8190416954 ], [ 35.3960540992, 31.8173892227 ], [ 35.3971020594, 31.8174540441 ], [ 35.3976668723, 31.8174392079 ], [ 35.3980494942, 31.8181246748 ], [ 35.3983927742, 31.8186902327 ], [ 35.3985226289, 31.8194204292 ], [ 35.398822787, 31.8197669061 ], [ 35.3988881232, 31.820351194 ], [ 35.3986756947, 31.8210453886 ], [ 35.3987824538, 31.8212858345 ], [ 35.3988046039, 31.8212712812 ], [ 35.3990294621, 31.8213668925 ], [ 35.3993019948, 31.8212293968 ], [ 35.4000298395, 31.8208309326 ], [ 35.4002303993, 31.8208237702 ], [ 35.4006240755, 31.8210355454 ], [ 35.4007451943, 31.8213711108 ], [ 35.4007940643, 31.821754675 ], [ 35.4011314357, 31.8219104415 ], [ 35.401541406, 31.8222317613 ], [ 35.4021121127, 31.8226899988 ], [ 35.4026099373, 31.822798797 ], [ 35.4029312019, 31.8229764081 ], [ 35.4030122532, 31.8233394495 ], [ 35.4030130454, 31.82370947 ], [ 35.4030940388, 31.8240450055 ], [ 35.4033436078, 31.8244283452 ], [ 35.4032720213, 31.8247367935 ], [ 35.4029833702, 31.8248468169 ], [ 35.4025984205, 31.8249228102 ], [ 35.4024140795, 31.8250601756 ], [ 35.4026389211, 31.8251419825 ], [ 35.4028898172, 31.8251794433 ], [ 35.4028894133, 31.8249907174 ], [ 35.4036054488, 31.8248463062 ], [ 35.4035221182, 31.8241649244 ], [ 35.403880105, 31.8238999335 ], [ 35.4039433373, 31.8234408018 ], [ 35.4039426151, 31.8231050507 ], [ 35.4037418297, 31.8230094105 ], [ 35.4032440909, 31.8229417401 ], [ 35.4029069469, 31.8228463115 ], [ 35.4022082364, 31.8225938944 ], [ 35.401813996, 31.822121766 ], [ 35.4016079733, 31.8218459443 ], [ 35.4014389821, 31.8215995549 ], [ 35.4012051915, 31.8211285288 ], [ 35.4009639434, 31.8208753965 ], [ 35.4007552402, 31.8208277412 ], [ 35.4005224702, 31.8207869765 ], [ 35.4003056492, 31.8207461869 ], [ 35.3999926077, 31.8207055448 ], [ 35.3997281192, 31.8208498836 ], [ 35.3994636297, 31.8209941316 ], [ 35.3991831858, 31.8211864711 ], [ 35.399022828, 31.8212757274 ], [ 35.3988783428, 31.8212279707 ], [ 35.3988218363, 31.8210773608 ], [ 35.398837575, 31.8209266406 ], [ 35.3990134067, 31.8206111812 ], [ 35.399193765, 31.8201381645 ], [ 35.3990726297, 31.8197409122 ], [ 35.3987428706, 31.819381675 ], [ 35.3986457425, 31.8189981835 ], [ 35.3985323371, 31.8184570764 ], [ 35.3982747431, 31.8181080087 ], [ 35.3980332679, 31.8177384444 ], [ 35.3979282374, 31.817361728 ], [ 35.398112041, 31.8170216376 ], [ 35.3980312147, 31.8167545474 ], [ 35.3978299636, 31.8164259548 ], [ 35.3972027164, 31.8157691092 ], [ 35.3967918804, 31.8150092147 ], [ 35.3966061942, 31.814440799 ], [ 35.3965328481, 31.8139065732 ], [ 35.3967008466, 31.8136869935 ], [ 35.3970293046, 31.8134329913 ], [ 35.3969463559, 31.8132597844 ], [ 35.3967535768, 31.8131915365 ], [ 35.3963360539, 31.8130209086 ], [ 35.3958543843, 31.8129325328 ], [ 35.3953401966, 31.8125921414 ], [ 35.3950911008, 31.8124074586 ], [ 35.394849344, 31.8118871917 ], [ 35.3947519026, 31.8113392027 ], [ 35.3945430556, 31.81120929 ], [ 35.3943990859, 31.8114561566 ], [ 35.3941510739, 31.8117991334 ], [ 35.3937339736, 31.8118820018 ], [ 35.3930517575, 31.8117939136 ], [ 35.3926506894, 31.8118150693 ], [ 35.3923058947, 31.8119320055 ], [ 35.3920573195, 31.8120009117 ], [ 35.3919696242, 31.8122956701 ], [ 35.3920902883, 31.8124798272 ], [ 35.3917540374, 31.8128022773 ], [ 35.3914491633, 31.8128164336 ], [ 35.391385186, 31.8129330446 ], [ 35.3912492042, 31.813166188 ], [ 35.3911135342, 31.8135021399 ], [ 35.3909780468, 31.8139819339 ], [ 35.390946505, 31.8142629014 ], [ 35.3906907074, 31.8147360173 ], [ 35.39053952, 31.8153940361 ], [ 35.3906449937, 31.8159550027 ], [ 35.3908307522, 31.816523427 ], [ 35.3908281326, 31.8165338019 ] ] ] ] } },
{ "type": "Feature", "properties": { "Id": 0, "Name": "Wered Yeriho", "GIS_ID": 3639.0, "Area": 127393.65062099999, "x": 35.432, "y": 31.8264 }, "geometry": { "type": "MultiPolygon", "coordinates": [ [ [ [ 35.4291001401, 31.827955641 ], [ 35.4295789137, 31.8275892826 ], [ 35.4300099201, 31.827301827 ], [ 35.4303931933, 31.827106622 ], [ 35.430500546, 31.8268606823 ], [ 35.4302964852, 31.8267791585 ], [ 35.4304518924, 31.8265740766 ], [ 35.4306673643, 31.8264405834 ], [ 35.4309430626, 31.8263582066 ], [ 35.4312430325, 31.8264395585 ], [ 35.4315669804, 31.8265208668 ], [ 35.4317355552, 31.8267765956 ], [ 35.4320116752, 31.8269091221 ], [ 35.4322751057, 31.8267345972 ], [ 35.4325747004, 31.826662455 ], [ 35.432647061, 31.8268363786 ], [ 35.4327797966, 31.8271637756 ], [ 35.4329962554, 31.8273886643 ], [ 35.4333560252, 31.8273880175 ], [ 35.4337033738, 31.8272338102 ], [ 35.4339673086, 31.8272639966 ], [ 35.4346158548, 31.8276416841 ], [ 35.4348682583, 31.8278766952 ], [ 35.4350480932, 31.8278558978 ], [ 35.4352750934, 31.8275175701 ], [ 35.4353099912, 31.8270670423 ], [ 35.4352369339, 31.8266576534 ], [ 35.435235507, 31.8260842718 ], [ 35.4349581301, 31.8254469095 ], [ 35.4341539735, 31.8251821434 ], [ 35.4334465934, 31.8252243618 ], [ 35.4332778653, 31.8249073109 ], [ 35.4330142195, 31.824948728 ], [ 35.4322953023, 31.8251956764 ], [ 35.4320918216, 31.8253496225 ], [ 35.4323204367, 31.8256666578 ], [ 35.4320241251, 31.825664975 ], [ 35.4314809743, 31.825647687 ], [ 35.4309890339, 31.8255462061 ], [ 35.4308085277, 31.8252904975 ], [ 35.4301967545, 31.8252096982 ], [ 35.4299573513, 31.8254046478 ], [ 35.4297420487, 31.8256507783 ], [ 35.4293708215, 31.8258459602 ], [ 35.4296235053, 31.8262039009 ], [ 35.4287371239, 31.8266149882 ], [ 35.4284128499, 31.8264415061 ], [ 35.4282571418, 31.8265236663 ], [ 35.4277170235, 31.8263300904 ], [ 35.4273824903, 31.8268528373 ], [ 35.4281148332, 31.8271689964 ], [ 35.4284510946, 31.8273629298 ], [ 35.4282957311, 31.8275884806 ], [ 35.4291001401, 31.827955641 ] ] ] ] } },
{ "type": "Feature", "properties": { "Id": 0, "Name": "Bet Haarava", "GIS_ID": 3645.0, "Area": 59127.961838800002, "x": 35.4776, "y": 31.8082 }, "geometry": { "type": "MultiPolygon", "coordinates": [ [ [ [ 35.4786905738, 31.8093103639 ], [ 35.4787002181, 31.8090717183 ], [ 35.4784308444, 31.808975081 ], [ 35.477787771, 31.8084992142 ], [ 35.477496557, 31.8080137518 ], [ 35.4782624105, 31.8080121064 ], [ 35.4787075641, 31.8080553376 ], [ 35.4791530581, 31.80821346 ], [ 35.4797742314, 31.8082828213 ], [ 35.480218783, 31.8081227756 ], [ 35.4802597603, 31.8079812796 ], [ 35.4800933304, 31.8076988255 ], [ 35.480039773, 31.8070891225 ], [ 35.4799259048, 31.8070805311 ], [ 35.4793255426, 31.8070464773 ], [ 35.4791603468, 31.8071794034 ], [ 35.479078494, 31.8074977465 ], [ 35.4786554255, 31.8079228806 ], [ 35.4782828224, 31.8079148449 ], [ 35.4776658669, 31.8078983442 ], [ 35.4776351506, 31.8077603649 ], [ 35.4772915631, 31.8077352185 ], [ 35.4771726359, 31.8069627294 ], [ 35.4768724297, 31.8069368585 ], [ 35.47599295, 31.8070094416 ], [ 35.4755179939, 31.8073904863 ], [ 35.4750435234, 31.8079394494 ], [ 35.4753961759, 31.8082038379 ], [ 35.4755821036, 31.8080797105 ], [ 35.4758621313, 31.8082823866 ], [ 35.4762667158, 31.8086085275 ], [ 35.4764116339, 31.8086170559 ], [ 35.4766800972, 31.8084043709 ], [ 35.4770526502, 31.8083947355 ], [ 35.4771256154, 31.8085713383 ], [ 35.4771574688, 31.8088452467 ], [ 35.4773957145, 31.8089154396 ], [ 35.4777675407, 31.8086583409 ], [ 35.4783796187, 31.8091519504 ], [ 35.4776879197, 31.8097367424 ], [ 35.4776899234, 31.8104172605 ], [ 35.4778462355, 31.8107792809 ], [ 35.4784455776, 31.8104598256 ], [ 35.478339577, 31.8096116102 ], [ 35.4786905738, 31.8093103639 ] ] ] ] } },
{ "type": "Feature", "properties": { "Id": 0, "Name": "Qalya", "GIS_ID": 3601.0, "Area": 226922.236057, "x": 35.466, "y": 31.7506 }, "geometry": { "type": "MultiPolygon", "coordinates": [ [ [ [ 35.4633480125, 31.7536354605 ], [ 35.4648320797, 31.7539131383 ], [ 35.4661961215, 31.7539868981 ], [ 35.4670790726, 31.7536343404 ], [ 35.4675277261, 31.7517638418 ], [ 35.4681529299, 31.7516040957 ], [ 35.4682786061, 31.750999963 ], [ 35.4684271343, 31.7502670901 ], [ 35.4684494821, 31.7499601473 ], [ 35.4685285695, 31.7492670089 ], [ 35.4679833358, 31.7490009225 ], [ 35.4673690026, 31.7488932494 ], [ 35.4676339895, 31.7482427215 ], [ 35.4670758547, 31.7476365974 ], [ 35.466518412, 31.7471527351 ], [ 35.4656493606, 31.7470950885 ], [ 35.4644468772, 31.7479291361 ], [ 35.4641586912, 31.7484345746 ], [ 35.4640462911, 31.7496821401 ], [ 35.4644187675, 31.7502951735 ], [ 35.4651160481, 31.751075825 ], [ 35.4654696491, 31.753329769 ], [ 35.4631779051, 31.752916608 ], [ 35.462385689, 31.7548282727 ], [ 35.4626546404, 31.7548872708 ], [ 35.4633480125, 31.7536354605 ] ] ] ] } },
{ "type": "Feature", "properties": { "Id": 0, "Name": "Almog", "GIS_ID": 3556.0, "Area": 101787.858847, "x": 35.461, "y": 31.7898 }, "geometry": { "type": "MultiPolygon", "coordinates": [ [ [ [ 35.4616160181, 31.7882825943 ], [ 35.4613699254, 31.7882530601 ], [ 35.4607809597, 31.7882466719 ], [ 35.460104337, 31.7882705783 ], [ 35.4599819908, 31.7885485893 ], [ 35.4594725823, 31.7886772205 ], [ 35.458945396, 31.7887533984 ], [ 35.4588756967, 31.7889412097 ], [ 35.458964777, 31.7893914084 ], [ 35.4591504923, 31.7898114726 ], [ 35.4594951008, 31.7904564067 ], [ 35.4600855453, 31.7910332988 ], [ 35.4609036588, 31.7913094186 ], [ 35.4617568559, 31.7915178245 ], [ 35.4624863372, 31.7915088628 ], [ 35.4629249553, 31.7912076618 ], [ 35.4633367565, 31.7907189322 ], [ 35.4632215289, 31.7903662784 ], [ 35.4630189138, 31.7902165345 ], [ 35.4624559724, 31.7904322739 ], [ 35.4616779471, 31.789293661 ], [ 35.4624273096, 31.789226798 ], [ 35.462662659, 31.7885431805 ], [ 35.4625430803, 31.7884633264 ], [ 35.4626224595, 31.7882869659 ], [ 35.4625119914, 31.7881768729 ], [ 35.4622958365, 31.7883103402 ], [ 35.4621696164, 31.7882139273 ], [ 35.4616160181, 31.7882825943 ] ] ] ] } },
{ "type": "Feature", "properties": { "Id": 0, "Name": "Nahal Avenat", "GIS_ID": 3786.0, "Area": 36089.944631400002, "x": 35.4367, "y": 31.6791 }, "geometry": { "type": "MultiPolygon", "coordinates": [ [ [ [ 35.4379349709, 31.6800127073 ], [ 35.4376922082, 31.6795948727 ], [ 35.4372814599, 31.6787588851 ], [ 35.4371332179, 31.6781695487 ], [ 35.436824874, 31.6779771808 ], [ 35.4359502285, 31.6780329727 ], [ 35.4355361412, 31.6781813567 ], [ 35.4357623109, 31.6788453411 ], [ 35.4360573818, 31.6794797093 ], [ 35.4362894126, 31.6802077134 ], [ 35.4365888341, 31.6802564098 ], [ 35.4368767004, 31.6803022453 ], [ 35.4374058077, 31.680156438 ], [ 35.4379349709, 31.6800127073 ] ] ] ] } },
{ "type": "Feature", "properties": { "Id": 0, "Name": "Mizpe Shalem", "GIS_ID": 3610.0, "Area": 91813.324729300002, "x": 35.4007, "y": 31.5692 }, "geometry": { "type": "MultiPolygon", "coordinates": [ [ [ [ 35.3999525643, 31.5671342349 ], [ 35.3994705302, 31.5681346025 ], [ 35.3988598917, 31.5691742219 ], [ 35.3993885876, 31.569808956 ], [ 35.3998076221, 31.5704666798 ], [ 35.3997422724, 31.5710032108 ], [ 35.4000651649, 31.5710676514 ], [ 35.4006252154, 31.5710505592 ], [ 35.4020379657, 31.5702762932 ], [ 35.4023217683, 31.5697882139 ], [ 35.4023295145, 31.5689673215 ], [ 35.4019009204, 31.5682771533 ], [ 35.4020510814, 31.5679196699 ], [ 35.4019090964, 31.5678445718 ], [ 35.4016328369, 31.5681198972 ], [ 35.3999525643, 31.5671342349 ] ] ] ] } },
{ "type": "Feature", "properties": { "Id": 0, "Name": "Beit Hanotzrim", "GIS_ID": 0.023, "Area": 6275.4933, "x": 35.2698, "y": 32.1778 }, "geometry": { "type": "MultiPolygon", "coordinates": [ [ [ [ 35.2695703742, 32.1783561752 ], [ 35.269767607, 32.1783741091 ], [ 35.2697883907, 32.1783759921 ], [ 35.2701541126, 32.177956473 ], [ 35.2701315938, 32.1777531324 ], [ 35.2703704062, 32.1773527061 ], [ 35.2700864049, 32.1772829657 ], [ 35.2697503594, 32.1773847708 ], [ 35.2696609245, 32.1777597788 ], [ 35.269407049, 32.1780076295 ], [ 35.2692951762, 32.1782936427 ], [ 35.2693027315, 32.1783317842 ], [ 35.2695703742, 32.1783561752 ] ] ] ] } },
{ "type": "Feature", "properties": { "Id": 0, "Name": "Bne Ya'acov", "GIS_ID": 0.021, "Area": 78113.569910899998, "x": 35.2627, "y": 32.1779 }, "geometry": { "type": "MultiPolygon", "coordinates": [ [ [ [ 35.262172071, 32.179181025 ], [ 35.2625483032, 32.178888855 ], [ 35.2627564789, 32.1789407921 ], [ 35.2628741969, 32.179172945 ], [ 35.2637603463, 32.1790236498 ], [ 35.2642498432, 32.1787735348 ], [ 35.2646291661, 32.178356911 ], [ 35.264445122, 32.1777531639 ], [ 35.2642489102, 32.1773471835 ], [ 35.2639303723, 32.1768267339 ], [ 35.2639180592, 32.1768059085 ], [ 35.2634406028, 32.1766395727 ], [ 35.2628039109, 32.1765045104 ], [ 35.2624244492, 32.176535977 ], [ 35.2619104923, 32.1768276683 ], [ 35.261629175, 32.1773067335 ], [ 35.2612622161, 32.1776713099 ], [ 35.260711405, 32.1778797782 ], [ 35.2606382295, 32.1782025593 ], [ 35.2606810847, 32.1785453586 ], [ 35.2609711791, 32.1784932825 ], [ 35.2607492135, 32.1789139399 ], [ 35.2614221285, 32.1788893677 ], [ 35.2614222193, 32.1790351861 ], [ 35.2618873927, 32.1790453461 ], [ 35.262132328, 32.179211794 ], [ 35.262172071, 32.179181025 ] ] ] ] } },
{ "type": "Feature", "properties": { "Id": 0, "Name": "Gilad Farm", "GIS_ID": 0.111, "Area": 82081.166192100005, "x": 35.1819, "y": 32.1998 }, "geometry": { "type": "MultiPolygon", "coordinates": [ [ [ [ 35.1808860519, 32.198973266 ], [ 35.1809031135, 32.1990255725 ], [ 35.1810005028, 32.1993240801 ], [ 35.1812090036, 32.1997674341 ], [ 35.1810703095, 32.2017702373 ], [ 35.1827739814, 32.2017995115 ], [ 35.1832919283, 32.2005414478 ], [ 35.1841143609, 32.2008975672 ], [ 35.1842304794, 32.2008194293 ], [ 35.1833368036, 32.2004243316 ], [ 35.1833762856, 32.2003317287 ], [ 35.1842927659, 32.1996419145 ], [ 35.1842197679, 32.199570952 ], [ 35.1832078951, 32.200058574 ], [ 35.1825040086, 32.1991247852 ], [ 35.1822868731, 32.1988440229 ], [ 35.182087035, 32.1985262001 ], [ 35.1821306042, 32.1981715372 ], [ 35.1821219455, 32.1980163392 ], [ 35.1820784936, 32.1978907134 ], [ 35.1819220571, 32.1979128695 ], [ 35.1817221674, 32.1978167039 ], [ 35.1811015574, 32.1975571832 ], [ 35.1812269253, 32.1967501392 ], [ 35.1810079049, 32.1966968857 ], [ 35.1806880498, 32.1977278691 ], [ 35.1804880884, 32.1979126065 ], [ 35.1803838111, 32.1980086264 ], [ 35.1804792913, 32.1982968538 ], [ 35.1808268132, 32.198791997 ], [ 35.1808860519, 32.198973266 ] ] ] ] } },
{ "type": "Feature", "properties": { "Id": 0, "Name": "Har Hemed", "GIS_ID": 0.105, "Area": 46638.5599, "x": 35.1519, "y": 32.2305 }, "geometry": { "type": "MultiPolygon", "coordinates": [ [ [ [ 35.1524734019, 32.2291978304 ], [ 35.1524207703, 32.2292160247 ], [ 35.1520228459, 32.2293593331 ], [ 35.1516129265, 32.229328412 ], [ 35.1511548598, 32.2292667187 ], [ 35.1506967033, 32.2293587766 ], [ 35.1505278307, 32.2296763105 ], [ 35.1506601463, 32.2300043429 ], [ 35.1508528395, 32.2304962537 ], [ 35.1511780095, 32.2310497211 ], [ 35.1515152847, 32.2314085893 ], [ 35.1519852218, 32.2318801436 ], [ 35.1528049317, 32.2320238633 ], [ 35.1530221106, 32.2318292582 ], [ 35.1529619277, 32.2315013479 ], [ 35.1529017703, 32.2313169101 ], [ 35.152805557, 32.2309172035 ], [ 35.1525164854, 32.2304866673 ], [ 35.152347943, 32.2300459899 ], [ 35.1523963317, 32.229841036 ], [ 35.1526133246, 32.2297797141 ], [ 35.1527219146, 32.2296772266 ], [ 35.1528425505, 32.2294723922 ], [ 35.152903007, 32.2291239703 ], [ 35.1528065933, 32.2290829903 ], [ 35.1526547473, 32.2291353215 ], [ 35.1524734019, 32.2291978304 ] ] ] ] } },
{ "type": "Feature", "properties": { "Id": 0, "Name": "Kedumim", "GIS_ID": 3557.0, "Area": 1335062.93588, "x": 35.1604, "y": 32.2172 }, "geometry": { "type": "MultiPolygon", "coordinates": [ [ [ [ 35.1593354083, 32.2156005728 ], [ 35.1597934953, 32.2154917102 ], [ 35.1602751285, 32.2149462128 ], [ 35.1609574393, 32.2141961691 ], [ 35.1618400846, 32.2139577684 ], [ 35.162722772, 32.2136170097 ], [ 35.1633246181, 32.2131738921 ], [ 35.1635257353, 32.2119803623 ], [ 35.1628844869, 32.2106842063 ], [ 35.1622430168, 32.2101383273 ], [ 35.1616814925, 32.2098994378 ], [ 35.1613607788, 32.2095923633 ], [ 35.1610400098, 32.2091830261 ], [ 35.1581926706, 32.2080225093 ], [ 35.1583933627, 32.2077838813 ], [ 35.1594761662, 32.2080570591 ], [ 35.1606798272, 32.2075800787 ], [ 35.1608806418, 32.2070685683 ], [ 35.1624449589, 32.2069326577 ], [ 35.1628862684, 32.2067622768 ], [ 35.1634475474, 32.2075127407 ], [ 35.1650119597, 32.2074109758 ], [ 35.1652928913, 32.2070018353 ], [ 35.1649722199, 32.2065924178 ], [ 35.1668979033, 32.2056381988 ], [ 35.1668179433, 32.2050925079 ], [ 35.1659357985, 32.2043760487 ], [ 35.1644112622, 32.2050917697 ], [ 35.1628067969, 32.205193514 ], [ 35.1624051639, 32.2062847156 ], [ 35.1625254535, 32.2064893693 ], [ 35.1603593969, 32.2064886335 ], [ 35.1597584799, 32.2050902127 ], [ 35.1589564549, 32.2046124344 ], [ 35.1574718296, 32.2055667872 ], [ 35.1573510091, 32.2066239892 ], [ 35.15779177, 32.2075449599 ], [ 35.1576711758, 32.2079541431 ], [ 35.1581960467, 32.2089528927 ], [ 35.1580307383, 32.2108871332 ], [ 35.1553026402, 32.2116363836 ], [ 35.1550615236, 32.2124547446 ], [ 35.1538581581, 32.212420182 ], [ 35.1527356008, 32.2112943078 ], [ 35.1519318825, 32.2102714386 ], [ 35.1512475917, 32.2105825492 ], [ 35.1521340193, 32.2110212724 ], [ 35.152775445, 32.2117376388 ], [ 35.1529757372, 32.2122492998 ], [ 35.1528549998, 32.2128630916 ], [ 35.1528548267, 32.2131700571 ], [ 35.1518921705, 32.2130673091 ], [ 35.1516111996, 32.2134082449 ], [ 35.1513302989, 32.2134422146 ], [ 35.1509689539, 32.2140899905 ], [ 35.1510009164, 32.214212646 ], [ 35.1522243944, 32.2149167246 ], [ 35.1532745482, 32.2152695688 ], [ 35.1545189742, 32.2141891938 ], [ 35.1549329551, 32.2154112667 ], [ 35.1557344341, 32.2156583044 ], [ 35.155568306, 32.2160812647 ], [ 35.1548495137, 32.2163158984 ], [ 35.1546279351, 32.2170678045 ], [ 35.154765528, 32.2182193394 ], [ 35.1550693251, 32.2188304131 ], [ 35.1555667988, 32.2189010351 ], [ 35.1560091677, 32.218666292 ], [ 35.1556502544, 32.2179611438 ], [ 35.1556780978, 32.2174677014 ], [ 35.1567008735, 32.2175150741 ], [ 35.1570329317, 32.2168337249 ], [ 35.1568950922, 32.2161052165 ], [ 35.1562595396, 32.2157995436 ], [ 35.156259812, 32.215282554 ], [ 35.1568680137, 32.2151417459 ], [ 35.1574761074, 32.2150010251 ], [ 35.1579734533, 32.215494662 ], [ 35.1580561301, 32.2160351283 ], [ 35.1587745364, 32.2165523793 ], [ 35.1588294741, 32.2172104269 ], [ 35.1594097208, 32.2176335688 ], [ 35.1597412768, 32.2179392089 ], [ 35.1605979733, 32.2183624427 ], [ 35.1605146021, 32.2192319083 ], [ 35.1603209088, 32.2196547749 ], [ 35.1598509508, 32.2197015928 ], [ 35.1591320828, 32.2200538425 ], [ 35.1582471554, 32.2208994805 ], [ 35.1579152469, 32.2212753101 ], [ 35.1579425175, 32.2218862746 ], [ 35.158135703, 32.2224973901 ], [ 35.1591303943, 32.2234612094 ], [ 35.1599596148, 32.2237669357 ], [ 35.1609275231, 32.2228978685 ], [ 35.1624754978, 32.2231333045 ], [ 35.1623923995, 32.2234387991 ], [ 35.162198391, 32.2245431414 ], [ 35.1623357442, 32.2264466588 ], [ 35.1623907567, 32.2270105583 ], [ 35.1633582116, 32.2271754505 ], [ 35.1634134951, 32.2273869351 ], [ 35.1625564103, 32.227598121 ], [ 35.1617270914, 32.2274098232 ], [ 35.1611185948, 32.2269629117 ], [ 35.1603725338, 32.2274328951 ], [ 35.1597641982, 32.227691131 ], [ 35.1602614171, 32.2283963148 ], [ 35.1605376401, 32.2289133996 ], [ 35.1610903964, 32.2293130774 ], [ 35.1616706205, 32.2299712111 ], [ 35.1621401954, 32.2308643082 ], [ 35.1626650653, 32.2317339755 ], [ 35.16324542, 32.2321617882 ], [ 35.1640192789, 32.2326320436 ], [ 35.1650421883, 32.2327733139 ], [ 35.1657888245, 32.23242113 ], [ 35.1661483651, 32.2319512335 ], [ 35.1663976147, 32.2311053522 ], [ 35.1663425473, 32.2303533441 ], [ 35.1657900565, 32.2295072198 ], [ 35.1653478053, 32.2291546696 ], [ 35.1649330791, 32.2294365264 ], [ 35.164076103, 32.2293657369 ], [ 35.1634125861, 32.2294125061 ], [ 35.163136186, 32.2292479321 ], [ 35.1625006306, 32.2284722851 ], [ 35.1618098208, 32.2279080829 ], [ 35.1615887338, 32.2276730052 ], [ 35.162749808, 32.2278378772 ], [ 35.1635791843, 32.2276736636 ], [ 35.1640492437, 32.2274857941 ], [ 35.1639206515, 32.227273655 ], [ 35.1651238568, 32.2269111595 ], [ 35.165525258, 32.2265020571 ], [ 35.1657662892, 32.2257518523 ], [ 35.16560604, 32.2251379634 ], [ 35.1656062283, 32.2246946497 ], [ 35.1654061916, 32.223603257 ], [ 35.1654467861, 32.2224437638 ], [ 35.1655675631, 32.2213183822 ], [ 35.1652467525, 32.2211136698 ], [ 35.1647250319, 32.2216250858 ], [ 35.1642434787, 32.2217272855 ], [ 35.1642631332, 32.2216608307 ], [ 35.1637200333, 32.2218036791 ], [ 35.1629183134, 32.2219209202 ], [ 35.1623653883, 32.2219677202 ], [ 35.1620616599, 32.2213096817 ], [ 35.1619513189, 32.2208867108 ], [ 35.1628083743, 32.2206050097 ], [ 35.1630572518, 32.2203465516 ], [ 35.1634721328, 32.21987677 ], [ 35.1631129129, 32.2194771655 ], [ 35.1634447513, 32.2191952874 ], [ 35.163859281, 32.2195008533 ], [ 35.1642464425, 32.2190874214 ], [ 35.1642466387, 32.218640951 ], [ 35.1639703217, 32.2183588769 ], [ 35.1630029909, 32.2181235604 ], [ 35.1619248728, 32.2182171681 ], [ 35.1613443449, 32.2183580098 ], [ 35.1610402174, 32.2183579059 ], [ 35.1607363645, 32.2180052961 ], [ 35.1602665287, 32.2178172024 ], [ 35.1596863228, 32.2173000089 ], [ 35.1590787289, 32.2161952942 ], [ 35.1586920453, 32.2156311826 ], [ 35.1593354083, 32.2156005728 ] ] ] ] } },
{ "type": "Feature", "properties": { "Id": 0, "Name": "Shavey Shomeron", "GIS_ID": 3571.0, "Area": 339693.944051, "x": 35.185, "y": 32.2632 }, "geometry": { "type": "MultiPolygon", "coordinates": [ [ [ [ 35.1808492608, 32.2635199909 ], [ 35.1812190803, 32.2641246974 ], [ 35.1820161188, 32.2641731761 ], [ 35.182670775, 32.2640281953 ], [ 35.1826990572, 32.2647053407 ], [ 35.1830403765, 32.2656243944 ], [ 35.1839227713, 32.2656245405 ], [ 35.1846343972, 32.2656246539 ], [ 35.1847481379, 32.2662776445 ], [ 35.1852603571, 32.2667130984 ], [ 35.1859148647, 32.2673661686 ], [ 35.1864842428, 32.2670276355 ], [ 35.1871388941, 32.2669793917 ], [ 35.1872528272, 32.2667133846 ], [ 35.1868828782, 32.2665198136 ], [ 35.186655245, 32.2658426416 ], [ 35.1871107067, 32.2656250171 ], [ 35.188306264, 32.2652382248 ], [ 35.1880217321, 32.2645852153 ], [ 35.1874526267, 32.2635693844 ], [ 35.1874528513, 32.2623601983 ], [ 35.1874815079, 32.2617797314 ], [ 35.1874248812, 32.2598208037 ], [ 35.1857171295, 32.2601350107 ], [ 35.184818669, 32.2599897521 ], [ 35.1834400921, 32.2604731788 ], [ 35.1825354905, 32.2607388042 ], [ 35.1823298985, 32.2613194834 ], [ 35.1820735206, 32.2620691718 ], [ 35.1819309924, 32.2629155498 ], [ 35.1808492608, 32.2635199909 ] ] ] ] } },
{ "type": "Feature", "properties": { "Id": 0, "Name": "Sal'it", "GIS_ID": 3567.0, "Area": 324046.09657200001, "x": 35.0518, "y": 32.2428 }, "geometry": { "type": "MultiPolygon", "coordinates": [ [ [ [ 35.046428789, 32.243790453 ], [ 35.0465758904, 32.2452381171 ], [ 35.0479971267, 32.2450625839 ], [ 35.0536759308, 32.2444636739 ], [ 35.0541096031, 32.2439448591 ], [ 35.0541103513, 32.2434904564 ], [ 35.0551033762, 32.2434483484 ], [ 35.0556384395, 32.2432110014 ], [ 35.0561732894, 32.2431034171 ], [ 35.0567726844, 32.2433107293 ], [ 35.0570284882, 32.2426008823 ], [ 35.0570163464, 32.2413733583 ], [ 35.0570173947, 32.2407241725 ], [ 35.0559994981, 32.2404200754 ], [ 35.0541148761, 32.2407423966 ], [ 35.0525605297, 32.2415844185 ], [ 35.0522801593, 32.2417355793 ], [ 35.0513133067, 32.2413665782 ], [ 35.0494294898, 32.2412560692 ], [ 35.0480543233, 32.2414058733 ], [ 35.0476719312, 32.2417083054 ], [ 35.0481795014, 32.2426610264 ], [ 35.0479750672, 32.2431368197 ], [ 35.0475414066, 32.2435690432 ], [ 35.0471847305, 32.2437200077 ], [ 35.046428789, 32.243790453 ] ] ] ] } },
{ "type": "Feature", "properties": { "Id": 0, "Name": "Zufin", "GIS_ID": 3791.0, "Area": 222811.63793699999, "x": 35.0091, "y": 32.1985 }, "geometry": { "type": "MultiPolygon", "coordinates": [ [ [ [ 35.0131095944, 32.1998806248 ], [ 35.0124291274, 32.199024617 ], [ 35.0118206648, 32.1980771846 ], [ 35.0113718649, 32.1980154499 ], [ 35.0106894225, 32.1981060271 ], [ 35.0102767055, 32.1979832032 ], [ 35.0102772242, 32.197738912 ], [ 35.0104933412, 32.1974492314 ], [ 35.0109967145, 32.1971293296 ], [ 35.010781925, 32.1967931783 ], [ 35.010495737, 32.1963194861 ], [ 35.0105447152, 32.1953358354 ], [ 35.0104065383, 32.195008204 ], [ 35.0097265028, 32.1949900734 ], [ 35.0089901423, 32.1951110387 ], [ 35.0085940559, 32.1955990102 ], [ 35.0082527241, 32.1956747718 ], [ 35.0082339824, 32.1960564659 ], [ 35.0081784698, 32.1968197359 ], [ 35.0079080529, 32.1973536202 ], [ 35.0076376254, 32.1978416934 ], [ 35.0073313154, 32.1983450404 ], [ 35.00684611, 32.1985427649 ], [ 35.0062710804, 32.1987861571 ], [ 35.0059115793, 32.1989688348 ], [ 35.0058927877, 32.1993198678 ], [ 35.0061975864, 32.1995188274 ], [ 35.0061969574, 32.1998089287 ], [ 35.006465085, 32.2003894629 ], [ 35.0065359936, 32.2008017768 ], [ 35.0068226439, 32.2011075672 ], [ 35.0076299367, 32.2014141682 ], [ 35.0084197036, 32.2015375857 ], [ 35.0091561901, 32.2014318642 ], [ 35.009318271, 32.2011724923 ], [ 35.0093195089, 32.20059238 ], [ 35.0092491745, 32.1999052965 ], [ 35.0097882586, 32.1997076457 ], [ 35.0101302532, 32.1993264486 ], [ 35.0108130931, 32.1990527237 ], [ 35.011171778, 32.1992517539 ], [ 35.0115476473, 32.1998019619 ], [ 35.0119242605, 32.2000010172 ], [ 35.0124091743, 32.1999406137 ], [ 35.0131095944, 32.1998806248 ] ] ] ] } },
{ "type": "Feature", "properties": { "Id": 0, "Name": "hahak Industrial Area", "GIS_ID": 0.205, "Area": 136552.29504699999, "x": 35.1788, "y": 32.4748 }, "geometry": { "type": "MultiPolygon", "coordinates": [ [ [ [ 35.1785424319, 32.4742471345 ], [ 35.1789019681, 32.4737158436 ], [ 35.1801874221, 32.4742882368 ], [ 35.1807339226, 32.473852425 ], [ 35.1795235722, 32.4728895443 ], [ 35.1785272617, 32.4727985277 ], [ 35.17739002, 32.4728973456 ], [ 35.1755646756, 32.4730132654 ], [ 35.1742471711, 32.4731176489 ], [ 35.1742193378, 32.4742810695 ], [ 35.174919193, 32.4742928679 ], [ 35.1755917316, 32.4742348612 ], [ 35.1771015031, 32.4740373556 ], [ 35.1773484801, 32.4741421913 ], [ 35.1776229342, 32.47414225 ], [ 35.1772247871, 32.4747703179 ], [ 35.1784184729, 32.4758293048 ], [ 35.1789262814, 32.4756199341 ], [ 35.1792558125, 32.4753524536 ], [ 35.1787207315, 32.4745845125 ], [ 35.1785424319, 32.4742471345 ] ] ], [ [ [ 35.1822201825, 32.4757322834 ], [ 35.1817672684, 32.4755344509 ], [ 35.180161294, 32.4766044288 ], [ 35.1817391571, 32.478035057 ], [ 35.1825915902, 32.4775191691 ], [ 35.1820873401, 32.4768113707 ], [ 35.1825905029, 32.4765583433 ], [ 35.1822201825, 32.4757322834 ] ] ], [ [ [ 35.1845788164, 32.4794200938 ], [ 35.1842896537, 32.4788933168 ], [ 35.1833681647, 32.479256429 ], [ 35.1835930552, 32.4797105449 ], [ 35.1845788164, 32.4794200938 ] ] ] ] } },
{ "type": "Feature", "properties": { "Id": 0, "Name": "eitarim Industrial Area", "GIS_ID": 0.206, "Area": 25401.804047599999, "x": 35.0055, "y": 31.3717 }, "geometry": { "type": "MultiPolygon", "coordinates": [ [ [ [ 35.0047246436, 31.3696359725 ], [ 35.0049290384, 31.3689135108 ], [ 35.0045857134, 31.3689263246 ], [ 35.0044124128, 31.3697559795 ], [ 35.0036763072, 31.3702839585 ], [ 35.004270223, 31.3705856826 ], [ 35.0049724217, 31.3705198554 ], [ 35.0052692102, 31.3703463407 ], [ 35.0052550646, 31.3696770216 ], [ 35.0047246436, 31.3696359725 ] ] ], [ [ [ 35.0072139105, 31.37297296 ], [ 35.0069651535, 31.3725442671 ], [ 35.0061688609, 31.3728107218 ], [ 35.0064169693, 31.3735474126 ], [ 35.0072598212, 31.3733879928 ], [ 35.0072139105, 31.37297296 ] ] ], [ [ [ 35.0065282078, 31.3745069156 ], [ 35.0063541524, 31.3742653507 ], [ 35.0058056038, 31.3745598827 ], [ 35.0060854176, 31.3752384414 ], [ 35.0064542355, 31.3750975615 ], [ 35.0062805197, 31.374693746 ], [ 35.0065282078, 31.3745069156 ] ] ] ] } },
{ "type": "Feature", "properties": { "Id": 0, "Name": "lon", "GIS_ID": 3638.2, "Area": 135268.447078, "x": 35.3543, "y": 31.8333 }, "geometry": { "type": "MultiPolygon", "coordinates": [ [ [ [ 35.3517403151, 31.8344333252 ], [ 35.352239316, 31.8344157017 ], [ 35.3528376287, 31.8341423813 ], [ 35.3534560908, 31.8339201683 ], [ 35.3539950233, 31.8339705795 ], [ 35.3543539891, 31.8337827563 ], [ 35.3543735134, 31.8335101095 ], [ 35.3541934923, 31.8332376978 ], [ 35.3542928539, 31.8330160006 ], [ 35.3550510652, 31.8328617937 ], [ 35.3559041154, 31.8335101912 ], [ 35.3561671378, 31.8332219424 ], [ 35.3555795566, 31.8326887616 ], [ 35.3566068504, 31.8322124267 ], [ 35.3569650191, 31.8315474377 ], [ 35.3570242121, 31.8311213412 ], [ 35.356604613, 31.8308492199 ], [ 35.3560859127, 31.8309521071 ], [ 35.3559071221, 31.8314975679 ], [ 35.3556880051, 31.8317364534 ], [ 35.3551694978, 31.8320267373 ], [ 35.3545512408, 31.8323000923 ], [ 35.3541918958, 31.832249382 ], [ 35.3539519601, 31.8320281743 ], [ 35.3539711554, 31.8315509923 ], [ 35.3537113081, 31.8312957183 ], [ 35.3533722605, 31.8314494272 ], [ 35.3525939572, 31.8315185146 ], [ 35.3521152353, 31.8317236068 ], [ 35.351924002, 31.831796475 ], [ 35.3516235805, 31.8319439442 ], [ 35.35172686, 31.8323319743 ], [ 35.3522768554, 31.8329161822 ], [ 35.352097333, 31.8330185683 ], [ 35.3517979629, 31.8330189154 ], [ 35.3517981255, 31.833121183 ], [ 35.3517797389, 31.8333054174 ], [ 35.3520780735, 31.8334616607 ], [ 35.3525373567, 31.8335804391 ], [ 35.3520983373, 31.833649128 ], [ 35.3517791083, 31.8337175865 ], [ 35.3514400759, 31.833888425 ], [ 35.3514204078, 31.8340758484 ], [ 35.3517403151, 31.8344333252 ] ] ], [ [ [ 35.352879933, 31.8356247629 ], [ 35.3533593852, 31.8358628271 ], [ 35.3543774544, 31.8359467639 ], [ 35.3550954535, 31.8356051134 ], [ 35.3557736831, 31.8353657738 ], [ 35.3567716091, 31.8352793594 ], [ 35.357209987, 31.8348188094 ], [ 35.3571091215, 31.8341884599 ], [ 35.3565099329, 31.8339846423 ], [ 35.3556124805, 31.8343946928 ], [ 35.3547151079, 31.8349240491 ], [ 35.3543362833, 31.8351800752 ], [ 35.3538373568, 31.8351806622 ], [ 35.3536380857, 31.8354194306 ], [ 35.3529393931, 31.8353520698 ], [ 35.352879933, 31.8356247629 ] ] ] ] } },
{ "type": "Feature", "properties": { "Id": 0, "Name": "Enav", "GIS_ID": 3712.0, "Area": 213522.36293199999, "x": 35.1264, "y": 32.2849 }, "geometry": { "type": "MultiPolygon", "coordinates": [ [ [ [ 35.1300139743, 32.2864839679 ], [ 35.1299519399, 32.2861409888 ], [ 35.1297276987, 32.2860561804 ], [ 35.1294410042, 32.2861406866 ], [ 35.1292538341, 32.286415795 ], [ 35.1291913622, 32.2866063015 ], [ 35.1286803278, 32.2868494735 ], [ 35.1282316765, 32.2868809459 ], [ 35.1279701384, 32.2867114358 ], [ 35.1281073658, 32.2864997836 ], [ 35.1286310936, 32.2860555271 ], [ 35.1288806317, 32.2857169724 ], [ 35.1286688129, 32.2856320793 ], [ 35.128245256, 32.2854942147 ], [ 35.1274354685, 32.2852714378 ], [ 35.1274729695, 32.2851127494 ], [ 35.1277223045, 32.2850175841 ], [ 35.1281835795, 32.2847320929 ], [ 35.128507849, 32.2843935839 ], [ 35.128495808, 32.2839383638 ], [ 35.1281225863, 32.2831548626 ], [ 35.1276244789, 32.2828158564 ], [ 35.1269023078, 32.2822014008 ], [ 35.1264664245, 32.2818518774 ], [ 35.1259307462, 32.2817668696 ], [ 35.125319956, 32.2819993253 ], [ 35.124833703, 32.2823271736 ], [ 35.1250080433, 32.2825283778 ], [ 35.124845841, 32.2827717533 ], [ 35.1244716992, 32.2830784792 ], [ 35.1239855588, 32.2832687143 ], [ 35.1233250143, 32.283448285 ], [ 35.122664456, 32.2835218944 ], [ 35.1225271826, 32.2837758337 ], [ 35.1226389986, 32.2842099274 ], [ 35.1229128072, 32.2845277073 ], [ 35.1233363798, 32.2846337573 ], [ 35.1236353076, 32.2847610081 ], [ 35.1237348473, 32.2849198731 ], [ 35.1239465104, 32.2851740364 ], [ 35.1241956908, 32.2852588709 ], [ 35.124668963, 32.2854709059 ], [ 35.1250800571, 32.2856510676 ], [ 35.1254413599, 32.2857148687 ], [ 35.1258024715, 32.2860008644 ], [ 35.1257323829, 32.2861287697 ], [ 35.1258180908, 32.2862308558 ], [ 35.1262165827, 32.2867667748 ], [ 35.1271723754, 32.286943787 ], [ 35.1277952764, 32.2871135185 ], [ 35.1286302134, 32.2871140223 ], [ 35.1289792003, 32.2870612974 ], [ 35.129340726, 32.2868646568 ], [ 35.1294530033, 32.2866529883 ], [ 35.1297769802, 32.2866743717 ], [ 35.1300139743, 32.2864839679 ] ] ], [ [ [ 35.1300917148, 32.290289242 ], [ 35.1291309281, 32.2900809636 ], [ 35.128887924, 32.2903674852 ], [ 35.1288776086, 32.2909009648 ], [ 35.1289868463, 32.2912905938 ], [ 35.1293657436, 32.2912908195 ], [ 35.129754514, 32.2912910499 ], [ 35.1300935007, 32.2912827733 ], [ 35.130193333, 32.2911050034 ], [ 35.1303133439, 32.2906562641 ], [ 35.1301944994, 32.2905042999 ], [ 35.1300917148, 32.290289242 ] ] ] ] } },
{ "type": "Feature", "properties": { "Id": 0, "Name": "Eli", "GIS_ID": 3765.0, "Area": 730459.31334999995, "x": 35.2673, "y": 32.0724 }, "geometry": { "type": "MultiPolygon", "coordinates": [ [ [ [ 35.2796152269, 32.0702285008 ], [ 35.2799419149, 32.0700560628 ], [ 35.2803464907, 32.0700690775 ], [ 35.2803928268, 32.0697510752 ], [ 35.2809373878, 32.0697374911 ], [ 35.2813575306, 32.0697504931 ], [ 35.2817621498, 32.0698165289 ], [ 35.2821352967, 32.0694850697 ], [ 35.2827574033, 32.0691269428 ], [ 35.2834416602, 32.0687556077 ], [ 35.2840324713, 32.0682252503 ], [ 35.2849191564, 32.0680391898 ], [ 35.2855106328, 32.0682773386 ], [ 35.2858846998, 32.0690057526 ], [ 35.2857452319, 32.0696152782 ], [ 35.2859324036, 32.0701318888 ], [ 35.2871771773, 32.0701841076 ], [ 35.2870678637, 32.0696939609 ], [ 35.2868799849, 32.0683956727 ], [ 35.2864748831, 32.0677864996 ], [ 35.2855722026, 32.0674823629 ], [ 35.2847627365, 32.0670721091 ], [ 35.2839850673, 32.0674170873 ], [ 35.282368141, 32.0688092084 ], [ 35.2816841635, 32.0696443329 ], [ 35.2810929711, 32.0696181791 ], [ 35.2802215177, 32.0695525115 ], [ 35.2798170094, 32.0696189449 ], [ 35.2797862506, 32.0699501941 ], [ 35.2794905585, 32.0699503697 ], [ 35.2793974276, 32.0701624378 ], [ 35.2796152269, 32.0702285008 ] ] ], [ [ [ 35.2532928217, 32.0693486544 ], [ 35.2541678218, 32.0691092188 ], [ 35.2532732915, 32.0678244313 ], [ 35.2526930327, 32.0678844275 ], [ 35.2528284171, 32.0672607363 ], [ 35.2529455523, 32.0670262478 ], [ 35.2535313819, 32.0665756632 ], [ 35.254603524, 32.0663439313 ], [ 35.2546465943, 32.0666726203 ], [ 35.2548611285, 32.0668186266 ], [ 35.2557046921, 32.0670860323 ], [ 35.2561336841, 32.0672319495 ], [ 35.2570628214, 32.0671219981 ], [ 35.2580348893, 32.0669025432 ], [ 35.2588072352, 32.0674256186 ], [ 35.2587644737, 32.0676447743 ], [ 35.2587074581, 32.0679369819 ], [ 35.258893518, 32.0684482224 ], [ 35.2585506058, 32.068643068 ], [ 35.2586079097, 32.0688378322 ], [ 35.2585651614, 32.0690813363 ], [ 35.2580790318, 32.0690450203 ], [ 35.2579362078, 32.0693007409 ], [ 35.2579364774, 32.0697633639 ], [ 35.2582369726, 32.0701893369 ], [ 35.2584373735, 32.070590913 ], [ 35.2590379524, 32.0709071871 ], [ 35.259981674, 32.0710406938 ], [ 35.2607678767, 32.0709429522 ], [ 35.2612539722, 32.0709062122 ], [ 35.2617113126, 32.0706138232 ], [ 35.262412015, 32.070808293 ], [ 35.2632273695, 32.0715870716 ], [ 35.2637569188, 32.0724145861 ], [ 35.2639862683, 32.0733153756 ], [ 35.2642872555, 32.0744351777 ], [ 35.2641162239, 32.0752751938 ], [ 35.2644027459, 32.0761272581 ], [ 35.2650032208, 32.076200018 ], [ 35.2656179712, 32.0760779796 ], [ 35.2659464752, 32.0755421522 ], [ 35.2665455824, 32.0747610216 ], [ 35.267103377, 32.0738494498 ], [ 35.2679322509, 32.0732525872 ], [ 35.2684751104, 32.0727409938 ], [ 35.269475849, 32.0725822181 ], [ 35.2695179746, 32.0714987751 ], [ 35.2689603311, 32.0714503632 ], [ 35.2680882624, 32.071426456 ], [ 35.2672300695, 32.0709399128 ], [ 35.2662575132, 32.0703073282 ], [ 35.2660712618, 32.0697353175 ], [ 35.2669433719, 32.0698444586 ], [ 35.2672292787, 32.0697834458 ], [ 35.2673434411, 32.0694668575 ], [ 35.266127977, 32.0690291808 ], [ 35.2654700426, 32.0686399222 ], [ 35.2650553748, 32.0685671658 ], [ 35.2643405244, 32.0684214144 ], [ 35.2635682875, 32.0681295942 ], [ 35.2630963338, 32.0678985021 ], [ 35.2627674305, 32.0677890853 ], [ 35.2620095916, 32.0674729004 ], [ 35.2611515731, 32.0671567558 ], [ 35.2607513406, 32.0671204116 ], [ 35.2596219071, 32.0671696059 ], [ 35.2590354839, 32.0667560242 ], [ 35.2585636688, 32.0665492636 ], [ 35.2579776163, 32.0667564758 ], [ 35.2565196276, 32.0670978741 ], [ 35.2554043675, 32.0669279778 ], [ 35.2549754304, 32.0666846638 ], [ 35.2550035817, 32.0658811488 ], [ 35.2544602302, 32.0657474472 ], [ 35.2533451135, 32.0658087543 ], [ 35.2528164176, 32.0661498379 ], [ 35.2524736054, 32.0667465091 ], [ 35.252116675, 32.0676961491 ], [ 35.2532928217, 32.0693486544 ] ] ], [ [ [ 35.2771781445, 32.0773843444 ], [ 35.2770221974, 32.0770664598 ], [ 35.2771157972, 32.076676285 ], [ 35.2768189281, 32.075834449 ], [ 35.2771613576, 32.0758475092 ], [ 35.277597139, 32.0760460146 ], [ 35.2781108645, 32.0762312168 ], [ 35.2784529439, 32.0759394659 ], [ 35.2784370329, 32.0755155397 ], [ 35.2787480454, 32.0753166012 ], [ 35.2791212362, 32.0749984075 ], [ 35.2791985104, 32.0742962215 ], [ 35.2787160387, 32.0742434796 ], [ 35.2774870156, 32.0744827202 ], [ 35.2768181238, 32.0748142447 ], [ 35.2769273798, 32.0751586693 ], [ 35.2765698228, 32.0755696427 ], [ 35.2765083673, 32.076616305 ], [ 35.2763530175, 32.0769211109 ], [ 35.2768513207, 32.077424301 ], [ 35.2771781445, 32.0773843444 ] ] ], [ [ [ 35.2749999561, 32.0778890507 ], [ 35.2747816807, 32.0773591853 ], [ 35.2745168154, 32.0768426919 ], [ 35.2742053605, 32.0766175947 ], [ 35.2741430279, 32.0757229398 ], [ 35.2735710485, 32.0757732065 ], [ 35.2736449959, 32.0765849035 ], [ 35.2724318364, 32.0770690076 ], [ 35.2716851365, 32.0773608676 ], [ 35.2712495257, 32.0775333416 ], [ 35.2716859906, 32.078526802 ], [ 35.2719195481, 32.0786856648 ], [ 35.2729929812, 32.0783538578 ], [ 35.2739418446, 32.0778763795 ], [ 35.2742377707, 32.0779183036 ], [ 35.2743247745, 32.0782948054 ], [ 35.2745241965, 32.0782577786 ], [ 35.2745020953, 32.0779556093 ], [ 35.2749999561, 32.0778890507 ] ] ], [ [ [ 35.2747681696, 32.0862665187 ], [ 35.2744739235, 32.0867035122 ], [ 35.2741983527, 32.0867684134 ], [ 35.2738657686, 32.0868009707 ], [ 35.2736189009, 32.0870033789 ], [ 35.2734387366, 32.0874484237 ], [ 35.2734676143, 32.0879580134 ], [ 35.2736199316, 32.0883705924 ], [ 35.2740192958, 32.0886696799 ], [ 35.2744851119, 32.0888716961 ], [ 35.2750934293, 32.0891059153 ], [ 35.2754736148, 32.0891138188 ], [ 35.2757394516, 32.0889195125 ], [ 35.2758720636, 32.0883612257 ], [ 35.2759478237, 32.0879808952 ], [ 35.2757381505, 32.0872448767 ], [ 35.2753576598, 32.0866949943 ], [ 35.2747681696, 32.0862665187 ] ] ] ] } },
{ "type": "Feature", "properties": { "Id": 0, "Name": "Almon", "GIS_ID": 3715.0, "Area": 216126.94387399999, "x": 35.2944, "y": 31.8298 }, "geometry": { "type": "MultiPolygon", "coordinates": [ [ [ [ 35.2929591813, 31.8251465367 ], [ 35.2917132598, 31.824522943 ], [ 35.2910496273, 31.8250357405 ], [ 35.2919313824, 31.8252485108 ], [ 35.2926573403, 31.8260212063 ], [ 35.2933449816, 31.8255006878 ], [ 35.2929591813, 31.8251465367 ] ] ], [ [ [ 35.290345316, 31.8250493006 ], [ 35.2894509961, 31.82384144 ], [ 35.2876926793, 31.8245113634 ], [ 35.2880090331, 31.8248396698 ], [ 35.2893420952, 31.8249678459 ], [ 35.2885461724, 31.8261768361 ], [ 35.2895629751, 31.8260705659 ], [ 35.290345316, 31.8250493006 ] ] ], [ [ [ 35.2983282715, 31.8289431078 ], [ 35.2981121296, 31.8288174614 ], [ 35.297395341, 31.8289437931 ], [ 35.2972383855, 31.8290612362 ], [ 35.2972681336, 31.829337897 ], [ 35.2979259157, 31.8291446032 ], [ 35.2983282715, 31.8289431078 ] ] ], [ [ [ 35.296440658, 31.8290294327 ], [ 35.2962795947, 31.8286399582 ], [ 35.2959418022, 31.8287771061 ], [ 35.2950972624, 31.8288615815 ], [ 35.2950771724, 31.8284088754 ], [ 35.2943995306, 31.8282751637 ], [ 35.2929459501, 31.828158855 ], [ 35.2911582109, 31.8277575983 ], [ 35.2908932219, 31.8279087456 ], [ 35.2929466385, 31.8288798704 ], [ 35.2940274986, 31.8294744138 ], [ 35.2948425745, 31.8294989982 ], [ 35.2953825278, 31.8293560334 ], [ 35.296440658, 31.8290294327 ] ] ], [ [ [ 35.3003315263, 31.8324849154 ], [ 35.3002148818, 31.8315418664 ], [ 35.2994821164, 31.8309392702 ], [ 35.2988524483, 31.830742328 ], [ 35.2987178675, 31.831049502 ], [ 35.298435488, 31.8312361199 ], [ 35.2982815688, 31.8314336448 ], [ 35.2981533291, 31.831642153 ], [ 35.2980118581, 31.8315105895 ], [ 35.2977932704, 31.8312695098 ], [ 35.2976262861, 31.8312915468 ], [ 35.2975622593, 31.831489005 ], [ 35.2973053913, 31.8315221097 ], [ 35.2970997734, 31.8314674282 ], [ 35.2968298322, 31.8313141326 ], [ 35.2966242987, 31.8312374456 ], [ 35.296290058, 31.8310074495 ], [ 35.296058697, 31.8308759487 ], [ 35.295904492, 31.8307883114 ], [ 35.2957889429, 31.8309090597 ], [ 35.2958665094, 31.8313696603 ], [ 35.2951984187, 31.831304305 ], [ 35.2951982254, 31.8311068939 ], [ 35.2950183734, 31.8310411883 ], [ 35.2947484795, 31.8309317173 ], [ 35.2945687775, 31.8310195932 ], [ 35.2943632793, 31.8310855725 ], [ 35.2941961459, 31.8309541131 ], [ 35.2936565829, 31.8309654049 ], [ 35.2934384184, 31.8311519667 ], [ 35.2931558494, 31.8311521641 ], [ 35.2930272527, 31.8309987618 ], [ 35.2925002744, 31.8306920536 ], [ 35.2919607542, 31.8307472575 ], [ 35.2915241506, 31.8308353056 ], [ 35.2914343394, 31.8309231154 ], [ 35.2914729854, 31.8311314124 ], [ 35.2914090176, 31.8314056134 ], [ 35.2915057263, 31.8318003698 ], [ 35.2918399271, 31.8319975518 ], [ 35.292456764, 31.8322603714 ], [ 35.2930221716, 31.8324244731 ], [ 35.2934974853, 31.8324898848 ], [ 35.293947109, 31.8324238255 ], [ 35.2945251421, 31.8324234174 ], [ 35.2954757702, 31.8324446549 ], [ 35.2961951427, 31.8324441379 ], [ 35.2969017042, 31.8325203722 ], [ 35.2972485252, 31.8325420341 ], [ 35.2976982348, 31.8325637098 ], [ 35.2981735747, 31.8326511087 ], [ 35.2985204856, 31.8327605154 ], [ 35.2990473387, 31.8329136165 ], [ 35.2995352991, 31.8327377559 ], [ 35.3000106455, 31.8327264874 ], [ 35.3003315263, 31.8324849154 ] ] ] ] } },
{ "type": "Feature", "properties": { "Id": 0, "Name": "Ofra", "GIS_ID": 3617.0, "Area": 713459.18535000004, "x": 35.263, "y": 31.9535 }, "geometry": { "type": "MultiPolygon", "coordinates": [ [ [ [ 35.2519933552, 31.9395919827 ], [ 35.252101289, 31.9393013764 ], [ 35.2514530428, 31.9393866597 ], [ 35.2514698092, 31.9397055363 ], [ 35.2519933552, 31.9395919827 ] ] ], [ [ [ 35.2667154569, 31.9504994032 ], [ 35.2663828859, 31.9502954849 ], [ 35.2659838858, 31.950239045 ], [ 35.2655849995, 31.9501938765 ], [ 35.2655316548, 31.9499784582 ], [ 35.2657575326, 31.9497515424 ], [ 35.2660102142, 31.94975142 ], [ 35.2661296492, 31.9494679211 ], [ 35.2658897211, 31.9486063517 ], [ 35.2655966421, 31.9478128044 ], [ 35.2650913355, 31.9477223242 ], [ 35.2642269208, 31.9477454602 ], [ 35.2633491327, 31.9475304267 ], [ 35.2621523449, 31.9474628895 ], [ 35.2615539409, 31.947497249 ], [ 35.2607296315, 31.9477243341 ], [ 35.2601314032, 31.9480534005 ], [ 35.259825958, 31.9485977806 ], [ 35.2595870265, 31.9493008508 ], [ 35.2597203781, 31.9499697602 ], [ 35.2599202746, 31.9506613662 ], [ 35.2602261444, 31.9508085889 ], [ 35.2606782075, 31.9506383068 ], [ 35.2614227368, 31.9503205352 ], [ 35.26167523, 31.9500142548 ], [ 35.2615155333, 31.94986697 ], [ 35.2611962749, 31.9496176707 ], [ 35.2611693353, 31.9491527963 ], [ 35.2616079704, 31.9488350698 ], [ 35.2618872185, 31.9488690323 ], [ 35.2621399474, 31.9489482775 ], [ 35.2627782996, 31.9490159826 ], [ 35.2630709763, 31.9492085659 ], [ 35.2620793238, 31.9496579136 ], [ 35.2621241992, 31.9500384849 ], [ 35.2627392635, 31.9503425727 ], [ 35.2628723163, 31.9505012312 ], [ 35.2630452137, 31.9504445174 ], [ 35.2635506277, 31.9506823624 ], [ 35.2640031307, 31.9512036712 ], [ 35.2647349041, 31.9517702975 ], [ 35.265772224, 31.9518037988 ], [ 35.2663172917, 31.9515314562 ], [ 35.2667292433, 31.9511797266 ], [ 35.2667156789, 31.9508282053 ], [ 35.2667154569, 31.9504994032 ] ] ], [ [ [ 35.2777534865, 31.9551712255 ], [ 35.2778944725, 31.9544919866 ], [ 35.2776640422, 31.9540242578 ], [ 35.27736314, 31.9540546419 ], [ 35.2775052731, 31.9546884464 ], [ 35.2772930926, 31.9549601953 ], [ 35.2769392069, 31.9551414826 ], [ 35.2766553153, 31.9543418241 ], [ 35.2766192315, 31.9535118133 ], [ 35.2763531528, 31.9527573248 ], [ 35.2767776145, 31.9523496431 ], [ 35.2772730703, 31.9521078533 ], [ 35.2776270276, 31.9520322579 ], [ 35.2775205342, 31.9516549994 ], [ 35.277078036, 31.9517155849 ], [ 35.2765646349, 31.9515952148 ], [ 35.2765466998, 31.9512481159 ], [ 35.2760686177, 31.9509766694 ], [ 35.2759799243, 31.9507655141 ], [ 35.2758557866, 31.950539138 ], [ 35.2763155908, 31.950025835 ], [ 35.2758730068, 31.9498298497 ], [ 35.2752180627, 31.9498000058 ], [ 35.2747580236, 31.9500115572 ], [ 35.2744931735, 31.9508417354 ], [ 35.2740868623, 31.9518984367 ], [ 35.2743524395, 31.9520189537 ], [ 35.2748834234, 31.9520338106 ], [ 35.2752902941, 31.9517165957 ], [ 35.2753615668, 31.9522448397 ], [ 35.2756809902, 31.9533312589 ], [ 35.2758057259, 31.9544630579 ], [ 35.2764438989, 31.9555945662 ], [ 35.2769394323, 31.9554282598 ], [ 35.2777534865, 31.9551712255 ] ] ], [ [ [ 35.2662404686, 31.9563749665 ], [ 35.2653250297, 31.9556588264 ], [ 35.2647187962, 31.9559312839 ], [ 35.2643995701, 31.9557772246 ], [ 35.2641761366, 31.9558861792 ], [ 35.2647404368, 31.9565117723 ], [ 35.2653259699, 31.9570829731 ], [ 35.2662404686, 31.9563749665 ] ] ], [ [ [ 35.2674630384, 31.9568485337 ], [ 35.2668008019, 31.9567537131 ], [ 35.2672481169, 31.958085562 ], [ 35.2676126189, 31.95798389 ], [ 35.2677237783, 31.9573368295 ], [ 35.2674630384, 31.9568485337 ] ] ], [ [ [ 35.2630932871, 31.959510359 ], [ 35.2624652519, 31.9589755107 ], [ 35.2627309347, 31.9585853538 ], [ 35.2636341917, 31.9567889702 ], [ 35.2626871081, 31.9565218399 ], [ 35.2626552094, 31.9565943605 ], [ 35.2624215192, 31.9572203275 ], [ 35.2619433704, 31.9581820607 ], [ 35.2617092601, 31.9581459136 ], [ 35.2610600031, 31.9576473208 ], [ 35.2616234999, 31.9569939733 ], [ 35.2615062868, 31.9568035626 ], [ 35.2608889068, 31.9563503158 ], [ 35.2611228783, 31.9561687662 ], [ 35.2614313601, 31.9560597788 ], [ 35.2617610402, 31.9558510403 ], [ 35.2625265486, 31.9550252602 ], [ 35.2628774371, 31.9547439129 ], [ 35.2636674362, 31.9550869557 ], [ 35.2638012499, 31.9549219702 ], [ 35.2629729764, 31.954283041 ], [ 35.2627176265, 31.954265032 ], [ 35.2626109375, 31.9538205759 ], [ 35.2629299813, 31.9537025619 ], [ 35.2629221978, 31.9531335984 ], [ 35.2635247799, 31.9530635441 ], [ 35.2635616701, 31.9525814442 ], [ 35.2623868543, 31.9527231684 ], [ 35.2615407497, 31.9523290074 ], [ 35.2606257687, 31.9522386932 ], [ 35.2600619, 31.9522389417 ], [ 35.2596044863, 31.9523207557 ], [ 35.2592536226, 31.9518983136 ], [ 35.259670077, 31.9516126893 ], [ 35.2594914065, 31.9514161279 ], [ 35.2590084095, 31.951695153 ], [ 35.2586787168, 31.9518676315 ], [ 35.2588915619, 31.9521033653 ], [ 35.2582215523, 31.952375729 ], [ 35.2577430178, 31.9527024786 ], [ 35.2574450158, 31.9526300975 ], [ 35.257189767, 31.9527789133 ], [ 35.2570518383, 31.953332325 ], [ 35.2572755373, 31.9538673696 ], [ 35.2575844185, 31.9544568479 ], [ 35.2570097858, 31.9543391298 ], [ 35.2566268241, 31.9544209924 ], [ 35.256520813, 31.954938047 ], [ 35.2562122681, 31.9549381733 ], [ 35.2561912109, 31.9553009824 ], [ 35.2561913942, 31.9556275298 ], [ 35.2563033074, 31.956008411 ], [ 35.256771325, 31.9559357129 ], [ 35.2573991207, 31.9559626872 ], [ 35.2574415539, 31.955808459 ], [ 35.2576969071, 31.9558264785 ], [ 35.2580055604, 31.9560077037 ], [ 35.257846018, 31.9561348368 ], [ 35.2572930272, 31.9565159953 ], [ 35.2569950649, 31.9565342456 ], [ 35.2564099364, 31.9565834552 ], [ 35.2563888031, 31.9568102705 ], [ 35.2564635003, 31.9572184016 ], [ 35.2567191349, 31.9577262892 ], [ 35.2568042913, 31.9577352722 ], [ 35.2572509884, 31.9575446236 ], [ 35.2574533241, 31.9576987497 ], [ 35.257900393, 31.958152085 ], [ 35.2581559165, 31.9584512896 ], [ 35.258507225, 31.9588411754 ], [ 35.2588797125, 31.9590859492 ], [ 35.2592589179, 31.9590269194 ], [ 35.2596604243, 31.9590932973 ], [ 35.259858667, 31.9592034827 ], [ 35.2603584343, 31.9587859935 ], [ 35.2605393387, 31.9588221666 ], [ 35.2604757303, 31.959112489 ], [ 35.2604547, 31.959493425 ], [ 35.2606886964, 31.959511448 ], [ 35.260816334, 31.9594479035 ], [ 35.2611142212, 31.9592935604 ], [ 35.2612206469, 31.9593117295 ], [ 35.261752867, 31.9597196517 ], [ 35.2622851659, 31.960245529 ], [ 35.2622640461, 31.960472255 ], [ 35.2623280542, 31.9608260078 ], [ 35.2626368421, 31.9611795583 ], [ 35.2629665492, 31.9609889433 ], [ 35.2629449014, 31.9603812202 ], [ 35.2625830561, 31.9602635193 ], [ 35.2624659483, 31.9600821278 ], [ 35.2626998491, 31.9599459367 ], [ 35.262976496, 31.9598279421 ], [ 35.2630932871, 31.959510359 ] ] ] ] } },
{ "type": "Feature", "properties": { "Id": 0, "Name": "Otni'el", "GIS_ID": 3748.0, "Area": 175891.762124, "x": 35.0295, "y": 31.4395 }, "geometry": { "type": "MultiPolygon", "coordinates": [ [ [ [ 35.0289857006, 31.4368018151 ], [ 35.0287985717, 31.436791834 ], [ 35.0287982726, 31.4369522941 ], [ 35.0290137665, 31.4369574517 ], [ 35.0289857006, 31.4368018151 ] ] ], [ [ [ 35.0355701947, 31.4398956328 ], [ 35.0340275397, 31.439381319 ], [ 35.0335783452, 31.4399186064 ], [ 35.0339754124, 31.4404262046 ], [ 35.0346128307, 31.4406030706 ], [ 35.0348711227, 31.4409877066 ], [ 35.0351000354, 31.4410392365 ], [ 35.0358778474, 31.4405022863 ], [ 35.0355701947, 31.4398956328 ] ] ], [ [ [ 35.0314534874, 31.4419137962 ], [ 35.031632769, 31.4418969924 ], [ 35.0319114189, 31.4420168678 ], [ 35.0321504508, 31.4420001437 ], [ 35.0322205535, 31.441803807 ], [ 35.0319219951, 31.4416412462 ], [ 35.0317527858, 31.4416153145 ], [ 35.0318029178, 31.4414104734 ], [ 35.0319426542, 31.4412741159 ], [ 35.0323710359, 31.4411977608 ], [ 35.0324808535, 31.441027181 ], [ 35.0320627161, 31.4409668242 ], [ 35.0318537806, 31.4408640887 ], [ 35.0315151026, 31.4408978137 ], [ 35.0312764187, 31.440726674 ], [ 35.0313666074, 31.4404194328 ], [ 35.0307496488, 31.4401368487 ], [ 35.0297935285, 31.440152595 ], [ 35.029664164, 31.4400841458 ], [ 35.0299238421, 31.4397087736 ], [ 35.0300340261, 31.4393417653 ], [ 35.0304326491, 31.4391989071 ], [ 35.0302842726, 31.4386607299 ], [ 35.0298675235, 31.4378575735 ], [ 35.0295289825, 31.4378229305 ], [ 35.0294092654, 31.4379423573 ], [ 35.0297959786, 31.4388308829 ], [ 35.029566884, 31.4388817977 ], [ 35.0293776464, 31.4388815394 ], [ 35.0290591737, 31.4387444681 ], [ 35.0292490155, 31.4385380668 ], [ 35.0291643451, 31.4383240036 ], [ 35.0289304798, 31.4383173385 ], [ 35.0289210214, 31.4380868032 ], [ 35.0286723085, 31.4379413487 ], [ 35.0284529758, 31.4380605478 ], [ 35.0283431702, 31.4382226465 ], [ 35.0284222246, 31.4385301182 ], [ 35.0282725353, 31.43870073 ], [ 35.0280932753, 31.4387089612 ], [ 35.027944273, 31.4385124152 ], [ 35.0278649229, 31.4383073972 ], [ 35.0277858547, 31.4380084028 ], [ 35.0277066267, 31.4377948169 ], [ 35.0275176157, 31.4376750561 ], [ 35.0276580807, 31.4370946149 ], [ 35.0277786795, 31.4365055782 ], [ 35.0277996495, 31.4359805282 ], [ 35.0274611962, 31.4359032205 ], [ 35.0268131826, 31.4362694824 ], [ 35.0264042317, 31.4365933239 ], [ 35.0262045295, 31.4369004998 ], [ 35.0259348112, 31.4373526012 ], [ 35.0258942489, 31.437719703 ], [ 35.0262517, 31.4382666539 ], [ 35.0263006507, 31.4386919617 ], [ 35.0265194071, 31.4388801286 ], [ 35.0267980415, 31.4390001054 ], [ 35.0272172518, 31.4385395509 ], [ 35.027426899, 31.4382580911 ], [ 35.0276461694, 31.438172985 ], [ 35.0277655688, 31.4382243768 ], [ 35.0276452402, 31.4386682099 ], [ 35.0273056055, 31.4392141943 ], [ 35.0269267106, 31.4394357147 ], [ 35.0269859285, 31.4397175462 ], [ 35.0270849258, 31.440046421 ], [ 35.0276111822, 31.4408412595 ], [ 35.0281982611, 31.4411238176 ], [ 35.0285065719, 31.4413547635 ], [ 35.029074236, 31.441389723 ], [ 35.029502335, 31.4414671488 ], [ 35.0298309431, 31.4414761649 ], [ 35.0301697818, 31.4413570359 ], [ 35.0305880773, 31.4413319904 ], [ 35.0307468308, 31.4416652725 ], [ 35.0307759975, 31.4420495157 ], [ 35.031044842, 31.4420669254 ], [ 35.0314534874, 31.4419137962 ] ] ] ] } },
{ "type": "Feature", "properties": { "Id": 0, "Name": "Pedu'el", "GIS_ID": 3768.0, "Area": 230150.64284700001, "x": 35.0517, "y": 32.0622 }, "geometry": { "type": "MultiPolygon", "coordinates": [ [ [ [ 35.0533285555, 32.0609627087 ], [ 35.0528631791, 32.0607466231 ], [ 35.0522055065, 32.0604613174 ], [ 35.051941878, 32.0606851879 ], [ 35.051789694, 32.0608833105 ], [ 35.0514564811, 32.0603483221 ], [ 35.0511738178, 32.0598565902 ], [ 35.050819839, 32.0596491987 ], [ 35.0502327396, 32.0595967228 ], [ 35.0497771662, 32.0596048251 ], [ 35.0491292695, 32.0595609271 ], [ 35.0488256475, 32.0594484611 ], [ 35.0485947772, 32.0590253203 ], [ 35.0479440021, 32.0586420717 ], [ 35.047485095, 32.0586120855 ], [ 35.0475503809, 32.0592485838 ], [ 35.0477725183, 32.0595764823 ], [ 35.0476608408, 32.0598005316 ], [ 35.0476096642, 32.0601280921 ], [ 35.0479735509, 32.0604217167 ], [ 35.0481549181, 32.0609392125 ], [ 35.0481649083, 32.0610426612 ], [ 35.0484280787, 32.0610947486 ], [ 35.0485693003, 32.0613708729 ], [ 35.0487921801, 32.0613279506 ], [ 35.0490146184, 32.0614834231 ], [ 35.0493079938, 32.0616476393 ], [ 35.049550878, 32.0616738179 ], [ 35.0495371303, 32.0620986586 ], [ 35.0505488133, 32.0621209042 ], [ 35.0506641936, 32.0619165848 ], [ 35.0509779007, 32.0620204013 ], [ 35.0514739012, 32.0620986456 ], [ 35.0518985221, 32.062435348 ], [ 35.0514830005, 32.062676259 ], [ 35.0513714376, 32.0627709937 ], [ 35.0518057894, 32.0634354219 ], [ 35.0523417811, 32.0637981384 ], [ 35.0530499779, 32.0640921609 ], [ 35.0541625711, 32.064800495 ], [ 35.05499237, 32.0650859934 ], [ 35.0553266556, 32.0649828605 ], [ 35.0554180797, 32.0647674381 ], [ 35.0567183215, 32.0648936272 ], [ 35.0567879971, 32.0645322752 ], [ 35.056463455, 32.0637922195 ], [ 35.056199472, 32.063682047 ], [ 35.0558349662, 32.0636816203 ], [ 35.0553697939, 32.0633275689 ], [ 35.0551571146, 32.0634135306 ], [ 35.0549239762, 32.0635770226 ], [ 35.054478725, 32.06341273 ], [ 35.0541851373, 32.0633692764 ], [ 35.0538920653, 32.0630757539 ], [ 35.0535788041, 32.0626959946 ], [ 35.0536503145, 32.0622909012 ], [ 35.055057276, 32.0625512028 ], [ 35.0559073536, 32.0627936132 ], [ 35.0560892902, 32.0629231442 ], [ 35.0562417409, 32.0626215805 ], [ 35.0560599354, 32.0623455074 ], [ 35.0552302139, 32.0620254771 ], [ 35.0546127322, 32.0619557612 ], [ 35.0541674472, 32.0618173491 ], [ 35.0539858048, 32.0614463138 ], [ 35.0537939199, 32.0611874498 ], [ 35.0533285555, 32.0609627087 ] ] ], [ [ [ 35.0466573562, 32.0664778302 ], [ 35.0463976705, 32.0661768471 ], [ 35.0451534691, 32.0656609942 ], [ 35.0449023548, 32.0657951366 ], [ 35.0446508821, 32.0661350685 ], [ 35.0450407749, 32.0663412596 ], [ 35.0463406761, 32.0668651189 ], [ 35.0466573562, 32.0664778302 ] ] ] ] } },
{ "type": "Feature", "properties": { "Id": 0, "Name": "Pene Hever", "GIS_ID": 3723.0, "Area": 114886.4186, "x": 35.1654, "y": 31.4865 }, "geometry": { "type": "MultiPolygon", "coordinates": [ [ [ [ 35.1668598013, 31.4878722575 ], [ 35.1665646407, 31.4869541449 ], [ 35.1665524332, 31.4866904309 ], [ 35.1667620008, 31.4860995794 ], [ 35.1667745549, 31.4854981178 ], [ 35.1668609048, 31.4851077182 ], [ 35.1668734202, 31.4846013149 ], [ 35.1667380328, 31.4844535468 ], [ 35.165987025, 31.4842000751 ], [ 35.1657778654, 31.4840522838 ], [ 35.1655686142, 31.4838728361 ], [ 35.1650884206, 31.4838199295 ], [ 35.1649529442, 31.483893752 ], [ 35.1648051855, 31.4838937065 ], [ 35.164522044, 31.4837458902 ], [ 35.1642141913, 31.4837985541 ], [ 35.1642632685, 31.4842100986 ], [ 35.1641892761, 31.484473876 ], [ 35.1644601105, 31.4846111371 ], [ 35.1645953606, 31.4850753781 ], [ 35.1644598731, 31.4851703041 ], [ 35.1641151523, 31.4850435719 ], [ 35.1639426969, 31.4852017979 ], [ 35.1643981445, 31.4855501577 ], [ 35.1644349235, 31.485930042 ], [ 35.1644347306, 31.486383779 ], [ 35.1646069418, 31.4868059135 ], [ 35.164865461, 31.4869641836 ], [ 35.1647792434, 31.4870169171 ], [ 35.1644836624, 31.4871434496 ], [ 35.1643481089, 31.4873861037 ], [ 35.1643725566, 31.4878081922 ], [ 35.1647170786, 31.4884308686 ], [ 35.1647908015, 31.4888107641 ], [ 35.1652588384, 31.4885471075 ], [ 35.1660469305, 31.4882729934 ], [ 35.1668598013, 31.4878722575 ] ] ], [ [ [ 35.1645928162, 31.4910866012 ], [ 35.1640634292, 31.4908015312 ], [ 35.1633365123, 31.4919198137 ], [ 35.1639150691, 31.4921732462 ], [ 35.1645928162, 31.4910866012 ] ] ] ] } },
{ "type": "Feature", "properties": { "Id": 0, "Name": "Psagot", "GIS_ID": 3659.0, "Area": 237442.09250699999, "x": 35.2246, "y": 31.8988 }, "geometry": { "type": "MultiPolygon", "coordinates": [ [ [ [ 35.2299535133, 31.8973977009 ], [ 35.2306999393, 31.8967074727 ], [ 35.2313063281, 31.8957783765 ], [ 35.2308396611, 31.8955130676 ], [ 35.2305129297, 31.8951680971 ], [ 35.2302251891, 31.8941572216 ], [ 35.2300503077, 31.894128566 ], [ 35.2299965371, 31.8942605556 ], [ 35.2302050578, 31.8943236336 ], [ 35.2304406813, 31.8950925048 ], [ 35.2295797238, 31.8954469492 ], [ 35.2299997884, 31.8957786465 ], [ 35.2304819634, 31.8959378106 ], [ 35.2305132595, 31.8963359596 ], [ 35.2303111856, 31.8968534677 ], [ 35.2301400992, 31.8970526253 ], [ 35.2299535133, 31.8973977009 ] ] ], [ [ [ 35.2226738229, 31.8982482042 ], [ 35.2222539655, 31.898911826 ], [ 35.221818425, 31.8988455123 ], [ 35.2216163415, 31.8996019897 ], [ 35.2216164107, 31.8999735411 ], [ 35.2216476187, 31.9006636124 ], [ 35.2219701819, 31.9011011166 ], [ 35.2221683237, 31.9012218119 ], [ 35.2225645597, 31.9012137077 ], [ 35.2225176062, 31.9023243647 ], [ 35.2229139856, 31.9030084036 ], [ 35.2226748355, 31.9033706527 ], [ 35.2230170669, 31.9035166082 ], [ 35.2234526894, 31.9033572816 ], [ 35.2238726255, 31.9030121803 ], [ 35.2238257599, 31.9023486259 ], [ 35.2237634746, 31.9017514478 ], [ 35.2241678382, 31.9012936199 ], [ 35.2245567259, 31.9011475536 ], [ 35.2251165908, 31.9007095379 ], [ 35.2255053959, 31.9002184309 ], [ 35.2254586258, 31.9000194062 ], [ 35.2255519208, 31.8998071014 ], [ 35.2254429804, 31.8995549695 ], [ 35.2252407186, 31.8993957408 ], [ 35.2252874189, 31.8992895884 ], [ 35.2255362144, 31.8990771678 ], [ 35.2259095388, 31.8988780726 ], [ 35.2263134971, 31.8968077762 ], [ 35.2265157393, 31.896900629 ], [ 35.2264381625, 31.8978428684 ], [ 35.2265472212, 31.8985860426 ], [ 35.2267338735, 31.8984532614 ], [ 35.2268424909, 31.8973651014 ], [ 35.2269978428, 31.8967678858 ], [ 35.2273245343, 31.8965555379 ], [ 35.2280869132, 31.8974312497 ], [ 35.2278692402, 31.8977762378 ], [ 35.2280092588, 31.8980085218 ], [ 35.2283670894, 31.8980217116 ], [ 35.2281491161, 31.8971989282 ], [ 35.2273244964, 31.8964028591 ], [ 35.2269666139, 31.896150773 ], [ 35.2270308287, 31.8959653647 ], [ 35.226297571, 31.8956200763 ], [ 35.2259973084, 31.8956035787 ], [ 35.2258465443, 31.8957263882 ], [ 35.2257843749, 31.8961244639 ], [ 35.225604927, 31.8960402074 ], [ 35.2246021436, 31.895646961 ], [ 35.2243065984, 31.895700035 ], [ 35.2239955955, 31.8961380092 ], [ 35.2241978679, 31.8963901279 ], [ 35.2240112752, 31.8968015691 ], [ 35.2232959149, 31.8976775292 ], [ 35.2226738229, 31.8982482042 ] ] ] ] } },
{ "type": "Feature", "properties": { "Id": 0, "Name": "Qiryat Arba", "GIS_ID": 3611.0, "Area": 834332.57353399997, "x": 35.1199, "y": 31.5335 }, "geometry": { "type": "MultiPolygon", "coordinates": [ [ [ [ 35.1291653186, 31.5238907849 ], [ 35.128934261, 31.5237035094 ], [ 35.128574332, 31.5237803169 ], [ 35.1277526693, 31.5230203569 ], [ 35.1270594429, 31.5221614432 ], [ 35.1262246827, 31.5216106107 ], [ 35.1257106929, 31.5217313275 ], [ 35.1249778348, 31.5222041798 ], [ 35.1244634536, 31.5226551587 ], [ 35.1243218613, 31.523007253 ], [ 35.1247587261, 31.5229635141 ], [ 35.1252341744, 31.5229858149 ], [ 35.1252464252, 31.5236902784 ], [ 35.1255418329, 31.5238445915 ], [ 35.1260813083, 31.5241090825 ], [ 35.1265696848, 31.5239112382 ], [ 35.1277396718, 31.5232074886 ], [ 35.128407304, 31.5238353225 ], [ 35.1277772899, 31.5243302574 ], [ 35.1274957271, 31.5248124508 ], [ 35.1270726768, 31.525004538 ], [ 35.1269456384, 31.5247576221 ], [ 35.126720996, 31.5248760969 ], [ 35.126885445, 31.5251390642 ], [ 35.1275518107, 31.5248765986 ], [ 35.1287152962, 31.5243197226 ], [ 35.1291653186, 31.5238907849 ] ] ], [ [ [ 35.1219013483, 31.5299675687 ], [ 35.1220982136, 31.5296441025 ], [ 35.1229464397, 31.5295346164 ], [ 35.1236277451, 31.5292157843 ], [ 35.1238335975, 31.5289627575 ], [ 35.124078155, 31.5285117027 ], [ 35.1241554163, 31.5282916033 ], [ 35.1239629776, 31.5278841952 ], [ 35.1240788237, 31.5277301374 ], [ 35.1241433895, 31.5273339837 ], [ 35.1238869434, 31.5266733787 ], [ 35.1235787033, 31.5264970479 ], [ 35.1226472795, 31.5262984041 ], [ 35.1223516188, 31.5264302496 ], [ 35.1218759119, 31.5266831003 ], [ 35.1209635231, 31.5267485259 ], [ 35.1201283135, 31.5266929641 ], [ 35.1198329255, 31.526516723 ], [ 35.119498794, 31.5265715161 ], [ 35.1180341515, 31.5263063763 ], [ 35.1172251082, 31.5257444097 ], [ 35.1162873759, 31.5254465991 ], [ 35.1160044027, 31.5257392432 ], [ 35.1161968129, 31.5261355702 ], [ 35.1160933558, 31.5267629341 ], [ 35.1156305394, 31.527059782 ], [ 35.1155265149, 31.5282814813 ], [ 35.1148956475, 31.52956883 ], [ 35.1145478347, 31.5304821862 ], [ 35.1142001527, 31.5312524139 ], [ 35.1132362895, 31.5312517307 ], [ 35.113005042, 31.5312735715 ], [ 35.1127994023, 31.5312734244 ], [ 35.1121054405, 31.531239917 ], [ 35.1114887252, 31.5311403545 ], [ 35.1116177462, 31.5306782369 ], [ 35.1115406858, 31.5305570591 ], [ 35.1111938205, 31.5304797867 ], [ 35.1111811387, 31.5303146441 ], [ 35.1113358188, 31.5298854639 ], [ 35.1112202005, 31.5297863538 ], [ 35.1108091977, 31.5296209203 ], [ 35.1105650247, 31.5296207415 ], [ 35.1102821491, 31.5297856671 ], [ 35.1102483649, 31.5302494207 ], [ 35.1105115201, 31.5304406549 ], [ 35.1109625635, 31.5305126267 ], [ 35.1109236029, 31.530831772 ], [ 35.110756047, 31.5313929767 ], [ 35.1106269547, 31.531921291 ], [ 35.1107164985, 31.5324055734 ], [ 35.1111790288, 31.5324390101 ], [ 35.1113808951, 31.5323180352 ], [ 35.111459112, 31.5312724577 ], [ 35.11234573, 31.531339116 ], [ 35.1131037741, 31.5314166794 ], [ 35.114106092, 31.531505504 ], [ 35.1141058697, 31.5317366545 ], [ 35.1144142147, 31.531802889 ], [ 35.114375075, 31.5324302962 ], [ 35.1145290801, 31.5325844448 ], [ 35.1148119042, 31.5324746143 ], [ 35.1149280437, 31.5320344001 ], [ 35.1152878371, 31.5320346512 ], [ 35.1153004428, 31.5322878164 ], [ 35.1156343056, 31.5325412049 ], [ 35.1164054683, 31.5324537146 ], [ 35.1172150931, 31.532333147 ], [ 35.1172791528, 31.5326303586 ], [ 35.117342934, 31.5331147091 ], [ 35.1169058516, 31.5332245298 ], [ 35.1166871685, 31.5335435537 ], [ 35.116198502, 31.5338623914 ], [ 35.1164294684, 31.5342588344 ], [ 35.1162621751, 31.5344568612 ], [ 35.1167757765, 31.5349525238 ], [ 35.1172516822, 31.5345455621 ], [ 35.1179203086, 31.5341057204 ], [ 35.1183061053, 31.5337758041 ], [ 35.1182423187, 31.5332914542 ], [ 35.1176769374, 31.5332250549 ], [ 35.1173655448, 31.5322363881 ], [ 35.1179931377, 31.5317437582 ], [ 35.1185691553, 31.5314535616 ], [ 35.1194841465, 31.5313573108 ], [ 35.119926325, 31.5313047536 ], [ 35.1200912455, 31.5308029686 ], [ 35.1202869284, 31.5303979749 ], [ 35.1205955447, 31.5301604429 ], [ 35.1209555736, 31.5298876805 ], [ 35.1219013483, 31.5299675687 ] ] ], [ [ [ 35.1320738798, 31.5422932458 ], [ 35.1319430099, 31.5419864444 ], [ 35.13164579, 31.5421808099 ], [ 35.1311912466, 31.5425022491 ], [ 35.1307891959, 31.542756437 ], [ 35.1306233789, 31.5425692928 ], [ 35.1304136596, 31.5426365417 ], [ 35.1300552925, 31.5427784692 ], [ 35.1296096125, 31.5429353159 ], [ 35.1292514861, 31.5429051638 ], [ 35.1289545344, 31.5427553681 ], [ 35.1287449946, 31.5425981379 ], [ 35.1284200195, 31.5421548797 ], [ 35.1291929116, 31.5417495873 ], [ 35.1290369745, 31.54151204 ], [ 35.1285793093, 31.5415740152 ], [ 35.1282400459, 31.5416844725 ], [ 35.1281215499, 31.5417512583 ], [ 35.1279868987, 31.5418226451 ], [ 35.127233561, 31.5426794859 ], [ 35.1271284657, 31.5429338411 ], [ 35.1279583398, 31.543128874 ], [ 35.1285785289, 31.5432190697 ], [ 35.1292686735, 31.5432717857 ], [ 35.1299326626, 31.5432423219 ], [ 35.1303958187, 31.5430928796 ], [ 35.1310163142, 31.5427939953 ], [ 35.1316892718, 31.5424651955 ], [ 35.1314532332, 31.5426595954 ], [ 35.131488015, 31.542891487 ], [ 35.1319160372, 31.5429591003 ], [ 35.1320738798, 31.5422932458 ] ] ], [ [ [ 35.1215713006, 31.5438740842 ], [ 35.1209633858, 31.5441945758 ], [ 35.1210543622, 31.5443247754 ], [ 35.1211453442, 31.5445677093 ], [ 35.120658791, 31.5449490646 ], [ 35.120830949, 31.5449752413 ], [ 35.1212564923, 31.5448713523 ], [ 35.1217226033, 31.5446201218 ], [ 35.122462184, 31.5443863811 ], [ 35.1231104284, 31.5443087827 ], [ 35.1235447955, 31.5441893024 ], [ 35.1238366387, 31.5447527773 ], [ 35.1236931113, 31.5448338193 ], [ 35.1237985252, 31.5450077409 ], [ 35.1239636988, 31.5449359847 ], [ 35.1236068762, 31.5441616409 ], [ 35.1237792797, 31.5439014689 ], [ 35.1240834969, 31.5435547094 ], [ 35.1238912542, 31.5432510178 ], [ 35.1238613687, 31.5427348565 ], [ 35.1232131956, 31.5426217125 ], [ 35.1225145676, 31.5424044567 ], [ 35.1230320752, 31.5412770835 ], [ 35.1228437742, 31.5411728873 ], [ 35.1223574655, 31.5413027168 ], [ 35.1217903052, 31.5412850358 ], [ 35.1215171621, 31.5410245782 ], [ 35.1210010255, 31.5405905314 ], [ 35.1204642985, 31.5404601301 ], [ 35.1197857785, 31.5403902387 ], [ 35.1194213714, 31.5402165668 ], [ 35.1191274491, 31.5404679039 ], [ 35.1188233186, 31.5407105755 ], [ 35.1187216668, 31.5410921806 ], [ 35.1184176545, 31.5413174452 ], [ 35.118363708, 31.5416754532 ], [ 35.1180335384, 31.5416288693 ], [ 35.1179982238, 31.5417679296 ], [ 35.1183365309, 31.5417959745 ], [ 35.1183154186, 31.5423331572 ], [ 35.1178897011, 31.542749175 ], [ 35.1174638664, 31.5431739394 ], [ 35.1174028626, 31.5434340885 ], [ 35.1173010732, 31.5439544906 ], [ 35.1170066972, 31.5446742556 ], [ 35.1170164433, 31.5450645931 ], [ 35.1170160069, 31.545533026 ], [ 35.1172889661, 31.5461056312 ], [ 35.1176839472, 31.5461492798 ], [ 35.1183220341, 31.5461410528 ], [ 35.1183318672, 31.5465574544 ], [ 35.1185951617, 31.5465402251 ], [ 35.1192130315, 31.5465319801 ], [ 35.1198308698, 31.5465584543 ], [ 35.1198615628, 31.54627222 ], [ 35.1192134805, 31.5460375734 ], [ 35.1191935681, 31.5456992674 ], [ 35.1191633934, 31.5454129926 ], [ 35.1190117731, 31.545152701 ], [ 35.1197213844, 31.544415891 ], [ 35.120947642, 31.543662009 ], [ 35.1215713006, 31.5438740842 ] ] ] ] } },
{ "type": "Feature", "properties": { "Id": 0, "Name": "Karne Shomeron", "GIS_ID": 3640.0, "Area": 1310842.07382, "x": 35.0934, "y": 32.1708 }, "geometry": { "type": "MultiPolygon", "coordinates": [ [ [ [ 35.0868330107, 32.1718461046 ], [ 35.0878596875, 32.1723973232 ], [ 35.0882025218, 32.1721872523 ], [ 35.0880316383, 32.1718310708 ], [ 35.0881843826, 32.1714428127 ], [ 35.0887178284, 32.1709092649 ], [ 35.0895171301, 32.1707481229 ], [ 35.0898218064, 32.170521871 ], [ 35.0894994521, 32.1697124074 ], [ 35.0885677497, 32.1691936629 ], [ 35.0879971186, 32.1691283911 ], [ 35.0869508102, 32.1689494118 ], [ 35.0862659553, 32.1689164904 ], [ 35.0859622807, 32.1683659374 ], [ 35.0866857961, 32.1679296979 ], [ 35.086896139, 32.1671044898 ], [ 35.0863464822, 32.1655018669 ], [ 35.0857771746, 32.1643523699 ], [ 35.0851884622, 32.1635426446 ], [ 35.0859955322, 32.1628563329 ], [ 35.0855139395, 32.1626225457 ], [ 35.0845271498, 32.1632018006 ], [ 35.08362839, 32.1635087911 ], [ 35.0828292918, 32.1635565419 ], [ 35.0820679061, 32.1638633169 ], [ 35.0814582348, 32.1644776534 ], [ 35.0811146701, 32.165318865 ], [ 35.0813800903, 32.1660635469 ], [ 35.0822154787, 32.1673590489 ], [ 35.0820057206, 32.1677148708 ], [ 35.0819289057, 32.1682326013 ], [ 35.0820226428, 32.1692522497 ], [ 35.081584571, 32.1696402238 ], [ 35.0807091851, 32.1697688673 ], [ 35.0799689846, 32.1684087013 ], [ 35.0793794578, 32.1682139659 ], [ 35.0793790378, 32.168521474 ], [ 35.0789218081, 32.168957936 ], [ 35.0783509012, 32.1690221167 ], [ 35.0778939771, 32.169232047 ], [ 35.0773803033, 32.1692315323 ], [ 35.0771700498, 32.1699271379 ], [ 35.077454615, 32.1704614605 ], [ 35.0778722088, 32.1711740178 ], [ 35.0785566939, 32.1715630087 ], [ 35.0796223247, 32.1714994063 ], [ 35.0824576908, 32.1712108044 ], [ 35.0842463116, 32.1711316256 ], [ 35.0849310767, 32.1712455382 ], [ 35.0868330107, 32.1718461046 ] ] ], [ [ [ 35.1088405864, 32.1738842298 ], [ 35.1089371623, 32.1735467104 ], [ 35.108826342, 32.1731271938 ], [ 35.1092774325, 32.1726001952 ], [ 35.1086145655, 32.1720891949 ], [ 35.1081095266, 32.1717261138 ], [ 35.1083939331, 32.1715785275 ], [ 35.1094044841, 32.1719554246 ], [ 35.1102731584, 32.1719426373 ], [ 35.1102734899, 32.1716202495 ], [ 35.1091996452, 32.1714448606 ], [ 35.1093580118, 32.1710687551 ], [ 35.1096896956, 32.1710286941 ], [ 35.1097531356, 32.1707869731 ], [ 35.108790347, 32.1701682561 ], [ 35.1084117172, 32.1696843422 ], [ 35.1080963721, 32.169213912 ], [ 35.108380799, 32.1690395426 ], [ 35.1083183227, 32.1684618117 ], [ 35.1080504087, 32.1678570513 ], [ 35.107608313, 32.1677493113 ], [ 35.1069935252, 32.1679180474 ], [ 35.1068110349, 32.1675453806 ], [ 35.1064790585, 32.1674448286 ], [ 35.1062662017, 32.1673586161 ], [ 35.1056502627, 32.1674253199 ], [ 35.105065796, 32.1675054819 ], [ 35.104259804, 32.167921291 ], [ 35.1037852475, 32.1686060907 ], [ 35.1036737069, 32.1694792002 ], [ 35.104147592, 32.1694123936 ], [ 35.104542567, 32.1693723962 ], [ 35.1044315902, 32.1697350064 ], [ 35.103925991, 32.1699092816 ], [ 35.1041306027, 32.1705005638 ], [ 35.1044623634, 32.1704873897 ], [ 35.104683553, 32.1703666349 ], [ 35.105141197, 32.1708103121 ], [ 35.1053618633, 32.1711731828 ], [ 35.1049508391, 32.1715355581 ], [ 35.1052188411, 32.1719522126 ], [ 35.1055346495, 32.1720868257 ], [ 35.1058823243, 32.1718722016 ], [ 35.106418965, 32.1722218795 ], [ 35.1073659329, 32.1728673852 ], [ 35.1077925879, 32.1727603092 ], [ 35.1087601754, 32.1731399314 ], [ 35.1086121086, 32.1738329067 ], [ 35.1088405864, 32.1738842298 ] ] ], [ [ [ 35.0888676472, 32.1728351621 ], [ 35.0891139857, 32.1736445577 ], [ 35.0900256152, 32.1749077023 ], [ 35.0903677281, 32.1752801773 ], [ 35.0917950843, 32.1750225537 ], [ 35.0927078186, 32.1755088832 ], [ 35.0930314503, 32.1753958143 ], [ 35.0931271483, 32.1749104682 ], [ 35.0923662373, 32.1747803005 ], [ 35.0924050737, 32.1741491763 ], [ 35.0923483807, 32.1737769599 ], [ 35.0917395153, 32.1738249351 ], [ 35.0909782686, 32.173889003 ], [ 35.0905791015, 32.1736135102 ], [ 35.0906005153, 32.1732179724 ], [ 35.0911012129, 32.1730481501 ], [ 35.0918128639, 32.1731717594 ], [ 35.0918634011, 32.1727745038 ], [ 35.0909571264, 32.1726459906 ], [ 35.0903729871, 32.172839386 ], [ 35.0888676472, 32.1728351621 ] ] ], [ [ [ 35.0999213111, 32.1737186924 ], [ 35.1003788143, 32.1729746465 ], [ 35.0999994321, 32.1719709186 ], [ 35.0991639171, 32.1705299864 ], [ 35.0989169198, 32.1702222721 ], [ 35.0992216455, 32.1699312494 ], [ 35.099241436, 32.1693163388 ], [ 35.0990709188, 32.1687011797 ], [ 35.0986906775, 32.168377212 ], [ 35.0980631999, 32.1680530356 ], [ 35.0970546715, 32.1681978223 ], [ 35.0956081989, 32.1685849855 ], [ 35.0948462523, 32.1693611255 ], [ 35.0948645034, 32.1700570485 ], [ 35.0947309229, 32.1703158351 ], [ 35.0948818356, 32.1714325554 ], [ 35.0951272962, 32.1730187357 ], [ 35.0958549884, 32.1737617834 ], [ 35.0962678827, 32.1738612606 ], [ 35.0970287268, 32.174137043 ], [ 35.0969523143, 32.1743797384 ], [ 35.0967048189, 32.174492792 ], [ 35.0964439521, 32.1741879665 ], [ 35.0959823817, 32.1739257644 ], [ 35.0952785074, 32.1738927852 ], [ 35.095068785, 32.1742486285 ], [ 35.0949919996, 32.1747987405 ], [ 35.095409962, 32.1753331377 ], [ 35.0955428643, 32.1755598704 ], [ 35.0970652722, 32.175431675 ], [ 35.0984543231, 32.1753680978 ], [ 35.0987019742, 32.1763844855 ], [ 35.099224821, 32.1762997855 ], [ 35.0990257414, 32.1753252877 ], [ 35.0994633922, 32.1748187605 ], [ 35.1002434357, 32.1749165272 ], [ 35.1004152779, 32.1743826321 ], [ 35.1012915194, 32.1735094303 ], [ 35.101163971, 32.1728723005 ], [ 35.1007021892, 32.1730720341 ], [ 35.100206864, 32.1736056638 ], [ 35.0999213111, 32.1737186924 ] ] ], [ [ [ 35.1145938286, 32.1782617838 ], [ 35.1146219945, 32.1779769303 ], [ 35.1144131841, 32.177472234 ], [ 35.1142683526, 32.1771797455 ], [ 35.1137773136, 32.1771022827 ], [ 35.1137707246, 32.1778101246 ], [ 35.1137075538, 32.1781068563 ], [ 35.1137491541, 32.1783918498 ], [ 35.1140248528, 32.1789210174 ], [ 35.1139491427, 32.1790751872 ], [ 35.1139527618, 32.1792358397 ], [ 35.1140925598, 32.1792198746 ], [ 35.1141816841, 32.1785820746 ], [ 35.1141190769, 32.1784158312 ], [ 35.1144331969, 32.1783625793 ], [ 35.1145378855, 32.1783271234 ], [ 35.1145938286, 32.1782617838 ] ] ], [ [ [ 35.1048430915, 32.1794546695 ], [ 35.1036448653, 32.1790168068 ], [ 35.1021609608, 32.1787081081 ], [ 35.1005632145, 32.1781890026 ], [ 35.1004675751, 32.1785610901 ], [ 35.0997825507, 32.1786091316 ], [ 35.0996678908, 32.1790135768 ], [ 35.0996863285, 32.1795800021 ], [ 35.0999906953, 32.1796287697 ], [ 35.0999904737, 32.1798230136 ], [ 35.1001801452, 32.1803086901 ], [ 35.1011508238, 32.18017999 ], [ 35.1021404617, 32.1800675299 ], [ 35.1027491297, 32.1802298004 ], [ 35.1030342691, 32.1805051633 ], [ 35.1036812209, 32.1805704281 ], [ 35.1041688507, 32.180989368 ], [ 35.1052771376, 32.1807916433 ], [ 35.105616511, 32.1802895726 ], [ 35.1048430915, 32.1794546695 ] ] ], [ [ [ 35.1126532136, 32.1817667957 ], [ 35.1129523923, 32.182034391 ], [ 35.1130908663, 32.1820440499 ], [ 35.1132743505, 32.1820027904 ], [ 35.1135663287, 32.1819424907 ], [ 35.1137685915, 32.1817834711 ], [ 35.1137238739, 32.1816465484 ], [ 35.1135219623, 32.1814522496 ], [ 35.113405983, 32.181321588 ], [ 35.1132187699, 32.1813819628 ], [ 35.1130464727, 32.1814773373 ], [ 35.1128217615, 32.1816045066 ], [ 35.1126532136, 32.1817667957 ] ] ] ] } },
{ "type": "Feature", "properties": { "Id": 0, "Name": "Shademot Mehola", "GIS_ID": 3578.0, "Area": 356385.98704600002, "x": 35.5346, "y": 32.3464 }, "geometry": { "type": "MultiPolygon", "coordinates": [ [ [ [ 35.5343957958, 32.3412472232 ], [ 35.5340990592, 32.3405550572 ], [ 35.5335461286, 32.340742941 ], [ 35.5337881029, 32.3411762941 ], [ 35.5338918337, 32.3412242341 ], [ 35.5340220369, 32.3412844083 ], [ 35.5340828233, 32.3413125011 ], [ 35.5344254682, 32.3415775015 ], [ 35.5345242953, 32.3414987607 ], [ 35.5343957958, 32.3412472232 ] ] ], [ [ [ 35.5398607136, 32.3473619545 ], [ 35.5398270496, 32.3467602137 ], [ 35.5402840777, 32.3467991257 ], [ 35.5405020323, 32.3461030227 ], [ 35.5405622548, 32.3453539559 ], [ 35.5391745856, 32.3449965839 ], [ 35.5392510887, 32.3443677683 ], [ 35.538478613, 32.3442494322 ], [ 35.5373913338, 32.3441720507 ], [ 35.5374986539, 32.3433693867 ], [ 35.5381605101, 32.3434211114 ], [ 35.5380315364, 32.3426056356 ], [ 35.5372429649, 32.3423803864 ], [ 35.5365190555, 32.3425828443 ], [ 35.5359993048, 32.3426109937 ], [ 35.5357956306, 32.3429191172 ], [ 35.5354332988, 32.3429468506 ], [ 35.5354247847, 32.3449262231 ], [ 35.5360938721, 32.3455038414 ], [ 35.536059965, 32.3456858856 ], [ 35.536385061, 32.3457202476 ], [ 35.5371157445, 32.3463661136 ], [ 35.5378913277, 32.3473270482 ], [ 35.5388369793, 32.3474449288 ], [ 35.5398607136, 32.3473619545 ] ] ], [ [ [ 35.5340656504, 32.3487922652 ], [ 35.5340744174, 32.348784125 ], [ 35.5347048189, 32.348822604 ], [ 35.5350179478, 32.3482867733 ], [ 35.534968585, 32.3477118545 ], [ 35.5345729444, 32.3472314444 ], [ 35.5341471747, 32.347112174 ], [ 35.5340669962, 32.3467378853 ], [ 35.5338606892, 32.346323888 ], [ 35.5340170584, 32.3460024552 ], [ 35.5343623135, 32.3456271444 ], [ 35.5343292205, 32.3451724765 ], [ 35.5336513324, 32.3450672996 ], [ 35.5329116723, 32.345269778 ], [ 35.532816166, 32.3450025664 ], [ 35.5327807761, 32.3449789349 ], [ 35.5319121989, 32.3449044103 ], [ 35.5319021342, 32.3449246865 ], [ 35.5312254148, 32.3451137359 ], [ 35.5308524528, 32.3453883846 ], [ 35.5307863286, 32.3456899212 ], [ 35.530994446, 32.3466121474 ], [ 35.5305382864, 32.3468139677 ], [ 35.5300816455, 32.3468820576 ], [ 35.5295454181, 32.3467362747 ], [ 35.5295127314, 32.3463886426 ], [ 35.5291342322, 32.3462960155 ], [ 35.5290092988, 32.3465905793 ], [ 35.5281599134, 32.3469806065 ], [ 35.5280359648, 32.3475827551 ], [ 35.5282098045, 32.347716039 ], [ 35.5293293377, 32.3479806204 ], [ 35.5305115828, 32.3481647737 ], [ 35.5312180492, 32.3474675129 ], [ 35.5314390685, 32.3475739783 ], [ 35.5320224205, 32.3477061946 ], [ 35.5321498627, 32.3480802717 ], [ 35.5318524393, 32.3486160545 ], [ 35.5316334875, 32.3490847229 ], [ 35.5316043546, 32.3497267568 ], [ 35.5307944791, 32.3504245798 ], [ 35.5309343308, 32.3508585619 ], [ 35.5327877896, 32.3499475235 ], [ 35.5330191941, 32.3494387433 ], [ 35.5340656504, 32.3487922652 ] ] ], [ [ [ 35.5333411095, 32.3529220204 ], [ 35.5328960103, 32.3525466083 ], [ 35.5323019997, 32.3527964065 ], [ 35.5324963814, 32.3535833116 ], [ 35.5326766988, 32.3535603299 ], [ 35.5328262019, 32.3535412753 ], [ 35.5331818153, 32.3534959505 ], [ 35.5333411095, 32.3529220204 ] ] ] ] } },
{ "type": "Feature", "properties": { "Id": 0, "Name": "Shilo", "GIS_ID": 3641.0, "Area": 574810.52075999998, "x": 35.3005, "y": 32.0529 }, "geometry": { "type": "MultiPolygon", "coordinates": [ [ [ [ 35.2975559418, 32.0504014104 ], [ 35.297132103, 32.049997804 ], [ 35.2961780323, 32.0499969519 ], [ 35.2959668507, 32.0497537013 ], [ 35.2950825661, 32.0500556934 ], [ 35.2951985001, 32.0503163997 ], [ 35.2943039868, 32.0504759026 ], [ 35.2938470228, 32.0508368564 ], [ 35.2934746376, 32.0510678898 ], [ 35.292999989, 32.0506643053 ], [ 35.2929315006, 32.0499142343 ], [ 35.2925421754, 32.0501452768 ], [ 35.2920345466, 32.0506794053 ], [ 35.2914423265, 32.0513433591 ], [ 35.2905669457, 32.0523392647 ], [ 35.2918838011, 32.0527613838 ], [ 35.2922587282, 32.0527705158 ], [ 35.2926121002, 32.0523956746 ], [ 35.2930696472, 32.0526261264 ], [ 35.2938151598, 32.0529141792 ], [ 35.2941542242, 32.0531447106 ], [ 35.2949679389, 32.0538653926 ], [ 35.2955268661, 32.0538072767 ], [ 35.2969158314, 32.0538351282 ], [ 35.2977627258, 32.0538345073 ], [ 35.2980338115, 32.0539497379 ], [ 35.2980003238, 32.0543392506 ], [ 35.2974583846, 32.0543396497 ], [ 35.2967300185, 32.0543834688 ], [ 35.2960360016, 32.0547878892 ], [ 35.2956131654, 32.0554084531 ], [ 35.2958334831, 32.0555814402 ], [ 35.2964605656, 32.0558983301 ], [ 35.2969860551, 32.0562730064 ], [ 35.2975620078, 32.0563880149 ], [ 35.298053002, 32.056156792 ], [ 35.2981373176, 32.0557672418 ], [ 35.298119684, 32.0550892807 ], [ 35.2983566411, 32.0548583344 ], [ 35.2986954111, 32.0548869405 ], [ 35.2997967343, 32.0551601738 ], [ 35.3003221278, 32.0554338346 ], [ 35.3008482207, 32.0564721299 ], [ 35.3013572451, 32.0572795748 ], [ 35.301780815, 32.0573801616 ], [ 35.3024359709, 32.0571046599 ], [ 35.3028799756, 32.0569542119 ], [ 35.302802243, 32.056786156 ], [ 35.3023300381, 32.0569366255 ], [ 35.3016431967, 32.0553174877 ], [ 35.3018268061, 32.0552745688 ], [ 35.3020150882, 32.0546247087 ], [ 35.3020147053, 32.0542640786 ], [ 35.3014895267, 32.0541923379 ], [ 35.301404344, 32.0537451998 ], [ 35.3020309735, 32.0536293783 ], [ 35.3027252638, 32.0535134111 ], [ 35.3025385604, 32.0530952101 ], [ 35.3030017603, 32.0521808149 ], [ 35.3027055567, 32.0520789743 ], [ 35.3023252607, 32.0524515263 ], [ 35.3014935957, 32.0526623115 ], [ 35.3012172816, 32.0529807956 ], [ 35.3004711119, 32.0521879583 ], [ 35.3001156198, 32.0523613731 ], [ 35.2995395982, 32.052260805 ], [ 35.2991668203, 32.0521024573 ], [ 35.2990313303, 32.0521457548 ], [ 35.2991503244, 32.0525351541 ], [ 35.2988805906, 32.0537327674 ], [ 35.2982198513, 32.0536322564 ], [ 35.2979139138, 32.0525649299 ], [ 35.2977101719, 32.0521323054 ], [ 35.2978282076, 32.0515841034 ], [ 35.2978785927, 32.0511512916 ], [ 35.2980728682, 32.0511698505 ], [ 35.2986792364, 32.0512534592 ], [ 35.2996517913, 32.0509465201 ], [ 35.2993507519, 32.0497508715 ], [ 35.3004855061, 32.0497500165 ], [ 35.3008069989, 32.0493747129 ], [ 35.2998921697, 32.0492744937 ], [ 35.2999258724, 32.0491013223 ], [ 35.3015173316, 32.0484365671 ], [ 35.3019939849, 32.0482134454 ], [ 35.3028643446, 32.0480935262 ], [ 35.3029367169, 32.048533943 ], [ 35.303157956, 32.0485764255 ], [ 35.3030678383, 32.0480654877 ], [ 35.3039397431, 32.0479453479 ], [ 35.3037147806, 32.047557238 ], [ 35.3023295411, 32.0477290196 ], [ 35.3022606105, 32.0466327517 ], [ 35.3012273877, 32.0464892567 ], [ 35.3011948727, 32.0477876064 ], [ 35.3008225032, 32.0481052343 ], [ 35.3006367858, 32.0486102945 ], [ 35.3004210725, 32.0487228238 ], [ 35.2999521676, 32.0482864517 ], [ 35.2997973449, 32.0485447472 ], [ 35.2997834395, 32.049055449 ], [ 35.298613055, 32.0490331429 ], [ 35.2985883779, 32.0496360998 ], [ 35.2975559418, 32.0504014104 ] ] ], [ [ [ 35.3104692875, 32.0537078183 ], [ 35.3103613093, 32.0534562159 ], [ 35.3104084537, 32.0528344746 ], [ 35.3099773768, 32.0526412177 ], [ 35.3098449062, 32.0518973417 ], [ 35.3097125662, 32.0512655593 ], [ 35.3091142099, 32.0511743418 ], [ 35.3085277947, 32.0511544442 ], [ 35.3082406917, 32.0512056315 ], [ 35.3078817725, 32.0513282093 ], [ 35.3080135602, 32.051480957 ], [ 35.3083012539, 32.0518578549 ], [ 35.3082539229, 32.0523266502 ], [ 35.3085648789, 32.0522041107 ], [ 35.308565514, 32.05276467 ], [ 35.3086138138, 32.0531518638 ], [ 35.3085182993, 32.0533353687 ], [ 35.3085305994, 32.0536309691 ], [ 35.3088058371, 32.0536613137 ], [ 35.3090334454, 32.0538955042 ], [ 35.309272824, 32.0538647353 ], [ 35.309584017, 32.0539460003 ], [ 35.3103745198, 32.0545364726 ], [ 35.3107220956, 32.0550355088 ], [ 35.3105549549, 32.0553618303 ], [ 35.3104954328, 32.0556268293 ], [ 35.3105076336, 32.0558306261 ], [ 35.3106873538, 32.0560343727 ], [ 35.3109866252, 32.0561462152 ], [ 35.3111424032, 32.0562479877 ], [ 35.3112266366, 32.0566555307 ], [ 35.3110955813, 32.057144868 ], [ 35.3111559548, 32.0576136634 ], [ 35.3114555049, 32.0579598825 ], [ 35.3117427105, 32.0579800203 ], [ 35.3118860952, 32.0578035968 ], [ 35.3121486861, 32.0571511014 ], [ 35.3125072048, 32.0567635629 ], [ 35.3127704273, 32.0567429574 ], [ 35.3130600292, 32.0565376113 ], [ 35.3132216223, 32.0560631448 ], [ 35.3131521952, 32.055692844 ], [ 35.3128049544, 32.0555810476 ], [ 35.3127687213, 32.0552957487 ], [ 35.3129359504, 32.0550510372 ], [ 35.3133905167, 32.0548569403 ], [ 35.3133902509, 32.0546327528 ], [ 35.3128874388, 32.0545007095 ], [ 35.3127676401, 32.0543785278 ], [ 35.3124685041, 32.0543787832 ], [ 35.3119778986, 32.054450533 ], [ 35.3104692875, 32.0537078183 ] ] ] ] } },
{ "type": "Feature", "properties": { "Id": 0, "Name": "Shim'a", "GIS_ID": 3784.0, "Area": 118701.51471600001, "x": 35.0131, "y": 31.3881 }, "geometry": { "type": "MultiPolygon", "coordinates": [ [ [ [ 35.0138814592, 31.3898152788 ], [ 35.0140160022, 31.3899348893 ], [ 35.0141267139, 31.3900375087 ], [ 35.0144594226, 31.3900087805 ], [ 35.01463022, 31.3899284943 ], [ 35.0145882876, 31.3896064562 ], [ 35.0144014146, 31.3891597421 ], [ 35.0143597192, 31.3887205482 ], [ 35.0141038646, 31.3886469351 ], [ 35.0140705831, 31.3882590713 ], [ 35.0141557849, 31.3882898621 ], [ 35.0143265351, 31.3882315824 ], [ 35.0145324695, 31.3876683841 ], [ 35.0144234689, 31.3867168147 ], [ 35.0143395312, 31.3860067193 ], [ 35.0138714231, 31.3854644373 ], [ 35.0135135666, 31.3852516895 ], [ 35.0131122427, 31.3854267805 ], [ 35.0127192992, 31.3856677212 ], [ 35.0124380413, 31.3855282284 ], [ 35.0120373259, 31.3854031666 ], [ 35.0118070742, 31.3853588988 ], [ 35.0118918491, 31.3856488949 ], [ 35.0122584573, 31.3857445945 ], [ 35.0124888591, 31.3857156279 ], [ 35.0127016498, 31.3859720841 ], [ 35.0128121028, 31.3861991657 ], [ 35.0127942979, 31.3865284206 ], [ 35.0127679781, 31.3869089806 ], [ 35.0127846232, 31.3870993051 ], [ 35.0126136956, 31.387245427 ], [ 35.0123830371, 31.3873987646 ], [ 35.0122465745, 31.3873985602 ], [ 35.0120414773, 31.3875446301 ], [ 35.0118535012, 31.3876980308 ], [ 35.0117177256, 31.3873611499 ], [ 35.0114283972, 31.3870021218 ], [ 35.0108399706, 31.38689878 ], [ 35.010157858, 31.3867001437 ], [ 35.0100126702, 31.3867511513 ], [ 35.0100208544, 31.3869121518 ], [ 35.0102763549, 31.387154066 ], [ 35.0102247939, 31.3873296769 ], [ 35.0100707579, 31.3875416592 ], [ 35.0101557042, 31.3877466982 ], [ 35.0102321051, 31.3879151974 ], [ 35.0105384432, 31.3880851165 ], [ 35.0109649017, 31.3883700475 ], [ 35.0112119076, 31.3885533239 ], [ 35.0114680589, 31.3884805659 ], [ 35.0117159326, 31.3882394114 ], [ 35.0119997339, 31.3883209177 ], [ 35.0122182192, 31.3885193914 ], [ 35.0124611824, 31.3886241043 ], [ 35.0127769612, 31.3888018889 ], [ 35.012971015, 31.3890733781 ], [ 35.0132861415, 31.3895744893 ], [ 35.0138814592, 31.3898152788 ] ] ], [ [ [ 35.0151966161, 31.3925364346 ], [ 35.0148980906, 31.392711412 ], [ 35.0149002752, 31.3927230497 ], [ 35.0149869393, 31.3929702965 ], [ 35.0150064671, 31.3932462144 ], [ 35.0151936787, 31.3934246147 ], [ 35.015401308, 31.3934881436 ], [ 35.015649216, 31.3934942808 ], [ 35.0159038627, 31.3934428867 ], [ 35.0160514291, 31.3933626547 ], [ 35.0161717301, 31.3936521235 ], [ 35.0165415619, 31.393242205 ], [ 35.0164739057, 31.393139154 ], [ 35.0163803506, 31.3930240255 ], [ 35.0162062838, 31.3929490934 ], [ 35.0160190368, 31.3927879207 ], [ 35.015644062, 31.3927069205 ], [ 35.0154497769, 31.3927008622 ], [ 35.015322615, 31.3926202259 ], [ 35.0151966161, 31.3925364346 ] ] ] ] } },
{ "type": "Feature", "properties": { "Id": 0, "Name": "eruti", "GIS_ID": 0.137, "Area": 4084.28260073, "x": 35.1858, "y": 31.833 }, "geometry": { "type": "MultiPolygon", "coordinates": [ [ [ [ 35.1859286353, 31.8335396303 ], [ 35.1860644235, 31.8333078787 ], [ 35.1862593305, 31.8332625445 ], [ 35.1856965643, 31.8324723575 ], [ 35.18557493, 31.8324019865 ], [ 35.1854566025, 31.8327534328 ], [ 35.1855804717, 31.8329550109 ], [ 35.1857516318, 31.8333279442 ], [ 35.1859286353, 31.8335396303 ] ] ] ] } },
{ "type": "Feature", "properties": { "Id": 0, "Name": "Alfei Menashe Industrial", "GIS_ID": 0.2, "Area": 27077.01365, "x": 34.9955, "y": 32.1697 }, "geometry": { "type": "MultiPolygon", "coordinates": [ [ [ [ 34.9943422869, 32.170373261 ], [ 34.9949258488, 32.1702749422 ], [ 34.9963532546, 32.1701246257 ], [ 34.9971793492, 32.1699046839 ], [ 34.9969558722, 32.1695225931 ], [ 34.9964982302, 32.1694989366 ], [ 34.9961043449, 32.1690860838 ], [ 34.9956826097, 32.1690320033 ], [ 34.995108172, 32.1690386293 ], [ 34.9946592297, 32.1691524123 ], [ 34.9943528929, 32.1696786354 ], [ 34.9943422869, 32.170373261 ] ] ] ] } },
{ "type": "Feature", "properties": { "Id": 0, "Name": "Oranit", "GIS_ID": 3760.0, "Area": 1003110.3437, "x": 34.9916, "y": 32.1309 }, "geometry": { "type": "MultiPolygon", "coordinates": [ [ [ [ 35.0034092262, 32.1311467193 ], [ 35.0031784761, 32.1303166885 ], [ 35.0012364063, 32.1307702829 ], [ 35.0012503491, 32.1325514189 ], [ 35.003097395, 32.133986673 ], [ 35.0043468882, 32.1335474971 ], [ 35.0034092262, 32.1311467193 ] ] ], [ [ [ 34.9921064927, 32.1356104053 ], [ 34.9927727332, 32.134998666 ], [ 34.9932343518, 32.1350151279 ], [ 34.9937148064, 32.1349059103 ], [ 34.9938815985, 32.1346390783 ], [ 34.9932548171, 32.1341823611 ], [ 34.9945506981, 32.1327702419 ], [ 34.9950496873, 32.1326138864 ], [ 34.995843785, 32.1326151971 ], [ 34.9974503145, 32.132664997 ], [ 34.9980030764, 32.1326222824 ], [ 34.9978409941, 32.1313770699 ], [ 34.9986609953, 32.1304312135 ], [ 34.9985993886, 32.1299820291 ], [ 34.9971887438, 32.1299051872 ], [ 34.9964692106, 32.1296525889 ], [ 34.9963045049, 32.128960917 ], [ 34.99600015, 32.128819016 ], [ 34.9957406489, 32.1283789141 ], [ 34.995490334, 32.1283176085 ], [ 34.9951324722, 32.1287075666 ], [ 34.993969305, 32.1286114017 ], [ 34.992510431, 32.1286246597 ], [ 34.9915679471, 32.128921661 ], [ 34.991439166, 32.1287485716 ], [ 34.9916430148, 32.1284031686 ], [ 34.9929552088, 32.127934002 ], [ 34.9926427318, 32.1273206242 ], [ 34.9934572112, 32.1264577094 ], [ 34.993568997, 32.126049295 ], [ 34.9931074985, 32.1259542888 ], [ 34.9929792259, 32.1255611652 ], [ 34.9923883348, 32.1255601772 ], [ 34.9917785707, 32.1257006454 ], [ 34.9903557361, 32.1261382308 ], [ 34.9906658129, 32.1277729761 ], [ 34.9913299606, 32.1280412053 ], [ 34.9924391103, 32.1275245386 ], [ 34.9925489411, 32.1279647051 ], [ 34.9915142343, 32.1282300793 ], [ 34.9911073467, 32.1284809033 ], [ 34.9896854962, 32.1284784999 ], [ 34.9886702133, 32.1283195923 ], [ 34.9879504619, 32.1281297999 ], [ 34.9874152816, 32.127956011 ], [ 34.9876932984, 32.1275321957 ], [ 34.9881736089, 32.1274701622 ], [ 34.9883404034, 32.1272033371 ], [ 34.9883229272, 32.1267947069 ], [ 34.9890253787, 32.1264502481 ], [ 34.9891003062, 32.1260417751 ], [ 34.989636256, 32.1258384301 ], [ 34.9895997507, 32.125634113 ], [ 34.9892123736, 32.1254762735 ], [ 34.9886214461, 32.1254909589 ], [ 34.9880679152, 32.1252857592 ], [ 34.9871834425, 32.1244986064 ], [ 34.9865562039, 32.1242774923 ], [ 34.9866881783, 32.1230991711 ], [ 34.9861159971, 32.1230353313 ], [ 34.9856332342, 32.1241345004 ], [ 34.9853901036, 32.1254367141 ], [ 34.9852029555, 32.1264578463 ], [ 34.9852370848, 32.127652144 ], [ 34.9852892855, 32.1289564909 ], [ 34.9854902996, 32.1298524947 ], [ 34.9857476425, 32.1303715577 ], [ 34.9864100755, 32.131362683 ], [ 34.9869623406, 32.1320707246 ], [ 34.9872208522, 32.1321026407 ], [ 34.987350443, 32.1319771538 ], [ 34.9879034984, 32.1323552284 ], [ 34.9878658385, 32.1326851282 ], [ 34.9880681838, 32.1330311294 ], [ 34.9886578284, 32.133582136 ], [ 34.9886383942, 32.1339592304 ], [ 34.9884522958, 32.1345875493 ], [ 34.9881731119, 32.1354984192 ], [ 34.987856372, 32.1366921147 ], [ 34.9876875891, 32.1377918259 ], [ 34.9883145154, 32.1381857161 ], [ 34.9889797027, 32.1380407603 ], [ 34.9897930612, 32.1377121779 ], [ 34.990866077, 32.1369282652 ], [ 34.9916435948, 32.136143847 ], [ 34.9921064927, 32.1356104053 ] ] ] ] } },
{ "type": "Feature", "properties": { "Id": 0, "Name": "Sha'are Tikva", "GIS_ID": 3720.0, "Area": 876961.01466400002, "x": 35.026, "y": 32.1231 }, "geometry": { "type": "MultiPolygon", "coordinates": [ [ [ [ 35.0167217607, 32.1300243148 ], [ 35.0180374316, 32.1307128803 ], [ 35.0184457224, 32.1300524694 ], [ 35.0191117275, 32.1299747197 ], [ 35.0200740267, 32.1296928725 ], [ 35.0196690266, 32.1287794011 ], [ 35.0199653186, 32.1285752171 ], [ 35.0194870852, 32.1272997502 ], [ 35.0208468635, 32.1271211906 ], [ 35.0225398685, 32.1265947342 ], [ 35.0241629521, 32.1264795519 ], [ 35.0251165245, 32.1259731982 ], [ 35.0260176661, 32.1252853233 ], [ 35.0269174602, 32.1252865878 ], [ 35.0271120898, 32.1252890094 ], [ 35.0277536463, 32.124963106 ], [ 35.0275846755, 32.1244753377 ], [ 35.0279094831, 32.1241139342 ], [ 35.0287808897, 32.1232728739 ], [ 35.0294993101, 32.1239630163 ], [ 35.030866814, 32.1236975171 ], [ 35.0319721391, 32.1234346223 ], [ 35.0331111802, 32.1236124683 ], [ 35.0337893267, 32.1233562835 ], [ 35.0345098776, 32.1229744423 ], [ 35.0346309199, 32.1223875392 ], [ 35.0337035406, 32.1211101687 ], [ 35.0341239561, 32.1208554378 ], [ 35.0348442856, 32.1205246357 ], [ 35.034517301, 32.1189672557 ], [ 35.0336027625, 32.1192350296 ], [ 35.0325319858, 32.1194686777 ], [ 35.0314961357, 32.1194966659 ], [ 35.0308059547, 32.1193487297 ], [ 35.0301512186, 32.1186720285 ], [ 35.0293581994, 32.1181127262 ], [ 35.0286682011, 32.1178766737 ], [ 35.0280123611, 32.1177876568 ], [ 35.0272529982, 32.1176984017 ], [ 35.0269076125, 32.1177273164 ], [ 35.0266319129, 32.1178844726 ], [ 35.0264812275, 32.1182160298 ], [ 35.0262107517, 32.1185193726 ], [ 35.025870122, 32.1186073585 ], [ 35.0247983461, 32.1193991481 ], [ 35.0236232081, 32.1200438794 ], [ 35.0236215861, 32.1208666706 ], [ 35.0235505847, 32.1218361742 ], [ 35.0233420862, 32.1225116778 ], [ 35.0228569191, 32.1233924829 ], [ 35.0222349967, 32.1236559945 ], [ 35.021681482, 32.1241546983 ], [ 35.0217149742, 32.1246836464 ], [ 35.0211963375, 32.1250648952 ], [ 35.0205744697, 32.1252402937 ], [ 35.0194003535, 32.1253266885 ], [ 35.0176028694, 32.1261637958 ], [ 35.0167084774, 32.1268917937 ], [ 35.0167130924, 32.1275984795 ], [ 35.0167351686, 32.128496163 ], [ 35.016732101, 32.1299946612 ], [ 35.0167217607, 32.1300243148 ] ] ] ] } },
{ "type": "Feature", "properties": { "Id": 0, "Name": "Elkana", "GIS_ID": 3560.0, "Area": 899109.90603900002, "x": 35.0349, "y": 32.1119 }, "geometry": { "type": "MultiPolygon", "coordinates": [ [ [ [ 35.0314609395, 32.1141704399 ], [ 35.0319780728, 32.1137443271 ], [ 35.0321757899, 32.1131795336 ], [ 35.0322017858, 32.1124263023 ], [ 35.0324236761, 32.1121336117 ], [ 35.0335062581, 32.1117165556 ], [ 35.0342193826, 32.1116338296 ], [ 35.034736396, 32.1112578447 ], [ 35.0351787736, 32.1113630445 ], [ 35.0348571371, 32.112429885 ], [ 35.0341917728, 32.1132659454 ], [ 35.0344364183, 32.113956866 ], [ 35.0336251921, 32.1138511668 ], [ 35.0327393603, 32.1142057259 ], [ 35.0327139165, 32.114666056 ], [ 35.0317794205, 32.1147484719 ], [ 35.0315818553, 32.1152294885 ], [ 35.0321700928, 32.1162138736 ], [ 35.0326616959, 32.1162982275 ], [ 35.0332762917, 32.1163409026 ], [ 35.0333495717, 32.1165920603 ], [ 35.0330047087, 32.1169682721 ], [ 35.0331516981, 32.1172405414 ], [ 35.033766534, 32.1171576851 ], [ 35.0341344908, 32.1176394663 ], [ 35.0345278485, 32.1176818377 ], [ 35.0349716097, 32.1170546954 ], [ 35.034800352, 32.1165521685 ], [ 35.0340148796, 32.1158606125 ], [ 35.0339668809, 32.1152327208 ], [ 35.0343851985, 32.1150659106 ], [ 35.0348030991, 32.115066471 ], [ 35.0354422605, 32.1151719332 ], [ 35.0361309812, 32.1150054777 ], [ 35.0366234236, 32.1146294527 ], [ 35.0362803548, 32.1139802489 ], [ 35.0365020826, 32.1137713274 ], [ 35.0369692093, 32.1137928674 ], [ 35.0372894621, 32.113416612 ], [ 35.0378799828, 32.1132290056 ], [ 35.0381500044, 32.1134386662 ], [ 35.038911502, 32.1138581851 ], [ 35.0392808734, 32.1135029104 ], [ 35.0396765831, 32.1122269394 ], [ 35.0400963008, 32.1112649119 ], [ 35.0403418389, 32.1114786844 ], [ 35.0403887944, 32.1127133885 ], [ 35.0403873353, 32.1135295083 ], [ 35.0398056824, 32.1139268556 ], [ 35.0402647121, 32.1156290641 ], [ 35.0393714039, 32.116074719 ], [ 35.0393075347, 32.1165571969 ], [ 35.0391279049, 32.1171825047 ], [ 35.0382404401, 32.1177956098 ], [ 35.0373552655, 32.1178362883 ], [ 35.0364698309, 32.1179606465 ], [ 35.0363464548, 32.1182116317 ], [ 35.0362961085, 32.1187974584 ], [ 35.0364144271, 32.1195917388 ], [ 35.0376645269, 32.1207977244 ], [ 35.0386282526, 32.1197590222 ], [ 35.0389781295, 32.1187193552 ], [ 35.0406500551, 32.1173989537 ], [ 35.0405056838, 32.1160826334 ], [ 35.0406051656, 32.1154381616 ], [ 35.0407085366, 32.1126133426 ], [ 35.0404896939, 32.1112738083 ], [ 35.0397774106, 32.1108333509 ], [ 35.0390860031, 32.1095613034 ], [ 35.039259873, 32.1092479109 ], [ 35.0393379975, 32.1091377703 ], [ 35.0393551033, 32.108686031 ], [ 35.0391433557, 32.1079657274 ], [ 35.0385051029, 32.1074416729 ], [ 35.0378664775, 32.107127011 ], [ 35.0378185027, 32.1064154335 ], [ 35.0373027868, 32.1061008401 ], [ 35.0363937192, 32.1058276568 ], [ 35.0363206018, 32.1054299594 ], [ 35.0358046276, 32.1052618107 ], [ 35.0353123865, 32.105554147 ], [ 35.0340083551, 32.1061382941 ], [ 35.0329754314, 32.1063252848 ], [ 35.0323845923, 32.1067011625 ], [ 35.0323097923, 32.1072660339 ], [ 35.0329469803, 32.1083969342 ], [ 35.0316917915, 32.1090648095 ], [ 35.0303124884, 32.1103603294 ], [ 35.0290318181, 32.1115304411 ], [ 35.0273835903, 32.1119675911 ], [ 35.0267682163, 32.1123434079 ], [ 35.026644051, 32.1129919825 ], [ 35.0271831379, 32.1139343887 ], [ 35.0276011392, 32.113934973 ], [ 35.0293464253, 32.1141256916 ], [ 35.0314609395, 32.1141704399 ] ] ] ] } },
{ "type": "Feature", "properties": { "Id": 0, "Name": "Etz Efrayim", "GIS_ID": 3778.0, "Area": 166291.11217800001, "x": 35.0464, "y": 32.1194 }, "geometry": { "type": "MultiPolygon", "coordinates": [ [ [ [ 35.042629223, 32.1190296222 ], [ 35.042380231, 32.1198568774 ], [ 35.0423265045, 32.1202780351 ], [ 35.0424553043, 32.1207105204 ], [ 35.042746194, 32.1207268649 ], [ 35.0430736683, 32.1207411604 ], [ 35.0433100462, 32.1207414614 ], [ 35.0437401561, 32.1207162132 ], [ 35.0443764787, 32.120837408 ], [ 35.0445538321, 32.1204915247 ], [ 35.0449252639, 32.1204167837 ], [ 35.0454376885, 32.1206130265 ], [ 35.0457200146, 32.1208992483 ], [ 35.0462152146, 32.1208246585 ], [ 35.0467103362, 32.1207951562 ], [ 35.0469405107, 32.1205998442 ], [ 35.0472409501, 32.1206453972 ], [ 35.0479658829, 32.120631235 ], [ 35.0484609774, 32.1206167857 ], [ 35.0488327383, 32.1203464352 ], [ 35.0487093803, 32.1201055054 ], [ 35.0489223374, 32.1196243008 ], [ 35.0492058721, 32.1192635715 ], [ 35.0496480235, 32.1191587834 ], [ 35.0501963445, 32.1189938835 ], [ 35.0501439956, 32.1186176826 ], [ 35.0507453996, 32.1184529351 ], [ 35.0504454657, 32.1180463138 ], [ 35.0497028073, 32.1180904983 ], [ 35.0487474537, 32.1185257044 ], [ 35.0483940355, 32.1184199402 ], [ 35.0478200085, 32.1170954302 ], [ 35.047594968, 32.1169913284 ], [ 35.0465915656, 32.1178910607 ], [ 35.0460433987, 32.1179054363 ], [ 35.0459367329, 32.1182514104 ], [ 35.0459357711, 32.1188080848 ], [ 35.045493956, 32.1187172619 ], [ 35.0448571231, 32.1188969997 ], [ 35.0438842531, 32.1192117578 ], [ 35.0432477044, 32.1192260092 ], [ 35.042629223, 32.1190296222 ] ] ] ] } },
{ "type": "Feature", "properties": { "Id": 0, "Name": "Alonei Shilo", "GIS_ID": 0.108, "Area": 24381.792516400001, "x": 35.1201, "y": 32.1628 }, "geometry": { "type": "MultiPolygon", "coordinates": [ [ [ [ 35.1215514405, 32.1637405296 ], [ 35.1218765689, 32.1635416222 ], [ 35.1218454946, 32.1632394065 ], [ 35.1207419312, 32.1631347183 ], [ 35.1205983583, 32.1629349679 ], [ 35.1202504682, 32.1625355164 ], [ 35.1196982411, 32.1620779425 ], [ 35.1191156519, 32.1616718376 ], [ 35.118828003, 32.1617102399 ], [ 35.1186157359, 32.1619677364 ], [ 35.1186611191, 32.1620707511 ], [ 35.1191676992, 32.1627021632 ], [ 35.1195459709, 32.1630308479 ], [ 35.1197805867, 32.1630246023 ], [ 35.1203632053, 32.1634113156 ], [ 35.1207340217, 32.1635532319 ], [ 35.1209837876, 32.1636757692 ], [ 35.121081988, 32.1638754892 ], [ 35.1212710793, 32.1640365824 ], [ 35.1215058503, 32.1639787516 ], [ 35.1215514405, 32.1637405296 ] ] ] ] } },
{ "type": "Feature", "properties": { "Id": 0, "Name": "Emmanuel", "GIS_ID": 3660.0, "Area": 541458.04250700003, "x": 35.1404, "y": 32.1644 }, "geometry": { "type": "MultiPolygon", "coordinates": [ [ [ [ 35.1363166656, 32.1619618152 ], [ 35.1369124351, 32.161564176 ], [ 35.138180347, 32.1615712074 ], [ 35.1384014199, 32.1612212004 ], [ 35.1385074118, 32.1616916274 ], [ 35.1386984817, 32.1622344217 ], [ 35.1386768483, 32.1626867464 ], [ 35.1393360854, 32.1627775363 ], [ 35.1399740785, 32.1627778627 ], [ 35.1411865753, 32.1624528392 ], [ 35.1427609309, 32.1617480583 ], [ 35.1436753868, 32.1617665362 ], [ 35.1446960562, 32.1619660461 ], [ 35.1451428187, 32.1617672319 ], [ 35.1452921631, 32.1609894208 ], [ 35.146121855, 32.1605918473 ], [ 35.1459519258, 32.1602480079 ], [ 35.144952675, 32.1599037814 ], [ 35.1437186414, 32.1606449151 ], [ 35.1427397929, 32.1614947363 ], [ 35.1414845917, 32.1621273527 ], [ 35.1410598541, 32.1612768466 ], [ 35.142804367, 32.1603731258 ], [ 35.1432514883, 32.1596316232 ], [ 35.1436988781, 32.1584740347 ], [ 35.1428695595, 32.1583288974 ], [ 35.1420823714, 32.1587445966 ], [ 35.1410394345, 32.1599923318 ], [ 35.1387631424, 32.1609138794 ], [ 35.1386428834, 32.1606341514 ], [ 35.1386498118, 32.1601739251 ], [ 35.1394657278, 32.1599553724 ], [ 35.1394234837, 32.1594306913 ], [ 35.1383601745, 32.1594663927 ], [ 35.1374034613, 32.1592696493 ], [ 35.1361827489, 32.1594093111 ], [ 35.1346807051, 32.1598262158 ], [ 35.1338511238, 32.1600247803 ], [ 35.1335106326, 32.1602778116 ], [ 35.1328090503, 32.1600060691 ], [ 35.1318947146, 32.1598608118 ], [ 35.130895299, 32.159661211 ], [ 35.1300023776, 32.1592627308 ], [ 35.1294708704, 32.1590995545 ], [ 35.1292365651, 32.1595154999 ], [ 35.1295974249, 32.1602936849 ], [ 35.1303842587, 32.1604027226 ], [ 35.1315538588, 32.1605661737 ], [ 35.1321703916, 32.1608740363 ], [ 35.1321486549, 32.1614168091 ], [ 35.1327645585, 32.1625388009 ], [ 35.134380002, 32.1636432206 ], [ 35.1355275658, 32.1648379051 ], [ 35.1362500447, 32.1657247517 ], [ 35.1371860611, 32.1654538148 ], [ 35.1371655617, 32.1644950253 ], [ 35.1380806074, 32.1637356634 ], [ 35.1375492446, 32.1633192997 ], [ 35.1361888236, 32.1622330938 ], [ 35.1363166656, 32.1619618152 ] ] ], [ [ [ 35.1544162915, 32.1753068168 ], [ 35.1540481059, 32.1736514558 ], [ 35.1533769303, 32.1738366851 ], [ 35.1522359671, 32.1740787945 ], [ 35.1521350614, 32.1745068257 ], [ 35.1514810075, 32.1740784809 ], [ 35.1509941365, 32.1746633093 ], [ 35.1518662614, 32.1751488236 ], [ 35.1515972766, 32.1761047409 ], [ 35.151160736, 32.1766753215 ], [ 35.152670432, 32.1771468278 ], [ 35.1542978362, 32.1771617519 ], [ 35.1544319779, 32.1773044958 ], [ 35.1545997992, 32.1772189475 ], [ 35.1544491837, 32.1765197027 ], [ 35.1539966831, 32.1756348395 ], [ 35.1544162915, 32.1753068168 ] ] ], [ [ [ 35.1486763752, 32.1788288839 ], [ 35.1477709418, 32.1779152603 ], [ 35.1465788588, 32.1792988223 ], [ 35.1469143079, 32.1794702042 ], [ 35.1470283252, 32.1794624642 ], [ 35.1472350746, 32.1794484289 ], [ 35.1487935072, 32.1793426225 ], [ 35.1486763752, 32.1788288839 ] ] ] ] } },
{ "type": "Feature", "properties": { "Id": 0, "Name": "Nofim", "GIS_ID": 3790.0, "Area": 241426.02145, "x": 35.1013, "y": 32.155 }, "geometry": { "type": "MultiPolygon", "coordinates": [ [ [ [ 35.1076674854, 32.1512788989 ], [ 35.1074246046, 32.1513099149 ], [ 35.1069426071, 32.1517192266 ], [ 35.1065943431, 32.1521627275 ], [ 35.1066876878, 32.1524017733 ], [ 35.1059377108, 32.1533001837 ], [ 35.1056569008, 32.1532088844 ], [ 35.1047866723, 32.1539364857 ], [ 35.1038097401, 32.1543226698 ], [ 35.1030740778, 32.1542196399 ], [ 35.1024989626, 32.1541622754 ], [ 35.1021247424, 32.1539002749 ], [ 35.1010416759, 32.1535466159 ], [ 35.099611447, 32.1526464482 ], [ 35.098486783, 32.1535445036 ], [ 35.097495808, 32.1544995645 ], [ 35.0973079259, 32.1549887152 ], [ 35.0974681253, 32.1552391866 ], [ 35.097762396, 32.1553305154 ], [ 35.0977753685, 32.1556604901 ], [ 35.0978687069, 32.1558881797 ], [ 35.0983230774, 32.1562299778 ], [ 35.0987241553, 32.1564578341 ], [ 35.0990313286, 32.1568564093 ], [ 35.0998203592, 32.1571187623 ], [ 35.1008367909, 32.1572789439 ], [ 35.101331997, 32.1570517372 ], [ 35.1017602973, 32.1568358369 ], [ 35.1018937599, 32.1571204588 ], [ 35.1022014064, 32.1571093451 ], [ 35.1024423187, 32.1570526367 ], [ 35.1027769692, 32.1567798449 ], [ 35.1032186468, 32.1565412253 ], [ 35.1031254707, 32.1561541941 ], [ 35.1040756121, 32.1558590747 ], [ 35.1047446024, 32.1556775325 ], [ 35.1053740612, 32.1549952838 ], [ 35.1052491121, 32.1546729775 ], [ 35.1065323395, 32.1528502022 ], [ 35.1076674854, 32.1512788989 ] ] ] ] } },
{ "type": "Feature", "properties": { "Id": 0, "Name": "Yair Farm", "GIS_ID": 0.045, "Area": 48829.789720100001, "x": 35.1044, "y": 32.145 }, "geometry": { "type": "MultiPolygon", "coordinates": [ [ [ [ 35.1049108802, 32.1443004405 ], [ 35.1054004166, 32.1445375438 ], [ 35.1056452857, 32.1445141082 ], [ 35.1049075974, 32.1449269562 ], [ 35.1047015028, 32.1447884406 ], [ 35.1046008025, 32.1449329575 ], [ 35.1048869382, 32.14528885 ], [ 35.1043325189, 32.1454362746 ], [ 35.1034108331, 32.1463906487 ], [ 35.1031902478, 32.1462266259 ], [ 35.1029598354, 32.1464542282 ], [ 35.1036358966, 32.1467544877 ], [ 35.1054741921, 32.1451814113 ], [ 35.1057526164, 32.1447352725 ], [ 35.1060066125, 32.1449120783 ], [ 35.1061345052, 32.14504952 ], [ 35.1063628512, 32.1449171342 ], [ 35.1066352943, 32.1451777814 ], [ 35.1065491469, 32.145377041 ], [ 35.1069534518, 32.1456169406 ], [ 35.107341654, 32.1455618556 ], [ 35.1073862919, 32.1454482645 ], [ 35.1073975566, 32.1453203995 ], [ 35.1069580905, 32.1451353757 ], [ 35.1067911151, 32.1451684329 ], [ 35.1063629779, 32.1447987295 ], [ 35.1057680073, 32.144334207 ], [ 35.105350951, 32.1440166321 ], [ 35.1052064268, 32.1437751102 ], [ 35.1051064541, 32.1435998143 ], [ 35.1048840512, 32.1434338909 ], [ 35.1045944229, 32.1435851633 ], [ 35.1042661223, 32.1435280914 ], [ 35.1041828777, 32.1433717456 ], [ 35.1040102351, 32.1434521385 ], [ 35.1040989312, 32.1437599892 ], [ 35.104276646, 32.1440821585 ], [ 35.1041652349, 32.1441909162 ], [ 35.103992785, 32.1441907795 ], [ 35.1039366902, 32.1445032949 ], [ 35.1038920538, 32.1446121053 ], [ 35.1036027188, 32.1445882484 ], [ 35.103463623, 32.1445218561 ], [ 35.1035528603, 32.144337241 ], [ 35.1034750391, 32.1442614287 ], [ 35.1033803423, 32.1443986955 ], [ 35.1032858632, 32.1442423402 ], [ 35.1033640132, 32.1440198412 ], [ 35.1033251715, 32.1439676868 ], [ 35.1030209455, 32.1437646398 ], [ 35.1032634985, 32.1432080454 ], [ 35.1031565235, 32.1431067256 ], [ 35.102973889, 32.1432786776 ], [ 35.1028742435, 32.1440005118 ], [ 35.1029633779, 32.1440052725 ], [ 35.103013511, 32.1439106249 ], [ 35.1031801244, 32.1442043806 ], [ 35.1033856347, 32.1445975441 ], [ 35.1035692581, 32.1446545032 ], [ 35.1036304179, 32.1447492397 ], [ 35.1034075122, 32.144943217 ], [ 35.1032461522, 32.144881496 ], [ 35.1031737653, 32.1449714366 ], [ 35.1031680378, 32.1450708993 ], [ 35.1030010141, 32.1451465158 ], [ 35.1029286006, 32.1452600831 ], [ 35.1024775484, 32.1450871198 ], [ 35.1023607555, 32.1453875002 ], [ 35.102188023, 32.1455436407 ], [ 35.1023381012, 32.1457426061 ], [ 35.1024660047, 32.1457711155 ], [ 35.1028113429, 32.1455725489 ], [ 35.1029948403, 32.1458500442 ], [ 35.103276596, 32.1457152907 ], [ 35.1035067707, 32.1455973678 ], [ 35.1036337474, 32.1455468518 ], [ 35.1037846031, 32.1454221162 ], [ 35.1038362425, 32.1453512933 ], [ 35.1038913993, 32.1452087279 ], [ 35.1038026141, 32.1449814068 ], [ 35.1040256903, 32.1446311489 ], [ 35.1040814818, 32.1444986303 ], [ 35.1042817617, 32.1445414434 ], [ 35.1043987856, 32.1444373794 ], [ 35.1046103446, 32.1443427684 ], [ 35.1049108802, 32.1443004405 ] ] ] ] } },
{ "type": "Feature", "properties": { "Id": 0, "Name": "Yaqir", "GIS_ID": 3647.0, "Area": 309126.00284299999, "x": 35.1136, "y": 32.1496 }, "geometry": { "type": "MultiPolygon", "coordinates": [ [ [ [ 35.1145909481, 32.1508289592 ], [ 35.1146176095, 32.150988865 ], [ 35.1147378188, 32.1515255138 ], [ 35.1149510159, 32.153124173 ], [ 35.1149472323, 32.1533340028 ], [ 35.1157014569, 32.1537944818 ], [ 35.1164005948, 32.1531366419 ], [ 35.1167226646, 32.1531025975 ], [ 35.1171260005, 32.1524406939 ], [ 35.1172877671, 32.1516529136 ], [ 35.1171004117, 32.1511503987 ], [ 35.1167117786, 32.1505221252 ], [ 35.1171010973, 32.1504310432 ], [ 35.1175307082, 32.1502144589 ], [ 35.1179329695, 32.1506713996 ], [ 35.1181342636, 32.150671537 ], [ 35.1184699574, 32.1504548854 ], [ 35.118242082, 32.1502034924 ], [ 35.1179870363, 32.1502147712 ], [ 35.1177053132, 32.1500775069 ], [ 35.1175040095, 32.1500888215 ], [ 35.1172220049, 32.1502485145 ], [ 35.1166448337, 32.150362282 ], [ 35.1165509872, 32.1501795147 ], [ 35.1160813914, 32.1500878368 ], [ 35.1156385923, 32.1500189912 ], [ 35.1154643723, 32.1497562683 ], [ 35.115665753, 32.1496650585 ], [ 35.1159744879, 32.1495968289 ], [ 35.1159344178, 32.1493798307 ], [ 35.1156792636, 32.1495052712 ], [ 35.1153840571, 32.1495050639 ], [ 35.1151695595, 32.1492423123 ], [ 35.1150632075, 32.1481917445 ], [ 35.1153592038, 32.1474840495 ], [ 35.1162179387, 32.1476445377 ], [ 35.1166472728, 32.1478160857 ], [ 35.1172380742, 32.1475081726 ], [ 35.1179630519, 32.1472118011 ], [ 35.117762154, 32.1468006287 ], [ 35.1179371508, 32.1462412789 ], [ 35.1174407053, 32.1460925045 ], [ 35.1172524398, 32.1464463269 ], [ 35.1167021531, 32.1465144827 ], [ 35.116070935, 32.1469707093 ], [ 35.1162182904, 32.1472791334 ], [ 35.1159497868, 32.1474045652 ], [ 35.1155874519, 32.1473357755 ], [ 35.1152520406, 32.1472670039 ], [ 35.1145810686, 32.1471751784 ], [ 35.1137088907, 32.1470033069 ], [ 35.1136013811, 32.1471403016 ], [ 35.1131183083, 32.1470828709 ], [ 35.1128096939, 32.1470369273 ], [ 35.112487412, 32.1471965807 ], [ 35.11211161, 32.1472419378 ], [ 35.1118822973, 32.1472710224 ], [ 35.1115330671, 32.1473474248 ], [ 35.1108965123, 32.1475386013 ], [ 35.1109433292, 32.1479604368 ], [ 35.1105808672, 32.1480172518 ], [ 35.1099902991, 32.1480738959 ], [ 35.1095871314, 32.1486445164 ], [ 35.1094382694, 32.1498089735 ], [ 35.109223539, 32.149785997 ], [ 35.1089960237, 32.1492149039 ], [ 35.1086604328, 32.1492146505 ], [ 35.1083514543, 32.1495112849 ], [ 35.1079081706, 32.14991062 ], [ 35.1082301823, 32.1500250314 ], [ 35.1086997818, 32.1501052858 ], [ 35.1091157938, 32.1501398676 ], [ 35.1095184507, 32.1500716342 ], [ 35.1104568809, 32.1510885587 ], [ 35.1110204405, 32.1512374099 ], [ 35.1116781152, 32.151192263 ], [ 35.1139205033, 32.1501776615 ], [ 35.1141349545, 32.1504861359 ], [ 35.1144839397, 32.1504521163 ], [ 35.1145909481, 32.1508289592 ] ] ] ] } },
{ "type": "Feature", "properties": { "Id": 0, "Name": "Revava", "GIS_ID": 3795.0, "Area": 256889.06597200001, "x": 35.1286, "y": 32.1187 }, "geometry": { "type": "MultiPolygon", "coordinates": [ [ [ [ 35.1296231288, 32.115548344 ], [ 35.1295849204, 32.1160152698 ], [ 35.1278253582, 32.1162557181 ], [ 35.1270683995, 32.1164807063 ], [ 35.1260274401, 32.1169792085 ], [ 35.1259704068, 32.1173816432 ], [ 35.1259888275, 32.1178968486 ], [ 35.1262154516, 32.1184283248 ], [ 35.1264993021, 32.1183319178 ], [ 35.1261541539, 32.1188288836 ], [ 35.1253443884, 32.119854567 ], [ 35.1250407081, 32.1212910466 ], [ 35.125139689, 32.1212911086 ], [ 35.1254427312, 32.1205940218 ], [ 35.1265215498, 32.1206423429 ], [ 35.1270080996, 32.1206345954 ], [ 35.1278023306, 32.1211180781 ], [ 35.1284643918, 32.1212633948 ], [ 35.1290699084, 32.1211027866 ], [ 35.1296376981, 32.1208132872 ], [ 35.1299785198, 32.1205076001 ], [ 35.1303380319, 32.1204111387 ], [ 35.1309056226, 32.1204919995 ], [ 35.1310759701, 32.1202827923 ], [ 35.1315680769, 32.1200093824 ], [ 35.1320794151, 32.1193978094 ], [ 35.1319661311, 32.1191401928 ], [ 35.1318340586, 32.1186571172 ], [ 35.1317399183, 32.1180451971 ], [ 35.1310021923, 32.1179320476 ], [ 35.1310782098, 32.1174812856 ], [ 35.1304163296, 32.1172715946 ], [ 35.1293188605, 32.1174320088 ], [ 35.1287136608, 32.1172383944 ], [ 35.1295087916, 32.1165948971 ], [ 35.1298683413, 32.116434049 ], [ 35.1305489737, 32.116901396 ], [ 35.1311545896, 32.1167084936 ], [ 35.1309280184, 32.1160804441 ], [ 35.1306636252, 32.1155812383 ], [ 35.1296231288, 32.115548344 ] ] ] ] } },
{ "type": "Feature", "properties": { "Id": 0, "Name": "Kiryat Netafim", "GIS_ID": 3746.0, "Area": 161780.169112, "x": 35.1123, "y": 32.1169 }, "geometry": { "type": "MultiPolygon", "coordinates": [ [ [ [ 35.1122694135, 32.1154210278 ], [ 35.11139756, 32.1156493557 ], [ 35.1106546052, 32.1161341526 ], [ 35.1102772498, 32.1167840651 ], [ 35.1105568957, 32.1169766249 ], [ 35.1103194459, 32.1176907584 ], [ 35.1099318509, 32.1178828222 ], [ 35.1093722838, 32.1178640971 ], [ 35.1090495409, 32.117744818 ], [ 35.1091037883, 32.1173418478 ], [ 35.1083826824, 32.1174786461 ], [ 35.1072738965, 32.1178808115 ], [ 35.1068968506, 32.1182102169 ], [ 35.1064550945, 32.1187044188 ], [ 35.1061099666, 32.1195008847 ], [ 35.1061310161, 32.1199313263 ], [ 35.1064318916, 32.1202887592 ], [ 35.106980751, 32.1203257954 ], [ 35.1073038402, 32.1200238531 ], [ 35.1075631103, 32.1191448044 ], [ 35.1081125592, 32.1185133377 ], [ 35.1084897929, 32.1179000446 ], [ 35.1085006776, 32.1178268273 ], [ 35.1090601968, 32.117891277 ], [ 35.1094475092, 32.1179739919 ], [ 35.1101792632, 32.1178921146 ], [ 35.1107068895, 32.1176452347 ], [ 35.1110403083, 32.1177920221 ], [ 35.11148192, 32.1173070023 ], [ 35.1118482579, 32.1168585387 ], [ 35.1122465329, 32.1167855134 ], [ 35.1125908233, 32.1168681873 ], [ 35.1126659416, 32.1170880988 ], [ 35.1125904749, 32.1172161888 ], [ 35.1122566461, 32.1173716859 ], [ 35.1123640274, 32.1176464499 ], [ 35.1124497195, 32.1179946039 ], [ 35.1126325606, 32.1181503859 ], [ 35.113202878, 32.1181232933 ], [ 35.113342812, 32.1180592765 ], [ 35.1131498235, 32.1173448279 ], [ 35.1135159718, 32.1170795134 ], [ 35.1137528224, 32.1170521785 ], [ 35.1142153409, 32.1171624372 ], [ 35.1147210228, 32.1172360219 ], [ 35.1151083107, 32.117346224 ], [ 35.1155604048, 32.1172824246 ], [ 35.1160447545, 32.1171729251 ], [ 35.1164001649, 32.1168251709 ], [ 35.1165730267, 32.1161200891 ], [ 35.1168642161, 32.1154425936 ], [ 35.1173717525, 32.1145337517 ], [ 35.1176671282, 32.1137760438 ], [ 35.1174642798, 32.1136310101 ], [ 35.1165317694, 32.1142801329 ], [ 35.1159499804, 32.1150215426 ], [ 35.1157667239, 32.1152961907 ], [ 35.1155300111, 32.1152960248 ], [ 35.1150131298, 32.1156345547 ], [ 35.1147869199, 32.1159456937 ], [ 35.1145821033, 32.1162661358 ], [ 35.1143561061, 32.1163575073 ], [ 35.1139690399, 32.1160275361 ], [ 35.113485084, 32.1157433053 ], [ 35.1129794023, 32.1156788238 ], [ 35.112904339, 32.1154040836 ], [ 35.1122694135, 32.1154210278 ] ] ] ] } },
{ "type": "Feature", "properties": { "Id": 0, "Name": "Barqan", "GIS_ID": 3654.0, "Area": 358747.345531, "x": 35.1061, "y": 32.1071 }, "geometry": { "type": "MultiPolygon", "coordinates": [ [ [ [ 35.1098182623, 32.1082197557 ], [ 35.1087335868, 32.1079670701 ], [ 35.1079310177, 32.1073547747 ], [ 35.107705771, 32.1071507074 ], [ 35.1075932349, 32.1070666645 ], [ 35.1080757651, 32.1065643943 ], [ 35.1087165764, 32.1060328959 ], [ 35.1087398484, 32.1056436567 ], [ 35.1085651177, 32.1050920775 ], [ 35.1085819122, 32.1047767695 ], [ 35.1082302166, 32.1042247853 ], [ 35.1074698211, 32.1038404021 ], [ 35.1069909627, 32.1036242354 ], [ 35.1063571084, 32.1034078568 ], [ 35.1054835367, 32.1034551531 ], [ 35.1044266523, 32.1035262865 ], [ 35.103412118, 32.1036214326 ], [ 35.1028481952, 32.1038847565 ], [ 35.1028759522, 32.1042685824 ], [ 35.1032983084, 32.1046047483 ], [ 35.1031286746, 32.105096361 ], [ 35.102874559, 32.1055278464 ], [ 35.1029303398, 32.1060556208 ], [ 35.1028853154, 32.1063786875 ], [ 35.1030423933, 32.1066673973 ], [ 35.102971314, 32.1072309615 ], [ 35.1027033263, 32.1074586298 ], [ 35.1030551732, 32.1078547091 ], [ 35.1038581075, 32.1080112691 ], [ 35.105126208, 32.108132208 ], [ 35.1062816921, 32.1080491514 ], [ 35.1067607249, 32.1081214847 ], [ 35.1068167081, 32.1084813435 ], [ 35.1068446362, 32.1087211519 ], [ 35.1061398657, 32.1089005149 ], [ 35.1054630453, 32.1093917359 ], [ 35.1052080729, 32.1106148191 ], [ 35.1051081578, 32.111790138 ], [ 35.1053149812, 32.1124995875 ], [ 35.1055159865, 32.1125699669 ], [ 35.105459398, 32.1127738181 ], [ 35.1055719803, 32.1129178322 ], [ 35.10551534, 32.1131696587 ], [ 35.1057264887, 32.1132897618 ], [ 35.1059521321, 32.1131340175 ], [ 35.1059805225, 32.112942138 ], [ 35.1057692555, 32.112834029 ], [ 35.1056849605, 32.1125940864 ], [ 35.105924836, 32.1123064209 ], [ 35.1064323056, 32.1121628883 ], [ 35.1068555017, 32.1117555143 ], [ 35.107138334, 32.1108202116 ], [ 35.1078157114, 32.1098013429 ], [ 35.1080979361, 32.1094297484 ], [ 35.1085349282, 32.1092861537 ], [ 35.1088731901, 32.10922644 ], [ 35.1092680171, 32.1089748663 ], [ 35.1096062278, 32.108963126 ], [ 35.1100288081, 32.1090234108 ], [ 35.1102404775, 32.1087357159 ], [ 35.1102690297, 32.1083760117 ], [ 35.1098182623, 32.1082197557 ] ] ] ] } },
{ "type": "Feature", "properties": { "Id": 0, "Name": "Nofei Nehemia", "GIS_ID": 0.114, "Area": 15202.9537977, "x": 35.2358, "y": 32.0984 }, "geometry": { "type": "MultiPolygon", "coordinates": [ [ [ [ 35.2354971843, 32.0976556118 ], [ 35.2353263551, 32.0978049008 ], [ 35.2350250021, 32.0978742994 ], [ 35.2349671325, 32.0979441276 ], [ 35.2348851436, 32.098022175 ], [ 35.234750124, 32.0982152231 ], [ 35.2347694747, 32.0983753804 ], [ 35.2350444793, 32.0984122747 ], [ 35.2351688244, 32.0984390818 ], [ 35.2350811786, 32.098655534 ], [ 35.2351381919, 32.0987077341 ], [ 35.2352433867, 32.0986965263 ], [ 35.2354229943, 32.0984987187 ], [ 35.2356465694, 32.0986217588 ], [ 35.2356958962, 32.0987611863 ], [ 35.2359082451, 32.0989746829 ], [ 35.236247132, 32.0988939514 ], [ 35.2365353743, 32.0988307903 ], [ 35.2367622321, 32.0991387363 ], [ 35.236998593, 32.099031901 ], [ 35.2368199719, 32.0987034095 ], [ 35.2365449585, 32.0986459856 ], [ 35.2360363924, 32.0979016685 ], [ 35.2354971843, 32.0976556118 ] ] ] ] } },
{ "type": "Feature", "properties": { "Id": 0, "Name": "Nehelim", "GIS_ID": 0.133, "Area": 79017.147312700021, "x": 35.2566, "y": 32.1022 }, "geometry": { "type": "MultiPolygon", "coordinates": [ [ [ [ 35.2586197029, 32.1033433816 ], [ 35.258724642, 32.1030749625 ], [ 35.2582572449, 32.1025178919 ], [ 35.2583021157, 32.10228802 ], [ 35.258386293, 32.1019336278 ], [ 35.258156292, 32.101706551 ], [ 35.2573575706, 32.1015011881 ], [ 35.2564013012, 32.1016446992 ], [ 35.2562435916, 32.1015285225 ], [ 35.2559701978, 32.1012333864 ], [ 35.2558964625, 32.1008577286 ], [ 35.2557911871, 32.1005357403 ], [ 35.2552445865, 32.1004554306 ], [ 35.2547822453, 32.1004377598 ], [ 35.2544880406, 32.1006257205 ], [ 35.2542463295, 32.1009087622 ], [ 35.2539899114, 32.1009367283 ], [ 35.2537315448, 32.1008943916 ], [ 35.253728102, 32.1010854457 ], [ 35.2545792893, 32.1011687074 ], [ 35.2546253574, 32.1018154042 ], [ 35.2552981013, 32.1021997512 ], [ 35.2553088496, 32.1024770488 ], [ 35.2556767578, 32.1027900035 ], [ 35.2559711681, 32.1029598723 ], [ 35.2565598299, 32.1032011319 ], [ 35.2570643535, 32.1034066224 ], [ 35.2574638924, 32.103621173 ], [ 35.2579158294, 32.1037551699 ], [ 35.258420396, 32.1040233297 ], [ 35.2587146035, 32.1038353601 ], [ 35.2585147317, 32.1035581438 ], [ 35.2586197029, 32.1033433816 ] ] ] ] } },
{ "type": "Feature", "properties": { "Id": 0, "Name": "Thiya", "GIS_ID": 0.115, "Area": 40504.553172599997, "x": 35.336, "y": 32.0655 }, "geometry": { "type": "MultiPolygon", "coordinates": [ [ [ [ 35.3337759481, 32.0644121326 ], [ 35.3337151018, 32.0642867258 ], [ 35.3335721413, 32.0643200839 ], [ 35.3336156688, 32.0644565792 ], [ 35.3337759481, 32.0644121326 ] ] ], [ [ [ 35.3373531548, 32.0658070388 ], [ 35.337821867, 32.0645577785 ], [ 35.3371967018, 32.0648276222 ], [ 35.3367729432, 32.064793707 ], [ 35.3366929632, 32.0648260928 ], [ 35.3366453991, 32.0648520021 ], [ 35.3365915198, 32.0648568419 ], [ 35.3357788369, 32.0649599209 ], [ 35.3355156661, 32.0650756539 ], [ 35.3350289804, 32.0648573687 ], [ 35.3352982794, 32.064757079 ], [ 35.335180267, 32.0645841334 ], [ 35.3349366973, 32.0646982173 ], [ 35.334677176, 32.0643041918 ], [ 35.3345082616, 32.06437079 ], [ 35.3345735235, 32.0646700038 ], [ 35.3347754835, 32.0648243646 ], [ 35.33460112, 32.0651624481 ], [ 35.3345141403, 32.0655119846 ], [ 35.3348373757, 32.0657521622 ], [ 35.3349785453, 32.0659608084 ], [ 35.3350872849, 32.066241156 ], [ 35.3353606672, 32.0664955017 ], [ 35.3360407759, 32.0663029036 ], [ 35.3368117712, 32.0660290212 ], [ 35.3373531548, 32.0658070388 ] ] ] ] } },
{ "type": "Feature", "properties": { "Id": 0, "Name": "Esh Kodesh", "GIS_ID": 0.117, "Area": 62387.1559824, "x": 35.3268, "y": 32.061 }, "geometry": { "type": "MultiPolygon", "coordinates": [ [ [ [ 35.3256303051, 32.0608144817 ], [ 35.3253326641, 32.0613229303 ], [ 35.3253421415, 32.0616848136 ], [ 35.3249988533, 32.0618699195 ], [ 35.3245198586, 32.0620166463 ], [ 35.3242852178, 32.06236334 ], [ 35.3244996578, 32.0625021883 ], [ 35.3248555193, 32.0628786288 ], [ 35.3251082731, 32.0626165958 ], [ 35.3255474021, 32.0621321845 ], [ 35.3260746898, 32.0618072983 ], [ 35.3270959732, 32.0615752726 ], [ 35.3279279916, 32.0617208265 ], [ 35.3285329959, 32.0611812296 ], [ 35.3284505847, 32.0604576158 ], [ 35.3285308332, 32.0595798152 ], [ 35.3279156356, 32.0593032028 ], [ 35.3275182466, 32.059565382 ], [ 35.326633085, 32.0602130099 ], [ 35.3256303051, 32.0608144817 ] ] ] ] } },
{ "type": "Feature", "properties": { "Id": 0, "Name": "Givat Harel", "GIS_ID": 0.122, "Area": 71600.384134199994, "x": 35.2725, "y": 32.0594 }, "geometry": { "type": "MultiPolygon", "coordinates": [ [ [ [ 35.2749989371, 32.0599344806 ], [ 35.274137855, 32.0599626563 ], [ 35.2735203873, 32.0595516832 ], [ 35.2731311243, 32.0592777474 ], [ 35.2727016662, 32.0590608259 ], [ 35.2727013011, 32.058569525 ], [ 35.2730228721, 32.0579637919 ], [ 35.2736528345, 32.0572665374 ], [ 35.2730758906, 32.0572096771 ], [ 35.2725795992, 32.0572443037 ], [ 35.2721370909, 32.0575529569 ], [ 35.2714935773, 32.0582731168 ], [ 35.2715877637, 32.0586272944 ], [ 35.2712526554, 32.0589816088 ], [ 35.2705551647, 32.0593247493 ], [ 35.2698442772, 32.059599356 ], [ 35.2695360636, 32.0601136314 ], [ 35.2701264723, 32.0601705008 ], [ 35.2701935611, 32.0601019291 ], [ 35.2706092648, 32.0598960119 ], [ 35.2709713838, 32.0596902116 ], [ 35.271319936, 32.0593243478 ], [ 35.2716417444, 32.0590271243 ], [ 35.2720977808, 32.0589583446 ], [ 35.2720979828, 32.0592325822 ], [ 35.2721519155, 32.059563875 ], [ 35.2718650305, 32.0597562121 ], [ 35.2716465931, 32.0600568034 ], [ 35.2720389752, 32.0607888625 ], [ 35.2722351105, 32.0610761032 ], [ 35.272648631, 32.0609461123 ], [ 35.2725684386, 32.0603291903 ], [ 35.2728114384, 32.0603249872 ], [ 35.2728230917, 32.0600090942 ], [ 35.2731721336, 32.0603059585 ], [ 35.2732126991, 32.0607401535 ], [ 35.2734324086, 32.0610569183 ], [ 35.2738351548, 32.0610752367 ], [ 35.2743139104, 32.0608525125 ], [ 35.2744872421, 32.0605680227 ], [ 35.2744984754, 32.0602313732 ], [ 35.2748793993, 32.0601848159 ], [ 35.2749989371, 32.0599344806 ] ] ] ] } },
{ "type": "Feature", "properties": { "Id": 0, "Name": "Eilon Moreh", "GIS_ID": 3579.0, "Area": 583753.67170599999, "x": 35.3341, "y": 32.2334 }, "geometry": { "type": "MultiPolygon", "coordinates": [ [ [ [ 35.369418783, 32.2140425475 ], [ 35.3707764286, 32.2148642712 ], [ 35.3714419681, 32.213893532 ], [ 35.3714619953, 32.2130700023 ], [ 35.370686866, 32.2129794938 ], [ 35.3695471202, 32.2135666021 ], [ 35.369418783, 32.2140425475 ] ] ], [ [ [ 35.3316671593, 32.2259998347 ], [ 35.3320129713, 32.2261905839 ], [ 35.3333944593, 32.2254175228 ], [ 35.3340839789, 32.2253116702 ], [ 35.3345793629, 32.2255064857 ], [ 35.3351967611, 32.22544771 ], [ 35.3353390615, 32.2250698724 ], [ 35.3342062232, 32.2242894711 ], [ 35.3332690445, 32.2242753704 ], [ 35.332367867, 32.2246670258 ], [ 35.3316616197, 32.2254043099 ], [ 35.3316671593, 32.2259998347 ] ] ], [ [ [ 35.342054278, 32.2334829789 ], [ 35.3431697886, 32.232795508 ], [ 35.3419655245, 32.2316141462 ], [ 35.3406594307, 32.2312067862 ], [ 35.3398521906, 32.2312952163 ], [ 35.3387372116, 32.23242074 ], [ 35.3391155087, 32.2326831147 ], [ 35.3407654347, 32.23320699 ], [ 35.341240628, 32.2329959341 ], [ 35.342054278, 32.2334829789 ] ] ], [ [ [ 35.3314627192, 32.2328089023 ], [ 35.3307455626, 32.2324601832 ], [ 35.3306605235, 32.2319586105 ], [ 35.3310604824, 32.2315640442 ], [ 35.3316923016, 32.2312050438 ], [ 35.3314173717, 32.2304886792 ], [ 35.3308055211, 32.2300951264 ], [ 35.3302990493, 32.2297193209 ], [ 35.3294768717, 32.2296663913 ], [ 35.328359679, 32.2296316915 ], [ 35.3276647625, 32.2301699197 ], [ 35.3272229896, 32.2307974447 ], [ 35.3270554187, 32.2315500491 ], [ 35.3272671094, 32.2322844299 ], [ 35.3280265621, 32.2326958008 ], [ 35.3287436004, 32.2329639166 ], [ 35.3297345728, 32.2330704294 ], [ 35.3294198844, 32.2342263662 ], [ 35.3291257592, 32.2349074971 ], [ 35.3299706175, 32.2361429039 ], [ 35.3294653017, 32.2365555161 ], [ 35.3293184527, 32.2370932094 ], [ 35.3296354669, 32.2377020445 ], [ 35.3293624629, 32.2384727009 ], [ 35.3297432683, 32.2394040373 ], [ 35.3300818275, 32.2403174691 ], [ 35.3294500784, 32.2408556435 ], [ 35.329640162, 32.241124184 ], [ 35.3301883245, 32.2411415848 ], [ 35.3309045912, 32.24080045 ], [ 35.3312624145, 32.2403700351 ], [ 35.3314713973, 32.2390439462 ], [ 35.3318293863, 32.2387390564 ], [ 35.3326950788, 32.2397235495 ], [ 35.3336642234, 32.2393463416 ], [ 35.3343172811, 32.2389694516 ], [ 35.3349702785, 32.2386283587 ], [ 35.335956982, 32.2391030886 ], [ 35.3368746376, 32.2377143283 ], [ 35.33595938, 32.237462691 ], [ 35.3356216227, 32.2371405675 ], [ 35.3347570488, 32.2369443343 ], [ 35.3347986075, 32.2365501256 ], [ 35.3342288271, 32.2360848553 ], [ 35.3331739502, 32.2355305314 ], [ 35.332877882, 32.2348141019 ], [ 35.3318846916, 32.2330592611 ], [ 35.3314627192, 32.2328089023 ] ] ] ] } },
{ "type": "Feature", "properties": { "Id": 0, "Name": "Alon Shvut", "GIS_ID": 3604.0, "Area": 476733.80439900002, "x": 35.1252, "y": 31.6556 }, "geometry": { "type": "MultiPolygon", "coordinates": [ [ [ [ 35.1325126472, 31.6550076444 ], [ 35.1325205835, 31.6553812887 ], [ 35.1324872509, 31.6558121778 ], [ 35.1324869409, 31.656214767 ], [ 35.1322308958, 31.6562782035 ], [ 35.1322555475, 31.6564407323 ], [ 35.1324784668, 31.6565397017 ], [ 35.1326518373, 31.6566316084 ], [ 35.1328335025, 31.6566317104 ], [ 35.1330400205, 31.6565329824 ], [ 35.1334198018, 31.6566673906 ], [ 35.1335518159, 31.6567946259 ], [ 35.1337996056, 31.6567735695 ], [ 35.1340226241, 31.6566041433 ], [ 35.1338163038, 31.6564423263 ], [ 35.1335274776, 31.6562160704 ], [ 35.1335275847, 31.6560748395 ], [ 35.1332716161, 31.6560393443 ], [ 35.1331724859, 31.6560675172 ], [ 35.1330073319, 31.6561239715 ], [ 35.1325943057, 31.6561731616 ], [ 35.1325780208, 31.655961306 ], [ 35.1326362549, 31.6553679161 ], [ 35.1328842789, 31.6550360813 ], [ 35.1331403955, 31.6548737999 ], [ 35.1333139679, 31.6546973128 ], [ 35.1333472962, 31.6542664235 ], [ 35.1332979257, 31.6540262311 ], [ 35.1332072636, 31.6537365939 ], [ 35.1329103208, 31.65338317 ], [ 35.1327780877, 31.6534114142 ], [ 35.1325302003, 31.6537078961 ], [ 35.1322821895, 31.6540256614 ], [ 35.1320510035, 31.6539901777 ], [ 35.1317371982, 31.6540395115 ], [ 35.1317865977, 31.6542373171 ], [ 35.1320259533, 31.6543433312 ], [ 35.1320752551, 31.6546682987 ], [ 35.132182373, 31.654943877 ], [ 35.1325126472, 31.6550076444 ] ] ], [ [ [ 35.1209619484, 31.6573983871 ], [ 35.1206219166, 31.6573981643 ], [ 35.1204355011, 31.65728549 ], [ 35.1202050472, 31.6573697521 ], [ 35.1195688164, 31.657284917 ], [ 35.119251787, 31.6568612433 ], [ 35.1190041853, 31.6564979825 ], [ 35.1196088887, 31.6566108488 ], [ 35.1197370924, 31.6560807502 ], [ 35.1195384143, 31.6560187159 ], [ 35.1189892296, 31.6564208549 ], [ 35.1189339461, 31.6558299772 ], [ 35.1188571617, 31.6557455118 ], [ 35.1183085451, 31.6559046817 ], [ 35.1177928746, 31.6560075054 ], [ 35.1179459793, 31.6564486177 ], [ 35.1178909531, 31.656664395 ], [ 35.117945432, 31.6570397851 ], [ 35.1181647226, 31.6571713342 ], [ 35.1183620572, 31.6573310059 ], [ 35.118636064, 31.6575845222 ], [ 35.1186908758, 31.6577159596 ], [ 35.118646814, 31.6578191026 ], [ 35.1182300573, 31.6577813046 ], [ 35.1178021606, 31.6578185323 ], [ 35.1176593218, 31.6580154913 ], [ 35.1175165091, 31.6582969541 ], [ 35.1175053341, 31.6585221403 ], [ 35.1177356541, 31.6585879521 ], [ 35.1178783013, 31.6584848764 ], [ 35.1181197776, 31.6583442599 ], [ 35.1182515554, 31.6582504655 ], [ 35.1182298236, 31.6580346363 ], [ 35.1184162793, 31.6579878654 ], [ 35.1185807973, 31.6580630107 ], [ 35.1183061751, 31.6584756962 ], [ 35.1180755861, 31.6587008245 ], [ 35.1180424987, 31.6589072373 ], [ 35.1182288192, 31.6591231777 ], [ 35.1186455818, 31.6591609756 ], [ 35.118832059, 31.6592079973 ], [ 35.1191939114, 31.6594521918 ], [ 35.1194790714, 31.659508748 ], [ 35.119775444, 31.6592931303 ], [ 35.1200389186, 31.6590774902 ], [ 35.1201927027, 31.6588992945 ], [ 35.1201708986, 31.6587585002 ], [ 35.1207965439, 31.6584304549 ], [ 35.1211583766, 31.6585808507 ], [ 35.121821371, 31.6586321068 ], [ 35.1214879276, 31.6581588154 ], [ 35.1215102249, 31.6577459595 ], [ 35.121839218, 31.6578305866 ], [ 35.1222997785, 31.6580560775 ], [ 35.1227492362, 31.6584410982 ], [ 35.1229577187, 31.6584037141 ], [ 35.1232650126, 31.6582256126 ], [ 35.1237284487, 31.6582201356 ], [ 35.1239083845, 31.6586636754 ], [ 35.1246336638, 31.6583749396 ], [ 35.1244939207, 31.6579355387 ], [ 35.1250317186, 31.6577294389 ], [ 35.1253499638, 31.6575607185 ], [ 35.1256241723, 31.6575984052 ], [ 35.1254703555, 31.6579549048 ], [ 35.1250312801, 31.6582454816 ], [ 35.1247794712, 31.6591976184 ], [ 35.1254143613, 31.6591819466 ], [ 35.1260490624, 31.6593911979 ], [ 35.1264210187, 31.6593368008 ], [ 35.1269284812, 31.6589611615 ], [ 35.1271374281, 31.658453209 ], [ 35.1274117404, 31.6583689609 ], [ 35.1276095872, 31.6579280716 ], [ 35.1277523843, 31.6576278388 ], [ 35.1275771154, 31.6574119189 ], [ 35.1275882506, 31.6572054903 ], [ 35.1279614005, 31.6569336238 ], [ 35.1281156258, 31.6561923888 ], [ 35.1281815703, 31.6560047516 ], [ 35.1283791487, 31.6558829382 ], [ 35.1284894689, 31.655190467 ], [ 35.1281713924, 31.6550401181 ], [ 35.1281825412, 31.6548149307 ], [ 35.12824863, 31.6544489961 ], [ 35.128205145, 31.6539892028 ], [ 35.1279641481, 31.653576188 ], [ 35.1283593634, 31.6532479672 ], [ 35.1284691496, 31.6530791145 ], [ 35.1282719732, 31.6528444237 ], [ 35.1286671778, 31.6523942706 ], [ 35.1289415999, 31.6521504803 ], [ 35.1286565478, 31.6519813934 ], [ 35.1286348604, 31.6516829555 ], [ 35.1286900717, 31.6512044621 ], [ 35.1287895348, 31.6503693998 ], [ 35.1287789045, 31.6499564324 ], [ 35.1282522312, 31.6500312442 ], [ 35.1272208826, 31.6503496123 ], [ 35.126265965, 31.6510434627 ], [ 35.125629218, 31.6516154811 ], [ 35.1254972851, 31.6520376498 ], [ 35.1254200124, 31.6525274014 ], [ 35.1253427505, 31.6531279011 ], [ 35.1251557647, 31.6536908154 ], [ 35.1249469026, 31.6541879702 ], [ 35.1247053111, 31.6544881384 ], [ 35.1244528574, 31.6546662779 ], [ 35.124145634, 31.654778637 ], [ 35.1238492291, 31.6550600105 ], [ 35.1236295865, 31.6553319623 ], [ 35.1232345904, 31.6553786084 ], [ 35.1227847928, 31.6553970802 ], [ 35.122510559, 31.6553969046 ], [ 35.1223458364, 31.6555563375 ], [ 35.1221482095, 31.6557251283 ], [ 35.1221150098, 31.6560704284 ], [ 35.1218622484, 31.6565863985 ], [ 35.1216093262, 31.657280575 ], [ 35.121532344, 31.6575338569 ], [ 35.1213676826, 31.657618254 ], [ 35.1209617606, 31.65760861 ], [ 35.1209619484, 31.6573983871 ] ] ] ] } },
{ "type": "Feature", "properties": { "Id": 0, "Name": "Haro'e", "GIS_ID": 0.09, "Area": 29391.64045, "x": 35.2625, "y": 32.0546 }, "geometry": { "type": "MultiPolygon", "coordinates": [ [ [ [ 35.2627953985, 32.0554701155 ], [ 35.2629813237, 32.0551092189 ], [ 35.2632955013, 32.0546171405 ], [ 35.2633272459, 32.0540868664 ], [ 35.2629865449, 32.0533326672 ], [ 35.262710577, 32.0532944679 ], [ 35.2620562502, 32.0538960886 ], [ 35.2617231682, 32.054984083 ], [ 35.2616208601, 32.0556346888 ], [ 35.2619162023, 32.0558258273 ], [ 35.2622628746, 32.0558038459 ], [ 35.2627953985, 32.0554701155 ] ] ] ] } },
{ "type": "Feature", "properties": { "Id": 0, "Name": "Ma'ale Levona", "GIS_ID": 3752.0, "Area": 172525.43393900001, "x": 35.2402, "y": 32.0548 }, "geometry": { "type": "MultiPolygon", "coordinates": [ [ [ [ 35.2429558727, 32.0548990172 ], [ 35.2431462131, 32.0545312946 ], [ 35.242866624, 32.0539258199 ], [ 35.2421553658, 32.0536556736 ], [ 35.2416982728, 32.0537206485 ], [ 35.2412920837, 32.0539803059 ], [ 35.2410127152, 32.0538939041 ], [ 35.2407629077, 32.0535031796 ], [ 35.2406822519, 32.053126205 ], [ 35.2400597964, 32.0524558919 ], [ 35.2396280959, 32.0524560126 ], [ 35.2388790319, 32.0526832924 ], [ 35.2383205473, 32.053159324 ], [ 35.2381048236, 32.053364812 ], [ 35.2377112344, 32.0536460979 ], [ 35.2376732282, 32.0539596644 ], [ 35.2377876742, 32.0541975296 ], [ 35.2375083901, 32.0543381937 ], [ 35.237267189, 32.0546735464 ], [ 35.2374833193, 32.0552898716 ], [ 35.2381057078, 32.0557763198 ], [ 35.238435845, 32.055981662 ], [ 35.2387026244, 32.056089716 ], [ 35.2400105386, 32.0562299462 ], [ 35.2406455267, 32.0566623603 ], [ 35.2408788221, 32.0566991979 ], [ 35.2413031712, 32.0570570848 ], [ 35.2419528762, 32.0571024589 ], [ 35.2422962092, 32.056510465 ], [ 35.2426007807, 32.056067048 ], [ 35.2426639776, 32.0552559486 ], [ 35.2429558727, 32.0548990172 ] ] ] ] } },
{ "type": "Feature", "properties": { "Id": 0, "Name": "Ele Zahav", "GIS_ID": 3727.0, "Area": 244658.796569, "x": 35.0661, "y": 32.0712 }, "geometry": { "type": "MultiPolygon", "coordinates": [ [ [ [ 35.0667802364, 32.0707432483 ], [ 35.0666150283, 32.0706672275 ], [ 35.0667683383, 32.0702018858 ], [ 35.0669083785, 32.0700396239 ], [ 35.0671626696, 32.070104829 ], [ 35.0676967003, 32.0700729414 ], [ 35.0677990562, 32.0696832945 ], [ 35.0681041082, 32.0697269093 ], [ 35.0705962354, 32.0697728512 ], [ 35.0710921052, 32.0697625522 ], [ 35.071829513, 32.0698499885 ], [ 35.0724019129, 32.0697206368 ], [ 35.0732154352, 32.0699055386 ], [ 35.0740031129, 32.0703935932 ], [ 35.0738754108, 32.0707507543 ], [ 35.0733234718, 32.0719785572 ], [ 35.0744600318, 32.0719748646 ], [ 35.0751914778, 32.0716935527 ], [ 35.0751972103, 32.0711526876 ], [ 35.0749180715, 32.0707518239 ], [ 35.0743719598, 32.070264023 ], [ 35.0724150727, 32.0694066442 ], [ 35.0711308557, 32.0694053003 ], [ 35.0702028736, 32.0692094424 ], [ 35.0693389586, 32.0687321045 ], [ 35.0685003895, 32.068308986 ], [ 35.067597512, 32.068405499 ], [ 35.0669609067, 32.0689786247 ], [ 35.0665009972, 32.0703640091 ], [ 35.0658907032, 32.0703308788 ], [ 35.0652297547, 32.0701785624 ], [ 35.0646067703, 32.0701345003 ], [ 35.063716762, 32.0701118723 ], [ 35.0636146371, 32.0703391924 ], [ 35.0634490732, 32.0705663517 ], [ 35.0625205778, 32.0707060864 ], [ 35.0619100146, 32.0708460819 ], [ 35.0615668014, 32.0708240524 ], [ 35.0608169744, 32.0705525754 ], [ 35.06037185, 32.0706169998 ], [ 35.0603711711, 32.0710501327 ], [ 35.0604716386, 32.0718189396 ], [ 35.0606747846, 32.0720140487 ], [ 35.0608908773, 32.0720575799 ], [ 35.0611835163, 32.0719821599 ], [ 35.0615650341, 32.0719609473 ], [ 35.0618955928, 32.0719504979 ], [ 35.0622643343, 32.0719725552 ], [ 35.0626202667, 32.0720595265 ], [ 35.0626705186, 32.0724385182 ], [ 35.0628736538, 32.0726445355 ], [ 35.0628479185, 32.0728502069 ], [ 35.0624025334, 32.0730770519 ], [ 35.0624531194, 32.0732395224 ], [ 35.0627580804, 32.0733481695 ], [ 35.0631262118, 32.0737708022 ], [ 35.0630113946, 32.0740522155 ], [ 35.0632908073, 32.0742474054 ], [ 35.0637230888, 32.0742803507 ], [ 35.0642058116, 32.0745732485 ], [ 35.0645367326, 32.0744003788 ], [ 35.0646898619, 32.0740648986 ], [ 35.0646904876, 32.0736534089 ], [ 35.065186904, 32.0732966629 ], [ 35.0660780193, 32.0726046971 ], [ 35.0665366143, 32.0721072239 ], [ 35.0666390014, 32.0716309152 ], [ 35.0667802364, 32.0707432483 ] ] ] ] } },
{ "type": "Feature", "properties": { "Id": 0, "Name": "Bet Arye", "GIS_ID": 3652.0, "Area": 780892.74133800005, "x": 35.0513, "y": 32.0364 }, "geometry": { "type": "MultiPolygon", "coordinates": [ [ [ [ 35.050836413, 32.039470969 ], [ 35.0513847981, 32.0390436364 ], [ 35.0520155326, 32.0384962804 ], [ 35.0522629245, 32.0379368285 ], [ 35.0520041069, 32.0370851256 ], [ 35.051690763, 32.0361751001 ], [ 35.0519641311, 32.0364203587 ], [ 35.0528526553, 32.0372727256 ], [ 35.0530570051, 32.0379027888 ], [ 35.0528780587, 32.038497314 ], [ 35.0532609939, 32.0387543338 ], [ 35.0535623871, 32.0386380896 ], [ 35.05411097, 32.0380789019 ], [ 35.0539067459, 32.0373673176 ], [ 35.0532509577, 32.0365501354 ], [ 35.0521436099, 32.0355691821 ], [ 35.0519118733, 32.0349262787 ], [ 35.0519127817, 32.0343781638 ], [ 35.0522288312, 32.0337138242 ], [ 35.0524074258, 32.0333291487 ], [ 35.0526539551, 32.0332828207 ], [ 35.0532155355, 32.0331085416 ], [ 35.0539694245, 32.0325729552 ], [ 35.054681346, 32.0325155412 ], [ 35.0552972072, 32.0326794933 ], [ 35.0558995152, 32.03271519 ], [ 35.0562967482, 32.0325640613 ], [ 35.0567348241, 32.0326228287 ], [ 35.0576109888, 32.0326005794 ], [ 35.0586786272, 32.0328000271 ], [ 35.0597598574, 32.0329762148 ], [ 35.0605130509, 32.0328604684 ], [ 35.0613213912, 32.0324764932 ], [ 35.0616782086, 32.031893789 ], [ 35.0618163877, 32.0311242549 ], [ 35.0616392144, 32.0305525824 ], [ 35.0610372269, 32.0303186968 ], [ 35.0597096181, 32.0301188824 ], [ 35.0578271721, 32.030135388 ], [ 35.0571012103, 32.0303794769 ], [ 35.0564021255, 32.0308917894 ], [ 35.0559219232, 32.0315559476 ], [ 35.0556754755, 32.0315556588 ], [ 35.0549226957, 32.0314847938 ], [ 35.0545672693, 32.0311228413 ], [ 35.0541161933, 32.0306675279 ], [ 35.0532332994, 32.0306081319 ], [ 35.0522335636, 32.0308518661 ], [ 35.0514793106, 32.0316090151 ], [ 35.051464472, 32.03232043 ], [ 35.0511905067, 32.0323783558 ], [ 35.0507799906, 32.0322378993 ], [ 35.050136691, 32.0321555052 ], [ 35.0497803874, 32.0323883678 ], [ 35.0484143906, 32.0342501029 ], [ 35.0472522909, 32.0356789161 ], [ 35.0466246292, 32.0365993131 ], [ 35.0464455427, 32.0370352173 ], [ 35.0465273567, 32.0372335354 ], [ 35.0465952537, 32.0375835194 ], [ 35.0463028145, 32.0375625112 ], [ 35.0462429589, 32.0392714606 ], [ 35.0463206183, 32.0396230588 ], [ 35.0464405091, 32.0399670613 ], [ 35.0462623376, 32.0400835325 ], [ 35.0454681299, 32.0401175294 ], [ 35.0454535657, 32.0406422699 ], [ 35.0457464693, 32.0407102889 ], [ 35.0459190703, 32.040790873 ], [ 35.0461475886, 32.0409440031 ], [ 35.0461755274, 32.0412470562 ], [ 35.0461751521, 32.041465229 ], [ 35.0461533536, 32.0417288277 ], [ 35.04617424, 32.0419955098 ], [ 35.0461950224, 32.0423227955 ], [ 35.0457428587, 32.0423945734 ], [ 35.0455671474, 32.0433340915 ], [ 35.0455453414, 32.0436007202 ], [ 35.0466762606, 32.0438324259 ], [ 35.0464877233, 32.0444104791 ], [ 35.0459398197, 32.0445264887 ], [ 35.0452708071, 32.0440770251 ], [ 35.0441893798, 32.0440756632 ], [ 35.0441529247, 32.0444616672 ], [ 35.0445385059, 32.0445061772 ], [ 35.044601643, 32.0447805556 ], [ 35.0451587876, 32.0448170626 ], [ 35.0457060098, 32.0450975778 ], [ 35.0460757154, 32.0451097634 ], [ 35.0465277627, 32.0450169906 ], [ 35.0471034635, 32.044621184 ], [ 35.0474187672, 32.044434992 ], [ 35.0476242022, 32.0443536331 ], [ 35.0484051436, 32.044109667 ], [ 35.0488298405, 32.0439702291 ], [ 35.0492821154, 32.0437375773 ], [ 35.0496118275, 32.043038182 ], [ 35.0497640372, 32.0421170867 ], [ 35.0492298487, 32.0422096804 ], [ 35.0491758987, 32.0417431122 ], [ 35.048806857, 32.0413461374 ], [ 35.0489444217, 32.0409497837 ], [ 35.0491093668, 32.0405768201 ], [ 35.0496575566, 32.0402743043 ], [ 35.050082723, 32.03984331 ], [ 35.0505211804, 32.0396922499 ], [ 35.050836413, 32.039470969 ] ] ] ] } },
{ "type": "Feature", "properties": { "Id": 0, "Name": "Ofarim", "GIS_ID": 3792.0, "Area": 199821.84617400001, "x": 35.0435, "y": 32.0182 }, "geometry": { "type": "MultiPolygon", "coordinates": [ [ [ [ 35.0466942583, 32.0188982631 ], [ 35.0461828779, 32.0186068843 ], [ 35.045762262, 32.0184707274 ], [ 35.0443279437, 32.0176578595 ], [ 35.0439825156, 32.0172586921 ], [ 35.0438909487, 32.0166521729 ], [ 35.0443740201, 32.016391116 ], [ 35.0443598501, 32.0161294309 ], [ 35.0440624241, 32.0161622829 ], [ 35.0436811389, 32.0167598969 ], [ 35.0439676303, 32.0174081974 ], [ 35.0443812724, 32.0178282181 ], [ 35.0455989138, 32.0184693792 ], [ 35.045432308, 32.0185477794 ], [ 35.0445799734, 32.0181494631 ], [ 35.0438531117, 32.0175476722 ], [ 35.0434336729, 32.0167429104 ], [ 35.0432075514, 32.0159770805 ], [ 35.042867329, 32.0153951634 ], [ 35.0423105732, 32.0151038012 ], [ 35.0420946118, 32.0150065809 ], [ 35.0415599146, 32.0151124891 ], [ 35.0413204082, 32.0154609999 ], [ 35.0410234426, 32.0161583448 ], [ 35.0410108792, 32.0168560556 ], [ 35.0409755904, 32.0174761818 ], [ 35.0407703501, 32.0177763086 ], [ 35.0404854427, 32.0181151097 ], [ 35.0410530577, 32.0187360135 ], [ 35.0417004666, 32.0192505138 ], [ 35.0416772298, 32.019521747 ], [ 35.0422339077, 32.0198713683 ], [ 35.0430295172, 32.0202066822 ], [ 35.0436775397, 32.0203819141 ], [ 35.0445531198, 32.0205090027 ], [ 35.0451336956, 32.0202093417 ], [ 35.0458051475, 32.0199969963 ], [ 35.0463624263, 32.0200073412 ], [ 35.0468630196, 32.0199886653 ], [ 35.047243772, 32.0201053803 ], [ 35.0474827728, 32.0200475097 ], [ 35.0478580973, 32.020057713 ], [ 35.0479046008, 32.0194762863 ], [ 35.0477458759, 32.0191369214 ], [ 35.0474052892, 32.0188070708 ], [ 35.0468702049, 32.0190680212 ], [ 35.0466942583, 32.0188982631 ] ] ] ] } },
{ "type": "Feature", "properties": { "Id": 0, "Name": "Ateret", "GIS_ID": 3658.0, "Area": 164611.69295500001, "x": 35.177, "y": 32.0005 }, "geometry": { "type": "MultiPolygon", "coordinates": [ [ [ [ 35.1775410607, 32.0008490754 ], [ 35.1778891388, 32.0000731415 ], [ 35.1785646357, 31.9992971835 ], [ 35.1794243244, 31.9986608583 ], [ 35.1803758388, 31.9989052521 ], [ 35.1808465494, 31.9989053403 ], [ 35.1808977742, 31.9984693248 ], [ 35.1802736656, 31.9982947977 ], [ 35.1798952309, 31.9979198428 ], [ 35.1798543629, 31.9975971674 ], [ 35.1796703044, 31.9973181116 ], [ 35.1792815116, 31.9973093779 ], [ 35.1790256426, 31.9972656794 ], [ 35.1784629553, 31.9973527707 ], [ 35.1775316496, 31.9979193645 ], [ 35.1766002114, 31.9988869861 ], [ 35.1758837004, 31.9998110918 ], [ 35.1754128836, 32.0001336526 ], [ 35.1754946895, 32.000464996 ], [ 35.1750444375, 32.0006654551 ], [ 35.1748907621, 32.0010403016 ], [ 35.1747167131, 32.0015808957 ], [ 35.1747779001, 32.002182507 ], [ 35.1746446788, 32.0027841629 ], [ 35.1745421494, 32.0033770783 ], [ 35.1747160614, 32.0036038339 ], [ 35.1752172983, 32.0038654747 ], [ 35.1756675681, 32.00399643 ], [ 35.1760768624, 32.0038482646 ], [ 35.176373607, 32.0038657354 ], [ 35.17664995, 32.0038047436 ], [ 35.1773049031, 32.0035607655 ], [ 35.1778779452, 32.0032992717 ], [ 35.1773763893, 32.0041101627 ], [ 35.1766290929, 32.004886008 ], [ 35.1765165301, 32.0050952029 ], [ 35.1767211836, 32.0051824526 ], [ 35.1770384851, 32.0047727395 ], [ 35.1774274803, 32.0041972884 ], [ 35.1779188038, 32.0036393524 ], [ 35.1781542804, 32.0032557718 ], [ 35.178041712, 32.0031336435 ], [ 35.1774379857, 32.0033777266 ], [ 35.1767113659, 32.0036913997 ], [ 35.1761689808, 32.0037000277 ], [ 35.1765477565, 32.0033252294 ], [ 35.1766399917, 32.0027846151 ], [ 35.1768448149, 32.0022876727 ], [ 35.1769472738, 32.0018778226 ], [ 35.1768143161, 32.001647652 ], [ 35.1768688879, 32.0014324327 ], [ 35.1772056039, 32.0011456465 ], [ 35.1772647411, 32.0008629946 ], [ 35.1775410607, 32.0008490754 ] ] ] ] } },
{ "type": "Feature", "properties": { "Id": 0, "Name": "Nahali'el", "GIS_ID": 3767.0, "Area": 96532.035099700006, "x": 35.1396, "y": 31.9742 }, "geometry": { "type": "MultiPolygon", "coordinates": [ [ [ [ 35.1418675319, 31.9747060838 ], [ 35.1420107146, 31.9740230309 ], [ 35.1420989113, 31.9734523167 ], [ 35.1417917265, 31.973227524 ], [ 35.1412428422, 31.9730963088 ], [ 35.1404304661, 31.9732081778 ], [ 35.1397607336, 31.9732733102 ], [ 35.1392778222, 31.9732075918 ], [ 35.1392781458, 31.9727491101 ], [ 35.1390255863, 31.9727864056 ], [ 35.1385324446, 31.9728334524 ], [ 35.13845446, 31.9732913961 ], [ 35.1382347138, 31.9734503616 ], [ 35.1367933684, 31.9744237405 ], [ 35.137399333, 31.9749283556 ], [ 35.1372233614, 31.975405502 ], [ 35.1377831643, 31.9755180727 ], [ 35.1384090484, 31.9753968352 ], [ 35.1391994602, 31.9752568314 ], [ 35.1394302251, 31.9750792024 ], [ 35.1399462523, 31.9748548238 ], [ 35.140615815, 31.975051667 ], [ 35.1411427296, 31.9751455388 ], [ 35.1416445538, 31.9751560448 ], [ 35.1418675319, 31.9747060838 ] ] ] ] } },
{ "type": "Feature", "properties": { "Id": 0, "Name": "Na'ale", "GIS_ID": 3787.0, "Area": 272444.665072, "x": 35.0641, "y": 31.963 }, "geometry": { "type": "MultiPolygon", "coordinates": [ [ [ [ 35.0661023055, 31.9626464497 ], [ 35.0656856258, 31.9625046809 ], [ 35.0648521247, 31.9621775815 ], [ 35.0637440565, 31.9618251024 ], [ 35.063178008, 31.9613061495 ], [ 35.0622732984, 31.9609262646 ], [ 35.0610064602, 31.9605599973 ], [ 35.0599891161, 31.9601882434 ], [ 35.0593527861, 31.9593510856 ], [ 35.0587351256, 31.959091107 ], [ 35.0584112295, 31.9591576496 ], [ 35.0580189609, 31.9590484392 ], [ 35.0578222755, 31.9593410313 ], [ 35.0578406089, 31.9601857816 ], [ 35.0577515633, 31.9606381188 ], [ 35.0577112549, 31.9613072181 ], [ 35.0576222747, 31.961783814 ], [ 35.0577393988, 31.9621687532 ], [ 35.0581021804, 31.9622694534 ], [ 35.0588576284, 31.9622369545 ], [ 35.0599613142, 31.962271582 ], [ 35.061294944, 31.9626661927 ], [ 35.0621286818, 31.9628344161 ], [ 35.0627371297, 31.9627096542 ], [ 35.063198841, 31.9623170679 ], [ 35.0635722072, 31.9619327688 ], [ 35.0641900782, 31.9620756687 ], [ 35.0650333966, 31.9623441653 ], [ 35.0653178016, 31.962444849 ], [ 35.0651802757, 31.9625199997 ], [ 35.0649251566, 31.9625699508 ], [ 35.0648166378, 31.9629796156 ], [ 35.0649636439, 31.9630717622 ], [ 35.0653952091, 31.9631642204 ], [ 35.0658953786, 31.9632902994 ], [ 35.0661406238, 31.9632654061 ], [ 35.0663080209, 31.9628808746 ], [ 35.0674650961, 31.9633002988 ], [ 35.0675137456, 31.9635930799 ], [ 35.0673663819, 31.9636682224 ], [ 35.0670720769, 31.9636762913 ], [ 35.0668657719, 31.9638349675 ], [ 35.0668066313, 31.9640523307 ], [ 35.0663452019, 31.9642609604 ], [ 35.0660210548, 31.9644864216 ], [ 35.0661777147, 31.9647040194 ], [ 35.0660397902, 31.9651137434 ], [ 35.0659896037, 31.9663889736 ], [ 35.0631830047, 31.9666003627 ], [ 35.0632500988, 31.967021148 ], [ 35.0664496639, 31.9665611488 ], [ 35.0666760459, 31.9660679224 ], [ 35.0669802216, 31.9660431816 ], [ 35.0676279131, 31.9660020368 ], [ 35.0682950934, 31.9659442261 ], [ 35.0688347626, 31.9659113463 ], [ 35.0694824444, 31.9658032775 ], [ 35.0699046277, 31.9655945949 ], [ 35.0703860235, 31.96518532 ], [ 35.0708477027, 31.9648010928 ], [ 35.0710641705, 31.9643413053 ], [ 35.0709765624, 31.9639146554 ], [ 35.0703101069, 31.963412094 ], [ 35.0695252858, 31.9633443482 ], [ 35.0687204654, 31.9635693048 ], [ 35.0682885742, 31.9636942848 ], [ 35.0677491102, 31.9636686349 ], [ 35.0679458531, 31.9632506755 ], [ 35.0677990789, 31.9629996332 ], [ 35.0672893005, 31.9627899531 ], [ 35.0669260895, 31.9628983191 ], [ 35.0661023055, 31.9626464497 ] ] ] ] } },
{ "type": "Feature", "properties": { "Id": 0, "Name": "Nili", "GIS_ID": 3655.0, "Area": 260891.65235, "x": 35.0477, "y": 31.9635 }, "geometry": { "type": "MultiPolygon", "coordinates": [ [ [ [ 35.0479461027, 31.9630532854 ], [ 35.0461649915, 31.9604782043 ], [ 35.0467421253, 31.9598012994 ], [ 35.0469728492, 31.9596051706 ], [ 35.0465815834, 31.9593493814 ], [ 35.0462939377, 31.9591820978 ], [ 35.0461905266, 31.9590346126 ], [ 35.0462717023, 31.9587008623 ], [ 35.0456503924, 31.9583112248 ], [ 35.0449821612, 31.9583889356 ], [ 35.0447171695, 31.9583984324 ], [ 35.0444522835, 31.9584079288 ], [ 35.0438632873, 31.9592713035 ], [ 35.0438622452, 31.9598703771 ], [ 35.0441259792, 31.9605875619 ], [ 35.0448038, 31.9615803204 ], [ 35.0452633502, 31.9622977487 ], [ 35.046034353, 31.9627582768 ], [ 35.0466209167, 31.9633187626 ], [ 35.0468158339, 31.9638395313 ], [ 35.0474478077, 31.96476341 ], [ 35.0481605427, 31.9656677254 ], [ 35.0491373165, 31.9670879262 ], [ 35.0490678828, 31.9672351975 ], [ 35.0487453337, 31.9672348024 ], [ 35.0484122, 31.9666746384 ], [ 35.047929165, 31.9662418953 ], [ 35.0475604292, 31.9662807593 ], [ 35.047203291, 31.9662803176 ], [ 35.0464783962, 31.9658080404 ], [ 35.0462018909, 31.965856845 ], [ 35.0458904005, 31.9660724406 ], [ 35.0470177865, 31.9669969388 ], [ 35.0472476244, 31.9673311647 ], [ 35.0474088685, 31.9673804228 ], [ 35.0476278621, 31.9673119753 ], [ 35.048342124, 31.9672637065 ], [ 35.0489640446, 31.9673332778 ], [ 35.0491367214, 31.9674415263 ], [ 35.04934415, 31.967392631 ], [ 35.0494365393, 31.9672454778 ], [ 35.04937933, 31.966980275 ], [ 35.0496907825, 31.9667842401 ], [ 35.0500361712, 31.9668533786 ], [ 35.0510324337, 31.9670116818 ], [ 35.0515970988, 31.9669043255 ], [ 35.0523345791, 31.966757945 ], [ 35.052761509, 31.966326397 ], [ 35.0528197279, 31.9659826955 ], [ 35.0526473403, 31.965697697 ], [ 35.0522214494, 31.9655007723 ], [ 35.0517490637, 31.9655296945 ], [ 35.0513002281, 31.965264021 ], [ 35.0507135986, 31.9647821048 ], [ 35.0503914677, 31.9645362409 ], [ 35.0500687637, 31.9646340565 ], [ 35.0497005621, 31.9643586456 ], [ 35.0494707392, 31.9640145941 ], [ 35.0492985042, 31.9637100219 ], [ 35.0488841106, 31.9635424992 ], [ 35.0483661102, 31.9632767305 ], [ 35.0479461027, 31.9630532854 ] ] ] ] } },
{ "type": "Feature", "properties": { "Id": 0, "Name": "Hashmona'im", "GIS_ID": 3770.0, "Area": 755552.46676400001, "x": 35.0208, "y": 31.9303 }, "geometry": { "type": "MultiPolygon", "coordinates": [ [ [ [ 35.0213864183, 31.933703295 ], [ 35.0213854037, 31.9342154354 ], [ 35.0217709927, 31.9344720162 ], [ 35.0223497262, 31.9346008147 ], [ 35.0227790835, 31.9343820173 ], [ 35.0239159054, 31.934328717 ], [ 35.0245589008, 31.9345308243 ], [ 35.0250942059, 31.9349704953 ], [ 35.0266383176, 31.9350092793 ], [ 35.0282467974, 31.9350115201 ], [ 35.0284834953, 31.9346094574 ], [ 35.0281860241, 31.9331642439 ], [ 35.0273076298, 31.9326874942 ], [ 35.0259370242, 31.9316430753 ], [ 35.025647043, 31.9312831206 ], [ 35.0254298245, 31.9309029883 ], [ 35.0245873454, 31.9309462316 ], [ 35.0246740667, 31.9304525191 ], [ 35.0243314549, 31.930177701 ], [ 35.024547652, 31.9292818712 ], [ 35.0241405025, 31.9291349291 ], [ 35.0246574034, 31.9279834991 ], [ 35.0247663693, 31.9270875168 ], [ 35.023952733, 31.9264644701 ], [ 35.021808256, 31.926479713 ], [ 35.0201571035, 31.9264224986 ], [ 35.0177975974, 31.926675081 ], [ 35.0151379825, 31.9269271727 ], [ 35.0151458938, 31.9272796951 ], [ 35.0153391791, 31.9279136012 ], [ 35.0145350984, 31.9281333561 ], [ 35.0141057955, 31.9282790788 ], [ 35.0136982141, 31.928351605 ], [ 35.0137190008, 31.9286807996 ], [ 35.0140445806, 31.9295009937 ], [ 35.0130001865, 31.9298388628 ], [ 35.0126472841, 31.9294083754 ], [ 35.0123995818, 31.9294306305 ], [ 35.0129114408, 31.9299820474 ], [ 35.0127772031, 31.9307361522 ], [ 35.0129711044, 31.9310683397 ], [ 35.0133864602, 31.9312424555 ], [ 35.0142078244, 31.9308030576 ], [ 35.0152318274, 31.9316559458 ], [ 35.0154493692, 31.9318583049 ], [ 35.0163719645, 31.9317756425 ], [ 35.0174443942, 31.931704088 ], [ 35.0187111717, 31.930956085 ], [ 35.0210908755, 31.9313436252 ], [ 35.02123926, 31.932239975 ], [ 35.0207881512, 31.9326051008 ], [ 35.0213864183, 31.933703295 ] ] ] ] } },
{ "type": "Feature", "properties": { "Id": 0, "Name": "Modi'in Illit", "GIS_ID": 3797.0, "Area": 2339458.1703499998, "x": 35.0419, "y": 31.932 }, "geometry": { "type": "MultiPolygon", "coordinates": [ [ [ [ 35.0362130249, 31.9346623316 ], [ 35.0371456384, 31.9352007157 ], [ 35.0368570332, 31.9353432234 ], [ 35.036342139, 31.9354522943 ], [ 35.0349907106, 31.9355785572 ], [ 35.0349890001, 31.9365112139 ], [ 35.0358467424, 31.936640413 ], [ 35.0375626505, 31.9365512341 ], [ 35.0371547527, 31.9367884166 ], [ 35.035910113, 31.9371489414 ], [ 35.0357160099, 31.9377521795 ], [ 35.0358009089, 31.9382278201 ], [ 35.0355218038, 31.9384103378 ], [ 35.0349418483, 31.9388667863 ], [ 35.0348336716, 31.9393787835 ], [ 35.0351767175, 31.9394523784 ], [ 35.0357775039, 31.9392885959 ], [ 35.0361430517, 31.9387952459 ], [ 35.0367646367, 31.9389972631 ], [ 35.0369569452, 31.9393816004 ], [ 35.0374929325, 31.9394920569 ], [ 35.0376211099, 31.9397848647 ], [ 35.0370682103, 31.9406872424 ], [ 35.0374387258, 31.9410714101 ], [ 35.0381128857, 31.9406633375 ], [ 35.0385852631, 31.9403347921 ], [ 35.0391427269, 31.9404451795 ], [ 35.0396351405, 31.9409762676 ], [ 35.0405566721, 31.9413615433 ], [ 35.0411145, 31.9412708174 ], [ 35.0417794695, 31.9412350568 ], [ 35.0421008338, 31.9414366631 ], [ 35.0430656063, 31.9416573042 ], [ 35.0435812597, 31.9411275999 ], [ 35.044852403, 31.940668483 ], [ 35.0458753573, 31.9416334269 ], [ 35.0462414557, 31.9407925788 ], [ 35.0471079127, 31.9399327117 ], [ 35.0478295433, 31.9389216464 ], [ 35.0471055022, 31.9371907136 ], [ 35.0469901523, 31.9364266862 ], [ 35.0475147433, 31.9361487192 ], [ 35.0489112483, 31.9362001478 ], [ 35.049640151, 31.9365009338 ], [ 35.0503186623, 31.935779787 ], [ 35.0514413674, 31.9350561769 ], [ 35.0495133595, 31.9337590112 ], [ 35.0479502683, 31.9322573731 ], [ 35.0459384641, 31.929877327 ], [ 35.0459610909, 31.9292006309 ], [ 35.0465837265, 31.928762491 ], [ 35.0469922502, 31.9281228873 ], [ 35.0474641407, 31.9280868573 ], [ 35.0484070738, 31.9284537961 ], [ 35.0490504208, 31.9284545844 ], [ 35.0498640446, 31.9292602692 ], [ 35.050335346, 31.929516958 ], [ 35.0507651248, 31.9289907264 ], [ 35.0495668486, 31.9273981034 ], [ 35.0481098299, 31.9267013781 ], [ 35.0465444748, 31.9266079983 ], [ 35.0465665965, 31.9262239413 ], [ 35.0465041182, 31.9251630545 ], [ 35.0466332872, 31.9247929932 ], [ 35.0470842917, 31.9244322188 ], [ 35.0478019343, 31.9249558471 ], [ 35.0483593176, 31.9245102872 ], [ 35.0488601222, 31.9246058472 ], [ 35.0499962298, 31.9242559332 ], [ 35.050066462, 31.9236128765 ], [ 35.0506667542, 31.9236684348 ], [ 35.0514814698, 31.9237974763 ], [ 35.0520609021, 31.9234872252 ], [ 35.0527469643, 31.9235977974 ], [ 35.0536915431, 31.9229405032 ], [ 35.053778803, 31.9220810828 ], [ 35.0535655329, 31.9213674908 ], [ 35.05217148, 31.9215121934 ], [ 35.0495544678, 31.9220393909 ], [ 35.0476668261, 31.9223662403 ], [ 35.0457575609, 31.9228393999 ], [ 35.0451570769, 31.9228386487 ], [ 35.0442776466, 31.9229656017 ], [ 35.0438051241, 31.9234405344 ], [ 35.0428607482, 31.9238782524 ], [ 35.0417453693, 31.9240231043 ], [ 35.0403713276, 31.9249540888 ], [ 35.0398973343, 31.9261788669 ], [ 35.0389525591, 31.9268726715 ], [ 35.0381794825, 31.9274568522 ], [ 35.0377812907, 31.9282574156 ], [ 35.0369885578, 31.927890596 ], [ 35.0355081833, 31.9282178904 ], [ 35.0350788175, 31.928473345 ], [ 35.0346062869, 31.9289116291 ], [ 35.0336201004, 31.9287457254 ], [ 35.0333621433, 31.929056235 ], [ 35.0328462614, 31.9297139566 ], [ 35.0326092891, 31.9302806091 ], [ 35.03232918, 31.9310117845 ], [ 35.0323924866, 31.9315423193 ], [ 35.0319634723, 31.9315965682 ], [ 35.0309554519, 31.9316135028 ], [ 35.0309575463, 31.9304978672 ], [ 35.0309387925, 31.9290529492 ], [ 35.030683235, 31.9281381567 ], [ 35.0316053535, 31.9281211976 ], [ 35.0317351029, 31.927554401 ], [ 35.0310704685, 31.9274620516 ], [ 35.0309210375, 31.9271325939 ], [ 35.0304923182, 31.9270405634 ], [ 35.0301270287, 31.9274058402 ], [ 35.0298896312, 31.9281919898 ], [ 35.0302965102, 31.9284851879 ], [ 35.0304312937, 31.928813007 ], [ 35.0303957996, 31.9297433843 ], [ 35.0302076141, 31.9301493707 ], [ 35.0295428242, 31.9301301505 ], [ 35.0296277884, 31.9305508752 ], [ 35.0294340046, 31.9309713063 ], [ 35.0290494865, 31.9302026079 ], [ 35.0282358623, 31.9294882347 ], [ 35.027785249, 31.9296155769 ], [ 35.0270985414, 31.9298889533 ], [ 35.0268411916, 31.9298703772 ], [ 35.0272923334, 31.9294686159 ], [ 35.0276793525, 31.928920489 ], [ 35.0277027773, 31.927896327 ], [ 35.0268236271, 31.9278401805 ], [ 35.0256643591, 31.928496972 ], [ 35.0258347448, 31.9290824913 ], [ 35.0260870009, 31.9302745624 ], [ 35.02667056, 31.9309564134 ], [ 35.0282873574, 31.9324550196 ], [ 35.028254574, 31.9309330626 ], [ 35.0290696342, 31.9308975763 ], [ 35.0293473084, 31.9314649319 ], [ 35.0297120292, 31.9314106035 ], [ 35.029709885, 31.9325445457 ], [ 35.0307393113, 31.9325093434 ], [ 35.0308906766, 31.9318694403 ], [ 35.0320703592, 31.9317796018 ], [ 35.0344723148, 31.9317828375 ], [ 35.0349871235, 31.9317103877 ], [ 35.0350312641, 31.9310520296 ], [ 35.0354819414, 31.9308880479 ], [ 35.0358692184, 31.9301752245 ], [ 35.0362127302, 31.9299745744 ], [ 35.0369415821, 31.9301218121 ], [ 35.0367476334, 31.9306519153 ], [ 35.0369830568, 31.9309265587 ], [ 35.0375835534, 31.930890825 ], [ 35.0374526123, 31.9321342595 ], [ 35.0373858705, 31.9334876193 ], [ 35.0364418331, 31.9337240937 ], [ 35.035404378, 31.9339994094 ], [ 35.0362130249, 31.9346623316 ] ] ] ] } },
{ "type": "Feature", "properties": { "Id": 0, "Name": "Kfar Horanim (Menora)", "GIS_ID": 3796.0, "Area": 376868.10914999997, "x": 35.0369, "y": 31.9198 }, "geometry": { "type": "MultiPolygon", "coordinates": [ [ [ [ 35.0389589051, 31.9182479544 ], [ 35.0396141339, 31.9175933634 ], [ 35.0394510896, 31.917300331 ], [ 35.0393701062, 31.9168818717 ], [ 35.0393706291, 31.9165889613 ], [ 35.0389785379, 31.9164350519 ], [ 35.0384561605, 31.9160021286 ], [ 35.0376554181, 31.9157361257 ], [ 35.0372623754, 31.916112119 ], [ 35.036640651, 31.9163622762 ], [ 35.0360024335, 31.916668231 ], [ 35.0354612595, 31.9175600435 ], [ 35.0351167998, 31.9181871613 ], [ 35.0343952175, 31.9193715492 ], [ 35.0338702181, 31.9203051303 ], [ 35.0333130803, 31.9210016678 ], [ 35.0328869086, 31.9215449803 ], [ 35.0330988202, 31.9219357537 ], [ 35.0331144575, 31.922284418 ], [ 35.0330801562, 31.9231629236 ], [ 35.0334722066, 31.9233489557 ], [ 35.0342895687, 31.9234616077 ], [ 35.0349271485, 31.9235321703 ], [ 35.0356303302, 31.9234633958 ], [ 35.03602303, 31.9232965393 ], [ 35.0361707505, 31.9230039144 ], [ 35.036973012, 31.9224052646 ], [ 35.0376116185, 31.9219040619 ], [ 35.0378583093, 31.9211373885 ], [ 35.03838184, 31.9209428298 ], [ 35.0392319589, 31.9209997604 ], [ 35.0396897687, 31.9210143329 ], [ 35.0404910257, 31.9209595464 ], [ 35.0412435478, 31.9207792493 ], [ 35.0417183766, 31.9203753923 ], [ 35.0418498081, 31.9200130291 ], [ 35.0417686888, 31.919664282 ], [ 35.0415239512, 31.9193431913 ], [ 35.0407724112, 31.9190354268 ], [ 35.0405276855, 31.9187701568 ], [ 35.0399553281, 31.9187833955 ], [ 35.0393670613, 31.9185873889 ], [ 35.0389589051, 31.9182479544 ] ] ] ] } },
{ "type": "Feature", "properties": { "Id": 0, "Name": "Bet El", "GIS_ID": 3574.0, "Area": 779448.05773500004, "x": 35.2232, "y": 31.942 }, "geometry": { "type": "MultiPolygon", "coordinates": [ [ [ [ 35.2243735693, 31.9404765094 ], [ 35.2238588341, 31.9399280134 ], [ 35.2228845668, 31.9397871146 ], [ 35.2229946824, 31.9388466825 ], [ 35.2235457678, 31.9372635486 ], [ 35.2238030258, 31.9370597888 ], [ 35.2247954089, 31.936511057 ], [ 35.2259532109, 31.9361033339 ], [ 35.2266883543, 31.9358837945 ], [ 35.2264124732, 31.9351158538 ], [ 35.226322628, 31.9349444818 ], [ 35.2248631851, 31.9353073357 ], [ 35.2242426, 31.9353172345 ], [ 35.2229898721, 31.9350136155 ], [ 35.2210476403, 31.9348472803 ], [ 35.2210457479, 31.9356025708 ], [ 35.2210275176, 31.9359630301 ], [ 35.2213399783, 31.9363234457 ], [ 35.2212849782, 31.9368563377 ], [ 35.2209541355, 31.9372012366 ], [ 35.2205130335, 31.9372012934 ], [ 35.2200535728, 31.9374521466 ], [ 35.2196493552, 31.937953697 ], [ 35.2194656675, 31.9386590311 ], [ 35.2190721212, 31.9389326294 ], [ 35.218701214, 31.9393755514 ], [ 35.2185321575, 31.9395877796 ], [ 35.218409323, 31.9397711369 ], [ 35.2184154973, 31.939976743 ], [ 35.2187674068, 31.9403205317 ], [ 35.2189145951, 31.9408220159 ], [ 35.2189881593, 31.9412138474 ], [ 35.2186941015, 31.9415901193 ], [ 35.2182530233, 31.9418879484 ], [ 35.218014217, 31.9426010416 ], [ 35.2181796688, 31.9428832025 ], [ 35.2182166356, 31.9439646582 ], [ 35.2186209815, 31.9440743647 ], [ 35.2191540037, 31.943948861 ], [ 35.2196870686, 31.9440898422 ], [ 35.21999966, 31.9444659523 ], [ 35.2198893994, 31.9447638361 ], [ 35.219889494, 31.945328013 ], [ 35.2200550283, 31.946033304 ], [ 35.2204411753, 31.9466445075 ], [ 35.2211213888, 31.9468482304 ], [ 35.222022115, 31.9469891527 ], [ 35.2225551772, 31.9470047692 ], [ 35.2231433785, 31.9471927126 ], [ 35.2236029803, 31.9474277476 ], [ 35.2236766525, 31.947709915 ], [ 35.2240810046, 31.947741146 ], [ 35.2244670116, 31.9475530567 ], [ 35.2246139341, 31.9471298107 ], [ 35.2246137831, 31.9464401911 ], [ 35.2243931237, 31.9457975911 ], [ 35.2241173325, 31.9454998542 ], [ 35.2241355291, 31.9450296438 ], [ 35.22420909, 31.9447945285 ], [ 35.2250178996, 31.9449668272 ], [ 35.2254406643, 31.9450921105 ], [ 35.2256062045, 31.9456406584 ], [ 35.2260842632, 31.9461107852 ], [ 35.2264152222, 31.946643612 ], [ 35.2265524948, 31.9465986776 ], [ 35.2262628587, 31.9459376958 ], [ 35.2262524931, 31.9454881417 ], [ 35.2263040327, 31.9451796211 ], [ 35.2266658373, 31.9451266215 ], [ 35.2265522832, 31.9457172415 ], [ 35.226924588, 31.9462108308 ], [ 35.2272761034, 31.9464487575 ], [ 35.227513892, 31.9465632452 ], [ 35.2284233765, 31.9457874233 ], [ 35.2288368053, 31.9453730496 ], [ 35.2287643349, 31.9448882465 ], [ 35.228898556, 31.9445180246 ], [ 35.2297050829, 31.9452142498 ], [ 35.2300878876, 31.946139708 ], [ 35.2299948758, 31.9463600407 ], [ 35.2296124537, 31.946448315 ], [ 35.2292506931, 31.946677538 ], [ 35.2290311207, 31.9469741116 ], [ 35.2290751873, 31.9477106037 ], [ 35.2292924353, 31.9481160182 ], [ 35.2296439424, 31.9482746686 ], [ 35.229824729, 31.948001382 ], [ 35.2298245639, 31.9474019442 ], [ 35.229824508, 31.9471992158 ], [ 35.2299590024, 31.9474371783 ], [ 35.2302484573, 31.9473401744 ], [ 35.2305853079, 31.9471737555 ], [ 35.2305745872, 31.9467489554 ], [ 35.2325672823, 31.9462785348 ], [ 35.2334789522, 31.9464590962 ], [ 35.2333624156, 31.9466670049 ], [ 35.2338394676, 31.9468024704 ], [ 35.234019561, 31.9464589712 ], [ 35.2329382401, 31.9461248 ], [ 35.2305215273, 31.9465410843 ], [ 35.2297472798, 31.94495953 ], [ 35.2306270438, 31.9448328144 ], [ 35.230520847, 31.9441368832 ], [ 35.2291005395, 31.9444354331 ], [ 35.2288623239, 31.9442870762 ], [ 35.2286902106, 31.9443633389 ], [ 35.2285444504, 31.9445374226 ], [ 35.2284180173, 31.9447014559 ], [ 35.2281490564, 31.9442696261 ], [ 35.2279320271, 31.9442519909 ], [ 35.2279009868, 31.9444635631 ], [ 35.2277149233, 31.9443578142 ], [ 35.2276115666, 31.9442520499 ], [ 35.2276320905, 31.9438554268 ], [ 35.2276527155, 31.9434411281 ], [ 35.2280041433, 31.9433705411 ], [ 35.2281901461, 31.9432471377 ], [ 35.2278592774, 31.9430620561 ], [ 35.2276422732, 31.9431326182 ], [ 35.2273423852, 31.9429123587 ], [ 35.2271149513, 31.9427184186 ], [ 35.2272803153, 31.9425333359 ], [ 35.2275902614, 31.9419603548 ], [ 35.2279003024, 31.9417751546 ], [ 35.2281484827, 31.9420395214 ], [ 35.2286343327, 31.9419954209 ], [ 35.2285722581, 31.9416163987 ], [ 35.2297919537, 31.9415103774 ], [ 35.2302777975, 31.9414573426 ], [ 35.2302669122, 31.9408490008 ], [ 35.2306427663, 31.9407757356 ], [ 35.2305213524, 31.9405334827 ], [ 35.2300715286, 31.9406799507 ], [ 35.2300065033, 31.9409929061 ], [ 35.2288996825, 31.9411910386 ], [ 35.2286145031, 31.9413921086 ], [ 35.2284904861, 31.9415402106 ], [ 35.2281183294, 31.941582576 ], [ 35.2275725392, 31.941720204 ], [ 35.2272005786, 31.9421327628 ], [ 35.2267788509, 31.9423126603 ], [ 35.2264811912, 31.9425454716 ], [ 35.2261711385, 31.9427041549 ], [ 35.2257617386, 31.9427042244 ], [ 35.225563245, 31.9427888481 ], [ 35.2252779864, 31.9426937536 ], [ 35.2248065498, 31.9424187759 ], [ 35.2243474946, 31.9421649871 ], [ 35.2241241919, 31.941964097 ], [ 35.2240000569, 31.9415938298 ], [ 35.2239999963, 31.9413083143 ], [ 35.2244837135, 31.941191814 ], [ 35.2245332683, 31.9409803298 ], [ 35.2243735693, 31.9404765094 ] ] ] ] } },
{ "type": "Feature", "properties": { "Id": 0, "Name": "Rimonim", "GIS_ID": 3565.0, "Area": 199238.57281899999, "x": 35.3408, "y": 31.9338 }, "geometry": { "type": "MultiPolygon", "coordinates": [ [ [ [ 35.3397267324, 31.9326538839 ], [ 35.33922212, 31.9332489891 ], [ 35.3386433216, 31.93388349 ], [ 35.338807236, 31.9341748744 ], [ 35.3385402574, 31.9345681688 ], [ 35.3385258619, 31.9349231395 ], [ 35.3386900862, 31.9353539447 ], [ 35.3385119033, 31.9355062696 ], [ 35.3381107798, 31.9357222269 ], [ 35.3382599271, 31.9360389685 ], [ 35.3383941091, 31.9363177592 ], [ 35.3381118993, 31.9364955343 ], [ 35.3376069244, 31.9367876226 ], [ 35.337622315, 31.9371932439 ], [ 35.3380279395, 31.9380500275 ], [ 35.3381423459, 31.9369264809 ], [ 35.3387512891, 31.9365708828 ], [ 35.3389445193, 31.9365833939 ], [ 35.3389451656, 31.9370270874 ], [ 35.3391092293, 31.9373438121 ], [ 35.339421101, 31.9371279466 ], [ 35.3399704602, 31.9366723043 ], [ 35.3408319389, 31.9361770055 ], [ 35.3414408408, 31.9357325655 ], [ 35.3421986778, 31.9355289268 ], [ 35.3424060786, 31.9350470408 ], [ 35.3422568051, 31.9346541908 ], [ 35.3418110595, 31.9347940948 ], [ 35.3416568838, 31.934443499 ], [ 35.3418519036, 31.9341278942 ], [ 35.3410515208, 31.9338441277 ], [ 35.3409768035, 31.9335907071 ], [ 35.3415270354, 31.9337422509 ], [ 35.3417650937, 31.9338940402 ], [ 35.342210646, 31.9336273409 ], [ 35.3426255994, 31.9327015346 ], [ 35.3428625167, 31.9320927297 ], [ 35.3430997357, 31.9316868331 ], [ 35.3440652063, 31.9311913083 ], [ 35.3444808894, 31.9308358949 ], [ 35.3446585916, 31.9303793788 ], [ 35.3444354187, 31.9302781705 ], [ 35.3440785449, 31.9301517677 ], [ 35.3437811104, 31.9301014123 ], [ 35.3431123513, 31.93022894 ], [ 35.3420281016, 31.9307751784 ], [ 35.3415233092, 31.9312321346 ], [ 35.341152276, 31.9316128313 ], [ 35.3408401459, 31.9316385081 ], [ 35.3406173669, 31.9318035995 ], [ 35.340127994, 31.9326154892 ], [ 35.3397267324, 31.9326538839 ] ] ] ] } },
{ "type": "Feature", "properties": { "Id": 0, "Name": "Ma'ale Hagit", "GIS_ID": 0.071, "Area": 17281.936655099998, "x": 35.3379, "y": 31.8514 }, "geometry": { "type": "MultiPolygon", "coordinates": [ [ [ [ 35.3390726076, 31.8509139843 ], [ 35.3385245136, 31.8509472097 ], [ 35.3381867131, 31.8510073568 ], [ 35.3378872812, 31.851078465 ], [ 35.337760095, 31.8512417394 ], [ 35.3375435822, 31.8513725512 ], [ 35.3373947018, 31.8512416341 ], [ 35.3371866326, 31.8514164827 ], [ 35.336826042, 31.8512737482 ], [ 35.336256386, 31.8506060999 ], [ 35.3361456987, 31.8506755603 ], [ 35.3369064699, 31.851590828 ], [ 35.3370655583, 31.85142202 ], [ 35.3371932802, 31.8515578826 ], [ 35.3372635801, 31.8517319525 ], [ 35.3370916136, 31.8518354817 ], [ 35.3371237244, 31.8519768551 ], [ 35.3371431211, 31.8521673012 ], [ 35.3370796592, 31.8523414206 ], [ 35.3372008671, 31.8524283206 ], [ 35.337570312, 31.8522538812 ], [ 35.3376591971, 31.8520524998 ], [ 35.3379135907, 31.8516659794 ], [ 35.338270486, 31.8515839887 ], [ 35.3388120837, 31.851512714 ], [ 35.3391690805, 31.8515014241 ], [ 35.3393854486, 31.8512726711 ], [ 35.3390726076, 31.8509139843 ] ] ] ] } },
{ "type": "Feature", "properties": { "Id": 0, "Name": "Binyamin Industrial Area", "GIS_ID": 0.201, "Area": 32764.867725100001, "x": 35.2607, "y": 31.8654 }, "geometry": { "type": "MultiPolygon", "coordinates": [ [ [ [ 35.259576485, 31.8662789845 ], [ 35.2607084021, 31.8665338861 ], [ 35.2612285417, 31.866211702 ], [ 35.2614363867, 31.865845196 ], [ 35.2612931283, 31.8655565849 ], [ 35.2610069195, 31.8654790652 ], [ 35.2612274915, 31.8649621598 ], [ 35.262795693, 31.8647901807 ], [ 35.2627359155, 31.8642890889 ], [ 35.2620298255, 31.864314784 ], [ 35.2620747021, 31.8647651367 ], [ 35.2609153895, 31.8647574627 ], [ 35.2601999256, 31.8646467636 ], [ 35.2599266524, 31.8646357907 ], [ 35.2596151343, 31.8657017074 ], [ 35.259576485, 31.8662789845 ] ] ] ] } },
{ "type": "Feature", "properties": { "Id": 0, "Name": "Migron", "GIS_ID": 1665.0, "Area": 39450.83683800001, "x": 35.2715, "y": 31.89 }, "geometry": { "type": "MultiPolygon", "coordinates": [ [ [ [ 35.2733153696, 31.8896007835 ], [ 35.2731336309, 31.889386584 ], [ 35.2722061365, 31.889204706 ], [ 35.272094247, 31.8886931019 ], [ 35.2716858862, 31.8887727378 ], [ 35.2712459833, 31.888795786 ], [ 35.270792762, 31.8888187496 ], [ 35.2706862746, 31.8890462455 ], [ 35.2708198799, 31.8894897835 ], [ 35.2707535745, 31.8898878837 ], [ 35.2705540125, 31.8904794947 ], [ 35.2706159419, 31.8910169536 ], [ 35.2707522337, 31.8911330928 ], [ 35.2714073557, 31.890797482 ], [ 35.2711905871, 31.8912945472 ], [ 35.2713388523, 31.8915875214 ], [ 35.2719144388, 31.8914228095 ], [ 35.2719540951, 31.8910132698 ], [ 35.2720543788, 31.8901471446 ], [ 35.2723741994, 31.8901873949 ], [ 35.2724865437, 31.8899498614 ], [ 35.2719771227, 31.889778344 ], [ 35.2718328306, 31.8892389936 ], [ 35.2724062704, 31.8894093134 ], [ 35.2725796884, 31.8896481139 ], [ 35.2732029865, 31.8897827389 ], [ 35.2733153696, 31.8896007835 ] ] ] ] } },
{ "type": "Feature", "properties": { "Id": 0, "Name": "Givat Assaf", "GIS_ID": 0.018, "Area": 17259.827620299999, "x": 35.2483, "y": 31.9111 }, "geometry": { "type": "MultiPolygon", "coordinates": [ [ [ [ 35.2490563944, 31.9111996953 ], [ 35.2490010454, 31.9110857244 ], [ 35.2490654633, 31.9109324822 ], [ 35.249088382, 31.9106652643 ], [ 35.2489409118, 31.9104766549 ], [ 35.2486483514, 31.9102705125 ], [ 35.2483695121, 31.9104063987 ], [ 35.2481695294, 31.9104363222 ], [ 35.2480150599, 31.9108660222 ], [ 35.247858443, 31.9110075717 ], [ 35.2476603594, 31.9111019699 ], [ 35.2473599857, 31.9113919417 ], [ 35.2474350692, 31.9120294802 ], [ 35.2477483232, 31.912005746 ], [ 35.2477344168, 31.9116599922 ], [ 35.2477894984, 31.9114319928 ], [ 35.2480245361, 31.91145554 ], [ 35.2481228112, 31.9115904329 ], [ 35.2482419353, 31.9118201438 ], [ 35.2484393412, 31.9117736499 ], [ 35.2485635935, 31.9116046955 ], [ 35.2488584213, 31.9115219858 ], [ 35.2490242773, 31.9114669165 ], [ 35.2490563944, 31.9111996953 ] ] ] ] } },
{ "type": "Feature", "properties": { "Id": 0, "Name": "Beit Horon", "GIS_ID": 3575.0, "Area": 165699.43601199999, "x": 35.1269, "y": 31.8779 }, "geometry": { "type": "MultiPolygon", "coordinates": [ [ [ [ 35.128493155, 31.8773750369 ], [ 35.1288118471, 31.8769270189 ], [ 35.1287006434, 31.8766959949 ], [ 35.1290033357, 31.8764245445 ], [ 35.1299427284, 31.8759497451 ], [ 35.1304044229, 31.8758684895 ], [ 35.1311924709, 31.8756516955 ], [ 35.1320838313, 31.8756249703 ], [ 35.1326728498, 31.8754351988 ], [ 35.1332460969, 31.8751367456 ], [ 35.133261367, 31.874741915 ], [ 35.1327540428, 31.8733504007 ], [ 35.13160736, 31.8743412183 ], [ 35.1311934964, 31.8743545983 ], [ 35.1310182297, 31.8745446024 ], [ 35.1310021082, 31.874884131 ], [ 35.1301421187, 31.8754677451 ], [ 35.1287725809, 31.8763497363 ], [ 35.1274432876, 31.8765940871 ], [ 35.1267739333, 31.8776591566 ], [ 35.1253250268, 31.8782151417 ], [ 35.124178534, 31.8787033939 ], [ 35.1229366525, 31.8791236671 ], [ 35.1217738374, 31.8799921872 ], [ 35.1212639857, 31.8805894048 ], [ 35.1216140869, 31.8806440134 ], [ 35.1221870761, 31.8807122927 ], [ 35.1225846621, 31.8810928492 ], [ 35.1235398084, 31.8810663152 ], [ 35.1242244345, 31.8808630262 ], [ 35.1245908022, 31.8805643915 ], [ 35.124978945, 31.8801953675 ], [ 35.1261561664, 31.879412757 ], [ 35.1265786442, 31.8789403109 ], [ 35.127139328, 31.8785015048 ], [ 35.1277123937, 31.8783388916 ], [ 35.128493155, 31.8773750369 ] ] ] ] } },
{ "type": "Feature", "properties": { "Id": 0, "Name": "Givo'n Hachadasha", "GIS_ID": 3644.0, "Area": 182194.36615, "x": 35.1582, "y": 31.8481 }, "geometry": { "type": "MultiPolygon", "coordinates": [ [ [ [ 35.1590446233, 31.8502717017 ], [ 35.159011012, 31.8498667677 ], [ 35.1590883502, 31.8492202727 ], [ 35.1594221057, 31.8492313935 ], [ 35.1599098258, 31.8494068809 ], [ 35.1601792398, 31.8496370319 ], [ 35.1608723149, 31.8499002447 ], [ 35.1608341295, 31.8493195428 ], [ 35.1605393189, 31.8482785482 ], [ 35.1601542875, 31.8481250134 ], [ 35.1601932373, 31.8473141906 ], [ 35.1607707788, 31.8474349648 ], [ 35.1610664139, 31.8467118874 ], [ 35.1613487695, 31.8465914084 ], [ 35.1617596009, 31.8464600597 ], [ 35.1617340285, 31.8462409964 ], [ 35.1610540111, 31.8456709895 ], [ 35.1607973334, 31.8455613293 ], [ 35.1604250513, 31.8457255148 ], [ 35.1602323366, 31.8459665076 ], [ 35.1597445496, 31.8461854824 ], [ 35.1592917462, 31.846372633 ], [ 35.1592252496, 31.8464593656 ], [ 35.1583647571, 31.8463923217 ], [ 35.1582213115, 31.8465481061 ], [ 35.1578821773, 31.8467482793 ], [ 35.1574258419, 31.8468037546 ], [ 35.157021558, 31.8469259832 ], [ 35.1566694304, 31.8471150558 ], [ 35.1562259431, 31.8474487466 ], [ 35.1561086695, 31.8474487021 ], [ 35.155613203, 31.8473706851 ], [ 35.1555218494, 31.847504121 ], [ 35.1555217262, 31.8477378756 ], [ 35.1553913337, 31.8477711932 ], [ 35.1549611354, 31.847737659 ], [ 35.1549479811, 31.8478378473 ], [ 35.1550261509, 31.8480604496 ], [ 35.154960892, 31.8481939854 ], [ 35.1547522458, 31.8481604462 ], [ 35.1547262449, 31.8479824146 ], [ 35.1546351325, 31.8478600006 ], [ 35.1545307779, 31.8478042265 ], [ 35.1542047501, 31.8479711174 ], [ 35.1543739705, 31.8484274204 ], [ 35.1545954452, 31.8487725478 ], [ 35.1550907822, 31.8491065985 ], [ 35.1556253669, 31.849151355 ], [ 35.1562120686, 31.8491403959 ], [ 35.1567596839, 31.8491183269 ], [ 35.1569682046, 31.849196323 ], [ 35.1571768654, 31.8492075833 ], [ 35.1576853497, 31.849263414 ], [ 35.1578938827, 31.8493191333 ], [ 35.158024154, 31.8495306602 ], [ 35.1578807421, 31.8496084359 ], [ 35.157606841, 31.8496974363 ], [ 35.1571765083, 31.8499086664 ], [ 35.156837428, 31.8499753658 ], [ 35.1563549448, 31.8500975629 ], [ 35.1562506056, 31.8502088094 ], [ 35.1563547832, 31.8504092356 ], [ 35.1565633031, 31.8506986214 ], [ 35.1564457931, 31.8509434242 ], [ 35.1565761322, 31.8510213914 ], [ 35.1569152564, 31.8508768648 ], [ 35.1571109276, 31.8506765509 ], [ 35.1573589214, 31.8502204067 ], [ 35.1573850255, 31.8499978445 ], [ 35.157828465, 31.8497753456 ], [ 35.1581544815, 31.8496308109 ], [ 35.1581413916, 31.8498200102 ], [ 35.1582586243, 31.8501205428 ], [ 35.1586757569, 31.85032099 ], [ 35.1590408064, 31.8502989356 ], [ 35.1590446233, 31.8502717017 ] ] ] ] } },
{ "type": "Feature", "properties": { "Id": 0, "Name": "Givo'n", "GIS_ID": 3730.2, "Area": 95899.973178999993, "x": 35.1711, "y": 31.8494 }, "geometry": { "type": "MultiPolygon", "coordinates": [ [ [ [ 35.1714205703, 31.8504832932 ], [ 35.1717328775, 31.8505121421 ], [ 35.1720706353, 31.8505771602 ], [ 35.1726109575, 31.8505772963 ], [ 35.1728980578, 31.8504764529 ], [ 35.1733625748, 31.8499937268 ], [ 35.1737932991, 31.8494461493 ], [ 35.1730421398, 31.8486965448 ], [ 35.1719531912, 31.8483359002 ], [ 35.1707543655, 31.8482851765 ], [ 35.1698847555, 31.848234441 ], [ 35.1692600084, 31.8482919872 ], [ 35.1692298655, 31.8484723634 ], [ 35.1688448646, 31.8485025239 ], [ 35.1687433736, 31.8489651554 ], [ 35.1687027749, 31.8491553966 ], [ 35.1686621928, 31.8493023987 ], [ 35.1686923754, 31.8498515455 ], [ 35.1690230497, 31.8498988941 ], [ 35.1698924754, 31.8502017873 ], [ 35.1705509471, 31.8504110085 ], [ 35.1714205703, 31.8504832932 ] ] ] ] } },
{ "type": "Feature", "properties": { "Id": 0, "Name": "Har Shmuel", "GIS_ID": 3730.3, "Area": 193320.768736, "x": 35.1708, "y": 31.8352 }, "geometry": { "type": "MultiPolygon", "coordinates": [ [ [ [ 35.1733079244, 31.8340033308 ], [ 35.1730925898, 31.8335172802 ], [ 35.1730466754, 31.8327816435 ], [ 35.1727544545, 31.8325713538 ], [ 35.171600628, 31.8322032941 ], [ 35.1708467569, 31.8320848673 ], [ 35.1703696974, 31.8321241507 ], [ 35.1703540815, 31.8329385922 ], [ 35.1704614116, 31.8337923863 ], [ 35.1707074687, 31.8342916163 ], [ 35.170661248, 31.8344492445 ], [ 35.1699997256, 31.8342257736 ], [ 35.1696765283, 31.8343701595 ], [ 35.1697225051, 31.8348693366 ], [ 35.1700603991, 31.8353319226 ], [ 35.1696968852, 31.8361694004 ], [ 35.1699845897, 31.8362459879 ], [ 35.170286758, 31.8354729219 ], [ 35.1706914777, 31.8358547591 ], [ 35.1707067387, 31.836301441 ], [ 35.1701678603, 31.8371944723 ], [ 35.1696599393, 31.837483372 ], [ 35.1694753736, 31.8372336942 ], [ 35.169136967, 31.837062884 ], [ 35.1691212097, 31.836720915 ], [ 35.1688948711, 31.8365235384 ], [ 35.1686601741, 31.8366160733 ], [ 35.1687525691, 31.8361695116 ], [ 35.1694727353, 31.8355518553 ], [ 35.1692764113, 31.8345539334 ], [ 35.1687840563, 31.8345013099 ], [ 35.1685838933, 31.8347245476 ], [ 35.1683990249, 31.8352761467 ], [ 35.1683988159, 31.8358147212 ], [ 35.1682449855, 31.8358672544 ], [ 35.1678911475, 31.8357357564 ], [ 35.1671063056, 31.8358669259 ], [ 35.167075422, 31.8362216077 ], [ 35.1676446593, 31.8363530802 ], [ 35.1681679368, 31.8362349999 ], [ 35.1683215942, 31.8366291445 ], [ 35.1681369002, 31.8367209888 ], [ 35.1674136594, 31.8367996008 ], [ 35.1669674634, 31.8367338169 ], [ 35.1669211025, 31.8372198009 ], [ 35.1671518473, 31.8374169191 ], [ 35.1671234982, 31.8376070516 ], [ 35.1672857795, 31.8377049129 ], [ 35.1673430268, 31.8378108945 ], [ 35.1674002645, 31.8379413296 ], [ 35.1672664447, 31.8382999413 ], [ 35.1687672052, 31.8382186598 ], [ 35.1689673904, 31.8379560119 ], [ 35.1694444046, 31.8378379136 ], [ 35.1696905038, 31.8379562112 ], [ 35.1700290884, 31.8379431363 ], [ 35.1701214916, 31.837746201 ], [ 35.170290878, 31.8373389789 ], [ 35.1707123299, 31.837628431 ], [ 35.1710163661, 31.8375662239 ], [ 35.1707680064, 31.8368925183 ], [ 35.1708297323, 31.8365116005 ], [ 35.1710761649, 31.8356972201 ], [ 35.1701839534, 31.8350927553 ], [ 35.1702917571, 31.8349483106 ], [ 35.1711357532, 31.8356020045 ], [ 35.1713532099, 31.8355265753 ], [ 35.1715223588, 31.8357630797 ], [ 35.1721686056, 31.8359077186 ], [ 35.1726455602, 31.8359209151 ], [ 35.1733074005, 31.8355664778 ], [ 35.1744920927, 31.8356980686 ], [ 35.1750922543, 31.8356063114 ], [ 35.1746769257, 31.8351464607 ], [ 35.1740154445, 31.8347522035 ], [ 35.1733079244, 31.8340033308 ] ] ] ] } },
{ "type": "Feature", "properties": { "Id": 0, "Name": "Har Adar", "GIS_ID": 3769.0, "Area": 811326.77056900004, "x": 35.1292, "y": 31.8265 }, "geometry": { "type": "MultiPolygon", "coordinates": [ [ [ [ 35.1338496942, 31.8283083692 ], [ 35.1330954595, 31.8278051766 ], [ 35.1325926004, 31.8274765362 ], [ 35.132192971, 31.8277920421 ], [ 35.1324737964, 31.8281206489 ], [ 35.132399581, 31.8284743061 ], [ 35.1323546495, 31.8290680479 ], [ 35.132043851, 31.8292447212 ], [ 35.1314516721, 31.8296612106 ], [ 35.131274195, 31.8295473875 ], [ 35.1307863974, 31.829003932 ], [ 35.1301502738, 31.8288899314 ], [ 35.1296914891, 31.82892754 ], [ 35.1288332626, 31.8290280386 ], [ 35.1287006418, 31.8284469084 ], [ 35.1290559625, 31.8280807945 ], [ 35.1289233622, 31.8274744131 ], [ 35.1289983806, 31.8261480404 ], [ 35.1283622138, 31.8250346285 ], [ 35.1280080435, 31.824960005 ], [ 35.1281554344, 31.8247787156 ], [ 35.1289667015, 31.8252070646 ], [ 35.1306665497, 31.8265406031 ], [ 35.130406806, 31.8273809834 ], [ 35.1314081827, 31.8278681848 ], [ 35.1318751901, 31.8270131747 ], [ 35.1316469298, 31.8259601066 ], [ 35.1317953487, 31.825404391 ], [ 35.1317956552, 31.8250128149 ], [ 35.132047112, 31.8250634608 ], [ 35.1321952814, 31.8248234767 ], [ 35.1323287332, 31.8243562218 ], [ 35.1325359041, 31.8243058363 ], [ 35.1327728741, 31.8239648961 ], [ 35.1329208549, 31.8239649793 ], [ 35.1330090163, 31.8246976789 ], [ 35.1331712913, 31.8253419499 ], [ 35.1328901019, 31.8254933906 ], [ 35.1329340662, 31.8260113385 ], [ 35.1332447931, 31.8260493897 ], [ 35.1333777484, 31.8262263136 ], [ 35.1339398606, 31.8264161915 ], [ 35.1345464626, 31.8264417772 ], [ 35.1349013945, 31.8266945752 ], [ 35.1352114348, 31.8275158638 ], [ 35.1354926384, 31.827490765 ], [ 35.1358921277, 31.8274909807 ], [ 35.1358483113, 31.826606709 ], [ 35.1355677503, 31.8259117847 ], [ 35.1352128874, 31.8255679935 ], [ 35.1345028241, 31.8254791356 ], [ 35.134443777, 31.8252012481 ], [ 35.1342664199, 31.8250748036 ], [ 35.1344147828, 31.8244306149 ], [ 35.1346669337, 31.8236981031 ], [ 35.1342676803, 31.8234073127 ], [ 35.1340458686, 31.8232683078 ], [ 35.1340314737, 31.8226114037 ], [ 35.1344168598, 31.8216768647 ], [ 35.1342098009, 31.8215882807 ], [ 35.1332924501, 31.8217519956 ], [ 35.1332778663, 31.8214866677 ], [ 35.1328191763, 31.8215875062 ], [ 35.1323899638, 31.8216757341 ], [ 35.1319461381, 31.8216754822 ], [ 35.1314579409, 31.8216878291 ], [ 35.1311176152, 31.8217002593 ], [ 35.1310729743, 31.8220539331 ], [ 35.1308363134, 31.8220032036 ], [ 35.1300227264, 31.8218385067 ], [ 35.1296972278, 31.8218004391 ], [ 35.1292383789, 31.82209074 ], [ 35.1292533094, 31.8219138991 ], [ 35.1295496821, 31.8213961501 ], [ 35.1297572848, 31.8208025943 ], [ 35.129594797, 31.820461425 ], [ 35.1290918057, 31.8203600328 ], [ 35.1287663874, 31.8203598398 ], [ 35.1281592455, 31.8210416254 ], [ 35.1275226461, 31.8215717918 ], [ 35.1262939764, 31.8224073149 ], [ 35.1257313794, 31.8228364219 ], [ 35.1253019801, 31.8232530738 ], [ 35.1248579195, 31.8235180265 ], [ 35.124916539, 31.8241370822 ], [ 35.1255962781, 31.8250848816 ], [ 35.1258178139, 31.8255398134 ], [ 35.1256105079, 31.8257417862 ], [ 35.1250036125, 31.8260673319 ], [ 35.1247961735, 31.8264209016 ], [ 35.1247270402, 31.8273159043 ], [ 35.1241713223, 31.8274318229 ], [ 35.1241326725, 31.8280317402 ], [ 35.1251240799, 31.8280277109 ], [ 35.1252601228, 31.8281905704 ], [ 35.1254452037, 31.8283395081 ], [ 35.1256031316, 31.8283907638 ], [ 35.1256194103, 31.8284651852 ], [ 35.1254067044, 31.8287720003 ], [ 35.1244470751, 31.8298178106 ], [ 35.1244967955, 31.8305008795 ], [ 35.1245552974, 31.8312588168 ], [ 35.1248095064, 31.8317235363 ], [ 35.1254676462, 31.8321952179 ], [ 35.1261453849, 31.8324023345 ], [ 35.1273656793, 31.8323452036 ], [ 35.1280244696, 31.8320479554 ], [ 35.1284799166, 31.831709243 ], [ 35.1287327681, 31.8315272409 ], [ 35.1286539044, 31.8312234453 ], [ 35.1289202398, 31.8313119832 ], [ 35.1292163034, 31.8310848063 ], [ 35.129275683, 31.8308069865 ], [ 35.1296900465, 31.8307187606 ], [ 35.1299860499, 31.8306936827 ], [ 35.1302967259, 31.8306812383 ], [ 35.1305037108, 31.8308834595 ], [ 35.1306807979, 31.8314899549 ], [ 35.1315978992, 31.8319073101 ], [ 35.1326336714, 31.8318700214 ], [ 35.1331517324, 31.8315544905 ], [ 35.1334036042, 31.8310872111 ], [ 35.1328415898, 31.8308721699 ], [ 35.13192397, 31.8311242541 ], [ 35.1313915262, 31.8309218489 ], [ 35.1309774134, 31.8306942585 ], [ 35.1310663346, 31.8304543319 ], [ 35.1313622312, 31.8304291606 ], [ 35.1322944869, 31.8303665639 ], [ 35.132827386, 31.8301142611 ], [ 35.1329604046, 31.8302153412 ], [ 35.1335228105, 31.8300514318 ], [ 35.1338636756, 31.8293694744 ], [ 35.1338496942, 31.8283083692 ] ] ] ] } },
{ "type": "Feature", "properties": { "Id": 0, "Name": "Har Gilo", "GIS_ID": 3603.0, "Area": 171360.89616900001, "x": 35.1704, "y": 31.7225 }, "geometry": { "type": "MultiPolygon", "coordinates": [ [ [ [ 35.1711289793, 31.7239074854 ], [ 35.1716474953, 31.7235155859 ], [ 35.1718072427, 31.7229020991 ], [ 35.1717076191, 31.7226634444 ], [ 35.1722859203, 31.7223568725 ], [ 35.1726649801, 31.721845619 ], [ 35.1726650962, 31.7215048103 ], [ 35.1730639997, 31.7212662797 ], [ 35.1731438214, 31.7210958498 ], [ 35.1734030576, 31.7207721492 ], [ 35.1738617008, 31.7207722599 ], [ 35.1743800836, 31.7207042031 ], [ 35.174918512, 31.7206361489 ], [ 35.1755766065, 31.7201591309 ], [ 35.1757961654, 31.7194774725 ], [ 35.1757963799, 31.7187786294 ], [ 35.1753576976, 31.7187445306 ], [ 35.1746996229, 31.7191874576 ], [ 35.1739618067, 31.7195451375 ], [ 35.1733036483, 31.7198858778 ], [ 35.1726056855, 31.7202946944 ], [ 35.1722865546, 31.7205161988 ], [ 35.1720473036, 31.7207036327 ], [ 35.1718080057, 31.7207206168 ], [ 35.1714889918, 31.7206012202 ], [ 35.1709506238, 31.7207885746 ], [ 35.17053172, 31.7211804076 ], [ 35.1702126867, 31.7214019068 ], [ 35.1700929206, 31.7217257287 ], [ 35.1701724851, 31.7222710981 ], [ 35.1698732957, 31.7224585119 ], [ 35.1693942705, 31.7238899761 ], [ 35.1687760459, 31.7239750296 ], [ 35.1684969874, 31.7239238165 ], [ 35.1678389252, 31.7238895396 ], [ 35.1668619048, 31.7241107498 ], [ 35.1658247584, 31.7247922379 ], [ 35.163981227, 31.7250614078 ], [ 35.163489249, 31.7251950328 ], [ 35.1633701219, 31.724908319 ], [ 35.1630868877, 31.7249273392 ], [ 35.1633474728, 31.7255644802 ], [ 35.1641447156, 31.7261826794 ], [ 35.1642939017, 31.725908792 ], [ 35.1648084862, 31.7252018198 ], [ 35.1667728641, 31.7259237188 ], [ 35.1672403454, 31.7249800623 ], [ 35.1683372098, 31.724554344 ], [ 35.1693342722, 31.7243500828 ], [ 35.1696932139, 31.7240945971 ], [ 35.1711289793, 31.7239074854 ] ] ] ] } },
{ "type": "Feature", "properties": { "Id": 0, "Name": "Neve Daniel", "GIS_ID": 3725.0, "Area": 262197.65243999998, "x": 35.1435, "y": 31.6781 }, "geometry": { "type": "MultiPolygon", "coordinates": [ [ [ [ 35.1455465836, 31.6785576469 ], [ 35.1457181931, 31.6780136368 ], [ 35.1464921745, 31.6777060949 ], [ 35.1467831283, 31.6773235716 ], [ 35.1471380522, 31.6770621933 ], [ 35.1473217611, 31.6767169553 ], [ 35.147248516, 31.676465846 ], [ 35.146661424, 31.6763086589 ], [ 35.145927235, 31.6764652474 ], [ 35.1455845498, 31.6765487821 ], [ 35.1453889522, 31.6763394614 ], [ 35.1451441252, 31.6764335016 ], [ 35.1449484622, 31.6763287954 ], [ 35.14489983, 31.6758579141 ], [ 35.1446920291, 31.6756067405 ], [ 35.1443370861, 31.6757321122 ], [ 35.1439333222, 31.6758469983 ], [ 35.1436887501, 31.6757108824 ], [ 35.1435297862, 31.6754491784 ], [ 35.1434320591, 31.6752399013 ], [ 35.1430894885, 31.6753129679 ], [ 35.1428938439, 31.6751873354 ], [ 35.1426737324, 31.674904768 ], [ 35.1423679586, 31.6748312989 ], [ 35.141915145, 31.674967168 ], [ 35.1413889957, 31.6751656783 ], [ 35.141168506, 31.6754480303 ], [ 35.1408990816, 31.6758873706 ], [ 35.1408377526, 31.6761279551 ], [ 35.1406176022, 31.6759081533 ], [ 35.1404954008, 31.6757197848 ], [ 35.1403122218, 31.6752592958 ], [ 35.1401288501, 31.6750813577 ], [ 35.1399944178, 31.6748929825 ], [ 35.1397863096, 31.6749556464 ], [ 35.1396761264, 31.6750811289 ], [ 35.1397980501, 31.6756671261 ], [ 35.1400672239, 31.6757509542 ], [ 35.1402631103, 31.6755208092 ], [ 35.140470684, 31.6760859257 ], [ 35.1407152578, 31.6763685992 ], [ 35.1408007112, 31.6766301798 ], [ 35.140849494, 31.6768499863 ], [ 35.1412774847, 31.6771012752 ], [ 35.1415220213, 31.677446626 ], [ 35.1417541859, 31.6778443681 ], [ 35.142158017, 31.6778038019 ], [ 35.1425126989, 31.6779295126 ], [ 35.1426471752, 31.6780655775 ], [ 35.1425123104, 31.6785154476 ], [ 35.1425732555, 31.6788502457 ], [ 35.1424385558, 31.6790490394 ], [ 35.1425851978, 31.6792897253 ], [ 35.1425978971, 31.6793498276 ], [ 35.14256894, 31.6794105104 ], [ 35.1424558179, 31.6795363453 ], [ 35.1422485155, 31.6790786144 ], [ 35.1416920485, 31.6792892896 ], [ 35.1412636865, 31.6794146166 ], [ 35.1411657122, 31.6795714908 ], [ 35.1417405398, 31.6799484791 ], [ 35.1414345455, 31.6801784818 ], [ 35.1408489536, 31.6805089526 ], [ 35.1401524269, 31.6803422496 ], [ 35.1399293568, 31.6805335119 ], [ 35.1400759476, 31.6806951519 ], [ 35.140811914, 31.6808551309 ], [ 35.1405672485, 31.6811225245 ], [ 35.1403568808, 31.681485815 ], [ 35.1406015918, 31.6814336301 ], [ 35.1408221045, 31.6811408178 ], [ 35.1410913954, 31.6809211697 ], [ 35.1416544195, 31.6806703714 ], [ 35.14267014, 31.6803360984 ], [ 35.1433185311, 31.6804828716 ], [ 35.1435137845, 31.6812258226 ], [ 35.1438068745, 31.6821885114 ], [ 35.1443365774, 31.6825585979 ], [ 35.1446627685, 31.6826065727 ], [ 35.1450407771, 31.6823476125 ], [ 35.1449569706, 31.6818485107 ], [ 35.1448596858, 31.6812578422 ], [ 35.1448231516, 31.6809962873 ], [ 35.145092313, 31.6809650281 ], [ 35.1451781606, 31.6807975936 ], [ 35.1450683113, 31.6802325306 ], [ 35.1447385125, 31.6794372115 ], [ 35.1446040915, 31.6792069952 ], [ 35.1447388135, 31.6789663532 ], [ 35.1450691229, 31.6789560457 ], [ 35.1453872976, 31.6789561932 ], [ 35.1455465836, 31.6785576469 ] ] ] ] } },
{ "type": "Feature", "properties": { "Id": 0, "Name": "Neve Daniel North", "GIS_ID": 0.076, "Area": 13202.907148599999, "x": 35.1473, "y": 31.6935 }, "geometry": { "type": "MultiPolygon", "coordinates": [ [ [ [ 35.1473131931, 31.693479262 ], [ 35.1468067376, 31.6939358627 ], [ 35.1464742234, 31.694199909 ], [ 35.1465985675, 31.694604734 ], [ 35.1467443951, 31.6946766098 ], [ 35.1473459442, 31.6940570479 ], [ 35.1471382765, 31.6939133352 ], [ 35.1474257619, 31.6936451218 ], [ 35.1477963314, 31.693739301 ], [ 35.1478489025, 31.6933197824 ], [ 35.1479997596, 31.6927549285 ], [ 35.1478165745, 31.6927101155 ], [ 35.1475745271, 31.692676459 ], [ 35.1473587251, 31.6926727553 ], [ 35.1468968451, 31.6926725479 ], [ 35.1468745253, 31.6927767921 ], [ 35.146926745, 31.6929334675 ], [ 35.1470993621, 31.6931830878 ], [ 35.1473131931, 31.693479262 ] ] ] ] } },
{ "type": "Feature", "properties": { "Id": 0, "Name": "va'ot", "GIS_ID": 17141.0, "Area": 17114.4984, "x": 35.1017, "y": 31.6787 }, "geometry": { "type": "MultiPolygon", "coordinates": [ [ [ [ 35.1022552143, 31.6780402688 ], [ 35.1017732854, 31.678020853 ], [ 35.1013507583, 31.6779761412 ], [ 35.101061666, 31.6780012495 ], [ 35.1008614336, 31.6780644876 ], [ 35.1006464299, 31.6780389708 ], [ 35.1004833331, 31.6780895223 ], [ 35.1003276606, 31.6781021116 ], [ 35.1002903549, 31.6782669402 ], [ 35.1005794833, 31.6783051438 ], [ 35.1007796177, 31.6783307388 ], [ 35.1007423268, 31.6784828514 ], [ 35.100742179, 31.678615965 ], [ 35.1008755509, 31.6786477284 ], [ 35.1010388031, 31.6785528052 ], [ 35.1013130557, 31.6785973983 ], [ 35.1016018083, 31.6789780335 ], [ 35.101779288, 31.6793712045 ], [ 35.1018531414, 31.6796311784 ], [ 35.1016157556, 31.67971982 ], [ 35.1015933776, 31.6798338866 ], [ 35.1016823871, 31.6798339582 ], [ 35.1019272598, 31.679650267 ], [ 35.1023795402, 31.6795936323 ], [ 35.1025871986, 31.6794923395 ], [ 35.1027949946, 31.6792642458 ], [ 35.102802793, 31.6789789954 ], [ 35.1025433998, 31.6788456749 ], [ 35.1022987387, 31.6788390762 ], [ 35.1019355332, 31.6788387851 ], [ 35.1018539077, 31.6789338651 ], [ 35.1016685082, 31.678933716 ], [ 35.1014241687, 31.6786355463 ], [ 35.1016022343, 31.6785913187 ], [ 35.1018691668, 31.6784837618 ], [ 35.1022552143, 31.6780402688 ] ] ] ] } },
{ "type": "Feature", "properties": { "Id": 0, "Name": "Rosh Tzurim", "GIS_ID": 3602.0, "Area": 258830.03070599999, "x": 35.1242, "y": 31.6683 }, "geometry": { "type": "MultiPolygon", "coordinates": [ [ [ [ 35.1257154432, 31.6714060694 ], [ 35.1259968345, 31.6714309888 ], [ 35.1267956843, 31.6698963927 ], [ 35.126960947, 31.6692343504 ], [ 35.1276696701, 31.6688544657 ], [ 35.1281805081, 31.6685448038 ], [ 35.1282631164, 31.6682348851 ], [ 35.1282471031, 31.6676995336 ], [ 35.128099258, 31.6671922413 ], [ 35.1275397028, 31.6666143567 ], [ 35.126880989, 31.6663461971 ], [ 35.1258268775, 31.6663033456 ], [ 35.1248219957, 31.666401296 ], [ 35.1244757245, 31.6667533447 ], [ 35.1241294957, 31.6671757374 ], [ 35.1236846704, 31.6672318229 ], [ 35.1233716905, 31.6672456935 ], [ 35.1229272332, 31.6668791667 ], [ 35.1226145505, 31.6665549297 ], [ 35.1226971879, 31.6662309455 ], [ 35.1227962496, 31.6659351098 ], [ 35.1239165832, 31.6657245162 ], [ 35.1238022473, 31.6645410277 ], [ 35.1225175016, 31.6645542789 ], [ 35.122220769, 31.6648076903 ], [ 35.1225327033, 31.6659772381 ], [ 35.122279546, 31.6662194675 ], [ 35.1220793449, 31.6663882832 ], [ 35.1216018478, 31.6661907384 ], [ 35.1210742698, 31.6666975991 ], [ 35.1211560332, 31.6673597954 ], [ 35.1209417309, 31.6675145944 ], [ 35.1206454649, 31.6672326604 ], [ 35.1204313393, 31.6671903128 ], [ 35.1203816223, 31.667598821 ], [ 35.1197049598, 31.6683401333 ], [ 35.1197052966, 31.6686267606 ], [ 35.1194410361, 31.6694437568 ], [ 35.1194401257, 31.6704440046 ], [ 35.1194886565, 31.6713457124 ], [ 35.1196037651, 31.6716275286 ], [ 35.1202463709, 31.6714166492 ], [ 35.1206420141, 31.6710788037 ], [ 35.1208748681, 31.6685853245 ], [ 35.1208588341, 31.6681204072 ], [ 35.121188619, 31.6677119915 ], [ 35.1213045056, 31.6671203591 ], [ 35.1216997023, 31.6672615759 ], [ 35.1221774534, 31.6671772905 ], [ 35.1226058665, 31.6670789929 ], [ 35.1231490543, 31.6675301778 ], [ 35.1235599979, 31.6684883905 ], [ 35.1238069184, 31.6686576447 ], [ 35.1241688379, 31.6692495806 ], [ 35.1240229136, 31.6696484776 ], [ 35.1243017807, 31.6699608367 ], [ 35.1237072936, 31.6704562833 ], [ 35.1238644072, 31.6708603849 ], [ 35.1242222036, 31.6709463077 ], [ 35.1256669591, 31.670377563 ], [ 35.1255676654, 31.6708283395 ], [ 35.1257154432, 31.6714060694 ] ] ] ] } },
{ "type": "Feature", "properties": { "Id": 0, "Name": "Adora", "GIS_ID": 3759.0, "Area": 99860.506791799999, "x": 35.0172, "y": 31.5522 }, "geometry": { "type": "MultiPolygon", "coordinates": [ [ [ [ 35.0175200779, 31.5540013432 ], [ 35.0173843651, 31.5539941713 ], [ 35.0173596515, 31.5541359302 ], [ 35.017519786, 31.5541477869 ], [ 35.0175200779, 31.5540013432 ] ] ], [ [ [ 35.015940467, 31.5538758259 ], [ 35.0155441381, 31.5520640103 ], [ 35.0158724084, 31.5522756227 ], [ 35.0163653073, 31.5524271412 ], [ 35.0164471325, 31.5525881552 ], [ 35.0165872019, 31.5530106169 ], [ 35.0169393055, 31.553051357 ], [ 35.0173502773, 31.5530419481 ], [ 35.0178668086, 31.5531231495 ], [ 35.0182539754, 31.5532745064 ], [ 35.0186766585, 31.5532550093 ], [ 35.0191349607, 31.5530646579 ], [ 35.0196286354, 31.5527737974 ], [ 35.0200637441, 31.5524325261 ], [ 35.0204511876, 31.552443185 ], [ 35.0205324352, 31.5529561056 ], [ 35.0208840179, 31.5536831083 ], [ 35.0215957628, 31.5534075111 ], [ 35.0213527663, 31.5531151099 ], [ 35.021235854, 31.5529038145 ], [ 35.02127213, 31.5523407383 ], [ 35.0207202664, 31.5523399468 ], [ 35.0202154336, 31.5523090982 ], [ 35.0197458232, 31.5523084209 ], [ 35.0191061132, 31.552206937 ], [ 35.0184956883, 31.5521558168 ], [ 35.0181199563, 31.5521351583 ], [ 35.0179679114, 31.5518533726 ], [ 35.0176866438, 31.5515714883 ], [ 35.0173585123, 31.5512894447 ], [ 35.0169357928, 31.5512788149 ], [ 35.0166904149, 31.550695215 ], [ 35.0163388646, 31.5503830119 ], [ 35.0160342422, 31.5500407544 ], [ 35.0158587218, 31.5497589315 ], [ 35.0154597578, 31.5496176508 ], [ 35.0150850307, 31.5497306422 ], [ 35.0149084774, 31.5499617106 ], [ 35.0149196393, 31.5502230894 ], [ 35.0151186836, 31.5504848366 ], [ 35.0155527248, 31.5506764946 ], [ 35.0157635066, 31.5509683806 ], [ 35.015669059, 31.5512195927 ], [ 35.0153160706, 31.5516213056 ], [ 35.0154669121, 31.5524962531 ], [ 35.015804775, 31.553803833 ], [ 35.0154530338, 31.5535820849 ], [ 35.0148078489, 31.5532694434 ], [ 35.01461992, 31.5532892764 ], [ 35.0141390397, 31.5530271095 ], [ 35.0139393186, 31.5530972483 ], [ 35.0139271553, 31.5532782356 ], [ 35.0143846522, 31.5534900441 ], [ 35.0142785487, 31.5537211261 ], [ 35.0144894148, 31.5539727907 ], [ 35.0147597382, 31.5538324099 ], [ 35.0150762818, 31.5540641186 ], [ 35.0153868886, 31.5543159294 ], [ 35.0160863747, 31.5542130948 ], [ 35.015940467, 31.5538758259 ] ] ] ] } },
{ "type": "Feature", "properties": { "Id": 0, "Name": "lazar", "GIS_ID": 3618.0, "Area": 239498.15565, "x": 35.1426, "y": 31.6602 }, "geometry": { "type": "MultiPolygon", "coordinates": [ [ [ [ 35.1427593161, 31.6615596793 ], [ 35.1435683837, 31.6613689638 ], [ 35.1444159444, 31.6611618475 ], [ 35.144753022, 31.6611867164 ], [ 35.145080551, 31.6609726778 ], [ 35.1453214535, 31.6606845559 ], [ 35.145485498, 31.6602151247 ], [ 35.1454374318, 31.6600256222 ], [ 35.1454761094, 31.6597209024 ], [ 35.1455147987, 31.6595644479 ], [ 35.1458615513, 31.6592845806 ], [ 35.146016037, 31.6587492184 ], [ 35.1458525709, 31.6583043473 ], [ 35.1458144272, 31.65776078 ], [ 35.1456895328, 31.6573488441 ], [ 35.1453525833, 31.6571427945 ], [ 35.1447748204, 31.6571013111 ], [ 35.1442162626, 31.6571998926 ], [ 35.143599769, 31.6575373463 ], [ 35.14292549, 31.6578772042 ], [ 35.14249203, 31.6580499711 ], [ 35.1416153222, 31.6586755224 ], [ 35.1410466435, 31.6593753536 ], [ 35.1407189593, 31.6598116896 ], [ 35.1400637859, 31.6603879186 ], [ 35.1397939311, 31.6607428436 ], [ 35.1395914628, 31.6610803964 ], [ 35.1395334812, 31.6613686908 ], [ 35.1397740029, 31.6616570464 ], [ 35.1401206478, 31.6617231472 ], [ 35.1401301863, 31.6618054915 ], [ 35.1393308613, 31.6619204341 ], [ 35.1393306374, 31.6622416756 ], [ 35.1400238828, 31.6622914488 ], [ 35.1407269406, 31.6623329262 ], [ 35.1407075605, 31.6624564709 ], [ 35.1393594023, 31.6624228733 ], [ 35.1393494205, 31.6628264493 ], [ 35.140591816, 31.662720026 ], [ 35.1398886787, 31.6629420705 ], [ 35.1390410007, 31.6632792946 ], [ 35.1385885607, 31.6629578207 ], [ 35.1376157172, 31.6632950608 ], [ 35.137249553, 31.6635337707 ], [ 35.1377596625, 31.6640117517 ], [ 35.1382893473, 31.6639543083 ], [ 35.1391273927, 31.6636829199 ], [ 35.1398980805, 31.6632221019 ], [ 35.1411214749, 31.6626873719 ], [ 35.1414779307, 31.6624404392 ], [ 35.1421234762, 31.6619218271 ], [ 35.1427593161, 31.6615596793 ] ] ] ] } },
{ "type": "Feature", "properties": { "Id": 0, "Name": "Alfe Menashe", "GIS_ID": 3750.0, "Area": 1252864.19166, "x": 35.0134, "y": 32.1734 }, "geometry": { "type": "MultiPolygon", "coordinates": [ [ [ [ 35.0235481336, 32.1642112722 ], [ 35.0235311993, 32.1641165845 ], [ 35.023149978, 32.1642543934 ], [ 35.0231497473, 32.164370902 ], [ 35.0233166726, 32.1643747819 ], [ 35.0233207009, 32.1645022194 ], [ 35.0235218834, 32.1644988662 ], [ 35.0235221999, 32.1643386668 ], [ 35.0234537364, 32.1643276462 ], [ 35.0235481336, 32.1642112722 ] ] ], [ [ [ 35.021695769, 32.1679915106 ], [ 35.0216825049, 32.1664826609 ], [ 35.0209391646, 32.1662941044 ], [ 35.0201680741, 32.1661992886 ], [ 35.019672797, 32.1659173903 ], [ 35.019701496, 32.1653550798 ], [ 35.0191236382, 32.1650730587 ], [ 35.0176083304, 32.1652348653 ], [ 35.0166161234, 32.1654911265 ], [ 35.0165602834, 32.1658893615 ], [ 35.0170284178, 32.1659603045 ], [ 35.0169451485, 32.1662413574 ], [ 35.016255986, 32.1665215107 ], [ 35.0157310781, 32.1672471157 ], [ 35.0165297858, 32.1673185532 ], [ 35.0166959822, 32.1668735893 ], [ 35.0175230548, 32.166499942 ], [ 35.0179363128, 32.1665005517 ], [ 35.0179078412, 32.1669457204 ], [ 35.0186792684, 32.166876516 ], [ 35.0193111763, 32.167697524 ], [ 35.0203589418, 32.1671835928 ], [ 35.0204420905, 32.1677384718 ], [ 35.021695769, 32.1679915106 ] ] ], [ [ [ 35.0140444241, 32.1805492192 ], [ 35.0149936506, 32.1802394392 ], [ 35.0156710881, 32.1802980756 ], [ 35.0160631744, 32.1798998019 ], [ 35.0169167841, 32.1800884602 ], [ 35.0177158914, 32.1800193932 ], [ 35.0188192296, 32.1793649704 ], [ 35.0186278781, 32.178614948 ], [ 35.0186569685, 32.1778651589 ], [ 35.0186311127, 32.1770216841 ], [ 35.0183865481, 32.1753812531 ], [ 35.0197928406, 32.1746803735 ], [ 35.0210612542, 32.1740965102 ], [ 35.0207588879, 32.1737680031 ], [ 35.020787912, 32.1730417494 ], [ 35.0214398803, 32.1722905714 ], [ 35.0214286131, 32.1721881025 ], [ 35.0214242846, 32.1716602381 ], [ 35.020625488, 32.1716122777 ], [ 35.0200211546, 32.1707678705 ], [ 35.0182860942, 32.1705544932 ], [ 35.0165790023, 32.1702005456 ], [ 35.0149547482, 32.1696826646 ], [ 35.0125313083, 32.1693743903 ], [ 35.0103848666, 32.1683401985 ], [ 35.0090360756, 32.1678929126 ], [ 35.0080439222, 32.1681491064 ], [ 35.0070239958, 32.1684990345 ], [ 35.0061421332, 32.1686382437 ], [ 35.0054527671, 32.1689885865 ], [ 35.0051753873, 32.1698784804 ], [ 35.0059175045, 32.1706293891 ], [ 35.0069915796, 32.1707482112 ], [ 35.0075412647, 32.1713114195 ], [ 35.0080366339, 32.1715464724 ], [ 35.0087236051, 32.1723207253 ], [ 35.0094944356, 32.1725561984 ], [ 35.0106237703, 32.1726282722 ], [ 35.0102922898, 32.1730495278 ], [ 35.0102633317, 32.17370544 ], [ 35.0092992846, 32.1736806008 ], [ 35.0090783561, 32.173914543 ], [ 35.006986071, 32.1733021413 ], [ 35.0054996496, 32.1727843543 ], [ 35.0045904365, 32.1728531704 ], [ 35.0038180759, 32.1733205144 ], [ 35.0045325403, 32.1741182797 ], [ 35.0051650337, 32.1746347362 ], [ 35.0058253006, 32.1750106451 ], [ 35.0061824472, 32.1754798615 ], [ 35.0069520339, 32.1763010554 ], [ 35.0065933099, 32.1765582243 ], [ 35.0062610401, 32.1773777849 ], [ 35.0067282586, 32.1778470817 ], [ 35.0078303398, 32.1778019965 ], [ 35.0089060536, 32.1771944196 ], [ 35.0095127714, 32.1768908239 ], [ 35.0096516512, 32.1763521328 ], [ 35.0103688729, 32.1758846689 ], [ 35.0118567307, 32.1758072246 ], [ 35.0128227628, 32.1748949151 ], [ 35.0119173775, 32.1731363274 ], [ 35.0145352345, 32.1727419658 ], [ 35.0134930325, 32.1734741102 ], [ 35.013538219, 32.1738108084 ], [ 35.014163534, 32.1737727207 ], [ 35.0143574871, 32.174290154 ], [ 35.0147993301, 32.1742127578 ], [ 35.0148288293, 32.1738176276 ], [ 35.0160755385, 32.1738923276 ], [ 35.0173276211, 32.174870267 ], [ 35.0157073287, 32.1761753509 ], [ 35.0150412889, 32.1764817135 ], [ 35.0145879221, 32.1765786079 ], [ 35.0142605496, 32.1767732641 ], [ 35.0136575796, 32.1770894715 ], [ 35.0129665607, 32.1776204089 ], [ 35.0126177763, 32.1778197034 ], [ 35.012238686, 32.1780533054 ], [ 35.0118768542, 32.178262539 ], [ 35.0115607164, 32.1785645364 ], [ 35.0113192013, 32.1788422535 ], [ 35.0107328282, 32.1794365575 ], [ 35.0108929224, 32.1796856158 ], [ 35.0113510361, 32.1800668536 ], [ 35.0115518644, 32.1801997008 ], [ 35.0118900362, 32.1804883351 ], [ 35.0124042851, 32.1808002313 ], [ 35.012742824, 32.1809159924 ], [ 35.0131632463, 32.1807668427 ], [ 35.0136106101, 32.1806637232 ], [ 35.0140444241, 32.1805492192 ] ] ] ] } },
{ "type": "Feature", "properties": { "Id": 0, "Name": "Asefar", "GIS_ID": 3754.0, "Area": 136273.62314800001, "x": 35.1896, "y": 31.5869 }, "geometry": { "type": "MultiPolygon", "coordinates": [ [ [ [ 35.1883111366, 31.5877921503 ], [ 35.1885724407, 31.5883178818 ], [ 35.188926985, 31.5888772636 ], [ 35.1894123519, 31.5896763763 ], [ 35.1896455825, 31.5899080932 ], [ 35.1898510214, 31.5899960488 ], [ 35.1901403518, 31.5899241124 ], [ 35.1901311105, 31.5897243476 ], [ 35.1899070147, 31.5896923963 ], [ 35.1897017018, 31.5894766461 ], [ 35.1893657454, 31.5892528537 ], [ 35.1889924511, 31.5886455817 ], [ 35.1891884289, 31.5885816627 ], [ 35.1893005666, 31.5877043388 ], [ 35.1892540248, 31.5868893151 ], [ 35.1887501337, 31.5860742362 ], [ 35.1887501683, 31.5858664457 ], [ 35.1890584756, 31.5843563946 ], [ 35.1887878278, 31.5843164091 ], [ 35.1887223509, 31.5846279966 ], [ 35.1884330479, 31.5846279609 ], [ 35.1880130003, 31.5846279077 ], [ 35.1880035748, 31.5849075759 ], [ 35.1878635585, 31.5849075579 ], [ 35.1875181845, 31.5850273711 ], [ 35.1873222115, 31.585099224 ], [ 35.1871261123, 31.5852829985 ], [ 35.1868274891, 31.5849713622 ], [ 35.1865288451, 31.5847794935 ], [ 35.1862302116, 31.5845397347 ], [ 35.1869023049, 31.5843321281 ], [ 35.1869023288, 31.5842042432 ], [ 35.1867437126, 31.5839565683 ], [ 35.1860716247, 31.584148211 ], [ 35.1854928133, 31.5846594862 ], [ 35.1852032871, 31.5852347449 ], [ 35.1855113113, 31.5854026285 ], [ 35.1856326196, 31.5857063054 ], [ 35.1858938256, 31.5860898179 ], [ 35.1862204755, 31.5863935237 ], [ 35.1866032335, 31.5864016042 ], [ 35.186761861, 31.5866093264 ], [ 35.1868738131, 31.5868330953 ], [ 35.1869671058, 31.5871207138 ], [ 35.1872564779, 31.5873604694 ], [ 35.187779112, 31.5876082816 ], [ 35.1883111366, 31.5877921503 ] ] ], [ [ [ 35.1954193543, 31.5884979271 ], [ 35.1953524349, 31.5886698184 ], [ 35.1955723081, 31.5887843709 ], [ 35.1955626811, 31.5892017547 ], [ 35.1953411511, 31.589082621 ], [ 35.1952567955, 31.5894799595 ], [ 35.1950655642, 31.5895126835 ], [ 35.1948647751, 31.5892507662 ], [ 35.1946258632, 31.588833454 ], [ 35.19431037, 31.5883015078 ], [ 35.1942912666, 31.5886124703 ], [ 35.1940522506, 31.5891771107 ], [ 35.1940522199, 31.5894553369 ], [ 35.1940998849, 31.5900282072 ], [ 35.1942719943, 31.5904864599 ], [ 35.1945396136, 31.59046195 ], [ 35.1947977377, 31.590560183 ], [ 35.1950941417, 31.5903228333 ], [ 35.1957538754, 31.5895618836 ], [ 35.1959929442, 31.5894800099 ], [ 35.1963416219, 31.5887094734 ], [ 35.1956583971, 31.5886698396 ], [ 35.195591515, 31.5884488774 ], [ 35.1963052776, 31.5879717541 ], [ 35.1966814966, 31.5865994869 ], [ 35.1970211737, 31.5861346236 ], [ 35.1968116303, 31.5861172525 ], [ 35.1966815262, 31.5862393709 ], [ 35.1954862679, 31.5883833945 ], [ 35.1954193543, 31.5884979271 ] ] ] ] } },
{ "type": "Feature", "properties": { "Id": 0, "Name": "Efrat", "GIS_ID": 3650.0, "Area": 1083263.26868, "x": 35.1556, "y": 31.6611 }, "geometry": { "type": "MultiPolygon", "coordinates": [ [ [ [ 35.1440870032, 31.6469035812 ], [ 35.1433587889, 31.6460080494 ], [ 35.1431157826, 31.6460159596 ], [ 35.1427326369, 31.6462315901 ], [ 35.1419941081, 31.6467587289 ], [ 35.142647764, 31.6473585126 ], [ 35.1430212802, 31.6476864284 ], [ 35.1433764936, 31.6474707838 ], [ 35.1440870032, 31.6469035812 ] ] ], [ [ [ 35.1622649067, 31.6698453914 ], [ 35.162458688, 31.670865635 ], [ 35.162846501, 31.6721351243 ], [ 35.1634701517, 31.6733334414 ], [ 35.1639832232, 31.6737369148 ], [ 35.1647321475, 31.6740218656 ], [ 35.1653841303, 31.6738797537 ], [ 35.1652040365, 31.6733220811 ], [ 35.1653289589, 31.6731679021 ], [ 35.1656341678, 31.6731087432 ], [ 35.165953264, 31.6728715614 ], [ 35.1663139547, 31.6727767943 ], [ 35.166702149, 31.673251376 ], [ 35.1670072955, 31.6733463409 ], [ 35.1672568792, 31.6736786575 ], [ 35.1677977502, 31.6739634394 ], [ 35.1678530477, 31.6744023885 ], [ 35.1682274789, 31.6745092748 ], [ 35.1687268488, 31.6746873515 ], [ 35.1687128108, 31.6749957822 ], [ 35.1688235653, 31.6754821838 ], [ 35.1690175918, 31.6760753881 ], [ 35.1695030867, 31.6761585827 ], [ 35.1698915569, 31.6759688477 ], [ 35.1702939791, 31.6753995243 ], [ 35.1705162882, 31.6745099029 ], [ 35.1700866151, 31.6734896089 ], [ 35.1693654622, 31.6730741986 ], [ 35.1689632695, 31.6730503687 ], [ 35.168463917, 31.6728485742 ], [ 35.1681865184, 31.6729908086 ], [ 35.1680338434, 31.6732043247 ], [ 35.1677424875, 31.673168618 ], [ 35.1675345389, 31.6728839324 ], [ 35.1675208369, 31.6725992126 ], [ 35.1669179382, 31.6722316968 ], [ 35.168562356, 31.6714727617 ], [ 35.1682365335, 31.6708912485 ], [ 35.1669180597, 31.6719291205 ], [ 35.1662869569, 31.6714780355 ], [ 35.1659952404, 31.6720885827 ], [ 35.1655099674, 31.6715371298 ], [ 35.1649691222, 31.6709318111 ], [ 35.1648863577, 31.6702021023 ], [ 35.1647894459, 31.6697109213 ], [ 35.1644705098, 31.6695922279 ], [ 35.1637492828, 31.6694734061 ], [ 35.1636938297, 31.6692004867 ], [ 35.1637497063, 31.6685006639 ], [ 35.1631394156, 31.6683936883 ], [ 35.1623766008, 31.668156161 ], [ 35.1619328331, 31.6680136109 ], [ 35.1615169356, 31.6675746285 ], [ 35.1609759609, 31.6676336976 ], [ 35.1607125188, 31.6674793902 ], [ 35.1605048219, 31.6667319503 ], [ 35.1605049724, 31.666411701 ], [ 35.160297117, 31.666008319 ], [ 35.1600752545, 31.6657946825 ], [ 35.1596871419, 31.6652844568 ], [ 35.1593961424, 31.6647860786 ], [ 35.1592296854, 31.6647029588 ], [ 35.1587720677, 31.6646790772 ], [ 35.1580646404, 31.6646788224 ], [ 35.1578289374, 31.6645364235 ], [ 35.1576211215, 31.6640855994 ], [ 35.1576351292, 31.6639075779 ], [ 35.1576629262, 31.6637771796 ], [ 35.1574688006, 31.6635753629 ], [ 35.1572746855, 31.6635634771 ], [ 35.1567755603, 31.6630650157 ], [ 35.1565400762, 31.6625073995 ], [ 35.1562076308, 31.6616638574 ], [ 35.1556806794, 31.6615805963 ], [ 35.1554448387, 31.6617228192 ], [ 35.1549870683, 31.6618176084 ], [ 35.1544600625, 31.6616394668 ], [ 35.1539748709, 31.6613545597 ], [ 35.1547099931, 31.6611769115 ], [ 35.1548349166, 31.6610227424 ], [ 35.1540863953, 31.6602394569 ], [ 35.1538094595, 31.6593614791 ], [ 35.1536570898, 31.6589937313 ], [ 35.1536853031, 31.6581039695 ], [ 35.1536718259, 31.6574870933 ], [ 35.1534501799, 31.6569413809 ], [ 35.1532423761, 31.6565378967 ], [ 35.1531870146, 31.6563599379 ], [ 35.15332592, 31.6558878707 ], [ 35.1535756794, 31.6557219383 ], [ 35.1535896613, 31.6556032593 ], [ 35.1533538437, 31.6555320086 ], [ 35.1531734342, 31.6557454964 ], [ 35.153006778, 31.6562555204 ], [ 35.1524243222, 31.6561247858 ], [ 35.1524106885, 31.6558044402 ], [ 35.1528961743, 31.6556860426 ], [ 35.1530209945, 31.6555200608 ], [ 35.1522444525, 31.6553655281 ], [ 35.1519809197, 31.6554602957 ], [ 35.15155104, 31.655317715 ], [ 35.1507607856, 31.6549971356 ], [ 35.1508996279, 31.6546531349 ], [ 35.1514824621, 31.6540958489 ], [ 35.1518569665, 31.653894348 ], [ 35.1521622137, 31.6536690988 ], [ 35.1523564196, 31.6536691781 ], [ 35.1528833234, 31.6537523628 ], [ 35.1533549717, 31.6534678355 ], [ 35.1536464732, 31.6531120783 ], [ 35.1541986275, 31.6526488306 ], [ 35.1540767454, 31.6523174406 ], [ 35.1540354258, 31.6519093332 ], [ 35.1542346812, 31.6517032908 ], [ 35.154229606, 31.6514674565 ], [ 35.1542298856, 31.6512332861 ], [ 35.1541329512, 31.6509248123 ], [ 35.1545491427, 31.6508062908 ], [ 35.1548682159, 31.6505217883 ], [ 35.1546740923, 31.6503793093 ], [ 35.154258072, 31.6503791466 ], [ 35.1540638825, 31.650557007 ], [ 35.1536755246, 31.6506755379 ], [ 35.1535088459, 31.651055064 ], [ 35.1534808013, 31.6516363009 ], [ 35.1536331777, 31.6519685162 ], [ 35.1535776827, 31.6520396507 ], [ 35.1530645928, 31.6519682888 ], [ 35.1527872192, 31.6519444581 ], [ 35.1526071178, 31.6516122306 ], [ 35.1525517539, 31.6514460857 ], [ 35.1528709866, 31.6510785271 ], [ 35.1530514335, 31.6507819784 ], [ 35.1531485321, 31.6505922663 ], [ 35.1528991134, 31.6503548868 ], [ 35.1525108998, 31.6502124163 ], [ 35.1522472235, 31.65040206 ], [ 35.1519142927, 31.650568046 ], [ 35.1515397279, 31.6509000461 ], [ 35.1514978618, 31.6512914355 ], [ 35.1511511626, 31.6513743526 ], [ 35.1509569344, 31.6514217092 ], [ 35.1504993154, 31.6515164826 ], [ 35.1502080133, 31.6515163593 ], [ 35.1500556222, 31.6512315777 ], [ 35.1500559396, 31.650685863 ], [ 35.1500285156, 31.6501638553 ], [ 35.1500564709, 31.6497724604 ], [ 35.150167624, 31.6495352285 ], [ 35.1504171432, 31.6495827721 ], [ 35.1506945706, 31.6494998278 ], [ 35.1512080233, 31.64890689 ], [ 35.1516381745, 31.6485156615 ], [ 35.1520679043, 31.6486818707 ], [ 35.1524285815, 31.6484685479 ], [ 35.1528032258, 31.648160264 ], [ 35.152761694, 31.6479585012 ], [ 35.1521931468, 31.6479345511 ], [ 35.1509452203, 31.647756098 ], [ 35.1492256475, 31.6477198332 ], [ 35.1483103361, 31.6479091856 ], [ 35.1476583529, 31.6481342722 ], [ 35.1469370652, 31.6484186666 ], [ 35.1467704759, 31.6487863697 ], [ 35.1471860096, 31.6495695507 ], [ 35.147961843, 31.6508035489 ], [ 35.1480862774, 31.6514560988 ], [ 35.1478226939, 31.6516458235 ], [ 35.1483078648, 31.65202563 ], [ 35.1487238218, 31.6521444065 ], [ 35.1490286489, 31.6526309114 ], [ 35.149180359, 31.6540663752 ], [ 35.1494711311, 31.6548020564 ], [ 35.1492212617, 31.6551459174 ], [ 35.1489161647, 31.6550983474 ], [ 35.1485554467, 31.6553235645 ], [ 35.1481809437, 31.6555013368 ], [ 35.1477652026, 31.6550029665 ], [ 35.147695957, 31.6547893757 ], [ 35.147585207, 31.6545165144 ], [ 35.1473495095, 31.6544333481 ], [ 35.1472799968, 31.6546586914 ], [ 35.1470580017, 31.6547534674 ], [ 35.1469332854, 31.6545636603 ], [ 35.1467810633, 31.6541839995 ], [ 35.1467533682, 31.6539585224 ], [ 35.1469199262, 31.6538281888 ], [ 35.1468368791, 31.6536026867 ], [ 35.1465733064, 31.6535907533 ], [ 35.1464903486, 31.6532229377 ], [ 35.1467261668, 31.6531044501 ], [ 35.1469342706, 31.6529621404 ], [ 35.1469068123, 31.6525231935 ], [ 35.1467128314, 31.6523333549 ], [ 35.1464216396, 31.6523213185 ], [ 35.1460747008, 31.6526058772 ], [ 35.1455200963, 31.6524988426 ], [ 35.1449514932, 31.652522298 ], [ 35.145062022, 31.6531274064 ], [ 35.1453252777, 31.6534714973 ], [ 35.1459909447, 31.6535193315 ], [ 35.1462263284, 31.6541006868 ], [ 35.1460181913, 31.654290433 ], [ 35.1461288254, 31.6547412323 ], [ 35.1461148952, 31.6549310672 ], [ 35.1457263676, 31.6552748579 ], [ 35.1457261962, 31.65554767 ], [ 35.1459618877, 31.6556427438 ], [ 35.1463778136, 31.6558326844 ], [ 35.1470017128, 31.6561058687 ], [ 35.1478750635, 31.6567468482 ], [ 35.148221493, 31.6571503121 ], [ 35.1487622101, 31.6574352655 ], [ 35.1496356549, 31.6579576385 ], [ 35.1503705896, 31.6582544826 ], [ 35.1506619096, 31.6580766689 ], [ 35.1510918278, 31.6581717246 ], [ 35.1514802806, 31.657946512 ], [ 35.1518271641, 31.6575788776 ], [ 35.1521461486, 31.6576976931 ], [ 35.1521460026, 31.6579586907 ], [ 35.1516325931, 31.6583974138 ], [ 35.1513411213, 31.6586582004 ], [ 35.1512022409, 31.6590615436 ], [ 35.1512991336, 31.6594411759 ], [ 35.1512712616, 31.6596902574 ], [ 35.1511464625, 31.6596190488 ], [ 35.1508277892, 31.6591325436 ], [ 35.1504392587, 31.659298412 ], [ 35.1506055615, 31.6596188221 ], [ 35.1508410709, 31.6600578552 ], [ 35.1511875228, 31.6606511518 ], [ 35.151312137, 31.6608646734 ], [ 35.1515340348, 31.6609597311 ], [ 35.1517282174, 31.6608411269 ], [ 35.1516687555, 31.6607128239 ], [ 35.1514244549, 31.6603478507 ], [ 35.1512848177, 31.6601411017 ], [ 35.1513266213, 31.659868217 ], [ 35.1514100416, 31.6594649409 ], [ 35.1516593384, 31.660141257 ], [ 35.1518672302, 31.6603904358 ], [ 35.1520198147, 31.6603667796 ], [ 35.1521999773, 31.6606159465 ], [ 35.1522690791, 31.66092441 ], [ 35.1524770534, 31.6612210255 ], [ 35.1527680245, 31.6616837964 ], [ 35.1530036799, 31.661885637 ], [ 35.1535721508, 31.6622061141 ], [ 35.154362613, 31.6624674239 ], [ 35.1549031722, 31.6631438473 ], [ 35.1550555223, 31.6635709356 ], [ 35.1549582959, 31.6637844578 ], [ 35.1553741269, 31.6642590852 ], [ 35.1558870889, 31.6647101195 ], [ 35.1561087479, 31.6650897951 ], [ 35.1558451237, 31.6653150692 ], [ 35.1559003353, 31.6658014616 ], [ 35.156011259, 31.6660150634 ], [ 35.1560526144, 31.6663827661 ], [ 35.1565241668, 31.6665965035 ], [ 35.157314575, 31.6668458903 ], [ 35.157730651, 31.6668816665 ], [ 35.1580498102, 31.6667275652 ], [ 35.158299479, 31.6665734382 ], [ 35.1584521654, 31.6663599335 ], [ 35.158133284, 31.6661700677 ], [ 35.1577033574, 31.6660037891 ], [ 35.1578976835, 31.6658141094 ], [ 35.1582307402, 31.6654819862 ], [ 35.1583418034, 31.6652092146 ], [ 35.1588965443, 31.665221318 ], [ 35.1592294117, 31.6652688739 ], [ 35.1593956981, 31.6657078664 ], [ 35.1596451175, 31.6660638268 ], [ 35.159436981, 31.6662535044 ], [ 35.1595616642, 31.6665976066 ], [ 35.1595338804, 31.6667043767 ], [ 35.1592564211, 31.666763621 ], [ 35.159159364, 31.666858462 ], [ 35.1590898072, 31.66721431 ], [ 35.1591590336, 31.6675405361 ], [ 35.1594778875, 31.667801646 ], [ 35.1597552702, 31.6679085231 ], [ 35.1600326762, 31.667967962 ], [ 35.1604623151, 31.6685493571 ], [ 35.161294244, 31.6691427918 ], [ 35.1616409644, 31.6693682823 ], [ 35.1620987167, 31.6693803393 ], [ 35.1622649067, 31.6698453914 ] ] ], [ [ [ 35.1689824559, 31.6811271198 ], [ 35.1691317971, 31.6812142099 ], [ 35.1692278789, 31.6810998615 ], [ 35.1688518854, 31.6808474251 ], [ 35.1689824559, 31.6811271198 ] ] ], [ [ [ 35.1623203912, 31.6805672999 ], [ 35.1620131978, 31.6805258933 ], [ 35.161662236, 31.6804882591 ], [ 35.1614208291, 31.6804957536 ], [ 35.1611531481, 31.6805331803 ], [ 35.1608942186, 31.6805743071 ], [ 35.1607931858, 31.6807994657 ], [ 35.1607624031, 31.6809983142 ], [ 35.1607974312, 31.6811933973 ], [ 35.1609289758, 31.6813510864 ], [ 35.1610913232, 31.6814937248 ], [ 35.1611175436, 31.6815800412 ], [ 35.161200901, 31.6817189551 ], [ 35.1614070914, 31.681700176 ], [ 35.16180651, 31.6816403366 ], [ 35.1621268373, 31.6815654088 ], [ 35.1624669263, 31.6816695 ], [ 35.1629317658, 31.6816755847 ], [ 35.1631122206, 31.6815213889 ], [ 35.1632026154, 31.6810645878 ], [ 35.1632166168, 31.680779815 ], [ 35.162952177, 31.680657602 ], [ 35.1629390825, 31.6804586485 ], [ 35.1627460763, 31.6804811321 ], [ 35.1623203912, 31.6805672999 ] ] ], [ [ [ 35.1701957878, 31.6820489659 ], [ 35.1705579289, 31.6822623305 ], [ 35.1710918148, 31.6821726652 ], [ 35.1714173728, 31.682067595 ], [ 35.1716168167, 31.6824571862 ], [ 35.1721067629, 31.6828913725 ], [ 35.172596655, 31.6834976847 ], [ 35.1730167575, 31.6834528858 ], [ 35.1723256856, 31.6825172368 ], [ 35.1725752244, 31.6815660069 ], [ 35.1726978786, 31.6815660374 ], [ 35.1727351662, 31.6817029482 ], [ 35.1729485302, 31.6816710753 ], [ 35.1730073518, 31.6814384113 ], [ 35.1731300455, 31.6813198475 ], [ 35.1730874797, 31.6811966437 ], [ 35.17297536, 31.6812331413 ], [ 35.1727300339, 31.6812878232 ], [ 35.1725166198, 31.6811600674 ], [ 35.1722978814, 31.6811827394 ], [ 35.1720204594, 31.6813377883 ], [ 35.1715509986, 31.6814608617 ], [ 35.1714015406, 31.681506457 ], [ 35.171390842, 31.6816387563 ], [ 35.1712627702, 31.6817482083 ], [ 35.1710867381, 31.6817845974 ], [ 35.1709374045, 31.6817754496 ], [ 35.1708840906, 31.6816340248 ], [ 35.1707187482, 31.6815655305 ], [ 35.1704573072, 31.6815563525 ], [ 35.1701853266, 31.6815289537 ], [ 35.1700465432, 31.6815106087 ], [ 35.1699691105, 31.681857351 ], [ 35.1701957878, 31.6820489659 ] ] ] ] } },
{ "type": "Feature", "properties": { "Id": 0, "Name": "Teko'a", "GIS_ID": 3563.0, "Area": 501948.59521200001, "x": 35.2306, "y": 31.6493 }, "geometry": { "type": "MultiPolygon", "coordinates": [ [ [ [ 35.2443619581, 31.6351627564 ], [ 35.2440857673, 31.6353794697 ], [ 35.2437865042, 31.6353795624 ], [ 35.243579224, 31.6352811429 ], [ 35.2435791248, 31.6350447651 ], [ 35.243141579, 31.6348282716 ], [ 35.242450883, 31.6347201658 ], [ 35.2418063201, 31.6347794283 ], [ 35.2412536169, 31.6344249772 ], [ 35.2410578698, 31.6344250336 ], [ 35.2407932477, 31.6348584537 ], [ 35.2410352186, 31.6352622379 ], [ 35.2414916097, 31.6357709984 ], [ 35.2409248009, 31.636730652 ], [ 35.2424514968, 31.6362269954 ], [ 35.2431418144, 31.6362888534 ], [ 35.2436717592, 31.6362462863 ], [ 35.2444197405, 31.6356945659 ], [ 35.2443619581, 31.6351627564 ] ] ], [ [ [ 35.23116106, 31.6449618565 ], [ 35.2317826457, 31.644656445 ], [ 35.2329178864, 31.644408316 ], [ 35.2334712857, 31.6430619627 ], [ 35.2339709396, 31.6426631793 ], [ 35.2337736698, 31.6423907099 ], [ 35.2341650418, 31.6422330642 ], [ 35.2339805475, 31.6415338046 ], [ 35.2334856326, 31.641612741 ], [ 35.2329675278, 31.6417015109 ], [ 35.2325186092, 31.641898577 ], [ 35.2324727147, 31.6421251344 ], [ 35.2322654667, 31.6421448404 ], [ 35.2320121242, 31.6420759933 ], [ 35.2317243273, 31.6420661348 ], [ 35.2313558739, 31.64165262 ], [ 35.2307894155, 31.6408785347 ], [ 35.2305260078, 31.6408208109 ], [ 35.2302358162, 31.6415950961 ], [ 35.2305273326, 31.6429567922 ], [ 35.2303850596, 31.6439755217 ], [ 35.230661974, 31.6439985762 ], [ 35.2308266062, 31.642907489 ], [ 35.2311258596, 31.6427891928 ], [ 35.2312755501, 31.6427695008 ], [ 35.2313907169, 31.6429368617 ], [ 35.2313678292, 31.643261897 ], [ 35.2312642775, 31.6435278773 ], [ 35.23124123, 31.6436657766 ], [ 35.2310806832, 31.6438944889 ], [ 35.2313171178, 31.6440677733 ], [ 35.23116106, 31.6449618565 ] ] ], [ [ [ 35.2328364609, 31.6505980258 ], [ 35.2329746478, 31.6508442025 ], [ 35.2331590293, 31.6514843006 ], [ 35.2333548183, 31.651504007 ], [ 35.2332743261, 31.6520260212 ], [ 35.2338039891, 31.6519668285 ], [ 35.233683976, 31.6512704884 ], [ 35.2343448053, 31.6508537185 ], [ 35.2340106119, 31.6499082874 ], [ 35.2328364609, 31.6505980258 ] ] ], [ [ [ 35.2310070376, 31.6549476346 ], [ 35.2312372306, 31.6546905567 ], [ 35.2313752827, 31.6544639807 ], [ 35.2314789262, 31.654473789 ], [ 35.2318588981, 31.654444217 ], [ 35.231927919, 31.6543161382 ], [ 35.2321780979, 31.6544748038 ], [ 35.2323560352, 31.6544380236 ], [ 35.2325154959, 31.65417555 ], [ 35.2328100971, 31.6543959331 ], [ 35.2330371263, 31.6543696385 ], [ 35.2330125174, 31.6541596932 ], [ 35.2330331953, 31.654050027 ], [ 35.233044618, 31.6538234775 ], [ 35.2330444215, 31.6531832481 ], [ 35.2328945255, 31.6522378631 ], [ 35.2323300758, 31.6516175089 ], [ 35.2314665315, 31.6513615671 ], [ 35.2309484537, 31.6513715964 ], [ 35.2308102858, 31.6515488404 ], [ 35.2305110948, 31.6519921657 ], [ 35.2300275756, 31.6523172035 ], [ 35.2292331403, 31.6522582889 ], [ 35.2283004969, 31.6522388065 ], [ 35.2278630657, 31.6522388877 ], [ 35.2278054883, 31.6521896568 ], [ 35.2280241486, 31.652179696 ], [ 35.2281623503, 31.6521107683 ], [ 35.2281623152, 31.6519728741 ], [ 35.2283235054, 31.6519236025 ], [ 35.2285883382, 31.6518939716 ], [ 35.2288875975, 31.651677288 ], [ 35.2291638717, 31.6514605179 ], [ 35.2291982582, 31.651125651 ], [ 35.2291981823, 31.6508400322 ], [ 35.2292326766, 31.6505150857 ], [ 35.2292786675, 31.6502097072 ], [ 35.2292325246, 31.6499438481 ], [ 35.2290250845, 31.6493036584 ], [ 35.2289214903, 31.6490574708 ], [ 35.2292437096, 31.6487915403 ], [ 35.2294509175, 31.6485649527 ], [ 35.2293660676, 31.6482135995 ], [ 35.2287484772, 31.648220398 ], [ 35.2282074864, 31.6484371268 ], [ 35.2278621622, 31.6486440773 ], [ 35.2273721433, 31.6489855441 ], [ 35.227071565, 31.6492952755 ], [ 35.2276091356, 31.6499037505 ], [ 35.2277243071, 31.650081035 ], [ 35.2276207424, 31.6503666727 ], [ 35.2273560189, 31.6503962114 ], [ 35.2270566692, 31.6506720535 ], [ 35.2269760692, 31.6504554412 ], [ 35.2270220579, 31.6501106523 ], [ 35.2270794853, 31.6495493249 ], [ 35.2268836566, 31.649342473 ], [ 35.2265036642, 31.6492046452 ], [ 35.226089251, 31.6492933691 ], [ 35.2260086676, 31.6495888318 ], [ 35.2258821172, 31.6498843925 ], [ 35.2258822463, 31.6504457096 ], [ 35.2260533558, 31.6507388652 ], [ 35.2262277337, 31.6508889147 ], [ 35.2258018051, 31.6509086474 ], [ 35.2256521318, 31.6510662273 ], [ 35.2257443332, 31.6513124194 ], [ 35.2254565219, 31.6513617087 ], [ 35.2250074226, 31.6514996763 ], [ 35.2246390257, 31.6513815918 ], [ 35.2247311497, 31.6512830941 ], [ 35.2247311261, 31.6511747808 ], [ 35.2246389595, 31.6510762223 ], [ 35.2246504257, 31.6509580769 ], [ 35.2252952232, 31.650928392 ], [ 35.2252145326, 31.6507610201 ], [ 35.2246849679, 31.650780766 ], [ 35.2242820188, 31.6507808294 ], [ 35.2242128825, 31.6508990739 ], [ 35.224247524, 31.6511846873 ], [ 35.2245123989, 31.6513540149 ], [ 35.2244663728, 31.6515707389 ], [ 35.224777184, 31.6515903501 ], [ 35.2249499127, 31.6517478772 ], [ 35.2248694117, 31.6519646068 ], [ 35.2246737846, 31.6522010153 ], [ 35.2248119244, 31.6523191368 ], [ 35.2252148735, 31.6522895809 ], [ 35.2256063148, 31.6521910334 ], [ 35.225629245, 31.6514917282 ], [ 35.2258019456, 31.6515212803 ], [ 35.2261242786, 31.6516689503 ], [ 35.226481306, 31.6518461043 ], [ 35.226746144, 31.6518362279 ], [ 35.2272527016, 31.6516982439 ], [ 35.2271491456, 31.6520331226 ], [ 35.226930461, 31.6523778519 ], [ 35.227195375, 31.652673344 ], [ 35.2271723505, 31.6529392161 ], [ 35.2270342713, 31.6530869651 ], [ 35.2264818303, 31.6540621516 ], [ 35.2263551826, 31.6539636905 ], [ 35.2260211754, 31.653520484 ], [ 35.2256296729, 31.6533728253 ], [ 35.2254341478, 31.653037931 ], [ 35.2239800365, 31.6536732638 ], [ 35.2248148095, 31.6548803501 ], [ 35.2252961542, 31.6550865922 ], [ 35.225779698, 31.6551948252 ], [ 35.2261597344, 31.6554213078 ], [ 35.2266204066, 31.6559924655 ], [ 35.2271897639, 31.655924453 ], [ 35.2277141641, 31.6554801049 ], [ 35.2280824511, 31.6550861052 ], [ 35.2282206671, 31.6550565887 ], [ 35.2292684828, 31.6551154605 ], [ 35.2302702007, 31.6550856803 ], [ 35.2310070376, 31.6549476346 ] ] ] ] } },
{ "type": "Feature", "properties": { "Id": 0, "Name": "Telem", "GIS_ID": 3719.0, "Area": 101219.729765, "x": 35.0313, "y": 31.5639 }, "geometry": { "type": "MultiPolygon", "coordinates": [ [ [ [ 35.0318273056, 31.5657777723 ], [ 35.0322910232, 31.5639766428 ], [ 35.0321120074, 31.56297704 ], [ 35.0321920481, 31.5626589996 ], [ 35.0327608577, 31.5626930698 ], [ 35.0328689149, 31.5625698715 ], [ 35.0331166759, 31.5619789378 ], [ 35.0333477431, 31.5614724865 ], [ 35.0333480255, 31.561317726 ], [ 35.03272325, 31.5613590961 ], [ 35.0323614515, 31.5614148865 ], [ 35.0317694854, 31.5614844344 ], [ 35.031670691, 31.5615969446 ], [ 35.0316057433, 31.5611182344 ], [ 35.0311448382, 31.5614554512 ], [ 35.0311443438, 31.5617229451 ], [ 35.0310947379, 31.5618917981 ], [ 35.0307173136, 31.561511238 ], [ 35.0304212127, 31.5616374579 ], [ 35.0304044158, 31.5618344936 ], [ 35.0307492373, 31.5620179518 ], [ 35.0306173437, 31.5622571288 ], [ 35.0307151489, 31.5626795171 ], [ 35.0306262227, 31.5627734494 ], [ 35.0304675025, 31.5632562868 ], [ 35.0302376183, 31.5631152822 ], [ 35.0298595637, 31.563072469 ], [ 35.029776515, 31.5635509778 ], [ 35.030087981, 31.5640018866 ], [ 35.0303996861, 31.564382359 ], [ 35.0304812175, 31.5647203102 ], [ 35.0307441258, 31.5647769442 ], [ 35.030826103, 31.5649319065 ], [ 35.0311383594, 31.5649604684 ], [ 35.0314012169, 31.5650452394 ], [ 35.0308417021, 31.5658450508 ], [ 35.0311486473, 31.5662568355 ], [ 35.0318273056, 31.5657777723 ] ] ], [ [ [ 35.0293571569, 31.5680266517 ], [ 35.0314850107, 31.5690276731 ], [ 35.0314417786, 31.5687403571 ], [ 35.030721851, 31.5679300289 ], [ 35.0294896923, 31.5674497272 ], [ 35.0293571569, 31.5680266517 ] ] ] ] } },
{ "type": "Feature", "properties": { "Id": 0, "Name": "Avigayil", "GIS_ID": 0.066, "Area": 44219.337422500001, "x": 35.141, "y": 31.4035 }, "geometry": { "type": "MultiPolygon", "coordinates": [ [ [ [ 35.139613034, 31.4037909083 ], [ 35.1396646043, 31.4038771554 ], [ 35.1396750024, 31.4038945672 ], [ 35.139936177, 31.4042354342 ], [ 35.1404826414, 31.4046097753 ], [ 35.1406468969, 31.4043971382 ], [ 35.1410337706, 31.4043704535 ], [ 35.1413265476, 31.4041643348 ], [ 35.1418074916, 31.4040390268 ], [ 35.1422466831, 31.4039227158 ], [ 35.1423826984, 31.4036807133 ], [ 35.14251893, 31.4032683431 ], [ 35.1423215889, 31.4021836468 ], [ 35.1421599379, 31.402155835 ], [ 35.1413564586, 31.4029366016 ], [ 35.1403551935, 31.4028637735 ], [ 35.1398639234, 31.402872456 ], [ 35.1395083352, 31.4031322925 ], [ 35.1394765989, 31.4035626602 ], [ 35.139613034, 31.4037909083 ] ] ] ] } },
{ "type": "Feature", "properties": { "Id": 0, "Name": "Susya", "GIS_ID": 3756.0, "Area": 277591.692729, "x": 35.1132, "y": 31.3929 }, "geometry": { "type": "MultiPolygon", "coordinates": [ [ [ [ 35.1167324024, 31.3932978455 ], [ 35.1170115478, 31.3929636053 ], [ 35.1173326912, 31.3929127765 ], [ 35.1173205751, 31.3931678241 ], [ 35.1178795848, 31.3931886755 ], [ 35.1175458084, 31.3938363235 ], [ 35.1185611203, 31.3944459433 ], [ 35.1186522548, 31.3937707363 ], [ 35.1189260337, 31.3935464374 ], [ 35.1191162951, 31.3937098972 ], [ 35.1191280285, 31.393873148 ], [ 35.1193895489, 31.3940671388 ], [ 35.1195323809, 31.393893799 ], [ 35.1190926311, 31.3934853998 ], [ 35.1185577709, 31.3930360796 ], [ 35.1185818015, 31.3927401839 ], [ 35.1185345292, 31.3924646233 ], [ 35.1183328214, 31.3919440946 ], [ 35.1179761123, 31.3918009946 ], [ 35.1167030142, 31.392116425 ], [ 35.1163578354, 31.3923508617 ], [ 35.1158222667, 31.3926770691 ], [ 35.1157560995, 31.3923935532 ], [ 35.1157449038, 31.3922082363 ], [ 35.1157277101, 31.3920443244 ], [ 35.1159774858, 31.3920001008 ], [ 35.1158019976, 31.3916228789 ], [ 35.1154547549, 31.3913911633 ], [ 35.1154788622, 31.391023838 ], [ 35.115193848, 31.3905644852 ], [ 35.1148729742, 31.3902274939 ], [ 35.1143615823, 31.3901251316 ], [ 35.1139929177, 31.390073825 ], [ 35.1137076, 31.3899409547 ], [ 35.1133624807, 31.3901142349 ], [ 35.1127314029, 31.3907056092 ], [ 35.1123269562, 31.3907971324 ], [ 35.1121602893, 31.3909296814 ], [ 35.1122076719, 31.3910724855 ], [ 35.1119219736, 31.391327426 ], [ 35.1114107801, 31.3910209532 ], [ 35.1108521084, 31.3906735878 ], [ 35.1100911069, 31.3903771187 ], [ 35.1094606252, 31.390458275 ], [ 35.1090675188, 31.390978377 ], [ 35.1088057803, 31.3910292295 ], [ 35.1082349465, 31.3909675641 ], [ 35.1084257639, 31.3904575048 ], [ 35.1082113936, 31.3897035932 ], [ 35.1074982675, 31.3902323257 ], [ 35.107248106, 31.3905790956 ], [ 35.1073071935, 31.3908852436 ], [ 35.1079493944, 31.391069354 ], [ 35.1086153884, 31.3911209003 ], [ 35.1089721116, 31.3912334522 ], [ 35.1091145486, 31.3915702356 ], [ 35.1095423449, 31.3919991332 ], [ 35.1102437474, 31.3923975662 ], [ 35.1110521877, 31.3927960732 ], [ 35.1116705623, 31.3929598549 ], [ 35.1117776294, 31.3930313624 ], [ 35.11164655, 31.3932148935 ], [ 35.111598786, 31.3934597234 ], [ 35.1116817012, 31.3937149294 ], [ 35.1120145663, 31.3939396513 ], [ 35.1126449402, 31.3939910608 ], [ 35.1132757548, 31.3936955989 ], [ 35.1137514661, 31.3937469833 ], [ 35.1140607307, 31.3938084401 ], [ 35.1144657429, 31.3931352798 ], [ 35.1149769579, 31.3934417404 ], [ 35.1152385263, 31.3935745913 ], [ 35.1148458731, 31.3937477521 ], [ 35.1146790396, 31.3940537386 ], [ 35.1147858306, 31.3943089593 ], [ 35.1153566208, 31.3945542213 ], [ 35.1160107244, 31.3946464867 ], [ 35.1164629652, 31.3943917417 ], [ 35.1164634692, 31.3938508757 ], [ 35.1163327314, 31.3937896375 ], [ 35.1165564243, 31.3934410233 ], [ 35.1167324024, 31.3932978455 ] ] ], [ [ [ 35.110829863, 31.3955500631 ], [ 35.1111602522, 31.394887092 ], [ 35.1100004678, 31.394925256 ], [ 35.1093522271, 31.3950710739 ], [ 35.110829863, 31.3955500631 ] ] ], [ [ [ 35.1046788794, 31.4066143841 ], [ 35.1040140125, 31.4060873031 ], [ 35.1039103649, 31.4071548149 ], [ 35.10410135, 31.4080958876 ], [ 35.1045401786, 31.4080962301 ], [ 35.1046788794, 31.4066143841 ] ] ] ] } },
{ "type": "Feature", "properties": { "Id": 0, "Name": "Mitzpe Yair", "GIS_ID": 0.081, "Area": 56245.165315699996, "x": 35.1353, "y": 31.3832 }, "geometry": { "type": "MultiPolygon", "coordinates": [ [ [ [ 35.1388776255, 31.3843730041 ], [ 35.1385165128, 31.3839077112 ], [ 35.1382247185, 31.3836929096 ], [ 35.1378913448, 31.3834065654 ], [ 35.1373631901, 31.3832393495 ], [ 35.1369740288, 31.3832033402 ], [ 35.1368627968, 31.3833583178 ], [ 35.1365569681, 31.3833701516 ], [ 35.1363624775, 31.3832269176 ], [ 35.1361542123, 31.3827975042 ], [ 35.1359598359, 31.3824992336 ], [ 35.1356818862, 31.38248718 ], [ 35.1352512374, 31.3821172611 ], [ 35.1352375964, 31.3817952767 ], [ 35.1354741915, 31.3812826756 ], [ 35.1351129763, 31.38113935 ], [ 35.1349460529, 31.3812584905 ], [ 35.1348345566, 31.3816281176 ], [ 35.134681385, 31.3820573374 ], [ 35.1347924164, 31.3823197594 ], [ 35.1346390276, 31.3824689264 ], [ 35.1342499712, 31.3827249567 ], [ 35.1339166041, 31.3824505072 ], [ 35.1335550759, 31.3825814438 ], [ 35.1339300449, 31.3830347632 ], [ 35.1335544049, 31.3834757641 ], [ 35.1336653008, 31.3839171233 ], [ 35.1342350929, 31.3840724722 ], [ 35.1349439126, 31.3841681884 ], [ 35.1354025592, 31.3842161462 ], [ 35.136000345, 31.3841926562 ], [ 35.1361979681, 31.3840632887 ], [ 35.1361645977, 31.3835933294 ], [ 35.1367292018, 31.3836442376 ], [ 35.1371546347, 31.3833584711 ], [ 35.1377938943, 31.3835496459 ], [ 35.1383357533, 31.3839673238 ], [ 35.1386968903, 31.3843967218 ], [ 35.1388776255, 31.3843730041 ] ] ] ] } },
{ "type": "Feature", "properties": { "Id": 0, "Name": "Shani", "GIS_ID": 1287.0, "Area": 13314.4347, "x": 35.0716, "y": 31.3579 }, "geometry": { "type": "MultiPolygon", "coordinates": [ [ [ [ 35.0731855864, 31.3576197868 ], [ 35.072667996, 31.357599505 ], [ 35.0718859465, 31.3575986998 ], [ 35.0714141741, 31.3576574665 ], [ 35.0708161405, 31.3576666761 ], [ 35.0703444302, 31.3577550213 ], [ 35.0703325751, 31.3579622654 ], [ 35.0705050381, 31.3580414518 ], [ 35.0711029566, 31.358190076 ], [ 35.0714477661, 31.3583582771 ], [ 35.0717813978, 31.35832904 ], [ 35.0719541865, 31.3581022104 ], [ 35.0723799182, 31.3579743089 ], [ 35.0728861783, 31.3579057432 ], [ 35.0731855864, 31.3576197868 ] ] ] ] } },
{ "type": "Feature", "properties": { "Id": 0, "Name": "Asael", "GIS_ID": 0.1, "Area": 12070.9955207, "x": 35.0437, "y": 31.3734 }, "geometry": { "type": "MultiPolygon", "coordinates": [ [ [ [ 35.042989949, 31.3728340147 ], [ 35.042966504, 31.3729056465 ], [ 35.0434543547, 31.3732009824 ], [ 35.0429320839, 31.3740932601 ], [ 35.0430482056, 31.3741133381 ], [ 35.0434851046, 31.3739744536 ], [ 35.0442055794, 31.37366844 ], [ 35.0445404044, 31.3734058646 ], [ 35.0443508066, 31.3729512526 ], [ 35.0437191075, 31.372918626 ], [ 35.042989949, 31.3728340147 ] ] ] ] } },
{ "type": "Feature", "properties": { "Id": 0, "Name": "Mor Farm", "GIS_ID": 0.038, "Area": 11579.67775, "x": 34.9688, "y": 31.3709 }, "geometry": { "type": "MultiPolygon", "coordinates": [ [ [ [ 34.9696082983, 31.371269458 ], [ 34.9693154077, 31.3704408917 ], [ 34.9689669939, 31.3704249206 ], [ 34.9680100453, 31.3707144729 ], [ 34.9679997479, 31.3712588378 ], [ 34.9689648341, 31.371291277 ], [ 34.9696082983, 31.371269458 ] ] ] ] } },
{ "type": "Feature", "properties": { "Id": 0, "Name": "Tene", "GIS_ID": 3743.0, "Area": 161932.93108800001, "x": 34.9571, "y": 31.3754 }, "geometry": { "type": "MultiPolygon", "coordinates": [ [ [ [ 34.9550325534, 31.3752340079 ], [ 34.9554070185, 31.3755417401 ], [ 34.9560348966, 31.3757825905 ], [ 34.9564781509, 31.3765174093 ], [ 34.9562768593, 31.376711739 ], [ 34.9561971856, 31.3771085083 ], [ 34.9560214436, 31.3775799488 ], [ 34.9559154746, 31.3780215812 ], [ 34.9560978227, 31.3783964006 ], [ 34.9564028365, 31.3785767381 ], [ 34.9569000092, 31.3787200172 ], [ 34.9573799486, 31.3787808281 ], [ 34.9577378922, 31.3787815169 ], [ 34.9579649894, 31.3787295534 ], [ 34.9583847899, 31.3784307502 ], [ 34.9585331958, 31.3784010919 ], [ 34.958925357, 31.3786640234 ], [ 34.9593524603, 31.378911959 ], [ 34.9598408365, 31.3790851527 ], [ 34.9600233227, 31.3792876167 ], [ 34.9601800017, 31.3795579551 ], [ 34.960742274, 31.3798134853 ], [ 34.9610335149, 31.3795439982 ], [ 34.9599375258, 31.3788104399 ], [ 34.9594318947, 31.3785623563 ], [ 34.9590652346, 31.3785990841 ], [ 34.9587687188, 31.3784636836 ], [ 34.9583156972, 31.378118382 ], [ 34.9579936023, 31.3777956974 ], [ 34.9579853072, 31.3776309055 ], [ 34.9580206374, 31.3774662876 ], [ 34.9579161516, 31.3773836537 ], [ 34.9578023465, 31.3774883253 ], [ 34.9576976651, 31.3774806382 ], [ 34.9575410959, 31.3772556753 ], [ 34.9573061981, 31.3769556139 ], [ 34.9575075078, 31.3767537969 ], [ 34.9577786752, 31.3765296567 ], [ 34.9575178776, 31.3761247458 ], [ 34.9574488221, 31.3758400653 ], [ 34.9576242624, 31.3754800963 ], [ 34.9578522315, 31.375091187 ], [ 34.9580789487, 31.3751814512 ], [ 34.958656197, 31.3747631775 ], [ 34.9589277843, 31.3743742596 ], [ 34.9590159081, 31.3740373903 ], [ 34.9590169784, 31.3736254972 ], [ 34.9593580554, 31.3733940015 ], [ 34.959489334, 31.3732369618 ], [ 34.9592370875, 31.3728995322 ], [ 34.9590276295, 31.3728841603 ], [ 34.9587043614, 31.3730182846 ], [ 34.9582773253, 31.3727553755 ], [ 34.9579026762, 31.3725187205 ], [ 34.9575275224, 31.3724356561 ], [ 34.9571169021, 31.3725696985 ], [ 34.9568980336, 31.3728163955 ], [ 34.956835999, 31.3731832566 ], [ 34.9570262228, 31.3738800664 ], [ 34.9573663188, 31.3739856121 ], [ 34.9573831806, 31.3742103064 ], [ 34.9569900483, 31.3743668391 ], [ 34.9566409643, 31.3743211609 ], [ 34.9559522573, 31.3739903669 ], [ 34.9558127797, 31.3739450922 ], [ 34.9558917752, 31.3737655879 ], [ 34.9555259418, 31.3734952123 ], [ 34.9551168957, 31.3730301228 ], [ 34.954856218, 31.372587778 ], [ 34.9548047412, 31.3722581256 ], [ 34.9549368367, 31.3717940873 ], [ 34.9545750298, 31.3716346497 ], [ 34.9544432242, 31.3719488836 ], [ 34.9544074734, 31.3722708804 ], [ 34.9544936355, 31.3727203721 ], [ 34.9543187519, 31.3728278979 ], [ 34.9541138911, 31.3730756852 ], [ 34.9543186887, 31.3734499865 ], [ 34.9546626022, 31.3738609099 ], [ 34.9549969597, 31.3738251801 ], [ 34.9550141124, 31.3739375895 ], [ 34.9552754464, 31.3741328162 ], [ 34.9552403301, 31.374215091 ], [ 34.9555101334, 31.3745077382 ], [ 34.9551945716, 31.3750238207 ], [ 34.9550325534, 31.3752340079 ] ] ] ] } },
{ "type": "Feature", "properties": { "Id": 0, "Name": "Eshkolot", "GIS_ID": 3722.0, "Area": 93021.683879699995, "x": 34.905, "y": 31.391 }, "geometry": { "type": "MultiPolygon", "coordinates": [ [ [ [ 34.9034991785, 31.392362852 ], [ 34.9037100847, 31.3923962657 ], [ 34.9039017509, 31.392429634 ], [ 34.9041318716, 31.3924712992 ], [ 34.904391009, 31.392414275 ], [ 34.9045538416, 31.392455782 ], [ 34.9046201358, 31.3927357032 ], [ 34.9048305471, 31.3929254114 ], [ 34.905002897, 31.3930162735 ], [ 34.9054920266, 31.3930092074 ], [ 34.9057801015, 31.3928782928 ], [ 34.9058671487, 31.3926481528 ], [ 34.9060594157, 31.3925251315 ], [ 34.9065007297, 31.3924768241 ], [ 34.9068658116, 31.3922637434 ], [ 34.9069436253, 31.3919266171 ], [ 34.9071451459, 31.3919023726 ], [ 34.9070405733, 31.3915895351 ], [ 34.9066199576, 31.391177207 ], [ 34.9063610069, 31.3911766054 ], [ 34.9059962652, 31.3912498024 ], [ 34.9056504243, 31.3914300065 ], [ 34.9052764796, 31.3914209276 ], [ 34.9052182649, 31.3916100083 ], [ 34.9051504571, 31.3918401928 ], [ 34.9048526335, 31.3919957949 ], [ 34.9047460052, 31.3923657716 ], [ 34.9044585575, 31.3922663427 ], [ 34.9042672053, 31.3921343092 ], [ 34.9044219869, 31.3916986076 ], [ 34.9047693199, 31.3910495177 ], [ 34.9050950609, 31.3911736569 ], [ 34.905345043, 31.3909521046 ], [ 34.9055561812, 31.3909114707 ], [ 34.9057191689, 31.3909365622 ], [ 34.9060173782, 31.3906574901 ], [ 34.9062670448, 31.3905346922 ], [ 34.906287818, 31.3900493431 ], [ 34.9061551986, 31.3895307184 ], [ 34.9056382959, 31.3892169201 ], [ 34.9051303377, 31.3891005643 ], [ 34.9048402587, 31.3889168536 ], [ 34.9045817104, 31.3889814312 ], [ 34.9043822313, 31.3891234379 ], [ 34.9042286575, 31.3891807093 ], [ 34.9037189715, 31.3896072819 ], [ 34.9030497875, 31.3896470402 ], [ 34.903927776, 31.3902988897 ], [ 34.9037634007, 31.3907098565 ], [ 34.9035311077, 31.3913839255 ], [ 34.9033852601, 31.3919841517 ], [ 34.9034991785, 31.392362852 ] ] ] ] } },
{ "type": "Feature", "properties": { "Id": 0, "Name": "ansana", "GIS_ID": 0.134, "Area": 104691.333589, "x": 34.9034, "y": 31.3633 }, "geometry": { "type": "MultiPolygon", "coordinates": [ [ [ [ 34.9000760423, 31.3621157844 ], [ 34.9008370002, 31.3627045397 ], [ 34.9019821407, 31.362436315 ], [ 34.9037423352, 31.3645765096 ], [ 34.9035207418, 31.3656431213 ], [ 34.9040263621, 31.3664246282 ], [ 34.9053517989, 31.3642863307 ], [ 34.9053277364, 31.3624779019 ], [ 34.9041298865, 31.3621364336 ], [ 34.9032960576, 31.3620705793 ], [ 34.9028184684, 31.3623825681 ], [ 34.9021950506, 31.3616580312 ], [ 34.9021567921, 31.3612968226 ], [ 34.9015784206, 31.3611939056 ], [ 34.9012890362, 31.361204496 ], [ 34.9006825804, 31.3616319125 ], [ 34.9000760423, 31.3621157844 ] ] ] ] } },
{ "type": "Feature", "properties": { "Id": 0, "Name": "Magen Dan", "GIS_ID": 0.006, "Area": 16085.236083600001, "x": 35.0212, "y": 32.1102 }, "geometry": { "type": "MultiPolygon", "coordinates": [ [ [ [ 35.0209976279, 32.1093664664 ], [ 35.0207606634, 32.1092602247 ], [ 35.0203006552, 32.1098618536 ], [ 35.0205916004, 32.1102462246 ], [ 35.0212974998, 32.1110230586 ], [ 35.0221690334, 32.1106190505 ], [ 35.022373559, 32.1103877645 ], [ 35.0217210405, 32.1100973498 ], [ 35.0210511491, 32.1098232304 ], [ 35.0209976279, 32.1093664664 ] ] ] ] } },
{ "type": "Feature", "properties": { "Id": 0, "Name": "Rehan", "GIS_ID": 3568.0, "Area": 112939.692704, "x": 35.1368, "y": 32.4691 }, "geometry": { "type": "MultiPolygon", "coordinates": [ [ [ [ 35.1362548428, 32.4659606425 ], [ 35.1359970304, 32.4659370837 ], [ 35.1359462169, 32.4661595369 ], [ 35.1362546694, 32.4661909296 ], [ 35.1362548428, 32.4659606425 ] ] ], [ [ [ 35.1397261733, 32.4671084217 ], [ 35.1383944653, 32.4670601185 ], [ 35.138391043, 32.4675228008 ], [ 35.1393392017, 32.4675524207 ], [ 35.1397384187, 32.4675367557 ], [ 35.139782323, 32.4671269362 ], [ 35.1397261733, 32.4671084217 ] ] ], [ [ [ 35.1348414561, 32.469808391 ], [ 35.1351345572, 32.4694994848 ], [ 35.1353020973, 32.4692513093 ], [ 35.135966004, 32.469660529 ], [ 35.1364539251, 32.4693884671 ], [ 35.1367633141, 32.4691668051 ], [ 35.1370490933, 32.4687939075 ], [ 35.1372754239, 32.4684007786 ], [ 35.1373944883, 32.4682092218 ], [ 35.1371685858, 32.4680275806 ], [ 35.1364194798, 32.4676641368 ], [ 35.1357535753, 32.4674218379 ], [ 35.1349686219, 32.467350801 ], [ 35.1342905133, 32.4674915479 ], [ 35.1335283409, 32.4686205535 ], [ 35.1332425715, 32.4689632347 ], [ 35.1326544931, 32.469107961 ], [ 35.1329531399, 32.4693513318 ], [ 35.1336108885, 32.4689666352 ], [ 35.133825981, 32.4690579564 ], [ 35.1337541094, 32.4692504501 ], [ 35.1336820513, 32.4696810779 ], [ 35.1340167648, 32.4696660654 ], [ 35.1338969955, 32.4699649328 ], [ 35.1340462982, 32.4701170169 ], [ 35.1345245005, 32.4700463497 ], [ 35.1348414561, 32.469808391 ] ] ], [ [ [ 35.1376479953, 32.4697599023 ], [ 35.1376446411, 32.4696924502 ], [ 35.1370835443, 32.4698124438 ], [ 35.1367602074, 32.4699074945 ], [ 35.136754462, 32.4699092047 ], [ 35.1367735636, 32.4699699924 ], [ 35.1368857337, 32.4703261506 ], [ 35.1368509882, 32.4704171177 ], [ 35.1369306156, 32.4704788396 ], [ 35.13735323, 32.4703439844 ], [ 35.1377515815, 32.4702209278 ], [ 35.1376479953, 32.4697599023 ] ] ], [ [ [ 35.132995621, 32.4702539855 ], [ 35.1329147341, 32.4700035403 ], [ 35.1324050087, 32.4700670771 ], [ 35.1325090497, 32.4703322652 ], [ 35.1326015934, 32.4704894312 ], [ 35.1329723338, 32.4704061757 ], [ 35.132995621, 32.4702539855 ] ] ], [ [ [ 35.1412038715, 32.4701305501 ], [ 35.1408932647, 32.4699764664 ], [ 35.1406497861, 32.470266524 ], [ 35.140392838, 32.4706481912 ], [ 35.1407799851, 32.4708736426 ], [ 35.1409015086, 32.4709615337 ], [ 35.1405994629, 32.4714855636 ], [ 35.1417339903, 32.4720359255 ], [ 35.1419547818, 32.4719443281 ], [ 35.1421304724, 32.4718490108 ], [ 35.1422342468, 32.4716085675 ], [ 35.1421622404, 32.4714405374 ], [ 35.1419506715, 32.4712724381 ], [ 35.142117549, 32.4709975797 ], [ 35.1423294032, 32.4707495249 ], [ 35.1423654071, 32.4706770426 ], [ 35.1412038715, 32.4701305501 ] ] ] ] } },
{ "type": "Feature", "properties": { "Id": 0, "Name": "Avne Hefez", "GIS_ID": 3793.0, "Area": 293218.98697600001, "x": 35.0741, "y": 32.2863 }, "geometry": { "type": "MultiPolygon", "coordinates": [ [ [ [ 35.0860148788, 32.2876797633 ], [ 35.0860762067, 32.2874592484 ], [ 35.0859239506, 32.2870696322 ], [ 35.086413084, 32.2869403258 ], [ 35.0869173188, 32.2869537814 ], [ 35.087818582, 32.2871363229 ], [ 35.0879558316, 32.2873960685 ], [ 35.0884141589, 32.2874484321 ], [ 35.0884607133, 32.286903266 ], [ 35.0877883406, 32.286876676 ], [ 35.0868716928, 32.2867720327 ], [ 35.0860619026, 32.2867842618 ], [ 35.0854964034, 32.2868615532 ], [ 35.0857707999, 32.2873680637 ], [ 35.0855568563, 32.2873938334 ], [ 35.0850374345, 32.2873024453 ], [ 35.084854929, 32.2865884333 ], [ 35.0844427928, 32.2862894671 ], [ 35.0842590139, 32.2866268241 ], [ 35.084655796, 32.2869776279 ], [ 35.0844416308, 32.2871721163 ], [ 35.0838759217, 32.2874052256 ], [ 35.0838598138, 32.2881060641 ], [ 35.0844859539, 32.2883403082 ], [ 35.0856474732, 32.2881596998 ], [ 35.0860148788, 32.2876797633 ] ] ], [ [ [ 35.0763276516, 32.2872939118 ], [ 35.0760986196, 32.2871769003 ], [ 35.075166033, 32.2875393617 ], [ 35.0736679415, 32.2879661591 ], [ 35.0732705252, 32.2880825259 ], [ 35.0729649293, 32.2880563275 ], [ 35.0726284783, 32.2882246975 ], [ 35.0720937522, 32.2882241383 ], [ 35.0714976394, 32.2883143203 ], [ 35.0709630537, 32.2881450358 ], [ 35.0703215675, 32.2879756356 ], [ 35.0704443676, 32.2875604119 ], [ 35.0708567789, 32.2877165839 ], [ 35.0714220948, 32.2877041951 ], [ 35.0719416371, 32.2877047412 ], [ 35.0722471937, 32.2877570031 ], [ 35.0725224961, 32.2875885703 ], [ 35.0729817702, 32.2869790033 ], [ 35.0736702322, 32.2863696722 ], [ 35.0740976015, 32.2866815844 ], [ 35.0739441527, 32.2871617074 ], [ 35.074249653, 32.2872528307 ], [ 35.0747386745, 32.2872144676 ], [ 35.0750751224, 32.2869681792 ], [ 35.0750757672, 32.2865138693 ], [ 35.0748163871, 32.286240999 ], [ 35.0743273522, 32.286292438 ], [ 35.0740676168, 32.286344112 ], [ 35.0740220911, 32.286110417 ], [ 35.0744810146, 32.2857344922 ], [ 35.0748633172, 32.2854882514 ], [ 35.0748637232, 32.285202662 ], [ 35.075522078, 32.2843207753 ], [ 35.0760120892, 32.2835683883 ], [ 35.0756002198, 32.2830358355 ], [ 35.0752647628, 32.2825941675 ], [ 35.074806689, 32.282386021 ], [ 35.0743782498, 32.2827619787 ], [ 35.0734606707, 32.2833451059 ], [ 35.073108877, 32.2835654032 ], [ 35.0725899337, 32.2832404065 ], [ 35.0722991138, 32.2835775442 ], [ 35.0718411174, 32.2833174452 ], [ 35.07145888, 32.283446898 ], [ 35.0708012835, 32.2838615584 ], [ 35.0706023443, 32.2840820104 ], [ 35.0705866387, 32.2843674935 ], [ 35.0707541873, 32.2847052026 ], [ 35.0710901161, 32.2848872639 ], [ 35.0707993615, 32.2851724564 ], [ 35.071455623, 32.2856794014 ], [ 35.0710880462, 32.2863020452 ], [ 35.0706140098, 32.2865481773 ], [ 35.0696508344, 32.2869105655 ], [ 35.069207162, 32.2872216519 ], [ 35.0692217364, 32.2877018587 ], [ 35.070046432, 32.288027285 ], [ 35.0711155247, 32.2884178011 ], [ 35.071512491, 32.2886129111 ], [ 35.0712373163, 32.2886905339 ], [ 35.0710537117, 32.2888720462 ], [ 35.0710226245, 32.2892224402 ], [ 35.0688510272, 32.2904142476 ], [ 35.0684683491, 32.2908162047 ], [ 35.0688503126, 32.290894528 ], [ 35.0695383515, 32.2906096751 ], [ 35.0702875353, 32.2903249737 ], [ 35.0709143021, 32.2901179608 ], [ 35.0716585912, 32.2897959342 ], [ 35.0719308017, 32.2899736596 ], [ 35.072139997, 32.2897655803 ], [ 35.0718495773, 32.2896186953 ], [ 35.0725817283, 32.2889125168 ], [ 35.0732391664, 32.2886277019 ], [ 35.0742479472, 32.2884470396 ], [ 35.0754862534, 32.2880329558 ], [ 35.0762203116, 32.2876053635 ], [ 35.0763276516, 32.2872939118 ] ] ] ] } },
{ "type": "Feature", "properties": { "Id": 0, "Name": "Barkan Industrial Area", "GIS_ID": 0.202, "Area": 982518.48912200006, "x": 35.1177, "y": 32.1036 }, "geometry": { "type": "MultiPolygon", "coordinates": [ [ [ [ 35.1236010074, 32.0952311905 ], [ 35.1204098613, 32.094523726 ], [ 35.1223388273, 32.0913526059 ], [ 35.1217528372, 32.0911264748 ], [ 35.1187018664, 32.0898885263 ], [ 35.1183312367, 32.0908056642 ], [ 35.1211925306, 32.0928042458 ], [ 35.1205999442, 32.093829172 ], [ 35.1180163352, 32.0942596984 ], [ 35.1172500082, 32.0943644131 ], [ 35.1170025013, 32.0947429066 ], [ 35.1175458102, 32.0952271837 ], [ 35.1175205233, 32.0957531837 ], [ 35.1178658448, 32.0965739637 ], [ 35.1188293196, 32.0970585216 ], [ 35.1202376605, 32.0975223566 ], [ 35.1211466977, 32.0977322397 ], [ 35.1223609017, 32.0978874924 ], [ 35.1228584397, 32.0964931382 ], [ 35.1235252581, 32.0970405948 ], [ 35.1238714318, 32.0969565876 ], [ 35.1238222727, 32.0965989043 ], [ 35.1236010074, 32.0952311905 ] ] ], [ [ [ 35.1132959302, 32.1110646678 ], [ 35.1130120531, 32.1113028072 ], [ 35.113275872, 32.1117377518 ], [ 35.1130643573, 32.1118725077 ], [ 35.1127825164, 32.1118723041 ], [ 35.1123067937, 32.1120669267 ], [ 35.1122181568, 32.112546526 ], [ 35.1126229875, 32.1128916656 ], [ 35.1135035188, 32.1130722084 ], [ 35.1145779368, 32.1131628837 ], [ 35.1150185119, 32.1129383784 ], [ 35.1150187895, 32.1126535022 ], [ 35.1156886072, 32.1121442797 ], [ 35.1153897296, 32.1115744073 ], [ 35.1159359175, 32.1113648525 ], [ 35.116851881, 32.1113805489 ], [ 35.1169396864, 32.1116354564 ], [ 35.1171152843, 32.1121602408 ], [ 35.1177671869, 32.1119807807 ], [ 35.1184543419, 32.1118313708 ], [ 35.1179441395, 32.1111863316 ], [ 35.1182614366, 32.1108867917 ], [ 35.1199529929, 32.1101982393 ], [ 35.1203578424, 32.1105433544 ], [ 35.1209746355, 32.1101540071 ], [ 35.1215210436, 32.1097945502 ], [ 35.1208698736, 32.1091944297 ], [ 35.1200414811, 32.1097186343 ], [ 35.1200412605, 32.1099585112 ], [ 35.11896652, 32.1103625157 ], [ 35.1182265133, 32.1106168612 ], [ 35.1180858346, 32.1103619186 ], [ 35.1181211662, 32.1101970046 ], [ 35.1188962425, 32.1101675907 ], [ 35.1191077029, 32.1100778245 ], [ 35.1195490841, 32.1089536746 ], [ 35.1193200857, 32.108878582 ], [ 35.1193731084, 32.1087137697 ], [ 35.1202548779, 32.1075149729 ], [ 35.1217164006, 32.1079357205 ], [ 35.1223150596, 32.1081309875 ], [ 35.1224738153, 32.1079662424 ], [ 35.1231076785, 32.1081314987 ], [ 35.1228784521, 32.1084311978 ], [ 35.1238998502, 32.1086416985 ], [ 35.1243222958, 32.1089868122 ], [ 35.1246222373, 32.1083873087 ], [ 35.125890265, 32.1085080396 ], [ 35.1260144889, 32.1074586991 ], [ 35.1259453394, 32.1059295744 ], [ 35.1255230821, 32.1053746185 ], [ 35.1250830354, 32.1050595274 ], [ 35.124695104, 32.1056139775 ], [ 35.1239199364, 32.1057933952 ], [ 35.1235148963, 32.1057931372 ], [ 35.1221233708, 32.1059121796 ], [ 35.1214363338, 32.1059866705 ], [ 35.1214196276, 32.1050121808 ], [ 35.1211565209, 32.1038876511 ], [ 35.1201347553, 32.1041418225 ], [ 35.1189551219, 32.1036013084 ], [ 35.1183744379, 32.1030312518 ], [ 35.118550947, 32.1026866155 ], [ 35.1180230809, 32.1021764722 ], [ 35.116755575, 32.1015010592 ], [ 35.1153114772, 32.1014849918 ], [ 35.1134281775, 32.1002544169 ], [ 35.1117561887, 32.0991137873 ], [ 35.1108767875, 32.0979588435 ], [ 35.1104552104, 32.0968641129 ], [ 35.1096981211, 32.0967136709 ], [ 35.1093806151, 32.0971331286 ], [ 35.1099085584, 32.0974933398 ], [ 35.1094501955, 32.097972752 ], [ 35.1087983295, 32.0981971694 ], [ 35.1089387301, 32.0986769401 ], [ 35.1093787683, 32.0989171484 ], [ 35.1096784957, 32.0985875864 ], [ 35.1099777893, 32.0986777188 ], [ 35.1099772495, 32.0992024729 ], [ 35.1099941089, 32.1000120267 ], [ 35.1110675479, 32.1008073935 ], [ 35.1122116994, 32.101467804 ], [ 35.1125110648, 32.1014980512 ], [ 35.1145179762, 32.1024439406 ], [ 35.1152766029, 32.1029226983 ], [ 35.1157256397, 32.1032891375 ], [ 35.1164879155, 32.1033193423 ], [ 35.1174600397, 32.1034639397 ], [ 35.1183195373, 32.1033925635 ], [ 35.1195167403, 32.1039449991 ], [ 35.1190089124, 32.1045443509 ], [ 35.1182616996, 32.1049636302 ], [ 35.1179942193, 32.104699583 ], [ 35.117204731, 32.1052267719 ], [ 35.1167824468, 32.1047587199 ], [ 35.1156132111, 32.1044340714 ], [ 35.1155568722, 32.104517989 ], [ 35.1154296004, 32.1049856603 ], [ 35.1160065434, 32.1056936118 ], [ 35.1169923375, 32.1063059828 ], [ 35.1182319184, 32.106666648 ], [ 35.1198655133, 32.1076271673 ], [ 35.1193434482, 32.1084783816 ], [ 35.1183284085, 32.1089573599 ], [ 35.1169332175, 32.1091962812 ], [ 35.1159472194, 32.1087638177 ], [ 35.1143974176, 32.108594902 ], [ 35.1132843752, 32.1085101492 ], [ 35.1121006748, 32.108521286 ], [ 35.1120729504, 32.1080654993 ], [ 35.1113978697, 32.1068777037 ], [ 35.1102847942, 32.1067449491 ], [ 35.1100155677, 32.1081959152 ], [ 35.1103395856, 32.1082801132 ], [ 35.1101409125, 32.1096351808 ], [ 35.1102388651, 32.1103069094 ], [ 35.1106617662, 32.1101632969 ], [ 35.1120852801, 32.1098165208 ], [ 35.1126630529, 32.1098049467 ], [ 35.1132549173, 32.1097933802 ], [ 35.113691477, 32.1099736014 ], [ 35.1140999844, 32.1101298134 ], [ 35.1143252408, 32.1103458631 ], [ 35.1132959302, 32.1110646678 ] ] ] ] } },
{ "type": "Feature", "properties": { "Id": 0, "Name": "Gush Etzion Industrial Ar", "GIS_ID": 0.203, "Area": 38916.748627100002, "x": 35.1509, "y": 31.6425 }, "geometry": { "type": "MultiPolygon", "coordinates": [ [ [ [ 35.1563737407, 31.6392761463 ], [ 35.1563405972, 31.6391482829 ], [ 35.1561703969, 31.6391553215 ], [ 35.1561589251, 31.6394054533 ], [ 35.1563737407, 31.6392761463 ] ] ], [ [ [ 35.1512587969, 31.641715956 ], [ 35.1511950942, 31.6415412641 ], [ 35.1510419665, 31.6415466585 ], [ 35.1510418979, 31.6416667409 ], [ 35.1511056999, 31.6416667676 ], [ 35.1511248001, 31.6417377333 ], [ 35.1512587969, 31.641715956 ] ] ], [ [ [ 35.1516137673, 31.6431984674 ], [ 35.1523292219, 31.6428790517 ], [ 35.1532901365, 31.641754205 ], [ 35.1527762658, 31.6414241676 ], [ 35.1519986468, 31.6422762034 ], [ 35.1514008144, 31.6422759567 ], [ 35.1511339098, 31.6424311459 ], [ 35.1510268905, 31.6428328799 ], [ 35.1505678083, 31.6429787885 ], [ 35.1503542696, 31.6429056477 ], [ 35.1503499988, 31.6424401415 ], [ 35.14992775, 31.6421657608 ], [ 35.1487895858, 31.641834987 ], [ 35.1484191215, 31.6425225698 ], [ 35.1489238754, 31.6428228748 ], [ 35.150279463, 31.6431979088 ], [ 35.1513468708, 31.6433353493 ], [ 35.1516137673, 31.6431984674 ] ] ] ] } },
{ "type": "Feature", "properties": { "Id": 0, "Name": "Aragaman", "GIS_ID": 3598.0, "Area": 138647.44091199999, "x": 35.5228, "y": 32.1723 }, "geometry": { "type": "MultiPolygon", "coordinates": [ [ [ [ 35.5218619946, 32.1718398089 ], [ 35.5224663095, 32.171253848 ], [ 35.52229391, 32.1710996262 ], [ 35.5217686427, 32.1711525267 ], [ 35.5216955421, 32.1704651034 ], [ 35.5216601301, 32.1694593317 ], [ 35.5216501557, 32.168852476 ], [ 35.5212288112, 32.1688626056 ], [ 35.5212303345, 32.1693026785 ], [ 35.5207015291, 32.1693760787 ], [ 35.5203396743, 32.1690675823 ], [ 35.5199571391, 32.1694638771 ], [ 35.5199308469, 32.1706328292 ], [ 35.521092934, 32.1706557164 ], [ 35.5214163896, 32.1706806972 ], [ 35.5215585539, 32.1708607869 ], [ 35.5216914945, 32.1713160325 ], [ 35.5218619946, 32.1718398089 ] ] ], [ [ [ 35.5229902908, 32.1737553269 ], [ 35.5236688677, 32.1741834039 ], [ 35.5242551586, 32.1742335047 ], [ 35.5247298835, 32.1741549309 ], [ 35.5251026157, 32.1738359292 ], [ 35.5253944036, 32.1734742072 ], [ 35.5253927156, 32.1729929321 ], [ 35.5253813772, 32.1726319788 ], [ 35.5253463591, 32.1719519399 ], [ 35.5256519142, 32.1719867006 ], [ 35.5254784378, 32.1714972045 ], [ 35.5250638002, 32.1714123166 ], [ 35.5245478532, 32.1712503111 ], [ 35.5236885461, 32.1711321853 ], [ 35.5229411302, 32.171237233 ], [ 35.5228206045, 32.1714266394 ], [ 35.5231250399, 32.1718039888 ], [ 35.5228829377, 32.1719421198 ], [ 35.5228950303, 32.1724921746 ], [ 35.5229268788, 32.1729304491 ], [ 35.5223407762, 32.1729319235 ], [ 35.521632458, 32.1726672259 ], [ 35.5214002319, 32.1727193898 ], [ 35.520925779, 32.172875323 ], [ 35.5209067044, 32.1731847711 ], [ 35.5206978831, 32.1735977671 ], [ 35.520496215, 32.1737186586 ], [ 35.5200524217, 32.1739432275 ], [ 35.5197193392, 32.1740815794 ], [ 35.5199939387, 32.1745707409 ], [ 35.5207408803, 32.1743196237 ], [ 35.5209428766, 32.1742933275 ], [ 35.5211445754, 32.1741810923 ], [ 35.5214786224, 32.1743522247 ], [ 35.5220443504, 32.1742819998 ], [ 35.522316349, 32.1740492888 ], [ 35.522648634, 32.1737132622 ], [ 35.5229902908, 32.1737553269 ] ] ] ] } },
{ "type": "Feature", "properties": { "Id": 0, "Name": "Omer Farm", "GIS_ID": 0.0001, "Area": 30731.136506499999, "x": 35.4295, "y": 31.9298 }, "geometry": { "type": "MultiPolygon", "coordinates": [ [ [ [ 35.4287365343, 31.9312663713 ], [ 35.4290032146, 31.9312532638 ], [ 35.429297253, 31.930305023 ], [ 35.4308446513, 31.9298979131 ], [ 35.4304866299, 31.9289129212 ], [ 35.4283611396, 31.9292199571 ], [ 35.4280880815, 31.9296563898 ], [ 35.4286586749, 31.929712247 ], [ 35.4287365343, 31.9312663713 ] ] ] ] } },
{ "type": "Feature", "properties": { "Id": 0, "Name": "Nahal Rotem", "GIS_ID": 3782.0, "Area": 34031.574575899998, "x": 35.5187, "y": 32.3364 }, "geometry": { "type": "MultiPolygon", "coordinates": [ [ [ [ 35.5193008378, 32.3362780093 ], [ 35.5194287281, 32.3362493749 ], [ 35.519771878, 32.3362708812 ], [ 35.5200005575, 32.3362703094 ], [ 35.5208135191, 32.3360925549 ], [ 35.5208304683, 32.3357757858 ], [ 35.5200551356, 32.3360280441 ], [ 35.5193026817, 32.3359379714 ], [ 35.5191797586, 32.3351924381 ], [ 35.5191013781, 32.3351466571 ], [ 35.5185390609, 32.3355090874 ], [ 35.5180963275, 32.3356538387 ], [ 35.5178958661, 32.3359211665 ], [ 35.5176725651, 32.3366194998 ], [ 35.517666555, 32.3371873503 ], [ 35.5177559873, 32.3374333977 ], [ 35.5179093272, 32.3375150765 ], [ 35.5180385329, 32.337590052 ], [ 35.5186188734, 32.3376433445 ], [ 35.5189394642, 32.3371294467 ], [ 35.5193008378, 32.3362780093 ] ] ] ] } },
{ "type": "Feature", "properties": { "Id": 0, "Name": "Niran", "GIS_ID": 3620.0, "Area": 121294.796468, "x": 35.4559, "y": 31.9676 }, "geometry": { "type": "MultiPolygon", "coordinates": [ [ [ [ 35.4553157586, 31.9689853264 ], [ 35.4567909385, 31.9681098104 ], [ 35.4580077358, 31.9684202233 ], [ 35.4594255506, 31.9687521572 ], [ 35.4597479866, 31.9673365187 ], [ 35.4580532381, 31.9670782386 ], [ 35.4570774922, 31.9669402236 ], [ 35.4566715876, 31.9668257795 ], [ 35.4559956959, 31.9668600369 ], [ 35.4557344812, 31.9666958837 ], [ 35.4551347855, 31.9663513154 ], [ 35.4552016, 31.966063055 ], [ 35.4555781328, 31.9660376009 ], [ 35.4558478502, 31.9657901512 ], [ 35.4554798408, 31.9653709966 ], [ 35.4550451835, 31.9653389394 ], [ 35.4547561736, 31.9656111351 ], [ 35.4548728809, 31.9659319494 ], [ 35.4547961708, 31.966121481 ], [ 35.4550286203, 31.9663680282 ], [ 35.4549420436, 31.9665081601 ], [ 35.4545280346, 31.9669534789 ], [ 35.454190779, 31.9672258585 ], [ 35.4541528796, 31.9674893519 ], [ 35.4539409245, 31.9676626458 ], [ 35.4535831044, 31.9674904716 ], [ 35.4533313188, 31.9672521662 ], [ 35.4533584164, 31.9665523982 ], [ 35.4528857407, 31.9667427046 ], [ 35.4526358814, 31.9671794893 ], [ 35.4522599893, 31.9674848554 ], [ 35.4523097944, 31.9680280088 ], [ 35.4525616287, 31.9683239418 ], [ 35.4528710551, 31.9684385879 ], [ 35.4535740335, 31.9676962826 ], [ 35.4541736486, 31.9680490648 ], [ 35.4538562817, 31.9685189909 ], [ 35.4538571945, 31.9688565367 ], [ 35.4544565669, 31.9690775635 ], [ 35.4553157586, 31.9689853264 ] ] ] ] } },
{ "type": "Feature", "properties": { "Id": 0, "Name": "Mevo'ot Jericho", "GIS_ID": 0.039, "Area": 28831.377943799998, "x": 35.4168, "y": 31.9082 }, "geometry": { "type": "MultiPolygon", "coordinates": [ [ [ [ 35.4169400402, 31.9066798444 ], [ 35.4165624085, 31.9065578493 ], [ 35.4165090112, 31.9067801983 ], [ 35.4167607016, 31.9068334268 ], [ 35.4166268657, 31.9072398494 ], [ 35.4167167643, 31.9072626916 ], [ 35.4169400402, 31.9066798444 ] ] ], [ [ [ 35.4148236149, 31.9084077961 ], [ 35.4151729001, 31.9079167129 ], [ 35.4149839955, 31.9078173924 ], [ 35.4147866646, 31.9079633377 ], [ 35.4145349026, 31.9078794489 ], [ 35.414409605, 31.9080942516 ], [ 35.4145538474, 31.9083086088 ], [ 35.4148236149, 31.9084077961 ] ] ], [ [ [ 35.4164869567, 31.9085609471 ], [ 35.4167516031, 31.9082552005 ], [ 35.4171972505, 31.9084179527 ], [ 35.4173228653, 31.9082880605 ], [ 35.4178962562, 31.9084537548 ], [ 35.4182641686, 31.9079977171 ], [ 35.4174254733, 31.9076251411 ], [ 35.416547876, 31.9072969941 ], [ 35.4163914488, 31.9072767215 ], [ 35.4161207296, 31.9076245885 ], [ 35.4157670615, 31.9075426884 ], [ 35.4157240634, 31.9076946264 ], [ 35.4156809847, 31.9078575668 ], [ 35.416010438, 31.9079669239 ], [ 35.4160049899, 31.9082827653 ], [ 35.4164869567, 31.9085609471 ] ] ], [ [ [ 35.4180992461, 31.909289924 ], [ 35.417741041, 31.909164193 ], [ 35.4169291981, 31.9096012792 ], [ 35.4177425593, 31.9098221744 ], [ 35.4181133157, 31.91003737 ], [ 35.41826731, 31.9099160419 ], [ 35.418050645, 31.9096216296 ], [ 35.4180992461, 31.909289924 ] ] ] ] } },
{ "type": "Feature", "properties": { "Id": 0, "Name": "Orna's Tent", "GIS_ID": 0.0002, "Area": 11492.3289807, "x": 35.5073, "y": 31.8211 }, "geometry": { "type": "MultiPolygon", "coordinates": [ [ [ [ 35.5065503154, 31.8213983829 ], [ 35.5076905566, 31.8217289562 ], [ 35.5080854119, 31.8206737437 ], [ 35.506739396, 31.8207517678 ], [ 35.5065503154, 31.8213983829 ] ] ] ] } },
{ "type": "Feature", "properties": { "Id": 0, "Name": "Yizhar", "GIS_ID": 3749.0, "Area": 298341.50593799999, "x": 35.2388, "y": 32.1663 }, "geometry": { "type": "MultiPolygon", "coordinates": [ [ [ [ 35.2410790426, 32.157882144 ], [ 35.2400491824, 32.1577214002 ], [ 35.2401319242, 32.1581128057 ], [ 35.2401333907, 32.1583155405 ], [ 35.241832699, 32.1583331199 ], [ 35.242145305, 32.158333027 ], [ 35.2424917124, 32.1583329232 ], [ 35.2425568959, 32.159490353 ], [ 35.2419258348, 32.1593456146 ], [ 35.2418123315, 32.1595335167 ], [ 35.2431747532, 32.1596996116 ], [ 35.2428812572, 32.1587944906 ], [ 35.2430815404, 32.1581019017 ], [ 35.2410790426, 32.157882144 ] ] ], [ [ [ 35.2472810704, 32.1635538966 ], [ 35.2477414744, 32.1629099231 ], [ 35.247922213, 32.1623780125 ], [ 35.2486132064, 32.1622518088 ], [ 35.2487941287, 32.1621117853 ], [ 35.2491236593, 32.1630494022 ], [ 35.2494198, 32.1629933131 ], [ 35.2491888719, 32.1618177299 ], [ 35.2493691669, 32.1604040682 ], [ 35.2492536577, 32.1597183042 ], [ 35.248891565, 32.1594665037 ], [ 35.2490556391, 32.1585287124 ], [ 35.2491702488, 32.1573809979 ], [ 35.2493676409, 32.1572969518 ], [ 35.2501573174, 32.1571847005 ], [ 35.2501737072, 32.1570587303 ], [ 35.2495976825, 32.1566950407 ], [ 35.2492026887, 32.1564292566 ], [ 35.2488242856, 32.1564433861 ], [ 35.2488408265, 32.1566253286 ], [ 35.2488417436, 32.1585147917 ], [ 35.2485787458, 32.1590327366 ], [ 35.2487272435, 32.159900438 ], [ 35.2489906792, 32.160278238 ], [ 35.2490073098, 32.1606421286 ], [ 35.2486785742, 32.1613280489 ], [ 35.2481851103, 32.161622137 ], [ 35.2475107064, 32.162028253 ], [ 35.2470007942, 32.1623503341 ], [ 35.2461451397, 32.1622106592 ], [ 35.2453059913, 32.1621829412 ], [ 35.2453390488, 32.1625188349 ], [ 35.2462933826, 32.1625605105 ], [ 35.2466060998, 32.1627703468 ], [ 35.2460797584, 32.1631624097 ], [ 35.244829287, 32.1632048035 ], [ 35.2448293859, 32.1634287396 ], [ 35.2459975974, 32.1634003689 ], [ 35.2465241853, 32.1635401548 ], [ 35.2472810704, 32.1635538966 ] ] ], [ [ [ 35.2412696593, 32.1635898525 ], [ 35.2411623675, 32.1633436965 ], [ 35.2405514073, 32.163439612 ], [ 35.2402835059, 32.1636448443 ], [ 35.240739201, 32.1639592868 ], [ 35.2412696593, 32.1635898525 ] ] ], [ [ [ 35.2445696962, 32.1662345256 ], [ 35.2442862222, 32.1658432692 ], [ 35.2441366821, 32.1659435626 ], [ 35.2442523333, 32.16609004 ], [ 35.2444360107, 32.1663116804 ], [ 35.2445696962, 32.1662345256 ] ] ], [ [ [ 35.233667721, 32.1702154005 ], [ 35.2338378927, 32.1700279829 ], [ 35.233414359, 32.1700208269 ], [ 35.2334283946, 32.1698832072 ], [ 35.2331192254, 32.169858659 ], [ 35.2329839724, 32.1696204379 ], [ 35.2335344565, 32.1693410294 ], [ 35.2340076688, 32.1691272866 ], [ 35.2350795647, 32.1688641607 ], [ 35.2356155675, 32.1687449037 ], [ 35.2361505916, 32.1686818126 ], [ 35.2363568463, 32.1686646215 ], [ 35.2375483641, 32.1684258336 ], [ 35.2385013957, 32.1683736664 ], [ 35.2382282098, 32.1689332463 ], [ 35.2387205128, 32.1689563482 ], [ 35.2391672413, 32.1696528931 ], [ 35.2393011636, 32.1695922171 ], [ 35.2396367928, 32.1696187721 ], [ 35.2397999529, 32.1695620749 ], [ 35.2397066285, 32.1693609876 ], [ 35.2400928672, 32.169185259 ], [ 35.2398129565, 32.1687420383 ], [ 35.239570657, 32.1686700098 ], [ 35.2399568635, 32.1683247885 ], [ 35.240623449, 32.168677919 ], [ 35.240872063, 32.1687036072 ], [ 35.2410231521, 32.168722977 ], [ 35.2412335519, 32.1690125004 ], [ 35.241413871, 32.1691998259 ], [ 35.2417543139, 32.1691571399 ], [ 35.2417842641, 32.1689356841 ], [ 35.2413837306, 32.1689528362 ], [ 35.2412935678, 32.1688506563 ], [ 35.2411751094, 32.1685961533 ], [ 35.241540805, 32.1683079209 ], [ 35.2417626231, 32.1675849843 ], [ 35.2417527105, 32.1669359721 ], [ 35.2413180192, 32.166640314 ], [ 35.240496949, 32.1664844518 ], [ 35.2395601349, 32.1663943567 ], [ 35.2390695522, 32.1664659013 ], [ 35.2389094618, 32.1664835501 ], [ 35.2381969805, 32.1665132366 ], [ 35.2373714723, 32.1670981911 ], [ 35.23706379, 32.1671861625 ], [ 35.2363491711, 32.1673506503 ], [ 35.2359048349, 32.167326143 ], [ 35.2353544401, 32.1674987904 ], [ 35.2349390742, 32.1675564253 ], [ 35.2349362381, 32.1675574116 ], [ 35.2348344318, 32.1675662794 ], [ 35.234133491, 32.1675494117 ], [ 35.233461431, 32.1677456975 ], [ 35.2333505534, 32.1681416969 ], [ 35.233398902, 32.168486709 ], [ 35.2333603884, 32.1687331758 ], [ 35.2333218901, 32.1690288801 ], [ 35.2325493144, 32.1693822837 ], [ 35.2327909021, 32.169949092 ], [ 35.2324336565, 32.1701134769 ], [ 35.2323562001, 32.1701360274 ], [ 35.2322738023, 32.1701552433 ], [ 35.2320234329, 32.1700616092 ], [ 35.2318231756, 32.1701127558 ], [ 35.2319433905, 32.1702830735 ], [ 35.2321036116, 32.1702915557 ], [ 35.2321836132, 32.1703944246 ], [ 35.2322211834, 32.1704503406 ], [ 35.232530271, 32.1705488374 ], [ 35.2329456674, 32.1705405381 ], [ 35.2333705798, 32.1704500826 ], [ 35.2333840338, 32.1703181662 ], [ 35.2334173851, 32.1702324926 ], [ 35.233667721, 32.1702154005 ] ] ], [ [ [ 35.2369205249, 32.1714482325 ], [ 35.2363170957, 32.1713258291 ], [ 35.236128182, 32.1719233425 ], [ 35.2367045974, 32.1720457537 ], [ 35.2369205249, 32.1714482325 ] ] ], [ [ [ 35.2248461471, 32.1722442243 ], [ 35.2259275372, 32.1717841168 ], [ 35.2260076015, 32.1715882079 ], [ 35.2263681372, 32.1717499723 ], [ 35.2267085801, 32.1716391894 ], [ 35.2274695929, 32.1714942607 ], [ 35.2283206895, 32.1712045183 ], [ 35.228190442, 32.1709405101 ], [ 35.227609678, 32.1710683758 ], [ 35.2268687195, 32.1713069908 ], [ 35.2268086014, 32.1711622093 ], [ 35.2260875343, 32.1708386818 ], [ 35.2259072914, 32.170855747 ], [ 35.2258072717, 32.171358278 ], [ 35.2258173552, 32.1716563778 ], [ 35.2254669013, 32.1717841944 ], [ 35.2249462323, 32.1720057269 ], [ 35.2247059056, 32.1720313172 ], [ 35.2244656012, 32.1721591133 ], [ 35.2240750623, 32.1721676919 ], [ 35.2237145488, 32.17209961 ], [ 35.2229033867, 32.171903836 ], [ 35.2232077329, 32.1714212079 ], [ 35.2227230268, 32.1713502451 ], [ 35.2223225658, 32.1718102305 ], [ 35.222793267, 32.1720656785 ], [ 35.2226832031, 32.1725085881 ], [ 35.2226733151, 32.1731388612 ], [ 35.2232841884, 32.1732409777 ], [ 35.2233642262, 32.172883244 ], [ 35.2239149458, 32.1726617134 ], [ 35.2241351951, 32.1723976465 ], [ 35.2248461471, 32.1722442243 ] ] ] ] } },
{ "type": "Feature", "properties": { "Id": 0, "Name": "aron Industrial Area", "GIS_ID": 0.204, "Area": 85423.812529799994, "x": 35.1673, "y": 32.2496 }, "geometry": { "type": "MultiPolygon", "coordinates": [ [ [ [ 35.1665878395, 32.2518548022 ], [ 35.1671017982, 32.2517710326 ], [ 35.1679041664, 32.2515007309 ], [ 35.1686228792, 32.2504081191 ], [ 35.16770192, 32.2477672732 ], [ 35.1680969195, 32.2471289218 ], [ 35.1676767791, 32.2469556571 ], [ 35.166785337, 32.2471718239 ], [ 35.166292575, 32.2491682393 ], [ 35.1661272051, 32.2510431574 ], [ 35.1665878395, 32.2518548022 ] ] ] ] } },
{ "type": "Feature", "properties": { "Id": 0, "Name": "Alfei Menashe Nirit", "GIS_ID": 0.0003, "Area": 29246.738055099999, "x": 34.9862, "y": 32.1493 }, "geometry": { "type": "MultiPolygon", "coordinates": [ [ [ [ 34.9871627146, 32.1488728753 ], [ 34.9870696106, 32.1486459707 ], [ 34.9870658575, 32.1482783577 ], [ 34.9869348944, 32.1481664881 ], [ 34.9865730552, 32.1484490135 ], [ 34.9862772718, 32.1486384794 ], [ 34.9856721143, 32.1486742044 ], [ 34.9852683385, 32.1488389684 ], [ 34.9850153009, 32.1492246089 ], [ 34.9850789271, 32.1497272344 ], [ 34.9853450241, 32.1499054141 ], [ 34.985870281, 32.1501514515 ], [ 34.9871459537, 32.1498656207 ], [ 34.9872842255, 32.1492714191 ], [ 34.9871627146, 32.1488728753 ] ] ] ] } },
{ "type": "Feature", "properties": { "Id": 0, "Name": "Maale Yisrael", "GIS_ID": 0.0004, "Area": 39284.669894699997, "x": 35.1046, "y": 32.1157 }, "geometry": { "type": "MultiPolygon", "coordinates": [ [ [ [ 35.1043210155, 32.1168120798 ], [ 35.1058750395, 32.1161894334 ], [ 35.105980349, 32.1156399199 ], [ 35.1050387455, 32.1148370723 ], [ 35.1037300121, 32.1146132297 ], [ 35.1033099944, 32.1156526703 ], [ 35.1043210155, 32.1168120798 ] ] ] ] } },
{ "type": "Feature", "properties": { "Id": 0, "Name": "Geva Binyamin Adam", "GIS_ID": 3763.0, "Area": 463742.55449499999, "x": 35.2746, "y": 31.8496 }, "geometry": { "type": "MultiPolygon", "coordinates": [ [ [ [ 35.2736899583, 31.847167726 ], [ 35.2736803178, 31.8469413629 ], [ 35.2731478274, 31.846948686 ], [ 35.2727345451, 31.8466970273 ], [ 35.272483563, 31.8464704415 ], [ 35.2721440883, 31.8461557935 ], [ 35.2716719458, 31.8461686698 ], [ 35.270654076, 31.8462699386 ], [ 35.2699314376, 31.8465851422 ], [ 35.2696071882, 31.8470260337 ], [ 35.2704927847, 31.847655235 ], [ 35.2709207571, 31.8477683721 ], [ 35.271466666, 31.8479192322 ], [ 35.2713193207, 31.8481207789 ], [ 35.2718804638, 31.8488760363 ], [ 35.2722938735, 31.8492913799 ], [ 35.2719545129, 31.8492915606 ], [ 35.2719106982, 31.8497701854 ], [ 35.2727811173, 31.8498200425 ], [ 35.2727369781, 31.8499963742 ], [ 35.2715124665, 31.8500348129 ], [ 35.2705979296, 31.8501989745 ], [ 35.2699634891, 31.8502245543 ], [ 35.269580041, 31.8503381115 ], [ 35.2683114886, 31.8507165322 ], [ 35.2670280573, 31.8509815874 ], [ 35.2669397811, 31.8513720332 ], [ 35.2667923951, 31.8515357878 ], [ 35.2667777642, 31.8517750506 ], [ 35.2672500727, 31.8519637516 ], [ 35.2677516955, 31.8520642371 ], [ 35.2689318687, 31.851887336 ], [ 35.2694925812, 31.8518744246 ], [ 35.2703040712, 31.8519370446 ], [ 35.2702896017, 31.8523904022 ], [ 35.2704373129, 31.8525413822 ], [ 35.2710421035, 31.8524025456 ], [ 35.2711894653, 31.852213625 ], [ 35.2707614694, 31.8519493422 ], [ 35.2724137654, 31.8518477349 ], [ 35.2728122347, 31.8518979335 ], [ 35.2730484122, 31.8520866495 ], [ 35.2732399835, 31.8518221293 ], [ 35.2734908129, 31.8518219933 ], [ 35.2750398673, 31.8517077822 ], [ 35.275703756, 31.8516318384 ], [ 35.2789929926, 31.8509246655 ], [ 35.279167657, 31.8511750079 ], [ 35.2798019187, 31.8509918764 ], [ 35.2796906441, 31.8506805783 ], [ 35.2806425889, 31.8503563973 ], [ 35.2809038356, 31.8505444787 ], [ 35.2816777062, 31.8500038817 ], [ 35.2815442586, 31.8492357834 ], [ 35.2808501561, 31.8483924497 ], [ 35.2801416351, 31.8479899356 ], [ 35.2802158957, 31.8486195496 ], [ 35.2801866038, 31.8488461971 ], [ 35.2799209838, 31.8487078339 ], [ 35.2797126629, 31.8485010169 ], [ 35.279379525, 31.8483996819 ], [ 35.2790654702, 31.8489224336 ], [ 35.2787997157, 31.8487462814 ], [ 35.2785342995, 31.8488597965 ], [ 35.2783717694, 31.8486835833 ], [ 35.27813574, 31.8486837203 ], [ 35.2779292778, 31.8487972 ], [ 35.2775155271, 31.8479788467 ], [ 35.279926191, 31.8477901678 ], [ 35.2802665701, 31.8470521675 ], [ 35.277500315, 31.8473114103 ], [ 35.2770279996, 31.8471102119 ], [ 35.2768059698, 31.8471174828 ], [ 35.2766735359, 31.8473277573 ], [ 35.2767480503, 31.8475510962 ], [ 35.275863335, 31.8481183069 ], [ 35.2749193282, 31.8483958763 ], [ 35.2745505224, 31.8484338669 ], [ 35.2741225993, 31.8483963155 ], [ 35.2737244949, 31.8486735755 ], [ 35.2732670565, 31.8485857152 ], [ 35.2730015313, 31.8485606074 ], [ 35.2728537479, 31.8483088959 ], [ 35.2726768165, 31.8483593131 ], [ 35.2724847843, 31.848132786 ], [ 35.2725879272, 31.8478808493 ], [ 35.2723664747, 31.847729821 ], [ 35.2732959933, 31.8477167855 ], [ 35.2742990847, 31.8476154134 ], [ 35.2748744563, 31.8476025605 ], [ 35.2749333625, 31.8474010588 ], [ 35.274750735, 31.8471590591 ], [ 35.2736899583, 31.847167726 ] ] ] ] } },
{ "type": "Feature", "properties": { "Id": 0, "Name": "Bnei Adam", "GIS_ID": 0.0005, "Area": 68107.947055500001, "x": 35.3065, "y": 31.8443 }, "geometry": { "type": "MultiPolygon", "coordinates": [ [ [ [ 35.3052214057, 31.8459134537 ], [ 35.3074920432, 31.8451216982 ], [ 35.3082009168, 31.844674184 ], [ 35.3081410684, 31.8440182435 ], [ 35.3075317653, 31.8428725597 ], [ 35.3069998912, 31.843002746 ], [ 35.3062397144, 31.842866392 ], [ 35.3060715473, 31.8435297246 ], [ 35.3055653558, 31.8439842747 ], [ 35.3047714327, 31.8438839822 ], [ 35.3052214057, 31.8459134537 ] ] ] ] } },
{ "type": "Feature", "properties": { "Id": 0, "Name": "Neve Erez", "GIS_ID": 0.0006, "Area": 31328.547766799998, "x": 35.311, "y": 31.8656 }, "geometry": { "type": "MultiPolygon", "coordinates": [ [ [ [ 35.3120412005, 31.8666693554 ], [ 35.3123220426, 31.8664885832 ], [ 35.3126441617, 31.8659926001 ], [ 35.3124000609, 31.865748013 ], [ 35.3117834668, 31.8658464531 ], [ 35.3114893061, 31.8657181839 ], [ 35.3110871652, 31.8652289325 ], [ 35.3107353937, 31.8648865145 ], [ 35.3107421571, 31.8645315564 ], [ 35.3102685822, 31.8642749171 ], [ 35.3100173912, 31.8640915299 ], [ 35.3097310566, 31.864532398 ], [ 35.3095809954, 31.8649976322 ], [ 35.31002774, 31.8653061241 ], [ 35.3116556287, 31.8669175378 ], [ 35.3119070164, 31.8667557265 ], [ 35.3120412005, 31.8666693554 ] ] ] ] } },
{ "type": "Feature", "properties": { "Id": 0, "Name": "E1 Police Station", "GIS_ID": 0.0007, "Area": 24007.5712035, "x": 35.292, "y": 31.798 }, "geometry": { "type": "MultiPolygon", "coordinates": [ [ [ [ 35.2906848938, 31.797659178 ], [ 35.2921300359, 31.7988378447 ], [ 35.2925905582, 31.7989447678 ], [ 35.2930715318, 31.7985512156 ], [ 35.2927358654, 31.7976935184 ], [ 35.2914169695, 31.7972297144 ], [ 35.2909775182, 31.7972657611 ], [ 35.2906848938, 31.797659178 ] ] ] ] } },
{ "type": "Feature", "properties": { "Id": 0, "Name": "Mevo Horon", "GIS_ID": 3709.0, "Area": 548385.42604799999, "x": 35.0363, "y": 31.8478 }, "geometry": { "type": "MultiPolygon", "coordinates": [ [ [ [ 35.0370197836, 31.851220457 ], [ 35.0380024059, 31.8507564312 ], [ 35.0388923429, 31.8502614167 ], [ 35.0396286832, 31.8496056696 ], [ 35.0389221773, 31.8493485803 ], [ 35.0389238437, 31.8493451282 ], [ 35.0389975903, 31.8489092367 ], [ 35.0388313779, 31.8485887032 ], [ 35.0379988633, 31.8478046191 ], [ 35.0395136016, 31.8480641837 ], [ 35.0404039811, 31.8481575016 ], [ 35.0404856236, 31.847754489 ], [ 35.0396358182, 31.8476612243 ], [ 35.0396231137, 31.8472005533 ], [ 35.0395973603, 31.8465325347 ], [ 35.0395987731, 31.8457378441 ], [ 35.0397485575, 31.8449203489 ], [ 35.0400052526, 31.8447594337 ], [ 35.040315114, 31.8450017045 ], [ 35.0401391657, 31.8453239718 ], [ 35.0404764422, 31.8453589469 ], [ 35.0408137555, 31.8453132976 ], [ 35.042054845, 31.8454185978 ], [ 35.0427562605, 31.8455346546 ], [ 35.0428243876, 31.8451200797 ], [ 35.0426089691, 31.8448779352 ], [ 35.0422038262, 31.8451078369 ], [ 35.0421765633, 31.845292046 ], [ 35.0415659035, 31.8452344788 ], [ 35.041192212, 31.8452296638 ], [ 35.0410543452, 31.8440464301 ], [ 35.0409925029, 31.8434017378 ], [ 35.0402979116, 31.8433202202 ], [ 35.0402578733, 31.8430207609 ], [ 35.039327125, 31.8429619297 ], [ 35.0380321482, 31.8428220826 ], [ 35.0376549581, 31.8424875509 ], [ 35.036926362, 31.842521134 ], [ 35.035725279, 31.8427165854 ], [ 35.0351195067, 31.843383109 ], [ 35.0355670006, 31.8437752029 ], [ 35.0367779239, 31.8427802605 ], [ 35.0369017196, 31.8434077382 ], [ 35.036972292, 31.8436626854 ], [ 35.0378775056, 31.844145456 ], [ 35.0372105281, 31.844275922 ], [ 35.0373291477, 31.8448598142 ], [ 35.0361836862, 31.8448728982 ], [ 35.03589308, 31.8448579202 ], [ 35.0355165416, 31.8450909155 ], [ 35.0349165778, 31.845965722 ], [ 35.0339652173, 31.8460207207 ], [ 35.0336548177, 31.8460778412 ], [ 35.0327230202, 31.8465142451 ], [ 35.032762866, 31.8468482464 ], [ 35.0330190461, 31.8469752988 ], [ 35.0330455825, 31.8471942085 ], [ 35.0329224849, 31.8481153516 ], [ 35.0333540949, 31.8481620161 ], [ 35.0334769755, 31.8474135727 ], [ 35.0339069646, 31.8473602313 ], [ 35.034059191, 31.8473655437 ], [ 35.034930419, 31.8477461357 ], [ 35.0353567982, 31.8474702557 ], [ 35.0357830393, 31.8480500951 ], [ 35.0359848192, 31.8483497698 ], [ 35.0358226453, 31.8485223455 ], [ 35.0354849184, 31.848729228 ], [ 35.0350799938, 31.8488207665 ], [ 35.0348847667, 31.8485786359 ], [ 35.0344391657, 31.8487853719 ], [ 35.0341889594, 31.8489787537 ], [ 35.034084373, 31.8487935176 ], [ 35.033609642, 31.8482853593 ], [ 35.0329971029, 31.8485024024 ], [ 35.0325867547, 31.8485164423 ], [ 35.0321078025, 31.8486471351 ], [ 35.0317638292, 31.8497411736 ], [ 35.0316625855, 31.8509153316 ], [ 35.0306913432, 31.8507666828 ], [ 35.0300368267, 31.8507960842 ], [ 35.030036235, 31.8511105964 ], [ 35.0300341555, 31.8512711208 ], [ 35.0298281092, 31.8517378268 ], [ 35.0302725295, 31.8517968095 ], [ 35.0312808079, 31.8520462733 ], [ 35.0316215094, 31.8510520893 ], [ 35.0322542362, 31.8511692038 ], [ 35.0321676102, 31.8513494633 ], [ 35.0322072847, 31.8517756312 ], [ 35.0325978247, 31.8522138167 ], [ 35.0327870379, 31.8520528251 ], [ 35.0331239961, 31.8522145263 ], [ 35.0330832741, 31.8523526316 ], [ 35.0334607213, 31.8525604698 ], [ 35.0337308034, 31.8524341255 ], [ 35.0342187985, 31.852575126 ], [ 35.0342627869, 31.8527239395 ], [ 35.0343262958, 31.8527877764 ], [ 35.0344163536, 31.8527052553 ], [ 35.034263151, 31.8525256005 ], [ 35.0347026373, 31.8522627255 ], [ 35.0354987836, 31.8522522416 ], [ 35.0355587852, 31.8518620921 ], [ 35.0368341418, 31.8513232433 ], [ 35.0370197836, 31.851220457 ] ] ] ] } },
{ "type": "Feature", "properties": { "Id": 0, "Name": "Mevo Horon North", "GIS_ID": 0.3709, "Area": 1491.80197314, "x": 35.0464, "y": 31.8539 }, "geometry": { "type": "MultiPolygon", "coordinates": [ [ [ [ 35.0462871179, 31.8541434848 ], [ 35.0465717395, 31.8541785501 ], [ 35.0465387556, 31.8536462618 ], [ 35.0462812282, 31.8536228008 ], [ 35.0462871179, 31.8541434848 ] ] ] ] } },
{ "type": "Feature", "properties": { "Id": 0, "Name": "Derech HaAvot", "GIS_ID": 0.123456, "Area": 43936.113140499998, "x": 35.1363, "y": 31.6662 }, "geometry": { "type": "MultiPolygon", "coordinates": [ [ [ [ 35.136370052, 31.6683761058 ], [ 35.1367454313, 31.6681871752 ], [ 35.1368035271, 31.6677589144 ], [ 35.1370925852, 31.6675778842 ], [ 35.1373720642, 31.6673720473 ], [ 35.1374974133, 31.6671167975 ], [ 35.136977526, 31.6668694152 ], [ 35.1366599838, 31.6664903771 ], [ 35.1364484654, 31.666045469 ], [ 35.1367953807, 31.6657574198 ], [ 35.137267493, 31.6654199236 ], [ 35.1382549988, 31.664505303 ], [ 35.138143197, 31.6644594988 ], [ 35.1371138529, 31.6648432857 ], [ 35.1366418146, 31.6650819378 ], [ 35.1357013453, 31.6657474167 ], [ 35.1345636813, 31.6655554974 ], [ 35.1339417662, 31.6649271862 ], [ 35.1336063691, 31.6647856035 ], [ 35.1336158637, 31.6650891967 ], [ 35.1344566178, 31.6656760422 ], [ 35.1353313824, 31.6660284556 ], [ 35.1353409784, 31.6664874775 ], [ 35.1358411544, 31.6668276852 ], [ 35.1362358125, 31.6671573448 ], [ 35.1362256723, 31.6677586071 ], [ 35.136370052, 31.6683761058 ] ] ] ] } },
{ "type": "Feature", "properties": { "Id": 0, "Name": "Itamar", "GIS_ID": 3762111.0, "Area": 49282.423489000001, "x": 35.3593, "y": 32.1645 }, "geometry": { "type": "MultiPolygon", "coordinates": [ [ [ [ 35.3561432603, 32.1635672619 ], [ 35.3559860453, 32.1638668975 ], [ 35.3560571881, 32.1639387292 ], [ 35.3564068997, 32.1640464336 ], [ 35.3571216776, 32.1640590996 ], [ 35.3583606613, 32.1641102623 ], [ 35.3599018647, 32.164392079 ], [ 35.3610310468, 32.1652013906 ], [ 35.3618908832, 32.1664568698 ], [ 35.3620980348, 32.1668213835 ], [ 35.3616071002, 32.1676461351 ], [ 35.3619885892, 32.1678483816 ], [ 35.3622427313, 32.1677940479 ], [ 35.3623690433, 32.1673885383 ], [ 35.3621464183, 32.1672131485 ], [ 35.3623835937, 32.1666048696 ], [ 35.3617941921, 32.165592269 ], [ 35.3608870603, 32.1646340757 ], [ 35.3600284723, 32.1640946951 ], [ 35.3600276226, 32.1635948368 ], [ 35.3587247832, 32.1633937114 ], [ 35.3570723912, 32.1631120144 ], [ 35.3565647204, 32.1634504346 ], [ 35.3561432603, 32.1635672619 ] ] ] ] } },
{ "type": "Feature", "properties": { "Id": 0, "Name": "Itamar", "GIS_ID": 3762111.0, "Area": 52942.864083300003, "x": 35.3678, "y": 32.1539 }, "geometry": { "type": "MultiPolygon", "coordinates": [ [ [ [ 35.3697572457, 32.1546224664 ], [ 35.369554595, 32.1543034761 ], [ 35.368963115, 32.1544761532 ], [ 35.3688760044, 32.1541938486 ], [ 35.3693949154, 32.1538002439 ], [ 35.3684842223, 32.1530401277 ], [ 35.3677332332, 32.1527955184 ], [ 35.3670832857, 32.1529526016 ], [ 35.3657708856, 32.153154128 ], [ 35.3653081013, 32.1526389977 ], [ 35.3649906909, 32.1527130751 ], [ 35.3648901935, 32.1530201786 ], [ 35.3647314875, 32.1530572169 ], [ 35.3643703667, 32.1528980463 ], [ 35.3640531473, 32.1530826325 ], [ 35.3644580415, 32.1535118874 ], [ 35.3668246979, 32.1532387332 ], [ 35.3673882899, 32.1536186587 ], [ 35.3674910537, 32.1545885702 ], [ 35.3679048229, 32.1546777965 ], [ 35.3680481982, 32.1547120139 ], [ 35.3688093957, 32.1548936753 ], [ 35.368908506, 32.1549173278 ], [ 35.3698882826, 32.1552485259 ], [ 35.3703218372, 32.1555426549 ], [ 35.370827342, 32.1557138976 ], [ 35.3709569586, 32.1555540996 ], [ 35.3700611133, 32.1550395562 ], [ 35.3696277391, 32.1548436582 ], [ 35.3697572457, 32.1546224664 ] ] ] ] } },
{ "type": "Feature", "properties": { "Id": 0, "Name": "Itamar", "GIS_ID": 3762111.0, "Area": 121557.769481, "x": 35.331, "y": 32.1594 }, "geometry": { "type": "MultiPolygon", "coordinates": [ [ [ [ 35.3302833837, 32.161109419 ], [ 35.3317445034, 32.160999923 ], [ 35.3323618523, 32.161228808 ], [ 35.3339998108, 32.1609299992 ], [ 35.3339677692, 32.1606869106 ], [ 35.3339194142, 32.1602275905 ], [ 35.3346025199, 32.1602809064 ], [ 35.3348087407, 32.1600779726 ], [ 35.3347760141, 32.1594295321 ], [ 35.3345057377, 32.1592406157 ], [ 35.3341406574, 32.1594031316 ], [ 35.3340303136, 32.1600112287 ], [ 35.3336175543, 32.160119775 ], [ 35.3331530856, 32.1601452714 ], [ 35.3326651033, 32.1605396235 ], [ 35.3325211601, 32.1597966077 ], [ 35.3319963356, 32.1593648219 ], [ 35.3317893514, 32.1589461508 ], [ 35.3310577059, 32.1582038136 ], [ 35.3302152227, 32.1577182306 ], [ 35.3304844998, 32.1571910489 ], [ 35.3295318645, 32.1565686839 ], [ 35.3283834182, 32.1574382508 ], [ 35.3288336088, 32.1578682111 ], [ 35.3279764791, 32.1583013674 ], [ 35.3281359341, 32.1587065644 ], [ 35.3285964344, 32.1586250427 ], [ 35.3293427712, 32.158570291 ], [ 35.3304709611, 32.158906981 ], [ 35.3307570364, 32.1590282564 ], [ 35.3306781011, 32.1593661443 ], [ 35.3308235674, 32.1595560725 ], [ 35.3303640695, 32.1598225382 ], [ 35.3292023754, 32.1604079086 ], [ 35.3288216731, 32.1607865826 ], [ 35.3293464586, 32.1612724887 ], [ 35.3302833837, 32.161109419 ] ] ] ] } },
{ "type": "Feature", "properties": { "Id": 0, "Name": "Itamar", "GIS_ID": 3762111.0, "Area": 9001.6994998200007, "x": 35.3509, "y": 32.1619 }, "geometry": { "type": "MultiPolygon", "coordinates": [ [ [ [ 35.350916422, 32.1614385453 ], [ 35.3503763736, 32.1614256427 ], [ 35.3502979823, 32.1620607703 ], [ 35.3512832361, 32.1623703856 ], [ 35.351663504, 32.1617753966 ], [ 35.350916422, 32.1614385453 ] ] ] ] } },
{ "type": "Feature", "properties": { "Id": 0, "Name": "Itamar", "GIS_ID": 3762111.0, "Area": 136347.831447, "x": 35.3522, "y": 32.1593 }, "geometry": { "type": "MultiPolygon", "coordinates": [ [ [ [ 35.3559860453, 32.1638668975 ], [ 35.3561432603, 32.1635672619 ], [ 35.3559772437, 32.1636132807 ], [ 35.3551979206, 32.1629656481 ], [ 35.3547036663, 32.161858303 ], [ 35.3537328321, 32.1606434853 ], [ 35.3533028734, 32.1599414109 ], [ 35.3530325573, 32.1597525341 ], [ 35.3530312481, 32.1589459787 ], [ 35.3526806411, 32.1582708623 ], [ 35.3515316595, 32.1564328568 ], [ 35.3491363713, 32.1549770615 ], [ 35.3482863603, 32.1556705834 ], [ 35.3515576953, 32.1572827772 ], [ 35.3507446127, 32.159272926 ], [ 35.3510157014, 32.1599481397 ], [ 35.3514295629, 32.1605394112 ], [ 35.3520177252, 32.1608089914 ], [ 35.3528286359, 32.1613484828 ], [ 35.3532111075, 32.1621181581 ], [ 35.3536886319, 32.1627931228 ], [ 35.3544834195, 32.1631164645 ], [ 35.3550550878, 32.163075295 ], [ 35.3557231061, 32.1636014108 ], [ 35.3559860453, 32.1638668975 ] ] ] ] } },
{ "type": "Feature", "properties": { "Id": 0, "Name": "Itamar", "GIS_ID": 3762111.0, "Area": 107587.792306, "x": 35.3366, "y": 32.1664 }, "geometry": { "type": "MultiPolygon", "coordinates": [ [ [ [ 35.3325862976, 32.1677802271 ], [ 35.3331581112, 32.1677391563 ], [ 35.3341366455, 32.1677935263 ], [ 35.3346134157, 32.1679416506 ], [ 35.3352802226, 32.1677517681 ], [ 35.335930628, 32.1671431104 ], [ 35.3365182999, 32.1670749544 ], [ 35.3370262806, 32.1668853187 ], [ 35.3373116048, 32.1664661402 ], [ 35.3380900694, 32.166519337 ], [ 35.3385191114, 32.1666540604 ], [ 35.3388520102, 32.1662213013 ], [ 35.3389785895, 32.1658563948 ], [ 35.3433677691, 32.1655031475 ], [ 35.3432924745, 32.1652166881 ], [ 35.339175747, 32.1655952369 ], [ 35.3391750557, 32.1651256269 ], [ 35.3393420735, 32.1645994604 ], [ 35.3398024534, 32.1644233009 ], [ 35.3397224285, 32.1640045975 ], [ 35.3394680242, 32.1638832185 ], [ 35.3390294917, 32.1637856792 ], [ 35.3389767224, 32.1645863228 ], [ 35.338579824, 32.1647488853 ], [ 35.3378496723, 32.1651009929 ], [ 35.337167203, 32.1654394294 ], [ 35.3367068324, 32.1656291061 ], [ 35.3361988299, 32.1658728477 ], [ 35.3363264316, 32.1662104332 ], [ 35.3357867837, 32.1664947864 ], [ 35.3351515127, 32.1665629882 ], [ 35.3343887986, 32.1664016332 ], [ 35.3337014024, 32.1666455489 ], [ 35.333270554, 32.1668581326 ], [ 35.3330354435, 32.1675109492 ], [ 35.332384355, 32.1676466969 ], [ 35.3320354041, 32.1679982945 ], [ 35.3314796603, 32.1681609948 ], [ 35.3307494913, 32.1685400248 ], [ 35.3298921363, 32.1687976162 ], [ 35.3291855183, 32.1690401737 ], [ 35.3294241862, 32.1692831494 ], [ 35.3300751424, 32.1690392931 ], [ 35.3306308009, 32.1688090554 ], [ 35.3313927477, 32.1684840112 ], [ 35.3319039393, 32.1682267589 ], [ 35.3323164918, 32.167942641 ], [ 35.3325862976, 32.1677802271 ] ] ] ] } },
{ "type": "Feature", "properties": { "Id": 0, "Name": "Itamar", "GIS_ID": 3762111.0, "Area": 128191.995398, "x": 35.3154, "y": 32.1687 }, "geometry": { "type": "MultiPolygon", "coordinates": [ [ [ [ 35.3129175008, 32.1713733008 ], [ 35.3135186812, 32.1710375002 ], [ 35.3138417727, 32.1708913124 ], [ 35.3140148601, 32.1711159774 ], [ 35.3146210251, 32.1713143844 ], [ 35.3147020536, 32.1710721847 ], [ 35.3149758384, 32.170483892 ], [ 35.3152740777, 32.1704441001 ], [ 35.3157364379, 32.1703010826 ], [ 35.3158509454, 32.1693764659 ], [ 35.3170073915, 32.1691418677 ], [ 35.3169370273, 32.1697731796 ], [ 35.316734165, 32.1701710469 ], [ 35.3166636178, 32.1706553679 ], [ 35.3171007619, 32.1706636363 ], [ 35.3176802952, 32.1706717759 ], [ 35.3178421095, 32.1700058433 ], [ 35.3174250791, 32.1697986258 ], [ 35.3171572425, 32.169095003 ], [ 35.318273058, 32.1690694154 ], [ 35.3190303962, 32.1690293904 ], [ 35.3189140324, 32.1684442968 ], [ 35.3186366349, 32.1685379827 ], [ 35.3185097657, 32.168798732 ], [ 35.3171259477, 32.1689892704 ], [ 35.3170002415, 32.1679836217 ], [ 35.3167505918, 32.1674015611 ], [ 35.3163973688, 32.166996071 ], [ 35.3155041895, 32.1659734226 ], [ 35.3145704911, 32.1658859543 ], [ 35.3142805536, 32.1662567499 ], [ 35.3138873283, 32.1670512028 ], [ 35.3142615932, 32.1677724867 ], [ 35.3151544767, 32.1684599505 ], [ 35.3150929894, 32.1690775465 ], [ 35.3151351047, 32.1695362476 ], [ 35.3145132236, 32.1700132032 ], [ 35.3140147929, 32.1695548982 ], [ 35.313288818, 32.1696084599 ], [ 35.3132272545, 32.1701731202 ], [ 35.3135803908, 32.170596294 ], [ 35.3128549511, 32.1711086807 ], [ 35.3123983526, 32.170967942 ], [ 35.3120251245, 32.1711270643 ], [ 35.3123370324, 32.1717443406 ], [ 35.3129175008, 32.1713733008 ] ] ] ] } },
{ "type": "Feature", "properties": { "Id": 0, "Name": "Itamar", "GIS_ID": 3762.0, "Area": 232075.26509500001, "x": 35.3083, "y": 32.1732 }, "geometry": { "type": "MultiPolygon", "coordinates": [ [ [ [ 35.3103713319, 32.1761343546 ], [ 35.3112625751, 32.1754630383 ], [ 35.3112825118, 32.1747396104 ], [ 35.3109904571, 32.173328204 ], [ 35.3102226507, 32.1730049296 ], [ 35.3094836621, 32.1728009718 ], [ 35.3092007983, 32.1733345595 ], [ 35.3083759585, 32.1729598367 ], [ 35.3083382825, 32.1723973727 ], [ 35.3079179268, 32.1714604547 ], [ 35.308457131, 32.1713364678 ], [ 35.3093281932, 32.1711240094 ], [ 35.3099293284, 32.1706470966 ], [ 35.3082482406, 32.1701014651 ], [ 35.3072190369, 32.1694083637 ], [ 35.3060487177, 32.1696445135 ], [ 35.3055102023, 32.1703860318 ], [ 35.3054695658, 32.1711271508 ], [ 35.3060719873, 32.1718854296 ], [ 35.3069439302, 32.1724493331 ], [ 35.3071521546, 32.173102056 ], [ 35.3065923935, 32.1734377026 ], [ 35.3063231144, 32.173843813 ], [ 35.3062406844, 32.1743732267 ], [ 35.3067387942, 32.1744610192 ], [ 35.3071328987, 32.1744606997 ], [ 35.3071956325, 32.1749018015 ], [ 35.3063454486, 32.1752377728 ], [ 35.3063253351, 32.1758376557 ], [ 35.3065951916, 32.1759433074 ], [ 35.3074249638, 32.1758367649 ], [ 35.3082337121, 32.1755184954 ], [ 35.308379066, 32.1756948551 ], [ 35.3086289066, 32.1764710854 ], [ 35.3094795439, 32.1764350318 ], [ 35.3103713319, 32.1761343546 ] ] ] ] } },
{ "type": "Feature", "properties": { "Id": 0, "Name": "Itamar", "GIS_ID": 3762.0, "Area": 69945.573199199993, "x": 35.303, "y": 32.1765 }, "geometry": { "type": "MultiPolygon", "coordinates": [ [ [ [ 35.3049559579, 32.1757328822 ], [ 35.3036485356, 32.1753633717 ], [ 35.3024245672, 32.1754878704 ], [ 35.3012838716, 32.1757534228 ], [ 35.3014100521, 32.1773590424 ], [ 35.3020741191, 32.1775525953 ], [ 35.3024271758, 32.1779228651 ], [ 35.3028832051, 32.1775167082 ], [ 35.304418131, 32.177144961 ], [ 35.3049776899, 32.1765974953 ], [ 35.3049559579, 32.1757328822 ] ] ] ] } },
{ "type": "Feature", "properties": { "Id": 0, "Name": "Qedar", "GIS_ID": 3781.0, "Area": 227810.788458, "x": 35.3112, "y": 31.7541 }, "geometry": { "type": "MultiPolygon", "coordinates": [ [ [ [ 35.3145446687, 31.7518883743 ], [ 35.3141939915, 31.7519246606 ], [ 35.3139556052, 31.7520447209 ], [ 35.313408532, 31.7521891244 ], [ 35.3135072077, 31.752632657 ], [ 35.313465152, 31.7526806712 ], [ 35.3131141911, 31.7524771544 ], [ 35.3126371611, 31.7525014594 ], [ 35.3119079579, 31.7529576884 ], [ 35.3111368508, 31.7535099045 ], [ 35.3106743594, 31.7539778972 ], [ 35.3105339338, 31.7538594203 ], [ 35.3104621607, 31.7537707638 ], [ 35.3107551865, 31.7531197394 ], [ 35.3110820734, 31.753235293 ], [ 35.3112655562, 31.7522454074 ], [ 35.3108734863, 31.7519110486 ], [ 35.3104380896, 31.7517440683 ], [ 35.3098724704, 31.7518746938 ], [ 35.3094158612, 31.7521911643 ], [ 35.3092135205, 31.7525882837 ], [ 35.3091013972, 31.7527442145 ], [ 35.3089334587, 31.753104098 ], [ 35.3089057744, 31.7534517816 ], [ 35.3090606072, 31.7539192605 ], [ 35.3093555876, 31.7541828072 ], [ 35.3094120222, 31.7544345555 ], [ 35.3092017121, 31.7545665782 ], [ 35.3089349543, 31.7544349478 ], [ 35.3090048212, 31.7542430683 ], [ 35.3086959633, 31.7540275103 ], [ 35.30834513, 31.754027797 ], [ 35.3079244012, 31.7541959727 ], [ 35.3077844651, 31.7545917252 ], [ 35.3078129137, 31.7549274586 ], [ 35.3080656603, 31.7550830918 ], [ 35.3080798851, 31.7552509133 ], [ 35.3084030498, 31.7556103953 ], [ 35.3081646867, 31.7557664283 ], [ 35.3076876262, 31.7558746765 ], [ 35.3076877994, 31.7560306051 ], [ 35.3078422559, 31.7560664633 ], [ 35.3082210938, 31.756090054 ], [ 35.3085159848, 31.7562697311 ], [ 35.3089651324, 31.7563053468 ], [ 35.3092028875, 31.7563005511 ], [ 35.3094749356, 31.7563282176 ], [ 35.3098230958, 31.7563093363 ], [ 35.3100733405, 31.7562998321 ], [ 35.3102256804, 31.7563090025 ], [ 35.3103780097, 31.7563088758 ], [ 35.3104867739, 31.7562715979 ], [ 35.3105926529, 31.7561840554 ], [ 35.310887384, 31.7562197929 ], [ 35.3110840519, 31.7563394834 ], [ 35.3112244218, 31.7564233274 ], [ 35.3116033953, 31.7564709871 ], [ 35.3119119076, 31.7563747709 ], [ 35.3119957329, 31.7560270395 ], [ 35.3119531755, 31.755643341 ], [ 35.3116161202, 31.755331948 ], [ 35.3117983946, 31.7552358383 ], [ 35.312499714, 31.7550194339 ], [ 35.313200988, 31.7547670422 ], [ 35.3136498061, 31.7545268579 ], [ 35.3140002814, 31.7543107456 ], [ 35.3141967794, 31.7542865874 ], [ 35.3144209493, 31.7540107004 ], [ 35.3146455155, 31.7540703887 ], [ 35.3148842622, 31.7542500997 ], [ 35.3150946205, 31.7541659554 ], [ 35.3150662458, 31.7539141853 ], [ 35.3148135477, 31.753806544 ], [ 35.3148974737, 31.7535546765 ], [ 35.3150375062, 31.7532667765 ], [ 35.3148966903, 31.7528952489 ], [ 35.3146017409, 31.7526676986 ], [ 35.3146573361, 31.7522000443 ], [ 35.3145446687, 31.7518883743 ] ] ] ] } },
{ "type": "Feature", "properties": { "Id": 0, "Name": "Qedar Old", "GIS_ID": 37811.0, "Area": 227810.788458, "x": 35.3017, "y": 31.746 }, "geometry": { "type": "MultiPolygon", "coordinates": [ [ [ [ 35.301585299, 31.7468022344 ], [ 35.3020640116, 31.7467972689 ], [ 35.3024081147, 31.7466453144 ], [ 35.3024777381, 31.7464154707 ], [ 35.3022514492, 31.745997369 ], [ 35.3021113624, 31.7457584875 ], [ 35.302019742, 31.7456436627 ], [ 35.3022399981, 31.7453447124 ], [ 35.3021268873, 31.7452666093 ], [ 35.301804068, 31.7451795578 ], [ 35.3014705805, 31.7451844117 ], [ 35.3012985672, 31.7451937415 ], [ 35.3011377194, 31.7456902393 ], [ 35.3009871379, 31.745809848 ], [ 35.3012133015, 31.7460119602 ], [ 35.3013215234, 31.7461565382 ], [ 35.3014287635, 31.7462737823 ], [ 35.3014289313, 31.7464346713 ], [ 35.3011924175, 31.7466324455 ], [ 35.3011334458, 31.7467566743 ], [ 35.3012788278, 31.7469127634 ], [ 35.3014455531, 31.7468897297 ], [ 35.301585299, 31.7468022344 ] ] ] ] } },
{ "type": "Feature", "properties": { "Id": 0, "Name": "Brosh HaBiq'a", "GIS_ID": 377610.0, "Area": 0.0, "x": 35.5421, "y": 32.3194 }, "geometry": { "type": "MultiPolygon", "coordinates": [ [ [ [ 35.5411400098, 32.3199132714 ], [ 35.5413760653, 32.3200210322 ], [ 35.5416391373, 32.3194700374 ], [ 35.542434807, 32.3195596241 ], [ 35.5412334724, 32.321288752 ], [ 35.5417537288, 32.3212456735 ], [ 35.5427337135, 32.3207261092 ], [ 35.5435752271, 32.3199401012 ], [ 35.5434355877, 32.3193568333 ], [ 35.5437366458, 32.318463884 ], [ 35.5434114462, 32.3181479231 ], [ 35.5428132166, 32.3183412971 ], [ 35.5424603919, 32.3185173357 ], [ 35.5407014139, 32.3181384981 ], [ 35.5403979874, 32.3183977768 ], [ 35.5402618479, 32.3187566629 ], [ 35.5403119268, 32.3190233379 ], [ 35.5405876857, 32.3192477232 ], [ 35.5411400098, 32.3199132714 ] ] ] ] } }
]
}
