{
"type": "FeatureCollection",
"name": "settlements-border",
"crs": { "type": "name", "properties": { "name": "urn:ogc:def:crs:OGC:1.3:CRS84" } },
"features": [
{ "type": "Feature", "properties": { "OBJECTID": 1, "Id": 0, "Name": "שני", "NameEng": "Shani", "ET_ID": 41565, "GIS_ID": 1287.0, "Type": "Settlement", "Ideologica": "No", "Shape_Leng": 1418.68053173, "Shape_Area": 42819.538672000002, "WKT": "MULTIPOLYGON (((206435.04000000004 585106.74000000022, 206491.90000000037 585106.74000000022, 206573 585105.90000000037, 206704.26999999955 585108.41000000015, 206777.00999999978 585100.05000000075, 206912.45999999996 585093.3599999994, 206997.7900000000", "DB_ID": 131.0, "Time": 1981, "X": 206667.71330800001, "Y": 585141.59075099998, "WKT_1": null, "WKT_ISR": null }, "geometry": { "type": "MultiPolygon", "coordinates": [ [ [ [ 35.06685, 31.35773 ], [ 35.06703, 31.35782 ], [ 35.06741, 31.35825 ], [ 35.06741, 31.35855 ], [ 35.06751, 31.35873 ], [ 35.06786, 31.35883 ], [ 35.06831, 31.35861 ], [ 35.06851, 31.35826 ], [ 35.06915, 31.35824 ], [ 35.06984, 31.35824 ], [ 35.07034, 31.35817 ], [ 35.07097, 31.35838 ], [ 35.0714, 31.35849 ], [ 35.07185, 31.35837 ], [ 35.07254, 31.35812 ], [ 35.07311, 31.35791 ], [ 35.07341, 31.35783 ], [ 35.07353, 31.35758 ], [ 35.0735, 31.35753 ], [ 35.0726, 31.35759 ], [ 35.07118, 31.35764 ], [ 35.07042, 31.35772 ], [ 35.06904, 31.35769 ], [ 35.06818, 31.3577 ], [ 35.06759, 31.3577 ], [ 35.06685, 31.35773 ] ] ] ] } },
{ "type": "Feature", "properties": { "OBJECTID": 2, "Id": 0, "Name": "סנסנה", "NameEng": "Sansana", "ET_ID": 195959, "GIS_ID": 0.134, "Type": "Settlement", "Ideologica": "Religious", "Shape_Leng": 2275.5314944800002, "Shape_Area": 315083.209042, "WKT": "MULTIPOLYGON (((190758.28000000026 585472.08000000007, 190778.23000000045 585460.44999999925, 190798.16999999993 585427.21000000089, 190823.09999999963 585400.6099999994, 190851.36000000034 585420.56000000052, 190854.6799999997 585568.48000000045, 190929", "DB_ID": 305.0, "Time": 1999, "X": 190716.73040500001, "Y": 585809.12715900003, "WKT_1": null, "WKT_ISR": null }, "geometry": { "type": "MultiPolygon", "coordinates": [ [ [ [ 34.90334, 31.36655 ], [ 34.90336, 31.36629 ], [ 34.90416, 31.36637 ], [ 34.90437, 31.36625 ], [ 34.90454, 31.36598 ], [ 34.90493, 31.36559 ], [ 34.90542, 31.36517 ], [ 34.90581, 31.36448 ], [ 34.90572, 31.36397 ], [ 34.90546, 31.36334 ], [ 34.90538, 31.36252 ], [ 34.90485, 31.36217 ], [ 34.90461, 31.36205 ], [ 34.90382, 31.36159 ], [ 34.90379, 31.36025 ], [ 34.9035, 31.36007 ], [ 34.90323, 31.36031 ], [ 34.90302, 31.36061 ], [ 34.90281, 31.36071 ], [ 34.90279, 31.36056 ], [ 34.90278, 31.3605 ], [ 34.90277, 31.36046 ], [ 34.90274, 31.36044 ], [ 34.90265, 31.36049 ], [ 34.90247, 31.36059 ], [ 34.90203, 31.36083 ], [ 34.90158, 31.36104 ], [ 34.90121, 31.36128 ], [ 34.90076, 31.36161 ], [ 34.90037, 31.36189 ], [ 34.90009, 31.36211 ], [ 34.89992, 31.36222 ], [ 34.89931, 31.36324 ], [ 34.89846, 31.36369 ], [ 34.89846, 31.36423 ], [ 34.8992, 31.36518 ], [ 34.90107, 31.36615 ], [ 34.90253, 31.36671 ], [ 34.90267, 31.36679 ], [ 34.90288, 31.36674 ], [ 34.90311, 31.36658 ], [ 34.90334, 31.36655 ] ] ] ] } },
{ "type": "Feature", "properties": { "OBJECTID": 3, "Id": 0, "Name": "מצדות יהודה", "NameEng": "Metzadot Yehuda", "ET_ID": 878992, "GIS_ID": 3745.0, "Type": "Settlement", "Ideologica": "Religious", "Shape_Leng": 5100.9093045500003, "Shape_Area": 825889.34587800002, "WKT": "MULTIPOLYGON (((211073.74000000022 585745.48000000045, 210945.33000000007 586011.47000000067, 210841.37999999989 586084.84999999963, 210779.62999999989 586065.5, 210729.62000000011 586180.75, 210705.70000000019 586361.23000000045, 210740.49000000022 5865", "DB_ID": 76.0, "Time": 1983, "X": 210582.358362, "Y": 585697.084515, "WKT_1": null, "WKT_ISR": null }, "geometry": { "type": "MultiPolygon", "coordinates": [ [ [ [ 35.11681, 31.36352 ], [ 35.11699, 31.36323 ], [ 35.11698, 31.36323 ], [ 35.11682, 31.36232 ], [ 35.11659, 31.36168 ], [ 35.11608, 31.36028 ], [ 35.11541, 31.35915 ], [ 35.11409, 31.35865 ], [ 35.11313, 31.35846 ], [ 35.11216, 31.35818 ], [ 35.11187, 31.35865 ], [ 35.11049, 31.35967 ], [ 35.10959, 31.35989 ], [ 35.10885, 31.35997 ], [ 35.10782, 31.36041 ], [ 35.10663, 31.36088 ], [ 35.1057, 31.36046 ], [ 35.10512, 31.35977 ], [ 35.10557, 31.35862 ], [ 35.1048, 31.35817 ], [ 35.1039, 31.35823 ], [ 35.10368, 31.35881 ], [ 35.10425, 31.3603 ], [ 35.10432, 31.36126 ], [ 35.10425, 31.36212 ], [ 35.10518, 31.36278 ], [ 35.10785, 31.36332 ], [ 35.10794, 31.36415 ], [ 35.10744, 31.36505 ], [ 35.10787, 31.36546 ], [ 35.11035, 31.36552 ], [ 35.11068, 31.36576 ], [ 35.11029, 31.36721 ], [ 35.10906, 31.36829 ], [ 35.11141, 31.37023 ], [ 35.11216, 31.37035 ], [ 35.11282, 31.37033 ], [ 35.11246, 31.36906 ], [ 35.11271, 31.36743 ], [ 35.11324, 31.36639 ], [ 35.11389, 31.36656 ], [ 35.11498, 31.3659 ], [ 35.11633, 31.3635 ], [ 35.11681, 31.36352 ] ] ] ] } },
{ "type": "Feature", "properties": { "OBJECTID": 5, "Id": 0, "Name": "עשהאל", "NameEng": "Asael", "ET_ID": 72163, "GIS_ID": 0.1, "Type": "Outpost", "Ideologica": "Extreme", "Shape_Leng": 1278.09841904, "Shape_Area": 80173.283559699994, "WKT": "MULTIPOLYGON (((203944.25 587002.43999999948, 204030.01999999955 586905.4299999997, 204065.16999999993 586843.5700000003, 204080.62999999989 586787.33000000007, 204108.75 586756.40000000037, 204156.55999999959 586776.08000000007, 204247.95000000019 58679", "DB_ID": 309.0, "Time": 2002, "X": 204101.89718500001, "Y": 586931.84606699995, "WKT_1": null, "WKT_ISR": null }, "geometry": { "type": "MultiPolygon", "coordinates": [ [ [ [ 35.04484, 31.37424 ], [ 35.04543, 31.37363 ], [ 35.04555, 31.37324 ], [ 35.04457, 31.37295 ], [ 35.04361, 31.37273 ], [ 35.04311, 31.37255 ], [ 35.04282, 31.37283 ], [ 35.04265, 31.37334 ], [ 35.04228, 31.37389 ], [ 35.04223, 31.37394 ], [ 35.04149, 31.37391 ], [ 35.04101, 31.37417 ], [ 35.04088, 31.37456 ], [ 35.04106, 31.37519 ], [ 35.04082, 31.3755 ], [ 35.04147, 31.37585 ], [ 35.04317, 31.37499 ], [ 35.04484, 31.37424 ] ] ] ] } },
{ "type": "Feature", "properties": { "OBJECTID": 6, "Id": 0, "Name": "אזור תעשיה מיתרים", "NameEng": "Shim'a Industrial Area", "ET_ID": 145772, "GIS_ID": 0.206, "Type": "Industrial Area", "Ideologica": "Industry", "Shape_Leng": 3867.2760365099998, "Shape_Area": 260915.266905, "WKT": "MULTIPOLYGON (((200662.24000000022 587071.08999999985, 200612.20000000019 587107.33999999985, 200532.80999999959 586967.53999999911, 200515.54999999981 586869.16999999993, 200434.4299999997 586732.83000000007, 200358.5 586665.51999999955, 200315.34999999", "DB_ID": 158.0, "Time": 0, "X": 200501.33297300001, "Y": 586451.85952699999, "WKT_1": null, "WKT_ISR": null }, "geometry": { "type": "MultiPolygon", "coordinates": [ [ [ [ 35.00726, 31.37537 ], [ 35.00748, 31.3752 ], [ 35.0082, 31.37508 ], [ 35.00761, 31.37423 ], [ 35.0075, 31.37347 ], [ 35.00746, 31.3729 ], [ 35.00723, 31.37249 ], [ 35.00674, 31.3719 ], [ 35.00632, 31.37182 ], [ 35.0061, 31.37157 ], [ 35.00545, 31.37095 ], [ 35.00536, 31.37032 ], [ 35.00546, 31.36976 ], [ 35.00547, 31.36922 ], [ 35.00551, 31.36876 ], [ 35.00627, 31.36739 ], [ 35.00563, 31.36712 ], [ 35.00566, 31.36607 ], [ 35.00553, 31.36395 ], [ 35.00491, 31.36332 ], [ 35.00461, 31.36267 ], [ 35.00388, 31.36267 ], [ 35.00404, 31.36341 ], [ 35.00445, 31.36392 ], [ 35.0047, 31.36475 ], [ 35.00467, 31.36528 ], [ 35.00309, 31.36502 ], [ 35.00307, 31.36579 ], [ 35.00346, 31.36612 ], [ 35.0041, 31.3663 ], [ 35.004, 31.36675 ], [ 35.00418, 31.3669 ], [ 35.00351, 31.36729 ], [ 35.00316, 31.36793 ], [ 35.00317, 31.36827 ], [ 35.00391, 31.36864 ], [ 35.00389, 31.36904 ], [ 35.00413, 31.3694 ], [ 35.00397, 31.36961 ], [ 35.00353, 31.37015 ], [ 35.00346, 31.37076 ], [ 35.00309, 31.37129 ], [ 35.00324, 31.37155 ], [ 35.00369, 31.37168 ], [ 35.00449, 31.37228 ], [ 35.00534, 31.37351 ], [ 35.00552, 31.3744 ], [ 35.00635, 31.37566 ], [ 35.00688, 31.37534 ], [ 35.00731, 31.37585 ], [ 35.00755, 31.37574 ], [ 35.00726, 31.37537 ] ] ] ] } },
{ "type": "Feature", "properties": { "OBJECTID": 7, "Id": 0, "Name": "טנא", "NameEng": "Tene", "ET_ID": 366463, "GIS_ID": 3743.0, "Type": "Settlement", "Ideologica": "Mixed", "Shape_Leng": 4154.2868656199998, "Shape_Area": 430688.72544299997, "WKT": "MULTIPOLYGON (((195722.23000000045 587431.19999999925, 195695.33000000007 587396.24000000022, 195789.45999999996 587264.47000000067, 195789.45999999996 587213.36999999918, 195741.04999999981 587181.09999999963, 195644.24000000022 587068.15000000037, 1956", "DB_ID": 49.0, "Time": 1983, "X": 195894.71679199999, "Y": 587037.53102, "WKT_1": null, "WKT_ISR": null }, "geometry": { "type": "MultiPolygon", "coordinates": [ [ [ [ 34.95947, 31.37385 ], [ 34.95973, 31.37324 ], [ 34.95939, 31.37276 ], [ 34.95886, 31.37271 ], [ 34.9584, 31.37261 ], [ 34.95778, 31.37227 ], [ 34.95702, 31.37236 ], [ 34.95665, 31.37311 ], [ 34.95656, 31.37353 ], [ 34.95631, 31.37336 ], [ 34.95586, 31.37299 ], [ 34.95561, 31.37238 ], [ 34.95575, 31.37175 ], [ 34.95606, 31.37105 ], [ 34.9564, 31.3704 ], [ 34.95601, 31.37015 ], [ 34.95536, 31.37001 ], [ 34.95448, 31.36974 ], [ 34.9538, 31.36935 ], [ 34.95318, 31.36923 ], [ 34.9527, 31.36942 ], [ 34.95253, 31.3699 ], [ 34.95295, 31.37056 ], [ 34.95338, 31.37143 ], [ 34.95349, 31.37226 ], [ 34.95349, 31.37255 ], [ 34.95425, 31.37359 ], [ 34.95447, 31.3741 ], [ 34.9545, 31.3744 ], [ 34.95413, 31.37522 ], [ 34.95514, 31.37624 ], [ 34.95565, 31.37653 ], [ 34.95565, 31.37699 ], [ 34.95466, 31.37818 ], [ 34.95494, 31.3785 ], [ 34.9557, 31.37886 ], [ 34.95858, 31.3791 ], [ 34.95923, 31.3793 ], [ 34.96084, 31.38012 ], [ 34.96114, 31.38033 ], [ 34.96164, 31.38025 ], [ 34.96182, 31.37996 ], [ 34.96175, 31.37978 ], [ 34.96121, 31.37947 ], [ 34.96087, 31.37924 ], [ 34.96052, 31.37857 ], [ 34.95999, 31.37825 ], [ 34.95939, 31.37798 ], [ 34.95935, 31.37774 ], [ 34.95948, 31.37739 ], [ 34.96006, 31.37701 ], [ 34.96021, 31.37655 ], [ 34.95982, 31.37615 ], [ 34.95904, 31.37578 ], [ 34.95871, 31.3757 ], [ 34.95845, 31.37557 ], [ 34.95824, 31.37538 ], [ 34.95899, 31.37499 ], [ 34.95939, 31.37455 ], [ 34.95947, 31.37385 ] ] ] ] } },
{ "type": "Feature", "properties": { "OBJECTID": 8, "Id": 0, "Name": "מצפה יאיר", "NameEng": "Mitzpe Yair", "ET_ID": 209397, "GIS_ID": 0.081, "Type": "Outpost", "Ideologica": "Religious", "Shape_Leng": 2353.6202586700001, "Shape_Area": 244940.308938, "WKT": "MULTIPOLYGON (((212587.50999999978 588054.11999999918, 212670.33999999985 587875.8200000003, 212708.25 587724.19999999925, 212763 587725.6099999994, 212852.84999999963 587700.33999999985, 212897.76999999955 587721.3900000006, 212932.87000000011 587788.77", "DB_ID": 289.0, "Time": 1998, "X": 212889.87146600001, "Y": 587973.77866099996, "WKT_1": null, "WKT_ISR": null }, "geometry": { "type": "MultiPolygon", "coordinates": [ [ [ [ 35.13646, 31.38588 ], [ 35.13735, 31.38488 ], [ 35.13793, 31.38411 ], [ 35.13822, 31.38417 ], [ 35.13853, 31.38453 ], [ 35.13906, 31.38509 ], [ 35.13936, 31.38511 ], [ 35.13966, 31.38486 ], [ 35.13956, 31.38415 ], [ 35.13878, 31.38355 ], [ 35.13716, 31.38256 ], [ 35.13589, 31.38133 ], [ 35.13506, 31.38061 ], [ 35.13426, 31.38034 ], [ 35.13385, 31.3807 ], [ 35.13357, 31.38104 ], [ 35.13339, 31.38173 ], [ 35.1331, 31.38273 ], [ 35.13223, 31.38434 ], [ 35.13211, 31.38531 ], [ 35.13272, 31.38499 ], [ 35.13272, 31.38498 ], [ 35.13359, 31.38501 ], [ 35.13406, 31.38529 ], [ 35.13481, 31.38626 ], [ 35.13544, 31.38649 ], [ 35.13596, 31.38658 ], [ 35.13609, 31.38638 ], [ 35.13646, 31.38588 ] ] ] ] } },
{ "type": "Feature", "properties": { "OBJECTID": 9, "Id": 0, "Name": "אשכולות", "NameEng": "Eshkolot", "ET_ID": 140721, "GIS_ID": 3722.0, "Type": "Settlement", "Ideologica": "No", "Shape_Leng": 3462.4836255700002, "Shape_Area": 393247.94748700003, "WKT": "MULTIPOLYGON (((191158.91999999993 588933.63000000082, 191158.91999999993 588989.02999999933, 191125.98000000045 589011.48000000045, 191081.05999999959 589024.96000000089, 191040.63999999966 589051.91000000015, 191004.70999999996 589059.40000000037, 1909", "DB_ID": 17.0, "Time": 1982, "X": 190619.839764, "Y": 588842.43538599997, "WKT_1": null, "WKT_ISR": null }, "geometry": { "type": "MultiPolygon", "coordinates": [ [ [ [ 34.89841, 31.39272 ], [ 34.89996, 31.3926 ], [ 34.90168, 31.39281 ], [ 34.90221, 31.39236 ], [ 34.90295, 31.39216 ], [ 34.90341, 31.39248 ], [ 34.9039, 31.39275 ], [ 34.90448, 31.39295 ], [ 34.90483, 31.39303 ], [ 34.9053, 31.39307 ], [ 34.90568, 31.39301 ], [ 34.90611, 31.39277 ], [ 34.90658, 31.39264 ], [ 34.90692, 31.39244 ], [ 34.90693, 31.39194 ], [ 34.90732, 31.39196 ], [ 34.90735, 31.3918 ], [ 34.90723, 31.39161 ], [ 34.9068, 31.391 ], [ 34.90652, 31.39062 ], [ 34.9064, 31.39017 ], [ 34.90621, 31.38948 ], [ 34.90582, 31.38917 ], [ 34.9053, 31.38898 ], [ 34.90486, 31.38882 ], [ 34.9044, 31.38889 ], [ 34.90393, 31.38924 ], [ 34.90372, 31.38944 ], [ 34.90341, 31.38953 ], [ 34.90311, 31.38967 ], [ 34.90269, 31.38947 ], [ 34.90157, 31.38942 ], [ 34.89872, 31.38938 ], [ 34.89645, 31.38932 ], [ 34.89571, 31.38967 ], [ 34.89604, 31.39019 ], [ 34.89726, 31.39093 ], [ 34.8984, 31.39123 ], [ 34.89583, 31.39117 ], [ 34.89492, 31.39156 ], [ 34.89478, 31.39215 ], [ 34.89506, 31.39257 ], [ 34.89578, 31.39284 ], [ 34.89766, 31.39309 ], [ 34.89841, 31.39272 ] ] ] ] } },
{ "type": "Feature", "properties": { "OBJECTID": 10, "Id": 0, "Name": "שמעה", "NameEng": "Shim'a", "ET_ID": 187393, "GIS_ID": 3784.0, "Type": "Settlement", "Ideologica": "No", "Shape_Leng": 2642.9091715899999, "Shape_Area": 280247.89393199998, "WKT": "MULTIPOLYGON (((201409.04999999981 588757.8599999994, 201396.94000000041 588735.55000000075, 201362.53000000026 588711.98000000045, 201303.91000000015 588682.02999999933, 201256.11000000034 588645.0700000003, 201200.04000000004 588623.40000000037, 201133", "DB_ID": 130.0, "Time": 1985, "X": 201082.076631, "Y": 588332.11807700002, "WKT_1": null, "WKT_ISR": null }, "geometry": { "type": "MultiPolygon", "coordinates": [ [ [ [ 35.01434, 31.38581 ], [ 35.0137, 31.38526 ], [ 35.01351, 31.3852 ], [ 35.01326, 31.3852 ], [ 35.01293, 31.38542 ], [ 35.01271, 31.38562 ], [ 35.01258, 31.38559 ], [ 35.01224, 31.38545 ], [ 35.01214, 31.38526 ], [ 35.01199, 31.38526 ], [ 35.0117, 31.38537 ], [ 35.01142, 31.38547 ], [ 35.01131, 31.38562 ], [ 35.01108, 31.38565 ], [ 35.01075, 31.38547 ], [ 35.01022, 31.3847 ], [ 35.00949, 31.3838 ], [ 35.00891, 31.38355 ], [ 35.00847, 31.38356 ], [ 35.00833, 31.38364 ], [ 35.00791, 31.38359 ], [ 35.00775, 31.38374 ], [ 35.00753, 31.38394 ], [ 35.00686, 31.38451 ], [ 35.00656, 31.38469 ], [ 35.00688, 31.38522 ], [ 35.00717, 31.38557 ], [ 35.00752, 31.38587 ], [ 35.00817, 31.38603 ], [ 35.00818, 31.38608 ], [ 35.00861, 31.3866 ], [ 35.00939, 31.38743 ], [ 35.01002, 31.38802 ], [ 35.01054, 31.38828 ], [ 35.01097, 31.38875 ], [ 35.01144, 31.38908 ], [ 35.0118, 31.38919 ], [ 35.0125, 31.38935 ], [ 35.01309, 31.38954 ], [ 35.01359, 31.38988 ], [ 35.01421, 31.39015 ], [ 35.01457, 31.39036 ], [ 35.0147, 31.39056 ], [ 35.01468, 31.39057 ], [ 35.01489, 31.39066 ], [ 35.01509, 31.39073 ], [ 35.01499, 31.3905 ], [ 35.01484, 31.39033 ], [ 35.01466, 31.39002 ], [ 35.01469, 31.38991 ], [ 35.01473, 31.38975 ], [ 35.01457, 31.3894 ], [ 35.01448, 31.38914 ], [ 35.01452, 31.38855 ], [ 35.01457, 31.38818 ], [ 35.01464, 31.38767 ], [ 35.01474, 31.38744 ], [ 35.01472, 31.38684 ], [ 35.01458, 31.38647 ], [ 35.01449, 31.3862 ], [ 35.01434, 31.38581 ] ] ] ] } },
{ "type": "Feature", "properties": { "OBJECTID": 11, "Id": 0, "Name": "סוסיא", "NameEng": "Susiya", "ET_ID": 1688758, "GIS_ID": 3756.0, "Type": "Settlement", "Ideologica": "Religious", "Shape_Leng": 7241.9688294899997, "Shape_Area": 1671660.7319700001, "WKT": "MULTIPOLYGON (((209743.9299999997 588780.99000000022, 209703.79999999981 588711.88000000082, 209672.58999999985 588638.31000000052, 209578.95000000019 588555.8200000003, 209610.16000000015 588464.41000000015, 209583.41000000015 588408.6799999997, 209652.", "DB_ID": 95.0, "Time": 1983, "X": 210554.65457000001, "Y": 588765.756268, "WKT_1": null, "WKT_ISR": null }, "geometry": { "type": "MultiPolygon", "coordinates": [ [ [ [ 35.1093, 31.39495 ], [ 35.10965, 31.39459 ], [ 35.11056, 31.39419 ], [ 35.11136, 31.39441 ], [ 35.11156, 31.39463 ], [ 35.11123, 31.39488 ], [ 35.11075, 31.3955 ], [ 35.11128, 31.39645 ], [ 35.11261, 31.39609 ], [ 35.11303, 31.39599 ], [ 35.11416, 31.3964 ], [ 35.1147, 31.397 ], [ 35.11545, 31.39793 ], [ 35.11617, 31.39878 ], [ 35.11648, 31.39886 ], [ 35.11711, 31.39761 ], [ 35.11756, 31.39687 ], [ 35.11948, 31.39544 ], [ 35.12115, 31.39442 ], [ 35.12131, 31.39418 ], [ 35.11988, 31.39299 ], [ 35.1185, 31.39178 ], [ 35.11876, 31.39121 ], [ 35.11939, 31.39048 ], [ 35.12007, 31.39022 ], [ 35.12014, 31.38968 ], [ 35.12052, 31.38899 ], [ 35.12038, 31.387 ], [ 35.12047, 31.3862 ], [ 35.12019, 31.38598 ], [ 35.11958, 31.38584 ], [ 35.11846, 31.3874 ], [ 35.11944, 31.38781 ], [ 35.1196, 31.38777 ], [ 35.11963, 31.38881 ], [ 35.11834, 31.38937 ], [ 35.11763, 31.3898 ], [ 35.11695, 31.38978 ], [ 35.11674, 31.38996 ], [ 35.11389, 31.38809 ], [ 35.11105, 31.38541 ], [ 35.11079, 31.38535 ], [ 35.10913, 31.38565 ], [ 35.10772, 31.38549 ], [ 35.10758, 31.38508 ], [ 35.10674, 31.3843 ], [ 35.10564, 31.38422 ], [ 35.10489, 31.38384 ], [ 35.10416, 31.3845 ], [ 35.10327, 31.3846 ], [ 35.10238, 31.3851 ], [ 35.10196, 31.38584 ], [ 35.10137, 31.38677 ], [ 35.10064, 31.38751 ], [ 35.10092, 31.38801 ], [ 35.10059, 31.38884 ], [ 35.10158, 31.38958 ], [ 35.10191, 31.39025 ], [ 35.10233, 31.39087 ], [ 35.10277, 31.39091 ], [ 35.10305, 31.39109 ], [ 35.10331, 31.39152 ], [ 35.10392, 31.39198 ], [ 35.10493, 31.39209 ], [ 35.10418, 31.39257 ], [ 35.10418, 31.39313 ], [ 35.10486, 31.39347 ], [ 35.10577, 31.39372 ], [ 35.10678, 31.39444 ], [ 35.10781, 31.39444 ], [ 35.1093, 31.39495 ] ] ] ] } },
{ "type": "Feature", "properties": { "OBJECTID": 12, "Id": 0, "Name": "אביגיל", "NameEng": "Avigail", "ET_ID": 37246, "GIS_ID": 0.066, "Type": "Outpost", "Ideologica": "Religious", "Shape_Leng": 1211.39620427, "Shape_Area": 99224.427097499996, "WKT": "MULTIPOLYGON (((213554.58000000007 590198.4299999997, 213541.66000000015 590225.26999999955, 213499.90000000037 590238.18999999948, 213454.16999999993 590252.1099999994, 213426.33999999985 590274.98000000045, 213389.54999999981 590277.96000000089, 213360", "DB_ID": 221.0, "Time": 2001, "X": 213440.849032, "Y": 590121.17877999996, "WKT_1": null, "WKT_ISR": null }, "geometry": { "type": "MultiPolygon", "coordinates": [ [ [ [ 35.14273, 31.40151 ], [ 35.14189, 31.4014 ], [ 35.14088, 31.40144 ], [ 35.14041, 31.4016 ], [ 35.13992, 31.40248 ], [ 35.13991, 31.40253 ], [ 35.13952, 31.4027 ], [ 35.13924, 31.40323 ], [ 35.13921, 31.40353 ], [ 35.13928, 31.40394 ], [ 35.13945, 31.40432 ], [ 35.13981, 31.40475 ], [ 35.14053, 31.40474 ], [ 35.14082, 31.40456 ], [ 35.1409, 31.40438 ], [ 35.14103, 31.40437 ], [ 35.14133, 31.40416 ], [ 35.14181, 31.40404 ], [ 35.14191, 31.40401 ], [ 35.14225, 31.40392 ], [ 35.14226, 31.4039 ], [ 35.14273, 31.40375 ], [ 35.14292, 31.40333 ], [ 35.14323, 31.40271 ], [ 35.14323, 31.40234 ], [ 35.14273, 31.40151 ] ] ] ] } },
{ "type": "Feature", "properties": { "OBJECTID": 13, "Id": 0, "Name": "כרמל", "NameEng": "Carmel", "ET_ID": 329337, "GIS_ID": 3656.0, "Type": "Settlement", "Ideologica": "Religious", "Shape_Leng": 4833.8553107500002, "Shape_Area": 364705.45146499999, "WKT": "MULTIPOLYGON (((217251.53000000026 593258.91000000015, 217264.53000000026 593154.8900000006, 217307.25 593056.43999999948, 217372.26999999955 593043.43999999948, 217433.55999999959 592995.15000000037, 217470.70999999996 592995.15000000037, 217472.5700000", "DB_ID": 61.0, "Time": 1981, "X": 217573.13509500001, "Y": 593281.01298799994, "WKT_1": null, "WKT_ISR": null }, "geometry": { "type": "MultiPolygon", "coordinates": [ [ [ [ 35.19045, 31.43498 ], [ 35.19184, 31.43411 ], [ 35.19131, 31.43319 ], [ 35.1908, 31.43312 ], [ 35.19022, 31.43362 ], [ 35.18861, 31.43438 ], [ 35.18803, 31.43409 ], [ 35.1882, 31.43347 ], [ 35.18799, 31.433 ], [ 35.18754, 31.43288 ], [ 35.18678, 31.43228 ], [ 35.18666, 31.43225 ], [ 35.18649, 31.43239 ], [ 35.18658, 31.43268 ], [ 35.1864, 31.43287 ], [ 35.18554, 31.4331 ], [ 35.18531, 31.43286 ], [ 35.1853, 31.43281 ], [ 35.18526, 31.43261 ], [ 35.18488, 31.43253 ], [ 35.18485, 31.43221 ], [ 35.18465, 31.43208 ], [ 35.18437, 31.43204 ], [ 35.18442, 31.43187 ], [ 35.18438, 31.43186 ], [ 35.18451, 31.43086 ], [ 35.18465, 31.4295 ], [ 35.18436, 31.42883 ], [ 35.18436, 31.42862 ], [ 35.18448, 31.42833 ], [ 35.18468, 31.4277 ], [ 35.18468, 31.42751 ], [ 35.18501, 31.42699 ], [ 35.18528, 31.42664 ], [ 35.18531, 31.42632 ], [ 35.18504, 31.42594 ], [ 35.18438, 31.42571 ], [ 35.18363, 31.42547 ], [ 35.18319, 31.42526 ], [ 35.18286, 31.42479 ], [ 35.18252, 31.42478 ], [ 35.18253, 31.42523 ], [ 35.18264, 31.42558 ], [ 35.18265, 31.42613 ], [ 35.18267, 31.42674 ], [ 35.18304, 31.42718 ], [ 35.18332, 31.42749 ], [ 35.18325, 31.42823 ], [ 35.1825, 31.42881 ], [ 35.18219, 31.42905 ], [ 35.18184, 31.42947 ], [ 35.18139, 31.43036 ], [ 35.18125, 31.4313 ], [ 35.18061, 31.4316 ], [ 35.18105, 31.43227 ], [ 35.18107, 31.43365 ], [ 35.18248, 31.43428 ], [ 35.18355, 31.4347 ], [ 35.18473, 31.43434 ], [ 35.18613, 31.43367 ], [ 35.18809, 31.43442 ], [ 35.18848, 31.43475 ], [ 35.18854, 31.43519 ], [ 35.1885, 31.43544 ], [ 35.18807, 31.43563 ], [ 35.18813, 31.43684 ], [ 35.18879, 31.43687 ], [ 35.18902, 31.43654 ], [ 35.18887, 31.43545 ], [ 35.18947, 31.43538 ], [ 35.18994, 31.43508 ], [ 35.19045, 31.43498 ] ] ] ] } },
{ "type": "Feature", "properties": { "OBJECTID": 14, "Id": 0, "Name": "עתניאל", "NameEng": "Otniel", "ET_ID": 591947, "GIS_ID": 3748.0, "Type": "Settlement", "Ideologica": "Religious", "Shape_Leng": 4295.6308130500001, "Shape_Area": 664501.6458000001, "WKT": "MULTIPOLYGON (((202398.75999999978 594089.33999999985, 202313.03000000026 594083.84999999963, 202307.53000000026 594070.66000000015, 202289.94000000041 594014.59999999963, 202297.63999999966 593946.46000000089, 202317.41999999993 593893.69999999925, 2023", "DB_ID": 107.0, "Time": 1983, "X": 202883.94764, "Y": 594108.62881799997, "WKT_1": null, "WKT_ISR": null }, "geometry": { "type": "MultiPolygon", "coordinates": [ [ [ [ 35.02531, 31.43872 ], [ 35.02568, 31.43913 ], [ 35.026, 31.43917 ], [ 35.02633, 31.43963 ], [ 35.02674, 31.44041 ], [ 35.02799, 31.44147 ], [ 35.02898, 31.44183 ], [ 35.02988, 31.44233 ], [ 35.03018, 31.44246 ], [ 35.0305, 31.44249 ], [ 35.03195, 31.44228 ], [ 35.033, 31.44162 ], [ 35.03392, 31.44178 ], [ 35.03523, 31.44237 ], [ 35.03605, 31.44297 ], [ 35.03674, 31.44287 ], [ 35.03729, 31.44287 ], [ 35.03785, 31.44313 ], [ 35.03838, 31.44323 ], [ 35.03865, 31.4431 ], [ 35.03891, 31.44261 ], [ 35.03886, 31.44242 ], [ 35.03852, 31.44236 ], [ 35.03784, 31.4417 ], [ 35.03699, 31.44187 ], [ 35.03663, 31.44174 ], [ 35.03653, 31.44142 ], [ 35.03689, 31.43997 ], [ 35.03643, 31.43974 ], [ 35.03544, 31.43948 ], [ 35.03461, 31.43919 ], [ 35.0335, 31.43789 ], [ 35.03239, 31.4376 ], [ 35.03134, 31.43724 ], [ 35.03069, 31.43747 ], [ 35.02997, 31.43687 ], [ 35.02929, 31.43613 ], [ 35.02916, 31.43534 ], [ 35.02935, 31.43487 ], [ 35.02882, 31.43437 ], [ 35.02722, 31.43381 ], [ 35.0258, 31.43356 ], [ 35.02485, 31.4336 ], [ 35.02489, 31.43401 ], [ 35.02535, 31.435 ], [ 35.02518, 31.43555 ], [ 35.02468, 31.43628 ], [ 35.02416, 31.4369 ], [ 35.02395, 31.43737 ], [ 35.02387, 31.43799 ], [ 35.02405, 31.43849 ], [ 35.02411, 31.43861 ], [ 35.02501, 31.43866 ], [ 35.02531, 31.43872 ] ] ] ] } },
{ "type": "Feature", "properties": { "OBJECTID": 15, "Id": 0, "Name": "פני חבר", "NameEng": "Pnei Hever", "ET_ID": 541546, "GIS_ID": 3723.0, "Type": "Settlement", "Ideologica": "Religious", "Shape_Leng": 3620.3924232700001, "Shape_Area": 541545.39454999997, "WKT": "MULTIPOLYGON (((215560.75 600061.1099999994, 215517.87000000011 599999.84999999963, 215520.9299999997 599901.8200000003, 215600.58000000007 599809.91999999993, 215612.83000000007 599714.96000000089, 215573.00999999978 599604.6799999997, 215533.1799999997", "DB_ID": 109.0, "Time": 1982, "X": 215804.17635299999, "Y": 599321.74521199998, "WKT_1": null, "WKT_ISR": null }, "geometry": { "type": "MultiPolygon", "coordinates": [ [ [ [ 35.16415, 31.49253 ], [ 35.16476, 31.49214 ], [ 35.16502, 31.49148 ], [ 35.16573, 31.49051 ], [ 35.1667, 31.48971 ], [ 35.16696, 31.48897 ], [ 35.16741, 31.48891 ], [ 35.16876, 31.48817 ], [ 35.16963, 31.48698 ], [ 35.16954, 31.48631 ], [ 35.16979, 31.48596 ], [ 35.16983, 31.48482 ], [ 35.16928, 31.48383 ], [ 35.16928, 31.48322 ], [ 35.16883, 31.48286 ], [ 35.16809, 31.48292 ], [ 35.16741, 31.48261 ], [ 35.1676, 31.48184 ], [ 35.16741, 31.48106 ], [ 35.16667, 31.4809 ], [ 35.16589, 31.48046 ], [ 35.16509, 31.48059 ], [ 35.16422, 31.48035 ], [ 35.16383, 31.48004 ], [ 35.16457, 31.48214 ], [ 35.16393, 31.48283 ], [ 35.16319, 31.48407 ], [ 35.16302, 31.48515 ], [ 35.16344, 31.48626 ], [ 35.16315, 31.48808 ], [ 35.16357, 31.48852 ], [ 35.16399, 31.48952 ], [ 35.16386, 31.49037 ], [ 35.16302, 31.4912 ], [ 35.16299, 31.49209 ], [ 35.16344, 31.49264 ], [ 35.16415, 31.49253 ] ] ] ] } },
{ "type": "Feature", "properties": { "OBJECTID": 16, "Id": 0, "Name": "חגי", "NameEng": "Haggai", "ET_ID": 850436, "GIS_ID": 3764.0, "Type": "Settlement", "Ideologica": "Religious", "Shape_Leng": 4172.0350003800004, "Shape_Area": 867404.2704, "WKT": "MULTIPOLYGON (((207343.5 600128.72000000067, 207258.79000000004 600074.8200000003, 207189.48000000045 600069.6799999997, 207109.90000000037 600064.55000000075, 207063.70000000019 600054.27999999933, 207014.91999999993 600041.44999999925, 206961.009999999", "DB_ID": 40.0, "Time": 1984, "X": 207500.186869, "Y": 599796.20560999995, "WKT_1": null, "WKT_ISR": null }, "geometry": { "type": "MultiPolygon", "coordinates": [ [ [ [ 35.07741, 31.49405 ], [ 35.07879, 31.49472 ], [ 35.07903, 31.4947 ], [ 35.0793, 31.49495 ], [ 35.07987, 31.49535 ], [ 35.08, 31.49553 ], [ 35.08041, 31.49607 ], [ 35.08081, 31.49609 ], [ 35.08154, 31.49637 ], [ 35.0823, 31.49649 ], [ 35.08241, 31.49595 ], [ 35.0826, 31.49528 ], [ 35.08279, 31.49443 ], [ 35.083, 31.49415 ], [ 35.08327, 31.49373 ], [ 35.08338, 31.49331 ], [ 35.08338, 31.49269 ], [ 35.08303, 31.49227 ], [ 35.083, 31.49183 ], [ 35.08303, 31.491 ], [ 35.08352, 31.49047 ], [ 35.0836, 31.49003 ], [ 35.08306, 31.48936 ], [ 35.08296, 31.48857 ], [ 35.0825, 31.48729 ], [ 35.0829, 31.48702 ], [ 35.08266, 31.4866 ], [ 35.08126, 31.48549 ], [ 35.08023, 31.4859 ], [ 35.07934, 31.48637 ], [ 35.07901, 31.48616 ], [ 35.07853, 31.4859 ], [ 35.07726, 31.48546 ], [ 35.07653, 31.48518 ], [ 35.07629, 31.48472 ], [ 35.0755, 31.48467 ], [ 35.07537, 31.48525 ], [ 35.07523, 31.48564 ], [ 35.07439, 31.48574 ], [ 35.07415, 31.48562 ], [ 35.07396, 31.48564 ], [ 35.07389, 31.48568 ], [ 35.07389, 31.48579 ], [ 35.07385, 31.48591 ], [ 35.07384, 31.48598 ], [ 35.07382, 31.48602 ], [ 35.07378, 31.48614 ], [ 35.07376, 31.48653 ], [ 35.07336, 31.48757 ], [ 35.07342, 31.48775 ], [ 35.07407, 31.48877 ], [ 35.07458, 31.4893 ], [ 35.07298, 31.49043 ], [ 35.07266, 31.49097 ], [ 35.07255, 31.49164 ], [ 35.07293, 31.49196 ], [ 35.07349, 31.4924 ], [ 35.07401, 31.49252 ], [ 35.07449, 31.49261 ], [ 35.07533, 31.49266 ], [ 35.07606, 31.49271 ], [ 35.07695, 31.49319 ], [ 35.07741, 31.49405 ] ] ] ] } },
{ "type": "Feature", "properties": { "OBJECTID": 17, "Id": 0, "Name": "נגוהות", "NameEng": "Negohot", "ET_ID": 322148, "GIS_ID": 3724.0, "Type": "Settlement", "Ideologica": "Religious", "Shape_Leng": 3136.7930504199999, "Shape_Area": 277993.25942199997, "WKT": "MULTIPOLYGON (((197600.53000000026 600380.36999999918, 197677.37000000011 600358.69999999925, 197716.78000000026 600268.06000000052, 197716.78000000026 600199.09999999963, 197732.54000000004 600130.1400000006, 197799.54000000004 600104.51999999955, 19787", "DB_ID": 82.0, "Time": 1999, "X": 198299.34388, "Y": 600178.45109500003, "WKT_1": null, "WKT_ISR": null }, "geometry": { "type": "MultiPolygon", "coordinates": [ [ [ [ 34.9743, 31.49552 ], [ 34.97447, 31.4955 ], [ 34.97451, 31.49554 ], [ 34.97451, 31.49553 ], [ 34.97511, 31.49539 ], [ 34.97575, 31.49514 ], [ 34.97625, 31.4949 ], [ 34.9772, 31.49441 ], [ 34.97821, 31.49379 ], [ 34.97837, 31.49339 ], [ 34.97915, 31.49335 ], [ 34.97994, 31.4935 ], [ 34.98038, 31.4938 ], [ 34.98116, 31.49455 ], [ 34.9816, 31.49517 ], [ 34.98247, 31.4956 ], [ 34.98338, 31.49557 ], [ 34.98375, 31.49544 ], [ 34.9851, 31.49512 ], [ 34.98556, 31.49486 ], [ 34.98556, 31.49472 ], [ 34.98564, 31.49418 ], [ 34.98618, 31.49386 ], [ 34.98683, 31.49337 ], [ 34.98735, 31.49291 ], [ 34.98714, 31.49268 ], [ 34.98654, 31.49227 ], [ 34.98631, 31.49155 ], [ 34.98552, 31.49202 ], [ 34.98507, 31.49223 ], [ 34.98444, 31.49212 ], [ 34.98308, 31.49208 ], [ 34.98165, 31.49206 ], [ 34.97994, 31.49211 ], [ 34.97874, 31.49216 ], [ 34.97795, 31.49232 ], [ 34.97727, 31.49264 ], [ 34.9765, 31.49283 ], [ 34.97579, 31.49306 ], [ 34.97563, 31.49369 ], [ 34.97563, 31.49431 ], [ 34.97521, 31.49512 ], [ 34.9744, 31.49532 ], [ 34.9743, 31.49552 ] ] ] ] } },
{ "type": "Feature", "properties": { "OBJECTID": 18, "Id": 0, "Name": "אדורה", "NameEng": "Adora", "ET_ID": 359933, "GIS_ID": 3759.0, "Type": "Settlement", "Ideologica": "No", "Shape_Leng": 2858.5811891100002, "Shape_Area": 370493.61115000001, "WKT": "MULTIPOLYGON (((201509.16999999993 606919.4299999997, 201442.45999999996 606916.40000000037, 201362.09999999963 606908.8200000003, 201296.90000000037 606908.8200000003, 201159.87999999989 606918.63000000082, 201147.23000000045 606882.5, 201265.0599999995", "DB_ID": 3.0, "Time": 1984, "X": 201675.79069200001, "Y": 606741.8753, "WKT_1": null, "WKT_ISR": null }, "geometry": { "type": "MultiPolygon", "coordinates": [ [ [ [ 35.01584, 31.55422 ], [ 35.01595, 31.55439 ], [ 35.01616, 31.55448 ], [ 35.01665, 31.55469 ], [ 35.01769, 31.55503 ], [ 35.01813, 31.5549 ], [ 35.01871, 31.55528 ], [ 35.01922, 31.55553 ], [ 35.01962, 31.55546 ], [ 35.02002, 31.5552 ], [ 35.02031, 31.55478 ], [ 35.02087, 31.5546 ], [ 35.02149, 31.55434 ], [ 35.02205, 31.554 ], [ 35.02254, 31.55373 ], [ 35.0229, 31.55341 ], [ 35.02282, 31.55313 ], [ 35.02223, 31.55298 ], [ 35.02226, 31.55276 ], [ 35.02226, 31.55239 ], [ 35.02191, 31.55211 ], [ 35.02098, 31.55191 ], [ 35.0201, 31.55191 ], [ 35.01926, 31.55175 ], [ 35.01857, 31.55156 ], [ 35.01793, 31.55123 ], [ 35.01763, 31.55096 ], [ 35.01688, 31.55023 ], [ 35.01613, 31.54951 ], [ 35.01554, 31.5491 ], [ 35.01497, 31.5493 ], [ 35.01428, 31.5499 ], [ 35.01405, 31.55073 ], [ 35.01383, 31.55161 ], [ 35.01359, 31.55233 ], [ 35.01322, 31.55252 ], [ 35.01285, 31.55273 ], [ 35.01161, 31.55402 ], [ 35.01174, 31.55435 ], [ 35.01319, 31.55426 ], [ 35.01387, 31.55426 ], [ 35.01472, 31.55433 ], [ 35.01542, 31.55436 ], [ 35.01584, 31.55422 ] ] ] ] } },
{ "type": "Feature", "properties": { "OBJECTID": 19, "Id": 0, "Name": "תלם", "NameEng": "Telem", "ET_ID": 208935, "GIS_ID": 3719.0, "Type": "Settlement", "Ideologica": "Mixed", "Shape_Leng": 2768.1230168400002, "Shape_Area": 452273.75170099997, "WKT": "MULTIPOLYGON (((203118.03000000026 607611.86999999918, 203152.50999999978 607633.41999999993, 203195.59999999963 607646.34999999963, 203234.38999999966 607678.66999999993, 203223.62000000011 607754.08999999985, 203215 607788.5700000003, 203210.6900000004", "DB_ID": 135.0, "Time": 1982, "X": 202903.12137400001, "Y": 608073.12852300005, "WKT_1": null, "WKT_ISR": null }, "geometry": { "type": "MultiPolygon", "coordinates": [ [ [ [ 35.03172, 31.56036 ], [ 35.0312, 31.56036 ], [ 35.03058, 31.56065 ], [ 35.02995, 31.56101 ], [ 35.02947, 31.56152 ], [ 35.02883, 31.56183 ], [ 35.02831, 31.56212 ], [ 35.02765, 31.56229 ], [ 35.02702, 31.56258 ], [ 35.02686, 31.56319 ], [ 35.02649, 31.56354 ], [ 35.02649, 31.56424 ], [ 35.02654, 31.56495 ], [ 35.02676, 31.56542 ], [ 35.02724, 31.56593 ], [ 35.02699, 31.56659 ], [ 35.02719, 31.56704 ], [ 35.0283, 31.56816 ], [ 35.03005, 31.56927 ], [ 35.03179, 31.56965 ], [ 35.03213, 31.5692 ], [ 35.03216, 31.56864 ], [ 35.03218, 31.56799 ], [ 35.03216, 31.56747 ], [ 35.03218, 31.56714 ], [ 35.03225, 31.56659 ], [ 35.03232, 31.56595 ], [ 35.0323, 31.56549 ], [ 35.0323, 31.56498 ], [ 35.03248, 31.56436 ], [ 35.03264, 31.56405 ], [ 35.03276, 31.56382 ], [ 35.03289, 31.56353 ], [ 35.03303, 31.56329 ], [ 35.03321, 31.56296 ], [ 35.03333, 31.56261 ], [ 35.03337, 31.56222 ], [ 35.03346, 31.56191 ], [ 35.03358, 31.56123 ], [ 35.03317, 31.56094 ], [ 35.03272, 31.56082 ], [ 35.03235, 31.56063 ], [ 35.03172, 31.56036 ] ] ] ] } },
{ "type": "Feature", "properties": { "OBJECTID": 20, "Id": 0, "Name": "מצפה שלם", "NameEng": "Mitzpe Shalem", "ET_ID": 271244, "GIS_ID": 3610.0, "Type": "Settlement", "Ideologica": "No", "Shape_Leng": 3662.8435999200001, "Shape_Area": 318287.97158299998, "WKT": "MULTIPOLYGON (((237987.53000000026 608669.77999999933, 237928.15000000037 608578.58000000007, 237962.08000000007 608455.58000000007, 238012.98000000045 608298.63000000082, 238070.25 608052.61999999918, 238093.58000000007 607882.94999999925, 238085.089999", "DB_ID": 78.0, "Time": 1971, "X": 238152.67521399999, "Y": 608434.60472099995, "WKT_1": null, "WKT_ISR": null }, "geometry": { "type": "MultiPolygon", "coordinates": [ [ [ [ 35.4006, 31.5713 ], [ 35.40061, 31.57113 ], [ 35.40067, 31.57113 ], [ 35.40192, 31.5704 ], [ 35.40308, 31.56969 ], [ 35.40407, 31.5691 ], [ 35.40442, 31.56919 ], [ 35.40478, 31.56925 ], [ 35.40534, 31.56869 ], [ 35.40534, 31.56848 ], [ 35.40433, 31.56766 ], [ 35.40355, 31.56707 ], [ 35.40259, 31.56629 ], [ 35.40156, 31.56684 ], [ 35.40113, 31.56638 ], [ 35.40216, 31.56515 ], [ 35.40267, 31.56513 ], [ 35.40305, 31.56484 ], [ 35.40189, 31.56373 ], [ 35.40193, 31.56333 ], [ 35.40244, 31.56251 ], [ 35.40184, 31.56203 ], [ 35.40065, 31.56172 ], [ 35.40065, 31.56185 ], [ 35.40075, 31.56304 ], [ 35.4005, 31.56457 ], [ 35.39991, 31.56679 ], [ 35.39937, 31.56821 ], [ 35.39929, 31.56847 ], [ 35.39898, 31.5689 ], [ 35.39881, 31.56939 ], [ 35.39901, 31.56972 ], [ 35.39944, 31.57016 ], [ 35.39958, 31.57061 ], [ 35.3995, 31.57099 ], [ 35.39926, 31.57131 ], [ 35.39922, 31.57187 ], [ 35.39916, 31.57205 ], [ 35.39883, 31.57249 ], [ 35.39903, 31.57289 ], [ 35.39983, 31.57314 ], [ 35.40051, 31.57319 ], [ 35.40135, 31.57311 ], [ 35.40147, 31.57293 ], [ 35.40112, 31.5721 ], [ 35.40092, 31.57182 ], [ 35.4006, 31.5713 ] ] ] ] } },
{ "type": "Feature", "properties": { "OBJECTID": 21, "Id": 0, "Name": "אספר", "NameEng": "Asfar", "ET_ID": 486573, "GIS_ID": 3754.0, "Type": "Settlement", "Ideologica": "Ultra Orthodox", "Shape_Leng": 2876.1835623699999, "Shape_Area": 303278.83296600002, "WKT": "MULTIPOLYGON (((218103.55999999959 611079.28999999911, 218061.99000000022 611023.8599999994, 217981.15000000037 611030.78999999911, 217911.87000000011 610956.8900000006, 217872.61000000034 610901.46000000089, 217814.87000000011 610885.28999999911, 217794", "DB_ID": 13.0, "Time": 1983, "X": 217891.30551400001, "Y": 610506.84112, "WKT_1": null, "WKT_ISR": null }, "geometry": { "type": "MultiPolygon", "coordinates": [ [ [ [ 35.1904, 31.59196 ], [ 35.1904, 31.59182 ], [ 35.19062, 31.59141 ], [ 35.19043, 31.59127 ], [ 35.19065, 31.5907 ], [ 35.19036, 31.58997 ], [ 35.18987, 31.58916 ], [ 35.18936, 31.58854 ], [ 35.18934, 31.58785 ], [ 35.18963, 31.58727 ], [ 35.18973, 31.58675 ], [ 35.18914, 31.58635 ], [ 35.18875, 31.58591 ], [ 35.18895, 31.58491 ], [ 35.18929, 31.58456 ], [ 35.1896, 31.58389 ], [ 35.19012, 31.58266 ], [ 35.18985, 31.58233 ], [ 35.18905, 31.58252 ], [ 35.18729, 31.5832 ], [ 35.18566, 31.58387 ], [ 35.18554, 31.58416 ], [ 35.18503, 31.58447 ], [ 35.18476, 31.5851 ], [ 35.18498, 31.58589 ], [ 35.18571, 31.58656 ], [ 35.1862, 31.58752 ], [ 35.18688, 31.5876 ], [ 35.18688, 31.58785 ], [ 35.18671, 31.58847 ], [ 35.18693, 31.58874 ], [ 35.18693, 31.58941 ], [ 35.18715, 31.59027 ], [ 35.18775, 31.59041 ], [ 35.18817, 31.59091 ], [ 35.1889, 31.59158 ], [ 35.18975, 31.59152 ], [ 35.19019, 31.59202 ], [ 35.1904, 31.59196 ] ] ] ] } },
{ "type": "Feature", "properties": { "OBJECTID": 22, "Id": 0, "Name": "מעלה עמוס", "NameEng": "Ma'ale Amos", "ET_ID": 497849, "GIS_ID": 3653.0, "Type": "Settlement", "Ideologica": "Religious", "Shape_Leng": 2975.00072847, "Shape_Area": 310471.05337799998, "WKT": "MULTIPOLYGON (((221330.9299999997 611979.53999999911, 221344.00999999978 611880.52999999933, 221409.38999999966 611815.33999999985, 221499.05999999959 611725.66999999993, 221586.86000000034 611634.13000000082, 221682.13999999966 611555.66999999993, 22171", "DB_ID": 74.0, "Time": 1981, "X": 221825.49952700001, "Y": 611631.56592900003, "WKT_1": null, "WKT_ISR": null }, "geometry": { "type": "MultiPolygon", "coordinates": [ [ [ [ 35.22417, 31.60099 ], [ 35.22433, 31.60103 ], [ 35.22433, 31.60103 ], [ 35.22461, 31.60093 ], [ 35.22506, 31.60123 ], [ 35.22541, 31.60106 ], [ 35.22551, 31.60079 ], [ 35.22585, 31.60023 ], [ 35.22667, 31.59983 ], [ 35.22713, 31.59938 ], [ 35.22796, 31.59869 ], [ 35.22934, 31.59857 ], [ 35.22971, 31.59865 ], [ 35.2306, 31.59879 ], [ 35.23121, 31.59852 ], [ 35.23168, 31.59732 ], [ 35.23221, 31.59648 ], [ 35.23312, 31.59602 ], [ 35.23428, 31.59572 ], [ 35.23479, 31.59555 ], [ 35.23507, 31.59516 ], [ 35.23487, 31.59479 ], [ 35.23446, 31.59474 ], [ 35.23406, 31.59452 ], [ 35.23351, 31.59422 ], [ 35.233, 31.59402 ], [ 35.23217, 31.59414 ], [ 35.23157, 31.59392 ], [ 35.23112, 31.59375 ], [ 35.23071, 31.59397 ], [ 35.23024, 31.59439 ], [ 35.22986, 31.59447 ], [ 35.22945, 31.59432 ], [ 35.22901, 31.59437 ], [ 35.22896, 31.59495 ], [ 35.22872, 31.59562 ], [ 35.22829, 31.59623 ], [ 35.22789, 31.59631 ], [ 35.22689, 31.59702 ], [ 35.22596, 31.59784 ], [ 35.22502, 31.59865 ], [ 35.22433, 31.59924 ], [ 35.22419, 31.60013 ], [ 35.22417, 31.60099 ] ] ] ] } },
{ "type": "Feature", "properties": { "OBJECTID": 23, "Id": 0, "Name": "כרמי צור", "NameEng": "Karmei Tzur", "ET_ID": 267828, "GIS_ID": 3766.0, "Type": "Settlement", "Ideologica": "Religious", "Shape_Leng": 2483.0757157799999, "Shape_Area": 354564.493067, "WKT": "MULTIPOLYGON (((209751.50999999978 612842.69999999925, 209787.34999999963 612858.83000000007, 209823.20000000019 612878.53999999911, 209860.83999999985 612909.00999999978, 209893.09999999963 612921.56000000052, 209928.95000000019 612935.90000000037, 2099", "DB_ID": 60.0, "Time": 1984, "X": 209621.00617800001, "Y": 613032.40197000001, "WKT_1": null, "WKT_ISR": null }, "geometry": { "type": "MultiPolygon", "coordinates": [ [ [ [ 35.10005, 31.60649 ], [ 35.09903, 31.60654 ], [ 35.09884, 31.60653 ], [ 35.09801, 31.60667 ], [ 35.09711, 31.60711 ], [ 35.09663, 31.60751 ], [ 35.09672, 31.60771 ], [ 35.09662, 31.60828 ], [ 35.09639, 31.60857 ], [ 35.09616, 31.60897 ], [ 35.09654, 31.60909 ], [ 35.09725, 31.60926 ], [ 35.09724, 31.6096 ], [ 35.09724, 31.61006 ], [ 35.09752, 31.61056 ], [ 35.09792, 31.61093 ], [ 35.09847, 31.61114 ], [ 35.09894, 31.61135 ], [ 35.09931, 31.61148 ], [ 35.09964, 31.61158 ], [ 35.09988, 31.61158 ], [ 35.10015, 31.61148 ], [ 35.10043, 31.61147 ], [ 35.10075, 31.61148 ], [ 35.10103, 31.61147 ], [ 35.10128, 31.61153 ], [ 35.10139, 31.61182 ], [ 35.10175, 31.61205 ], [ 35.10217, 31.61224 ], [ 35.10243, 31.61237 ], [ 35.10283, 31.61257 ], [ 35.10315, 31.61268 ], [ 35.10349, 31.61265 ], [ 35.10387, 31.61263 ], [ 35.10438, 31.6125 ], [ 35.10464, 31.61233 ], [ 35.10483, 31.61213 ], [ 35.10498, 31.61186 ], [ 35.10504, 31.61144 ], [ 35.10509, 31.61116 ], [ 35.10511, 31.61081 ], [ 35.1051, 31.61048 ], [ 35.10498, 31.61013 ], [ 35.10468, 31.60987 ], [ 35.10449, 31.60955 ], [ 35.1043, 31.60929 ], [ 35.10421, 31.609 ], [ 35.10404, 31.60872 ], [ 35.10366, 31.60859 ], [ 35.10332, 31.60848 ], [ 35.10293, 31.6082 ], [ 35.10255, 31.60802 ], [ 35.10217, 31.60788 ], [ 35.10177, 31.60773 ], [ 35.10145, 31.6076 ], [ 35.10087, 31.60743 ], [ 35.10038, 31.60731 ], [ 35.10003, 31.60662 ], [ 35.10005, 31.60649 ] ] ] ] } },
{ "type": "Feature", "properties": { "OBJECTID": 24, "Id": 0, "Name": "מגדל עוז", "NameEng": "Migdal Oz", "ET_ID": 460188, "GIS_ID": 3561.0, "Type": "Settlement", "Ideologica": "Religious", "Shape_Leng": 3205.6931109799998, "Shape_Area": 460187.89205000002, "WKT": "MULTIPOLYGON (((213214.29999999981 616301.0700000003, 213289.11000000034 616252.43999999948, 213299.4299999997 616172.47000000067, 213347.15000000037 616096.3599999994, 213407.78000000026 616022.83999999985, 213438.12999999989 616005.69999999925, 213438.", "DB_ID": 64.0, "Time": 1977, "X": 213654.032722, "Y": 616324.47235699999, "WKT_1": null, "WKT_ISR": null }, "geometry": { "type": "MultiPolygon", "coordinates": [ [ [ [ 35.13837, 31.6393 ], [ 35.13834, 31.63938 ], [ 35.13833, 31.63968 ], [ 35.13861, 31.63991 ], [ 35.13873, 31.64 ], [ 35.13935, 31.64045 ], [ 35.13969, 31.64122 ], [ 35.13979, 31.64162 ], [ 35.14031, 31.64161 ], [ 35.14101, 31.64192 ], [ 35.14141, 31.6421 ], [ 35.14162, 31.64212 ], [ 35.14205, 31.6418 ], [ 35.14207, 31.6418 ], [ 35.14323, 31.64193 ], [ 35.14323, 31.64193 ], [ 35.14355, 31.64216 ], [ 35.14391, 31.64218 ], [ 35.14419, 31.64226 ], [ 35.14415, 31.64274 ], [ 35.14427, 31.64301 ], [ 35.14458, 31.64314 ], [ 35.14492, 31.64311 ], [ 35.14517, 31.64298 ], [ 35.14526, 31.64281 ], [ 35.14558, 31.64268 ], [ 35.14566, 31.64276 ], [ 35.14581, 31.64312 ], [ 35.14582, 31.64313 ], [ 35.14635, 31.64359 ], [ 35.14649, 31.64335 ], [ 35.14645, 31.64301 ], [ 35.14646, 31.64258 ], [ 35.14646, 31.64249 ], [ 35.14662, 31.64244 ], [ 35.14695, 31.64238 ], [ 35.14696, 31.64224 ], [ 35.14668, 31.64144 ], [ 35.14661, 31.64096 ], [ 35.1462, 31.64067 ], [ 35.14583, 31.64067 ], [ 35.14547, 31.64061 ], [ 35.14564, 31.64037 ], [ 35.14591, 31.63982 ], [ 35.14634, 31.63935 ], [ 35.14698, 31.63873 ], [ 35.1472, 31.63841 ], [ 35.1471, 31.63828 ], [ 35.14747, 31.63778 ], [ 35.14817, 31.63708 ], [ 35.14809, 31.63699 ], [ 35.14695, 31.63665 ], [ 35.14588, 31.63654 ], [ 35.14522, 31.63644 ], [ 35.14511, 31.63649 ], [ 35.14442, 31.63647 ], [ 35.14438, 31.63646 ], [ 35.14359, 31.63632 ], [ 35.14357, 31.63631 ], [ 35.14276, 31.63592 ], [ 35.14212, 31.63592 ], [ 35.14152, 31.63618 ], [ 35.141, 31.63643 ], [ 35.141, 31.63643 ], [ 35.14068, 31.63658 ], [ 35.14004, 31.63725 ], [ 35.13954, 31.63793 ], [ 35.13943, 31.63865 ], [ 35.13864, 31.63909 ], [ 35.13837, 31.6393 ] ] ] ] } },
{ "type": "Feature", "properties": { "OBJECTID": 25, "Id": 0, "Name": "אזור תעשיה גוש עציון", "NameEng": "Gush Etzyon Industrial Area", "ET_ID": 428174, "GIS_ID": 0.203, "Type": "Industrial Area", "Ideologica": "Industry", "Shape_Leng": 4880.1918986800001, "Shape_Area": 428176.5508, "WKT": "MULTIPOLYGON (((214344.63999999966 616890.28999999911, 214260.34999999963 616864.5, 214197.87000000011 616845.66000000015, 214134.40000000037 616826.8200000003, 214101.66999999993 616804.00999999978, 214072.91000000015 616757.40000000037, 214062 616725.6", "DB_ID": 154.0, "Time": 0, "X": 214583.34252599999, "Y": 616521.95142299996, "WKT_1": null, "WKT_ISR": null }, "geometry": { "type": "MultiPolygon", "coordinates": [ [ [ [ 35.15076, 31.64462 ], [ 35.15129, 31.64476 ], [ 35.15172, 31.64487 ], [ 35.15342, 31.64514 ], [ 35.15389, 31.64543 ], [ 35.15419, 31.64591 ], [ 35.15426, 31.64637 ], [ 35.15401, 31.6465 ], [ 35.15398, 31.64687 ], [ 35.15361, 31.64728 ], [ 35.15337, 31.64761 ], [ 35.1538, 31.64748 ], [ 35.15462, 31.64702 ], [ 35.15508, 31.64685 ], [ 35.15519, 31.64647 ], [ 35.15469, 31.64603 ], [ 35.15478, 31.64535 ], [ 35.15465, 31.64503 ], [ 35.15404, 31.64462 ], [ 35.15348, 31.64459 ], [ 35.15276, 31.64469 ], [ 35.15254, 31.64399 ], [ 35.15154, 31.64347 ], [ 35.15208, 31.64344 ], [ 35.15245, 31.64311 ], [ 35.15238, 31.6429 ], [ 35.1527, 31.64262 ], [ 35.15309, 31.64238 ], [ 35.15347, 31.64203 ], [ 35.15364, 31.64181 ], [ 35.15393, 31.64125 ], [ 35.15447, 31.64083 ], [ 35.15495, 31.64068 ], [ 35.15512, 31.64056 ], [ 35.15594, 31.63968 ], [ 35.15626, 31.63944 ], [ 35.15684, 31.6393 ], [ 35.15735, 31.63903 ], [ 35.15807, 31.63871 ], [ 35.15857, 31.63874 ], [ 35.1589, 31.63858 ], [ 35.15923, 31.63855 ], [ 35.15949, 31.63831 ], [ 35.15959, 31.63828 ], [ 35.15959, 31.6385 ], [ 35.15945, 31.63883 ], [ 35.15955, 31.63884 ], [ 35.16004, 31.63841 ], [ 35.16, 31.63858 ], [ 35.15982, 31.63893 ], [ 35.15987, 31.63899 ], [ 35.16043, 31.63882 ], [ 35.16074, 31.63861 ], [ 35.16085, 31.63815 ], [ 35.16083, 31.63758 ], [ 35.1606, 31.63728 ], [ 35.16014, 31.63705 ], [ 35.15953, 31.63694 ], [ 35.15864, 31.63691 ], [ 35.15817, 31.63697 ], [ 35.15759, 31.63706 ], [ 35.15724, 31.63722 ], [ 35.15696, 31.63743 ], [ 35.15643, 31.63772 ], [ 35.15612, 31.63787 ], [ 35.15512, 31.63807 ], [ 35.15435, 31.63843 ], [ 35.154, 31.63866 ], [ 35.15303, 31.63912 ], [ 35.15271, 31.63967 ], [ 35.15239, 31.64 ], [ 35.15219, 31.64 ], [ 35.15133, 31.63949 ], [ 35.15061, 31.63948 ], [ 35.14992, 31.63956 ], [ 35.14942, 31.63985 ], [ 35.14899, 31.64022 ], [ 35.14854, 31.64081 ], [ 35.14814, 31.64117 ], [ 35.14777, 31.64193 ], [ 35.14751, 31.64217 ], [ 35.14731, 31.64239 ], [ 35.14736, 31.64273 ], [ 35.14757, 31.64293 ], [ 35.14769, 31.64321 ], [ 35.14799, 31.64363 ], [ 35.14834, 31.64384 ], [ 35.14901, 31.64401 ], [ 35.14966, 31.64418 ], [ 35.15055, 31.64441 ], [ 35.15076, 31.64462 ] ] ] ] } },
{ "type": "Feature", "properties": { "OBJECTID": 26, "Id": 0, "Name": "תקוע", "NameEng": "Tko'a", "ET_ID": 1258391, "GIS_ID": 3563.0, "Type": "Settlement", "Ideologica": "Ideological", "Shape_Leng": 4319.1858254600002, "Shape_Area": 871337.46850299998, "WKT": "MULTIPOLYGON (((222982.75 615763.6400000006, 223136.94000000041 615798.8900000006, 223242.66999999993 615864.97000000067, 223269.09999999963 615997.1400000006, 223269.09999999963 616041.18999999948, 223092.87999999989 616023.5700000003, 222973.9400000004", "DB_ID": 136.0, "Time": 1977, "X": 221826.70107800001, "Y": 617860.69102699996, "WKT_1": null, "WKT_ISR": null }, "geometry": { "type": "MultiPolygon", "coordinates": [ [ [ [ 35.23266, 31.65747 ], [ 35.23359, 31.6559 ], [ 35.23384, 31.65564 ], [ 35.23394, 31.65524 ], [ 35.23399, 31.65481 ], [ 35.23405, 31.65452 ], [ 35.23408, 31.65408 ], [ 35.23417, 31.65366 ], [ 35.23403, 31.65323 ], [ 35.23451, 31.65166 ], [ 35.23475, 31.65063 ], [ 35.23595, 31.64983 ], [ 35.23535, 31.64967 ], [ 35.23423, 31.6496 ], [ 35.23279, 31.65035 ], [ 35.23159, 31.65003 ], [ 35.23182, 31.64964 ], [ 35.23196, 31.64883 ], [ 35.23107, 31.64861 ], [ 35.22924, 31.64806 ], [ 35.22836, 31.64827 ], [ 35.22803, 31.64819 ], [ 35.22801, 31.64825 ], [ 35.22768, 31.64829 ], [ 35.22713, 31.64817 ], [ 35.2268, 31.64865 ], [ 35.22615, 31.64849 ], [ 35.22555, 31.64869 ], [ 35.22587, 31.64933 ], [ 35.22578, 31.64976 ], [ 35.22494, 31.65036 ], [ 35.22406, 31.65092 ], [ 35.22499, 31.65318 ], [ 35.22471, 31.6533 ], [ 35.22406, 31.6537 ], [ 35.2242, 31.65425 ], [ 35.22467, 31.65521 ], [ 35.22527, 31.65604 ], [ 35.22578, 31.65596 ], [ 35.22583, 31.65616 ], [ 35.22615, 31.65676 ], [ 35.22625, 31.65743 ], [ 35.2269, 31.65846 ], [ 35.22797, 31.65799 ], [ 35.22889, 31.65743 ], [ 35.22955, 31.65771 ], [ 35.23131, 31.65834 ], [ 35.23243, 31.65902 ], [ 35.23266, 31.65747 ] ] ] ] } },
{ "type": "Feature", "properties": { "OBJECTID": 27, "Id": 0, "Name": "כפר עציון", "NameEng": "Kfar Etzion", "ET_ID": 866305, "GIS_ID": 3488.0, "Type": "Settlement", "Ideologica": "Religious", "Shape_Leng": 5446.5403256999998, "Shape_Area": 866303.1187, "WKT": "MULTIPOLYGON (((210582.80999999959 618131.16999999993, 210664.53000000026 618094.25999999978, 210643.44000000041 618001.99000000022, 210638.16999999993 617793.73000000045, 210553.80999999959 617791.09999999963, 210545.90000000037 617756.83000000007, 2105", "DB_ID": 58.0, "Time": 1967, "X": 210948.85457299999, "Y": 617608.13561799994, "WKT_1": null, "WKT_ISR": null }, "geometry": { "type": "MultiPolygon", "coordinates": [ [ [ [ 35.11092, 31.65576 ], [ 35.11097, 31.65586 ], [ 35.11097, 31.65599 ], [ 35.11099, 31.65609 ], [ 35.11102, 31.6561 ], [ 35.11149, 31.65608 ], [ 35.11005, 31.65766 ], [ 35.10996, 31.65916 ], [ 35.10985, 31.65942 ], [ 35.10979, 31.65981 ], [ 35.10985, 31.65985 ], [ 35.11025, 31.66004 ], [ 35.11102, 31.6599 ], [ 35.11155, 31.65937 ], [ 35.11233, 31.65859 ], [ 35.11283, 31.65754 ], [ 35.11297, 31.6565 ], [ 35.11336, 31.65607 ], [ 35.11275, 31.65514 ], [ 35.11439, 31.655 ], [ 35.11591, 31.65488 ], [ 35.11678, 31.65503 ], [ 35.11878, 31.65498 ], [ 35.11903, 31.65324 ], [ 35.11909, 31.65201 ], [ 35.11845, 31.65049 ], [ 35.11839, 31.64927 ], [ 35.11856, 31.64901 ], [ 35.11817, 31.64801 ], [ 35.11801, 31.6468 ], [ 35.1179, 31.64605 ], [ 35.11795, 31.6455 ], [ 35.11765, 31.6446 ], [ 35.11765, 31.64389 ], [ 35.11754, 31.64317 ], [ 35.11665, 31.6432 ], [ 35.11582, 31.64244 ], [ 35.1154, 31.64263 ], [ 35.11551, 31.64315 ], [ 35.11409, 31.64419 ], [ 35.11467, 31.64474 ], [ 35.11376, 31.64567 ], [ 35.11306, 31.64648 ], [ 35.11198, 31.64678 ], [ 35.11164, 31.64795 ], [ 35.11256, 31.64942 ], [ 35.11247, 31.65028 ], [ 35.11189, 31.65052 ], [ 35.11142, 31.65068 ], [ 35.11044, 31.65071 ], [ 35.11008, 31.65123 ], [ 35.1105, 31.6522 ], [ 35.11058, 31.65251 ], [ 35.11147, 31.65254 ], [ 35.11152, 31.65442 ], [ 35.11175, 31.65525 ], [ 35.11088, 31.65558 ], [ 35.11092, 31.65576 ] ] ] ] } },
{ "type": "Feature", "properties": { "OBJECTID": 28, "Id": 0, "Name": "אלון שבות", "NameEng": "Alon Shvut", "ET_ID": 850187, "GIS_ID": 3604.1, "Type": "Settlement", "Ideologica": "Religious", "Shape_Leng": 3627.4353782600001, "Shape_Area": 506148.13292900001, "WKT": "MULTIPOLYGON (((211621.3200000003 618535.09999999963, 211594.08000000007 618533.58999999985, 211544.15000000037 618498.78999999911, 211500.26999999955 618516.94999999925, 211465.46999999974 618550.24000000022, 211414.03000000026 618572.9299999997, 211335", "DB_ID": 8.0, "Time": 1970, "X": 211997.72921, "Y": 618061.67578000005, "WKT_1": null, "WKT_ISR": null }, "geometry": { "type": "MultiPolygon", "coordinates": [ [ [ [ 35.12078, 31.65697 ], [ 35.12179, 31.65833 ], [ 35.1227, 31.65935 ], [ 35.12316, 31.6593 ], [ 35.12396, 31.65925 ], [ 35.12453, 31.65918 ], [ 35.12533, 31.65914 ], [ 35.12571, 31.65926 ], [ 35.12613, 31.65936 ], [ 35.12651, 31.6592 ], [ 35.12699, 31.65894 ], [ 35.12757, 31.65853 ], [ 35.12781, 31.65803 ], [ 35.12789, 31.65773 ], [ 35.12771, 31.65754 ], [ 35.12768, 31.65731 ], [ 35.12793, 31.65698 ], [ 35.12803, 31.6565 ], [ 35.12813, 31.65608 ], [ 35.12848, 31.65589 ], [ 35.1287, 31.65544 ], [ 35.12893, 31.6554 ], [ 35.12897, 31.65517 ], [ 35.1288, 31.654 ], [ 35.12877, 31.65368 ], [ 35.12883, 31.65358 ], [ 35.12873, 31.65342 ], [ 35.12854, 31.65308 ], [ 35.12845, 31.65281 ], [ 35.1288, 31.65247 ], [ 35.12909, 31.65218 ], [ 35.12877, 31.65184 ], [ 35.12883, 31.65158 ], [ 35.12912, 31.65074 ], [ 35.12918, 31.64996 ], [ 35.12922, 31.64959 ], [ 35.12952, 31.6491 ], [ 35.1297, 31.64874 ], [ 35.1299, 31.6487 ], [ 35.13021, 31.64865 ], [ 35.13029, 31.64851 ], [ 35.13005, 31.64767 ], [ 35.12973, 31.64789 ], [ 35.12883, 31.6488 ], [ 35.12806, 31.64939 ], [ 35.12709, 31.65011 ], [ 35.12614, 31.65086 ], [ 35.12544, 31.65133 ], [ 35.12522, 31.65176 ], [ 35.12514, 31.6529 ], [ 35.12487, 31.65371 ], [ 35.12451, 31.65402 ], [ 35.12354, 31.65432 ], [ 35.12273, 31.65458 ], [ 35.1222, 31.65485 ], [ 35.1222, 31.6553 ], [ 35.12207, 31.65583 ], [ 35.12147, 31.6563 ], [ 35.12078, 31.65697 ] ] ] ] } },
{ "type": "Feature", "properties": { "OBJECTID": 30, "Id": 0, "Name": "בת עין", "NameEng": "Bat Ayin", "ET_ID": 1228972, "GIS_ID": 3794.0, "Type": "Settlement", "Ideologica": "Extreme", "Shape_Leng": 4638.8215105700001, "Shape_Area": 621333.41012300004, "WKT": "MULTIPOLYGON (((209404.23000000045 618907.71000000089, 209352.79000000004 618932.80000000075, 209316.41000000015 618946.59999999963, 209283.79999999981 618994.26999999955, 209244.91000000015 619011.83000000007, 209129.49000000022 619090.86999999918, 2090", "DB_ID": 26.0, "Time": 1989, "X": 209932.431358, "Y": 618372.03445399995, "WKT_1": null, "WKT_ISR": null }, "geometry": { "type": "MultiPolygon", "coordinates": [ [ [ [ 35.09877, 31.66104 ], [ 35.09935, 31.66081 ], [ 35.10012, 31.66048 ], [ 35.10059, 31.6599 ], [ 35.10116, 31.65959 ], [ 35.10222, 31.65929 ], [ 35.10417, 31.65876 ], [ 35.10608, 31.65826 ], [ 35.10635, 31.65842 ], [ 35.10653, 31.65812 ], [ 35.10699, 31.65726 ], [ 35.10735, 31.65729 ], [ 35.10735, 31.65805 ], [ 35.10766, 31.65899 ], [ 35.10763, 31.65921 ], [ 35.1074, 31.65935 ], [ 35.10699, 31.65952 ], [ 35.10643, 31.65989 ], [ 35.10625, 31.66048 ], [ 35.10635, 31.66123 ], [ 35.10683, 31.66132 ], [ 35.10754, 31.66152 ], [ 35.10774, 31.6612 ], [ 35.10875, 31.66056 ], [ 35.10952, 31.65985 ], [ 35.10974, 31.65969 ], [ 35.10985, 31.65942 ], [ 35.1099, 31.65911 ], [ 35.10999, 31.65773 ], [ 35.11019, 31.65746 ], [ 35.11057, 31.65707 ], [ 35.11085, 31.65665 ], [ 35.11114, 31.65643 ], [ 35.11123, 31.65618 ], [ 35.11102, 31.6561 ], [ 35.11099, 31.6561 ], [ 35.11099, 31.65609 ], [ 35.11097, 31.65608 ], [ 35.11097, 31.65599 ], [ 35.11092, 31.65576 ], [ 35.11085, 31.65562 ], [ 35.11061, 31.65553 ], [ 35.10953, 31.65521 ], [ 35.10922, 31.65468 ], [ 35.10869, 31.65415 ], [ 35.10869, 31.65415 ], [ 35.10783, 31.65384 ], [ 35.10701, 31.65394 ], [ 35.10697, 31.65398 ], [ 35.10618, 31.65411 ], [ 35.10569, 31.65465 ], [ 35.10446, 31.65511 ], [ 35.10387, 31.65549 ], [ 35.10333, 31.65573 ], [ 35.10161, 31.65577 ], [ 35.10069, 31.65658 ], [ 35.09959, 31.65682 ], [ 35.09859, 31.65737 ], [ 35.09723, 31.65767 ], [ 35.09649, 31.65846 ], [ 35.09592, 31.65892 ], [ 35.09562, 31.65945 ], [ 35.09543, 31.65961 ], [ 35.09598, 31.66016 ], [ 35.09658, 31.66062 ], [ 35.09639, 31.66096 ], [ 35.09659, 31.66123 ], [ 35.09706, 31.66118 ], [ 35.0978, 31.66083 ], [ 35.09877, 31.66104 ] ] ] ] } },
{ "type": "Feature", "properties": { "OBJECTID": 31, "Id": 0, "Name": "אלעזר", "NameEng": "El'azar", "ET_ID": 445664, "GIS_ID": 3618.0, "Type": "Settlement", "Ideologica": "Religious", "Shape_Leng": 3003.23114016, "Shape_Area": 376617.30468200002, "WKT": "MULTIPOLYGON (((213706.87000000011 618793.43999999948, 213599.44000000041 618807.75999999978, 213542.15000000037 618847.15000000037, 213527.8200000003 618886.53999999911, 213434.71999999974 618936.6799999997, 213330.87999999989 618990.3900000006, 213241.", "DB_ID": 10.0, "Time": 1975, "X": 213512.10635799999, "Y": 618685.54619499994, "WKT_1": null, "WKT_ISR": null }, "geometry": { "type": "MultiPolygon", "coordinates": [ [ [ [ 35.13868, 31.66406 ], [ 35.13891, 31.66396 ], [ 35.13985, 31.66335 ], [ 35.14095, 31.66286 ], [ 35.14193, 31.66241 ], [ 35.14208, 31.66206 ], [ 35.14268, 31.6617 ], [ 35.14382, 31.66157 ], [ 35.14503, 31.66122 ], [ 35.14547, 31.66089 ], [ 35.14586, 31.66042 ], [ 35.14625, 31.65969 ], [ 35.14641, 31.65899 ], [ 35.14641, 31.65844 ], [ 35.14617, 31.6577 ], [ 35.14586, 31.65705 ], [ 35.14542, 31.65685 ], [ 35.14469, 31.65662 ], [ 35.14364, 31.65689 ], [ 35.14293, 31.65736 ], [ 35.14215, 31.65758 ], [ 35.14152, 31.65814 ], [ 35.14116, 31.65875 ], [ 35.141, 31.65939 ], [ 35.1405, 31.65991 ], [ 35.13993, 31.66047 ], [ 35.13956, 31.66069 ], [ 35.13927, 31.66055 ], [ 35.13909, 31.66071 ], [ 35.13888, 31.66102 ], [ 35.1386, 31.66143 ], [ 35.1382, 31.66196 ], [ 35.13771, 31.66232 ], [ 35.13713, 31.66261 ], [ 35.13658, 31.66245 ], [ 35.13616, 31.66252 ], [ 35.1359, 31.6629 ], [ 35.13549, 31.66306 ], [ 35.13575, 31.66359 ], [ 35.13622, 31.66397 ], [ 35.13629, 31.6644 ], [ 35.13653, 31.66462 ], [ 35.13721, 31.66473 ], [ 35.13719, 31.66475 ], [ 35.13739, 31.66473 ], [ 35.13801, 31.66455 ], [ 35.13868, 31.66406 ] ] ] ] } },
{ "type": "Feature", "properties": { "OBJECTID": 32, "Id": 0, "Name": "ראש צורים", "NameEng": "Rosh Tzurim", "ET_ID": 441552, "GIS_ID": 3602.0, "Type": "Settlement", "Ideologica": "Religious", "Shape_Leng": 4055.13225268, "Shape_Area": 441551.0422, "WKT": "MULTIPOLYGON (((211302.26999999955 619830.3900000006, 211345.08000000007 619707.09999999963, 211394.74000000022 619616.34999999963, 211427.26999999955 619549.56000000052, 211497.48000000045 619511.8900000006, 211456.37999999989 619462.23000000045, 211463", "DB_ID": 119.0, "Time": 1969, "X": 211822.78494700001, "Y": 619499.06567799998, "WKT_1": null, "WKT_ISR": null }, "geometry": { "type": "MultiPolygon", "coordinates": [ [ [ [ 35.11887, 31.67213 ], [ 35.11979, 31.67173 ], [ 35.1201, 31.67154 ], [ 35.1206, 31.67159 ], [ 35.12073, 31.67122 ], [ 35.12078, 31.67043 ], [ 35.12097, 31.66921 ], [ 35.12117, 31.66846 ], [ 35.1218, 31.66802 ], [ 35.12268, 31.66775 ], [ 35.12292, 31.66849 ], [ 35.12331, 31.66903 ], [ 35.12367, 31.66914 ], [ 35.12369, 31.66989 ], [ 35.12357, 31.6703 ], [ 35.12364, 31.67088 ], [ 35.12418, 31.67107 ], [ 35.12512, 31.67132 ], [ 35.12557, 31.67164 ], [ 35.12598, 31.67169 ], [ 35.12629, 31.67113 ], [ 35.12651, 31.6703 ], [ 35.12729, 31.66933 ], [ 35.12772, 31.66928 ], [ 35.12833, 31.66914 ], [ 35.12851, 31.6688 ], [ 35.12855, 31.66755 ], [ 35.12814, 31.66701 ], [ 35.12779, 31.66655 ], [ 35.12787, 31.66585 ], [ 35.12711, 31.6658 ], [ 35.12584, 31.66593 ], [ 35.12581, 31.66582 ], [ 35.1257, 31.66508 ], [ 35.12557, 31.66471 ], [ 35.12529, 31.66441 ], [ 35.12563, 31.66387 ], [ 35.12456, 31.66386 ], [ 35.12357, 31.66381 ], [ 35.12341, 31.66416 ], [ 35.12303, 31.66432 ], [ 35.12196, 31.66453 ], [ 35.12173, 31.66497 ], [ 35.12231, 31.66617 ], [ 35.12236, 31.66637 ], [ 35.12198, 31.66631 ], [ 35.12149, 31.66645 ], [ 35.12095, 31.66659 ], [ 35.12046, 31.66663 ], [ 35.12041, 31.66714 ], [ 35.12016, 31.66742 ], [ 35.12008, 31.66759 ], [ 35.12052, 31.66804 ], [ 35.11978, 31.66838 ], [ 35.11943, 31.66898 ], [ 35.11891, 31.6698 ], [ 35.11845, 31.67091 ], [ 35.11887, 31.67213 ] ] ] ] } },
{ "type": "Feature", "properties": { "OBJECTID": 33, "Id": 0, "Name": "אבנת", "NameEng": "Ovnat", "ET_ID": 75854, "GIS_ID": 3786.0, "Type": "Settlement", "Ideologica": "Religious", "Shape_Leng": 1717.2921668199999, "Shape_Area": 193394.85492400001, "WKT": "MULTIPOLYGON (((241412.24000000022 620810.33000000007, 241402.21999999974 620767.21000000089, 241369.11000000034 620672.47000000067, 241369.11000000034 620654.75999999978, 241392.98000000045 620637.8200000003, 241427.63999999966 620632.41999999993, 24144", "DB_ID": 2.0, "Time": 1983, "X": 241557.266313, "Y": 620602.52128999995, "WKT_1": null, "WKT_ISR": null }, "geometry": { "type": "MultiPolygon", "coordinates": [ [ [ [ 35.43944, 31.6795 ], [ 35.43942, 31.67935 ], [ 35.43959, 31.67939 ], [ 35.43978, 31.67878 ], [ 35.43949, 31.67773 ], [ 35.43916, 31.67746 ], [ 35.43918, 31.67622 ], [ 35.43867, 31.67546 ], [ 35.43776, 31.67449 ], [ 35.43623, 31.67528 ], [ 35.43564, 31.67645 ], [ 35.43544, 31.67758 ], [ 35.43553, 31.67816 ], [ 35.43553, 31.67832 ], [ 35.43588, 31.67918 ], [ 35.43599, 31.67957 ], [ 35.43619, 31.68004 ], [ 35.4363, 31.68023 ], [ 35.4365, 31.68026 ], [ 35.43698, 31.68037 ], [ 35.43724, 31.68042 ], [ 35.43823, 31.68034 ], [ 35.43868, 31.68003 ], [ 35.43944, 31.6795 ] ] ] ] } },
{ "type": "Feature", "properties": { "OBJECTID": 34, "Id": 0, "Name": "גבעות", "NameEng": "Gva'ot", "ET_ID": 134428, "GIS_ID": 3604.2, "Type": "Settlement", "Ideologica": "Religious", "Shape_Leng": 1917.6440056700001, "Shape_Area": 134428.51295, "WKT": "MULTIPOLYGON (((209850.24000000022 620689.18999999948, 209845.86000000034 620724.19999999925, 209926.8200000003 620737.33000000007, 209941.04999999981 620787.65000000037, 209903.84999999963 620787.65000000037, 209881.96999999974 620805.16000000015, 20981", "DB_ID": 30.0, "Time": 1997, "X": 209648.10774100001, "Y": 620767.34615999996, "WKT_1": null, "WKT_ISR": null }, "geometry": { "type": "MultiPolygon", "coordinates": [ [ [ [ 35.10332, 31.67802 ], [ 35.10228, 31.67795 ], [ 35.10108, 31.67783 ], [ 35.1001, 31.67782 ], [ 35.09939, 31.67786 ], [ 35.09928, 31.678 ], [ 35.09902, 31.67833 ], [ 35.09893, 31.67858 ], [ 35.09828, 31.67852 ], [ 35.09772, 31.67854 ], [ 35.09761, 31.6788 ], [ 35.09778, 31.67898 ], [ 35.09867, 31.67924 ], [ 35.0991, 31.67954 ], [ 35.09965, 31.67955 ], [ 35.10006, 31.67963 ], [ 35.10019, 31.67986 ], [ 35.10018, 31.68021 ], [ 35.09968, 31.68037 ], [ 35.09914, 31.68062 ], [ 35.09904, 31.68085 ], [ 35.09932, 31.68109 ], [ 35.10013, 31.68112 ], [ 35.10032, 31.68119 ], [ 35.10094, 31.68164 ], [ 35.10142, 31.68112 ], [ 35.102, 31.68061 ], [ 35.10278, 31.68009 ], [ 35.10347, 31.67969 ], [ 35.1037, 31.67953 ], [ 35.10409, 31.67953 ], [ 35.10394, 31.67908 ], [ 35.10309, 31.67896 ], [ 35.10313, 31.67864 ], [ 35.10332, 31.67802 ] ] ] ] } },
{ "type": "Feature", "properties": { "OBJECTID": 35, "Id": 0, "Name": "נווה דניאל", "NameEng": "Neve Daniel", "ET_ID": 457420, "GIS_ID": 3725.0, "Type": "Settlement", "Ideologica": "Religious", "Shape_Leng": 3940.4009112200001, "Shape_Area": 482979.67375199997, "WKT": "MULTIPOLYGON (((213826.8200000003 620833.08999999985, 213848.29000000004 620883.1799999997, 213847.40000000037 620912.69999999925, 213833.98000000045 620961.8900000006, 213835.76999999955 621011.08999999985, 213836.66000000015 621044.18999999948, 213844.", "DB_ID": 83.0, "Time": 1982, "X": 213571.152042, "Y": 620620.89781, "WKT_1": null, "WKT_ISR": null }, "geometry": { "type": "MultiPolygon", "coordinates": [ [ [ [ 35.14529, 31.68069 ], [ 35.1453, 31.68042 ], [ 35.14507, 31.67997 ], [ 35.14474, 31.67928 ], [ 35.14486, 31.67899 ], [ 35.14541, 31.67905 ], [ 35.14555, 31.67875 ], [ 35.14564, 31.67845 ], [ 35.14569, 31.67823 ], [ 35.14592, 31.67788 ], [ 35.14617, 31.67771 ], [ 35.14652, 31.6777 ], [ 35.14671, 31.67761 ], [ 35.14691, 31.67731 ], [ 35.14708, 31.67718 ], [ 35.14735, 31.67694 ], [ 35.14744, 31.67642 ], [ 35.14731, 31.67634 ], [ 35.14686, 31.67629 ], [ 35.14635, 31.67631 ], [ 35.14592, 31.67641 ], [ 35.14553, 31.67613 ], [ 35.14542, 31.67582 ], [ 35.14521, 31.67549 ], [ 35.1447, 31.67562 ], [ 35.14443, 31.67526 ], [ 35.14405, 31.67501 ], [ 35.14374, 31.67524 ], [ 35.14323, 31.67498 ], [ 35.14273, 31.6747 ], [ 35.14229, 31.67459 ], [ 35.14161, 31.67491 ], [ 35.14123, 31.6752 ], [ 35.141, 31.67528 ], [ 35.14077, 31.67561 ], [ 35.14059, 31.6758 ], [ 35.14054, 31.67573 ], [ 35.14051, 31.6754 ], [ 35.14051, 31.67497 ], [ 35.14031, 31.67456 ], [ 35.13989, 31.67424 ], [ 35.1395, 31.67393 ], [ 35.13927, 31.67379 ], [ 35.13856, 31.67352 ], [ 35.13795, 31.67465 ], [ 35.13902, 31.67703 ], [ 35.13913, 31.67733 ], [ 35.13965, 31.67782 ], [ 35.13991, 31.67803 ], [ 35.13991, 31.67826 ], [ 35.13944, 31.67906 ], [ 35.13923, 31.67949 ], [ 35.13906, 31.67997 ], [ 35.13915, 31.68055 ], [ 35.13959, 31.68118 ], [ 35.14006, 31.68162 ], [ 35.14054, 31.68158 ], [ 35.14096, 31.68126 ], [ 35.14135, 31.68102 ], [ 35.14156, 31.68124 ], [ 35.14166, 31.68148 ], [ 35.14205, 31.68152 ], [ 35.14234, 31.68135 ], [ 35.14255, 31.68101 ], [ 35.14249, 31.68065 ], [ 35.14259, 31.68052 ], [ 35.14286, 31.68058 ], [ 35.14297, 31.68052 ], [ 35.14322, 31.68073 ], [ 35.14337, 31.68105 ], [ 35.14346, 31.68137 ], [ 35.14352, 31.68169 ], [ 35.14351, 31.682 ], [ 35.14351, 31.68221 ], [ 35.14361, 31.6825 ], [ 35.14373, 31.68252 ], [ 35.14404, 31.68276 ], [ 35.14441, 31.68312 ], [ 35.1448, 31.68333 ], [ 35.14513, 31.6833 ], [ 35.14521, 31.68315 ], [ 35.14526, 31.68242 ], [ 35.14517, 31.68187 ], [ 35.14516, 31.68157 ], [ 35.14515, 31.68113 ], [ 35.14529, 31.68069 ] ] ] ] } },
{ "type": "Feature", "properties": { "OBJECTID": 36, "Id": 0, "Name": "אפרת", "NameEng": "Efrata", "ET_ID": 2299149, "GIS_ID": 3650.0, "Type": "Settlement", "Ideologica": "Religious", "Shape_Leng": 11080.302723299999, "Shape_Area": 1877215.4909000001, "WKT": null, "DB_ID": 14.0, "Time": 1980, "X": 214889.56147300001, "Y": 618742.37086200004, "WKT_1": null, "WKT_ISR": null }, "geometry": { "type": "MultiPolygon", "coordinates": [ [ [ [ 35.16569, 31.6745 ], [ 35.16607, 31.67467 ], [ 35.16662, 31.67512 ], [ 35.16731, 31.6751 ], [ 35.16795, 31.67537 ], [ 35.16848, 31.67576 ], [ 35.16848, 31.67612 ], [ 35.16888, 31.67642 ], [ 35.1696, 31.67676 ], [ 35.17027, 31.67692 ], [ 35.17072, 31.6764 ], [ 35.17072, 31.67583 ], [ 35.17086, 31.67569 ], [ 35.17086, 31.6753 ], [ 35.17062, 31.67444 ], [ 35.17078, 31.67355 ], [ 35.17054, 31.67305 ], [ 35.17054, 31.67262 ], [ 35.17051, 31.67191 ], [ 35.17035, 31.67123 ], [ 35.17001, 31.671 ], [ 35.16969, 31.67109 ], [ 35.16955, 31.67091 ], [ 35.16942, 31.67063 ], [ 35.16899, 31.67013 ], [ 35.16851, 31.66983 ], [ 35.16814, 31.66999 ], [ 35.16795, 31.66999 ], [ 35.16803, 31.66977 ], [ 35.1679, 31.66947 ], [ 35.16771, 31.66908 ], [ 35.16718, 31.66906 ], [ 35.16686, 31.66938 ], [ 35.16644, 31.66947 ], [ 35.16593, 31.66938 ], [ 35.16553, 31.66888 ], [ 35.16526, 31.66849 ], [ 35.16492, 31.66844 ], [ 35.16449, 31.66812 ], [ 35.1643, 31.66758 ], [ 35.16356, 31.6671 ], [ 35.16329, 31.66623 ], [ 35.16232, 31.66565 ], [ 35.16179, 31.66527 ], [ 35.16136, 31.66492 ], [ 35.16024, 31.66444 ], [ 35.15936, 31.66424 ], [ 35.15854, 31.66376 ], [ 35.158, 31.66376 ], [ 35.15718, 31.66296 ], [ 35.15699, 31.66264 ], [ 35.15643, 31.66221 ], [ 35.15633, 31.66191 ], [ 35.15625, 31.66157 ], [ 35.15587, 31.66146 ], [ 35.1555, 31.66123 ], [ 35.1551, 31.66089 ], [ 35.15505, 31.66032 ], [ 35.15494, 31.65982 ], [ 35.15481, 31.65945 ], [ 35.15438, 31.65877 ], [ 35.15406, 31.65809 ], [ 35.15404, 31.65736 ], [ 35.15388, 31.65725 ], [ 35.15396, 31.65688 ], [ 35.15382, 31.65661 ], [ 35.15329, 31.65624 ], [ 35.15335, 31.65586 ], [ 35.15372, 31.6557 ], [ 35.15372, 31.65529 ], [ 35.15332, 31.65417 ], [ 35.15367, 31.65349 ], [ 35.15417, 31.65253 ], [ 35.15399, 31.65232 ], [ 35.15412, 31.652 ], [ 35.15423, 31.65148 ], [ 35.15428, 31.65109 ], [ 35.15449, 31.65086 ], [ 35.15484, 31.65068 ], [ 35.15484, 31.6503 ], [ 35.15433, 31.64995 ], [ 35.15364, 31.64995 ], [ 35.15322, 31.64941 ], [ 35.15287, 31.6492 ], [ 35.15268, 31.64874 ], [ 35.15276, 31.64802 ], [ 35.15191, 31.64792 ], [ 35.15066, 31.64776 ], [ 35.14954, 31.64769 ], [ 35.14813, 31.64783 ], [ 35.14701, 31.64842 ], [ 35.14685, 31.64821 ], [ 35.14653, 31.64828 ], [ 35.14613, 31.64817 ], [ 35.14583, 31.64767 ], [ 35.14533, 31.64762 ], [ 35.14466, 31.64741 ], [ 35.14424, 31.64705 ], [ 35.14378, 31.6465 ], [ 35.14344, 31.64602 ], [ 35.14301, 31.64598 ], [ 35.14192, 31.64675 ], [ 35.14227, 31.64714 ], [ 35.14197, 31.64741 ], [ 35.14245, 31.64732 ], [ 35.14266, 31.64753 ], [ 35.14309, 31.64776 ], [ 35.14392, 31.64713 ], [ 35.14408, 31.64723 ], [ 35.14431, 31.64759 ], [ 35.14513, 31.64793 ], [ 35.1459, 31.64822 ], [ 35.14615, 31.64875 ], [ 35.14561, 31.6492 ], [ 35.14563, 31.64951 ], [ 35.14581, 31.64942 ], [ 35.14642, 31.65056 ], [ 35.14623, 31.65077 ], [ 35.14655, 31.65159 ], [ 35.1469, 31.652 ], [ 35.14631, 31.65232 ], [ 35.14589, 31.65261 ], [ 35.14546, 31.65241 ], [ 35.14495, 31.65245 ], [ 35.14463, 31.65263 ], [ 35.14431, 31.65286 ], [ 35.14458, 31.65309 ], [ 35.14501, 31.65311 ], [ 35.14532, 31.65364 ], [ 35.1458, 31.65371 ], [ 35.14599, 31.65402 ], [ 35.14583, 31.65434 ], [ 35.14583, 31.65489 ], [ 35.14551, 31.65539 ], [ 35.14578, 31.65573 ], [ 35.14663, 31.656 ], [ 35.14748, 31.65662 ], [ 35.14801, 31.65719 ], [ 35.15004, 31.65821 ], [ 35.15046, 31.65847 ], [ 35.15078, 31.65904 ], [ 35.15036, 31.65931 ], [ 35.15068, 31.65981 ], [ 35.15113, 31.66072 ], [ 35.15161, 31.66141 ], [ 35.15206, 31.6622 ], [ 35.15241, 31.66289 ], [ 35.15345, 31.6633 ], [ 35.15382, 31.66371 ], [ 35.15483, 31.66501 ], [ 35.15534, 31.66585 ], [ 35.15575, 31.66685 ], [ 35.15631, 31.66669 ], [ 35.1573, 31.66696 ], [ 35.15863, 31.66708 ], [ 35.159, 31.66742 ], [ 35.15972, 31.66806 ], [ 35.16015, 31.66836 ], [ 35.16105, 31.66918 ], [ 35.16161, 31.66943 ], [ 35.16199, 31.66947 ], [ 35.16217, 31.67022 ], [ 35.16236, 31.67102 ], [ 35.16262, 31.67212 ], [ 35.16289, 31.67257 ], [ 35.16326, 31.67335 ], [ 35.16372, 31.67385 ], [ 35.16395, 31.67419 ], [ 35.16473, 31.67439 ], [ 35.16569, 31.6745 ] ] ] ] } },
{ "type": "Feature", "properties": { "OBJECTID": 37, "Id": 0, "Name": "שדה בועז", "NameEng": "Sde Boaz", "ET_ID": 11147, "GIS_ID": 0.076, "Type": "Outpost", "Ideologica": "Religious", "Shape_Leng": 1298.5692612, "Shape_Area": 53003.576299, "WKT": null, "DB_ID": 298.0, "Time": 2002, "X": 214074.10247700001, "Y": 622396.304718, "WKT_1": null, "WKT_ISR": null }, "geometry": { "type": "MultiPolygon", "coordinates": [ [ [ [ 35.14764, 31.69516 ], [ 35.148, 31.69469 ], [ 35.14835, 31.6945 ], [ 35.1485, 31.69422 ], [ 35.14878, 31.6944 ], [ 35.14886, 31.69497 ], [ 35.14948, 31.69502 ], [ 35.14953, 31.69384 ], [ 35.14899, 31.69373 ], [ 35.1479, 31.69385 ], [ 35.14797, 31.69336 ], [ 35.14814, 31.69275 ], [ 35.14801, 31.6925 ], [ 35.14778, 31.69255 ], [ 35.14736, 31.69267 ], [ 35.1469, 31.69267 ], [ 35.14687, 31.69284 ], [ 35.14689, 31.69316 ], [ 35.14695, 31.69322 ], [ 35.14699, 31.69326 ], [ 35.1465, 31.69394 ], [ 35.14601, 31.69424 ], [ 35.14605, 31.69468 ], [ 35.14639, 31.69501 ], [ 35.14681, 31.69493 ], [ 35.147, 31.69515 ], [ 35.14718, 31.69524 ], [ 35.14738, 31.69535 ], [ 35.14764, 31.69516 ] ] ] ] } },
{ "type": "Feature", "properties": { "OBJECTID": 38, "Id": 0, "Name": "ביתר עלית", "NameEng": "Beitar Illit", "ET_ID": 3891274, "GIS_ID": 3780.0, "Type": "Settlement", "Ideologica": "Ultra Orthodox", "Shape_Leng": 19323.0226263, "Shape_Area": 4030900.33812, "WKT": null, "DB_ID": 22.0, "Time": 1985, "X": 210676.547372, "Y": 622819.69839000003, "WKT_1": null, "WKT_ISR": null }, "geometry": { "type": "MultiPolygon", "coordinates": [ [ [ [ 35.11655, 31.7089 ], [ 35.11677, 31.70849 ], [ 35.11708, 31.70849 ], [ 35.11734, 31.70854 ], [ 35.11755, 31.70854 ], [ 35.11788, 31.70855 ], [ 35.11814, 31.70857 ], [ 35.11847, 31.70852 ], [ 35.11875, 31.70855 ], [ 35.11901, 31.70852 ], [ 35.11913, 31.70844 ], [ 35.11928, 31.70831 ], [ 35.11938, 31.70809 ], [ 35.11933, 31.70791 ], [ 35.11936, 31.70771 ], [ 35.11926, 31.70736 ], [ 35.11908, 31.70699 ], [ 35.11904, 31.70678 ], [ 35.11917, 31.70676 ], [ 35.11936, 31.70678 ], [ 35.11965, 31.70677 ], [ 35.1198, 31.70675 ], [ 35.12007, 31.70666 ], [ 35.12048, 31.70654 ], [ 35.12063, 31.7065 ], [ 35.12086, 31.70661 ], [ 35.12103, 31.70672 ], [ 35.12122, 31.70698 ], [ 35.12135, 31.70728 ], [ 35.12145, 31.70753 ], [ 35.1215, 31.70775 ], [ 35.12159, 31.70783 ], [ 35.12191, 31.7081 ], [ 35.12237, 31.70829 ], [ 35.12308, 31.70853 ], [ 35.1233, 31.70825 ], [ 35.12268, 31.70809 ], [ 35.12212, 31.70784 ], [ 35.12187, 31.70756 ], [ 35.1219, 31.70719 ], [ 35.12203, 31.70701 ], [ 35.12222, 31.70692 ], [ 35.12252, 31.70672 ], [ 35.12267, 31.70668 ], [ 35.12287, 31.70689 ], [ 35.12303, 31.70698 ], [ 35.12327, 31.70708 ], [ 35.12351, 31.7071 ], [ 35.12366, 31.70703 ], [ 35.1239, 31.70697 ], [ 35.12393, 31.70685 ], [ 35.12383, 31.7065 ], [ 35.12365, 31.7063 ], [ 35.12342, 31.70619 ], [ 35.12302, 31.70609 ], [ 35.12263, 31.7061 ], [ 35.12237, 31.70626 ], [ 35.12225, 31.70625 ], [ 35.12203, 31.70597 ], [ 35.12188, 31.70586 ], [ 35.12187, 31.70567 ], [ 35.12186, 31.70543 ], [ 35.12188, 31.70524 ], [ 35.12197, 31.70494 ], [ 35.12198, 31.70479 ], [ 35.1221, 31.70422 ], [ 35.12231, 31.70376 ], [ 35.12246, 31.70346 ], [ 35.12262, 31.70296 ], [ 35.12282, 31.70293 ], [ 35.12309, 31.70291 ], [ 35.12334, 31.70294 ], [ 35.12352, 31.70298 ], [ 35.1238, 31.70311 ], [ 35.12407, 31.70335 ], [ 35.12438, 31.70357 ], [ 35.12499, 31.70367 ], [ 35.12561, 31.70401 ], [ 35.12604, 31.70457 ], [ 35.12626, 31.70526 ], [ 35.12653, 31.70583 ], [ 35.12662, 31.70583 ], [ 35.12678, 31.7057 ], [ 35.12655, 31.70531 ], [ 35.12669, 31.70511 ], [ 35.12651, 31.70457 ], [ 35.12678, 31.70449 ], [ 35.12683, 31.70389 ], [ 35.12703, 31.70369 ], [ 35.12733, 31.70306 ], [ 35.12734, 31.70211 ], [ 35.12731, 31.70108 ], [ 35.12798, 31.70091 ], [ 35.12811, 31.7006 ], [ 35.12805, 31.70023 ], [ 35.12781, 31.6994 ], [ 35.12786, 31.69899 ], [ 35.12791, 31.69837 ], [ 35.12844, 31.69841 ], [ 35.12839, 31.698 ], [ 35.12786, 31.69729 ], [ 35.12762, 31.69676 ], [ 35.12796, 31.69647 ], [ 35.12762, 31.69585 ], [ 35.12714, 31.6951 ], [ 35.12567, 31.6943 ], [ 35.12493, 31.69414 ], [ 35.12415, 31.69354 ], [ 35.12304, 31.69304 ], [ 35.12202, 31.69265 ], [ 35.12073, 31.69259 ], [ 35.11902, 31.69208 ], [ 35.11793, 31.69128 ], [ 35.11682, 31.69049 ], [ 35.11591, 31.68985 ], [ 35.11521, 31.68905 ], [ 35.11423, 31.68897 ], [ 35.11324, 31.6893 ], [ 35.11242, 31.68953 ], [ 35.11167, 31.68957 ], [ 35.11096, 31.6894 ], [ 35.1104, 31.68909 ], [ 35.10986, 31.6883 ], [ 35.10885, 31.68805 ], [ 35.10759, 31.68871 ], [ 35.10623, 31.6888 ], [ 35.10478, 31.68875 ], [ 35.10376, 31.68979 ], [ 35.10376, 31.69049 ], [ 35.10366, 31.69103 ], [ 35.10405, 31.69206 ], [ 35.10439, 31.69281 ], [ 35.10352, 31.69235 ], [ 35.10236, 31.6921 ], [ 35.1012, 31.69202 ], [ 35.09965, 31.69148 ], [ 35.09858, 31.69107 ], [ 35.09781, 31.69181 ], [ 35.09698, 31.69235 ], [ 35.09645, 31.69317 ], [ 35.0963, 31.694 ], [ 35.09659, 31.69454 ], [ 35.09616, 31.69508 ], [ 35.09514, 31.69545 ], [ 35.09417, 31.6959 ], [ 35.09378, 31.69648 ], [ 35.09407, 31.69764 ], [ 35.09446, 31.6983 ], [ 35.09519, 31.69934 ], [ 35.09586, 31.69992 ], [ 35.09678, 31.70033 ], [ 35.09775, 31.70062 ], [ 35.09857, 31.70075 ], [ 35.09886, 31.70029 ], [ 35.09954, 31.70025 ], [ 35.1006, 31.70079 ], [ 35.10196, 31.70141 ], [ 35.10243, 31.70153 ], [ 35.10294, 31.70168 ], [ 35.10322, 31.70185 ], [ 35.1039, 31.70231 ], [ 35.10472, 31.70272 ], [ 35.10555, 31.70307 ], [ 35.10579, 31.70265 ], [ 35.10588, 31.70206 ], [ 35.10639, 31.70199 ], [ 35.10687, 31.70213 ], [ 35.1074, 31.70234 ], [ 35.10807, 31.70253 ], [ 35.10841, 31.70256 ], [ 35.10876, 31.70251 ], [ 35.10937, 31.70252 ], [ 35.10978, 31.70255 ], [ 35.11014, 31.70271 ], [ 35.11053, 31.70303 ], [ 35.11084, 31.70331 ], [ 35.11101, 31.70344 ], [ 35.11112, 31.70365 ], [ 35.11103, 31.70392 ], [ 35.11111, 31.70407 ], [ 35.11131, 31.70422 ], [ 35.11155, 31.70425 ], [ 35.11166, 31.70407 ], [ 35.1121, 31.70424 ], [ 35.11234, 31.70452 ], [ 35.11281, 31.70485 ], [ 35.11331, 31.7051 ], [ 35.11422, 31.70562 ], [ 35.11496, 31.70584 ], [ 35.11575, 31.7061 ], [ 35.11596, 31.70632 ], [ 35.11586, 31.70665 ], [ 35.11569, 31.70693 ], [ 35.11542, 31.70689 ], [ 35.11491, 31.70677 ], [ 35.11484, 31.70688 ], [ 35.11482, 31.70709 ], [ 35.11481, 31.70713 ], [ 35.1148, 31.70716 ], [ 35.11384, 31.70696 ], [ 35.11226, 31.70624 ], [ 35.11067, 31.7054 ], [ 35.10891, 31.7044 ], [ 35.10717, 31.7044 ], [ 35.10609, 31.70451 ], [ 35.10626, 31.70498 ], [ 35.10861, 31.70626 ], [ 35.10924, 31.70676 ], [ 35.10921, 31.7068 ], [ 35.10941, 31.7073 ], [ 35.11023, 31.70771 ], [ 35.11105, 31.70837 ], [ 35.11221, 31.70871 ], [ 35.11304, 31.70854 ], [ 35.11357, 31.70883 ], [ 35.11423, 31.70878 ], [ 35.11534, 31.70881 ], [ 35.11655, 31.7089 ] ], [ [ 35.11659, 31.70263 ], [ 35.11644, 31.70232 ], [ 35.11613, 31.70195 ], [ 35.11654, 31.70166 ], [ 35.11651, 31.70164 ], [ 35.11625, 31.70137 ], [ 35.11595, 31.70103 ], [ 35.11617, 31.70081 ], [ 35.1158, 31.70048 ], [ 35.11558, 31.70065 ], [ 35.11518, 31.70036 ], [ 35.11452, 31.70001 ], [ 35.114, 31.69942 ], [ 35.11388, 31.69914 ], [ 35.11361, 31.699 ], [ 35.11324, 31.69891 ], [ 35.11278, 31.69909 ], [ 35.11261, 31.69913 ], [ 35.11228, 31.69913 ], [ 35.11178, 31.69912 ], [ 35.11107, 31.69872 ], [ 35.11082, 31.69848 ], [ 35.11067, 31.69822 ], [ 35.11018, 31.69783 ], [ 35.10982, 31.69754 ], [ 35.10969, 31.69773 ], [ 35.10948, 31.69775 ], [ 35.10917, 31.69791 ], [ 35.10902, 31.69821 ], [ 35.10863, 31.69803 ], [ 35.10823, 31.69767 ], [ 35.10782, 31.69704 ], [ 35.10749, 31.69666 ], [ 35.10745, 31.69638 ], [ 35.10747, 31.69605 ], [ 35.10763, 31.69596 ], [ 35.10785, 31.69631 ], [ 35.10824, 31.69648 ], [ 35.10849, 31.69641 ], [ 35.10825, 31.69621 ], [ 35.1079, 31.69597 ], [ 35.10774, 31.6957 ], [ 35.1075, 31.69559 ], [ 35.10751, 31.69537 ], [ 35.10728, 31.69516 ], [ 35.10713, 31.69499 ], [ 35.10723, 31.69477 ], [ 35.10758, 31.69477 ], [ 35.10776, 31.69458 ], [ 35.10811, 31.69459 ], [ 35.10867, 31.69498 ], [ 35.10917, 31.69544 ], [ 35.10956, 31.69578 ], [ 35.10993, 31.69595 ], [ 35.11036, 31.6963 ], [ 35.11054, 31.69654 ], [ 35.11049, 31.69678 ], [ 35.11066, 31.69689 ], [ 35.11109, 31.69686 ], [ 35.11163, 31.69679 ], [ 35.11176, 31.6967 ], [ 35.11266, 31.69684 ], [ 35.11338, 31.69681 ], [ 35.11382, 31.69672 ], [ 35.11502, 31.69632 ], [ 35.11526, 31.69632 ], [ 35.11577, 31.69645 ], [ 35.11596, 31.69675 ], [ 35.11595, 31.69713 ], [ 35.11603, 31.69757 ], [ 35.11623, 31.69773 ], [ 35.11686, 31.69807 ], [ 35.11737, 31.69816 ], [ 35.1179, 31.69833 ], [ 35.11867, 31.69861 ], [ 35.11985, 31.69902 ], [ 35.12089, 31.69926 ], [ 35.12166, 31.69962 ], [ 35.12285, 31.70016 ], [ 35.12277, 31.70034 ], [ 35.12267, 31.70076 ], [ 35.12316, 31.70088 ], [ 35.12389, 31.70111 ], [ 35.12422, 31.70138 ], [ 35.12415, 31.70155 ], [ 35.12402, 31.70176 ], [ 35.12367, 31.70182 ], [ 35.12336, 31.70174 ], [ 35.12287, 31.70154 ], [ 35.12245, 31.70126 ], [ 35.12214, 31.70114 ], [ 35.12157, 31.70104 ], [ 35.12107, 31.70092 ], [ 35.1205, 31.70079 ], [ 35.11997, 31.70074 ], [ 35.11953, 31.70081 ], [ 35.11915, 31.70094 ], [ 35.11877, 31.70102 ], [ 35.11834, 31.70106 ], [ 35.11799, 31.70122 ], [ 35.11759, 31.70137 ], [ 35.11737, 31.70156 ], [ 35.11746, 31.70176 ], [ 35.11758, 31.70183 ], [ 35.11774, 31.70217 ], [ 35.11767, 31.70226 ], [ 35.11758, 31.70244 ], [ 35.11737, 31.70279 ], [ 35.11704, 31.70295 ], [ 35.11684, 31.70292 ], [ 35.11659, 31.70263 ] ], [ [ 35.12448, 31.70182 ], [ 35.12459, 31.70163 ], [ 35.12461, 31.70146 ], [ 35.12457, 31.70131 ], [ 35.12457, 31.70114 ], [ 35.12468, 31.70115 ], [ 35.12491, 31.70124 ], [ 35.12523, 31.70143 ], [ 35.12535, 31.70155 ], [ 35.12541, 31.70171 ], [ 35.12556, 31.70176 ], [ 35.12576, 31.70168 ], [ 35.12599, 31.70159 ], [ 35.1262, 31.70146 ], [ 35.12633, 31.70131 ], [ 35.12654, 31.70102 ], [ 35.12674, 31.70095 ], [ 35.12683, 31.70106 ], [ 35.12698, 31.70128 ], [ 35.12705, 31.70148 ], [ 35.12705, 31.70163 ], [ 35.12699, 31.70179 ], [ 35.12694, 31.70195 ], [ 35.12693, 31.70214 ], [ 35.1269, 31.7023 ], [ 35.12678, 31.70248 ], [ 35.12669, 31.70276 ], [ 35.12652, 31.70305 ], [ 35.1263, 31.70331 ], [ 35.12613, 31.70353 ], [ 35.12585, 31.70365 ], [ 35.12567, 31.70373 ], [ 35.1255, 31.70362 ], [ 35.12552, 31.70355 ], [ 35.12546, 31.70342 ], [ 35.12546, 31.70333 ], [ 35.12538, 31.70328 ], [ 35.1253, 31.70323 ], [ 35.1252, 31.70318 ], [ 35.12518, 31.70299 ], [ 35.12507, 31.70291 ], [ 35.1249, 31.70291 ], [ 35.12462, 31.70296 ], [ 35.12443, 31.70296 ], [ 35.12438, 31.70285 ], [ 35.12438, 31.70267 ], [ 35.12427, 31.70253 ], [ 35.12414, 31.7024 ], [ 35.12414, 31.70228 ], [ 35.12416, 31.70205 ], [ 35.1242, 31.70195 ], [ 35.12436, 31.70187 ], [ 35.12448, 31.70182 ] ] ] ] } },
{ "type": "Feature", "properties": { "OBJECTID": 39, "Id": 0, "Name": "הר גילה", "NameEng": "Har Gilo", "ET_ID": 474260, "GIS_ID": 3603.0, "Type": "Settlement", "Ideologica": "No", "Shape_Leng": 3649.8933747900001, "Shape_Area": 474978.01581800001, "WKT": null, "DB_ID": 36.0, "Time": 1972, "X": 216145.28794099999, "Y": 625562.63164499996, "WKT_1": null, "WKT_ISR": null }, "geometry": { "type": "MultiPolygon", "coordinates": [ [ [ [ 35.16634, 31.7255 ], [ 35.16679, 31.72543 ], [ 35.16735, 31.72551 ], [ 35.16788, 31.72563 ], [ 35.16816, 31.72577 ], [ 35.16826, 31.72608 ], [ 35.16915, 31.72557 ], [ 35.16982, 31.72501 ], [ 35.17023, 31.72451 ], [ 35.17063, 31.7241 ], [ 35.17114, 31.72399 ], [ 35.1716, 31.72379 ], [ 35.17197, 31.72335 ], [ 35.17203, 31.72294 ], [ 35.17235, 31.72273 ], [ 35.17291, 31.72261 ], [ 35.17313, 31.72216 ], [ 35.17326, 31.72188 ], [ 35.17339, 31.72172 ], [ 35.17364, 31.72158 ], [ 35.17389, 31.72158 ], [ 35.17425, 31.72152 ], [ 35.17488, 31.7216 ], [ 35.17541, 31.72145 ], [ 35.17566, 31.72104 ], [ 35.17602, 31.72046 ], [ 35.17637, 31.71977 ], [ 35.17657, 31.71905 ], [ 35.17647, 31.71862 ], [ 35.17616, 31.7184 ], [ 35.17576, 31.71854 ], [ 35.17549, 31.71867 ], [ 35.17514, 31.71881 ], [ 35.17482, 31.71889 ], [ 35.17451, 31.71896 ], [ 35.17396, 31.71915 ], [ 35.1736, 31.71929 ], [ 35.17292, 31.71943 ], [ 35.17218, 31.71925 ], [ 35.17159, 31.71929 ], [ 35.17089, 31.71947 ], [ 35.17028, 31.71975 ], [ 35.16967, 31.72036 ], [ 35.16935, 31.72079 ], [ 35.16883, 31.72143 ], [ 35.16851, 31.72188 ], [ 35.16841, 31.72213 ], [ 35.16836, 31.72226 ], [ 35.16819, 31.72223 ], [ 35.16768, 31.72252 ], [ 35.16683, 31.7226 ], [ 35.16587, 31.72253 ], [ 35.16521, 31.72256 ], [ 35.1648, 31.72264 ], [ 35.16472, 31.72276 ], [ 35.16466, 31.72273 ], [ 35.1641, 31.72327 ], [ 35.16264, 31.72425 ], [ 35.16266, 31.72482 ], [ 35.16319, 31.72556 ], [ 35.16371, 31.72615 ], [ 35.16438, 31.72636 ], [ 35.16507, 31.72646 ], [ 35.16588, 31.7264 ], [ 35.16592, 31.72565 ], [ 35.16634, 31.7255 ] ] ] ] } },
{ "type": "Feature", "properties": { "OBJECTID": 40, "Id": 0, "Name": "קליה", "NameEng": "Kalia", "ET_ID": 609677, "GIS_ID": 3601.0, "Type": "Settlement", "Ideologica": "No", "Shape_Leng": 3725.1993714499999, "Shape_Area": 609678.71045000001, "WKT": null, "DB_ID": 115.0, "Time": 1968, "X": 244342.61818300001, "Y": 628727.299887, "WKT_1": null, "WKT_ISR": null }, "geometry": { "type": "MultiPolygon", "coordinates": [ [ [ [ 35.46082, 31.75557 ], [ 35.46158, 31.75573 ], [ 35.46272, 31.75545 ], [ 35.46308, 31.75499 ], [ 35.46359, 31.75421 ], [ 35.46462, 31.75421 ], [ 35.46586, 31.75455 ], [ 35.46635, 31.75435 ], [ 35.46628, 31.75393 ], [ 35.46647, 31.7538 ], [ 35.46761, 31.7538 ], [ 35.468, 31.75236 ], [ 35.46928, 31.75254 ], [ 35.47202, 31.75286 ], [ 35.47219, 31.75265 ], [ 35.47266, 31.7504 ], [ 35.47302, 31.74834 ], [ 35.47182, 31.74816 ], [ 35.47005, 31.74795 ], [ 35.46852, 31.74768 ], [ 35.4682, 31.74732 ], [ 35.46567, 31.74689 ], [ 35.46417, 31.74775 ], [ 35.46398, 31.74966 ], [ 35.46339, 31.75029 ], [ 35.46322, 31.75151 ], [ 35.46265, 31.75158 ], [ 35.46082, 31.75557 ] ] ] ] } },
{ "type": "Feature", "properties": { "OBJECTID": 41, "Id": 0, "Name": "אלמוג", "NameEng": "Almog", "ET_ID": 375425, "GIS_ID": 3556.0, "Type": "Settlement", "Ideologica": "No", "Shape_Leng": 2837.3571145000001, "Shape_Area": 375424.4945, "WKT": null, "DB_ID": 9.0, "Time": 1977, "X": 243869.72759, "Y": 632804.95418500004, "WKT_1": null, "WKT_ISR": null }, "geometry": { "type": "MultiPolygon", "coordinates": [ [ [ [ 35.45884, 31.78986 ], [ 35.45854, 31.79005 ], [ 35.45864, 31.7902 ], [ 35.4589, 31.79029 ], [ 35.45916, 31.79036 ], [ 35.45939, 31.7905 ], [ 35.46014, 31.79112 ], [ 35.46134, 31.7915 ], [ 35.46246, 31.79152 ], [ 35.4633, 31.79073 ], [ 35.4643, 31.7906 ], [ 35.46473, 31.79031 ], [ 35.46508, 31.78922 ], [ 35.46446, 31.78868 ], [ 35.46481, 31.78743 ], [ 35.4644, 31.78663 ], [ 35.46453, 31.78623 ], [ 35.46495, 31.78514 ], [ 35.46512, 31.7847 ], [ 35.46461, 31.78404 ], [ 35.46375, 31.78327 ], [ 35.46281, 31.78355 ], [ 35.46169, 31.78424 ], [ 35.46113, 31.78462 ], [ 35.45971, 31.78554 ], [ 35.45971, 31.78594 ], [ 35.45954, 31.78602 ], [ 35.45906, 31.78626 ], [ 35.45938, 31.78671 ], [ 35.45992, 31.78658 ], [ 35.46028, 31.78703 ], [ 35.46099, 31.78718 ], [ 35.46075, 31.78752 ], [ 35.46077, 31.78773 ], [ 35.46009, 31.78807 ], [ 35.45985, 31.78834 ], [ 35.45873, 31.7888 ], [ 35.45884, 31.78986 ] ] ] ] } },
{ "type": "Feature", "properties": { "OBJECTID": 42, "Id": 0, "Name": "בית הערבה", "NameEng": "Beit Ha'arava", "ET_ID": 536806, "GIS_ID": 3645.0, "Type": "Settlement", "Ideologica": "No", "Shape_Leng": 3679.4372477500001, "Shape_Area": 536805.9058, "WKT": null, "DB_ID": 20.0, "Time": 1980, "X": 245528.856906, "Y": 635105.01814499998, "WKT_1": null, "WKT_ISR": null }, "geometry": { "type": "MultiPolygon", "coordinates": [ [ [ [ 35.47753, 31.806 ], [ 35.47722, 31.80601 ], [ 35.47707, 31.80634 ], [ 35.47663, 31.80647 ], [ 35.47573, 31.80674 ], [ 35.47487, 31.80744 ], [ 35.47451, 31.80788 ], [ 35.47365, 31.80867 ], [ 35.47361, 31.80991 ], [ 35.47371, 31.81071 ], [ 35.47402, 31.81139 ], [ 35.4749, 31.81161 ], [ 35.47637, 31.81153 ], [ 35.47776, 31.81139 ], [ 35.47888, 31.81135 ], [ 35.4798, 31.81093 ], [ 35.48013, 31.80989 ], [ 35.48033, 31.80956 ], [ 35.48081, 31.80958 ], [ 35.48124, 31.8095 ], [ 35.48153, 31.80927 ], [ 35.48331, 31.80975 ], [ 35.48577, 31.80955 ], [ 35.48571, 31.80459 ], [ 35.48341, 31.80531 ], [ 35.48147, 31.80561 ], [ 35.48122, 31.80632 ], [ 35.48092, 31.80655 ], [ 35.48065, 31.80646 ], [ 35.47988, 31.80631 ], [ 35.47927, 31.80664 ], [ 35.47872, 31.80726 ], [ 35.47825, 31.80763 ], [ 35.47796, 31.80753 ], [ 35.47768, 31.80692 ], [ 35.47769, 31.80633 ], [ 35.4775, 31.80602 ], [ 35.47753, 31.806 ] ] ] ] } },
{ "type": "Feature", "properties": { "OBJECTID": 43, "Id": 0, "Name": "מצפה יריחו", "NameEng": "Mitzpe Yericho", "ET_ID": 767605, "GIS_ID": 3576.0, "Type": "Settlement", "Ideologica": "Religious", "Shape_Leng": 4244.56155846, "Shape_Area": 801453.67738200002, "WKT": null, "DB_ID": 77.0, "Time": 1978, "X": 237406.11074199999, "Y": 636133.66186300002, "WKT_1": null, "WKT_ISR": null }, "geometry": { "type": "MultiPolygon", "coordinates": [ [ [ [ 35.38933, 31.82184 ], [ 35.38968, 31.82077 ], [ 35.39008, 31.82129 ], [ 35.39037, 31.82181 ], [ 35.39063, 31.82194 ], [ 35.39201, 31.82185 ], [ 35.39257, 31.82181 ], [ 35.39348, 31.82209 ], [ 35.39429, 31.82264 ], [ 35.39518, 31.82276 ], [ 35.39584, 31.82263 ], [ 35.39613, 31.82244 ], [ 35.3965, 31.8224 ], [ 35.39698, 31.82229 ], [ 35.39739, 31.82208 ], [ 35.39783, 31.8222 ], [ 35.39806, 31.82212 ], [ 35.39849, 31.82148 ], [ 35.3988, 31.82127 ], [ 35.39881, 31.82125 ], [ 35.39888, 31.82123 ], [ 35.39882, 31.82108 ], [ 35.39884, 31.82093 ], [ 35.39901, 31.82061 ], [ 35.39919, 31.82014 ], [ 35.39907, 31.81974 ], [ 35.39874, 31.81938 ], [ 35.39865, 31.819 ], [ 35.39853, 31.81846 ], [ 35.39827, 31.81811 ], [ 35.39803, 31.81774 ], [ 35.39793, 31.81736 ], [ 35.39811, 31.81702 ], [ 35.39803, 31.81675 ], [ 35.39783, 31.81643 ], [ 35.3972, 31.81577 ], [ 35.39679, 31.81501 ], [ 35.39661, 31.81444 ], [ 35.39653, 31.81391 ], [ 35.3967, 31.81369 ], [ 35.39703, 31.81343 ], [ 35.39695, 31.81326 ], [ 35.39675, 31.81319 ], [ 35.39634, 31.81302 ], [ 35.39585, 31.81293 ], [ 35.39534, 31.81259 ], [ 35.39509, 31.81241 ], [ 35.39485, 31.81189 ], [ 35.39475, 31.81134 ], [ 35.39454, 31.81121 ], [ 35.3944, 31.81146 ], [ 35.39415, 31.8118 ], [ 35.39373, 31.81188 ], [ 35.39305, 31.81179 ], [ 35.39265, 31.81182 ], [ 35.39231, 31.81193 ], [ 35.39206, 31.812 ], [ 35.39197, 31.8123 ], [ 35.39209, 31.81248 ], [ 35.39175, 31.8128 ], [ 35.39145, 31.81282 ], [ 35.39139, 31.81293 ], [ 35.39125, 31.81317 ], [ 35.39111, 31.8135 ], [ 35.39098, 31.81398 ], [ 35.39095, 31.81426 ], [ 35.39069, 31.81474 ], [ 35.39054, 31.81539 ], [ 35.39064, 31.81596 ], [ 35.39083, 31.81652 ], [ 35.39074, 31.8169 ], [ 35.39049, 31.81731 ], [ 35.39011, 31.81813 ], [ 35.38979, 31.81871 ], [ 35.38965, 31.81912 ], [ 35.38943, 31.81944 ], [ 35.38924, 31.81976 ], [ 35.38843, 31.82202 ], [ 35.38837, 31.82258 ], [ 35.38893, 31.82282 ], [ 35.38928, 31.82268 ], [ 35.38933, 31.82184 ] ] ] ] } },
{ "type": "Feature", "properties": { "OBJECTID": 44, "Id": 0, "Name": "כפר אדומים", "NameEng": "Kfar Adumim", "ET_ID": 1095540, "GIS_ID": 3638.0, "Type": "Settlement", "Ideologica": "Ideological", "Shape_Leng": 10202.5237173, "Shape_Area": 1087006.17949, "WKT": null, "DB_ID": 56.0, "Time": 1979, "X": 232257.95959700001, "Y": 636654.50550700002, "WKT_1": null, "WKT_ISR": null }, "geometry": { "type": "MultiPolygon", "coordinates": [ [ [ [ 35.34581, 31.8288 ], [ 35.34581, 31.82839 ], [ 35.34569, 31.82767 ], [ 35.34548, 31.82754 ], [ 35.34514, 31.82785 ], [ 35.34474, 31.82798 ], [ 35.34422, 31.82813 ], [ 35.34388, 31.82836 ], [ 35.34328, 31.82813 ], [ 35.34267, 31.82806 ], [ 35.34217, 31.82811 ], [ 35.34167, 31.82785 ], [ 35.34125, 31.82753 ], [ 35.34094, 31.82699 ], [ 35.34052, 31.82692 ], [ 35.33997, 31.82676 ], [ 35.33972, 31.82642 ], [ 35.33924, 31.82624 ], [ 35.33868, 31.82619 ], [ 35.33843, 31.82595 ], [ 35.3382, 31.82542 ], [ 35.33784, 31.82534 ], [ 35.33803, 31.82472 ], [ 35.33809, 31.82467 ], [ 35.33775, 31.82453 ], [ 35.33715, 31.82434 ], [ 35.3372, 31.82368 ], [ 35.33749, 31.82287 ], [ 35.33702, 31.82258 ], [ 35.33652, 31.82241 ], [ 35.33667, 31.82196 ], [ 35.33717, 31.82164 ], [ 35.33784, 31.8213 ], [ 35.33792, 31.821 ], [ 35.33856, 31.82025 ], [ 35.33901, 31.8193 ], [ 35.34003, 31.81941 ], [ 35.34083, 31.81998 ], [ 35.34205, 31.82003 ], [ 35.34337, 31.82024 ], [ 35.34416, 31.82128 ], [ 35.34488, 31.82176 ], [ 35.34569, 31.82107 ], [ 35.34672, 31.82152 ], [ 35.34715, 31.82149 ], [ 35.34716, 31.82151 ], [ 35.34969, 31.82139 ], [ 35.3507, 31.82126 ], [ 35.35123, 31.81967 ], [ 35.35155, 31.81811 ], [ 35.35069, 31.81774 ], [ 35.34953, 31.8177 ], [ 35.34916, 31.81765 ], [ 35.34938, 31.81734 ], [ 35.34968, 31.81691 ], [ 35.35003, 31.81637 ], [ 35.35042, 31.81609 ], [ 35.35074, 31.816 ], [ 35.35091, 31.81515 ], [ 35.35062, 31.81492 ], [ 35.34993, 31.81479 ], [ 35.3498, 31.81463 ], [ 35.34923, 31.8145 ], [ 35.34907, 31.81491 ], [ 35.34868, 31.81596 ], [ 35.34808, 31.81737 ], [ 35.34698, 31.819 ], [ 35.34613, 31.81941 ], [ 35.34543, 31.81956 ], [ 35.34453, 31.81915 ], [ 35.34448, 31.81888 ], [ 35.34488, 31.81862 ], [ 35.34545, 31.81858 ], [ 35.34618, 31.81804 ], [ 35.3452, 31.81691 ], [ 35.34437, 31.81719 ], [ 35.3438, 31.81712 ], [ 35.34287, 31.81697 ], [ 35.34219, 31.81687 ], [ 35.34086, 31.81714 ], [ 35.34001, 31.8181 ], [ 35.33886, 31.81896 ], [ 35.33846, 31.82005 ], [ 35.33781, 31.82072 ], [ 35.33747, 31.82085 ], [ 35.33668, 31.82056 ], [ 35.336, 31.82018 ], [ 35.33461, 31.81965 ], [ 35.33407, 31.81975 ], [ 35.33394, 31.82066 ], [ 35.33419, 31.82143 ], [ 35.33448, 31.8223 ], [ 35.33422, 31.82234 ], [ 35.33386, 31.82196 ], [ 35.33341, 31.82163 ], [ 35.33314, 31.82154 ], [ 35.33251, 31.82179 ], [ 35.33273, 31.82192 ], [ 35.33177, 31.82263 ], [ 35.33146, 31.82301 ], [ 35.33143, 31.823 ], [ 35.33114, 31.82287 ], [ 35.33081, 31.82319 ], [ 35.33054, 31.82343 ], [ 35.33041, 31.82359 ], [ 35.33013, 31.82356 ], [ 35.32978, 31.82361 ], [ 35.32958, 31.82374 ], [ 35.32951, 31.82384 ], [ 35.32946, 31.82403 ], [ 35.32941, 31.82419 ], [ 35.32912, 31.82458 ], [ 35.32891, 31.82475 ], [ 35.32869, 31.82503 ], [ 35.32852, 31.82524 ], [ 35.32804, 31.82516 ], [ 35.32776, 31.8251 ], [ 35.32743, 31.82525 ], [ 35.32733, 31.82537 ], [ 35.32672, 31.82542 ], [ 35.32671, 31.8258 ], [ 35.32735, 31.82576 ], [ 35.3281, 31.82584 ], [ 35.32846, 31.826 ], [ 35.32913, 31.82646 ], [ 35.32977, 31.82679 ], [ 35.33032, 31.8268 ], [ 35.33095, 31.82683 ], [ 35.33157, 31.8269 ], [ 35.33199, 31.82701 ], [ 35.3326, 31.82726 ], [ 35.33318, 31.82747 ], [ 35.33348, 31.82745 ], [ 35.3343, 31.82748 ], [ 35.33493, 31.82753 ], [ 35.33562, 31.8276 ], [ 35.33594, 31.82761 ], [ 35.33599, 31.82761 ], [ 35.33639, 31.82763 ], [ 35.33668, 31.82792 ], [ 35.3371, 31.82799 ], [ 35.33717, 31.82831 ], [ 35.33742, 31.82876 ], [ 35.33767, 31.82879 ], [ 35.33806, 31.82874 ], [ 35.3385, 31.82856 ], [ 35.33895, 31.82849 ], [ 35.33963, 31.8287 ], [ 35.34008, 31.82872 ], [ 35.3406, 31.82874 ], [ 35.34106, 31.82867 ], [ 35.34164, 31.82849 ], [ 35.34242, 31.82864 ], [ 35.34273, 31.82897 ], [ 35.34302, 31.8292 ], [ 35.34342, 31.82959 ], [ 35.34413, 31.829 ], [ 35.34462, 31.82904 ], [ 35.34511, 31.82901 ], [ 35.34547, 31.82891 ], [ 35.34581, 31.8288 ] ] ] ] } },
{ "type": "Feature", "properties": { "OBJECTID": 45, "Id": 0, "Name": "ורד יריחו", "NameEng": "Vered Yericho", "ET_ID": 564828, "GIS_ID": 3639.0, "Type": "Settlement", "Ideologica": "No", "Shape_Leng": 5106.09298124, "Shape_Area": 564828.79225000006, "WKT": null, "DB_ID": 38.0, "Time": 1980, "X": 241021.85468300001, "Y": 637117.50782199996, "WKT_1": null, "WKT_ISR": null }, "geometry": { "type": "MultiPolygon", "coordinates": [ [ [ [ 35.43945, 31.82441 ], [ 35.43917, 31.82415 ], [ 35.4385, 31.82427 ], [ 35.43802, 31.82415 ], [ 35.43712, 31.82427 ], [ 35.4362, 31.82391 ], [ 35.43572, 31.82418 ], [ 35.4353, 31.82418 ], [ 35.43494, 31.82411 ], [ 35.43449, 31.82382 ], [ 35.43413, 31.82399 ], [ 35.43314, 31.8238 ], [ 35.43289, 31.82425 ], [ 35.43245, 31.82454 ], [ 35.43177, 31.82437 ], [ 35.43135, 31.8245 ], [ 35.43085, 31.82421 ], [ 35.43043, 31.82433 ], [ 35.4295, 31.82464 ], [ 35.42889, 31.82515 ], [ 35.4283, 31.82572 ], [ 35.42819, 31.8263 ], [ 35.42757, 31.82615 ], [ 35.42752, 31.82553 ], [ 35.4274, 31.82508 ], [ 35.42712, 31.82556 ], [ 35.42662, 31.82582 ], [ 35.4257, 31.82637 ], [ 35.42489, 31.8268 ], [ 35.42427, 31.82728 ], [ 35.42374, 31.82736 ], [ 35.42354, 31.82752 ], [ 35.42354, 31.82769 ], [ 35.42332, 31.8281 ], [ 35.42343, 31.82834 ], [ 35.42447, 31.82867 ], [ 35.42517, 31.82898 ], [ 35.42537, 31.82903 ], [ 35.42531, 31.8292 ], [ 35.42576, 31.82972 ], [ 35.42641, 31.83013 ], [ 35.42725, 31.8302 ], [ 35.42812, 31.82993 ], [ 35.42859, 31.82955 ], [ 35.4287, 31.82907 ], [ 35.42848, 31.82878 ], [ 35.42834, 31.82854 ], [ 35.42842, 31.82809 ], [ 35.42901, 31.82806 ], [ 35.42971, 31.8277 ], [ 35.43015, 31.82732 ], [ 35.43069, 31.82713 ], [ 35.43074, 31.82663 ], [ 35.43122, 31.82662 ], [ 35.43164, 31.82691 ], [ 35.43203, 31.82708 ], [ 35.43237, 31.82684 ], [ 35.43265, 31.82698 ], [ 35.43284, 31.82729 ], [ 35.43329, 31.82746 ], [ 35.43371, 31.82739 ], [ 35.43419, 31.8275 ], [ 35.43458, 31.82774 ], [ 35.43492, 31.82791 ], [ 35.43531, 31.82786 ], [ 35.43556, 31.82714 ], [ 35.43584, 31.82757 ], [ 35.43627, 31.82817 ], [ 35.43691, 31.82836 ], [ 35.43747, 31.82834 ], [ 35.43834, 31.82836 ], [ 35.43901, 31.82852 ], [ 35.43851, 31.82939 ], [ 35.43815, 31.82934 ], [ 35.43775, 31.82951 ], [ 35.43773, 31.83023 ], [ 35.43832, 31.83034 ], [ 35.43851, 31.83034 ], [ 35.43865, 31.82963 ], [ 35.43899, 31.82898 ], [ 35.43938, 31.82819 ], [ 35.43945, 31.82441 ] ] ] ] } },
{ "type": "Feature", "properties": { "OBJECTID": 46, "Id": 0, "Name": "הר אדר", "NameEng": "Har Adar", "ET_ID": 1201704, "GIS_ID": 3769.0, "Type": "Settlement", "Ideologica": "No", "Shape_Leng": 4704.5643730800002, "Shape_Area": 1201701.07825, "WKT": null, "DB_ID": 35.0, "Time": 1986, "X": 212400.610392, "Y": 637137.78592699999, "WKT_1": null, "WKT_ISR": null }, "geometry": { "type": "MultiPolygon", "coordinates": [ [ [ [ 35.12483, 31.82373 ], [ 35.12503, 31.82441 ], [ 35.12537, 31.82497 ], [ 35.12584, 31.82534 ], [ 35.12565, 31.8256 ], [ 35.12404, 31.82648 ], [ 35.12444, 31.82674 ], [ 35.12444, 31.82688 ], [ 35.12441, 31.82743 ], [ 35.12428, 31.82817 ], [ 35.12459, 31.82905 ], [ 35.12366, 31.82992 ], [ 35.12366, 31.83056 ], [ 35.12391, 31.83175 ], [ 35.12496, 31.8326 ], [ 35.12602, 31.83284 ], [ 35.1276, 31.83279 ], [ 35.12853, 31.83202 ], [ 35.12987, 31.83136 ], [ 35.1313, 31.83231 ], [ 35.13217, 31.83232 ], [ 35.13313, 31.83213 ], [ 35.13652, 31.82903 ], [ 35.13608, 31.82752 ], [ 35.13612, 31.82707 ], [ 35.13581, 31.8259 ], [ 35.13509, 31.82529 ], [ 35.13466, 31.82468 ], [ 35.13478, 31.82399 ], [ 35.13478, 31.82367 ], [ 35.13419, 31.82333 ], [ 35.13413, 31.82256 ], [ 35.13447, 31.8216 ], [ 35.13447, 31.82126 ], [ 35.13404, 31.82107 ], [ 35.1318, 31.82126 ], [ 35.13013, 31.8215 ], [ 35.1297, 31.82017 ], [ 35.12904, 31.82013 ], [ 35.12803, 31.82122 ], [ 35.12776, 31.82143 ], [ 35.12729, 31.82175 ], [ 35.12691, 31.82203 ], [ 35.12634, 31.8224 ], [ 35.12598, 31.82261 ], [ 35.12568, 31.82283 ], [ 35.12563, 31.82287 ], [ 35.12545, 31.82303 ], [ 35.12532, 31.82321 ], [ 35.12509, 31.82327 ], [ 35.12495, 31.82331 ], [ 35.12486, 31.8235 ], [ 35.12483, 31.82373 ] ] ] ] } },
{ "type": "Feature", "properties": { "OBJECTID": 48, "Id": 0, "Name": "הר שמואל", "NameEng": "Har Shmuel", "ET_ID": 285239, "GIS_ID": 3730.3, "Type": "Settlement", "Ideologica": "Ultra Orthodox", "Shape_Leng": 2471.0260571499998, "Shape_Area": 285240.04314999998, "WKT": null, "DB_ID": 37.0, "Time": 1998, "X": 216243.04679299999, "Y": 638064.80962399999, "WKT_1": null, "WKT_ISR": null }, "geometry": { "type": "MultiPolygon", "coordinates": [ [ [ [ 35.17301, 31.83255 ], [ 35.17114, 31.83207 ], [ 35.17027, 31.8319 ], [ 35.17015, 31.83262 ], [ 35.16959, 31.83376 ], [ 35.16959, 31.83411 ], [ 35.16868, 31.83445 ], [ 35.16819, 31.83547 ], [ 35.16704, 31.83571 ], [ 35.16689, 31.83687 ], [ 35.16685, 31.83757 ], [ 35.16687, 31.83793 ], [ 35.16722, 31.83833 ], [ 35.16796, 31.83837 ], [ 35.16975, 31.83819 ], [ 35.17062, 31.83796 ], [ 35.17097, 31.83793 ], [ 35.17099, 31.83707 ], [ 35.17181, 31.83645 ], [ 35.17301, 31.83577 ], [ 35.17406, 31.83568 ], [ 35.17482, 31.83568 ], [ 35.17507, 31.83561 ], [ 35.17511, 31.83534 ], [ 35.17447, 31.8349 ], [ 35.17377, 31.83448 ], [ 35.17328, 31.83399 ], [ 35.17315, 31.83327 ], [ 35.17301, 31.83255 ] ] ] ] } },
{ "type": "Feature", "properties": { "OBJECTID": 49, "Id": 0, "Name": "גבעון", "NameEng": "Giv'on", "ET_ID": 111545, "GIS_ID": 3730.2, "Type": "Settlement", "Ideologica": "Religious", "Shape_Leng": 1527.38078189, "Shape_Area": 111544.93865, "WKT": null, "DB_ID": 28.0, "Time": 1977, "X": 216322.16374600001, "Y": 639602.11492199998, "WKT_1": null, "WKT_ISR": null }, "geometry": { "type": "MultiPolygon", "coordinates": [ [ [ [ 35.1717, 31.8506 ], [ 35.17252, 31.85065 ], [ 35.17278, 31.85063 ], [ 35.17332, 31.85023 ], [ 35.17362, 31.8496 ], [ 35.17382, 31.84948 ], [ 35.17348, 31.84901 ], [ 35.17297, 31.84869 ], [ 35.17274, 31.84859 ], [ 35.17315, 31.84813 ], [ 35.17329, 31.84751 ], [ 35.17312, 31.8473 ], [ 35.17288, 31.84725 ], [ 35.17251, 31.84735 ], [ 35.17207, 31.84828 ], [ 35.172, 31.84832 ], [ 35.17074, 31.84824 ], [ 35.1697, 31.8482 ], [ 35.16915, 31.84823 ], [ 35.16913, 31.84851 ], [ 35.16883, 31.84854 ], [ 35.16868, 31.84955 ], [ 35.1689, 31.84962 ], [ 35.16894, 31.84989 ], [ 35.1692, 31.85001 ], [ 35.16945, 31.85008 ], [ 35.16984, 31.85023 ], [ 35.17032, 31.85045 ], [ 35.17109, 31.85055 ], [ 35.1717, 31.8506 ] ] ] ] } },
{ "type": "Feature", "properties": { "OBJECTID": 50, "Id": 0, "Name": "גבעון החדשה", "NameEng": "Giv'on Ha'hadasha", "ET_ID": 227559, "GIS_ID": 3644.0, "Type": "Settlement", "Ideologica": "Ideological", "Shape_Leng": 3944.0976458300001, "Shape_Area": 267350.34909700003, "WKT": null, "DB_ID": 29.0, "Time": 1980, "X": 215173.224984, "Y": 639402.19534199999, "WKT_1": null, "WKT_ISR": null }, "geometry": { "type": "MultiPolygon", "coordinates": [ [ [ [ 35.16192, 31.8429 ], [ 35.16124, 31.84259 ], [ 35.16079, 31.84277 ], [ 35.15974, 31.84305 ], [ 35.15963, 31.84376 ], [ 35.16117, 31.84418 ], [ 35.16263, 31.84472 ], [ 35.16252, 31.84427 ], [ 35.16265, 31.84396 ], [ 35.16229, 31.84306 ], [ 35.16216, 31.8429 ], [ 35.16192, 31.8429 ] ] ], [ [ [ 35.15783, 31.84978 ], [ 35.15815, 31.84963 ], [ 35.15814, 31.84982 ], [ 35.15826, 31.85012 ], [ 35.15868, 31.85032 ], [ 35.15904, 31.8503 ], [ 35.15908, 31.85002 ], [ 35.15925, 31.84949 ], [ 35.15948, 31.84944 ], [ 35.16008, 31.84968 ], [ 35.1607, 31.85002 ], [ 35.16092, 31.85 ], [ 35.16111, 31.84957 ], [ 35.161, 31.84904 ], [ 35.16168, 31.84911 ], [ 35.16194, 31.84901 ], [ 35.16251, 31.8491 ], [ 35.16261, 31.84892 ], [ 35.16256, 31.84843 ], [ 35.16259, 31.84819 ], [ 35.16277, 31.84794 ], [ 35.16171, 31.84767 ], [ 35.16102, 31.84752 ], [ 35.16109, 31.84668 ], [ 35.16168, 31.84666 ], [ 35.16186, 31.84644 ], [ 35.16178, 31.84622 ], [ 35.16084, 31.84546 ], [ 35.16033, 31.84561 ], [ 35.15975, 31.84587 ], [ 35.15945, 31.84617 ], [ 35.15923, 31.84646 ], [ 35.15836, 31.84639 ], [ 35.15822, 31.84655 ], [ 35.15788, 31.84675 ], [ 35.15743, 31.8468 ], [ 35.15702, 31.84693 ], [ 35.15667, 31.84712 ], [ 35.15623, 31.84745 ], [ 35.15611, 31.84745 ], [ 35.15561, 31.84737 ], [ 35.15552, 31.8475 ], [ 35.15552, 31.84774 ], [ 35.15539, 31.84777 ], [ 35.15496, 31.84774 ], [ 35.15495, 31.84784 ], [ 35.15503, 31.84806 ], [ 35.15496, 31.84819 ], [ 35.15475, 31.84816 ], [ 35.15473, 31.84798 ], [ 35.15464, 31.84786 ], [ 35.15453, 31.8478 ], [ 35.1542, 31.84797 ], [ 35.15437, 31.84843 ], [ 35.1546, 31.84877 ], [ 35.15509, 31.84911 ], [ 35.15563, 31.84915 ], [ 35.15621, 31.84914 ], [ 35.15676, 31.84912 ], [ 35.15697, 31.8492 ], [ 35.15718, 31.84921 ], [ 35.15769, 31.84926 ], [ 35.15789, 31.84932 ], [ 35.15802, 31.84953 ], [ 35.15788, 31.84961 ], [ 35.15761, 31.8497 ], [ 35.15718, 31.84991 ], [ 35.15684, 31.84998 ], [ 35.15635, 31.8501 ], [ 35.15625, 31.85021 ], [ 35.15635, 31.85041 ], [ 35.15656, 31.8507 ], [ 35.15645, 31.85094 ], [ 35.15658, 31.85102 ], [ 35.15692, 31.85088 ], [ 35.15711, 31.85068 ], [ 35.15736, 31.85022 ], [ 35.15739, 31.85 ], [ 35.15783, 31.84978 ] ] ] ] } },
{ "type": "Feature", "properties": { "OBJECTID": 51, "Id": 0, "Name": "מישור אדומים", "NameEng": "Mishor Adumim", "ET_ID": 0, "GIS_ID": 0.207, "Type": "Industrial Area", "Ideologica": "Industry", "Shape_Leng": 6707.4726352400003, "Shape_Area": 2399580.0543399998, "WKT": null, "DB_ID": 156.0, "Time": 0, "X": 231788.95116299999, "Y": 633161.97980299999, "WKT_1": null, "WKT_ISR": null }, "geometry": { "type": "MultiPolygon", "coordinates": [ [ [ [ 35.34203, 31.79511 ], [ 35.34194, 31.79342 ], [ 35.34198, 31.79192 ], [ 35.34261, 31.79155 ], [ 35.34311, 31.79133 ], [ 35.3445, 31.79072 ], [ 35.34514, 31.79097 ], [ 35.34539, 31.79081 ], [ 35.34518, 31.79017 ], [ 35.34571, 31.78975 ], [ 35.34663, 31.78877 ], [ 35.34717, 31.78768 ], [ 35.34727, 31.78701 ], [ 35.34706, 31.78604 ], [ 35.34627, 31.78579 ], [ 35.34563, 31.78586 ], [ 35.34371, 31.78601 ], [ 35.34221, 31.78589 ], [ 35.34113, 31.78597 ], [ 35.34037, 31.78583 ], [ 35.33963, 31.78591 ], [ 35.33859, 31.78564 ], [ 35.33775, 31.78564 ], [ 35.33727, 31.78564 ], [ 35.3368, 31.78546 ], [ 35.33636, 31.78511 ], [ 35.33568, 31.78468 ], [ 35.33517, 31.78434 ], [ 35.33442, 31.78408 ], [ 35.33385, 31.78387 ], [ 35.33316, 31.78365 ], [ 35.33216, 31.78359 ], [ 35.33143, 31.78362 ], [ 35.33102, 31.78419 ], [ 35.33099, 31.78417 ], [ 35.33018, 31.78444 ], [ 35.32882, 31.78487 ], [ 35.32847, 31.7853 ], [ 35.32825, 31.78606 ], [ 35.32761, 31.78682 ], [ 35.32694, 31.78703 ], [ 35.32655, 31.78746 ], [ 35.32687, 31.78831 ], [ 35.32609, 31.78889 ], [ 35.32541, 31.78953 ], [ 35.32552, 31.78986 ], [ 35.32584, 31.79062 ], [ 35.32534, 31.79126 ], [ 35.32506, 31.79175 ], [ 35.32566, 31.79245 ], [ 35.32541, 31.79302 ], [ 35.32502, 31.79345 ], [ 35.32395, 31.79345 ], [ 35.32363, 31.79369 ], [ 35.32403, 31.79442 ], [ 35.32389, 31.79515 ], [ 35.3241, 31.79552 ], [ 35.3246, 31.79588 ], [ 35.3251, 31.79649 ], [ 35.32531, 31.79759 ], [ 35.32778, 31.79775 ], [ 35.32809, 31.79777 ], [ 35.32809, 31.79777 ], [ 35.3313, 31.79761 ], [ 35.33575, 31.79758 ], [ 35.33867, 31.79745 ], [ 35.3407, 31.7973 ], [ 35.34116, 31.79696 ], [ 35.34166, 31.79593 ], [ 35.34203, 31.79511 ] ] ] ] } },
{ "type": "Feature", "properties": { "OBJECTID": 52, "Id": 0, "Name": "מעלה חגית", "NameEng": "Ma'ale Hagit", "ET_ID": 60025, "GIS_ID": 0.071, "Type": "Outpost", "Ideologica": "Religious", "Shape_Leng": 1352.7730743, "Shape_Area": 64069.162168100003, "WKT": null, "DB_ID": 282.0, "Time": 1999, "X": 232028.47643899999, "Y": 639841.68864800001, "WKT_1": null, "WKT_ISR": null }, "geometry": { "type": "MultiPolygon", "coordinates": [ [ [ [ 35.33926, 31.85075 ], [ 35.33916, 31.85057 ], [ 35.339, 31.85055 ], [ 35.33861, 31.85064 ], [ 35.33812, 31.85078 ], [ 35.33783, 31.85077 ], [ 35.33742, 31.85059 ], [ 35.33688, 31.85041 ], [ 35.3364, 31.85039 ], [ 35.33561, 31.85044 ], [ 35.33487, 31.85051 ], [ 35.33402, 31.85071 ], [ 35.33422, 31.85101 ], [ 35.33455, 31.85105 ], [ 35.3351, 31.85084 ], [ 35.33539, 31.8509 ], [ 35.33621, 31.85096 ], [ 35.33625, 31.85123 ], [ 35.33628, 31.85145 ], [ 35.33643, 31.85167 ], [ 35.33652, 31.85185 ], [ 35.33631, 31.8521 ], [ 35.3364, 31.85234 ], [ 35.33694, 31.85256 ], [ 35.3373, 31.85264 ], [ 35.33761, 31.85264 ], [ 35.33816, 31.85246 ], [ 35.33824, 31.85229 ], [ 35.33846, 31.85201 ], [ 35.33869, 31.8519 ], [ 35.33898, 31.85175 ], [ 35.33938, 31.85145 ], [ 35.3395, 31.85129 ], [ 35.33934, 31.8509 ], [ 35.33926, 31.85075 ] ] ] ] } },
{ "type": "Feature", "properties": { "OBJECTID": 53, "Id": 0, "Name": "גבע בנימין אדם", "NameEng": "Geva Binyamin Adam", "ET_ID": 1855622, "GIS_ID": 3763.0, "Type": "Settlement", "Ideologica": "No", "Shape_Leng": 6592.5898734299999, "Shape_Area": 1469930.36775, "WKT": "MULTIPOLYGON (((227794.70999999996 639612.09999999963, 227714.46999999974 639621.01999999955, 227629.78000000026 639670.05000000075, 227669.90000000037 639719.08000000007, 227545.08999999985 639812.68999999948, 227504.96999999974 639803.76999999955, 2273", "DB_ID": 27.0, "Time": 1984, "X": 226525.20394199999, "Y": 639639.42891400005, "WKT_1": null, "WKT_ISR": null }, "geometry": { "type": "MultiPolygon", "coordinates": [ [ [ [ 35.29275, 31.84918 ], [ 35.29271, 31.84882 ], [ 35.29251, 31.84845 ], [ 35.29258, 31.84806 ], [ 35.29238, 31.84777 ], [ 35.29169, 31.84769 ], [ 35.29168, 31.84724 ], [ 35.29182, 31.84681 ], [ 35.29182, 31.84647 ], [ 35.29178, 31.84605 ], [ 35.29155, 31.84582 ], [ 35.29132, 31.84537 ], [ 35.2905, 31.84575 ], [ 35.28915, 31.84603 ], [ 35.28768, 31.8467 ], [ 35.28709, 31.84694 ], [ 35.28669, 31.84743 ], [ 35.28598, 31.84741 ], [ 35.28527, 31.84715 ], [ 35.28532, 31.84678 ], [ 35.28529, 31.8465 ], [ 35.2847, 31.84648 ], [ 35.28399, 31.84628 ], [ 35.28326, 31.84686 ], [ 35.28243, 31.84654 ], [ 35.28056, 31.84719 ], [ 35.28006, 31.84685 ], [ 35.27885, 31.84703 ], [ 35.27798, 31.84717 ], [ 35.27765, 31.84699 ], [ 35.27724, 31.84707 ], [ 35.27677, 31.84701 ], [ 35.27355, 31.84689 ], [ 35.2732, 31.84673 ], [ 35.27249, 31.8462 ], [ 35.27064, 31.84596 ], [ 35.2692, 31.84705 ], [ 35.26763, 31.84871 ], [ 35.26711, 31.84916 ], [ 35.26647, 31.84918 ], [ 35.26636, 31.8493 ], [ 35.26664, 31.85047 ], [ 35.26671, 31.85126 ], [ 35.26657, 31.85209 ], [ 35.26648, 31.85269 ], [ 35.26671, 31.85284 ], [ 35.26716, 31.85277 ], [ 35.26775, 31.85239 ], [ 35.26823, 31.85233 ], [ 35.26915, 31.85249 ], [ 35.26956, 31.85274 ], [ 35.2705, 31.8531 ], [ 35.27271, 31.8529 ], [ 35.27446, 31.85278 ], [ 35.27486, 31.85251 ], [ 35.27644, 31.85221 ], [ 35.277, 31.85225 ], [ 35.27722, 31.85244 ], [ 35.27769, 31.85225 ], [ 35.27785, 31.85189 ], [ 35.27826, 31.85215 ], [ 35.27834, 31.85271 ], [ 35.27859, 31.85293 ], [ 35.27909, 31.85311 ], [ 35.27963, 31.8531 ], [ 35.27966, 31.85292 ], [ 35.27996, 31.85292 ], [ 35.28003, 31.85253 ], [ 35.28016, 31.85257 ], [ 35.2818, 31.85245 ], [ 35.28345, 31.85245 ], [ 35.2852, 31.85289 ], [ 35.2859, 31.85273 ], [ 35.28703, 31.85205 ], [ 35.28769, 31.8518 ], [ 35.28783, 31.85164 ], [ 35.28948, 31.85104 ], [ 35.2899, 31.85112 ], [ 35.29122, 31.85027 ], [ 35.2908, 31.84983 ], [ 35.29169, 31.84939 ], [ 35.29254, 31.84931 ], [ 35.29275, 31.84918 ] ] ] ] } },
{ "type": "Feature", "properties": { "OBJECTID": 54, "Id": 0, "Name": "אזור תעשיה בנימין", "NameEng": "Binyamin Industrial Area", "ET_ID": 283641, "GIS_ID": 0.201, "Type": "Industrial Area", "Ideologica": "Industry", "Shape_Leng": 2421.7559513199999, "Shape_Area": 283639.11414999998, "WKT": null, "DB_ID": 153.0, "Time": 0, "X": 224964.60311, "Y": 641432.56615600002, "WKT_1": null, "WKT_ISR": null }, "geometry": { "type": "MultiPolygon", "coordinates": [ [ [ [ 35.25976, 31.86455 ], [ 35.2595, 31.86498 ], [ 35.25953, 31.86539 ], [ 35.25921, 31.86681 ], [ 35.25879, 31.86838 ], [ 35.25897, 31.86876 ], [ 35.25952, 31.86906 ], [ 35.25999, 31.86889 ], [ 35.26038, 31.86841 ], [ 35.26074, 31.86827 ], [ 35.26157, 31.86818 ], [ 35.26244, 31.86788 ], [ 35.26295, 31.86753 ], [ 35.2634, 31.86697 ], [ 35.26391, 31.86647 ], [ 35.26525, 31.86606 ], [ 35.26641, 31.8657 ], [ 35.26733, 31.86517 ], [ 35.26788, 31.86475 ], [ 35.26811, 31.86423 ], [ 35.26766, 31.86395 ], [ 35.26717, 31.86395 ], [ 35.26671, 31.86396 ], [ 35.26513, 31.86372 ], [ 35.26345, 31.86351 ], [ 35.26283, 31.86351 ], [ 35.26251, 31.86371 ], [ 35.26159, 31.86405 ], [ 35.26123, 31.86421 ], [ 35.26093, 31.8641 ], [ 35.26052, 31.86393 ], [ 35.26006, 31.86418 ], [ 35.25976, 31.86455 ] ] ] ] } },
{ "type": "Feature", "properties": { "OBJECTID": 55, "Id": 0, "Name": "בית חורון", "NameEng": "Beit Horon", "ET_ID": 334366, "GIS_ID": 3575.0, "Type": "Settlement", "Ideologica": "Religious", "Shape_Leng": 3957.2084521100001, "Shape_Area": 334364.82325000002, "WKT": null, "DB_ID": 21.0, "Time": 1977, "X": 212301.40592, "Y": 642636.89763999998, "WKT_1": null, "WKT_ISR": null }, "geometry": { "type": "MultiPolygon", "coordinates": [ [ [ [ 35.12099, 31.8806 ], [ 35.12185, 31.88099 ], [ 35.12264, 31.88118 ], [ 35.1237, 31.8811 ], [ 35.12466, 31.88067 ], [ 35.12567, 31.87989 ], [ 35.12661, 31.87899 ], [ 35.12724, 31.87858 ], [ 35.12795, 31.87849 ], [ 35.12843, 31.87793 ], [ 35.12891, 31.87724 ], [ 35.12964, 31.87631 ], [ 35.13025, 31.87582 ], [ 35.13126, 31.87575 ], [ 35.13283, 31.87537 ], [ 35.13401, 31.87524 ], [ 35.13477, 31.87524 ], [ 35.13525, 31.87431 ], [ 35.13533, 31.8736 ], [ 35.13581, 31.87336 ], [ 35.13637, 31.87312 ], [ 35.13614, 31.87218 ], [ 35.13566, 31.872 ], [ 35.1349, 31.87211 ], [ 35.13429, 31.87217 ], [ 35.13333, 31.87254 ], [ 35.13169, 31.87357 ], [ 35.12947, 31.87502 ], [ 35.12989, 31.87545 ], [ 35.12906, 31.87605 ], [ 35.12832, 31.87654 ], [ 35.12767, 31.87597 ], [ 35.12488, 31.87705 ], [ 35.12483, 31.87831 ], [ 35.12241, 31.8792 ], [ 35.12099, 31.8806 ] ] ] ] } },
{ "type": "Feature", "properties": { "OBJECTID": 56, "Id": 0, "Name": "כוכב יעקב", "NameEng": "Kochav Ya'akov", "ET_ID": 2429742, "GIS_ID": 3779.0, "Type": "Settlement", "Ideologica": "Ultra Orthodox", "Shape_Leng": 7988.0237654800003, "Shape_Area": 2294339.3463499998, "WKT": null, "DB_ID": 55.0, "Time": 1985, "X": 222964.42397599999, "Y": 642799.99957400002, "WKT_1": null, "WKT_ISR": null }, "geometry": { "type": "MultiPolygon", "coordinates": [ [ [ [ 35.25171, 31.87912 ], [ 35.25163, 31.87861 ], [ 35.2513, 31.87728 ], [ 35.25128, 31.87728 ], [ 35.25068, 31.87697 ], [ 35.25033, 31.87667 ], [ 35.24991, 31.87619 ], [ 35.24925, 31.87552 ], [ 35.25345, 31.87212 ], [ 35.25263, 31.87095 ], [ 35.25186, 31.87039 ], [ 35.25028, 31.87063 ], [ 35.2493, 31.87105 ], [ 35.24784, 31.87141 ], [ 35.24657, 31.87202 ], [ 35.24553, 31.87317 ], [ 35.24531, 31.87346 ], [ 35.2445, 31.87398 ], [ 35.24249, 31.87461 ], [ 35.24281, 31.87394 ], [ 35.24335, 31.8735 ], [ 35.24364, 31.87293 ], [ 35.24358, 31.87229 ], [ 35.24324, 31.87194 ], [ 35.24159, 31.87189 ], [ 35.24087, 31.87284 ], [ 35.23935, 31.87322 ], [ 35.2391, 31.87306 ], [ 35.23991, 31.87204 ], [ 35.23936, 31.8714 ], [ 35.23473, 31.87256 ], [ 35.23313, 31.87388 ], [ 35.23246, 31.87488 ], [ 35.23268, 31.87633 ], [ 35.23235, 31.87787 ], [ 35.23202, 31.87968 ], [ 35.2319, 31.88286 ], [ 35.23235, 31.88387 ], [ 35.23297, 31.88429 ], [ 35.23343, 31.88432 ], [ 35.23345, 31.88411 ], [ 35.23351, 31.88304 ], [ 35.23405, 31.88274 ], [ 35.235, 31.88273 ], [ 35.23489, 31.88384 ], [ 35.23431, 31.88467 ], [ 35.23386, 31.88498 ], [ 35.23387, 31.88503 ], [ 35.23407, 31.88517 ], [ 35.23456, 31.8851 ], [ 35.23468, 31.88552 ], [ 35.23559, 31.8852 ], [ 35.23624, 31.88503 ], [ 35.23726, 31.88517 ], [ 35.23775, 31.88482 ], [ 35.23874, 31.88482 ], [ 35.23951, 31.88485 ], [ 35.23951, 31.88513 ], [ 35.24001, 31.88534 ], [ 35.24082, 31.8852 ], [ 35.24123, 31.88485 ], [ 35.24193, 31.88516 ], [ 35.24271, 31.88506 ], [ 35.24336, 31.88506 ], [ 35.24389, 31.88474 ], [ 35.24467, 31.8845 ], [ 35.24516, 31.88429 ], [ 35.24574, 31.88408 ], [ 35.24602, 31.88408 ], [ 35.24643, 31.88405 ], [ 35.24696, 31.88335 ], [ 35.24774, 31.88261 ], [ 35.24823, 31.88156 ], [ 35.24885, 31.88027 ], [ 35.24921, 31.88013 ], [ 35.24966, 31.87975 ], [ 35.25007, 31.87947 ], [ 35.25122, 31.87929 ], [ 35.25123, 31.87926 ], [ 35.25171, 31.87912 ] ] ] ] } },
{ "type": "Feature", "properties": { "OBJECTID": 57, "Id": 0, "Name": "מעלה מכמש", "NameEng": "Ma'ale Michmash", "ET_ID": 1516356, "GIS_ID": 3651.0, "Type": "Settlement", "Ideologica": "Religious", "Shape_Leng": 6262.9540085500003, "Shape_Area": 1328236.4215200001, "WKT": null, "DB_ID": 73.0, "Time": 1981, "X": 229050.93859599999, "Y": 642984.62052899995, "WKT_1": null, "WKT_ISR": null }, "geometry": { "type": "MultiPolygon", "coordinates": [ [ [ [ 35.31376, 31.88395 ], [ 35.31363, 31.88362 ], [ 35.31346, 31.88334 ], [ 35.31309, 31.88321 ], [ 35.31209, 31.88201 ], [ 35.31086, 31.88036 ], [ 35.3102, 31.87901 ], [ 35.31002, 31.87794 ], [ 35.31017, 31.87683 ], [ 35.31058, 31.87561 ], [ 35.31083, 31.87471 ], [ 35.31106, 31.87401 ], [ 35.31121, 31.8733 ], [ 35.30983, 31.87315 ], [ 35.30924, 31.87306 ], [ 35.30942, 31.87354 ], [ 35.30861, 31.87344 ], [ 35.30804, 31.87339 ], [ 35.30769, 31.87372 ], [ 35.3073, 31.87392 ], [ 35.30656, 31.87374 ], [ 35.30623, 31.87313 ], [ 35.30582, 31.87259 ], [ 35.3048, 31.87224 ], [ 35.30459, 31.87276 ], [ 35.30372, 31.87316 ], [ 35.30329, 31.8729 ], [ 35.30252, 31.87338 ], [ 35.30239, 31.8744 ], [ 35.30206, 31.87486 ], [ 35.30183, 31.87575 ], [ 35.30176, 31.87617 ], [ 35.30117, 31.87676 ], [ 35.30127, 31.87741 ], [ 35.30089, 31.87789 ], [ 35.30064, 31.87905 ], [ 35.30007, 31.87933 ], [ 35.29969, 31.87964 ], [ 35.29926, 31.87975 ], [ 35.29895, 31.88003 ], [ 35.29979, 31.88165 ], [ 35.29959, 31.88193 ], [ 35.29911, 31.88324 ], [ 35.29908, 31.88398 ], [ 35.29947, 31.88466 ], [ 35.29921, 31.88544 ], [ 35.29939, 31.88616 ], [ 35.30005, 31.88599 ], [ 35.30062, 31.88538 ], [ 35.3012, 31.8852 ], [ 35.30253, 31.88511 ], [ 35.30282, 31.88494 ], [ 35.30356, 31.88363 ], [ 35.30394, 31.88378 ], [ 35.30458, 31.88406 ], [ 35.30581, 31.88424 ], [ 35.30588, 31.88441 ], [ 35.30627, 31.88439 ], [ 35.30629, 31.88513 ], [ 35.30627, 31.8857 ], [ 35.30645, 31.88592 ], [ 35.30696, 31.88613 ], [ 35.30816, 31.88513 ], [ 35.30839, 31.88467 ], [ 35.30882, 31.88454 ], [ 35.30885, 31.88419 ], [ 35.31074, 31.88417 ], [ 35.31105, 31.88436 ], [ 35.31133, 31.88513 ], [ 35.31179, 31.88576 ], [ 35.31246, 31.88556 ], [ 35.31279, 31.88469 ], [ 35.31332, 31.88438 ], [ 35.31417, 31.88517 ], [ 35.3146, 31.88522 ], [ 35.31458, 31.885 ], [ 35.31419, 31.88458 ], [ 35.31376, 31.88395 ] ] ] ] } },
{ "type": "Feature", "properties": { "OBJECTID": 59, "Id": 0, "Name": "פסגות", "NameEng": "Psagot", "ET_ID": 665382, "GIS_ID": 3659.0, "Type": "Settlement", "Ideologica": "Religious", "Shape_Leng": 3892.0466591999998, "Shape_Area": 640674.94297099998, "WKT": null, "DB_ID": 110.0, "Time": 1981, "X": 221508.06123399999, "Y": 644969.94922800001, "WKT_1": null, "WKT_ISR": null }, "geometry": { "type": "MultiPolygon", "coordinates": [ [ [ [ 35.23007, 31.89766 ], [ 35.22999, 31.89743 ], [ 35.23002, 31.89733 ], [ 35.23006, 31.89717 ], [ 35.23027, 31.89692 ], [ 35.23044, 31.89658 ], [ 35.23051, 31.89632 ], [ 35.23058, 31.89602 ], [ 35.23033, 31.89582 ], [ 35.22999, 31.89581 ], [ 35.22972, 31.89587 ], [ 35.22942, 31.89581 ], [ 35.22913, 31.89537 ], [ 35.22921, 31.89517 ], [ 35.22939, 31.89516 ], [ 35.22976, 31.8952 ], [ 35.23019, 31.89503 ], [ 35.23037, 31.89505 ], [ 35.23062, 31.89508 ], [ 35.23061, 31.89495 ], [ 35.23145, 31.89455 ], [ 35.23193, 31.89416 ], [ 35.23232, 31.89371 ], [ 35.23232, 31.89323 ], [ 35.23217, 31.89293 ], [ 35.23172, 31.89279 ], [ 35.23162, 31.89267 ], [ 35.23119, 31.8927 ], [ 35.23097, 31.89264 ], [ 35.23017, 31.89292 ], [ 35.22976, 31.89295 ], [ 35.22923, 31.89272 ], [ 35.22904, 31.8925 ], [ 35.22815, 31.89282 ], [ 35.22772, 31.89291 ], [ 35.22717, 31.89329 ], [ 35.22702, 31.89343 ], [ 35.22651, 31.89346 ], [ 35.22596, 31.89384 ], [ 35.22543, 31.89406 ], [ 35.22476, 31.89403 ], [ 35.22457, 31.89438 ], [ 35.22457, 31.89492 ], [ 35.22437, 31.8951 ], [ 35.22384, 31.89586 ], [ 35.22322, 31.89672 ], [ 35.22237, 31.89799 ], [ 35.22175, 31.89879 ], [ 35.22141, 31.89993 ], [ 35.22129, 31.90114 ], [ 35.2216, 31.9022 ], [ 35.22196, 31.90296 ], [ 35.22213, 31.9035 ], [ 35.22249, 31.90372 ], [ 35.22276, 31.90351 ], [ 35.22305, 31.90357 ], [ 35.22336, 31.90353 ], [ 35.22367, 31.90334 ], [ 35.22382, 31.90324 ], [ 35.2242, 31.90311 ], [ 35.22447, 31.90299 ], [ 35.22461, 31.90273 ], [ 35.22476, 31.90242 ], [ 35.22487, 31.9021 ], [ 35.22507, 31.90188 ], [ 35.22536, 31.90179 ], [ 35.22619, 31.90149 ], [ 35.22623, 31.9013 ], [ 35.22661, 31.90086 ], [ 35.22706, 31.90068 ], [ 35.22712, 31.90016 ], [ 35.22748, 31.89969 ], [ 35.22815, 31.89953 ], [ 35.22856, 31.89921 ], [ 35.2287, 31.8988 ], [ 35.22897, 31.89854 ], [ 35.22945, 31.89832 ], [ 35.23007, 31.89766 ] ] ] ] } },
{ "type": "Feature", "properties": { "OBJECTID": 60, "Id": 0, "Name": "מבואות יריחו", "NameEng": "Mevo'ot Jericho", "ET_ID": 330857, "GIS_ID": 0.039, "Type": "Outpost", "Ideologica": "Religious", "Shape_Leng": 3640.3783203900002, "Shape_Area": 580695.29692400002, "WKT": null, "DB_ID": 275.0, "Time": 1999, "X": 239675.33310799999, "Y": 645935.53121199994, "WKT_1": null, "WKT_ISR": null }, "geometry": { "type": "MultiPolygon", "coordinates": [ [ [ [ 35.41973, 31.90799 ], [ 35.42062, 31.90784 ], [ 35.4216, 31.90786 ], [ 35.4228, 31.90869 ], [ 35.42325, 31.90749 ], [ 35.4239, 31.90571 ], [ 35.42411, 31.90499 ], [ 35.42385, 31.90491 ], [ 35.42345, 31.90498 ], [ 35.42318, 31.90509 ], [ 35.42306, 31.90552 ], [ 35.4232, 31.90584 ], [ 35.42297, 31.90587 ], [ 35.42267, 31.90502 ], [ 35.42221, 31.90415 ], [ 35.42188, 31.90318 ], [ 35.4206, 31.903 ], [ 35.42069, 31.90289 ], [ 35.41913, 31.90232 ], [ 35.41823, 31.90213 ], [ 35.41717, 31.90397 ], [ 35.41702, 31.9042 ], [ 35.41629, 31.90399 ], [ 35.41526, 31.90357 ], [ 35.41379, 31.90423 ], [ 35.41325, 31.90505 ], [ 35.41317, 31.90568 ], [ 35.41213, 31.9068 ], [ 35.41658, 31.9098 ], [ 35.41749, 31.91022 ], [ 35.41905, 31.91029 ], [ 35.41923, 31.91008 ], [ 35.41911, 31.90933 ], [ 35.41933, 31.90869 ], [ 35.41946, 31.90844 ], [ 35.41973, 31.90799 ] ] ] ] } },
{ "type": "Feature", "properties": { "OBJECTID": 61, "Id": 0, "Name": "גבעת אסף", "NameEng": "Givat Assaf", "ET_ID": 93752, "GIS_ID": 0.129, "Type": "Outpost", "Ideologica": "Religious", "Shape_Leng": 1195.4204642100001, "Shape_Area": 93751.69205, "WKT": null, "DB_ID": 244.0, "Time": 2002, "X": 223569.415978, "Y": 646521.92988199997, "WKT_1": null, "WKT_ISR": null }, "geometry": { "type": "MultiPolygon", "coordinates": [ [ [ [ 35.24971, 31.91118 ], [ 35.24949, 31.91085 ], [ 35.24926, 31.91029 ], [ 35.24911, 31.91019 ], [ 35.24897, 31.90978 ], [ 35.24856, 31.90966 ], [ 35.24827, 31.90974 ], [ 35.24778, 31.90987 ], [ 35.24741, 31.91002 ], [ 35.24718, 31.91045 ], [ 35.24706, 31.91071 ], [ 35.24664, 31.91096 ], [ 35.24646, 31.91127 ], [ 35.24648, 31.91164 ], [ 35.24636, 31.91189 ], [ 35.24634, 31.91245 ], [ 35.24634, 31.913 ], [ 35.24674, 31.9132 ], [ 35.24723, 31.91337 ], [ 35.24788, 31.91348 ], [ 35.24821, 31.91356 ], [ 35.24857, 31.91318 ], [ 35.24912, 31.91241 ], [ 35.24928, 31.91191 ], [ 35.24941, 31.91129 ], [ 35.24971, 31.91118 ] ] ] ] } },
{ "type": "Feature", "properties": { "OBJECTID": 62, "Id": 0, "Name": "נעמי", "NameEng": "Na'ama", "ET_ID": 657076, "GIS_ID": 3713.0, "Type": "Settlement", "Ideologica": "No", "Shape_Leng": 4632.1634204900001, "Shape_Area": 794531.56662599999, "WKT": null, "DB_ID": 92.0, "Time": 1982, "X": 244272.83090100001, "Y": 646360.37004199997, "WKT_1": null, "WKT_ISR": null }, "geometry": { "type": "MultiPolygon", "coordinates": [ [ [ [ 35.46534, 31.91635 ], [ 35.46596, 31.91586 ], [ 35.46686, 31.91586 ], [ 35.46818, 31.91571 ], [ 35.46853, 31.91555 ], [ 35.46874, 31.91504 ], [ 35.46982, 31.91497 ], [ 35.46997, 31.91426 ], [ 35.47024, 31.91393 ], [ 35.47033, 31.91392 ], [ 35.47035, 31.91379 ], [ 35.4705, 31.91246 ], [ 35.46916, 31.91233 ], [ 35.46862, 31.91213 ], [ 35.46817, 31.91193 ], [ 35.46616, 31.91173 ], [ 35.4662, 31.90994 ], [ 35.46696, 31.91036 ], [ 35.46812, 31.91078 ], [ 35.46896, 31.91082 ], [ 35.46961, 31.9107 ], [ 35.4699, 31.91022 ], [ 35.47023, 31.91009 ], [ 35.47105, 31.91006 ], [ 35.47134, 31.90996 ], [ 35.47133, 31.90718 ], [ 35.47039, 31.90591 ], [ 35.4704, 31.90589 ], [ 35.47009, 31.90549 ], [ 35.4689, 31.90402 ], [ 35.46829, 31.90381 ], [ 35.46654, 31.9039 ], [ 35.46451, 31.90538 ], [ 35.4633, 31.90562 ], [ 35.46307, 31.90655 ], [ 35.46314, 31.90766 ], [ 35.46336, 31.90936 ], [ 35.46327, 31.91161 ], [ 35.46323, 31.91342 ], [ 35.46316, 31.91522 ], [ 35.4634, 31.91574 ], [ 35.4638, 31.91595 ], [ 35.46461, 31.91604 ], [ 35.46466, 31.91631 ], [ 35.46534, 31.91635 ] ] ] ] } },
{ "type": "Feature", "properties": { "OBJECTID": 63, "Id": 0, "Name": "כפר אורנים", "NameEng": "Kfar Ha'oranim", "ET_ID": 614161, "GIS_ID": 3796.0, "Type": "Settlement", "Ideologica": "No", "Shape_Leng": 3496.3097870500001, "Shape_Area": 614164.14295000001, "WKT": null, "DB_ID": 57.0, "Time": 1998, "X": 203727.632534, "Y": 647319.45896099997, "WKT_1": null, "WKT_ISR": null }, "geometry": { "type": "MultiPolygon", "coordinates": [ [ [ [ 35.03203, 31.92278 ], [ 35.03231, 31.92306 ], [ 35.03309, 31.92328 ], [ 35.03434, 31.92343 ], [ 35.03588, 31.92317 ], [ 35.03686, 31.92264 ], [ 35.03768, 31.92181 ], [ 35.03839, 31.92107 ], [ 35.03965, 31.9212 ], [ 35.04077, 31.921 ], [ 35.04149, 31.92074 ], [ 35.04188, 31.92017 ], [ 35.04257, 31.91991 ], [ 35.04227, 31.91929 ], [ 35.04277, 31.91827 ], [ 35.04338, 31.91772 ], [ 35.04346, 31.91672 ], [ 35.04325, 31.91562 ], [ 35.0428, 31.91515 ], [ 35.04185, 31.91506 ], [ 35.04022, 31.91528 ], [ 35.03983, 31.91482 ], [ 35.03882, 31.91441 ], [ 35.03767, 31.91445 ], [ 35.03698, 31.91371 ], [ 35.03648, 31.91509 ], [ 35.03583, 31.9167 ], [ 35.03481, 31.91872 ], [ 35.03398, 31.92022 ], [ 35.03281, 31.9216 ], [ 35.03203, 31.92278 ] ] ] ] } },
{ "type": "Feature", "properties": { "OBJECTID": 64, "Id": 0, "Name": "דולב", "NameEng": "Dolev", "ET_ID": 766102, "GIS_ID": 3747.0, "Type": "Settlement", "Ideologica": "Religious", "Shape_Leng": 4308.6403423000002, "Shape_Area": 766099.83259899996, "WKT": null, "DB_ID": 34.0, "Time": 1983, "X": 212812.255813, "Y": 648234.05779200001, "WKT_1": null, "WKT_ISR": null }, "geometry": { "type": "MultiPolygon", "coordinates": [ [ [ [ 35.12753, 31.92662 ], [ 35.12692, 31.92672 ], [ 35.12653, 31.927 ], [ 35.12625, 31.92753 ], [ 35.12631, 31.92797 ], [ 35.12649, 31.92831 ], [ 35.12665, 31.92869 ], [ 35.12629, 31.92906 ], [ 35.12655, 31.92913 ], [ 35.12712, 31.92947 ], [ 35.12768, 31.92963 ], [ 35.12841, 31.92963 ], [ 35.12917, 31.92961 ], [ 35.12971, 31.92953 ], [ 35.13075, 31.92965 ], [ 35.13152, 31.92979 ], [ 35.1317, 31.92994 ], [ 35.1317, 31.93036 ], [ 35.1316, 31.93062 ], [ 35.1317, 31.93072 ], [ 35.13198, 31.93093 ], [ 35.13249, 31.93089 ], [ 35.13302, 31.93077 ], [ 35.13369, 31.93057 ], [ 35.13456, 31.93034 ], [ 35.13505, 31.93036 ], [ 35.13549, 31.93055 ], [ 35.13608, 31.93039 ], [ 35.13663, 31.92988 ], [ 35.13718, 31.92944 ], [ 35.13787, 31.92873 ], [ 35.13878, 31.92832 ], [ 35.13933, 31.92803 ], [ 35.13996, 31.92768 ], [ 35.14048, 31.92739 ], [ 35.14095, 31.92747 ], [ 35.1415, 31.92765 ], [ 35.14209, 31.92765 ], [ 35.14241, 31.92749 ], [ 35.14294, 31.92744 ], [ 35.14338, 31.9272 ], [ 35.14375, 31.92697 ], [ 35.14369, 31.92673 ], [ 35.14318, 31.92649 ], [ 35.14269, 31.92625 ], [ 35.14221, 31.92614 ], [ 35.14109, 31.92616 ], [ 35.1401, 31.92586 ], [ 35.13971, 31.92547 ], [ 35.13927, 31.92503 ], [ 35.13894, 31.92424 ], [ 35.1384, 31.92358 ], [ 35.13753, 31.9232 ], [ 35.13653, 31.92329 ], [ 35.13596, 31.92387 ], [ 35.13527, 31.92443 ], [ 35.13483, 31.92431 ], [ 35.13392, 31.92375 ], [ 35.1328, 31.92316 ], [ 35.13235, 31.9234 ], [ 35.1315, 31.92403 ], [ 35.13075, 31.92475 ], [ 35.13051, 31.92553 ], [ 35.13006, 31.92605 ], [ 35.12941, 31.92626 ], [ 35.12844, 31.92624 ], [ 35.12753, 31.92662 ] ] ] ] } },
{ "type": "Feature", "properties": { "OBJECTID": 65, "Id": 0, "Name": "גני מודיעין", "NameEng": "Ganei Modiin", "ET_ID": 1053082, "GIS_ID": 3797.0, "Type": "Settlement", "Ideologica": "Religious", "Shape_Leng": 3199.8029061799998, "Shape_Area": 551452.39208899997, "WKT": null, "DB_ID": 1078.0, "Time": 1985, "X": 201624.07869699999, "Y": 648475.00084, "WKT_1": null, "WKT_ISR": null }, "geometry": { "type": "MultiPolygon", "coordinates": [ [ [ [ 35.01875, 31.93106 ], [ 35.01865, 31.93076 ], [ 35.01944, 31.93019 ], [ 35.02054, 31.92969 ], [ 35.02152, 31.92911 ], [ 35.0218, 31.92883 ], [ 35.02143, 31.92763 ], [ 35.02125, 31.92752 ], [ 35.02063, 31.92717 ], [ 35.02091, 31.92629 ], [ 35.02109, 31.92569 ], [ 35.0202, 31.92567 ], [ 35.0179, 31.92597 ], [ 35.01533, 31.92646 ], [ 35.01455, 31.92673 ], [ 35.01455, 31.92693 ], [ 35.01377, 31.92726 ], [ 35.0133, 31.92766 ], [ 35.01182, 31.92782 ], [ 35.01088, 31.92832 ], [ 35.00994, 31.92892 ], [ 35.00916, 31.92941 ], [ 35.00957, 31.92972 ], [ 35.01078, 31.93042 ], [ 35.01091, 31.93063 ], [ 35.01118, 31.93144 ], [ 35.01165, 31.93158 ], [ 35.01216, 31.93203 ], [ 35.01221, 31.93241 ], [ 35.01276, 31.93275 ], [ 35.01384, 31.93264 ], [ 35.01448, 31.93249 ], [ 35.01522, 31.93217 ], [ 35.01572, 31.93185 ], [ 35.01623, 31.93179 ], [ 35.01665, 31.93183 ], [ 35.01726, 31.93181 ], [ 35.01779, 31.93161 ], [ 35.01832, 31.93143 ], [ 35.01875, 31.93106 ] ] ] ] } },
{ "type": "Feature", "properties": { "OBJECTID": 66, "Id": 0, "Name": "רימונים", "NameEng": "Rimonim", "ET_ID": 308463, "GIS_ID": 3565.0, "Type": "Settlement", "Ideologica": "Ideological", "Shape_Leng": 2813.6052130500002, "Shape_Area": 308464.5896, "WKT": null, "DB_ID": 125.0, "Time": 1977, "X": 232356.89324199999, "Y": 648973.71734800003, "WKT_1": null, "WKT_ISR": null }, "geometry": { "type": "MultiPolygon", "coordinates": [ [ [ [ 35.33761, 31.93564 ], [ 35.33727, 31.9369 ], [ 35.33756, 31.93717 ], [ 35.33764, 31.93772 ], [ 35.33829, 31.93828 ], [ 35.33902, 31.93794 ], [ 35.33951, 31.93719 ], [ 35.34016, 31.93677 ], [ 35.34148, 31.93608 ], [ 35.34252, 31.93559 ], [ 35.34275, 31.93424 ], [ 35.34317, 31.93264 ], [ 35.34278, 31.93238 ], [ 35.34298, 31.93189 ], [ 35.34368, 31.93147 ], [ 35.34425, 31.93142 ], [ 35.34485, 31.93049 ], [ 35.34454, 31.93023 ], [ 35.34303, 31.92886 ], [ 35.3422, 31.92963 ], [ 35.34218, 31.93067 ], [ 35.33992, 31.93101 ], [ 35.33971, 31.93203 ], [ 35.33987, 31.93236 ], [ 35.33945, 31.93278 ], [ 35.33865, 31.93387 ], [ 35.33862, 31.93418 ], [ 35.33826, 31.93493 ], [ 35.33761, 31.93564 ] ] ] ] } },
{ "type": "Feature", "properties": { "OBJECTID": 67, "Id": 0, "Name": "ייט\"ב", "NameEng": "Yitav", "ET_ID": 490504, "GIS_ID": 3607.0, "Type": "Settlement", "Ideologica": "No", "Shape_Leng": 3624.7719609699998, "Shape_Area": 490504.39474999998, "WKT": null, "DB_ID": 50.0, "Time": 1970, "X": 240187.24507899999, "Y": 650579.18295699998, "WKT_1": null, "WKT_ISR": null }, "geometry": { "type": "MultiPolygon", "coordinates": [ [ [ [ 35.42468, 31.94477 ], [ 35.42241, 31.94654 ], [ 35.4213, 31.94674 ], [ 35.41853, 31.9487 ], [ 35.41827, 31.94929 ], [ 35.41747, 31.95008 ], [ 35.41719, 31.95133 ], [ 35.41775, 31.95151 ], [ 35.41841, 31.95129 ], [ 35.42071, 31.95152 ], [ 35.4223, 31.95122 ], [ 35.42353, 31.95057 ], [ 35.42457, 31.94983 ], [ 35.42437, 31.9494 ], [ 35.42646, 31.94867 ], [ 35.42821, 31.94923 ], [ 35.42871, 31.94909 ], [ 35.42871, 31.94785 ], [ 35.42871, 31.94737 ], [ 35.42838, 31.94698 ], [ 35.42838, 31.94657 ], [ 35.42941, 31.9459 ], [ 35.42966, 31.94515 ], [ 35.42954, 31.94478 ], [ 35.42925, 31.94364 ], [ 35.4285, 31.94364 ], [ 35.42771, 31.94431 ], [ 35.42676, 31.94507 ], [ 35.42645, 31.94546 ], [ 35.42592, 31.94589 ], [ 35.42572, 31.94595 ], [ 35.42542, 31.94565 ], [ 35.42496, 31.94464 ], [ 35.42468, 31.94477 ] ] ] ] } },
{ "type": "Feature", "properties": { "OBJECTID": 68, "Id": 0, "Name": "גבל ארטיס", "NameEng": "Jabel Artis", "ET_ID": 2403595, "GIS_ID": 0.016, "Type": "Outpost", "Ideologica": "Religious", "Shape_Leng": 5659.9832955399997, "Shape_Area": 1075972.8038600001, "WKT": null, "DB_ID": 237.0, "Time": 2001, "X": 221260.28622499999, "Y": 649806.40760699997, "WKT_1": null, "WKT_ISR": null }, "geometry": { "type": "MultiPolygon", "coordinates": [ [ [ [ 35.2267, 31.94732 ], [ 35.22777, 31.94661 ], [ 35.22876, 31.94546 ], [ 35.22886, 31.94445 ], [ 35.22924, 31.94277 ], [ 35.22894, 31.94297 ], [ 35.22828, 31.94284 ], [ 35.22764, 31.94308 ], [ 35.22714, 31.94283 ], [ 35.2274, 31.94211 ], [ 35.22756, 31.94128 ], [ 35.22795, 31.93787 ], [ 35.22783, 31.93786 ], [ 35.22697, 31.93746 ], [ 35.22675, 31.9372 ], [ 35.22689, 31.93687 ], [ 35.22734, 31.93676 ], [ 35.22801, 31.93641 ], [ 35.22823, 31.93659 ], [ 35.22857, 31.93673 ], [ 35.22906, 31.93659 ], [ 35.22906, 31.93616 ], [ 35.22838, 31.93615 ], [ 35.22778, 31.93603 ], [ 35.22753, 31.93579 ], [ 35.22722, 31.93552 ], [ 35.22699, 31.9354 ], [ 35.22663, 31.93521 ], [ 35.22628, 31.93491 ], [ 35.22578, 31.93495 ], [ 35.22503, 31.93515 ], [ 35.22433, 31.9353 ], [ 35.22392, 31.93523 ], [ 35.22346, 31.93513 ], [ 35.22306, 31.93502 ], [ 35.22243, 31.93486 ], [ 35.2217, 31.93473 ], [ 35.22173, 31.93433 ], [ 35.22087, 31.9342 ], [ 35.22105, 31.93494 ], [ 35.22107, 31.93529 ], [ 35.22099, 31.93587 ], [ 35.22129, 31.93618 ], [ 35.22119, 31.9367 ], [ 35.22106, 31.93698 ], [ 35.22086, 31.9372 ], [ 35.22052, 31.9371 ], [ 35.22018, 31.93719 ], [ 35.21984, 31.93747 ], [ 35.2196, 31.93794 ], [ 35.2194, 31.93844 ], [ 35.21925, 31.93879 ], [ 35.21879, 31.93928 ], [ 35.2187, 31.93946 ], [ 35.21832, 31.93993 ], [ 35.2186, 31.94036 ], [ 35.21831, 31.9411 ], [ 35.21799, 31.94196 ], [ 35.21785, 31.9425 ], [ 35.21758, 31.94293 ], [ 35.21769, 31.94335 ], [ 35.21777, 31.94389 ], [ 35.21789, 31.94392 ], [ 35.21804, 31.94395 ], [ 35.21826, 31.94417 ], [ 35.21847, 31.94416 ], [ 35.21908, 31.94404 ], [ 35.21946, 31.94402 ], [ 35.21968, 31.94415 ], [ 35.21982, 31.94441 ], [ 35.21976, 31.9446 ], [ 35.2196, 31.94498 ], [ 35.2196, 31.94544 ], [ 35.21991, 31.94606 ], [ 35.22009, 31.9466 ], [ 35.2205, 31.94693 ], [ 35.221, 31.94707 ], [ 35.22142, 31.94713 ], [ 35.22159, 31.94704 ], [ 35.22183, 31.94703 ], [ 35.22255, 31.94711 ], [ 35.22297, 31.94732 ], [ 35.22349, 31.9475 ], [ 35.22338, 31.94778 ], [ 35.22342, 31.94809 ], [ 35.22372, 31.94809 ], [ 35.22401, 31.94799 ], [ 35.22442, 31.94769 ], [ 35.22473, 31.94726 ], [ 35.22471, 31.94663 ], [ 35.22447, 31.94595 ], [ 35.22418, 31.94526 ], [ 35.22423, 31.94495 ], [ 35.22462, 31.94499 ], [ 35.22496, 31.94516 ], [ 35.22528, 31.94556 ], [ 35.22551, 31.94571 ], [ 35.22586, 31.94609 ], [ 35.22626, 31.94647 ], [ 35.22651, 31.94685 ], [ 35.2267, 31.94732 ] ] ] ] } },
{ "type": "Feature", "properties": { "OBJECTID": 69, "Id": 0, "Name": "נריה", "NameEng": "Neriya", "ET_ID": 2435548, "GIS_ID": 0.02, "Type": "Settlement", "Ideologica": "Religious", "Shape_Leng": 7349.6414236199998, "Shape_Area": 953562.84816099994, "WKT": null, "DB_ID": 302.0, "Time": 1991, "X": 212375.3461, "Y": 650981.72109400004, "WKT_1": null, "WKT_ISR": null }, "geometry": { "type": "MultiPolygon", "coordinates": [ [ [ [ 35.13776, 31.94428 ], [ 35.13728, 31.94441 ], [ 35.13659, 31.94447 ], [ 35.13611, 31.94423 ], [ 35.13486, 31.94428 ], [ 35.13416, 31.94413 ], [ 35.13413, 31.9442 ], [ 35.13408, 31.94455 ], [ 35.13436, 31.94504 ], [ 35.13478, 31.94559 ], [ 35.13481, 31.9461 ], [ 35.13506, 31.94652 ], [ 35.13549, 31.94699 ], [ 35.13618, 31.94718 ], [ 35.13693, 31.94733 ], [ 35.13746, 31.94779 ], [ 35.13746, 31.94819 ], [ 35.13716, 31.94834 ], [ 35.13663, 31.94825 ], [ 35.13598, 31.94831 ], [ 35.13551, 31.9484 ], [ 35.13498, 31.94841 ], [ 35.13471, 31.94866 ], [ 35.13465, 31.94904 ], [ 35.13469, 31.94951 ], [ 35.13469, 31.94995 ], [ 35.13465, 31.95022 ], [ 35.13441, 31.95029 ], [ 35.13421, 31.95029 ], [ 35.13379, 31.95057 ], [ 35.13381, 31.95087 ], [ 35.13387, 31.9511 ], [ 35.13326, 31.95131 ], [ 35.13263, 31.95127 ], [ 35.1321, 31.95159 ], [ 35.13122, 31.95225 ], [ 35.13027, 31.95259 ], [ 35.12975, 31.95232 ], [ 35.12893, 31.95191 ], [ 35.1288, 31.95199 ], [ 35.12872, 31.95233 ], [ 35.12836, 31.95222 ], [ 35.12645, 31.95168 ], [ 35.12414, 31.95107 ], [ 35.12322, 31.95057 ], [ 35.12128, 31.94954 ], [ 35.12057, 31.94938 ], [ 35.1201, 31.94979 ], [ 35.11969, 31.95046 ], [ 35.11945, 31.95113 ], [ 35.11937, 31.9515 ], [ 35.11915, 31.95198 ], [ 35.11917, 31.95223 ], [ 35.11935, 31.95197 ], [ 35.11952, 31.95174 ], [ 35.11976, 31.95158 ], [ 35.11976, 31.95248 ], [ 35.12016, 31.95275 ], [ 35.12035, 31.95269 ], [ 35.12057, 31.95287 ], [ 35.12108, 31.95326 ], [ 35.1219, 31.95373 ], [ 35.12249, 31.95377 ], [ 35.12295, 31.95403 ], [ 35.12303, 31.95428 ], [ 35.12227, 31.95407 ], [ 35.12252, 31.95446 ], [ 35.12252, 31.95472 ], [ 35.12214, 31.95525 ], [ 35.12171, 31.95541 ], [ 35.12116, 31.95546 ], [ 35.12116, 31.95569 ], [ 35.12122, 31.95595 ], [ 35.12135, 31.9562 ], [ 35.12129, 31.95624 ], [ 35.1213, 31.95624 ], [ 35.12111, 31.95649 ], [ 35.12089, 31.95691 ], [ 35.1213, 31.95728 ], [ 35.12203, 31.95802 ], [ 35.12268, 31.95795 ], [ 35.12455, 31.95777 ], [ 35.12717, 31.95585 ], [ 35.13053, 31.9538 ], [ 35.13215, 31.95385 ], [ 35.13318, 31.95385 ], [ 35.13396, 31.95354 ], [ 35.13473, 31.95293 ], [ 35.13519, 31.95264 ], [ 35.13573, 31.95262 ], [ 35.13651, 31.9527 ], [ 35.13707, 31.95272 ], [ 35.13751, 31.95257 ], [ 35.13805, 31.9521 ], [ 35.13838, 31.95135 ], [ 35.1392, 31.94984 ], [ 35.13936, 31.94929 ], [ 35.13937, 31.94928 ], [ 35.1393, 31.9492 ], [ 35.13988, 31.94794 ], [ 35.14, 31.94746 ], [ 35.13958, 31.94679 ], [ 35.13885, 31.94641 ], [ 35.13863, 31.94625 ], [ 35.13821, 31.94603 ], [ 35.13759, 31.94539 ], [ 35.13757, 31.94503 ], [ 35.13757, 31.94455 ], [ 35.13774, 31.94429 ], [ 35.13776, 31.94428 ] ] ] ] } },
{ "type": "Feature", "properties": { "OBJECTID": 70, "Id": 0, "Name": "עפרה", "NameEng": "Ofra", "ET_ID": 4668787, "GIS_ID": 3617.0, "Type": "Settlement", "Ideologica": "Religious", "Shape_Leng": 10813.588464599999, "Shape_Area": 4096968.34644, "WKT": null, "DB_ID": 105.0, "Time": 1975, "X": 225248.595696, "Y": 650678.70936099999, "WKT_1": null, "WKT_ISR": null }, "geometry": { "type": "MultiPolygon", "coordinates": [ [ [ [ 35.25485, 31.93913 ], [ 35.2546, 31.93955 ], [ 35.25459, 31.93986 ], [ 35.25449, 31.94006 ], [ 35.25425, 31.94012 ], [ 35.25404, 31.94031 ], [ 35.2539, 31.94035 ], [ 35.25399, 31.94117 ], [ 35.25382, 31.94197 ], [ 35.25365, 31.9422 ], [ 35.25338, 31.94234 ], [ 35.25345, 31.94241 ], [ 35.25363, 31.94286 ], [ 35.254, 31.94321 ], [ 35.25505, 31.94443 ], [ 35.25578, 31.94536 ], [ 35.25619, 31.94599 ], [ 35.25675, 31.94666 ], [ 35.25713, 31.94737 ], [ 35.25739, 31.94797 ], [ 35.25752, 31.94894 ], [ 35.25739, 31.95015 ], [ 35.25722, 31.95083 ], [ 35.25703, 31.95146 ], [ 35.25677, 31.95234 ], [ 35.25663, 31.95286 ], [ 35.25641, 31.95321 ], [ 35.25623, 31.95373 ], [ 35.25607, 31.95443 ], [ 35.25602, 31.955 ], [ 35.2561, 31.95555 ], [ 35.25608, 31.95583 ], [ 35.25624, 31.9565 ], [ 35.25638, 31.95716 ], [ 35.25657, 31.9579 ], [ 35.25672, 31.95809 ], [ 35.25708, 31.95805 ], [ 35.25775, 31.9587 ], [ 35.25811, 31.95873 ], [ 35.25866, 31.9591 ], [ 35.25928, 31.95948 ], [ 35.26003, 31.95982 ], [ 35.26064, 31.95991 ], [ 35.26096, 31.95997 ], [ 35.26138, 31.96017 ], [ 35.26195, 31.96054 ], [ 35.26223, 31.96092 ], [ 35.26253, 31.96135 ], [ 35.26269, 31.96152 ], [ 35.26319, 31.96143 ], [ 35.26342, 31.96146 ], [ 35.26369, 31.96189 ], [ 35.2639, 31.96193 ], [ 35.26436, 31.96189 ], [ 35.26529, 31.96174 ], [ 35.26592, 31.96163 ], [ 35.26651, 31.9611 ], [ 35.26688, 31.96054 ], [ 35.26717, 31.96034 ], [ 35.26762, 31.96016 ], [ 35.26641, 31.95819 ], [ 35.26643, 31.95746 ], [ 35.26696, 31.95677 ], [ 35.2673, 31.95648 ], [ 35.26778, 31.95628 ], [ 35.26873, 31.95692 ], [ 35.27056, 31.95859 ], [ 35.2709, 31.95837 ], [ 35.27168, 31.95828 ], [ 35.27251, 31.95811 ], [ 35.2729, 31.9579 ], [ 35.2735, 31.95785 ], [ 35.27365, 31.95766 ], [ 35.27382, 31.95715 ], [ 35.27401, 31.95707 ], [ 35.27446, 31.95669 ], [ 35.27494, 31.95648 ], [ 35.27546, 31.95635 ], [ 35.2762, 31.95598 ], [ 35.27586, 31.9555 ], [ 35.27559, 31.95477 ], [ 35.27536, 31.95437 ], [ 35.27482, 31.95369 ], [ 35.27421, 31.95262 ], [ 35.27413, 31.95176 ], [ 35.27432, 31.95135 ], [ 35.27465, 31.95006 ], [ 35.27456, 31.9494 ], [ 35.27518, 31.94893 ], [ 35.27505, 31.94829 ], [ 35.27549, 31.94837 ], [ 35.27605, 31.94851 ], [ 35.27643, 31.94878 ], [ 35.27676, 31.94904 ], [ 35.27695, 31.94933 ], [ 35.27728, 31.94946 ], [ 35.27723, 31.94957 ], [ 35.27777, 31.94968 ], [ 35.27843, 31.94972 ], [ 35.27921, 31.94977 ], [ 35.27979, 31.94983 ], [ 35.28009, 31.94994 ], [ 35.28002, 31.94981 ], [ 35.28022, 31.94948 ], [ 35.28059, 31.94898 ], [ 35.28109, 31.94836 ], [ 35.28124, 31.9479 ], [ 35.28124, 31.94744 ], [ 35.28163, 31.94691 ], [ 35.28131, 31.94637 ], [ 35.28093, 31.94582 ], [ 35.28044, 31.94556 ], [ 35.2797, 31.94554 ], [ 35.279, 31.9454 ], [ 35.27823, 31.94511 ], [ 35.27765, 31.94474 ], [ 35.27734, 31.94474 ], [ 35.2773, 31.94504 ], [ 35.27724, 31.94533 ], [ 35.27699, 31.94543 ], [ 35.27688, 31.94519 ], [ 35.27658, 31.94471 ], [ 35.27626, 31.94424 ], [ 35.27601, 31.944 ], [ 35.27585, 31.94438 ], [ 35.27556, 31.94433 ], [ 35.27523, 31.94406 ], [ 35.27501, 31.94419 ], [ 35.27446, 31.94405 ], [ 35.27366, 31.94399 ], [ 35.27311, 31.94398 ], [ 35.27303, 31.9436 ], [ 35.27372, 31.94279 ], [ 35.27437, 31.94204 ], [ 35.27422, 31.9411 ], [ 35.27376, 31.94037 ], [ 35.273, 31.94019 ], [ 35.27158, 31.94042 ], [ 35.27065, 31.94068 ], [ 35.26937, 31.94154 ], [ 35.26851, 31.94198 ], [ 35.26767, 31.94222 ], [ 35.26761, 31.94179 ], [ 35.26754, 31.94152 ], [ 35.26732, 31.94111 ], [ 35.26734, 31.94092 ], [ 35.26738, 31.94048 ], [ 35.26725, 31.94011 ], [ 35.26692, 31.93972 ], [ 35.26656, 31.93935 ], [ 35.26579, 31.93916 ], [ 35.26523, 31.93907 ], [ 35.26497, 31.93909 ], [ 35.2646, 31.93922 ], [ 35.26413, 31.93919 ], [ 35.2636, 31.93886 ], [ 35.2635, 31.93888 ], [ 35.26298, 31.939 ], [ 35.26268, 31.93896 ], [ 35.26187, 31.93909 ], [ 35.26141, 31.93927 ], [ 35.26112, 31.93923 ], [ 35.26058, 31.93909 ], [ 35.25996, 31.93911 ], [ 35.25977, 31.93896 ], [ 35.25966, 31.93844 ], [ 35.25891, 31.93853 ], [ 35.25836, 31.93856 ], [ 35.25798, 31.93848 ], [ 35.25745, 31.9384 ], [ 35.25703, 31.9384 ], [ 35.2568, 31.93834 ], [ 35.25612, 31.93824 ], [ 35.25556, 31.93805 ], [ 35.2553, 31.93805 ], [ 35.25506, 31.93855 ], [ 35.25485, 31.93913 ] ] ] ] } },
{ "type": "Feature", "properties": { "OBJECTID": 71, "Id": 0, "Name": "כוכב השחר", "NameEng": "Kochav Ha'shachar", "ET_ID": 2545360, "GIS_ID": 3564.0, "Type": "Settlement", "Ideologica": "Religious", "Shape_Leng": 6848.14401017, "Shape_Area": 1672426.4363500001, "WKT": null, "DB_ID": 54.0, "Time": 1977, "X": 233027.87086, "Y": 651597.18003399996, "WKT_1": null, "WKT_ISR": null }, "geometry": { "type": "MultiPolygon", "coordinates": [ [ [ [ 35.34615, 31.95331 ], [ 35.34447, 31.95297 ], [ 35.3435, 31.95314 ], [ 35.34289, 31.9512 ], [ 35.34171, 31.95003 ], [ 35.34077, 31.95019 ], [ 35.34016, 31.95067 ], [ 35.33916, 31.95416 ], [ 35.33917, 31.95575 ], [ 35.33943, 31.95723 ], [ 35.33965, 31.95772 ], [ 35.34257, 31.95589 ], [ 35.34417, 31.95691 ], [ 35.34262, 31.96007 ], [ 35.34091, 31.96053 ], [ 35.34117, 31.96112 ], [ 35.34265, 31.9626 ], [ 35.34492, 31.9646 ], [ 35.34735, 31.96427 ], [ 35.35105, 31.96471 ], [ 35.35369, 31.96128 ], [ 35.35351, 31.96092 ], [ 35.35374, 31.95939 ], [ 35.35438, 31.95849 ], [ 35.35492, 31.95652 ], [ 35.35459, 31.95551 ], [ 35.35709, 31.95375 ], [ 35.35707, 31.95373 ], [ 35.35716, 31.95158 ], [ 35.35468, 31.95054 ], [ 35.34838, 31.95348 ], [ 35.34642, 31.95452 ], [ 35.34615, 31.95331 ] ] ] ] } },
{ "type": "Feature", "properties": { "OBJECTID": 72, "Id": 0, "Name": "נילי", "NameEng": "Nili", "ET_ID": 619104, "GIS_ID": 3655.0, "Type": "Settlement", "Ideologica": "No", "Shape_Leng": 4339.0078950899997, "Shape_Area": 719727.11823300004, "WKT": null, "DB_ID": 341.0, "Time": 1981, "X": 204485.44915900001, "Y": 652213.49672199995, "WKT_1": null, "WKT_ISR": null }, "geometry": { "type": "MultiPolygon", "coordinates": [ [ [ [ 35.04068, 31.96 ], [ 35.04016, 31.95945 ], [ 35.03955, 31.9596 ], [ 35.03947, 31.95983 ], [ 35.03955, 31.96016 ], [ 35.03952, 31.96055 ], [ 35.03986, 31.96062 ], [ 35.04012, 31.96037 ], [ 35.04035, 31.96033 ], [ 35.04068, 31.96 ] ] ], [ [ [ 35.04939, 31.9676 ], [ 35.04991, 31.96722 ], [ 35.05109, 31.96711 ], [ 35.05232, 31.9669 ], [ 35.05303, 31.96641 ], [ 35.05295, 31.96583 ], [ 35.05222, 31.96501 ], [ 35.05118, 31.96466 ], [ 35.05038, 31.96421 ], [ 35.04965, 31.96312 ], [ 35.04782, 31.96108 ], [ 35.04705, 31.95989 ], [ 35.04637, 31.95926 ], [ 35.04612, 31.95859 ], [ 35.04541, 31.95749 ], [ 35.04527, 31.95692 ], [ 35.04531, 31.9567 ], [ 35.04475, 31.95556 ], [ 35.04393, 31.95722 ], [ 35.04361, 31.95717 ], [ 35.04273, 31.9578 ], [ 35.04196, 31.95824 ], [ 35.04154, 31.95832 ], [ 35.0411, 31.95869 ], [ 35.04103, 31.95899 ], [ 35.04063, 31.95937 ], [ 35.04191, 31.96096 ], [ 35.04283, 31.96301 ], [ 35.04332, 31.9646 ], [ 35.04305, 31.9657 ], [ 35.04329, 31.96647 ], [ 35.04392, 31.9668 ], [ 35.04452, 31.96689 ], [ 35.04499, 31.96724 ], [ 35.0457, 31.9675 ], [ 35.04627, 31.96747 ], [ 35.04718, 31.96743 ], [ 35.04827, 31.96734 ], [ 35.04939, 31.9676 ] ] ] ] } },
{ "type": "Feature", "properties": { "OBJECTID": 73, "Id": 0, "Name": "נעלה", "NameEng": "Na'ale", "ET_ID": 762929, "GIS_ID": 3787.0, "Type": "Settlement", "Ideologica": "No", "Shape_Leng": 4754.6667338799998, "Shape_Area": 900525.452682, "WKT": null, "DB_ID": 91.0, "Time": 1988, "X": 206173.754005, "Y": 652272.816964, "WKT_1": null, "WKT_ISR": null }, "geometry": { "type": "MultiPolygon", "coordinates": [ [ [ [ 35.06346, 31.96774 ], [ 35.06525, 31.96766 ], [ 35.06629, 31.96782 ], [ 35.06671, 31.96766 ], [ 35.06785, 31.96726 ], [ 35.07013, 31.96665 ], [ 35.07133, 31.96588 ], [ 35.07239, 31.96476 ], [ 35.07247, 31.9636 ], [ 35.07199, 31.96288 ], [ 35.07027, 31.96238 ], [ 35.06858, 31.96229 ], [ 35.06648, 31.96193 ], [ 35.06572, 31.96165 ], [ 35.06535, 31.96122 ], [ 35.0646, 31.9605 ], [ 35.0637, 31.96 ], [ 35.06267, 31.96002 ], [ 35.0614, 31.96002 ], [ 35.06074, 31.95968 ], [ 35.05998, 31.95834 ], [ 35.05948, 31.958 ], [ 35.058, 31.95807 ], [ 35.05682, 31.95875 ], [ 35.05645, 31.95936 ], [ 35.05644, 31.96033 ], [ 35.05623, 31.96099 ], [ 35.05612, 31.96173 ], [ 35.05684, 31.96298 ], [ 35.05808, 31.96352 ], [ 35.05983, 31.96336 ], [ 35.06076, 31.96357 ], [ 35.0624, 31.96364 ], [ 35.06282, 31.96377 ], [ 35.06288, 31.9644 ], [ 35.06238, 31.96468 ], [ 35.06112, 31.96549 ], [ 35.06041, 31.96664 ], [ 35.0607, 31.96777 ], [ 35.06136, 31.9681 ], [ 35.06216, 31.96794 ], [ 35.06346, 31.96774 ] ] ] ] } },
{ "type": "Feature", "properties": { "OBJECTID": 74, "Id": 0, "Name": "נירן", "NameEng": "Niran", "ET_ID": 392717, "GIS_ID": 3620.0, "Type": "Settlement", "Ideologica": "No", "Shape_Leng": 4812.0512565700001, "Shape_Area": 392715.04335, "WKT": null, "DB_ID": 90.0, "Time": 1977, "X": 243392.13213000001, "Y": 652791.10656600003, "WKT_1": null, "WKT_ISR": null }, "geometry": { "type": "MultiPolygon", "coordinates": [ [ [ [ 35.45717, 31.96667 ], [ 35.45625, 31.96499 ], [ 35.45609, 31.9642 ], [ 35.45372, 31.96419 ], [ 35.45228, 31.96518 ], [ 35.45197, 31.96574 ], [ 35.45247, 31.9681 ], [ 35.45334, 31.96899 ], [ 35.45461, 31.96914 ], [ 35.45555, 31.96907 ], [ 35.45676, 31.96849 ], [ 35.45743, 31.96848 ], [ 35.45836, 31.96873 ], [ 35.45838, 31.97053 ], [ 35.45844, 31.97065 ], [ 35.45983, 31.97047 ], [ 35.4603, 31.97034 ], [ 35.46111, 31.96998 ], [ 35.4617, 31.96965 ], [ 35.46192, 31.96922 ], [ 35.46215, 31.96907 ], [ 35.46314, 31.97006 ], [ 35.46392, 31.97065 ], [ 35.46437, 31.97094 ], [ 35.46406, 31.97159 ], [ 35.46402, 31.9723 ], [ 35.46487, 31.9726 ], [ 35.46526, 31.97228 ], [ 35.46562, 31.97166 ], [ 35.46564, 31.97115 ], [ 35.46595, 31.97107 ], [ 35.46692, 31.97107 ], [ 35.46775, 31.9712 ], [ 35.46777, 31.97144 ], [ 35.46779, 31.97221 ], [ 35.46847, 31.97233 ], [ 35.46892, 31.97217 ], [ 35.46896, 31.97143 ], [ 35.46896, 31.97121 ], [ 35.46781, 31.97101 ], [ 35.46597, 31.97082 ], [ 35.46439, 31.97052 ], [ 35.46356, 31.96996 ], [ 35.46273, 31.96915 ], [ 35.46166, 31.96857 ], [ 35.46093, 31.96811 ], [ 35.46041, 31.96761 ], [ 35.45956, 31.96699 ], [ 35.45841, 31.96694 ], [ 35.45782, 31.96692 ], [ 35.45717, 31.96667 ] ] ] ] } },
{ "type": "Feature", "properties": { "OBJECTID": 75, "Id": 0, "Name": "נתיב הגדוד", "NameEng": "Netiv Ha'gdud", "ET_ID": 1026685, "GIS_ID": 3555.0, "Type": "Settlement", "Ideologica": "No", "Shape_Leng": 4160.4549198900004, "Shape_Area": 1045699.8820099999, "WKT": null, "DB_ID": 94.0, "Time": 1976, "X": 242197.56555199999, "Y": 655073.71502300003, "WKT_1": null, "WKT_ISR": null }, "geometry": { "type": "MultiPolygon", "coordinates": [ [ [ [ 35.44106, 31.99328 ], [ 35.44926, 31.99416 ], [ 35.44909, 31.99169 ], [ 35.44863, 31.99068 ], [ 35.44822, 31.99033 ], [ 35.44796, 31.99016 ], [ 35.45181, 31.9886 ], [ 35.45128, 31.98641 ], [ 35.44883, 31.98362 ], [ 35.44162, 31.9838 ], [ 35.4386, 31.98752 ], [ 35.44106, 31.99328 ] ] ] ] } },
{ "type": "Feature", "properties": { "OBJECTID": 76, "Id": 0, "Name": "גלגל", "NameEng": "Gilgal", "ET_ID": 629474, "GIS_ID": 3606.0, "Type": "Settlement", "Ideologica": "No", "Shape_Leng": 3160.4404518800002, "Shape_Area": 629470.73765000002, "WKT": null, "DB_ID": 33.0, "Time": 1970, "X": 242395.88781300001, "Y": 656330.49909699999, "WKT_1": null, "WKT_ISR": null }, "geometry": { "type": "MultiPolygon", "coordinates": [ [ [ [ 35.44921, 31.99604 ], [ 35.44813, 31.99607 ], [ 35.44745, 31.996 ], [ 35.44646, 31.9961 ], [ 35.4457, 31.99653 ], [ 35.44499, 31.99661 ], [ 35.4438, 31.9968 ], [ 35.44278, 31.99719 ], [ 35.44233, 31.99833 ], [ 35.44216, 31.99922 ], [ 35.44214, 32.0004 ], [ 35.44265, 32.00156 ], [ 35.44381, 32.00269 ], [ 35.44501, 32.00339 ], [ 35.44608, 32.00387 ], [ 35.44707, 32.00266 ], [ 35.44761, 32.0024 ], [ 35.4488, 32.00285 ], [ 35.44943, 32.00336 ], [ 35.45115, 32.00357 ], [ 35.45197, 32.00203 ], [ 35.45299, 32.00004 ], [ 35.45205, 31.99973 ], [ 35.45148, 31.99908 ], [ 35.4508, 31.9979 ], [ 35.44921, 31.99604 ] ] ] ] } },
{ "type": "Feature", "properties": { "OBJECTID": 77, "Id": 0, "Name": "עטרת", "NameEng": "Ateret", "ET_ID": 774222, "GIS_ID": 3658.0, "Type": "Settlement", "Ideologica": "Religious", "Shape_Leng": 3680.3528045899998, "Shape_Area": 635567.25624999998, "WKT": null, "DB_ID": 99.0, "Time": 1981, "X": 216927.31739000001, "Y": 656408.63792999997, "WKT_1": null, "WKT_ISR": null }, "geometry": { "type": "MultiPolygon", "coordinates": [ [ [ [ 35.17938, 32.00085 ], [ 35.1809, 32.00068 ], [ 35.18196, 32.00041 ], [ 35.18265, 32.00007 ], [ 35.18285, 31.99939 ], [ 35.18259, 31.99858 ], [ 35.18291, 31.9976 ], [ 35.18314, 31.99684 ], [ 35.18317, 31.99649 ], [ 35.18325, 31.99633 ], [ 35.18338, 31.9961 ], [ 35.18347, 31.9958 ], [ 35.1834, 31.99559 ], [ 35.18323, 31.99548 ], [ 35.18281, 31.99549 ], [ 35.18195, 31.99574 ], [ 35.18129, 31.99575 ], [ 35.18074, 31.99584 ], [ 35.18036, 31.99589 ], [ 35.17929, 31.99598 ], [ 35.17834, 31.99629 ], [ 35.1779, 31.9965 ], [ 35.17692, 31.99769 ], [ 35.17642, 31.99807 ], [ 35.17616, 31.99846 ], [ 35.17533, 31.99939 ], [ 35.17498, 31.99954 ], [ 35.17349, 32.00065 ], [ 35.17315, 32.00172 ], [ 35.17309, 32.0037 ], [ 35.17338, 32.00494 ], [ 35.17364, 32.00566 ], [ 35.17401, 32.0064 ], [ 35.17424, 32.00704 ], [ 35.1751, 32.00729 ], [ 35.17625, 32.00682 ], [ 35.17823, 32.00362 ], [ 35.17906, 32.00107 ], [ 35.17938, 32.00085 ] ] ] ] } },
{ "type": "Feature", "properties": { "OBJECTID": 78, "Id": 0, "Name": "חלמיש", "NameEng": "Halamish", "ET_ID": 759515, "GIS_ID": 3573.0, "Type": "Settlement", "Ideologica": "Religious", "Shape_Leng": 5336.2754698500003, "Shape_Area": 688071.10219500004, "WKT": null, "DB_ID": 42.0, "Time": 1977, "X": 212002.24452499999, "Y": 656975.64353, "WKT_1": null, "WKT_ISR": null }, "geometry": { "type": "MultiPolygon", "coordinates": [ [ [ [ 35.13416, 32.01111 ], [ 35.1337, 32.01081 ], [ 35.13302, 32.0107 ], [ 35.1323, 32.01045 ], [ 35.13168, 32.01027 ], [ 35.13157, 32.01 ], [ 35.13112, 32.00924 ], [ 35.13037, 32.00873 ], [ 35.1297, 32.00843 ], [ 35.12933, 32.00777 ], [ 35.12901, 32.00724 ], [ 35.1286, 32.00673 ], [ 35.12813, 32.00621 ], [ 35.12726, 32.0058 ], [ 35.12672, 32.00564 ], [ 35.12673, 32.00487 ], [ 35.12701, 32.00394 ], [ 35.12718, 32.00353 ], [ 35.12752, 32.00344 ], [ 35.12756, 32.00303 ], [ 35.12735, 32.00238 ], [ 35.12713, 32.00194 ], [ 35.12655, 32.00158 ], [ 35.12577, 32.00144 ], [ 35.12502, 32.00147 ], [ 35.12439, 32.00126 ], [ 35.12411, 32.00097 ], [ 35.12311, 32.00062 ], [ 35.12229, 32.00014 ], [ 35.12174, 32.00042 ], [ 35.12165, 32.00061 ], [ 35.12169, 32.00098 ], [ 35.12129, 32.00107 ], [ 35.12073, 32.00104 ], [ 35.11989, 32.00114 ], [ 35.11911, 32.0014 ], [ 35.11835, 32.00191 ], [ 35.11846, 32.00236 ], [ 35.11866, 32.00253 ], [ 35.1188, 32.00279 ], [ 35.11941, 32.00327 ], [ 35.11993, 32.00375 ], [ 35.1203, 32.00385 ], [ 35.12032, 32.00416 ], [ 35.12059, 32.00443 ], [ 35.12056, 32.00491 ], [ 35.12062, 32.00541 ], [ 35.1209, 32.0058 ], [ 35.12151, 32.00613 ], [ 35.12206, 32.00609 ], [ 35.1225, 32.00574 ], [ 35.12291, 32.00573 ], [ 35.12322, 32.00578 ], [ 35.12348, 32.00627 ], [ 35.12402, 32.0066 ], [ 35.12402, 32.00761 ], [ 35.124, 32.00822 ], [ 35.12412, 32.00854 ], [ 35.12411, 32.00873 ], [ 35.12432, 32.00887 ], [ 35.12452, 32.00887 ], [ 35.12468, 32.0088 ], [ 35.1251, 32.00898 ], [ 35.12571, 32.0093 ], [ 35.12616, 32.00947 ], [ 35.12656, 32.00951 ], [ 35.12754, 32.00965 ], [ 35.12816, 32.00969 ], [ 35.12855, 32.00972 ], [ 35.12891, 32.01076 ], [ 35.12933, 32.0113 ], [ 35.12954, 32.01171 ], [ 35.12955, 32.012 ], [ 35.12972, 32.0121 ], [ 35.13004, 32.0121 ], [ 35.13039, 32.01187 ], [ 35.13062, 32.01169 ], [ 35.13085, 32.01161 ], [ 35.13093, 32.01155 ], [ 35.13105, 32.01172 ], [ 35.13097, 32.01196 ], [ 35.13033, 32.01293 ], [ 35.13021, 32.01329 ], [ 35.13062, 32.01357 ], [ 35.1312, 32.01362 ], [ 35.13149, 32.01364 ], [ 35.13175, 32.01337 ], [ 35.13201, 32.01316 ], [ 35.13225, 32.01299 ], [ 35.13225, 32.01263 ], [ 35.13211, 32.01213 ], [ 35.13204, 32.01174 ], [ 35.13206, 32.01123 ], [ 35.13244, 32.0111 ], [ 35.13322, 32.01137 ], [ 35.13396, 32.01152 ], [ 35.13426, 32.01149 ], [ 35.13428, 32.01127 ], [ 35.13416, 32.01111 ] ] ] ] } },
{ "type": "Feature", "properties": { "OBJECTID": 79, "Id": 0, "Name": "תומר", "NameEng": "Tomer", "ET_ID": 418728, "GIS_ID": 3558.0, "Type": "Settlement", "Ideologica": "No", "Shape_Leng": 2814.80210326, "Shape_Area": 439282.28184499999, "WKT": null, "DB_ID": 134.0, "Time": 1978, "X": 241612.84470799999, "Y": 658385.73415599996, "WKT_1": null, "WKT_ISR": null }, "geometry": { "type": "MultiPolygon", "coordinates": [ [ [ [ 35.44026, 32.02178 ], [ 35.44072, 32.02166 ], [ 35.44177, 32.02206 ], [ 35.44255, 32.02016 ], [ 35.44284, 32.01989 ], [ 35.44207, 32.01931 ], [ 35.44213, 32.01907 ], [ 35.44252, 32.01707 ], [ 35.44209, 32.01637 ], [ 35.4413, 32.01574 ], [ 35.44005, 32.01601 ], [ 35.43996, 32.01574 ], [ 35.43996, 32.01475 ], [ 35.43945, 32.01463 ], [ 35.43877, 32.01468 ], [ 35.43804, 32.01481 ], [ 35.43792, 32.01489 ], [ 35.43722, 32.01498 ], [ 35.43668, 32.01506 ], [ 35.43657, 32.01558 ], [ 35.43629, 32.01604 ], [ 35.43577, 32.01624 ], [ 35.43576, 32.01668 ], [ 35.43584, 32.01687 ], [ 35.43591, 32.01703 ], [ 35.43512, 32.01725 ], [ 35.4343, 32.01749 ], [ 35.4345, 32.01802 ], [ 35.43504, 32.01879 ], [ 35.43561, 32.01959 ], [ 35.4368, 32.02026 ], [ 35.43754, 32.02103 ], [ 35.43811, 32.02188 ], [ 35.43882, 32.02231 ], [ 35.43964, 32.02226 ], [ 35.44026, 32.02178 ] ] ] ] } },
{ "type": "Feature", "properties": { "OBJECTID": 80, "Id": 0, "Name": "עופרים", "NameEng": "Ofarim", "ET_ID": 439100, "GIS_ID": 3792.0, "Type": "Settlement", "Ideologica": "No", "Shape_Leng": 2619.3168312100001, "Shape_Area": 439101.41995000001, "WKT": null, "DB_ID": 98.0, "Time": 1989, "X": 204373.09762399999, "Y": 658396.75696200004, "WKT_1": null, "WKT_ISR": null }, "geometry": { "type": "MultiPolygon", "coordinates": [ [ [ [ 35.04024, 32.01768 ], [ 35.04011, 32.01801 ], [ 35.0404, 32.01854 ], [ 35.04167, 32.0196 ], [ 35.04224, 32.02031 ], [ 35.04363, 32.02088 ], [ 35.04498, 32.02146 ], [ 35.04581, 32.02194 ], [ 35.04664, 32.02214 ], [ 35.04744, 32.02223 ], [ 35.04819, 32.02245 ], [ 35.04861, 32.02239 ], [ 35.04887, 32.02122 ], [ 35.0489, 32.02025 ], [ 35.04892, 32.01839 ], [ 35.04817, 32.01811 ], [ 35.04735, 32.01731 ], [ 35.04672, 32.01671 ], [ 35.04509, 32.01574 ], [ 35.04375, 32.01516 ], [ 35.04289, 32.01494 ], [ 35.04227, 32.01494 ], [ 35.04154, 32.01518 ], [ 35.041, 32.01582 ], [ 35.04092, 32.01662 ], [ 35.04082, 32.01726 ], [ 35.04024, 32.01768 ] ] ] ] } },
{ "type": "Feature", "properties": { "OBJECTID": 81, "Id": 0, "Name": "בית אריה", "NameEng": "Beit Arye", "ET_ID": 1340354, "GIS_ID": 3652.0, "Type": "Settlement", "Ideologica": "No", "Shape_Leng": 6861.06113766, "Shape_Area": 1383911.08877, "WKT": null, "DB_ID": 19.0, "Time": 1981, "X": 204989.833549, "Y": 660380.58511099999, "WKT_1": null, "WKT_ISR": null }, "geometry": { "type": "MultiPolygon", "coordinates": [ [ [ [ 35.04997, 32.03098 ], [ 35.04928, 32.03263 ], [ 35.04848, 32.03424 ], [ 35.04772, 32.03526 ], [ 35.04606, 32.03579 ], [ 35.04522, 32.03688 ], [ 35.04407, 32.03832 ], [ 35.04371, 32.03905 ], [ 35.04379, 32.0396 ], [ 35.04395, 32.0399 ], [ 35.04426, 32.03994 ], [ 35.0447, 32.04004 ], [ 35.04498, 32.04018 ], [ 35.04506, 32.04067 ], [ 35.04498, 32.04157 ], [ 35.04516, 32.04244 ], [ 35.0449, 32.04417 ], [ 35.04409, 32.04415 ], [ 35.04228, 32.04477 ], [ 35.04275, 32.04521 ], [ 35.04354, 32.04561 ], [ 35.04502, 32.04593 ], [ 35.04657, 32.04601 ], [ 35.04686, 32.04538 ], [ 35.04817, 32.04504 ], [ 35.04941, 32.04455 ], [ 35.05003, 32.04377 ], [ 35.05021, 32.04272 ], [ 35.05061, 32.04158 ], [ 35.05185, 32.04062 ], [ 35.05301, 32.03988 ], [ 35.054, 32.03923 ], [ 35.05509, 32.03855 ], [ 35.0552, 32.03787 ], [ 35.05498, 32.03697 ], [ 35.05476, 32.0361 ], [ 35.05422, 32.03607 ], [ 35.05382, 32.03657 ], [ 35.05324, 32.03635 ], [ 35.05244, 32.03539 ], [ 35.05266, 32.0344 ], [ 35.05357, 32.03353 ], [ 35.05481, 32.03323 ], [ 35.05615, 32.03317 ], [ 35.05778, 32.03335 ], [ 35.05916, 32.0336 ], [ 35.06062, 32.03329 ], [ 35.06153, 32.03292 ], [ 35.06207, 32.03252 ], [ 35.062, 32.03181 ], [ 35.062, 32.03026 ], [ 35.06084, 32.02986 ], [ 35.0595, 32.02983 ], [ 35.05852, 32.02924 ], [ 35.05712, 32.02916 ], [ 35.05665, 32.02897 ], [ 35.05652, 32.0288 ], [ 35.05366, 32.02925 ], [ 35.05092, 32.0301 ], [ 35.05035, 32.03054 ], [ 35.04997, 32.03098 ] ] ] ] } },
{ "type": "Feature", "properties": { "OBJECTID": 82, "Id": 0, "Name": "פצאל", "NameEng": "Petzael", "ET_ID": 1196164, "GIS_ID": 3615.0, "Type": "Settlement", "Ideologica": "No", "Shape_Leng": 4232.1693548100002, "Shape_Area": 1196168.8913, "WKT": null, "DB_ID": 111.0, "Time": 1975, "X": 241959.30923799999, "Y": 661234.71291500004, "WKT_1": null, "WKT_ISR": null }, "geometry": { "type": "MultiPolygon", "coordinates": [ [ [ [ 35.44724, 32.04847 ], [ 35.44838, 32.04747 ], [ 35.44847, 32.04695 ], [ 35.4485, 32.04591 ], [ 35.44819, 32.04489 ], [ 35.44901, 32.04439 ], [ 35.44864, 32.04345 ], [ 35.44781, 32.04167 ], [ 35.44692, 32.03985 ], [ 35.44615, 32.03904 ], [ 35.44501, 32.03854 ], [ 35.44381, 32.03857 ], [ 35.442, 32.03839 ], [ 35.44004, 32.0384 ], [ 35.43933, 32.03863 ], [ 35.43866, 32.03903 ], [ 35.43793, 32.03989 ], [ 35.43624, 32.04156 ], [ 35.4352, 32.04272 ], [ 35.43702, 32.04397 ], [ 35.43861, 32.04525 ], [ 35.43862, 32.04626 ], [ 35.43819, 32.04836 ], [ 35.43838, 32.04867 ], [ 35.43985, 32.04963 ], [ 35.44163, 32.05023 ], [ 35.44255, 32.05023 ], [ 35.44455, 32.04994 ], [ 35.44571, 32.04965 ], [ 35.44663, 32.04936 ], [ 35.44724, 32.04847 ] ] ] ] } },
{ "type": "Feature", "properties": { "OBJECTID": 83, "Id": 0, "Name": "קידה", "NameEng": "Kida", "ET_ID": 1109021, "GIS_ID": 0.132, "Type": "Outpost", "Ideologica": "Extreme", "Shape_Leng": 3481.6313470599998, "Shape_Area": 597072.73709299997, "WKT": null, "DB_ID": 313.0, "Time": 2003, "X": 232225.11724, "Y": 661720.49917199998, "WKT_1": null, "WKT_ISR": null }, "geometry": { "type": "MultiPolygon", "coordinates": [ [ [ [ 35.34387, 32.04565 ], [ 35.34419, 32.0451 ], [ 35.34466, 32.04461 ], [ 35.34452, 32.0441 ], [ 35.34453, 32.04384 ], [ 35.34354, 32.04378 ], [ 35.34192, 32.04418 ], [ 35.34052, 32.04415 ], [ 35.3395, 32.04415 ], [ 35.33906, 32.04432 ], [ 35.33867, 32.04446 ], [ 35.33803, 32.04456 ], [ 35.33766, 32.04493 ], [ 35.33755, 32.04529 ], [ 35.33746, 32.04526 ], [ 35.33736, 32.04522 ], [ 35.33708, 32.04551 ], [ 35.33712, 32.04554 ], [ 35.33698, 32.04572 ], [ 35.33641, 32.04612 ], [ 35.3365, 32.04636 ], [ 35.33669, 32.04671 ], [ 35.33684, 32.04709 ], [ 35.33696, 32.04747 ], [ 35.3369, 32.04756 ], [ 35.33663, 32.0478 ], [ 35.33628, 32.04804 ], [ 35.3362, 32.04834 ], [ 35.33598, 32.04908 ], [ 35.33605, 32.04976 ], [ 35.33591, 32.05 ], [ 35.33571, 32.05057 ], [ 35.33578, 32.05104 ], [ 35.3359, 32.05175 ], [ 35.33661, 32.05268 ], [ 35.33762, 32.0527 ], [ 35.33758, 32.05335 ], [ 35.33803, 32.05426 ], [ 35.33921, 32.05412 ], [ 35.33938, 32.05388 ], [ 35.33982, 32.05372 ], [ 35.34028, 32.05352 ], [ 35.34083, 32.05324 ], [ 35.34146, 32.05304 ], [ 35.34177, 32.05254 ], [ 35.34189, 32.05219 ], [ 35.34186, 32.05212 ], [ 35.34188, 32.05209 ], [ 35.34219, 32.05186 ], [ 35.34233, 32.05151 ], [ 35.34201, 32.05087 ], [ 35.34205, 32.05037 ], [ 35.34191, 32.05022 ], [ 35.34193, 32.04986 ], [ 35.34167, 32.04918 ], [ 35.34167, 32.04854 ], [ 35.34231, 32.04745 ], [ 35.34287, 32.04728 ], [ 35.34326, 32.04695 ], [ 35.34338, 32.04674 ], [ 35.34353, 32.04614 ], [ 35.34387, 32.04565 ] ] ] ] } },
{ "type": "Feature", "properties": { "OBJECTID": 84, "Id": 0, "Name": "הרואה", "NameEng": "Haroeh", "ET_ID": 57393, "GIS_ID": 0.09, "Type": "Outpost", "Ideologica": "Religious", "Shape_Leng": 855.6259536, "Shape_Area": 47906.122900499999, "WKT": null, "DB_ID": 258.0, "Time": 2002, "X": 224946.241029, "Y": 662386.0305, "WKT_1": null, "WKT_ISR": null }, "geometry": { "type": "MultiPolygon", "coordinates": [ [ [ [ 35.26339, 32.05341 ], [ 35.26265, 32.05327 ], [ 35.26254, 32.05341 ], [ 35.26224, 32.05366 ], [ 35.26195, 32.05388 ], [ 35.2618, 32.05418 ], [ 35.2617, 32.05448 ], [ 35.26158, 32.05472 ], [ 35.26151, 32.05505 ], [ 35.26139, 32.05535 ], [ 35.26128, 32.05565 ], [ 35.26141, 32.05592 ], [ 35.26189, 32.05605 ], [ 35.26233, 32.05601 ], [ 35.2626, 32.05579 ], [ 35.26303, 32.05552 ], [ 35.2634, 32.0553 ], [ 35.26371, 32.05497 ], [ 35.26375, 32.05456 ], [ 35.26375, 32.0542 ], [ 35.26369, 32.0539 ], [ 35.26349, 32.05366 ], [ 35.26335, 32.05351 ], [ 35.26339, 32.05341 ] ] ] ] } },
{ "type": "Feature", "properties": { "OBJECTID": 85, "Id": 0, "Name": "מעלה לבונה", "NameEng": "Ma'ale Levona", "ET_ID": 561750, "GIS_ID": 3752.0, "Type": "Settlement", "Ideologica": "Religious", "Shape_Leng": 3228.4834679300002, "Shape_Area": 561748.592, "WKT": null, "DB_ID": 72.0, "Time": 1983, "X": 222865.04794, "Y": 662409.28276800003, "WKT_1": null, "WKT_ISR": null }, "geometry": { "type": "MultiPolygon", "coordinates": [ [ [ [ 35.24732, 32.05615 ], [ 35.24726, 32.05604 ], [ 35.24681, 32.05617 ], [ 35.24646, 32.05592 ], [ 35.2462, 32.0555 ], [ 35.2457, 32.05533 ], [ 35.24523, 32.05507 ], [ 35.2451, 32.05432 ], [ 35.24473, 32.05335 ], [ 35.24427, 32.05309 ], [ 35.24384, 32.05259 ], [ 35.24333, 32.0526 ], [ 35.24283, 32.05252 ], [ 35.24243, 32.05241 ], [ 35.24185, 32.05246 ], [ 35.24162, 32.0522 ], [ 35.24089, 32.05158 ], [ 35.24004, 32.05148 ], [ 35.23864, 32.05152 ], [ 35.23812, 32.05156 ], [ 35.23729, 32.05177 ], [ 35.23698, 32.05216 ], [ 35.23639, 32.05287 ], [ 35.23582, 32.05345 ], [ 35.23525, 32.05423 ], [ 35.23481, 32.05522 ], [ 35.23509, 32.05606 ], [ 35.23564, 32.05657 ], [ 35.23661, 32.05705 ], [ 35.23707, 32.05708 ], [ 35.23755, 32.05692 ], [ 35.23777, 32.05692 ], [ 35.2385, 32.05715 ], [ 35.23895, 32.05721 ], [ 35.2395, 32.05703 ], [ 35.23977, 32.05702 ], [ 35.23986, 32.05721 ], [ 35.24035, 32.05766 ], [ 35.24079, 32.05806 ], [ 35.24109, 32.05827 ], [ 35.24133, 32.05829 ], [ 35.24159, 32.05837 ], [ 35.24225, 32.05868 ], [ 35.24245, 32.05867 ], [ 35.2428, 32.05839 ], [ 35.24319, 32.05806 ], [ 35.24339, 32.05793 ], [ 35.24354, 32.0576 ], [ 35.24403, 32.05712 ], [ 35.2445, 32.05725 ], [ 35.24502, 32.0573 ], [ 35.24516, 32.05723 ], [ 35.24517, 32.05693 ], [ 35.2454, 32.05686 ], [ 35.24595, 32.05677 ], [ 35.24658, 32.05668 ], [ 35.24729, 32.05642 ], [ 35.24732, 32.05615 ] ] ] ] } },
{ "type": "Feature", "properties": { "OBJECTID": 86, "Id": 0, "Name": "גבעת הראל", "NameEng": "Givat Harel", "ET_ID": 326021, "GIS_ID": 0.122, "Type": "Outpost", "Ideologica": "Religious", "Shape_Leng": 2750.9570854, "Shape_Area": 334273.26864899998, "WKT": null, "DB_ID": 247.0, "Time": 1998, "X": 226079.875826, "Y": 662814.05153699999, "WKT_1": null, "WKT_ISR": null }, "geometry": { "type": "MultiPolygon", "coordinates": [ [ [ [ 35.27513, 32.06059 ], [ 35.27583, 32.06008 ], [ 35.27627, 32.05967 ], [ 35.27664, 32.05943 ], [ 35.27682, 32.05921 ], [ 35.27713, 32.05912 ], [ 35.27743, 32.05892 ], [ 35.27758, 32.05886 ], [ 35.27828, 32.05837 ], [ 35.27855, 32.05813 ], [ 35.27878, 32.05737 ], [ 35.27878, 32.05735 ], [ 35.27977, 32.05711 ], [ 35.27978, 32.05679 ], [ 35.27977, 32.05642 ], [ 35.27964, 32.05624 ], [ 35.27886, 32.05658 ], [ 35.27888, 32.05648 ], [ 35.27834, 32.05634 ], [ 35.27813, 32.05605 ], [ 35.27831, 32.05589 ], [ 35.27779, 32.05546 ], [ 35.27733, 32.05537 ], [ 35.27671, 32.05568 ], [ 35.27624, 32.05593 ], [ 35.27561, 32.05617 ], [ 35.27492, 32.05634 ], [ 35.27439, 32.05647 ], [ 35.27396, 32.05663 ], [ 35.27327, 32.05679 ], [ 35.27267, 32.05706 ], [ 35.27224, 32.05735 ], [ 35.27193, 32.05771 ], [ 35.27165, 32.05812 ], [ 35.27144, 32.05843 ], [ 35.27137, 32.0586 ], [ 35.27116, 32.05899 ], [ 35.27059, 32.05929 ], [ 35.27019, 32.05941 ], [ 35.26974, 32.05966 ], [ 35.26946, 32.05988 ], [ 35.26925, 32.06024 ], [ 35.26919, 32.0607 ], [ 35.26941, 32.06084 ], [ 35.26999, 32.06074 ], [ 35.27042, 32.06066 ], [ 35.27075, 32.06064 ], [ 35.27112, 32.06054 ], [ 35.27154, 32.06053 ], [ 35.27172, 32.06064 ], [ 35.2718, 32.06101 ], [ 35.27209, 32.06125 ], [ 35.27247, 32.06132 ], [ 35.27262, 32.0614 ], [ 35.27285, 32.06153 ], [ 35.27321, 32.0617 ], [ 35.27365, 32.06177 ], [ 35.27398, 32.06162 ], [ 35.27447, 32.06122 ], [ 35.2749, 32.06076 ], [ 35.27513, 32.06059 ] ] ] ] } },
{ "type": "Feature", "properties": { "OBJECTID": 87, "Id": 0, "Name": "שילה", "NameEng": "Shilo", "ET_ID": 3361834, "GIS_ID": 3641.0, "Type": "Settlement", "Ideologica": "Religious", "Shape_Leng": 7655.6850856399997, "Shape_Area": 1717027.4685500001, "WKT": null, "DB_ID": 129.0, "Time": 1979, "X": 228215.46408599999, "Y": 662130.58150700002, "WKT_1": null, "WKT_ISR": null }, "geometry": { "type": "MultiPolygon", "coordinates": [ [ [ [ 35.30969, 32.04825 ], [ 35.30942, 32.04803 ], [ 35.30648, 32.04775 ], [ 35.30524, 32.04784 ], [ 35.30326, 32.04914 ], [ 35.29901, 32.04786 ], [ 35.29432, 32.04644 ], [ 35.29399, 32.0466 ], [ 35.29337, 32.04686 ], [ 35.29311, 32.04706 ], [ 35.29268, 32.04728 ], [ 35.29214, 32.04754 ], [ 35.29195, 32.04772 ], [ 35.29192, 32.04782 ], [ 35.29178, 32.04785 ], [ 35.29156, 32.04795 ], [ 35.29108, 32.04822 ], [ 35.29064, 32.04847 ], [ 35.29033, 32.04855 ], [ 35.28999, 32.04864 ], [ 35.28982, 32.04933 ], [ 35.28961, 32.04975 ], [ 35.28932, 32.05017 ], [ 35.28927, 32.05055 ], [ 35.28908, 32.05105 ], [ 35.28896, 32.05135 ], [ 35.28861, 32.05223 ], [ 35.28807, 32.05326 ], [ 35.28794, 32.05353 ], [ 35.28785, 32.05378 ], [ 35.28763, 32.05428 ], [ 35.2873, 32.05468 ], [ 35.2873, 32.05484 ], [ 35.28766, 32.05489 ], [ 35.2879, 32.05506 ], [ 35.28799, 32.05537 ], [ 35.28789, 32.05598 ], [ 35.28772, 32.05659 ], [ 35.28754, 32.05676 ], [ 35.28729, 32.05724 ], [ 35.28696, 32.05769 ], [ 35.28672, 32.05801 ], [ 35.28658, 32.05834 ], [ 35.28718, 32.05866 ], [ 35.28813, 32.05884 ], [ 35.28904, 32.05905 ], [ 35.29049, 32.05901 ], [ 35.29119, 32.05881 ], [ 35.29172, 32.05835 ], [ 35.29225, 32.05762 ], [ 35.29254, 32.05738 ], [ 35.29269, 32.05721 ], [ 35.29271, 32.0568 ], [ 35.29255, 32.0565 ], [ 35.2928, 32.05615 ], [ 35.2933, 32.05553 ], [ 35.29389, 32.05475 ], [ 35.29434, 32.05426 ], [ 35.29458, 32.05386 ], [ 35.29505, 32.05389 ], [ 35.29609, 32.05388 ], [ 35.29675, 32.0539 ], [ 35.29778, 32.0539 ], [ 35.29803, 32.05396 ], [ 35.298, 32.05428 ], [ 35.2977, 32.05432 ], [ 35.29744, 32.05434 ], [ 35.29681, 32.05447 ], [ 35.29641, 32.05464 ], [ 35.29587, 32.05524 ], [ 35.29581, 32.05544 ], [ 35.29593, 32.05577 ], [ 35.29603, 32.05609 ], [ 35.29633, 32.05624 ], [ 35.29645, 32.05642 ], [ 35.29673, 32.05692 ], [ 35.297, 32.05703 ], [ 35.29755, 32.05713 ], [ 35.2979, 32.05697 ], [ 35.29817, 32.05667 ], [ 35.29847, 32.05631 ], [ 35.2988, 32.05604 ], [ 35.29919, 32.0557 ], [ 35.29943, 32.05577 ], [ 35.29981, 32.056 ], [ 35.29996, 32.05632 ], [ 35.29996, 32.05662 ], [ 35.29991, 32.05698 ], [ 35.30006, 32.05735 ], [ 35.30044, 32.05787 ], [ 35.30077, 32.058 ], [ 35.30135, 32.0581 ], [ 35.30187, 32.05813 ], [ 35.3024, 32.05798 ], [ 35.30286, 32.05778 ], [ 35.30296, 32.05777 ], [ 35.30312, 32.05779 ], [ 35.30335, 32.05781 ], [ 35.30359, 32.0578 ], [ 35.30382, 32.05756 ], [ 35.30385, 32.05733 ], [ 35.30373, 32.05719 ], [ 35.30355, 32.05715 ], [ 35.30351, 32.05706 ], [ 35.30367, 32.05701 ], [ 35.30377, 32.05695 ], [ 35.30382, 32.05668 ], [ 35.30363, 32.05621 ], [ 35.3032, 32.05527 ], [ 35.30314, 32.05503 ], [ 35.30303, 32.05479 ], [ 35.30297, 32.05465 ], [ 35.30297, 32.05444 ], [ 35.30305, 32.05427 ], [ 35.3039, 32.05447 ], [ 35.30429, 32.05453 ], [ 35.30462, 32.05431 ], [ 35.30478, 32.0539 ], [ 35.30524, 32.05365 ], [ 35.30548, 32.05309 ], [ 35.30571, 32.05254 ], [ 35.30603, 32.05233 ], [ 35.30625, 32.05224 ], [ 35.30648, 32.05214 ], [ 35.30672, 32.0521 ], [ 35.30683, 32.05205 ], [ 35.30693, 32.05205 ], [ 35.30702, 32.05202 ], [ 35.30716, 32.05202 ], [ 35.30728, 32.05205 ], [ 35.30723, 32.05122 ], [ 35.30862, 32.05111 ], [ 35.30864, 32.05001 ], [ 35.30969, 32.04825 ] ] ] ] } },
{ "type": "Feature", "properties": { "OBJECTID": 88, "Id": 0, "Name": "אחיה", "NameEng": "Ahiya", "ET_ID": 255510, "GIS_ID": 0.117, "Type": "Outpost", "Ideologica": "Religious", "Shape_Leng": 2803.52665114, "Shape_Area": 314883.32249, "WKT": null, "DB_ID": 224.0, "Time": 1997, "X": 231132.16060199999, "Y": 663076.03659799998, "WKT_1": null, "WKT_ISR": null }, "geometry": { "type": "MultiPolygon", "coordinates": [ [ [ [ 35.32474, 32.06328 ], [ 35.32518, 32.06285 ], [ 35.32642, 32.06294 ], [ 35.3276, 32.06308 ], [ 35.32841, 32.06314 ], [ 35.32885, 32.06308 ], [ 35.32916, 32.06314 ], [ 35.32987, 32.06275 ], [ 35.33052, 32.06249 ], [ 35.33066, 32.06236 ], [ 35.33046, 32.0623 ], [ 35.33056, 32.06197 ], [ 35.33042, 32.06138 ], [ 35.33042, 32.06111 ], [ 35.33047, 32.06039 ], [ 35.33095, 32.06045 ], [ 35.33159, 32.06038 ], [ 35.33212, 32.06014 ], [ 35.33224, 32.05979 ], [ 35.33268, 32.05968 ], [ 35.33293, 32.05914 ], [ 35.33242, 32.05831 ], [ 35.33097, 32.05797 ], [ 35.3291, 32.05824 ], [ 35.32755, 32.05854 ], [ 35.32694, 32.0591 ], [ 35.32685, 32.05943 ], [ 35.32676, 32.05946 ], [ 35.32603, 32.0599 ], [ 35.32571, 32.06037 ], [ 35.32536, 32.06094 ], [ 35.32522, 32.06142 ], [ 35.32522, 32.06169 ], [ 35.32483, 32.0618 ], [ 35.32444, 32.06183 ], [ 35.32397, 32.06179 ], [ 35.32351, 32.06228 ], [ 35.32292, 32.06275 ], [ 35.32269, 32.06326 ], [ 35.32276, 32.06381 ], [ 35.32309, 32.06422 ], [ 35.32343, 32.06424 ], [ 35.32395, 32.06401 ], [ 35.32474, 32.06328 ] ] ] ] } },
{ "type": "Feature", "properties": { "OBJECTID": 89, "Id": 0, "Name": "אש קודש", "NameEng": "Esh Kodesh", "ET_ID": 81953, "GIS_ID": 0.115, "Type": "Outpost", "Ideologica": "Religious", "Shape_Leng": 2643.5681515199999, "Shape_Area": 322054.82340300002, "WKT": null, "DB_ID": 229.0, "Time": 2000, "X": 231922.932963, "Y": 663544.90207800001, "WKT_1": null, "WKT_ISR": null }, "geometry": { "type": "MultiPolygon", "coordinates": [ [ [ [ 35.33956, 32.06791 ], [ 35.33934, 32.06707 ], [ 35.33853, 32.06637 ], [ 35.33856, 32.06596 ], [ 35.33821, 32.06534 ], [ 35.33827, 32.0651 ], [ 35.3382, 32.06457 ], [ 35.33982, 32.0639 ], [ 35.34047, 32.06365 ], [ 35.34085, 32.06316 ], [ 35.3404, 32.06277 ], [ 35.33953, 32.06258 ], [ 35.3387, 32.06252 ], [ 35.33832, 32.06241 ], [ 35.33801, 32.06247 ], [ 35.33625, 32.06262 ], [ 35.33541, 32.06283 ], [ 35.33381, 32.06286 ], [ 35.33295, 32.06302 ], [ 35.33269, 32.06322 ], [ 35.33273, 32.06352 ], [ 35.33311, 32.06386 ], [ 35.3332, 32.06417 ], [ 35.3331, 32.06436 ], [ 35.33308, 32.06534 ], [ 35.33307, 32.06595 ], [ 35.33373, 32.06704 ], [ 35.33435, 32.06718 ], [ 35.33495, 32.0675 ], [ 35.33613, 32.06761 ], [ 35.33649, 32.06743 ], [ 35.33661, 32.06754 ], [ 35.33728, 32.06783 ], [ 35.33793, 32.0684 ], [ 35.33858, 32.06878 ], [ 35.33909, 32.06845 ], [ 35.33956, 32.06791 ] ] ] ] } },
{ "type": "Feature", "properties": { "OBJECTID": 90, "Id": 0, "Name": "יפית", "NameEng": "Yafit", "ET_ID": 1296781, "GIS_ID": 3566.0, "Type": "Settlement", "Ideologica": "No", "Shape_Leng": 5040.3505435899997, "Shape_Area": 1296779.4168499999, "WKT": null, "DB_ID": 51.0, "Time": 1980, "X": 244779.319957, "Y": 663166.49033599999, "WKT_1": null, "WKT_ISR": null }, "geometry": { "type": "MultiPolygon", "coordinates": [ [ [ [ 35.46672, 32.05276 ], [ 35.46607, 32.05376 ], [ 35.46566, 32.05502 ], [ 35.46627, 32.05577 ], [ 35.46688, 32.05638 ], [ 35.46737, 32.05664 ], [ 35.46681, 32.05822 ], [ 35.46557, 32.0621 ], [ 35.46667, 32.06294 ], [ 35.46918, 32.06355 ], [ 35.4699, 32.066 ], [ 35.47287, 32.06755 ], [ 35.4737, 32.06767 ], [ 35.4778, 32.06737 ], [ 35.47928, 32.06614 ], [ 35.48, 32.0652 ], [ 35.48014, 32.06411 ], [ 35.48128, 32.06336 ], [ 35.48158, 32.06304 ], [ 35.46672, 32.05276 ] ] ] ] } },
{ "type": "Feature", "properties": { "OBJECTID": 91, "Id": 0, "Name": "עלי זהב", "NameEng": "Alei Zahav", "ET_ID": 375728, "GIS_ID": 3727.0, "Type": "Settlement", "Ideologica": "No", "Shape_Leng": 5295.5306644399998, "Shape_Area": 465613.650509, "WKT": null, "DB_ID": 101.0, "Time": 1982, "X": 206256.47483699999, "Y": 664302.65663300001, "WKT_1": null, "WKT_ISR": null }, "geometry": { "type": "MultiPolygon", "coordinates": [ [ [ [ 35.0574, 32.0702 ], [ 35.05739, 32.07092 ], [ 35.05751, 32.07088 ], [ 35.05808, 32.07122 ], [ 35.05851, 32.0713 ], [ 35.05854, 32.07134 ], [ 35.05914, 32.07161 ], [ 35.0593, 32.07239 ], [ 35.05957, 32.07279 ], [ 35.0591, 32.07346 ], [ 35.05984, 32.07357 ], [ 35.06062, 32.07386 ], [ 35.06116, 32.0742 ], [ 35.06157, 32.07479 ], [ 35.06196, 32.07507 ], [ 35.06214, 32.07538 ], [ 35.06227, 32.07583 ], [ 35.06262, 32.07609 ], [ 35.06303, 32.07614 ], [ 35.06391, 32.07562 ], [ 35.06449, 32.0753 ], [ 35.06522, 32.07483 ], [ 35.06564, 32.07442 ], [ 35.06577, 32.07413 ], [ 35.06595, 32.0741 ], [ 35.06627, 32.07326 ], [ 35.06667, 32.07234 ], [ 35.067, 32.07167 ], [ 35.06695, 32.07097 ], [ 35.06704, 32.07059 ], [ 35.06714, 32.07046 ], [ 35.0677, 32.07029 ], [ 35.06781, 32.06987 ], [ 35.06863, 32.06986 ], [ 35.06912, 32.06999 ], [ 35.0693, 32.0701 ], [ 35.06962, 32.06992 ], [ 35.07024, 32.06988 ], [ 35.07106, 32.06981 ], [ 35.07201, 32.06988 ], [ 35.0727, 32.06977 ], [ 35.07371, 32.07021 ], [ 35.07387, 32.0711 ], [ 35.07254, 32.07106 ], [ 35.07253, 32.07187 ], [ 35.07345, 32.07189 ], [ 35.07436, 32.07196 ], [ 35.07524, 32.07178 ], [ 35.07524, 32.07128 ], [ 35.07493, 32.07069 ], [ 35.07403, 32.07012 ], [ 35.07317, 32.06961 ], [ 35.07252, 32.06934 ], [ 35.07188, 32.06935 ], [ 35.07125, 32.06934 ], [ 35.07061, 32.06926 ], [ 35.07011, 32.0691 ], [ 35.06975, 32.06883 ], [ 35.06916, 32.0686 ], [ 35.06895, 32.06841 ], [ 35.06832, 32.0683 ], [ 35.06766, 32.06825 ], [ 35.0674, 32.06855 ], [ 35.06727, 32.06892 ], [ 35.06684, 32.06895 ], [ 35.06686, 32.06895 ], [ 35.06663, 32.06903 ], [ 35.06667, 32.06979 ], [ 35.06644, 32.07029 ], [ 35.06592, 32.0703 ], [ 35.06549, 32.07005 ], [ 35.06478, 32.06998 ], [ 35.06411, 32.06987 ], [ 35.06362, 32.07009 ], [ 35.0634, 32.07051 ], [ 35.06293, 32.07057 ], [ 35.06203, 32.0707 ], [ 35.06168, 32.07074 ], [ 35.06144, 32.07052 ], [ 35.06065, 32.07031 ], [ 35.05977, 32.07033 ], [ 35.05933, 32.07088 ], [ 35.05901, 32.0708 ], [ 35.05851, 32.07072 ], [ 35.05866, 32.07028 ], [ 35.05866, 32.0701 ], [ 35.05831, 32.0699 ], [ 35.05802, 32.06988 ], [ 35.0577, 32.07016 ], [ 35.0574, 32.0702 ] ] ] ] } },
{ "type": "Feature", "properties": { "OBJECTID": 92, "Id": 0, "Name": "מעלה אפרים", "NameEng": "Ma'ale Efraim", "ET_ID": 1746427, "GIS_ID": 3608.0, "Type": "Settlement", "Ideologica": "No", "Shape_Leng": 6000.0376721700004, "Shape_Area": 1766205.2992400001, "WKT": null, "DB_ID": 71.0, "Time": 1970, "X": 238915.4831, "Y": 664066.76049400005, "WKT_1": null, "WKT_ISR": null }, "geometry": { "type": "MultiPolygon", "coordinates": [ [ [ [ 35.40576, 32.07377 ], [ 35.40683, 32.0735 ], [ 35.40729, 32.07374 ], [ 35.40826, 32.07374 ], [ 35.40865, 32.0735 ], [ 35.40929, 32.07353 ], [ 35.41047, 32.0741 ], [ 35.41136, 32.07398 ], [ 35.41214, 32.07358 ], [ 35.41467, 32.07324 ], [ 35.41653, 32.07315 ], [ 35.41756, 32.07275 ], [ 35.4192, 32.0726 ], [ 35.42098, 32.0715 ], [ 35.42144, 32.07068 ], [ 35.42197, 32.06874 ], [ 35.42165, 32.06722 ], [ 35.4209, 32.06619 ], [ 35.4205, 32.06546 ], [ 35.41754, 32.06468 ], [ 35.41537, 32.06462 ], [ 35.4128, 32.06556 ], [ 35.40849, 32.06682 ], [ 35.40714, 32.067 ], [ 35.40575, 32.06664 ], [ 35.40417, 32.06543 ], [ 35.40225, 32.06513 ], [ 35.40011, 32.06613 ], [ 35.40075, 32.06731 ], [ 35.40088, 32.06754 ], [ 35.40029, 32.06817 ], [ 35.40083, 32.06883 ], [ 35.40083, 32.06923 ], [ 35.40039, 32.07006 ], [ 35.40041, 32.07042 ], [ 35.4005, 32.07143 ], [ 35.40002, 32.074 ], [ 35.40134, 32.07439 ], [ 35.40159, 32.07533 ], [ 35.40198, 32.07557 ], [ 35.40298, 32.07557 ], [ 35.40434, 32.07526 ], [ 35.4053, 32.07463 ], [ 35.40576, 32.07377 ] ] ] ] } },
{ "type": "Feature", "properties": { "OBJECTID": 93, "Id": 0, "Name": "ברוכין", "NameEng": "Bruchin", "ET_ID": 264605, "GIS_ID": 3744.0, "Type": "Settlement", "Ideologica": "Religious", "Shape_Leng": 3617.2077493699999, "Shape_Area": 579173.35461799998, "WKT": null, "DB_ID": 233.0, "Time": 1999, "X": 208750.50593099999, "Y": 665363.95032599999, "WKT_1": null, "WKT_ISR": null }, "geometry": { "type": "MultiPolygon", "coordinates": [ [ [ [ 35.09662, 32.08133 ], [ 35.09689, 32.08093 ], [ 35.09639, 32.08058 ], [ 35.09452, 32.08105 ], [ 35.09491, 32.07928 ], [ 35.09384, 32.07919 ], [ 35.09192, 32.07871 ], [ 35.09136, 32.07852 ], [ 35.09096, 32.07929 ], [ 35.09015, 32.07926 ], [ 35.08996, 32.07887 ], [ 35.08913, 32.07881 ], [ 35.08859, 32.07913 ], [ 35.08833, 32.079 ], [ 35.08766, 32.07876 ], [ 35.08766, 32.07826 ], [ 35.08681, 32.078 ], [ 35.08631, 32.07788 ], [ 35.08601, 32.07792 ], [ 35.08561, 32.07821 ], [ 35.08537, 32.07863 ], [ 35.08516, 32.07906 ], [ 35.08502, 32.07952 ], [ 35.08484, 32.07958 ], [ 35.08465, 32.07987 ], [ 35.08468, 32.08028 ], [ 35.0847, 32.08076 ], [ 35.08486, 32.08112 ], [ 35.08526, 32.08138 ], [ 35.08576, 32.08157 ], [ 35.08633, 32.0818 ], [ 35.08719, 32.08192 ], [ 35.08751, 32.08213 ], [ 35.0876, 32.08215 ], [ 35.08808, 32.08345 ], [ 35.0892, 32.0837 ], [ 35.09029, 32.08384 ], [ 35.0905, 32.08461 ], [ 35.09112, 32.08509 ], [ 35.09204, 32.08534 ], [ 35.09338, 32.08513 ], [ 35.09411, 32.08477 ], [ 35.09515, 32.08424 ], [ 35.0954, 32.08418 ], [ 35.09539, 32.08412 ], [ 35.09683, 32.08342 ], [ 35.09678, 32.08255 ], [ 35.09733, 32.08186 ], [ 35.09662, 32.08133 ] ] ] ] } },
{ "type": "Feature", "properties": { "OBJECTID": 94, "Id": 0, "Name": "עלי", "NameEng": "Eli", "ET_ID": 4150564, "GIS_ID": 3765.0, "Type": "Settlement", "Ideologica": "Religious", "Shape_Leng": 10818.8271178, "Shape_Area": 3191239.9415799999, "WKT": null, "DB_ID": 100.0, "Time": 1984, "X": 225234.96954799999, "Y": 664366.379923, "WKT_1": null, "WKT_ISR": null }, "geometry": { "type": "MultiPolygon", "coordinates": [ [ [ [ 35.28118, 32.07855 ], [ 35.27964, 32.07855 ], [ 35.27672, 32.07802 ], [ 35.27593, 32.07729 ], [ 35.27528, 32.07638 ], [ 35.27507, 32.07547 ], [ 35.2753, 32.07483 ], [ 35.27524, 32.07437 ], [ 35.27479, 32.0748 ], [ 35.27401, 32.07477 ], [ 35.27297, 32.07442 ], [ 35.27294, 32.07401 ], [ 35.27297, 32.07319 ], [ 35.27286, 32.07215 ], [ 35.27257, 32.0713 ], [ 35.27264, 32.0703 ], [ 35.27264, 32.06979 ], [ 35.27212, 32.06841 ], [ 35.27212, 32.0675 ], [ 35.27275, 32.06699 ], [ 35.27378, 32.0662 ], [ 35.27478, 32.06551 ], [ 35.27434, 32.06548 ], [ 35.27278, 32.06579 ], [ 35.27112, 32.0657 ], [ 35.2706, 32.06548 ], [ 35.26957, 32.0651 ], [ 35.26768, 32.06466 ], [ 35.26576, 32.06422 ], [ 35.26387, 32.06359 ], [ 35.26272, 32.06334 ], [ 35.26113, 32.06281 ], [ 35.26073, 32.06256 ], [ 35.25958, 32.06237 ], [ 35.2588, 32.06246 ], [ 35.25818, 32.06297 ], [ 35.2577, 32.06316 ], [ 35.25725, 32.0636 ], [ 35.25633, 32.06388 ], [ 35.25585, 32.06391 ], [ 35.255, 32.06366 ], [ 35.25322, 32.06398 ], [ 35.25145, 32.06436 ], [ 35.25097, 32.06483 ], [ 35.25078, 32.06562 ], [ 35.25078, 32.06656 ], [ 35.25049, 32.06732 ], [ 35.25049, 32.06807 ], [ 35.2506, 32.06867 ], [ 35.25075, 32.06977 ], [ 35.25092, 32.07012 ], [ 35.25116, 32.07057 ], [ 35.25135, 32.07077 ], [ 35.25206, 32.07082 ], [ 35.25305, 32.07081 ], [ 35.25381, 32.07074 ], [ 35.25444, 32.07066 ], [ 35.25509, 32.07069 ], [ 35.25577, 32.07097 ], [ 35.25665, 32.07137 ], [ 35.25717, 32.0714 ], [ 35.2576, 32.07171 ], [ 35.25837, 32.07213 ], [ 35.25913, 32.07213 ], [ 35.25982, 32.07238 ], [ 35.26084, 32.07221 ], [ 35.26115, 32.07213 ], [ 35.26186, 32.07206 ], [ 35.26195, 32.07213 ], [ 35.26245, 32.07268 ], [ 35.26282, 32.07306 ], [ 35.26302, 32.07404 ], [ 35.26307, 32.07516 ], [ 35.26307, 32.07572 ], [ 35.26321, 32.07648 ], [ 35.26342, 32.07717 ], [ 35.26387, 32.07774 ], [ 35.26456, 32.07829 ], [ 35.26536, 32.07851 ], [ 35.26581, 32.07848 ], [ 35.26643, 32.07813 ], [ 35.26692, 32.07793 ], [ 35.26725, 32.07814 ], [ 35.26752, 32.07836 ], [ 35.26811, 32.07868 ], [ 35.2681, 32.07896 ], [ 35.26815, 32.0795 ], [ 35.26823, 32.07988 ], [ 35.26839, 32.08025 ], [ 35.26895, 32.0806 ], [ 35.26943, 32.08076 ], [ 35.26971, 32.08089 ], [ 35.26962, 32.08116 ], [ 35.26938, 32.08156 ], [ 35.26922, 32.08187 ], [ 35.26881, 32.08219 ], [ 35.26843, 32.08265 ], [ 35.26801, 32.08291 ], [ 35.26782, 32.08319 ], [ 35.26765, 32.08339 ], [ 35.26793, 32.08381 ], [ 35.2682, 32.08423 ], [ 35.26841, 32.08446 ], [ 35.269, 32.08501 ], [ 35.26916, 32.08546 ], [ 35.2695, 32.08602 ], [ 35.2699, 32.08652 ], [ 35.2704, 32.08711 ], [ 35.27075, 32.08736 ], [ 35.27156, 32.08789 ], [ 35.27256, 32.08883 ], [ 35.27309, 32.08647 ], [ 35.27379, 32.08572 ], [ 35.27453, 32.08508 ], [ 35.275, 32.08479 ], [ 35.2753, 32.08427 ], [ 35.27571, 32.08383 ], [ 35.27574, 32.08336 ], [ 35.27523, 32.08288 ], [ 35.27467, 32.08225 ], [ 35.2743, 32.08103 ], [ 35.27467, 32.08103 ], [ 35.27548, 32.08144 ], [ 35.27615, 32.08162 ], [ 35.27656, 32.08153 ], [ 35.27659, 32.08065 ], [ 35.277, 32.08046 ], [ 35.27733, 32.07989 ], [ 35.27785, 32.07961 ], [ 35.27885, 32.07936 ], [ 35.2804, 32.07901 ], [ 35.28095, 32.07863 ], [ 35.28118, 32.07855 ] ] ] ] } },
{ "type": "Feature", "properties": { "OBJECTID": 95, "Id": 0, "Name": "מגדלים", "NameEng": "Migdalim", "ET_ID": 231168, "GIS_ID": 3751.0, "Type": "Settlement", "Ideologica": "No", "Shape_Leng": 2592.8458120599998, "Shape_Area": 231166.24795, "WKT": null, "DB_ID": 65.0, "Time": 1983, "X": 232560.54060400001, "Y": 666398.59249399998, "WKT_1": null, "WKT_ISR": null }, "geometry": { "type": "MultiPolygon", "coordinates": [ [ [ [ 35.34317, 32.0882 ], [ 35.34262, 32.08797 ], [ 35.34206, 32.08763 ], [ 35.34176, 32.08801 ], [ 35.34081, 32.08804 ], [ 35.34011, 32.08818 ], [ 35.33997, 32.08854 ], [ 35.34039, 32.08979 ], [ 35.34096, 32.09047 ], [ 35.342, 32.09204 ], [ 35.34175, 32.09296 ], [ 35.342, 32.09312 ], [ 35.34251, 32.09317 ], [ 35.34327, 32.0931 ], [ 35.34332, 32.09344 ], [ 35.34402, 32.09357 ], [ 35.34433, 32.09348 ], [ 35.34506, 32.09297 ], [ 35.34598, 32.09231 ], [ 35.34599, 32.093 ], [ 35.34583, 32.09324 ], [ 35.34625, 32.09327 ], [ 35.34586, 32.09378 ], [ 35.34592, 32.09394 ], [ 35.34664, 32.09399 ], [ 35.34714, 32.09325 ], [ 35.3469, 32.09289 ], [ 35.34691, 32.09193 ], [ 35.34643, 32.09188 ], [ 35.34535, 32.09165 ], [ 35.34536, 32.09119 ], [ 35.34509, 32.09056 ], [ 35.34444, 32.0904 ], [ 35.34439, 32.08915 ], [ 35.34393, 32.08859 ], [ 35.34355, 32.08847 ], [ 35.34317, 32.0882 ] ] ] ] } },
{ "type": "Feature", "properties": { "OBJECTID": 96, "Id": 0, "Name": "נופי נחמיה", "NameEng": "Nofei Nehamia", "ET_ID": 270417, "GIS_ID": 0.114, "Type": "Outpost", "Ideologica": "Religious", "Shape_Leng": 2643.0248900299998, "Shape_Area": 270419.0235, "WKT": null, "DB_ID": 301.0, "Time": 2002, "X": 222501.957329, "Y": 667195.84027599997, "WKT_1": null, "WKT_ISR": null }, "geometry": { "type": "MultiPolygon", "coordinates": [ [ [ [ 35.24267, 32.09873 ], [ 35.2426, 32.09821 ], [ 35.24204, 32.09753 ], [ 35.24202, 32.09742 ], [ 35.24063, 32.09683 ], [ 35.23849, 32.09648 ], [ 35.23681, 32.09587 ], [ 35.23596, 32.09589 ], [ 35.23383, 32.09715 ], [ 35.23405, 32.09734 ], [ 35.23386, 32.09795 ], [ 35.23261, 32.09793 ], [ 35.23208, 32.09845 ], [ 35.2315, 32.09883 ], [ 35.23148, 32.09921 ], [ 35.23192, 32.09947 ], [ 35.23419, 32.09968 ], [ 35.2349, 32.09978 ], [ 35.23544, 32.10012 ], [ 35.23581, 32.10003 ], [ 35.23652, 32.1003 ], [ 35.23758, 32.10009 ], [ 35.23892, 32.09879 ], [ 35.24007, 32.09813 ], [ 35.24043, 32.09791 ], [ 35.24166, 32.09813 ], [ 35.24192, 32.09865 ], [ 35.24267, 32.09873 ] ] ] ] } },
{ "type": "Feature", "properties": { "OBJECTID": 97, "Id": 0, "Name": "רחלים", "NameEng": "Rechelim", "ET_ID": 738835, "GIS_ID": 0.133, "Type": "Settlement", "Ideologica": "Religious", "Shape_Leng": 4102.5525136200004, "Shape_Area": 738834.66694999998, "WKT": null, "DB_ID": 123.0, "Time": 1991, "X": 224094.917365, "Y": 667445.41897300002, "WKT_1": null, "WKT_ISR": null }, "geometry": { "type": "MultiPolygon", "coordinates": [ [ [ [ 35.24725, 32.10012 ], [ 35.24782, 32.10066 ], [ 35.24803, 32.10066 ], [ 35.24814, 32.10075 ], [ 35.24838, 32.10111 ], [ 35.2487, 32.10143 ], [ 35.24891, 32.10185 ], [ 35.24943, 32.10244 ], [ 35.2499, 32.10269 ], [ 35.24997, 32.10287 ], [ 35.25021, 32.10309 ], [ 35.25047, 32.10309 ], [ 35.25092, 32.10327 ], [ 35.25105, 32.10277 ], [ 35.25122, 32.10256 ], [ 35.25174, 32.1026 ], [ 35.25193, 32.10274 ], [ 35.25239, 32.10303 ], [ 35.25263, 32.1032 ], [ 35.25317, 32.1034 ], [ 35.25395, 32.10365 ], [ 35.25458, 32.10379 ], [ 35.25517, 32.10391 ], [ 35.25627, 32.10414 ], [ 35.2566, 32.10416 ], [ 35.25827, 32.10425 ], [ 35.25841, 32.10417 ], [ 35.25867, 32.10419 ], [ 35.25917, 32.10411 ], [ 35.25928, 32.10419 ], [ 35.25945, 32.10419 ], [ 35.26003, 32.10407 ], [ 35.26079, 32.10423 ], [ 35.26102, 32.10389 ], [ 35.26147, 32.10324 ], [ 35.26109, 32.10284 ], [ 35.26081, 32.10256 ], [ 35.26044, 32.10236 ], [ 35.25997, 32.10216 ], [ 35.25921, 32.10167 ], [ 35.25888, 32.10124 ], [ 35.25783, 32.10074 ], [ 35.25672, 32.10039 ], [ 35.25713, 32.09989 ], [ 35.25735, 32.09912 ], [ 35.25668, 32.0988 ], [ 35.25661, 32.09834 ], [ 35.25719, 32.09838 ], [ 35.25632, 32.09769 ], [ 35.25586, 32.09745 ], [ 35.25591, 32.09691 ], [ 35.25513, 32.09621 ], [ 35.25418, 32.09602 ], [ 35.25391, 32.09637 ], [ 35.25131, 32.09654 ], [ 35.24922, 32.09673 ], [ 35.24867, 32.09655 ], [ 35.24804, 32.09682 ], [ 35.24748, 32.09666 ], [ 35.24737, 32.09714 ], [ 35.24752, 32.09727 ], [ 35.24786, 32.09964 ], [ 35.24747, 32.09967 ], [ 35.24725, 32.10012 ] ] ] ] } },
{ "type": "Feature", "properties": { "OBJECTID": 98, "Id": 0, "Name": "גיתית", "NameEng": "Gitit", "ET_ID": 885100, "GIS_ID": 3613.0, "Type": "Settlement", "Ideologica": "mixed", "Shape_Leng": 5348.9765403000001, "Shape_Area": 896426.19614999997, "WKT": null, "DB_ID": 32.0, "Time": 1973, "X": 237367.335693, "Y": 667837.581091, "WKT_1": null, "WKT_ISR": null }, "geometry": { "type": "MultiPolygon", "coordinates": [ [ [ [ 35.39446, 32.10669 ], [ 35.39607, 32.10676 ], [ 35.39763, 32.10602 ], [ 35.39883, 32.10506 ], [ 35.40025, 32.10335 ], [ 35.40132, 32.10193 ], [ 35.40148, 32.10072 ], [ 35.40156, 32.10027 ], [ 35.40075, 32.09965 ], [ 35.40013, 32.09943 ], [ 35.39836, 32.09927 ], [ 35.39676, 32.09957 ], [ 35.39616, 32.099 ], [ 35.39627, 32.09836 ], [ 35.39528, 32.0985 ], [ 35.39528, 32.09909 ], [ 35.39477, 32.0993 ], [ 35.39458, 32.10003 ], [ 35.39199, 32.10186 ], [ 35.39183, 32.10122 ], [ 35.39056, 32.10067 ], [ 35.39248, 32.09965 ], [ 35.39223, 32.09925 ], [ 35.39203, 32.09904 ], [ 35.39171, 32.09894 ], [ 35.39075, 32.09903 ], [ 35.38954, 32.09974 ], [ 35.38965, 32.10033 ], [ 35.39006, 32.10051 ], [ 35.38965, 32.10072 ], [ 35.38963, 32.10088 ], [ 35.39022, 32.10138 ], [ 35.38955, 32.10161 ], [ 35.3896, 32.10209 ], [ 35.39022, 32.1027 ], [ 35.38971, 32.10309 ], [ 35.39081, 32.10437 ], [ 35.38998, 32.10522 ], [ 35.38908, 32.10589 ], [ 35.38834, 32.10641 ], [ 35.38739, 32.1072 ], [ 35.38706, 32.10789 ], [ 35.38688, 32.10855 ], [ 35.38737, 32.10953 ], [ 35.38782, 32.10994 ], [ 35.38873, 32.10981 ], [ 35.38918, 32.10981 ], [ 35.38982, 32.10939 ], [ 35.39019, 32.10932 ], [ 35.39115, 32.10889 ], [ 35.39163, 32.10821 ], [ 35.39174, 32.10804 ], [ 35.3929, 32.10756 ], [ 35.39355, 32.1073 ], [ 35.3942, 32.107 ], [ 35.39446, 32.10669 ] ] ] ] } },
{ "type": "Feature", "properties": { "OBJECTID": 99, "Id": 0, "Name": "אריאל", "NameEng": "Ariel", "ET_ID": 7181410, "GIS_ID": 3570.0, "Type": "Settlement", "Ideologica": "No", "Shape_Leng": 14028.403513200001, "Shape_Area": 7181411.5366500011, "WKT": null, "DB_ID": 16.0, "Time": 1978, "X": 217982.170896, "Y": 667674.89401499997, "WKT_1": null, "WKT_ISR": null }, "geometry": { "type": "MultiPolygon", "coordinates": [ [ [ [ 35.17421, 32.0948 ], [ 35.17321, 32.09443 ], [ 35.17241, 32.0943 ], [ 35.17065, 32.0948 ], [ 35.16923, 32.0948 ], [ 35.16893, 32.09539 ], [ 35.16856, 32.09608 ], [ 35.16896, 32.09636 ], [ 35.1686, 32.0967 ], [ 35.16794, 32.0972 ], [ 35.1679, 32.0976 ], [ 35.16915, 32.09772 ], [ 35.17042, 32.09704 ], [ 35.17101, 32.09701 ], [ 35.16944, 32.09853 ], [ 35.17006, 32.09853 ], [ 35.16863, 32.0995 ], [ 35.16538, 32.10065 ], [ 35.16385, 32.10198 ], [ 35.16355, 32.10338 ], [ 35.16421, 32.10528 ], [ 35.16468, 32.10681 ], [ 35.16483, 32.10771 ], [ 35.16435, 32.10771 ], [ 35.1637, 32.10715 ], [ 35.16297, 32.10668 ], [ 35.1622, 32.10637 ], [ 35.1615, 32.10637 ], [ 35.1614, 32.1068 ], [ 35.1618, 32.10721 ], [ 35.16169, 32.10805 ], [ 35.16304, 32.10833 ], [ 35.16327, 32.10883 ], [ 35.1643, 32.10886 ], [ 35.16598, 32.1088 ], [ 35.16846, 32.10942 ], [ 35.17102, 32.11032 ], [ 35.17244, 32.11085 ], [ 35.17504, 32.11101 ], [ 35.17774, 32.11029 ], [ 35.1799, 32.10973 ], [ 35.18184, 32.11023 ], [ 35.18516, 32.10992 ], [ 35.18684, 32.1097 ], [ 35.18902, 32.10976 ], [ 35.19096, 32.10883 ], [ 35.1952, 32.10734 ], [ 35.1979, 32.10843 ], [ 35.20276, 32.1083 ], [ 35.20868, 32.10815 ], [ 35.21161, 32.10883 ], [ 35.21424, 32.10889 ], [ 35.21596, 32.10852 ], [ 35.21713, 32.10749 ], [ 35.21775, 32.10587 ], [ 35.21683, 32.10491 ], [ 35.2146, 32.10416 ], [ 35.21435, 32.10286 ], [ 35.21409, 32.1009 ], [ 35.21259, 32.10043 ], [ 35.21128, 32.0999 ], [ 35.21002, 32.09828 ], [ 35.20845, 32.09757 ], [ 35.20428, 32.09583 ], [ 35.20056, 32.09244 ], [ 35.19943, 32.09225 ], [ 35.1965, 32.09318 ], [ 35.18945, 32.09527 ], [ 35.18642, 32.09579 ], [ 35.18371, 32.09474 ], [ 35.17951, 32.09498 ], [ 35.17516, 32.09501 ], [ 35.17421, 32.0948 ] ] ] ] } },
{ "type": "Feature", "properties": { "OBJECTID": 100, "Id": 0, "Name": "מגן דן", "NameEng": "Magen Dan", "ET_ID": 87547, "GIS_ID": 0.006, "Type": "Outpost", "Ideologica": "Religious", "Shape_Leng": 1273.91296416, "Shape_Area": 87546.966750000021, "WKT": null, "DB_ID": 276.0, "Time": 1999, "X": 202153.512556, "Y": 668449.50208100001, "WKT_1": null, "WKT_ISR": null }, "geometry": { "type": "MultiPolygon", "coordinates": [ [ [ [ 35.01941, 32.10808 ], [ 35.01861, 32.10824 ], [ 35.01839, 32.10853 ], [ 35.01862, 32.10884 ], [ 35.01903, 32.10889 ], [ 35.01931, 32.10894 ], [ 35.01956, 32.10903 ], [ 35.01992, 32.10952 ], [ 35.02063, 32.11049 ], [ 35.02112, 32.11107 ], [ 35.02136, 32.11113 ], [ 35.02166, 32.11093 ], [ 35.02211, 32.11069 ], [ 35.02251, 32.11043 ], [ 35.02262, 32.11023 ], [ 35.02298, 32.10994 ], [ 35.02303, 32.10973 ], [ 35.02294, 32.10932 ], [ 35.02271, 32.10865 ], [ 35.02242, 32.10803 ], [ 35.02227, 32.1079 ], [ 35.02147, 32.10819 ], [ 35.02134, 32.10829 ], [ 35.02086, 32.10812 ], [ 35.02049, 32.10804 ], [ 35.02018, 32.10805 ], [ 35.01941, 32.10808 ] ] ] ] } },
{ "type": "Feature", "properties": { "OBJECTID": 101, "Id": 0, "Name": "מודיעין עילית", "NameEng": "Modi'in Ilit", "ET_ID": 4124708, "GIS_ID": 3797.0, "Type": "Settlement", "Ideologica": "Ultra Orthodox", "Shape_Leng": 9305.6436569899997, "Shape_Area": 3271177.9520700001, "WKT": null, "DB_ID": 66.0, "Time": 1996, "X": 204426.48742699999, "Y": 648777.53205399995, "WKT_1": null, "WKT_ISR": null }, "geometry": { "type": "MultiPolygon", "coordinates": [ [ [ [ 35.05569, 31.93543 ], [ 35.05579, 31.93462 ], [ 35.05579, 31.93324 ], [ 35.05472, 31.93191 ], [ 35.05334, 31.93124 ], [ 35.05228, 31.93072 ], [ 35.0522, 31.93027 ], [ 35.0534, 31.93008 ], [ 35.05399, 31.92996 ], [ 35.05408, 31.9298 ], [ 35.0524, 31.92917 ], [ 35.05175, 31.92861 ], [ 35.05146, 31.92761 ], [ 35.05091, 31.92714 ], [ 35.05111, 31.9267 ], [ 35.05116, 31.92591 ], [ 35.0524, 31.92569 ], [ 35.05364, 31.92602 ], [ 35.05384, 31.92534 ], [ 35.05455, 31.92505 ], [ 35.05496, 31.92452 ], [ 35.05588, 31.92405 ], [ 35.05617, 31.92322 ], [ 35.05604, 31.92272 ], [ 35.05568, 31.92208 ], [ 35.05527, 31.92104 ], [ 35.05404, 31.9205 ], [ 35.05203, 31.92041 ], [ 35.05046, 31.92077 ], [ 35.04795, 31.92124 ], [ 35.04696, 31.92156 ], [ 35.04622, 31.9216 ], [ 35.045, 31.92169 ], [ 35.045, 31.92216 ], [ 35.04542, 31.92287 ], [ 35.04494, 31.92298 ], [ 35.04473, 31.92264 ], [ 35.04434, 31.92262 ], [ 35.04399, 31.92291 ], [ 35.04349, 31.92298 ], [ 35.0428, 31.92295 ], [ 35.04204, 31.92353 ], [ 35.04061, 31.92387 ], [ 35.03899, 31.92574 ], [ 35.03792, 31.92599 ], [ 35.03709, 31.92629 ], [ 35.03821, 31.92715 ], [ 35.03802, 31.92799 ], [ 35.03808, 31.92929 ], [ 35.03768, 31.93235 ], [ 35.0373, 31.93635 ], [ 35.03471, 31.93658 ], [ 35.03483, 31.93698 ], [ 35.03491, 31.93745 ], [ 35.03509, 31.93783 ], [ 35.03557, 31.93831 ], [ 35.03519, 31.93871 ], [ 35.03477, 31.93899 ], [ 35.03485, 31.93953 ], [ 35.03559, 31.93955 ], [ 35.03623, 31.93939 ], [ 35.03676, 31.93964 ], [ 35.03689, 31.94077 ], [ 35.03707, 31.94172 ], [ 35.03784, 31.94233 ], [ 35.03945, 31.94299 ], [ 35.04077, 31.94353 ], [ 35.04122, 31.94349 ], [ 35.04205, 31.94315 ], [ 35.043, 31.94342 ], [ 35.0435, 31.94363 ], [ 35.04385, 31.94327 ], [ 35.0443, 31.94331 ], [ 35.04478, 31.94288 ], [ 35.0456, 31.94268 ], [ 35.0456, 31.94239 ], [ 35.04578, 31.94207 ], [ 35.04645, 31.94203 ], [ 35.04698, 31.94142 ], [ 35.04767, 31.94002 ], [ 35.04804, 31.93898 ], [ 35.04883, 31.93846 ], [ 35.04912, 31.93807 ], [ 35.04946, 31.93789 ], [ 35.05007, 31.93773 ], [ 35.0509, 31.93763 ], [ 35.05167, 31.93817 ], [ 35.05194, 31.93776 ], [ 35.05239, 31.93693 ], [ 35.05186, 31.93654 ], [ 35.05288, 31.9357 ], [ 35.05487, 31.93637 ], [ 35.05569, 31.93543 ] ] ] ] } },
{ "type": "Feature", "properties": { "OBJECTID": 102, "Id": 0, "Name": "אזור תעשיה ברקן", "NameEng": "Barqan Industrial Area", "ET_ID": 1902470, "GIS_ID": 0.202, "Type": "Industrial Area", "Ideologica": "Industry", "Shape_Leng": 10422.7752224, "Shape_Area": 1276029.70631, "WKT": null, "DB_ID": 152.0, "Time": 0, "X": 211257.36209800001, "Y": 667998.72327800002, "WKT_1": null, "WKT_ISR": null }, "geometry": { "type": "MultiPolygon", "coordinates": [ [ [ [ 35.11742, 32.11219 ], [ 35.11829, 32.11184 ], [ 35.11854, 32.11208 ], [ 35.11996, 32.11179 ], [ 35.12043, 32.11131 ], [ 35.12035, 32.11063 ], [ 35.12056, 32.11051 ], [ 35.12096, 32.11033 ], [ 35.12106, 32.10996 ], [ 35.12142, 32.1099 ], [ 35.12149, 32.10972 ], [ 35.1213, 32.1095 ], [ 35.12106, 32.10923 ], [ 35.12088, 32.10926 ], [ 35.12069, 32.10938 ], [ 35.12034, 32.10953 ], [ 35.11987, 32.10967 ], [ 35.1195, 32.10967 ], [ 35.11944, 32.10951 ], [ 35.11959, 32.10889 ], [ 35.11941, 32.1087 ], [ 35.11989, 32.10812 ], [ 35.1203, 32.10757 ], [ 35.12149, 32.10792 ], [ 35.12173, 32.108 ], [ 35.12243, 32.10826 ], [ 35.12299, 32.10853 ], [ 35.12379, 32.10862 ], [ 35.12395, 32.10891 ], [ 35.12402, 32.10893 ], [ 35.12436, 32.10901 ], [ 35.12516, 32.10891 ], [ 35.12544, 32.10888 ], [ 35.12582, 32.10849 ], [ 35.12626, 32.10778 ], [ 35.1268, 32.10671 ], [ 35.12633, 32.10589 ], [ 35.12685, 32.105 ], [ 35.12741, 32.10495 ], [ 35.12722, 32.10469 ], [ 35.12677, 32.10441 ], [ 35.1266, 32.1041 ], [ 35.1266, 32.1041 ], [ 35.12617, 32.10397 ], [ 35.12562, 32.10371 ], [ 35.12493, 32.10387 ], [ 35.12388, 32.10416 ], [ 35.12311, 32.10445 ], [ 35.1229, 32.10396 ], [ 35.12298, 32.10353 ], [ 35.12354, 32.10313 ], [ 35.12356, 32.1024 ], [ 35.12259, 32.10184 ], [ 35.12218, 32.10249 ], [ 35.12128, 32.10288 ], [ 35.12069, 32.10257 ], [ 35.12012, 32.10225 ], [ 35.11976, 32.10173 ], [ 35.12069, 32.10105 ], [ 35.11953, 32.10027 ], [ 35.11862, 32.09957 ], [ 35.11748, 32.09938 ], [ 35.11509, 32.09839 ], [ 35.11415, 32.09854 ], [ 35.11373, 32.09902 ], [ 35.11254, 32.09877 ], [ 35.11181, 32.09875 ], [ 35.11118, 32.09792 ], [ 35.11066, 32.09728 ], [ 35.11005, 32.09675 ], [ 35.10927, 32.09642 ], [ 35.10877, 32.09654 ], [ 35.10836, 32.09714 ], [ 35.10859, 32.09753 ], [ 35.10897, 32.09786 ], [ 35.10865, 32.09815 ], [ 35.1087, 32.0986 ], [ 35.1092, 32.099 ], [ 35.10961, 32.09869 ], [ 35.10986, 32.09885 ], [ 35.10981, 32.09957 ], [ 35.10981, 32.09998 ], [ 35.11029, 32.10046 ], [ 35.11189, 32.10139 ], [ 35.11317, 32.10202 ], [ 35.11435, 32.1026 ], [ 35.11456, 32.10307 ], [ 35.1156, 32.10349 ], [ 35.11729, 32.10348 ], [ 35.11832, 32.10351 ], [ 35.11871, 32.10381 ], [ 35.11934, 32.10416 ], [ 35.11889, 32.10454 ], [ 35.11832, 32.10468 ], [ 35.11772, 32.10476 ], [ 35.11729, 32.10495 ], [ 35.1169, 32.10481 ], [ 35.11606, 32.10446 ], [ 35.11544, 32.10429 ], [ 35.11499, 32.10505 ], [ 35.11553, 32.10539 ], [ 35.1159, 32.1058 ], [ 35.11747, 32.10656 ], [ 35.11859, 32.10709 ], [ 35.11964, 32.10763 ], [ 35.11964, 32.10794 ], [ 35.11923, 32.10856 ], [ 35.1187, 32.10881 ], [ 35.11768, 32.10891 ], [ 35.11679, 32.10899 ], [ 35.11565, 32.10862 ], [ 35.11423, 32.1085 ], [ 35.1132, 32.10838 ], [ 35.11273, 32.1085 ], [ 35.11202, 32.10836 ], [ 35.11186, 32.10755 ], [ 35.11165, 32.10683 ], [ 35.11032, 32.10659 ], [ 35.11016, 32.10727 ], [ 35.11, 32.10823 ], [ 35.1103, 32.10833 ], [ 35.11019, 32.10947 ], [ 35.11011, 32.10974 ], [ 35.11011, 32.1098 ], [ 35.1101, 32.10981 ], [ 35.11008, 32.10987 ], [ 35.10996, 32.1099 ], [ 35.10951, 32.11022 ], [ 35.1102, 32.11056 ], [ 35.11095, 32.1103 ], [ 35.11143, 32.11009 ], [ 35.11213, 32.10978 ], [ 35.11277, 32.1099 ], [ 35.11336, 32.11009 ], [ 35.11403, 32.11021 ], [ 35.11403, 32.11054 ], [ 35.11343, 32.11087 ], [ 35.11291, 32.11133 ], [ 35.11311, 32.11178 ], [ 35.11279, 32.11186 ], [ 35.11215, 32.11223 ], [ 35.11227, 32.11279 ], [ 35.11309, 32.1131 ], [ 35.11407, 32.11324 ], [ 35.11464, 32.1132 ], [ 35.11539, 32.11295 ], [ 35.1166, 32.11254 ], [ 35.11742, 32.11219 ] ] ] ] } },
{ "type": "Feature", "properties": { "OBJECTID": 103, "Id": 0, "Name": "ברקן", "NameEng": "Barqan", "ET_ID": 584878, "GIS_ID": 3654.0, "Type": "Settlement", "Ideologica": "No", "Shape_Leng": 3634.2326085499999, "Shape_Area": 574038.05960299994, "WKT": null, "DB_ID": 25.0, "Time": 1981, "X": 210179.78182900001, "Y": 668343.44828799996, "WKT_1": null, "WKT_ISR": null }, "geometry": { "type": "MultiPolygon", "coordinates": [ [ [ [ 35.10572, 32.11405 ], [ 35.10581, 32.11397 ], [ 35.1062, 32.11363 ], [ 35.10679, 32.11299 ], [ 35.10773, 32.11243 ], [ 35.108, 32.11209 ], [ 35.10835, 32.11107 ], [ 35.10836, 32.11085 ], [ 35.1084, 32.11081 ], [ 35.10862, 32.11032 ], [ 35.10889, 32.11007 ], [ 35.10929, 32.11009 ], [ 35.10996, 32.1099 ], [ 35.1101, 32.10981 ], [ 35.11011, 32.10974 ], [ 35.11027, 32.10852 ], [ 35.11, 32.10824 ], [ 35.11, 32.10823 ], [ 35.10999, 32.10823 ], [ 35.11001, 32.10762 ], [ 35.10991, 32.10725 ], [ 35.10954, 32.10704 ], [ 35.10911, 32.10631 ], [ 35.10868, 32.10494 ], [ 35.10832, 32.10407 ], [ 35.10752, 32.10382 ], [ 35.10643, 32.10345 ], [ 35.10623, 32.10345 ], [ 35.10453, 32.10353 ], [ 35.10342, 32.10364 ], [ 35.1027, 32.10388 ], [ 35.10273, 32.10418 ], [ 35.10297, 32.10497 ], [ 35.10298, 32.10564 ], [ 35.10295, 32.10637 ], [ 35.10278, 32.10686 ], [ 35.10265, 32.10746 ], [ 35.10266, 32.10788 ], [ 35.10298, 32.10796 ], [ 35.10393, 32.10821 ], [ 35.10447, 32.10858 ], [ 35.10447, 32.10891 ], [ 35.10449, 32.10921 ], [ 35.10487, 32.10955 ], [ 35.10447, 32.11064 ], [ 35.10458, 32.11101 ], [ 35.10442, 32.11133 ], [ 35.10382, 32.11274 ], [ 35.10339, 32.11277 ], [ 35.10344, 32.11327 ], [ 35.10344, 32.11359 ], [ 35.10315, 32.11373 ], [ 35.1028, 32.11409 ], [ 35.1027, 32.11439 ], [ 35.10305, 32.11469 ], [ 35.10348, 32.11479 ], [ 35.10349, 32.11483 ], [ 35.10367, 32.11484 ], [ 35.10408, 32.11495 ], [ 35.10472, 32.1145 ], [ 35.10533, 32.11414 ], [ 35.10572, 32.11405 ] ] ] ] } },
{ "type": "Feature", "properties": { "OBJECTID": 104, "Id": 0, "Name": "משואה", "NameEng": "Masu'a", "ET_ID": 1119830, "GIS_ID": 3605.0, "Type": "Settlement", "Ideologica": "No", "Shape_Leng": 7655.1021646600002, "Shape_Area": 1148037.3688099999, "WKT": null, "DB_ID": 79.0, "Time": 1970, "X": 246613.80297799999, "Y": 668096.98587199999, "WKT_1": null, "WKT_ISR": null }, "geometry": { "type": "MultiPolygon", "coordinates": [ [ [ [ 35.49559, 32.10807 ], [ 35.49579, 32.10502 ], [ 35.49598, 32.10337 ], [ 35.49609, 32.10209 ], [ 35.49616, 32.09943 ], [ 35.49625, 32.09652 ], [ 35.4964, 32.09506 ], [ 35.4964, 32.09406 ], [ 35.49567, 32.09337 ], [ 35.49493, 32.0934 ], [ 35.49354, 32.09385 ], [ 35.49223, 32.09412 ], [ 35.4909, 32.09448 ], [ 35.48998, 32.09496 ], [ 35.49037, 32.09795 ], [ 35.49149, 32.09987 ], [ 35.49119, 32.10035 ], [ 35.49086, 32.10328 ], [ 35.49152, 32.10322 ], [ 35.49445, 32.10267 ], [ 35.49573, 32.10249 ], [ 35.49526, 32.10677 ], [ 35.49502, 32.10693 ], [ 35.49473, 32.10727 ], [ 35.49429, 32.10731 ], [ 35.49357, 32.10721 ], [ 35.49313, 32.10778 ], [ 35.49155, 32.10742 ], [ 35.49003, 32.10719 ], [ 35.48938, 32.10919 ], [ 35.4888, 32.11084 ], [ 35.48793, 32.11091 ], [ 35.4868, 32.11446 ], [ 35.48763, 32.11468 ], [ 35.48753, 32.11516 ], [ 35.48824, 32.11588 ], [ 35.48783, 32.11749 ], [ 35.48858, 32.11782 ], [ 35.49157, 32.11853 ], [ 35.49171, 32.11851 ], [ 35.49232, 32.11669 ], [ 35.49334, 32.11348 ], [ 35.49476, 32.10935 ], [ 35.495, 32.10824 ], [ 35.49559, 32.10807 ] ] ] ] } },
{ "type": "Feature", "properties": { "OBJECTID": 105, "Id": 0, "Name": "קרית נטפים", "NameEng": "Kiryat Netafim", "ET_ID": 331459, "GIS_ID": 3746.0, "Type": "Settlement", "Ideologica": "Religious", "Shape_Leng": 3581.81746084, "Shape_Area": 336275.172242, "WKT": null, "DB_ID": 117.0, "Time": 1983, "X": 210756.21216299999, "Y": 669285.46820799995, "WKT_1": null, "WKT_ISR": null }, "geometry": { "type": "MultiPolygon", "coordinates": [ [ [ [ 35.10745, 32.12027 ], [ 35.10766, 32.11926 ], [ 35.10791, 32.11947 ], [ 35.1085, 32.11957 ], [ 35.10862, 32.11926 ], [ 35.10898, 32.11908 ], [ 35.10906, 32.11853 ], [ 35.10921, 32.11845 ], [ 35.1102, 32.11855 ], [ 35.11152, 32.11832 ], [ 35.112, 32.11894 ], [ 35.1125, 32.11892 ], [ 35.11408, 32.11829 ], [ 35.1163, 32.11735 ], [ 35.11632, 32.11701 ], [ 35.117, 32.11628 ], [ 35.11708, 32.11535 ], [ 35.11764, 32.11441 ], [ 35.11777, 32.11445 ], [ 35.11798, 32.11415 ], [ 35.11817, 32.1138 ], [ 35.11845, 32.11346 ], [ 35.1188, 32.11316 ], [ 35.11883, 32.11305 ], [ 35.11869, 32.11289 ], [ 35.11841, 32.1128 ], [ 35.118, 32.11275 ], [ 35.11756, 32.11303 ], [ 35.11724, 32.11328 ], [ 35.11687, 32.11348 ], [ 35.11649, 32.11371 ], [ 35.1162, 32.11397 ], [ 35.1162, 32.11434 ], [ 35.11605, 32.1147 ], [ 35.11559, 32.11499 ], [ 35.11527, 32.11538 ], [ 35.11479, 32.1159 ], [ 35.11416, 32.11569 ], [ 35.11347, 32.1155 ], [ 35.11259, 32.11499 ], [ 35.11128, 32.1152 ], [ 35.11023, 32.11525 ], [ 35.10986, 32.11548 ], [ 35.1096, 32.1166 ], [ 35.10814, 32.11715 ], [ 35.10705, 32.11791 ], [ 35.10623, 32.11879 ], [ 35.10606, 32.11973 ], [ 35.10636, 32.12025 ], [ 35.10719, 32.12064 ], [ 35.10745, 32.12027 ] ] ] ] } },
{ "type": "Feature", "properties": { "OBJECTID": 106, "Id": 0, "Name": "אלקנה", "NameEng": "Elkana", "ET_ID": 1443782, "GIS_ID": 3560.0, "Type": "Settlement", "Ideologica": "Religious", "Shape_Leng": 7565.2457513299996, "Shape_Area": 1531537.0865499999, "WKT": null, "DB_ID": 12.0, "Time": 1977, "X": 203476.40797599999, "Y": 668725.02978300001, "WKT_1": null, "WKT_ISR": null }, "geometry": { "type": "MultiPolygon", "coordinates": [ [ [ [ 35.04206, 32.11407 ], [ 35.04215, 32.11382 ], [ 35.04224, 32.11391 ], [ 35.04267, 32.11401 ], [ 35.04321, 32.11219 ], [ 35.04307, 32.11201 ], [ 35.04315, 32.11125 ], [ 35.04315, 32.11061 ], [ 35.04311, 32.11044 ], [ 35.04313, 32.10997 ], [ 35.04269, 32.10994 ], [ 35.04268, 32.10992 ], [ 35.04258, 32.10993 ], [ 35.0419, 32.10999 ], [ 35.0413, 32.1102 ], [ 35.04116, 32.11072 ], [ 35.04069, 32.11107 ], [ 35.04042, 32.1109 ], [ 35.03941, 32.11013 ], [ 35.03941, 32.10964 ], [ 35.03967, 32.10896 ], [ 35.03945, 32.10792 ], [ 35.03942, 32.10494 ], [ 35.03953, 32.10442 ], [ 35.03856, 32.10439 ], [ 35.03405, 32.10524 ], [ 35.02957, 32.10763 ], [ 35.02762, 32.10996 ], [ 35.02632, 32.11162 ], [ 35.02668, 32.11205 ], [ 35.02643, 32.11229 ], [ 35.02599, 32.11251 ], [ 35.02614, 32.11278 ], [ 35.02664, 32.11303 ], [ 35.02747, 32.1149 ], [ 35.0279, 32.11502 ], [ 35.02956, 32.11426 ], [ 35.03093, 32.11438 ], [ 35.03136, 32.11573 ], [ 35.0324, 32.11742 ], [ 35.03341, 32.11776 ], [ 35.03464, 32.1178 ], [ 35.03543, 32.117 ], [ 35.0345, 32.1158 ], [ 35.03508, 32.11549 ], [ 35.0363, 32.11522 ], [ 35.03677, 32.11464 ], [ 35.03706, 32.11405 ], [ 35.03789, 32.11393 ], [ 35.03897, 32.11412 ], [ 35.03973, 32.11394 ], [ 35.04009, 32.11415 ], [ 35.03984, 32.11473 ], [ 35.04002, 32.11535 ], [ 35.03929, 32.11599 ], [ 35.03925, 32.11703 ], [ 35.03785, 32.11771 ], [ 35.03608, 32.1178 ], [ 35.03622, 32.1189 ], [ 35.03633, 32.11995 ], [ 35.03708, 32.12096 ], [ 35.03853, 32.12096 ], [ 35.03925, 32.12001 ], [ 35.03987, 32.11854 ], [ 35.04138, 32.11731 ], [ 35.04137, 32.11655 ], [ 35.04175, 32.1161 ], [ 35.04191, 32.11528 ], [ 35.04165, 32.11459 ], [ 35.04206, 32.11407 ] ] ] ] } },
{ "type": "Feature", "properties": { "OBJECTID": 107, "Id": 0, "Name": "עץ אפרים", "NameEng": "Etz Efraim", "ET_ID": 242725, "GIS_ID": 3778.0, "Type": "Settlement", "Ideologica": "Religious", "Shape_Leng": 5049.0630938300001, "Shape_Area": 457541.09301299998, "WKT": null, "DB_ID": 106.0, "Time": 1985, "X": 204502.27393699999, "Y": 669470.37214899994, "WKT_1": null, "WKT_ISR": null }, "geometry": { "type": "MultiPolygon", "coordinates": [ [ [ [ 35.05076, 32.12206 ], [ 35.05032, 32.12168 ], [ 35.04977, 32.12156 ], [ 35.04961, 32.121 ], [ 35.04973, 32.12087 ], [ 35.05035, 32.11936 ], [ 35.05123, 32.11869 ], [ 35.051, 32.11857 ], [ 35.05098, 32.11843 ], [ 35.05027, 32.11784 ], [ 35.0488, 32.11845 ], [ 35.04851, 32.11827 ], [ 35.04809, 32.11766 ], [ 35.04769, 32.11686 ], [ 35.04646, 32.11792 ], [ 35.04604, 32.1179 ], [ 35.0458, 32.11833 ], [ 35.04564, 32.1184 ], [ 35.04495, 32.11847 ], [ 35.04391, 32.11889 ], [ 35.04322, 32.11912 ], [ 35.04302, 32.11877 ], [ 35.04367, 32.11641 ], [ 35.04406, 32.1163 ], [ 35.04446, 32.11606 ], [ 35.04518, 32.11601 ], [ 35.04537, 32.11588 ], [ 35.04496, 32.11491 ], [ 35.04488, 32.11464 ], [ 35.04459, 32.11409 ], [ 35.04531, 32.11355 ], [ 35.04641, 32.11341 ], [ 35.04673, 32.11237 ], [ 35.0463, 32.11211 ], [ 35.04561, 32.11225 ], [ 35.04524, 32.11234 ], [ 35.04351, 32.1121 ], [ 35.04295, 32.11199 ], [ 35.04257, 32.11219 ], [ 35.04271, 32.11471 ], [ 35.04319, 32.11543 ], [ 35.04306, 32.11734 ], [ 35.04251, 32.1188 ], [ 35.04233, 32.11935 ], [ 35.04246, 32.11954 ], [ 35.04218, 32.12002 ], [ 35.04197, 32.12036 ], [ 35.04197, 32.12077 ], [ 35.04231, 32.1212 ], [ 35.04298, 32.12154 ], [ 35.04316, 32.12152 ], [ 35.04284, 32.1219 ], [ 35.04295, 32.12226 ], [ 35.0435, 32.12184 ], [ 35.04378, 32.12183 ], [ 35.04536, 32.12197 ], [ 35.04653, 32.122 ], [ 35.04731, 32.12209 ], [ 35.0482, 32.1231 ], [ 35.04895, 32.12306 ], [ 35.04936, 32.12273 ], [ 35.04916, 32.12247 ], [ 35.04939, 32.1223 ], [ 35.05076, 32.12206 ] ] ] ] } },
{ "type": "Feature", "properties": { "OBJECTID": 108, "Id": 0, "Name": "כפר תפוח", "NameEng": "Kfar Tapuah", "ET_ID": 439274, "GIS_ID": 3572.0, "Type": "Settlement", "Ideologica": "Religious", "Shape_Leng": 3086.3649710599998, "Shape_Area": 379402.9657, "WKT": null, "DB_ID": 59.0, "Time": 1978, "X": 223741.60037599999, "Y": 669562.75138899998, "WKT_1": null, "WKT_ISR": null }, "geometry": { "type": "MultiPolygon", "coordinates": [ [ [ [ 35.2449, 32.12051 ], [ 35.24466, 32.12073 ], [ 35.24502, 32.12066 ], [ 35.24529, 32.12065 ], [ 35.24563, 32.12089 ], [ 35.24602, 32.12107 ], [ 35.24641, 32.12113 ], [ 35.2467, 32.12151 ], [ 35.24692, 32.12149 ], [ 35.24715, 32.12142 ], [ 35.24712, 32.12116 ], [ 35.24721, 32.12109 ], [ 35.24738, 32.12109 ], [ 35.24765, 32.12155 ], [ 35.24781, 32.12254 ], [ 35.24783, 32.12296 ], [ 35.24847, 32.12347 ], [ 35.24912, 32.12359 ], [ 35.24984, 32.12355 ], [ 35.25062, 32.12342 ], [ 35.25107, 32.12313 ], [ 35.25139, 32.12284 ], [ 35.25173, 32.12243 ], [ 35.25197, 32.12203 ], [ 35.25193, 32.1212 ], [ 35.25199, 32.12042 ], [ 35.25213, 32.11971 ], [ 35.25239, 32.11949 ], [ 35.25249, 32.11916 ], [ 35.25256, 32.1185 ], [ 35.25252, 32.11815 ], [ 35.2527, 32.11752 ], [ 35.25286, 32.1172 ], [ 35.25264, 32.11667 ], [ 35.25248, 32.1162 ], [ 35.25215, 32.11591 ], [ 35.25183, 32.11552 ], [ 35.25053, 32.11547 ], [ 35.24892, 32.11549 ], [ 35.24868, 32.11651 ], [ 35.24848, 32.11706 ], [ 35.24791, 32.11715 ], [ 35.24749, 32.11754 ], [ 35.24709, 32.11801 ], [ 35.24691, 32.11862 ], [ 35.24693, 32.11873 ], [ 35.24701, 32.119 ], [ 35.24681, 32.1192 ], [ 35.24713, 32.11945 ], [ 35.24755, 32.12084 ], [ 35.24689, 32.12098 ], [ 35.24622, 32.12098 ], [ 35.24588, 32.12089 ], [ 35.2453, 32.12045 ], [ 35.2449, 32.12051 ] ] ] ] } },
{ "type": "Feature", "properties": { "OBJECTID": 109, "Id": 0, "Name": "רבבה", "NameEng": "Revava", "ET_ID": 593315, "GIS_ID": 3795.0, "Type": "Settlement", "Ideologica": "Religious", "Shape_Leng": 3799.9049911500001, "Shape_Area": 715817.74043699994, "WKT": null, "DB_ID": 120.0, "Time": 1991, "X": 212225.440336, "Y": 669518.01332100003, "WKT_1": null, "WKT_ISR": null }, "geometry": { "type": "MultiPolygon", "coordinates": [ [ [ [ 35.12728, 32.12248 ], [ 35.12827, 32.12207 ], [ 35.12909, 32.12211 ], [ 35.1293, 32.12201 ], [ 35.12991, 32.1224 ], [ 35.13015, 32.12222 ], [ 35.13142, 32.12048 ], [ 35.13267, 32.11932 ], [ 35.13265, 32.11913 ], [ 35.13268, 32.11912 ], [ 35.13262, 32.1188 ], [ 35.13246, 32.11805 ], [ 35.1325, 32.11716 ], [ 35.13303, 32.11676 ], [ 35.13312, 32.11648 ], [ 35.13313, 32.11611 ], [ 35.13311, 32.11568 ], [ 35.13301, 32.11539 ], [ 35.13279, 32.11505 ], [ 35.13254, 32.11467 ], [ 35.13233, 32.11447 ], [ 35.13086, 32.11441 ], [ 35.12966, 32.11435 ], [ 35.12882, 32.11419 ], [ 35.12844, 32.11403 ], [ 35.12826, 32.11382 ], [ 35.12744, 32.11371 ], [ 35.12718, 32.11473 ], [ 35.12728, 32.11474 ], [ 35.12704, 32.11501 ], [ 35.12661, 32.11528 ], [ 35.12625, 32.11532 ], [ 35.12601, 32.11549 ], [ 35.12588, 32.11579 ], [ 35.1259, 32.11613 ], [ 35.12571, 32.11633 ], [ 35.12571, 32.11647 ], [ 35.12585, 32.11664 ], [ 35.12578, 32.11697 ], [ 35.12553, 32.11702 ], [ 35.12536, 32.1171 ], [ 35.12512, 32.11741 ], [ 35.12502, 32.11774 ], [ 35.12497, 32.11774 ], [ 35.12454, 32.11776 ], [ 35.12332, 32.12021 ], [ 35.12286, 32.12169 ], [ 35.1226, 32.12257 ], [ 35.12236, 32.12279 ], [ 35.12239, 32.1231 ], [ 35.12209, 32.12459 ], [ 35.12215, 32.12475 ], [ 35.12373, 32.12445 ], [ 35.12456, 32.12431 ], [ 35.12543, 32.12377 ], [ 35.12616, 32.12336 ], [ 35.12656, 32.12254 ], [ 35.12728, 32.12248 ] ] ] ] } },
{ "type": "Feature", "properties": { "OBJECTID": 110, "Id": 0, "Name": "שערי תקוה", "NameEng": "Sha'arei Tikva", "ET_ID": 986991, "GIS_ID": 3720.0, "Type": "Settlement", "Ideologica": "No", "Shape_Leng": 6329.0808671799996, "Shape_Area": 1083539.6839300001, "WKT": null, "DB_ID": 132.0, "Time": 1983, "X": 202670.374595, "Y": 669937.39367699996, "WKT_1": null, "WKT_ISR": null }, "geometry": { "type": "MultiPolygon", "coordinates": [ [ [ [ 35.02534, 32.12614 ], [ 35.026, 32.12552 ], [ 35.0269, 32.12552 ], [ 35.02783, 32.12514 ], [ 35.02842, 32.12441 ], [ 35.02994, 32.124 ], [ 35.03087, 32.12368 ], [ 35.03198, 32.12342 ], [ 35.03312, 32.12359 ], [ 35.03446, 32.1236 ], [ 35.03488, 32.1231 ], [ 35.03505, 32.12254 ], [ 35.03475, 32.12139 ], [ 35.03533, 32.12051 ], [ 35.03537, 32.11925 ], [ 35.03475, 32.11843 ], [ 35.03361, 32.11922 ], [ 35.03257, 32.11944 ], [ 35.03151, 32.11816 ], [ 35.03234, 32.11755 ], [ 35.03166, 32.11679 ], [ 35.03146, 32.11652 ], [ 35.03145, 32.1164 ], [ 35.03078, 32.11631 ], [ 35.03048, 32.11621 ], [ 35.03009, 32.11552 ], [ 35.02978, 32.11571 ], [ 35.02938, 32.11613 ], [ 35.02872, 32.11686 ], [ 35.02844, 32.11716 ], [ 35.02806, 32.11725 ], [ 35.02757, 32.11724 ], [ 35.02724, 32.1174 ], [ 35.02714, 32.11756 ], [ 35.02705, 32.1177 ], [ 35.02691, 32.11771 ], [ 35.02633, 32.11677 ], [ 35.02581, 32.11677 ], [ 35.02564, 32.11738 ], [ 35.02588, 32.11859 ], [ 35.02481, 32.11938 ], [ 35.02363, 32.12003 ], [ 35.02363, 32.12085 ], [ 35.02356, 32.12182 ], [ 35.02335, 32.12249 ], [ 35.02286, 32.12337 ], [ 35.02224, 32.12364 ], [ 35.02169, 32.12414 ], [ 35.02172, 32.12467 ], [ 35.0212, 32.12505 ], [ 35.02058, 32.12522 ], [ 35.01941, 32.12531 ], [ 35.01758, 32.12572 ], [ 35.01737, 32.12642 ], [ 35.0174, 32.12757 ], [ 35.01674, 32.12848 ], [ 35.01674, 32.12998 ], [ 35.01629, 32.13127 ], [ 35.01774, 32.13109 ], [ 35.0186, 32.13074 ], [ 35.02012, 32.13001 ], [ 35.02047, 32.12916 ], [ 35.02009, 32.12857 ], [ 35.0202, 32.12763 ], [ 35.02085, 32.1271 ], [ 35.02255, 32.12658 ], [ 35.02417, 32.12646 ], [ 35.02534, 32.12614 ] ] ] ] } },
{ "type": "Feature", "properties": { "OBJECTID": 111, "Id": 0, "Name": "אורנית", "NameEng": "Oranit", "ET_ID": 1512978, "GIS_ID": 3760.0, "Type": "Settlement", "Ideologica": "No", "Shape_Leng": 8122.8522511000001, "Shape_Area": 1807910.9918200001, "WKT": null, "DB_ID": 4.0, "Time": 1985, "X": 199625.16853600001, "Y": 670768.31790300005, "WKT_1": null, "WKT_ISR": null }, "geometry": { "type": "MultiPolygon", "coordinates": [ [ [ [ 34.99776, 32.13413 ], [ 34.99864, 32.13382 ], [ 34.99895, 32.13399 ], [ 34.99943, 32.13379 ], [ 34.99954, 32.13423 ], [ 35.00039, 32.13423 ], [ 35.00104, 32.13434 ], [ 35.00168, 32.13452 ], [ 35.00286, 32.13495 ], [ 35.00329, 32.13492 ], [ 35.00356, 32.13485 ], [ 35.0044, 32.13459 ], [ 35.00484, 32.1344 ], [ 35.0054, 32.13395 ], [ 35.00585, 32.13372 ], [ 35.00623, 32.13338 ], [ 35.00705, 32.133 ], [ 35.00736, 32.13286 ], [ 35.0079, 32.13249 ], [ 35.00856, 32.13211 ], [ 35.0084, 32.13168 ], [ 35.00826, 32.13151 ], [ 35.00779, 32.13061 ], [ 35.00769, 32.12984 ], [ 35.00599, 32.13038 ], [ 35.00593, 32.12978 ], [ 35.00563, 32.12978 ], [ 35.00507, 32.13003 ], [ 35.00535, 32.1305 ], [ 35.00552, 32.13092 ], [ 35.00543, 32.13127 ], [ 35.00458, 32.13095 ], [ 35.00399, 32.13082 ], [ 35.00357, 32.12994 ], [ 35.00335, 32.12997 ], [ 35.00291, 32.12988 ], [ 35.00283, 32.1299 ], [ 35.00214, 32.12975 ], [ 35.00004, 32.13003 ], [ 34.99972, 32.12934 ], [ 34.99817, 32.1297 ], [ 34.998, 32.12985 ], [ 34.99774, 32.12982 ], [ 34.99674, 32.12982 ], [ 34.99631, 32.12921 ], [ 34.9961, 32.12833 ], [ 34.99635, 32.12764 ], [ 34.9966, 32.12733 ], [ 34.99653, 32.12627 ], [ 34.99653, 32.12487 ], [ 34.996, 32.12333 ], [ 34.99594, 32.12304 ], [ 34.9959, 32.12284 ], [ 34.99587, 32.12283 ], [ 34.99544, 32.12152 ], [ 34.9953, 32.12102 ], [ 34.99426, 32.12131 ], [ 34.99296, 32.12161 ], [ 34.99267, 32.12233 ], [ 34.99228, 32.12297 ], [ 34.99202, 32.1232 ], [ 34.99192, 32.1234 ], [ 34.99204, 32.12404 ], [ 34.99204, 32.12462 ], [ 34.98994, 32.12505 ], [ 34.98805, 32.12529 ], [ 34.98709, 32.1244 ], [ 34.98655, 32.12419 ], [ 34.98652, 32.12313 ], [ 34.98604, 32.12313 ], [ 34.98601, 32.12325 ], [ 34.98599, 32.12341 ], [ 34.9859, 32.12358 ], [ 34.98584, 32.12373 ], [ 34.98578, 32.12387 ], [ 34.98568, 32.12415 ], [ 34.98563, 32.12438 ], [ 34.98558, 32.12456 ], [ 34.98551, 32.1248 ], [ 34.98549, 32.12499 ], [ 34.98546, 32.12515 ], [ 34.98542, 32.12533 ], [ 34.98536, 32.12563 ], [ 34.98529, 32.12587 ], [ 34.98525, 32.12603 ], [ 34.98522, 32.1262 ], [ 34.98523, 32.12643 ], [ 34.98524, 32.12658 ], [ 34.98524, 32.12673 ], [ 34.98526, 32.12698 ], [ 34.98524, 32.12718 ], [ 34.98523, 32.12733 ], [ 34.98522, 32.12754 ], [ 34.98521, 32.12779 ], [ 34.98521, 32.12804 ], [ 34.98522, 32.12819 ], [ 34.98524, 32.12832 ], [ 34.98529, 32.12852 ], [ 34.98532, 32.12877 ], [ 34.98534, 32.12895 ], [ 34.98537, 32.12913 ], [ 34.98539, 32.12927 ], [ 34.98541, 32.12948 ], [ 34.98544, 32.12972 ], [ 34.98546, 32.1299 ], [ 34.98549, 32.13004 ], [ 34.98553, 32.13029 ], [ 34.98566, 32.13046 ], [ 34.98582, 32.13066 ], [ 34.98596, 32.13085 ], [ 34.98608, 32.131 ], [ 34.98625, 32.13121 ], [ 34.9864, 32.13139 ], [ 34.9871, 32.1316 ], [ 34.98778, 32.13208 ], [ 34.98803, 32.13284 ], [ 34.9886, 32.13357 ], [ 34.98858, 32.13399 ], [ 34.98867, 32.1342 ], [ 34.98863, 32.13433 ], [ 34.98858, 32.13449 ], [ 34.98851, 32.13465 ], [ 34.98836, 32.13494 ], [ 34.98824, 32.13528 ], [ 34.98814, 32.13554 ], [ 34.98804, 32.13585 ], [ 34.98792, 32.13618 ], [ 34.9879, 32.13639 ], [ 34.98784, 32.13658 ], [ 34.98779, 32.13677 ], [ 34.98774, 32.13699 ], [ 34.98768, 32.1372 ], [ 34.98765, 32.13744 ], [ 34.98763, 32.13772 ], [ 34.9876, 32.13785 ], [ 34.9877, 32.13794 ], [ 34.98772, 32.13794 ], [ 34.98781, 32.13796 ], [ 34.98877, 32.13812 ], [ 34.98969, 32.13776 ], [ 34.99323, 32.13516 ], [ 34.99419, 32.13467 ], [ 34.99569, 32.13446 ], [ 34.99776, 32.13413 ] ] ] ] } },
{ "type": "Feature", "properties": { "OBJECTID": 112, "Id": 0, "Name": "חוות יאיר", "NameEng": "Havat Yair", "ET_ID": 107860, "GIS_ID": 0.045, "Type": "Outpost", "Ideologica": "Religious", "Shape_Leng": 2851.5461037199998, "Shape_Area": 344841.15427399997, "WKT": null, "DB_ID": 261.0, "Time": 2001, "X": 210162.68968000001, "Y": 672514.70171199995, "WKT_1": null, "WKT_ISR": null }, "geometry": { "type": "MultiPolygon", "coordinates": [ [ [ [ 35.11055, 32.14651 ], [ 35.11125, 32.14612 ], [ 35.11258, 32.1459 ], [ 35.11225, 32.14553 ], [ 35.11138, 32.14504 ], [ 35.10987, 32.14504 ], [ 35.1092, 32.1452 ], [ 35.10918, 32.14558 ], [ 35.10927, 32.14589 ], [ 35.10825, 32.14627 ], [ 35.108, 32.14565 ], [ 35.10755, 32.14499 ], [ 35.10646, 32.14427 ], [ 35.10621, 32.14428 ], [ 35.10582, 32.14381 ], [ 35.10524, 32.14324 ], [ 35.10509, 32.1429 ], [ 35.10447, 32.1429 ], [ 35.10316, 32.14313 ], [ 35.10289, 32.14331 ], [ 35.10271, 32.14369 ], [ 35.10216, 32.14439 ], [ 35.10199, 32.14454 ], [ 35.10195, 32.14521 ], [ 35.10194, 32.14571 ], [ 35.10199, 32.1462 ], [ 35.1022, 32.14649 ], [ 35.10237, 32.14644 ], [ 35.10239, 32.1474 ], [ 35.10324, 32.14795 ], [ 35.10471, 32.14846 ], [ 35.10709, 32.14858 ], [ 35.10844, 32.14816 ], [ 35.10917, 32.14753 ], [ 35.11055, 32.14651 ] ] ] ] } },
{ "type": "Feature", "properties": { "OBJECTID": 113, "Id": 0, "Name": "נירית", "NameEng": "Nirit", "ET_ID": 49154, "GIS_ID": 3750.2, "Type": "Settlement", "Ideologica": "No", "Shape_Leng": 945.24888106200001, "Shape_Area": 49660.291069500003, "WKT": null, "DB_ID": 89.0, "Time": 0, "X": 198870.396718, "Y": 672885.13029700005, "WKT_1": null, "WKT_ISR": null }, "geometry": { "type": "MultiPolygon", "coordinates": [ [ [ [ 34.98736, 32.14996 ], [ 34.98747, 32.14983 ], [ 34.98759, 32.14933 ], [ 34.98753, 32.14864 ], [ 34.98754, 32.14827 ], [ 34.98739, 32.14781 ], [ 34.98696, 32.14806 ], [ 34.9863, 32.14859 ], [ 34.98443, 32.14862 ], [ 34.98455, 32.14882 ], [ 34.98478, 32.14957 ], [ 34.98507, 32.14989 ], [ 34.98543, 32.15012 ], [ 34.98586, 32.1503 ], [ 34.98736, 32.14996 ] ] ] ] } },
{ "type": "Feature", "properties": { "OBJECTID": 114, "Id": 0, "Name": "יקיר", "NameEng": "Yakir", "ET_ID": 568761, "GIS_ID": 3647.0, "Type": "Settlement", "Ideologica": "Religious", "Shape_Leng": 3611.2422780699999, "Shape_Area": 568760.772551, "WKT": null, "DB_ID": 53.0, "Time": 1981, "X": 210989.90463500001, "Y": 672926.850278, "WKT_1": null, "WKT_ISR": null }, "geometry": { "type": "MultiPolygon", "coordinates": [ [ [ [ 35.11749, 32.14521 ], [ 35.11671, 32.14611 ], [ 35.11601, 32.14668 ], [ 35.11546, 32.14676 ], [ 35.11449, 32.14683 ], [ 35.11331, 32.14688 ], [ 35.11194, 32.147 ], [ 35.11063, 32.14734 ], [ 35.10955, 32.14815 ], [ 35.10873, 32.14912 ], [ 35.10862, 32.14935 ], [ 35.10847, 32.14977 ], [ 35.10828, 32.15002 ], [ 35.1089, 32.15021 ], [ 35.10921, 32.15033 ], [ 35.1097, 32.15075 ], [ 35.11042, 32.15134 ], [ 35.11075, 32.1513 ], [ 35.11105, 32.15141 ], [ 35.11162, 32.15166 ], [ 35.1124, 32.15138 ], [ 35.11331, 32.15111 ], [ 35.11426, 32.15088 ], [ 35.11453, 32.15098 ], [ 35.11462, 32.15147 ], [ 35.11474, 32.1523 ], [ 35.11474, 32.15303 ], [ 35.11474, 32.15375 ], [ 35.11459, 32.15434 ], [ 35.1148, 32.15515 ], [ 35.11548, 32.15531 ], [ 35.11607, 32.15521 ], [ 35.11649, 32.15452 ], [ 35.11742, 32.15345 ], [ 35.11825, 32.15237 ], [ 35.11861, 32.1514 ], [ 35.11871, 32.15011 ], [ 35.11854, 32.14939 ], [ 35.11865, 32.14903 ], [ 35.11901, 32.14639 ], [ 35.11859, 32.14605 ], [ 35.11749, 32.14521 ] ] ] ] } },
{ "type": "Feature", "properties": { "OBJECTID": 115, "Id": 0, "Name": "נופים", "NameEng": "Nofim", "ET_ID": 637678, "GIS_ID": 3790.0, "Type": "Settlement", "Ideologica": "Ideological", "Shape_Leng": 3136.5495274099999, "Shape_Area": 387553.483978, "WKT": null, "DB_ID": 85.0, "Time": 1987, "X": 209776.144034, "Y": 673501.623349, "WKT_1": null, "WKT_ISR": null }, "geometry": { "type": "MultiPolygon", "coordinates": [ [ [ [ 35.10555, 32.1522 ], [ 35.105, 32.15277 ], [ 35.1042, 32.15335 ], [ 35.10325, 32.15374 ], [ 35.10241, 32.15377 ], [ 35.10148, 32.15366 ], [ 35.10063, 32.15315 ], [ 35.09983, 32.15262 ], [ 35.09925, 32.15265 ], [ 35.09926, 32.15266 ], [ 35.09879, 32.15271 ], [ 35.09808, 32.15297 ], [ 35.09769, 32.15395 ], [ 35.09727, 32.15458 ], [ 35.09727, 32.15555 ], [ 35.09725, 32.15609 ], [ 35.09744, 32.15647 ], [ 35.09805, 32.15672 ], [ 35.09885, 32.1576 ], [ 35.09942, 32.15794 ], [ 35.09978, 32.15806 ], [ 35.09998, 32.15811 ], [ 35.10013, 32.15834 ], [ 35.10023, 32.15845 ], [ 35.1004, 32.15843 ], [ 35.10065, 32.15815 ], [ 35.10089, 32.15795 ], [ 35.10141, 32.15775 ], [ 35.10189, 32.15752 ], [ 35.10265, 32.15735 ], [ 35.1028, 32.15729 ], [ 35.10364, 32.15681 ], [ 35.10423, 32.15662 ], [ 35.10451, 32.15638 ], [ 35.10495, 32.15617 ], [ 35.1054, 32.1557 ], [ 35.10573, 32.15468 ], [ 35.1062, 32.1534 ], [ 35.10679, 32.15277 ], [ 35.10749, 32.15184 ], [ 35.10787, 32.1506 ], [ 35.10781, 32.15035 ], [ 35.10751, 32.15021 ], [ 35.10555, 32.1522 ] ] ] ] } },
{ "type": "Feature", "properties": { "OBJECTID": 116, "Id": 0, "Name": "אלוני שילה", "NameEng": "Alonei Shilo", "ET_ID": 21199, "GIS_ID": 0.108, "Type": "Outpost", "Ideologica": "Religious", "Shape_Leng": 1759.75447534, "Shape_Area": 121483.911236, "WKT": null, "DB_ID": 226.0, "Time": 1999, "X": 211603.40012499999, "Y": 674482.74034699996, "WKT_1": null, "WKT_ISR": null }, "geometry": { "type": "MultiPolygon", "coordinates": [ [ [ [ 35.11927, 32.16126 ], [ 35.11847, 32.1615 ], [ 35.11818, 32.16181 ], [ 35.1187, 32.16222 ], [ 35.11885, 32.16248 ], [ 35.119, 32.16262 ], [ 35.11901, 32.16275 ], [ 35.11908, 32.16283 ], [ 35.11965, 32.16407 ], [ 35.12025, 32.1647 ], [ 35.12052, 32.16586 ], [ 35.12145, 32.16563 ], [ 35.12156, 32.16559 ], [ 35.1224, 32.16549 ], [ 35.12283, 32.16526 ], [ 35.12325, 32.16466 ], [ 35.12366, 32.16442 ], [ 35.12493, 32.16384 ], [ 35.12389, 32.16358 ], [ 35.12168, 32.16311 ], [ 35.12113, 32.16287 ], [ 35.12038, 32.16243 ], [ 35.11986, 32.16196 ], [ 35.11974, 32.16169 ], [ 35.11958, 32.16155 ], [ 35.11927, 32.16126 ] ] ] ] } },
{ "type": "Feature", "properties": { "OBJECTID": 117, "Id": 0, "Name": "מכורה", "NameEng": "Mechora", "ET_ID": 1026728, "GIS_ID": 3614.0, "Type": "Settlement", "Ideologica": "No", "Shape_Leng": 5374.7874964700004, "Shape_Area": 1026729.90255, "WKT": null, "DB_ID": 68.0, "Time": 1973, "X": 239986.714828, "Y": 674203.78498600004, "WKT_1": null, "WKT_ISR": null }, "geometry": { "type": "MultiPolygon", "coordinates": [ [ [ [ 35.42003, 32.16237 ], [ 35.42117, 32.16259 ], [ 35.41967, 32.16463 ], [ 35.41973, 32.16582 ], [ 35.4183, 32.16699 ], [ 35.41847, 32.16725 ], [ 35.41896, 32.16742 ], [ 35.41973, 32.16735 ], [ 35.42042, 32.168 ], [ 35.42013, 32.1683 ], [ 35.42042, 32.16888 ], [ 35.42119, 32.16851 ], [ 35.42276, 32.16793 ], [ 35.42373, 32.16727 ], [ 35.4253, 32.16656 ], [ 35.42558, 32.16656 ], [ 35.42781, 32.16478 ], [ 35.42712, 32.16427 ], [ 35.42792, 32.16337 ], [ 35.42632, 32.16253 ], [ 35.42657, 32.16197 ], [ 35.4268, 32.16078 ], [ 35.42662, 32.15859 ], [ 35.42585, 32.15738 ], [ 35.42593, 32.15592 ], [ 35.42176, 32.15597 ], [ 35.42136, 32.15614 ], [ 35.42065, 32.15612 ], [ 35.42004, 32.15566 ], [ 35.41976, 32.155 ], [ 35.41944, 32.15501 ], [ 35.4179, 32.15545 ], [ 35.41625, 32.15581 ], [ 35.41545, 32.15533 ], [ 35.4139, 32.15531 ], [ 35.41391, 32.15621 ], [ 35.41488, 32.1573 ], [ 35.41631, 32.15785 ], [ 35.41765, 32.15824 ], [ 35.41885, 32.15991 ], [ 35.419, 32.16188 ], [ 35.42003, 32.16237 ] ] ] ] } },
{ "type": "Feature", "properties": { "OBJECTID": 118, "Id": 0, "Name": "עמנואל", "NameEng": "Immanuel", "ET_ID": 1287238, "GIS_ID": 3660.0, "Type": "Settlement", "Ideologica": "Ultra Orthodox", "Shape_Leng": 4759.7378293900001, "Shape_Area": 800083.78453199996, "WKT": null, "DB_ID": 103.0, "Time": 1983, "X": 213193.95535199999, "Y": 674188.02323199995, "WKT_1": null, "WKT_ISR": null }, "geometry": { "type": "MultiPolygon", "coordinates": [ [ [ [ 35.14662, 32.16001 ], [ 35.14662, 32.16 ], [ 35.14659, 32.15959 ], [ 35.14414, 32.1586 ], [ 35.14408, 32.15824 ], [ 35.14376, 32.15797 ], [ 35.14301, 32.15735 ], [ 35.14201, 32.15664 ], [ 35.14146, 32.15664 ], [ 35.14097, 32.15701 ], [ 35.14079, 32.15779 ], [ 35.14079, 32.15853 ], [ 35.14048, 32.15902 ], [ 35.13978, 32.15912 ], [ 35.13849, 32.15917 ], [ 35.13797, 32.15921 ], [ 35.13733, 32.15914 ], [ 35.13635, 32.15919 ], [ 35.13445, 32.1598 ], [ 35.13336, 32.15968 ], [ 35.13192, 32.15921 ], [ 35.1305, 32.15889 ], [ 35.13022, 32.15855 ], [ 35.1297, 32.15843 ], [ 35.12851, 32.15838 ], [ 35.12851, 32.1599 ], [ 35.12903, 32.16068 ], [ 35.13018, 32.16107 ], [ 35.13165, 32.16147 ], [ 35.13212, 32.16201 ], [ 35.13292, 32.16306 ], [ 35.13361, 32.16363 ], [ 35.13488, 32.16468 ], [ 35.13546, 32.16556 ], [ 35.13584, 32.16587 ], [ 35.13663, 32.16578 ], [ 35.13836, 32.16543 ], [ 35.13884, 32.16502 ], [ 35.13856, 32.16453 ], [ 35.13988, 32.16292 ], [ 35.14061, 32.16257 ], [ 35.14228, 32.16206 ], [ 35.14321, 32.16288 ], [ 35.14537, 32.16244 ], [ 35.1463, 32.16095 ], [ 35.14651, 32.16022 ], [ 35.14662, 32.16001 ] ] ] ] } },
{ "type": "Feature", "properties": { "OBJECTID": 119, "Id": 0, "Name": "אזור תעשיה אלפי מנשה", "NameEng": "Alfei Menashe Industrial Area", "ET_ID": 52483, "GIS_ID": 0.2, "Type": "Industrial Area", "Ideologica": "Industry", "Shape_Leng": 979.45163996700001, "Shape_Area": 52482.601150199996, "WKT": null, "DB_ID": 151.0, "Time": 0, "X": 199749.490907, "Y": 675154.85691900004, "WKT_1": null, "WKT_ISR": null }, "geometry": { "type": "MultiPolygon", "coordinates": [ [ [ [ 34.99371, 32.17044 ], [ 34.99598, 32.1704 ], [ 34.99781, 32.16995 ], [ 34.99771, 32.16946 ], [ 34.9968, 32.16926 ], [ 34.99593, 32.16893 ], [ 34.99487, 32.16872 ], [ 34.99415, 32.16921 ], [ 34.99357, 32.16966 ], [ 34.99371, 32.17044 ] ] ] ] } },
{ "type": "Feature", "properties": { "OBJECTID": 120, "Id": 0, "Name": "מעלה שומרון", "NameEng": "Ma'ale Shomron", "ET_ID": 853465, "GIS_ID": 3637.0, "Type": "Settlement", "Ideologica": "Ideological", "Shape_Leng": 4301.81548475, "Shape_Area": 691144.775502, "WKT": null, "DB_ID": 75.0, "Time": 1980, "X": 206887.34361700001, "Y": 674770.30703899998, "WKT_1": null, "WKT_ISR": null }, "geometry": { "type": "MultiPolygon", "coordinates": [ [ [ [ 35.07404, 32.16081 ], [ 35.07315, 32.15891 ], [ 35.07261, 32.1589 ], [ 35.07266, 32.1597 ], [ 35.07236, 32.16046 ], [ 35.07205, 32.16053 ], [ 35.07181, 32.16067 ], [ 35.07144, 32.16066 ], [ 35.07126, 32.16084 ], [ 35.07097, 32.16093 ], [ 35.07014, 32.16119 ], [ 35.06983, 32.16168 ], [ 35.06971, 32.16208 ], [ 35.06948, 32.16257 ], [ 35.06942, 32.16322 ], [ 35.06919, 32.16324 ], [ 35.069, 32.16349 ], [ 35.0688, 32.1638 ], [ 35.06828, 32.16453 ], [ 35.06768, 32.16547 ], [ 35.06716, 32.16621 ], [ 35.06665, 32.16682 ], [ 35.06636, 32.16775 ], [ 35.06589, 32.16896 ], [ 35.06611, 32.16924 ], [ 35.06679, 32.16965 ], [ 35.06761, 32.16952 ], [ 35.06847, 32.16939 ], [ 35.06931, 32.16944 ], [ 35.06957, 32.16971 ], [ 35.06941, 32.16999 ], [ 35.06953, 32.17016 ], [ 35.06956, 32.1705 ], [ 35.06926, 32.17093 ], [ 35.06883, 32.17145 ], [ 35.06871, 32.17171 ], [ 35.06891, 32.17181 ], [ 35.06929, 32.1717 ], [ 35.06992, 32.17142 ], [ 35.07012, 32.1715 ], [ 35.07069, 32.17139 ], [ 35.07083, 32.17128 ], [ 35.07099, 32.17079 ], [ 35.07163, 32.17056 ], [ 35.07228, 32.17048 ], [ 35.07271, 32.17045 ], [ 35.07338, 32.17098 ], [ 35.07384, 32.17148 ], [ 35.074, 32.17119 ], [ 35.07426, 32.17119 ], [ 35.07467, 32.17124 ], [ 35.07516, 32.17152 ], [ 35.07525, 32.17127 ], [ 35.07519, 32.1705 ], [ 35.07474, 32.16972 ], [ 35.07506, 32.16852 ], [ 35.07498, 32.16714 ], [ 35.07434, 32.16634 ], [ 35.07432, 32.16553 ], [ 35.07388, 32.16459 ], [ 35.0738, 32.16366 ], [ 35.07369, 32.16139 ], [ 35.07404, 32.16081 ] ] ] ] } },
{ "type": "Feature", "properties": { "OBJECTID": 121, "Id": 0, "Name": "יצהר", "NameEng": "Yitzhar", "ET_ID": 1662668, "GIS_ID": 3749.0, "Type": "Settlement", "Ideologica": "Extreme", "Shape_Leng": 5410.2008644300004, "Shape_Area": 1200235.2260400001, "WKT": null, "DB_ID": 52.0, "Time": 1983, "X": 222180.320175, "Y": 675036.42833499995, "WKT_1": null, "WKT_ISR": null }, "geometry": { "type": "MultiPolygon", "coordinates": [ [ [ [ 35.24203, 32.16797 ], [ 35.24179, 32.16678 ], [ 35.23849, 32.16427 ], [ 35.23793, 32.16365 ], [ 35.23792, 32.16366 ], [ 35.23765, 32.16365 ], [ 35.23723, 32.16373 ], [ 35.23663, 32.16383 ], [ 35.23616, 32.16388 ], [ 35.23546, 32.16382 ], [ 35.23504, 32.16441 ], [ 35.23513, 32.16463 ], [ 35.23485, 32.16529 ], [ 35.23423, 32.1653 ], [ 35.23371, 32.16501 ], [ 35.23338, 32.1645 ], [ 35.23252, 32.16482 ], [ 35.23182, 32.16469 ], [ 35.23136, 32.16475 ], [ 35.23084, 32.16499 ], [ 35.23055, 32.16558 ], [ 35.22987, 32.16551 ], [ 35.22919, 32.16566 ], [ 35.22878, 32.16657 ], [ 35.22801, 32.16685 ], [ 35.22707, 32.16721 ], [ 35.22636, 32.16782 ], [ 35.2256, 32.16833 ], [ 35.22452, 32.16862 ], [ 35.22341, 32.16911 ], [ 35.22314, 32.16963 ], [ 35.22316, 32.16969 ], [ 35.22342, 32.1702 ], [ 35.22366, 32.17067 ], [ 35.22363, 32.17099 ], [ 35.22399, 32.17126 ], [ 35.22469, 32.17117 ], [ 35.22518, 32.17083 ], [ 35.22541, 32.17085 ], [ 35.22573, 32.17112 ], [ 35.22582, 32.1715 ], [ 35.2262, 32.17182 ], [ 35.22661, 32.17218 ], [ 35.22668, 32.17215 ], [ 35.227, 32.17232 ], [ 35.22792, 32.17261 ], [ 35.2286, 32.17248 ], [ 35.22941, 32.17237 ], [ 35.23009, 32.1726 ], [ 35.23139, 32.1728 ], [ 35.23169, 32.17347 ], [ 35.23234, 32.17368 ], [ 35.23308, 32.17373 ], [ 35.2339, 32.1733 ], [ 35.23443, 32.17303 ], [ 35.23487, 32.17216 ], [ 35.23502, 32.17176 ], [ 35.23524, 32.17205 ], [ 35.23612, 32.17296 ], [ 35.23668, 32.17355 ], [ 35.23755, 32.17352 ], [ 35.23763, 32.17324 ], [ 35.23735, 32.17218 ], [ 35.23716, 32.17121 ], [ 35.23728, 32.17053 ], [ 35.23771, 32.17037 ], [ 35.23807, 32.17047 ], [ 35.23933, 32.17089 ], [ 35.24005, 32.1707 ], [ 35.24094, 32.17007 ], [ 35.2419, 32.16927 ], [ 35.24214, 32.16877 ], [ 35.24142, 32.16867 ], [ 35.24135, 32.16855 ], [ 35.24148, 32.16838 ], [ 35.24203, 32.16797 ] ] ] ] } },
{ "type": "Feature", "properties": { "OBJECTID": 122, "Id": 0, "Name": "ארגמן", "NameEng": "Argaman", "ET_ID": 355475, "GIS_ID": 3598.0, "Type": "Settlement", "Ideologica": "No", "Shape_Leng": 2467.6322118799999, "Shape_Area": 355471.14104999998, "WKT": null, "DB_ID": 15.0, "Time": 1968, "X": 249403.40035499999, "Y": 675490.52990600001, "WKT_1": null, "WKT_ISR": null }, "geometry": { "type": "MultiPolygon", "coordinates": [ [ [ [ 35.52255, 32.16938 ], [ 35.52196, 32.169 ], [ 35.52137, 32.16879 ], [ 35.52053, 32.16881 ], [ 35.52001, 32.16924 ], [ 35.51982, 32.16964 ], [ 35.51983, 32.1704 ], [ 35.51983, 32.17106 ], [ 35.51965, 32.17217 ], [ 35.51914, 32.17295 ], [ 35.51852, 32.17389 ], [ 35.51809, 32.17439 ], [ 35.51785, 32.17442 ], [ 35.5177, 32.17472 ], [ 35.51832, 32.1752 ], [ 35.51868, 32.1755 ], [ 35.5205, 32.17572 ], [ 35.52159, 32.17495 ], [ 35.52263, 32.17483 ], [ 35.5231, 32.17453 ], [ 35.52395, 32.1746 ], [ 35.52501, 32.17453 ], [ 35.52556, 32.1737 ], [ 35.5259, 32.17276 ], [ 35.52575, 32.1721 ], [ 35.52506, 32.17074 ], [ 35.52473, 32.17074 ], [ 35.52422, 32.17039 ], [ 35.52353, 32.17026 ], [ 35.52255, 32.16938 ] ] ] ] } },
{ "type": "Feature", "properties": { "OBJECTID": 124, "Id": 0, "Name": "סנה יעקב", "NameEng": "Sne Ya'akov", "ET_ID": 73229, "GIS_ID": 0.021, "Type": "Outpost", "Ideologica": "Extreme", "Shape_Leng": 2434.7870261600001, "Shape_Area": 328490.67011100001, "WKT": null, "DB_ID": 304.0, "Time": 1999, "X": 224847.52515199999, "Y": 676059.63549599994, "WKT_1": null, "WKT_ISR": null }, "geometry": { "type": "MultiPolygon", "coordinates": [ [ [ [ 35.2606, 32.18052 ], [ 35.26096, 32.1805 ], [ 35.26165, 32.18056 ], [ 35.26215, 32.18067 ], [ 35.2635, 32.18042 ], [ 35.26363, 32.18007 ], [ 35.26435, 32.17926 ], [ 35.26476, 32.17849 ], [ 35.26522, 32.17836 ], [ 35.2653, 32.17802 ], [ 35.26465, 32.17771 ], [ 35.26474, 32.17682 ], [ 35.26481, 32.17629 ], [ 35.26481, 32.17582 ], [ 35.26453, 32.17556 ], [ 35.26422, 32.17562 ], [ 35.26403, 32.17551 ], [ 35.26383, 32.17524 ], [ 35.2638, 32.17502 ], [ 35.26357, 32.17488 ], [ 35.26258, 32.17487 ], [ 35.2624, 32.17507 ], [ 35.26184, 32.17489 ], [ 35.26136, 32.17504 ], [ 35.26111, 32.17529 ], [ 35.26062, 32.17546 ], [ 35.2603, 32.17557 ], [ 35.25989, 32.1755 ], [ 35.25973, 32.17577 ], [ 35.25942, 32.17603 ], [ 35.25926, 32.17641 ], [ 35.25917, 32.1766 ], [ 35.25932, 32.17684 ], [ 35.25927, 32.17704 ], [ 35.25913, 32.1773 ], [ 35.25881, 32.17776 ], [ 35.25859, 32.17875 ], [ 35.25856, 32.17905 ], [ 35.25863, 32.17911 ], [ 35.25819, 32.17957 ], [ 35.25819, 32.17979 ], [ 35.25808, 32.17982 ], [ 35.25759, 32.17982 ], [ 35.25736, 32.18003 ], [ 35.25745, 32.18041 ], [ 35.25761, 32.18056 ], [ 35.25793, 32.18065 ], [ 35.25929, 32.18093 ], [ 35.25966, 32.18087 ], [ 35.26005, 32.18069 ], [ 35.2606, 32.18052 ] ] ] ] } },
{ "type": "Feature", "properties": { "OBJECTID": 125, "Id": 0, "Name": "גבעה 777", "NameEng": "Hill 777", "ET_ID": 4779935, "GIS_ID": 0.014, "Type": "Outpost", "Ideologica": "Extreme", "Shape_Leng": 6237.7842994599996, "Shape_Area": 914875.35142099997, "WKT": null, "DB_ID": 239.0, "Time": 1999, "X": 235048.34248, "Y": 673589.19672200002, "WKT_1": null, "WKT_ISR": null }, "geometry": { "type": "MultiPolygon", "coordinates": [ [ [ [ 35.37, 32.1499 ], [ 35.36899, 32.14975 ], [ 35.36865, 32.1497 ], [ 35.36707, 32.14982 ], [ 35.36574, 32.15022 ], [ 35.36475, 32.1506 ], [ 35.36425, 32.15068 ], [ 35.3638, 32.15075 ], [ 35.36231, 32.15124 ], [ 35.36129, 32.15302 ], [ 35.36499, 32.15408 ], [ 35.36561, 32.15473 ], [ 35.36601, 32.15519 ], [ 35.36679, 32.15522 ], [ 35.36755, 32.15565 ], [ 35.36795, 32.15556 ], [ 35.36876, 32.1554 ], [ 35.36936, 32.1556 ], [ 35.37007, 32.15597 ], [ 35.37028, 32.15625 ], [ 35.37068, 32.1566 ], [ 35.37121, 32.15688 ], [ 35.37126, 32.15741 ], [ 35.37175, 32.1582 ], [ 35.37151, 32.15862 ], [ 35.37121, 32.15882 ], [ 35.37132, 32.15918 ], [ 35.37154, 32.15958 ], [ 35.3716, 32.15993 ], [ 35.37185, 32.16049 ], [ 35.36941, 32.16058 ], [ 35.36806, 32.16108 ], [ 35.36807, 32.16291 ], [ 35.36855, 32.16443 ], [ 35.36894, 32.16471 ], [ 35.36966, 32.16456 ], [ 35.37123, 32.16393 ], [ 35.37158, 32.16333 ], [ 35.37184, 32.16317 ], [ 35.37229, 32.16299 ], [ 35.3727, 32.16305 ], [ 35.3731, 32.16288 ], [ 35.37343, 32.16254 ], [ 35.37343, 32.1622 ], [ 35.3737, 32.16176 ], [ 35.37404, 32.16171 ], [ 35.37408, 32.16109 ], [ 35.37361, 32.16088 ], [ 35.37391, 32.16037 ], [ 35.3744, 32.1601 ], [ 35.37454, 32.1596 ], [ 35.37462, 32.15927 ], [ 35.37452, 32.15904 ], [ 35.37422, 32.15887 ], [ 35.37436, 32.15836 ], [ 35.37441, 32.15773 ], [ 35.37463, 32.15747 ], [ 35.37432, 32.15696 ], [ 35.37432, 32.15659 ], [ 35.3741, 32.15621 ], [ 35.37416, 32.1559 ], [ 35.37428, 32.15482 ], [ 35.37459, 32.15413 ], [ 35.37524, 32.15398 ], [ 35.3756, 32.15368 ], [ 35.37587, 32.15364 ], [ 35.37708, 32.1526 ], [ 35.3765, 32.15196 ], [ 35.37522, 32.1527 ], [ 35.37448, 32.15342 ], [ 35.3739, 32.15365 ], [ 35.37308, 32.15358 ], [ 35.37241, 32.15335 ], [ 35.37241, 32.15273 ], [ 35.372, 32.15181 ], [ 35.3712, 32.15007 ], [ 35.37028, 32.14994 ], [ 35.37, 32.1499 ] ] ] ] } },
{ "type": "Feature", "properties": { "OBJECTID": 126, "Id": 0, "Name": "אלפי מנשה", "NameEng": "Alfei Menashe", "ET_ID": 2575652, "GIS_ID": 3750.0, "Type": "Settlement", "Ideologica": "No", "Shape_Leng": 11049.5736803, "Shape_Area": 2852283.36852, "WKT": null, "DB_ID": 11.0, "Time": 1983, "X": 201576.44522699999, "Y": 675338.031021, "WKT_1": null, "WKT_ISR": null }, "geometry": { "type": "MultiPolygon", "coordinates": [ [ [ [ 35.01371, 32.18072 ], [ 35.01468, 32.18036 ], [ 35.01453, 32.18044 ], [ 35.01526, 32.1804 ], [ 35.01598, 32.18048 ], [ 35.01738, 32.18028 ], [ 35.018, 32.18061 ], [ 35.01926, 32.17987 ], [ 35.0197, 32.17913 ], [ 35.0197, 32.17795 ], [ 35.0198, 32.17651 ], [ 35.01985, 32.17499 ], [ 35.02101, 32.17454 ], [ 35.02217, 32.17397 ], [ 35.02236, 32.17331 ], [ 35.02255, 32.17299 ], [ 35.02255, 32.17258 ], [ 35.02308, 32.17254 ], [ 35.02376, 32.17205 ], [ 35.02352, 32.17098 ], [ 35.0241, 32.17094 ], [ 35.02453, 32.17057 ], [ 35.02372, 32.17012 ], [ 35.0227, 32.16983 ], [ 35.02222, 32.16934 ], [ 35.02184, 32.16847 ], [ 35.02179, 32.16761 ], [ 35.02189, 32.1672 ], [ 35.02204, 32.16638 ], [ 35.02257, 32.16606 ], [ 35.02329, 32.16548 ], [ 35.02397, 32.1654 ], [ 35.02522, 32.16577 ], [ 35.02749, 32.16642 ], [ 35.02753, 32.16655 ], [ 35.02765, 32.16647 ], [ 35.0297, 32.16672 ], [ 35.03203, 32.16719 ], [ 35.0323, 32.16684 ], [ 35.03134, 32.16628 ], [ 35.03109, 32.16469 ], [ 35.03089, 32.16406 ], [ 35.03046, 32.16354 ], [ 35.02947, 32.16362 ], [ 35.02848, 32.1636 ], [ 35.02779, 32.16275 ], [ 35.02753, 32.16218 ], [ 35.02704, 32.16195 ], [ 35.02614, 32.16198 ], [ 35.02442, 32.16221 ], [ 35.02346, 32.16226 ], [ 35.023, 32.16238 ], [ 35.02236, 32.16255 ], [ 35.02167, 32.16246 ], [ 35.02145, 32.16259 ], [ 35.02127, 32.16327 ], [ 35.02117, 32.16409 ], [ 35.02146, 32.1645 ], [ 35.02093, 32.16499 ], [ 35.02006, 32.16478 ], [ 35.01891, 32.1642 ], [ 35.01751, 32.16453 ], [ 35.01592, 32.16494 ], [ 35.015, 32.16481 ], [ 35.01341, 32.16498 ], [ 35.01254, 32.16538 ], [ 35.01177, 32.16592 ], [ 35.01085, 32.16624 ], [ 35.01061, 32.16665 ], [ 35.01094, 32.16756 ], [ 35.01027, 32.16743 ], [ 35.00935, 32.16694 ], [ 35.00796, 32.16718 ], [ 35.00675, 32.16759 ], [ 35.00525, 32.16775 ], [ 35.00443, 32.16861 ], [ 35.00438, 32.16988 ], [ 35.00433, 32.17079 ], [ 35.00438, 32.17193 ], [ 35.00346, 32.1716 ], [ 35.00279, 32.17164 ], [ 35.00197, 32.17177 ], [ 35.00163, 32.17246 ], [ 35.00167, 32.17369 ], [ 35.00172, 32.17451 ], [ 35.00215, 32.17587 ], [ 35.00331, 32.17583 ], [ 35.00403, 32.17616 ], [ 35.00456, 32.17706 ], [ 35.00427, 32.17776 ], [ 35.00422, 32.17854 ], [ 35.00518, 32.17956 ], [ 35.0061, 32.17936 ], [ 35.0073, 32.17895 ], [ 35.00793, 32.17801 ], [ 35.00899, 32.17768 ], [ 35.00948, 32.17719 ], [ 35.0102, 32.17699 ], [ 35.01078, 32.17678 ], [ 35.0115, 32.17629 ], [ 35.01252, 32.1758 ], [ 35.01353, 32.17511 ], [ 35.01478, 32.17535 ], [ 35.0156, 32.17585 ], [ 35.01546, 32.17634 ], [ 35.01488, 32.17675 ], [ 35.01382, 32.17699 ], [ 35.01285, 32.17728 ], [ 35.01271, 32.17765 ], [ 35.01193, 32.17806 ], [ 35.01102, 32.17879 ], [ 35.01063, 32.17944 ], [ 35.01135, 32.18031 ], [ 35.0128, 32.18113 ], [ 35.01371, 32.18072 ] ] ] ] } },
{ "type": "Feature", "properties": { "OBJECTID": 127, "Id": 0, "Name": "קרני שומרון", "NameEng": "Karnei Shomron", "ET_ID": 3131268, "GIS_ID": 3640.0, "Type": "Settlement", "Ideologica": "Ideological", "Shape_Leng": 13360.068870200001, "Shape_Area": 2928959.9524099999, "WKT": null, "DB_ID": 118.0, "Time": 1978, "X": 209295.27856100001, "Y": 675451.79456099996, "WKT_1": null, "WKT_ISR": null }, "geometry": { "type": "MultiPolygon", "coordinates": [ [ [ [ 35.10602, 32.18206 ], [ 35.10584, 32.17972 ], [ 35.10703, 32.18042 ], [ 35.10819, 32.18023 ], [ 35.11019, 32.18016 ], [ 35.11033, 32.17976 ], [ 35.11024, 32.17975 ], [ 35.10981, 32.17833 ], [ 35.11013, 32.17733 ], [ 35.10978, 32.1763 ], [ 35.11007, 32.17553 ], [ 35.10991, 32.17518 ], [ 35.10922, 32.17449 ], [ 35.10911, 32.17413 ], [ 35.10925, 32.174 ], [ 35.1098, 32.17393 ], [ 35.11027, 32.17378 ], [ 35.11123, 32.17367 ], [ 35.11223, 32.1737 ], [ 35.11297, 32.1737 ], [ 35.11421, 32.17373 ], [ 35.11442, 32.17366 ], [ 35.11491, 32.17335 ], [ 35.11491, 32.17296 ], [ 35.11418, 32.17233 ], [ 35.11417, 32.17125 ], [ 35.11353, 32.17135 ], [ 35.11223, 32.17136 ], [ 35.11186, 32.17109 ], [ 35.1107, 32.17079 ], [ 35.10972, 32.17061 ], [ 35.10892, 32.1698 ], [ 35.10856, 32.16859 ], [ 35.10784, 32.1673 ], [ 35.10671, 32.16697 ], [ 35.10525, 32.1673 ], [ 35.10412, 32.16791 ], [ 35.10341, 32.16864 ], [ 35.10347, 32.16937 ], [ 35.10383, 32.17038 ], [ 35.1046, 32.17127 ], [ 35.10516, 32.1723 ], [ 35.10611, 32.17306 ], [ 35.10715, 32.17369 ], [ 35.10646, 32.1742 ], [ 35.10548, 32.17432 ], [ 35.10492, 32.17397 ], [ 35.10412, 32.17366 ], [ 35.10338, 32.17318 ], [ 35.10299, 32.17285 ], [ 35.10278, 32.17217 ], [ 35.10237, 32.17192 ], [ 35.10163, 32.17068 ], [ 35.10148, 32.17058 ], [ 35.10127, 32.1703 ], [ 35.10077, 32.1697 ], [ 35.1005, 32.16967 ], [ 35.09991, 32.16919 ], [ 35.09958, 32.16858 ], [ 35.0992, 32.16783 ], [ 35.09791, 32.16722 ], [ 35.09598, 32.1681 ], [ 35.09447, 32.16871 ], [ 35.09429, 32.17009 ], [ 35.09396, 32.17136 ], [ 35.09434, 32.17287 ], [ 35.09399, 32.17287 ], [ 35.09372, 32.17267 ], [ 35.09262, 32.17113 ], [ 35.09028, 32.16832 ], [ 35.08829, 32.1682 ], [ 35.08776, 32.16797 ], [ 35.08568, 32.164 ], [ 35.0856, 32.16329 ], [ 35.08248, 32.16324 ], [ 35.08114, 32.16321 ], [ 35.08004, 32.1645 ], [ 35.08049, 32.16614 ], [ 35.08143, 32.16799 ], [ 35.08126, 32.16849 ], [ 35.08102, 32.16864 ], [ 35.07959, 32.16793 ], [ 35.07844, 32.16839 ], [ 35.07731, 32.16899 ], [ 35.07707, 32.17041 ], [ 35.07692, 32.17106 ], [ 35.07718, 32.17159 ], [ 35.07828, 32.17147 ], [ 35.07831, 32.17197 ], [ 35.07956, 32.17185 ], [ 35.08149, 32.17165 ], [ 35.08259, 32.17145 ], [ 35.08333, 32.17152 ], [ 35.08461, 32.1715 ], [ 35.08665, 32.17208 ], [ 35.08746, 32.17254 ], [ 35.08851, 32.17367 ], [ 35.09101, 32.17636 ], [ 35.09288, 32.17688 ], [ 35.09525, 32.17705 ], [ 35.09799, 32.17733 ], [ 35.10052, 32.17816 ], [ 35.10044, 32.17861 ], [ 35.0997, 32.17849 ], [ 35.09947, 32.1789 ], [ 35.09975, 32.17961 ], [ 35.10005, 32.17964 ], [ 35.10002, 32.18012 ], [ 35.10033, 32.18031 ], [ 35.10043, 32.1807 ], [ 35.1011, 32.18061 ], [ 35.1016, 32.1802 ], [ 35.102, 32.18013 ], [ 35.10227, 32.18029 ], [ 35.10253, 32.18027 ], [ 35.10294, 32.18069 ], [ 35.10232, 32.1809 ], [ 35.10236, 32.18125 ], [ 35.10293, 32.1819 ], [ 35.10374, 32.18186 ], [ 35.10432, 32.18195 ], [ 35.10602, 32.18206 ] ] ] ] } },
{ "type": "Feature", "properties": { "OBJECTID": 128, "Id": 0, "Name": "ברכה", "NameEng": "Bracha", "ET_ID": 608080, "GIS_ID": 3710.0, "Type": "Settlement", "Ideologica": "Religious", "Shape_Leng": 3271.08044875, "Shape_Area": 452925.74214, "WKT": null, "DB_ID": 24.0, "Time": 1983, "X": 225216.66155399999, "Y": 677755.32756999996, "WKT_1": null, "WKT_ISR": null }, "geometry": { "type": "MultiPolygon", "coordinates": [ [ [ [ 35.26715, 32.19557 ], [ 35.26772, 32.19529 ], [ 35.26808, 32.19506 ], [ 35.26844, 32.19507 ], [ 35.26894, 32.19485 ], [ 35.26911, 32.19471 ], [ 35.26918, 32.1948 ], [ 35.26939, 32.19468 ], [ 35.26979, 32.19436 ], [ 35.27014, 32.19412 ], [ 35.26999, 32.19391 ], [ 35.26989, 32.19373 ], [ 35.26977, 32.19355 ], [ 35.26973, 32.19336 ], [ 35.26965, 32.19311 ], [ 35.26964, 32.19291 ], [ 35.26959, 32.1926 ], [ 35.26949, 32.19218 ], [ 35.26924, 32.19185 ], [ 35.26896, 32.19157 ], [ 35.26877, 32.19126 ], [ 35.2687, 32.19072 ], [ 35.2688, 32.19042 ], [ 35.26847, 32.19045 ], [ 35.26839, 32.19008 ], [ 35.26829, 32.18988 ], [ 35.26808, 32.18983 ], [ 35.26775, 32.18977 ], [ 35.26735, 32.18982 ], [ 35.26707, 32.1898 ], [ 35.26644, 32.18984 ], [ 35.26588, 32.18987 ], [ 35.26535, 32.1899 ], [ 35.2651, 32.19014 ], [ 35.26429, 32.19029 ], [ 35.26374, 32.19042 ], [ 35.26329, 32.1906 ], [ 35.26283, 32.19096 ], [ 35.26275, 32.19117 ], [ 35.26273, 32.19149 ], [ 35.26273, 32.19172 ], [ 35.2626, 32.19194 ], [ 35.26252, 32.19228 ], [ 35.26247, 32.1927 ], [ 35.26253, 32.19316 ], [ 35.26245, 32.19329 ], [ 35.26232, 32.19353 ], [ 35.26205, 32.19362 ], [ 35.26174, 32.19365 ], [ 35.2617, 32.19372 ], [ 35.2615, 32.19382 ], [ 35.2612, 32.19391 ], [ 35.261, 32.19397 ], [ 35.26097, 32.1942 ], [ 35.26029, 32.1941 ], [ 35.25941, 32.19403 ], [ 35.25891, 32.19395 ], [ 35.2589, 32.19409 ], [ 35.25914, 32.19418 ], [ 35.25964, 32.19429 ], [ 35.2602, 32.19452 ], [ 35.26071, 32.19466 ], [ 35.26124, 32.19484 ], [ 35.26126, 32.19507 ], [ 35.26126, 32.19538 ], [ 35.26138, 32.19569 ], [ 35.26159, 32.19576 ], [ 35.26194, 32.19556 ], [ 35.26214, 32.19532 ], [ 35.26242, 32.19529 ], [ 35.26288, 32.19557 ], [ 35.26294, 32.19558 ], [ 35.26294, 32.1959 ], [ 35.26313, 32.19631 ], [ 35.26323, 32.19641 ], [ 35.26394, 32.19651 ], [ 35.26453, 32.19661 ], [ 35.26465, 32.19728 ], [ 35.26524, 32.19733 ], [ 35.26526, 32.19735 ], [ 35.26532, 32.19733 ], [ 35.26571, 32.19723 ], [ 35.26566, 32.19681 ], [ 35.26604, 32.19658 ], [ 35.26628, 32.19618 ], [ 35.26645, 32.19614 ], [ 35.26675, 32.19572 ], [ 35.26715, 32.19557 ] ] ] ] } },
{ "type": "Feature", "properties": { "OBJECTID": 129, "Id": 0, "Name": "חוות גלעד", "NameEng": "Gilad Farm", "ET_ID": 31191, "GIS_ID": 0.111, "Type": "Outpost", "Ideologica": "Extreme", "Shape_Leng": 2917.7996174700002, "Shape_Area": 462068.15551900002, "WKT": null, "DB_ID": 260.0, "Time": 2002, "X": 217236.690397, "Y": 678545.71138200001, "WKT_1": null, "WKT_ISR": null }, "geometry": { "type": "MultiPolygon", "coordinates": [ [ [ [ 35.1839, 32.19708 ], [ 35.18339, 32.19662 ], [ 35.18284, 32.19667 ], [ 35.18226, 32.19702 ], [ 35.18211, 32.19694 ], [ 35.18011, 32.1957 ], [ 35.17971, 32.19599 ], [ 35.17905, 32.19684 ], [ 35.17828, 32.19742 ], [ 35.17803, 32.19813 ], [ 35.1781, 32.20068 ], [ 35.1781, 32.20131 ], [ 35.17809, 32.20263 ], [ 35.17812, 32.20316 ], [ 35.17906, 32.20414 ], [ 35.17868, 32.20464 ], [ 35.17999, 32.20546 ], [ 35.18208, 32.20409 ], [ 35.18388, 32.20231 ], [ 35.18422, 32.20012 ], [ 35.18433, 32.19985 ], [ 35.18446, 32.19967 ], [ 35.18437, 32.19941 ], [ 35.18291, 32.19851 ], [ 35.18405, 32.19767 ], [ 35.1839, 32.19708 ] ] ] ] } },
{ "type": "Feature", "properties": { "OBJECTID": 130, "Id": 0, "Name": "חמרה", "NameEng": "Hamra", "ET_ID": 911807, "GIS_ID": 3609.0, "Type": "Settlement", "Ideologica": "No", "Shape_Leng": 4656.6859427999998, "Shape_Area": 911803.9517, "WKT": null, "DB_ID": 44.0, "Time": 1971, "X": 241240.11618099999, "Y": 678389.06165699998, "WKT_1": null, "WKT_ISR": null }, "geometry": { "type": "MultiPolygon", "coordinates": [ [ [ [ 35.43421, 32.20121 ], [ 35.43715, 32.20297 ], [ 35.43867, 32.2031 ], [ 35.43943, 32.20256 ], [ 35.44066, 32.2016 ], [ 35.44082, 32.20138 ], [ 35.43987, 32.20067 ], [ 35.43985, 32.20026 ], [ 35.44008, 32.19997 ], [ 35.4416, 32.20051 ], [ 35.44284, 32.20086 ], [ 35.44386, 32.20093 ], [ 35.44394, 32.19981 ], [ 35.44396, 32.19865 ], [ 35.44396, 32.19785 ], [ 35.44241, 32.1966 ], [ 35.44067, 32.1958 ], [ 35.43829, 32.19627 ], [ 35.43674, 32.19674 ], [ 35.43537, 32.19617 ], [ 35.43414, 32.19626 ], [ 35.43338, 32.19651 ], [ 35.43192, 32.19579 ], [ 35.4309, 32.19595 ], [ 35.42992, 32.19569 ], [ 35.42908, 32.19553 ], [ 35.42809, 32.19513 ], [ 35.42746, 32.19531 ], [ 35.42709, 32.19672 ], [ 35.42715, 32.19837 ], [ 35.42742, 32.19962 ], [ 35.427, 32.2 ], [ 35.42776, 32.20022 ], [ 35.42904, 32.20031 ], [ 35.43033, 32.20077 ], [ 35.4318, 32.20119 ], [ 35.43309, 32.20146 ], [ 35.43393, 32.2015 ], [ 35.43421, 32.20121 ] ] ] ] } },
{ "type": "Feature", "properties": { "OBJECTID": 131, "Id": 0, "Name": "צופים", "NameEng": "Tzofim", "ET_ID": 785163, "GIS_ID": 3791.0, "Type": "Settlement", "Ideologica": "No", "Shape_Leng": 3104.87268937, "Shape_Area": 525284.54713900003, "WKT": null, "DB_ID": 112.0, "Time": 1989, "X": 201156.382958, "Y": 678371.33668900002, "WKT_1": null, "WKT_ISR": null }, "geometry": { "type": "MultiPolygon", "coordinates": [ [ [ [ 35.01449, 32.20064 ], [ 35.0143, 32.20043 ], [ 35.01428, 32.2003 ], [ 35.0143, 32.19943 ], [ 35.01357, 32.19845 ], [ 35.01358, 32.19822 ], [ 35.01348, 32.19798 ], [ 35.01427, 32.19747 ], [ 35.01393, 32.19719 ], [ 35.01287, 32.19638 ], [ 35.01236, 32.19575 ], [ 35.01195, 32.195 ], [ 35.01181, 32.19457 ], [ 35.01156, 32.19432 ], [ 35.01082, 32.19417 ], [ 35.00928, 32.19418 ], [ 35.00829, 32.19432 ], [ 35.00822, 32.19461 ], [ 35.00815, 32.1953 ], [ 35.0082, 32.19582 ], [ 35.00822, 32.19623 ], [ 35.00805, 32.19683 ], [ 35.00787, 32.19728 ], [ 35.00746, 32.19774 ], [ 35.00735, 32.1982 ], [ 35.0072, 32.19832 ], [ 35.0065, 32.19847 ], [ 35.0057, 32.19879 ], [ 35.0056, 32.19913 ], [ 35.00568, 32.19962 ], [ 35.00563, 32.20014 ], [ 35.0061, 32.20112 ], [ 35.00646, 32.20166 ], [ 35.00707, 32.20158 ], [ 35.00755, 32.20172 ], [ 35.00815, 32.20163 ], [ 35.00929, 32.20151 ], [ 35.01008, 32.20179 ], [ 35.01011, 32.20184 ], [ 35.01024, 32.20186 ], [ 35.01034, 32.20212 ], [ 35.01099, 32.20223 ], [ 35.01126, 32.20201 ], [ 35.01223, 32.20232 ], [ 35.01301, 32.20256 ], [ 35.01357, 32.2026 ], [ 35.01403, 32.2023 ], [ 35.01435, 32.20191 ], [ 35.01442, 32.20137 ], [ 35.01444, 32.20085 ], [ 35.01449, 32.20064 ] ] ] ] } },
{ "type": "Feature", "properties": { "OBJECTID": 132, "Id": 0, "Name": "הר חמד", "NameEng": "Har Hemed", "ET_ID": 46639, "GIS_ID": 0.105, "Type": "Outpost", "Ideologica": "Religious", "Shape_Leng": 982.42626772699998, "Shape_Area": 46638.456649899999, "WKT": null, "DB_ID": 257.0, "Time": 1996, "X": 214500.61537099999, "Y": 681876.87921000004, "WKT_1": null, "WKT_ISR": null }, "geometry": { "type": "MultiPolygon", "coordinates": [ [ [ [ 35.1528, 32.23202 ], [ 35.15302, 32.23183 ], [ 35.15296, 32.2315 ], [ 35.1529, 32.23132 ], [ 35.15281, 32.23092 ], [ 35.15252, 32.23049 ], [ 35.15235, 32.23005 ], [ 35.1524, 32.22984 ], [ 35.15261, 32.22978 ], [ 35.15272, 32.22968 ], [ 35.15284, 32.22947 ], [ 35.1529, 32.22912 ], [ 35.15281, 32.22908 ], [ 35.15242, 32.22922 ], [ 35.15202, 32.22936 ], [ 35.15161, 32.22933 ], [ 35.15115, 32.22927 ], [ 35.1507, 32.22936 ], [ 35.15053, 32.22968 ], [ 35.15066, 32.23 ], [ 35.15085, 32.2305 ], [ 35.15118, 32.23105 ], [ 35.15152, 32.23141 ], [ 35.15199, 32.23188 ], [ 35.1528, 32.23202 ] ] ] ] } },
{ "type": "Feature", "properties": { "OBJECTID": 133, "Id": 0, "Name": "קדומים", "NameEng": "Kedumim", "ET_ID": 2100056, "GIS_ID": 3557.0, "Type": "Settlement", "Ideologica": "Religious", "Shape_Leng": 12671.389875299999, "Shape_Area": 2005211.74722, "WKT": null, "DB_ID": 113.0, "Time": 1977, "X": 215296.98158399999, "Y": 680547.117035, "WKT_1": null, "WKT_ISR": null }, "geometry": { "type": "MultiPolygon", "coordinates": [ [ [ [ 35.16813, 32.22872 ], [ 35.16869, 32.22756 ], [ 35.16801, 32.22725 ], [ 35.16645, 32.22715 ], [ 35.16528, 32.22739 ], [ 35.16416, 32.22759 ], [ 35.16388, 32.22729 ], [ 35.16512, 32.22691 ], [ 35.16553, 32.2265 ], [ 35.16577, 32.22575 ], [ 35.16561, 32.22514 ], [ 35.16561, 32.22469 ], [ 35.16541, 32.2236 ], [ 35.16545, 32.22244 ], [ 35.16557, 32.22132 ], [ 35.16525, 32.22111 ], [ 35.16473, 32.22163 ], [ 35.16424, 32.22173 ], [ 35.16452, 32.22077 ], [ 35.16428, 32.22009 ], [ 35.16416, 32.21989 ], [ 35.16469, 32.21903 ], [ 35.16412, 32.21842 ], [ 35.16284, 32.21821 ], [ 35.16088, 32.21787 ], [ 35.16019, 32.21784 ], [ 35.15919, 32.21637 ], [ 35.15895, 32.21598 ], [ 35.16012, 32.2158 ], [ 35.15993, 32.21534 ], [ 35.16073, 32.21497 ], [ 35.1607, 32.21471 ], [ 35.16059, 32.2146 ], [ 35.16096, 32.2142 ], [ 35.16184, 32.21396 ], [ 35.16272, 32.21362 ], [ 35.16332, 32.21317 ], [ 35.16353, 32.21198 ], [ 35.16288, 32.21068 ], [ 35.16301, 32.20998 ], [ 35.16193, 32.20938 ], [ 35.16143, 32.20928 ], [ 35.16104, 32.20918 ], [ 35.15819, 32.20802 ], [ 35.15839, 32.20778 ], [ 35.15948, 32.20806 ], [ 35.16068, 32.20758 ], [ 35.16088, 32.20707 ], [ 35.16244, 32.20693 ], [ 35.16289, 32.20676 ], [ 35.16345, 32.20751 ], [ 35.16501, 32.20741 ], [ 35.16529, 32.207 ], [ 35.16497, 32.20659 ], [ 35.1669, 32.20564 ], [ 35.16826, 32.20543 ], [ 35.16722, 32.20496 ], [ 35.16682, 32.20509 ], [ 35.16594, 32.20438 ], [ 35.16441, 32.20509 ], [ 35.16281, 32.20519 ], [ 35.16241, 32.20628 ], [ 35.16253, 32.20649 ], [ 35.16036, 32.20649 ], [ 35.15976, 32.20509 ], [ 35.15896, 32.20461 ], [ 35.15747, 32.20557 ], [ 35.15735, 32.20662 ], [ 35.15779, 32.20754 ], [ 35.15767, 32.20795 ], [ 35.15631, 32.20812 ], [ 35.15551, 32.20789 ], [ 35.15486, 32.20782 ], [ 35.15562, 32.20925 ], [ 35.15751, 32.20932 ], [ 35.15803, 32.21089 ], [ 35.1553, 32.21164 ], [ 35.15506, 32.21245 ], [ 35.15386, 32.21242 ], [ 35.15274, 32.21129 ], [ 35.15213, 32.21048 ], [ 35.15149, 32.21048 ], [ 35.15213, 32.21102 ], [ 35.15278, 32.21174 ], [ 35.15298, 32.21225 ], [ 35.15189, 32.21307 ], [ 35.15161, 32.21341 ], [ 35.15133, 32.21344 ], [ 35.15097, 32.21409 ], [ 35.15106, 32.21443 ], [ 35.1514, 32.21484 ], [ 35.15202, 32.21547 ], [ 35.15258, 32.21568 ], [ 35.15282, 32.21668 ], [ 35.15334, 32.21734 ], [ 35.15411, 32.21834 ], [ 35.15434, 32.21849 ], [ 35.15494, 32.21921 ], [ 35.15536, 32.21966 ], [ 35.15566, 32.21995 ], [ 35.1558, 32.22011 ], [ 35.15587, 32.22032 ], [ 35.15594, 32.22049 ], [ 35.15599, 32.22062 ], [ 35.15605, 32.2207 ], [ 35.15619, 32.22098 ], [ 35.15644, 32.22119 ], [ 35.15689, 32.22135 ], [ 35.15716, 32.22158 ], [ 35.15724, 32.22257 ], [ 35.15796, 32.22278 ], [ 35.15843, 32.22295 ], [ 35.15875, 32.22336 ], [ 35.15879, 32.22409 ], [ 35.159, 32.2245 ], [ 35.15952, 32.22487 ], [ 35.15999, 32.22505 ], [ 35.16049, 32.22521 ], [ 35.16096, 32.22583 ], [ 35.16105, 32.22626 ], [ 35.1611, 32.2267 ], [ 35.16136, 32.22734 ], [ 35.15992, 32.22745 ], [ 35.15957, 32.22793 ], [ 35.16135, 32.23005 ], [ 35.16204, 32.23112 ], [ 35.16288, 32.23226 ], [ 35.16429, 32.23307 ], [ 35.16492, 32.23301 ], [ 35.16624, 32.23257 ], [ 35.16689, 32.23189 ], [ 35.16713, 32.231 ], [ 35.16689, 32.23012 ], [ 35.16637, 32.22984 ], [ 35.16629, 32.22954 ], [ 35.16745, 32.22944 ], [ 35.16813, 32.22872 ] ] ] ] } },
{ "type": "Feature", "properties": { "OBJECTID": 134, "Id": 0, "Name": "אלון מורה", "NameEng": "Elon More", "ET_ID": 2189723, "GIS_ID": 3579.0, "Type": "Settlement", "Ideologica": "Religious", "Shape_Leng": 7461.3562117700003, "Shape_Area": 2043658.5987, "WKT": null, "DB_ID": 7.0, "Time": 1979, "X": 231745.71483300001, "Y": 682148.42215500004, "WKT_1": null, "WKT_ISR": null }, "geometry": { "type": "MultiPolygon", "coordinates": [ [ [ [ 35.34419, 32.23243 ], [ 35.3454, 32.23068 ], [ 35.34527, 32.23025 ], [ 35.34428, 32.23032 ], [ 35.34354, 32.22962 ], [ 35.34304, 32.22929 ], [ 35.34198, 32.22805 ], [ 35.34138, 32.2272 ], [ 35.33968, 32.22628 ], [ 35.3385, 32.22608 ], [ 35.33804, 32.22607 ], [ 35.33663, 32.22564 ], [ 35.33539, 32.22493 ], [ 35.3343, 32.22425 ], [ 35.33324, 32.22421 ], [ 35.3323, 32.22464 ], [ 35.33149, 32.22539 ], [ 35.33112, 32.22609 ], [ 35.3308, 32.22596 ], [ 35.33054, 32.22549 ], [ 35.33022, 32.22553 ], [ 35.33013, 32.22531 ], [ 35.33008, 32.22468 ], [ 35.32967, 32.22478 ], [ 35.32978, 32.22557 ], [ 35.33011, 32.22607 ], [ 35.33062, 32.22692 ], [ 35.33129, 32.22766 ], [ 35.33191, 32.22845 ], [ 35.33245, 32.22934 ], [ 35.33191, 32.2295 ], [ 35.33119, 32.22922 ], [ 35.33018, 32.22906 ], [ 35.329, 32.22927 ], [ 35.32778, 32.22988 ], [ 35.32737, 32.22961 ], [ 35.32673, 32.23079 ], [ 35.32673, 32.23129 ], [ 35.32664, 32.23225 ], [ 35.32708, 32.23291 ], [ 35.32777, 32.23333 ], [ 35.32806, 32.23456 ], [ 35.32825, 32.23543 ], [ 35.32862, 32.23624 ], [ 35.32851, 32.23666 ], [ 35.32818, 32.23739 ], [ 35.32814, 32.23845 ], [ 35.32831, 32.23925 ], [ 35.32877, 32.23963 ], [ 35.32899, 32.24005 ], [ 35.32923, 32.24099 ], [ 35.3299, 32.24157 ], [ 35.32959, 32.242 ], [ 35.32905, 32.24182 ], [ 35.32822, 32.24148 ], [ 35.32726, 32.24129 ], [ 35.32669, 32.24117 ], [ 35.32641, 32.24143 ], [ 35.32682, 32.2418 ], [ 35.32704, 32.24214 ], [ 35.32719, 32.24302 ], [ 35.32795, 32.24284 ], [ 35.32854, 32.24256 ], [ 35.32979, 32.24211 ], [ 35.33045, 32.24193 ], [ 35.33236, 32.24148 ], [ 35.334, 32.24022 ], [ 35.33564, 32.23921 ], [ 35.33682, 32.23917 ], [ 35.33748, 32.2386 ], [ 35.33882, 32.23816 ], [ 35.33984, 32.23733 ], [ 35.34071, 32.23585 ], [ 35.34112, 32.23463 ], [ 35.3423, 32.23354 ], [ 35.34338, 32.23288 ], [ 35.34357, 32.23253 ], [ 35.34419, 32.23243 ] ] ] ] } },
{ "type": "Feature", "properties": { "OBJECTID": 135, "Id": 0, "Name": "סלעית", "NameEng": "Sal'it", "ET_ID": 682156, "GIS_ID": 3567.0, "Type": "Settlement", "Ideologica": "No", "Shape_Leng": 5842.9447532300001, "Shape_Area": 907322.23028000002, "WKT": null, "DB_ID": 96.0, "Time": 1977, "X": 204713.38331400001, "Y": 683310.64029899996, "WKT_1": null, "WKT_ISR": null }, "geometry": { "type": "MultiPolygon", "coordinates": [ [ [ [ 35.04093, 32.24915 ], [ 35.04207, 32.24869 ], [ 35.04246, 32.2477 ], [ 35.04342, 32.24738 ], [ 35.04344, 32.24539 ], [ 35.04378, 32.24539 ], [ 35.04468, 32.24547 ], [ 35.0452, 32.2453 ], [ 35.04597, 32.24534 ], [ 35.0464, 32.24538 ], [ 35.04675, 32.24534 ], [ 35.0493, 32.24492 ], [ 35.05214, 32.24464 ], [ 35.05312, 32.24463 ], [ 35.05419, 32.24444 ], [ 35.05537, 32.24426 ], [ 35.05614, 32.24393 ], [ 35.05664, 32.24356 ], [ 35.05703, 32.24291 ], [ 35.05705, 32.24237 ], [ 35.05714, 32.24066 ], [ 35.05679, 32.24056 ], [ 35.05678, 32.24021 ], [ 35.05631, 32.23948 ], [ 35.05554, 32.23911 ], [ 35.05469, 32.23902 ], [ 35.05401, 32.23921 ], [ 35.053, 32.23871 ], [ 35.05274, 32.23854 ], [ 35.05215, 32.23875 ], [ 35.05062, 32.23923 ], [ 35.04899, 32.23986 ], [ 35.04785, 32.24017 ], [ 35.04702, 32.24108 ], [ 35.04678, 32.24173 ], [ 35.04656, 32.24254 ], [ 35.04625, 32.24306 ], [ 35.04584, 32.24345 ], [ 35.04525, 32.24378 ], [ 35.0444, 32.24371 ], [ 35.0437, 32.24365 ], [ 35.04346, 32.24324 ], [ 35.04336, 32.24294 ], [ 35.04314, 32.24286 ], [ 35.04305, 32.24238 ], [ 35.04266, 32.24179 ], [ 35.04257, 32.24018 ], [ 35.04189, 32.24035 ], [ 35.04131, 32.24044 ], [ 35.04087, 32.24055 ], [ 35.04095, 32.24131 ], [ 35.04113, 32.24216 ], [ 35.04126, 32.24311 ], [ 35.04145, 32.24383 ], [ 35.04006, 32.24452 ], [ 35.03904, 32.24624 ], [ 35.03904, 32.24689 ], [ 35.03756, 32.24803 ], [ 35.03762, 32.24891 ], [ 35.03886, 32.24915 ], [ 35.03906, 32.24885 ], [ 35.03971, 32.24886 ], [ 35.04093, 32.24915 ] ] ] ] } },
{ "type": "Feature", "properties": { "OBJECTID": 136, "Id": 0, "Name": "בקעות", "NameEng": "Bqa'ot", "ET_ID": 2461337, "GIS_ID": 3612.0, "Type": "Settlement", "Ideologica": "No", "Shape_Leng": 7507.8780011600002, "Shape_Area": 2461342.37965, "WKT": null, "DB_ID": 23.0, "Time": 1972, "X": 243228.831267, "Y": 683196.88017300004, "WKT_1": null, "WKT_ISR": null }, "geometry": { "type": "MultiPolygon", "coordinates": [ [ [ [ 35.44492, 32.24551 ], [ 35.4459, 32.24594 ], [ 35.44684, 32.24605 ], [ 35.44882, 32.24633 ], [ 35.44956, 32.2465 ], [ 35.44993, 32.24698 ], [ 35.4507, 32.24741 ], [ 35.45185, 32.24744 ], [ 35.45275, 32.24706 ], [ 35.4546, 32.24712 ], [ 35.45695, 32.24697 ], [ 35.45947, 32.24782 ], [ 35.46125, 32.24882 ], [ 35.4629, 32.2495 ], [ 35.4633, 32.24947 ], [ 35.46447, 32.24832 ], [ 35.46682, 32.24621 ], [ 35.46776, 32.24535 ], [ 35.46879, 32.24426 ], [ 35.46755, 32.24367 ], [ 35.46698, 32.24335 ], [ 35.46751, 32.24267 ], [ 35.46842, 32.24155 ], [ 35.46932, 32.24067 ], [ 35.46922, 32.24027 ], [ 35.46801, 32.23947 ], [ 35.46673, 32.2395 ], [ 35.46562, 32.23945 ], [ 35.46435, 32.23879 ], [ 35.46354, 32.23817 ], [ 35.46297, 32.23754 ], [ 35.46303, 32.23651 ], [ 35.46259, 32.23651 ], [ 35.46172, 32.23646 ], [ 35.46092, 32.23655 ], [ 35.46035, 32.2372 ], [ 35.45931, 32.23701 ], [ 35.45897, 32.23735 ], [ 35.45867, 32.23718 ], [ 35.45857, 32.23681 ], [ 35.4588, 32.23595 ], [ 35.45943, 32.23472 ], [ 35.45856, 32.23412 ], [ 35.45765, 32.2343 ], [ 35.45664, 32.23404 ], [ 35.45554, 32.23382 ], [ 35.4549, 32.23487 ], [ 35.454, 32.23596 ], [ 35.45363, 32.23602 ], [ 35.45245, 32.23608 ], [ 35.45105, 32.23728 ], [ 35.45021, 32.23791 ], [ 35.45014, 32.23856 ], [ 35.45051, 32.23933 ], [ 35.45018, 32.23968 ], [ 35.44927, 32.23962 ], [ 35.44746, 32.23951 ], [ 35.44581, 32.23931 ], [ 35.44424, 32.23955 ], [ 35.44296, 32.24 ], [ 35.44354, 32.24126 ], [ 35.44408, 32.24291 ], [ 35.44492, 32.24551 ] ] ] ] } },
{ "type": "Feature", "properties": { "OBJECTID": 137, "Id": 0, "Name": "חמדת", "NameEng": "Chemdat", "ET_ID": 246438, "GIS_ID": 3646.0, "Type": "Settlement", "Ideologica": "Religious", "Shape_Leng": 2356.2378481400001, "Shape_Area": 303725.55309100001, "WKT": null, "DB_ID": 43.0, "Time": 1980, "X": 249838.14886099999, "Y": 684251.79381599999, "WKT_1": null, "WKT_ISR": null }, "geometry": { "type": "MultiPolygon", "coordinates": [ [ [ [ 35.52632, 32.25401 ], [ 35.5267, 32.2548 ], [ 35.52711, 32.25491 ], [ 35.53027, 32.25368 ], [ 35.53038, 32.25274 ], [ 35.53015, 32.25157 ], [ 35.5298, 32.25127 ], [ 35.52912, 32.25017 ], [ 35.52869, 32.24928 ], [ 35.52811, 32.25015 ], [ 35.52801, 32.24975 ], [ 35.52705, 32.24914 ], [ 35.52528, 32.24844 ], [ 35.52428, 32.24847 ], [ 35.52323, 32.2489 ], [ 35.52338, 32.24966 ], [ 35.52336, 32.25033 ], [ 35.52387, 32.25176 ], [ 35.52451, 32.25249 ], [ 35.52544, 32.25282 ], [ 35.52612, 32.25305 ], [ 35.52597, 32.25336 ], [ 35.52632, 32.25401 ] ] ] ] } },
{ "type": "Feature", "properties": { "OBJECTID": 138, "Id": 0, "Name": "אזור תעשיה בר-און", "NameEng": "Kedumim Industrial Area", "ET_ID": 771169, "GIS_ID": 0.204, "Type": "Industrial Area", "Ideologica": "Industry", "Shape_Leng": 3394.5086034199999, "Shape_Area": 512931.22355, "WKT": null, "DB_ID": 155.0, "Time": 0, "X": 216103.75902299999, "Y": 683611.7849, "WKT_1": null, "WKT_ISR": null }, "geometry": { "type": "MultiPolygon", "coordinates": [ [ [ [ 35.16608, 32.25177 ], [ 35.16655, 32.2521 ], [ 35.16742, 32.25227 ], [ 35.16813, 32.25217 ], [ 35.16854, 32.25218 ], [ 35.16888, 32.25181 ], [ 35.16906, 32.25153 ], [ 35.16918, 32.25129 ], [ 35.16929, 32.25108 ], [ 35.16935, 32.25073 ], [ 35.16962, 32.24998 ], [ 35.17037, 32.24919 ], [ 35.17082, 32.24851 ], [ 35.17105, 32.24788 ], [ 35.17123, 32.24712 ], [ 35.17123, 32.24658 ], [ 35.17159, 32.24582 ], [ 35.17153, 32.24486 ], [ 35.17144, 32.2442 ], [ 35.17144, 32.24328 ], [ 35.17135, 32.24245 ], [ 35.17112, 32.24181 ], [ 35.17112, 32.24113 ], [ 35.17138, 32.24037 ], [ 35.17139, 32.23956 ], [ 35.1707, 32.23913 ], [ 35.17004, 32.23882 ], [ 35.16933, 32.23991 ], [ 35.16885, 32.24075 ], [ 35.16808, 32.24209 ], [ 35.16781, 32.2428 ], [ 35.16733, 32.24358 ], [ 35.16691, 32.24513 ], [ 35.16653, 32.24629 ], [ 35.16614, 32.24776 ], [ 35.16587, 32.24946 ], [ 35.16575, 32.25095 ], [ 35.16608, 32.25177 ] ] ] ] } },
{ "type": "Feature", "properties": { "OBJECTID": 139, "Id": 0, "Name": "רועי", "NameEng": "Ro'i", "ET_ID": 1380096, "GIS_ID": 3619.0, "Type": "Settlement", "Ideologica": "No", "Shape_Leng": 5948.0933983599998, "Shape_Area": 1380096.23695, "WKT": null, "DB_ID": 121.0, "Time": 1976, "X": 245781.063482, "Y": 684074.17474699998, "WKT_1": null, "WKT_ISR": null }, "geometry": { "type": "MultiPolygon", "coordinates": [ [ [ [ 35.48309, 32.26201 ], [ 35.48422, 32.26078 ], [ 35.48559, 32.25953 ], [ 35.48579, 32.25863 ], [ 35.48486, 32.25664 ], [ 35.4846, 32.25594 ], [ 35.48617, 32.25503 ], [ 35.48596, 32.25374 ], [ 35.4858, 32.25236 ], [ 35.48652, 32.2517 ], [ 35.48822, 32.25023 ], [ 35.48896, 32.24964 ], [ 35.48994, 32.24836 ], [ 35.49187, 32.24731 ], [ 35.49104, 32.2461 ], [ 35.49006, 32.2454 ], [ 35.48939, 32.24499 ], [ 35.48892, 32.24433 ], [ 35.48743, 32.24451 ], [ 35.48683, 32.24355 ], [ 35.48595, 32.2437 ], [ 35.48548, 32.2428 ], [ 35.48368, 32.24325 ], [ 35.4828, 32.24288 ], [ 35.48211, 32.24303 ], [ 35.48125, 32.2433 ], [ 35.48043, 32.24328 ], [ 35.47958, 32.24323 ], [ 35.47919, 32.24328 ], [ 35.47816, 32.2433 ], [ 35.47746, 32.24385 ], [ 35.4777, 32.24556 ], [ 35.47835, 32.24663 ], [ 35.47908, 32.24828 ], [ 35.48006, 32.25064 ], [ 35.48056, 32.25154 ], [ 35.47958, 32.252 ], [ 35.48005, 32.25363 ], [ 35.48051, 32.25454 ], [ 35.48101, 32.25651 ], [ 35.48156, 32.25897 ], [ 35.48231, 32.26076 ], [ 35.48309, 32.26201 ] ] ] ] } },
{ "type": "Feature", "properties": { "OBJECTID": 140, "Id": 0, "Name": "שבי שומרון", "NameEng": "Shavei Shomron", "ET_ID": 940604, "GIS_ID": 3571.0, "Type": "Settlement", "Ideologica": "Religious", "Shape_Leng": 4728.9290976299999, "Shape_Area": 893959.42764899996, "WKT": null, "DB_ID": 127.0, "Time": 1977, "X": 217447.45148600001, "Y": 685571.27288599999, "WKT_1": null, "WKT_ISR": null }, "geometry": { "type": "MultiPolygon", "coordinates": [ [ [ [ 35.18076, 32.26581 ], [ 35.18013, 32.26673 ], [ 35.18066, 32.26728 ], [ 35.18148, 32.26728 ], [ 35.18194, 32.26804 ], [ 35.18326, 32.26839 ], [ 35.18478, 32.26877 ], [ 35.18721, 32.26867 ], [ 35.18787, 32.26798 ], [ 35.18816, 32.26734 ], [ 35.18795, 32.26655 ], [ 35.18844, 32.26592 ], [ 35.18848, 32.26516 ], [ 35.18768, 32.26398 ], [ 35.18747, 32.26333 ], [ 35.18747, 32.26224 ], [ 35.18749, 32.25956 ], [ 35.18657, 32.25817 ], [ 35.1852, 32.25855 ], [ 35.1835, 32.25861 ], [ 35.18247, 32.25895 ], [ 35.18049, 32.25913 ], [ 35.17957, 32.26142 ], [ 35.17993, 32.26227 ], [ 35.17991, 32.26272 ], [ 35.17925, 32.26333 ], [ 35.17896, 32.26371 ], [ 35.17861, 32.26412 ], [ 35.17794, 32.26427 ], [ 35.1762, 32.26439 ], [ 35.17537, 32.26471 ], [ 35.17475, 32.26445 ], [ 35.17392, 32.26445 ], [ 35.17301, 32.2648 ], [ 35.17293, 32.26507 ], [ 35.17407, 32.26534 ], [ 35.17459, 32.26534 ], [ 35.17512, 32.26557 ], [ 35.17533, 32.26581 ], [ 35.17589, 32.26628 ], [ 35.17814, 32.26635 ], [ 35.17988, 32.26622 ], [ 35.18036, 32.26575 ], [ 35.18076, 32.26581 ] ] ] ] } },
{ "type": "Feature", "properties": { "OBJECTID": 141, "Id": 0, "Name": "ענב", "NameEng": "Enav", "ET_ID": 989220, "GIS_ID": 3712.0, "Type": "Settlement", "Ideologica": "Religious", "Shape_Leng": 3683.3223665, "Shape_Area": 730400.77709, "WKT": null, "DB_ID": 104.0, "Time": 1981, "X": 211977.188543, "Y": 687902.95076299994, "WKT_1": null, "WKT_ISR": null }, "geometry": { "type": "MultiPolygon", "coordinates": [ [ [ [ 35.12641, 32.2895 ], [ 35.12773, 32.28902 ], [ 35.12774, 32.28816 ], [ 35.12813, 32.2871 ], [ 35.1293, 32.28671 ], [ 35.13059, 32.2852 ], [ 35.13011, 32.28442 ], [ 35.12992, 32.28395 ], [ 35.12951, 32.28349 ], [ 35.12884, 32.28277 ], [ 35.12842, 32.2822 ], [ 35.12796, 32.28169 ], [ 35.12732, 32.28112 ], [ 35.12688, 32.28053 ], [ 35.12642, 32.28018 ], [ 35.12594, 32.27971 ], [ 35.12545, 32.27946 ], [ 35.12492, 32.27953 ], [ 35.12395, 32.28012 ], [ 35.12321, 32.28057 ], [ 35.12319, 32.28054 ], [ 35.12314, 32.28057 ], [ 35.12295, 32.28062 ], [ 35.12296, 32.28063 ], [ 35.12225, 32.2811 ], [ 35.12139, 32.28171 ], [ 35.12005, 32.28345 ], [ 35.12005, 32.28462 ], [ 35.12111, 32.28641 ], [ 35.12205, 32.28747 ], [ 35.1224, 32.28833 ], [ 35.12198, 32.28909 ], [ 35.12224, 32.28947 ], [ 35.12265, 32.28954 ], [ 35.12295, 32.28929 ], [ 35.12314, 32.28874 ], [ 35.12325, 32.28856 ], [ 35.12415, 32.28941 ], [ 35.1248, 32.28986 ], [ 35.12521, 32.2906 ], [ 35.12558, 32.29072 ], [ 35.12597, 32.29066 ], [ 35.12602, 32.29013 ], [ 35.12586, 32.28957 ], [ 35.12597, 32.28923 ], [ 35.12634, 32.28935 ], [ 35.12641, 32.2895 ] ] ] ] } },
{ "type": "Feature", "properties": { "OBJECTID": 142, "Id": 0, "Name": "משכיות", "NameEng": "Maskiyot", "ET_ID": 39280, "GIS_ID": 3785.0, "Type": "Settlement", "Ideologica": "Religious", "Shape_Leng": 2461.2944393299999, "Shape_Area": 402752.28157400002, "WKT": null, "DB_ID": 80.0, "Time": 2008, "X": 247600.62079799999, "Y": 691661.87859199999, "WKT_1": null, "WKT_ISR": null }, "geometry": { "type": "MultiPolygon", "coordinates": [ [ [ [ 35.50704, 32.31842 ], [ 35.5069, 32.31773 ], [ 35.50628, 32.31701 ], [ 35.50525, 32.31574 ], [ 35.50394, 32.31513 ], [ 35.50237, 32.31479 ], [ 35.50127, 32.31455 ], [ 35.50095, 32.31509 ], [ 35.5003, 32.31636 ], [ 35.49987, 32.31725 ], [ 35.4997, 32.31758 ], [ 35.49954, 32.31865 ], [ 35.50022, 32.31939 ], [ 35.50125, 32.32035 ], [ 35.50248, 32.32136 ], [ 35.50382, 32.32239 ], [ 35.50431, 32.32242 ], [ 35.50514, 32.32201 ], [ 35.50604, 32.3219 ], [ 35.50609, 32.32101 ], [ 35.50593, 32.3202 ], [ 35.50584, 32.31991 ], [ 35.50661, 32.31914 ], [ 35.50704, 32.31842 ] ] ] ] } },
{ "type": "Feature", "properties": { "OBJECTID": 143, "Id": 0, "Name": "רותם", "NameEng": "Rotem", "ET_ID": 29015, "GIS_ID": 3782.0, "Type": "Settlement", "Ideologica": "No", "Shape_Leng": 3434.29061112, "Shape_Area": 349132.42096399999, "WKT": null, "DB_ID": 122.0, "Time": 2001, "X": 249064.668049, "Y": 693679.10456600005, "WKT_1": null, "WKT_ISR": null }, "geometry": { "type": "MultiPolygon", "coordinates": [ [ [ [ 35.52319, 32.33645 ], [ 35.52369, 32.33503 ], [ 35.52278, 32.33452 ], [ 35.52047, 32.33473 ], [ 35.51952, 32.33263 ], [ 35.51755, 32.33315 ], [ 35.51733, 32.33377 ], [ 35.51818, 32.33475 ], [ 35.51692, 32.33571 ], [ 35.51593, 32.33572 ], [ 35.51502, 32.33488 ], [ 35.51362, 32.33531 ], [ 35.51525, 32.33746 ], [ 35.51708, 32.33749 ], [ 35.51754, 32.33758 ], [ 35.51754, 32.33798 ], [ 35.51756, 32.33886 ], [ 35.51799, 32.34008 ], [ 35.51887, 32.34062 ], [ 35.51965, 32.34077 ], [ 35.52043, 32.34067 ], [ 35.52112, 32.33997 ], [ 35.52037, 32.33886 ], [ 35.51983, 32.33787 ], [ 35.52008, 32.33738 ], [ 35.52103, 32.33704 ], [ 35.52151, 32.33662 ], [ 35.52319, 32.33645 ] ] ] ] } },
{ "type": "Feature", "properties": { "OBJECTID": 144, "Id": 0, "Name": "שדמות מחולה", "NameEng": "Shadmot Mehola", "ET_ID": 1098681, "GIS_ID": 3578.0, "Type": "Settlement", "Ideologica": "No", "Shape_Leng": 5971.9857136299997, "Shape_Area": 1208595.3169799999, "WKT": null, "DB_ID": 128.0, "Time": 1979, "X": 250559.07517200001, "Y": 694866.10179099999, "WKT_1": null, "WKT_ISR": null }, "geometry": { "type": "MultiPolygon", "coordinates": [ [ [ [ 35.53588, 32.34917 ], [ 35.53608, 32.34876 ], [ 35.5369, 32.34866 ], [ 35.53725, 32.34825 ], [ 35.53801, 32.34802 ], [ 35.53945, 32.34903 ], [ 35.53983, 32.34817 ], [ 35.54035, 32.34709 ], [ 35.54077, 32.34577 ], [ 35.54152, 32.34491 ], [ 35.54216, 32.34442 ], [ 35.54243, 32.34291 ], [ 35.5416, 32.34245 ], [ 35.54066, 32.34183 ], [ 35.54009, 32.34173 ], [ 35.53951, 32.34153 ], [ 35.53902, 32.34152 ], [ 35.53855, 32.34147 ], [ 35.53793, 32.34122 ], [ 35.53768, 32.34091 ], [ 35.5372, 32.34058 ], [ 35.53613, 32.34019 ], [ 35.53534, 32.34004 ], [ 35.53407, 32.33992 ], [ 35.53327, 32.34069 ], [ 35.53313, 32.34172 ], [ 35.53325, 32.34273 ], [ 35.53281, 32.34295 ], [ 35.53156, 32.34407 ], [ 35.53054, 32.34508 ], [ 35.52984, 32.34561 ], [ 35.52931, 32.34563 ], [ 35.52873, 32.34647 ], [ 35.52803, 32.34717 ], [ 35.52795, 32.34774 ], [ 35.52839, 32.34852 ], [ 35.52892, 32.34924 ], [ 35.52975, 32.35025 ], [ 35.53096, 32.35096 ], [ 35.53151, 32.35064 ], [ 35.53366, 32.34955 ], [ 35.53366, 32.34993 ], [ 35.53366, 32.35031 ], [ 35.53278, 32.35108 ], [ 35.53196, 32.35245 ], [ 35.53148, 32.35362 ], [ 35.53114, 32.3544 ], [ 35.53052, 32.35559 ], [ 35.53064, 32.35603 ], [ 35.531, 32.35641 ], [ 35.53139, 32.35685 ], [ 35.53169, 32.35714 ], [ 35.53204, 32.35716 ], [ 35.5328, 32.35685 ], [ 35.53389, 32.35625 ], [ 35.53413, 32.35611 ], [ 35.53513, 32.35451 ], [ 35.53559, 32.35318 ], [ 35.53599, 32.35176 ], [ 35.53588, 32.34917 ] ] ] ] } },
{ "type": "Feature", "properties": { "OBJECTID": 145, "Id": 0, "Name": "מחולה", "NameEng": "Mechola", "ET_ID": 800352, "GIS_ID": 3599.0, "Type": "Settlement", "Ideologica": "Religious", "Shape_Leng": 2347.2716862000002, "Shape_Area": 308092.89457900001, "WKT": null, "DB_ID": 67.0, "Time": 1968, "X": 248752.24314400001, "Y": 696882.74815300002, "WKT_1": null, "WKT_ISR": null }, "geometry": { "type": "MultiPolygon", "coordinates": [ [ [ [ 35.51987, 32.3654 ], [ 35.52006, 32.36369 ], [ 35.51929, 32.36283 ], [ 35.51727, 32.36307 ], [ 35.51708, 32.36273 ], [ 35.51584, 32.36309 ], [ 35.5154, 32.36305 ], [ 35.51416, 32.36345 ], [ 35.51357, 32.36413 ], [ 35.51268, 32.36509 ], [ 35.51253, 32.36552 ], [ 35.51262, 32.36598 ], [ 35.51177, 32.36694 ], [ 35.5115, 32.36802 ], [ 35.51244, 32.36887 ], [ 35.51271, 32.36875 ], [ 35.51703, 32.36667 ], [ 35.51963, 32.36551 ], [ 35.51987, 32.3654 ] ] ] ] } },
{ "type": "Feature", "properties": { "OBJECTID": 146, "Id": 0, "Name": "מבוא דותן", "NameEng": "Mevo Dotan", "ET_ID": 827878, "GIS_ID": 3569.0, "Type": "Settlement", "Ideologica": "mixed", "Shape_Leng": 3920.0612207099998, "Shape_Area": 827878.49325000006, "WKT": null, "DB_ID": 62.0, "Time": 1978, "X": 216730.749289, "Y": 702903.44521499996, "WKT_1": null, "WKT_ISR": null }, "geometry": { "type": "MultiPolygon", "coordinates": [ [ [ [ 35.17025, 32.4172 ], [ 35.1697, 32.41744 ], [ 35.16876, 32.418 ], [ 35.1679, 32.41866 ], [ 35.16761, 32.41946 ], [ 35.16721, 32.42026 ], [ 35.16781, 32.42131 ], [ 35.16881, 32.42186 ], [ 35.16981, 32.42259 ], [ 35.17079, 32.4231 ], [ 35.1721, 32.42322 ], [ 35.17345, 32.42325 ], [ 35.17477, 32.42298 ], [ 35.17646, 32.42257 ], [ 35.17806, 32.42213 ], [ 35.17972, 32.42218 ], [ 35.18129, 32.42221 ], [ 35.18267, 32.42221 ], [ 35.18387, 32.42189 ], [ 35.18436, 32.42116 ], [ 35.18462, 32.42048 ], [ 35.18422, 32.41963 ], [ 35.18373, 32.41903 ], [ 35.18301, 32.41854 ], [ 35.1821, 32.41825 ], [ 35.18035, 32.41859 ], [ 35.18029, 32.41827 ], [ 35.17978, 32.41757 ], [ 35.17829, 32.41742 ], [ 35.17594, 32.41728 ], [ 35.17477, 32.41725 ], [ 35.1742, 32.41725 ], [ 35.17305, 32.41723 ], [ 35.17188, 32.41715 ], [ 35.17087, 32.4172 ], [ 35.17025, 32.4172 ] ] ] ] } },
{ "type": "Feature", "properties": { "OBJECTID": 147, "Id": 0, "Name": "מעוז צבי", "NameEng": "Maoz Zvi", "ET_ID": 18348, "GIS_ID": 0.058, "Type": "Outpost", "Ideologica": "Ideological", "Shape_Leng": 1119.9130216200001, "Shape_Area": 85105.202681800001, "WKT": null, "DB_ID": 281.0, "Time": 2001, "X": 215731.10700799999, "Y": 703384.54977399996, "WKT_1": null, "WKT_ISR": null }, "geometry": { "type": "MultiPolygon", "coordinates": [ [ [ [ 35.16489, 32.42271 ], [ 35.16421, 32.42247 ], [ 35.16356, 32.42313 ], [ 35.1634, 32.42401 ], [ 35.16343, 32.42486 ], [ 35.16386, 32.42553 ], [ 35.16442, 32.42602 ], [ 35.16453, 32.42624 ], [ 35.1647, 32.42641 ], [ 35.16528, 32.42616 ], [ 35.16595, 32.42554 ], [ 35.16648, 32.42522 ], [ 35.16632, 32.42392 ], [ 35.16489, 32.42271 ] ] ] ] } },
{ "type": "Feature", "properties": { "OBJECTID": 148, "Id": 0, "Name": "חרמש", "NameEng": "Hermesh", "ET_ID": 459519, "GIS_ID": 3717.0, "Type": "Settlement", "Ideologica": "No", "Shape_Leng": 2545.79769351, "Shape_Area": 459519.7194, "WKT": null, "DB_ID": 45.0, "Time": 1982, "X": 211389.95495799999, "Y": 703292.81273100001, "WKT_1": null, "WKT_ISR": null }, "geometry": { "type": "MultiPolygon", "coordinates": [ [ [ [ 35.11735, 32.42615 ], [ 35.1178, 32.42619 ], [ 35.11812, 32.42626 ], [ 35.11876, 32.42646 ], [ 35.11934, 32.4266 ], [ 35.12008, 32.4268 ], [ 35.12056, 32.42676 ], [ 35.12101, 32.4266 ], [ 35.12143, 32.42647 ], [ 35.12175, 32.42631 ], [ 35.1221, 32.4262 ], [ 35.12225, 32.42597 ], [ 35.12263, 32.42593 ], [ 35.12302, 32.42563 ], [ 35.12324, 32.42541 ], [ 35.12347, 32.42512 ], [ 35.12355, 32.4248 ], [ 35.12363, 32.42444 ], [ 35.12353, 32.42404 ], [ 35.12342, 32.4237 ], [ 35.1231, 32.42352 ], [ 35.12279, 32.42339 ], [ 35.12263, 32.42316 ], [ 35.12234, 32.42292 ], [ 35.1221, 32.42271 ], [ 35.12194, 32.42247 ], [ 35.12173, 32.42231 ], [ 35.1216, 32.42202 ], [ 35.12138, 32.42188 ], [ 35.12128, 32.42168 ], [ 35.12104, 32.42146 ], [ 35.12075, 32.42123 ], [ 35.12048, 32.42101 ], [ 35.12014, 32.42094 ], [ 35.11974, 32.4208 ], [ 35.11937, 32.42074 ], [ 35.11898, 32.42067 ], [ 35.11863, 32.42062 ], [ 35.11839, 32.42044 ], [ 35.11808, 32.42031 ], [ 35.11789, 32.42013 ], [ 35.11757, 32.42006 ], [ 35.11739, 32.41999 ], [ 35.11712, 32.41995 ], [ 35.11688, 32.41999 ], [ 35.11662, 32.42006 ], [ 35.11641, 32.42017 ], [ 35.11617, 32.42035 ], [ 35.11604, 32.42049 ], [ 35.11588, 32.42062 ], [ 35.11566, 32.42071 ], [ 35.11556, 32.42085 ], [ 35.11537, 32.42093 ], [ 35.11516, 32.42111 ], [ 35.11498, 32.42129 ], [ 35.11482, 32.4215 ], [ 35.11468, 32.42168 ], [ 35.11463, 32.4219 ], [ 35.11458, 32.4221 ], [ 35.11452, 32.42226 ], [ 35.11444, 32.42242 ], [ 35.11442, 32.42266 ], [ 35.11436, 32.42298 ], [ 35.11436, 32.4232 ], [ 35.11434, 32.42356 ], [ 35.11439, 32.42381 ], [ 35.11444, 32.42412 ], [ 35.11455, 32.42437 ], [ 35.11468, 32.42466 ], [ 35.11479, 32.42482 ], [ 35.11492, 32.425 ], [ 35.1151, 32.42516 ], [ 35.11532, 32.42543 ], [ 35.11555, 32.42563 ], [ 35.11587, 32.42581 ], [ 35.11624, 32.42601 ], [ 35.11651, 32.42608 ], [ 35.11693, 32.42608 ], [ 35.11735, 32.42615 ] ] ] ] } },
{ "type": "Feature", "properties": { "OBJECTID": 149, "Id": 0, "Name": "ריחן", "NameEng": "Reihan", "ET_ID": 401347, "GIS_ID": 3568.0, "Type": "Settlement", "Ideologica": "No", "Shape_Leng": 3770.7306863700001, "Shape_Area": 459406.87891899998, "WKT": null, "DB_ID": 124.0, "Time": 1977, "X": 213121.590321, "Y": 708401.16287, "WKT_1": null, "WKT_ISR": null }, "geometry": { "type": "MultiPolygon", "coordinates": [ [ [ [ 35.14295, 32.47193 ], [ 35.14293, 32.47136 ], [ 35.14313, 32.47081 ], [ 35.14204, 32.4704 ], [ 35.14045, 32.46942 ], [ 35.13966, 32.46904 ], [ 35.13982, 32.46709 ], [ 35.13944, 32.46712 ], [ 35.13833, 32.46704 ], [ 35.13831, 32.46752 ], [ 35.13818, 32.46769 ], [ 35.13811, 32.46725 ], [ 35.13786, 32.46658 ], [ 35.13736, 32.46619 ], [ 35.13601, 32.46596 ], [ 35.13508, 32.46578 ], [ 35.13444, 32.46595 ], [ 35.13433, 32.46654 ], [ 35.13459, 32.46691 ], [ 35.13487, 32.46723 ], [ 35.13487, 32.46737 ], [ 35.13428, 32.46742 ], [ 35.13376, 32.46808 ], [ 35.13327, 32.4689 ], [ 35.13236, 32.4691 ], [ 35.1313, 32.46934 ], [ 35.13041, 32.46984 ], [ 35.12981, 32.47093 ], [ 35.13063, 32.47137 ], [ 35.13158, 32.47159 ], [ 35.13215, 32.47146 ], [ 35.13366, 32.47062 ], [ 35.13565, 32.47003 ], [ 35.13616, 32.47015 ], [ 35.13664, 32.47053 ], [ 35.13749, 32.47163 ], [ 35.13811, 32.47161 ], [ 35.13835, 32.47222 ], [ 35.13938, 32.47274 ], [ 35.14059, 32.47309 ], [ 35.14168, 32.47301 ], [ 35.14251, 32.47269 ], [ 35.14295, 32.47193 ] ] ] ] } },
{ "type": "Feature", "properties": { "OBJECTID": 150, "Id": 0, "Name": "שקד", "NameEng": "Shaked", "ET_ID": 404176, "GIS_ID": 3649.0, "Type": "Settlement", "Ideologica": "No", "Shape_Leng": 3327.7645139599999, "Shape_Area": 498795.11635800003, "WKT": null, "DB_ID": 133.0, "Time": 1981, "X": 216066.43411900001, "Y": 708893.156831, "WKT_1": null, "WKT_ISR": null }, "geometry": { "type": "MultiPolygon", "coordinates": [ [ [ [ 35.16471, 32.4783 ], [ 35.16614, 32.47777 ], [ 35.16713, 32.47744 ], [ 35.16701, 32.47678 ], [ 35.16741, 32.47675 ], [ 35.16815, 32.47657 ], [ 35.16918, 32.47632 ], [ 35.16995, 32.47618 ], [ 35.17103, 32.47599 ], [ 35.17172, 32.47561 ], [ 35.17277, 32.47507 ], [ 35.17324, 32.47442 ], [ 35.1733, 32.4738 ], [ 35.1732, 32.47313 ], [ 35.17312, 32.47305 ], [ 35.17322, 32.4727 ], [ 35.17314, 32.47204 ], [ 35.17292, 32.47144 ], [ 35.17214, 32.47075 ], [ 35.17182, 32.4703 ], [ 35.17154, 32.47039 ], [ 35.17107, 32.47043 ], [ 35.17026, 32.47061 ], [ 35.16961, 32.47095 ], [ 35.16939, 32.47116 ], [ 35.16873, 32.47127 ], [ 35.16847, 32.4714 ], [ 35.16832, 32.47167 ], [ 35.16701, 32.4718 ], [ 35.16611, 32.47227 ], [ 35.16546, 32.4722 ], [ 35.16463, 32.47225 ], [ 35.16405, 32.47245 ], [ 35.16363, 32.47326 ], [ 35.16363, 32.4736 ], [ 35.16383, 32.47454 ], [ 35.16484, 32.47563 ], [ 35.16544, 32.47545 ], [ 35.16545, 32.47564 ], [ 35.16405, 32.47695 ], [ 35.16282, 32.47792 ], [ 35.16388, 32.47821 ], [ 35.16414, 32.47796 ], [ 35.16471, 32.4783 ] ] ] ] } },
{ "type": "Feature", "properties": { "OBJECTID": 151, "Id": 0, "Name": "אזור תעשיה שחק", "NameEng": "Shahak Industrial Area", "ET_ID": 339498, "GIS_ID": 0.205, "Type": "Industrial Area", "Ideologica": "Industry", "Shape_Leng": 3599.34783625, "Shape_Area": 438620.57763000001, "WKT": null, "DB_ID": 157.0, "Time": 0, "X": 217158.00902100001, "Y": 708999.09138899995, "WKT_1": null, "WKT_ISR": null }, "geometry": { "type": "MultiPolygon", "coordinates": [ [ [ [ 35.184, 32.47506 ], [ 35.18226, 32.47446 ], [ 35.18226, 32.47444 ], [ 35.18149, 32.47368 ], [ 35.18047, 32.47296 ], [ 35.18042, 32.4724 ], [ 35.17969, 32.47214 ], [ 35.17844, 32.47147 ], [ 35.17743, 32.47132 ], [ 35.17531, 32.47142 ], [ 35.17464, 32.47158 ], [ 35.17424, 32.47233 ], [ 35.17418, 32.47295 ], [ 35.17394, 32.4743 ], [ 35.17446, 32.47477 ], [ 35.17541, 32.47474 ], [ 35.17604, 32.47483 ], [ 35.17671, 32.47484 ], [ 35.17704, 32.47469 ], [ 35.17771, 32.47558 ], [ 35.17849, 32.47583 ], [ 35.17932, 32.47556 ], [ 35.17957, 32.47503 ], [ 35.18003, 32.47488 ], [ 35.18071, 32.47482 ], [ 35.18091, 32.47511 ], [ 35.18126, 32.47557 ], [ 35.18102, 32.47597 ], [ 35.18001, 32.47677 ], [ 35.18074, 32.47723 ], [ 35.18095, 32.47755 ], [ 35.18183, 32.47854 ], [ 35.18261, 32.47919 ], [ 35.18369, 32.47986 ], [ 35.18418, 32.47988 ], [ 35.18483, 32.47961 ], [ 35.18561, 32.47904 ], [ 35.18578, 32.47821 ], [ 35.18511, 32.47736 ], [ 35.184, 32.47506 ] ] ] ] } },
{ "type": "Feature", "properties": { "OBJECTID": 152, "Id": 0, "Name": "חיננית", "NameEng": "Hinanit", "ET_ID": 761319, "GIS_ID": 3643.0, "Type": "Settlement", "Ideologica": "No", "Shape_Leng": 3406.3963097199999, "Shape_Area": 621837.277566, "WKT": null, "DB_ID": 41.0, "Time": 1981, "X": 216511.188181, "Y": 709574.94461600005, "WKT_1": null, "WKT_ISR": null }, "geometry": { "type": "MultiPolygon", "coordinates": [ [ [ [ 35.16603, 32.48066 ], [ 35.1662, 32.48092 ], [ 35.16669, 32.48125 ], [ 35.16804, 32.48161 ], [ 35.16864, 32.48171 ], [ 35.16944, 32.48176 ], [ 35.17056, 32.48141 ], [ 35.17065, 32.4816 ], [ 35.17107, 32.48203 ], [ 35.17119, 32.48232 ], [ 35.17116, 32.48272 ], [ 35.17142, 32.48333 ], [ 35.17146, 32.48335 ], [ 35.17255, 32.48397 ], [ 35.17354, 32.484 ], [ 35.17461, 32.48407 ], [ 35.17575, 32.48381 ], [ 35.17649, 32.48333 ], [ 35.17741, 32.48269 ], [ 35.17792, 32.48172 ], [ 35.17808, 32.48134 ], [ 35.17843, 32.48024 ], [ 35.17906, 32.47995 ], [ 35.17798, 32.47935 ], [ 35.178, 32.47871 ], [ 35.17769, 32.47788 ], [ 35.17675, 32.47735 ], [ 35.17589, 32.47711 ], [ 35.17444, 32.47715 ], [ 35.17362, 32.47729 ], [ 35.17319, 32.47726 ], [ 35.17201, 32.47667 ], [ 35.17063, 32.47689 ], [ 35.17, 32.47723 ], [ 35.16922, 32.47818 ], [ 35.16847, 32.47929 ], [ 35.16814, 32.47903 ], [ 35.1677, 32.47894 ], [ 35.16739, 32.47921 ], [ 35.1673, 32.47961 ], [ 35.16689, 32.47969 ], [ 35.16619, 32.47983 ], [ 35.16619, 32.48052 ], [ 35.16603, 32.48066 ] ] ] ] } },
{ "type": "Feature", "properties": { "OBJECTID": 153, "Id": 0, "Name": "טל מנשה", "NameEng": "Tal Menashe", "ET_ID": 311708, "GIS_ID": 0.135, "Type": "Settlement", "Ideologica": "Religious", "Shape_Leng": 2409.47036686, "Shape_Area": 295952.49725199997, "WKT": null, "DB_ID": 47.0, "Time": 1983, "X": 215301.01094899999, "Y": 709798.34125299996, "WKT_1": null, "WKT_ISR": null }, "geometry": { "type": "MultiPolygon", "coordinates": [ [ [ [ 35.15707, 32.48142 ], [ 35.15707, 32.48172 ], [ 35.15684, 32.48192 ], [ 35.15688, 32.48191 ], [ 35.15671, 32.48213 ], [ 35.15664, 32.48242 ], [ 35.1567, 32.48298 ], [ 35.15727, 32.48305 ], [ 35.15777, 32.48308 ], [ 35.158, 32.48329 ], [ 35.15819, 32.48413 ], [ 35.15836, 32.48455 ], [ 35.15921, 32.4847 ], [ 35.16009, 32.48478 ], [ 35.16086, 32.48485 ], [ 35.16161, 32.4851 ], [ 35.16213, 32.48528 ], [ 35.16338, 32.48475 ], [ 35.16376, 32.48449 ], [ 35.16404, 32.48428 ], [ 35.1642, 32.48384 ], [ 35.16394, 32.48346 ], [ 35.16283, 32.48302 ], [ 35.1627, 32.48227 ], [ 35.16214, 32.48192 ], [ 35.16148, 32.48117 ], [ 35.16174, 32.47994 ], [ 35.16177, 32.47897 ], [ 35.16119, 32.47881 ], [ 35.15953, 32.47901 ], [ 35.15821, 32.4795 ], [ 35.15842, 32.48012 ], [ 35.15752, 32.48063 ], [ 35.15748, 32.48141 ], [ 35.15707, 32.48142 ] ] ] ] } },
{ "type": "Feature", "properties": { "OBJECTID": 154, "Id": 0, "Name": "קרית ארבע", "NameEng": "Kiryat Arba", "ET_ID": 1719931, "GIS_ID": 3611.0, "Type": "Settlement", "Ideologica": "Religious", "Shape_Leng": 12687.452782, "Shape_Area": 1816271.2648100001, "WKT": null, "DB_ID": 116.0, "Time": 1972, "X": 211570.39365400001, "Y": 604926.01573400002, "WKT_1": null, "WKT_ISR": null }, "geometry": { "type": "MultiPolygon", "coordinates": [ [ [ [ 35.12386, 31.5265 ], [ 35.12357, 31.52637 ], [ 35.12357, 31.52638 ], [ 35.12323, 31.5264 ], [ 35.12271, 31.52618 ], [ 35.12243, 31.5262 ], [ 35.12209, 31.5264 ], [ 35.12175, 31.52642 ], [ 35.12128, 31.52631 ], [ 35.12118, 31.52628 ], [ 35.12082, 31.52633 ], [ 35.12042, 31.52637 ], [ 35.12013, 31.52611 ], [ 35.11973, 31.526 ], [ 35.11949, 31.52632 ], [ 35.11892, 31.52608 ], [ 35.1185, 31.52613 ], [ 35.11815, 31.52601 ], [ 35.11757, 31.52554 ], [ 35.11721, 31.52538 ], [ 35.11697, 31.52523 ], [ 35.11666, 31.52516 ], [ 35.11631, 31.52508 ], [ 35.11601, 31.52501 ], [ 35.11582, 31.52517 ], [ 35.11564, 31.52525 ], [ 35.1156, 31.52541 ], [ 35.11579, 31.52545 ], [ 35.11567, 31.52575 ], [ 35.11578, 31.52583 ], [ 35.11602, 31.52603 ], [ 35.11602, 31.5267 ], [ 35.11589, 31.52676 ], [ 35.11553, 31.52692 ], [ 35.11549, 31.52809 ], [ 35.11503, 31.52899 ], [ 35.11471, 31.52977 ], [ 35.11453, 31.53042 ], [ 35.11427, 31.53116 ], [ 35.11373, 31.53122 ], [ 35.11337, 31.53116 ], [ 35.11301, 31.53106 ], [ 35.11271, 31.53081 ], [ 35.11236, 31.53063 ], [ 35.11206, 31.53026 ], [ 35.11177, 31.53008 ], [ 35.11149, 31.53026 ], [ 35.11124, 31.53037 ], [ 35.1112, 31.53019 ], [ 35.11136, 31.52992 ], [ 35.11117, 31.52978 ], [ 35.1108, 31.52959 ], [ 35.11052, 31.52962 ], [ 35.11023, 31.5298 ], [ 35.11023, 31.53 ], [ 35.11042, 31.53026 ], [ 35.11064, 31.5304 ], [ 35.11042, 31.53103 ], [ 35.11007, 31.53173 ], [ 35.10966, 31.53212 ], [ 35.10989, 31.53222 ], [ 35.11028, 31.53219 ], [ 35.11036, 31.53221 ], [ 35.11033, 31.5325 ], [ 35.11095, 31.53249 ], [ 35.11188, 31.53243 ], [ 35.11235, 31.5325 ], [ 35.11286, 31.53256 ], [ 35.11301, 31.53223 ], [ 35.11322, 31.53147 ], [ 35.11434, 31.53155 ], [ 35.11442, 31.53189 ], [ 35.11442, 31.53269 ], [ 35.11417, 31.53321 ], [ 35.11385, 31.53355 ], [ 35.11354, 31.53394 ], [ 35.11373, 31.53427 ], [ 35.11434, 31.53445 ], [ 35.11529, 31.53484 ], [ 35.11569, 31.53501 ], [ 35.11617, 31.53458 ], [ 35.1164, 31.53474 ], [ 35.11681, 31.53499 ], [ 35.11735, 31.53455 ], [ 35.11819, 31.53406 ], [ 35.11857, 31.53376 ], [ 35.11897, 31.53363 ], [ 35.1194, 31.53311 ], [ 35.11973, 31.53227 ], [ 35.12003, 31.53218 ], [ 35.12051, 31.53189 ], [ 35.12129, 31.53166 ], [ 35.12207, 31.53153 ], [ 35.12215, 31.53189 ], [ 35.12306, 31.53209 ], [ 35.1238, 31.53246 ], [ 35.12436, 31.53305 ], [ 35.12446, 31.53341 ], [ 35.12423, 31.53435 ], [ 35.12385, 31.53549 ], [ 35.12364, 31.53618 ], [ 35.12337, 31.5366 ], [ 35.12303, 31.53694 ], [ 35.12316, 31.53722 ], [ 35.12337, 31.5375 ], [ 35.1236, 31.53823 ], [ 35.12379, 31.53906 ], [ 35.12348, 31.53905 ], [ 35.12278, 31.53885 ], [ 35.12205, 31.53883 ], [ 35.1216, 31.53905 ], [ 35.12095, 31.5395 ], [ 35.12032, 31.53953 ], [ 35.11986, 31.53979 ], [ 35.11929, 31.53976 ], [ 35.11886, 31.53935 ], [ 35.11863, 31.53945 ], [ 35.11838, 31.54006 ], [ 35.11838, 31.54044 ], [ 35.11806, 31.54057 ], [ 35.1175, 31.54081 ], [ 35.11744, 31.54238 ], [ 35.1171, 31.54243 ], [ 35.11687, 31.54363 ], [ 35.11672, 31.54394 ], [ 35.11666, 31.54491 ], [ 35.1167, 31.54582 ], [ 35.11704, 31.54649 ], [ 35.11754, 31.54691 ], [ 35.11795, 31.54691 ], [ 35.11825, 31.54683 ], [ 35.11871, 31.54674 ], [ 35.11886, 31.54669 ], [ 35.11909, 31.54662 ], [ 35.11939, 31.54658 ], [ 35.11963, 31.54662 ], [ 35.11978, 31.5466 ], [ 35.12003, 31.54669 ], [ 35.12021, 31.54683 ], [ 35.12034, 31.54695 ], [ 35.12072, 31.54677 ], [ 35.12176, 31.54653 ], [ 35.12235, 31.54625 ], [ 35.12297, 31.54618 ], [ 35.12315, 31.54631 ], [ 35.1233, 31.54646 ], [ 35.12385, 31.54638 ], [ 35.12407, 31.54655 ], [ 35.12448, 31.54646 ], [ 35.12502, 31.54606 ], [ 35.12614, 31.54589 ], [ 35.12671, 31.54541 ], [ 35.12691, 31.54541 ], [ 35.12727, 31.54547 ], [ 35.12799, 31.54538 ], [ 35.12864, 31.54542 ], [ 35.13009, 31.54476 ], [ 35.13059, 31.54456 ], [ 35.13141, 31.54443 ], [ 35.13144, 31.5443 ], [ 35.13116, 31.54408 ], [ 35.13112, 31.5436 ], [ 35.13116, 31.54343 ], [ 35.13127, 31.54348 ], [ 35.13168, 31.54345 ], [ 35.13191, 31.54314 ], [ 35.13212, 31.54262 ], [ 35.13216, 31.54196 ], [ 35.13281, 31.54183 ], [ 35.13273, 31.54161 ], [ 35.13222, 31.54174 ], [ 35.13201, 31.54154 ], [ 35.13136, 31.54126 ], [ 35.13062, 31.54092 ], [ 35.1299, 31.54103 ], [ 35.12912, 31.54147 ], [ 35.12794, 31.54167 ], [ 35.12729, 31.54229 ], [ 35.12702, 31.54266 ], [ 35.12672, 31.54273 ], [ 35.12643, 31.54243 ], [ 35.12613, 31.54201 ], [ 35.12636, 31.54164 ], [ 35.12628, 31.54116 ], [ 35.12637, 31.54082 ], [ 35.1275, 31.5401 ], [ 35.12763, 31.53976 ], [ 35.12763, 31.53899 ], [ 35.12731, 31.53873 ], [ 35.12645, 31.53878 ], [ 35.12594, 31.53896 ], [ 35.12561, 31.53938 ], [ 35.12531, 31.53938 ], [ 35.12487, 31.53964 ], [ 35.1243, 31.53986 ], [ 35.12421, 31.53893 ], [ 35.12402, 31.53828 ], [ 35.12381, 31.5375 ], [ 35.1239, 31.53679 ], [ 35.12417, 31.53565 ], [ 35.12474, 31.53395 ], [ 35.12488, 31.53352 ], [ 35.12471, 31.53281 ], [ 35.12408, 31.53207 ], [ 35.12362, 31.53166 ], [ 35.12338, 31.53131 ], [ 35.12313, 31.53075 ], [ 35.12284, 31.5301 ], [ 35.1233, 31.52997 ], [ 35.12376, 31.52992 ], [ 35.12429, 31.52953 ], [ 35.12488, 31.52937 ], [ 35.12541, 31.52929 ], [ 35.12612, 31.52947 ], [ 35.12697, 31.52976 ], [ 35.1277, 31.52971 ], [ 35.12827, 31.52942 ], [ 35.12842, 31.52901 ], [ 35.12892, 31.52841 ], [ 35.12896, 31.52789 ], [ 35.12818, 31.52749 ], [ 35.12726, 31.52731 ], [ 35.12639, 31.52704 ], [ 35.12564, 31.52704 ], [ 35.12492, 31.52684 ], [ 35.12425, 31.52669 ], [ 35.12402, 31.52659 ], [ 35.12386, 31.5265 ] ] ] ] } },
{ "type": "Feature", "properties": { "OBJECTID": 155, "Id": 0, "Name": "מעון", "NameEng": "Ma'on", "ET_ID": 0, "GIS_ID": 3657.0, "Type": "Settlement", "Ideologica": "Religious", "Shape_Leng": 5089.8014815099996, "Shape_Area": 449584.61858100002, "WKT": null, "DB_ID": 69.0, "Time": 1981, "X": 215567.09602, "Y": 591258.18230300001, "WKT_1": null, "WKT_ISR": null }, "geometry": { "type": "MultiPolygon", "coordinates": [ [ [ [ 35.16473, 31.41642 ], [ 35.16486, 31.4161 ], [ 35.16559, 31.41586 ], [ 35.16557, 31.41517 ], [ 35.16603, 31.41493 ], [ 35.16616, 31.41441 ], [ 35.16639, 31.41443 ], [ 35.16637, 31.41488 ], [ 35.16657, 31.41504 ], [ 35.16719, 31.41549 ], [ 35.16799, 31.4159 ], [ 35.16897, 31.41614 ], [ 35.16949, 31.41577 ], [ 35.16959, 31.41556 ], [ 35.16944, 31.4149 ], [ 35.16949, 31.41449 ], [ 35.16994, 31.41442 ], [ 35.1705, 31.41398 ], [ 35.17035, 31.41378 ], [ 35.16975, 31.41361 ], [ 35.16899, 31.41357 ], [ 35.16886, 31.413 ], [ 35.16804, 31.41263 ], [ 35.16743, 31.41307 ], [ 35.16706, 31.41355 ], [ 35.16698, 31.41392 ], [ 35.16637, 31.41413 ], [ 35.16607, 31.41394 ], [ 35.16557, 31.41392 ], [ 35.16503, 31.41394 ], [ 35.1646, 31.41383 ], [ 35.16456, 31.41364 ], [ 35.16471, 31.41344 ], [ 35.16469, 31.41259 ], [ 35.16477, 31.41164 ], [ 35.16404, 31.4116 ], [ 35.16404, 31.41125 ], [ 35.16425, 31.41108 ], [ 35.16588, 31.41071 ], [ 35.16564, 31.41007 ], [ 35.16633, 31.41001 ], [ 35.16711, 31.40985 ], [ 35.16783, 31.40958 ], [ 35.16791, 31.40926 ], [ 35.16775, 31.40907 ], [ 35.16777, 31.40887 ], [ 35.16763, 31.40871 ], [ 35.1674, 31.40862 ], [ 35.16719, 31.40868 ], [ 35.16713, 31.40883 ], [ 35.16653, 31.40896 ], [ 35.16659, 31.40877 ], [ 35.16637, 31.40862 ], [ 35.16611, 31.40878 ], [ 35.16599, 31.40904 ], [ 35.16569, 31.40909 ], [ 35.16539, 31.40924 ], [ 35.16531, 31.40935 ], [ 35.16523, 31.40965 ], [ 35.16491, 31.40998 ], [ 35.16455, 31.41021 ], [ 35.16406, 31.41028 ], [ 35.16397, 31.41024 ], [ 35.16338, 31.41083 ], [ 35.16271, 31.41057 ], [ 35.1621, 31.41054 ], [ 35.16149, 31.41082 ], [ 35.16036, 31.41139 ], [ 35.15898, 31.41201 ], [ 35.15787, 31.4126 ], [ 35.15691, 31.41344 ], [ 35.1566, 31.41388 ], [ 35.15692, 31.41409 ], [ 35.15735, 31.41426 ], [ 35.15817, 31.41453 ], [ 35.15822, 31.41463 ], [ 35.15835, 31.41479 ], [ 35.15865, 31.41487 ], [ 35.15904, 31.41483 ], [ 35.15939, 31.41476 ], [ 35.16025, 31.41463 ], [ 35.16062, 31.4145 ], [ 35.16133, 31.41384 ], [ 35.16157, 31.41404 ], [ 35.16207, 31.41436 ], [ 35.16183, 31.41463 ], [ 35.16183, 31.41482 ], [ 35.16174, 31.41545 ], [ 35.162, 31.41567 ], [ 35.16317, 31.41612 ], [ 35.16356, 31.41619 ], [ 35.16438, 31.41614 ], [ 35.16451, 31.41645 ], [ 35.16473, 31.41642 ] ] ] ] } },
{ "type": "Feature", "properties": { "OBJECTID": 156, "Id": 0, "Name": "עלמון", "NameEng": "Almon", "ET_ID": 0, "GIS_ID": 3715.0, "Type": "Settlement", "Ideologica": "Ideological", "Shape_Leng": 5352.919935, "Shape_Area": 647332.08337000001, "WKT": null, "DB_ID": 102.0, "Time": 1982, "X": 227987.50165399999, "Y": 637324.62042399996, "WKT_1": null, "WKT_ISR": null }, "geometry": { "type": "MultiPolygon", "coordinates": [ [ [ [ 35.29343, 31.82413 ], [ 35.29345, 31.82389 ], [ 35.29283, 31.82368 ], [ 35.2919, 31.8236 ], [ 35.29091, 31.82352 ], [ 35.29009, 31.8235 ], [ 35.28928, 31.82363 ], [ 35.28876, 31.82367 ], [ 35.2881, 31.82375 ], [ 35.28755, 31.82397 ], [ 35.28702, 31.82415 ], [ 35.28706, 31.82442 ], [ 35.28757, 31.82468 ], [ 35.2881, 31.82478 ], [ 35.28834, 31.825 ], [ 35.28851, 31.82512 ], [ 35.28879, 31.82512 ], [ 35.2891, 31.82512 ], [ 35.28913, 31.82528 ], [ 35.289, 31.82561 ], [ 35.28849, 31.82562 ], [ 35.28838, 31.82578 ], [ 35.28881, 31.82605 ], [ 35.28874, 31.82673 ], [ 35.2888, 31.82719 ], [ 35.28921, 31.82742 ], [ 35.2897, 31.82761 ], [ 35.29028, 31.82796 ], [ 35.29026, 31.82797 ], [ 35.29047, 31.82814 ], [ 35.29117, 31.82836 ], [ 35.29223, 31.82887 ], [ 35.29271, 31.82898 ], [ 35.29266, 31.82932 ], [ 35.29259, 31.8298 ], [ 35.29252, 31.83012 ], [ 35.2924, 31.83049 ], [ 35.29176, 31.83062 ], [ 35.29134, 31.83084 ], [ 35.29114, 31.83091 ], [ 35.29089, 31.83124 ], [ 35.29081, 31.83172 ], [ 35.29116, 31.83197 ], [ 35.29174, 31.83207 ], [ 35.29183, 31.83219 ], [ 35.29232, 31.83238 ], [ 35.29274, 31.83256 ], [ 35.29356, 31.83251 ], [ 35.29453, 31.83245 ], [ 35.29532, 31.83247 ], [ 35.29589, 31.83248 ], [ 35.29648, 31.8325 ], [ 35.29687, 31.8326 ], [ 35.29722, 31.83256 ], [ 35.2979, 31.83279 ], [ 35.29823, 31.83282 ], [ 35.29854, 31.83279 ], [ 35.29888, 31.83292 ], [ 35.29941, 31.83283 ], [ 35.29974, 31.83283 ], [ 35.30004, 31.83284 ], [ 35.30031, 31.8327 ], [ 35.30053, 31.83227 ], [ 35.30051, 31.83163 ], [ 35.30025, 31.83135 ], [ 35.29979, 31.8311 ], [ 35.2995, 31.83079 ], [ 35.29957, 31.83045 ], [ 35.29967, 31.8303 ], [ 35.30005, 31.82969 ], [ 35.3003, 31.82938 ], [ 35.3003, 31.82903 ], [ 35.30047, 31.82895 ], [ 35.30083, 31.82911 ], [ 35.30136, 31.82918 ], [ 35.30154, 31.82913 ], [ 35.30153, 31.82874 ], [ 35.30196, 31.82759 ], [ 35.30174, 31.82734 ], [ 35.301, 31.82765 ], [ 35.30005, 31.82791 ], [ 35.29894, 31.82792 ], [ 35.29771, 31.82757 ], [ 35.29674, 31.8273 ], [ 35.29628, 31.82731 ], [ 35.2956, 31.82773 ], [ 35.2943, 31.82784 ], [ 35.29309, 31.82805 ], [ 35.29219, 31.82784 ], [ 35.29113, 31.82774 ], [ 35.29138, 31.82759 ], [ 35.29227, 31.82748 ], [ 35.29274, 31.82663 ], [ 35.29296, 31.82598 ], [ 35.29343, 31.8255 ], [ 35.29319, 31.82506 ], [ 35.29343, 31.82413 ] ] ] ] } },
{ "type": "Feature", "properties": { "OBJECTID": 157, "Id": 0, "Name": "מבוא חורון", "NameEng": "Mevo Horon", "ET_ID": 0, "GIS_ID": 3709.0, "Type": "Settlement", "Ideologica": "Religious", "Shape_Leng": 5349.8618233899997, "Shape_Area": 1579404.67695, "WKT": null, "DB_ID": 63.0, "Time": 1970, "X": 203650.17974200001, "Y": 639501.356027, "WKT_1": null, "WKT_ISR": null }, "geometry": { "type": "MultiPolygon", "coordinates": [ [ [ [ 35.04185, 31.85152 ], [ 35.04192, 31.85147 ], [ 35.042, 31.85145 ], [ 35.04199, 31.85143 ], [ 35.04208, 31.8514 ], [ 35.04281, 31.85116 ], [ 35.04584, 31.85023 ], [ 35.04715, 31.84972 ], [ 35.04639, 31.84788 ], [ 35.04533, 31.84559 ], [ 35.04468, 31.84402 ], [ 35.04391, 31.84339 ], [ 35.04237, 31.84186 ], [ 35.04151, 31.84238 ], [ 35.04058, 31.84262 ], [ 35.04049, 31.84267 ], [ 35.04024, 31.84273 ], [ 35.03821, 31.84276 ], [ 35.03701, 31.8422 ], [ 35.0363, 31.84151 ], [ 35.03438, 31.84345 ], [ 35.03389, 31.84448 ], [ 35.03269, 31.84562 ], [ 35.03158, 31.84586 ], [ 35.02838, 31.84827 ], [ 35.02855, 31.84854 ], [ 35.02938, 31.84917 ], [ 35.03018, 31.85009 ], [ 35.02952, 31.85203 ], [ 35.029, 31.85452 ], [ 35.03141, 31.85479 ], [ 35.03337, 31.85465 ], [ 35.03461, 31.85377 ], [ 35.03606, 31.85304 ], [ 35.03757, 31.85266 ], [ 35.04071, 31.85184 ], [ 35.04152, 31.85158 ], [ 35.04185, 31.85152 ] ] ] ] } },
{ "type": "Feature", "properties": { "OBJECTID": 158, "Id": 0, "Name": "נחליאל", "NameEng": "Nahliel", "ET_ID": 0, "GIS_ID": 3767.0, "Type": "Settlement", "Ideologica": "Religious", "Shape_Leng": 2498.9131688000002, "Shape_Area": 403798.71498, "WKT": null, "DB_ID": 87.0, "Time": 1984, "X": 213386.49532700001, "Y": 653425.98125099996, "WKT_1": null, "WKT_ISR": null }, "geometry": { "type": "MultiPolygon", "coordinates": [ [ [ [ 35.13589, 31.97453 ], [ 35.13564, 31.97509 ], [ 35.13617, 31.97568 ], [ 35.13656, 31.97633 ], [ 35.13673, 31.97647 ], [ 35.13722, 31.9765 ], [ 35.13904, 31.97652 ], [ 35.14062, 31.97683 ], [ 35.14136, 31.97683 ], [ 35.14197, 31.97663 ], [ 35.14278, 31.9761 ], [ 35.14335, 31.97543 ], [ 35.14394, 31.97438 ], [ 35.14433, 31.97331 ], [ 35.14462, 31.97326 ], [ 35.1447, 31.97291 ], [ 35.1447, 31.97242 ], [ 35.14445, 31.97219 ], [ 35.14395, 31.97188 ], [ 35.14309, 31.97148 ], [ 35.14199, 31.97126 ], [ 35.14086, 31.97122 ], [ 35.13817, 31.971 ], [ 35.13718, 31.97127 ], [ 35.13703, 31.97162 ], [ 35.13722, 31.97262 ], [ 35.1372, 31.97315 ], [ 35.13702, 31.97393 ], [ 35.13589, 31.97453 ] ] ] ] } },
{ "type": "Feature", "properties": { "OBJECTID": 159, "Id": 0, "Name": "מכינה קדם צבאית מעלה אפרים", "NameEng": "Ma'ale Efraim Prepatory", "ET_ID": 0, "GIS_ID": 3608.1, "Type": "Settlement", "Ideologica": "Religious", "Shape_Leng": 1561.66720175, "Shape_Area": 125717.62168500001, "WKT": null, "DB_ID": 280.0, "Time": 0, "X": 237324.93855300001, "Y": 664118.10854599997, "WKT_1": null, "WKT_ISR": null }, "geometry": { "type": "MultiPolygon", "coordinates": [ [ [ [ 35.39043, 32.07187 ], [ 35.39107, 32.07205 ], [ 35.39255, 32.07178 ], [ 35.394, 32.07157 ], [ 35.39511, 32.07138 ], [ 35.39545, 32.07094 ], [ 35.39585, 32.07041 ], [ 35.39597, 32.0701 ], [ 35.39577, 32.06966 ], [ 35.3955, 32.06917 ], [ 35.39574, 32.06855 ], [ 35.39535, 32.06836 ], [ 35.39468, 32.06802 ], [ 35.39396, 32.06807 ], [ 35.39381, 32.06821 ], [ 35.39365, 32.06836 ], [ 35.39309, 32.0688 ], [ 35.39235, 32.06979 ], [ 35.3922, 32.07025 ], [ 35.39181, 32.07098 ], [ 35.39095, 32.07115 ], [ 35.39053, 32.07134 ], [ 35.39043, 32.07187 ] ] ] ] } },
{ "type": "Feature", "properties": { "OBJECTID": 160, "Id": 0, "Name": "אבני חפץ", "NameEng": "Avnei Hefetz", "ET_ID": 0, "GIS_ID": 3793.0, "Type": "Settlement", "Ideologica": "Religious", "Shape_Leng": 6620.8145319799996, "Shape_Area": 1215651.4414, "WKT": null, "DB_ID": 1.0, "Time": 1990, "X": 207294.73145600001, "Y": 688024.27726, "WKT_1": null, "WKT_ISR": null }, "geometry": { "type": "MultiPolygon", "coordinates": [ [ [ [ 35.07134, 32.29058 ], [ 35.07274, 32.28999 ], [ 35.07495, 32.2892 ], [ 35.07659, 32.28873 ], [ 35.07801, 32.28816 ], [ 35.07903, 32.28792 ], [ 35.07979, 32.28787 ], [ 35.08031, 32.28799 ], [ 35.08113, 32.28849 ], [ 35.08224, 32.28881 ], [ 35.08199, 32.28821 ], [ 35.08238, 32.28747 ], [ 35.08312, 32.28652 ], [ 35.08376, 32.28605 ], [ 35.08445, 32.2862 ], [ 35.08523, 32.28664 ], [ 35.08631, 32.28666 ], [ 35.08591, 32.28607 ], [ 35.08565, 32.28547 ], [ 35.08498, 32.28486 ], [ 35.08437, 32.28448 ], [ 35.0839, 32.28436 ], [ 35.08297, 32.28438 ], [ 35.08215, 32.28456 ], [ 35.08131, 32.2846 ], [ 35.08078, 32.28463 ], [ 35.08067, 32.28431 ], [ 35.08105, 32.28396 ], [ 35.08189, 32.283 ], [ 35.08277, 32.28226 ], [ 35.08318, 32.28164 ], [ 35.08303, 32.28129 ], [ 35.08262, 32.28112 ], [ 35.08189, 32.28104 ], [ 35.08108, 32.28104 ], [ 35.07983, 32.28114 ], [ 35.0786, 32.28131 ], [ 35.07773, 32.28131 ], [ 35.07712, 32.28124 ], [ 35.07665, 32.28094 ], [ 35.07622, 32.28094 ], [ 35.07569, 32.28114 ], [ 35.07536, 32.28102 ], [ 35.07485, 32.28073 ], [ 35.07429, 32.28077 ], [ 35.07346, 32.28085 ], [ 35.07281, 32.28093 ], [ 35.07237, 32.28138 ], [ 35.07221, 32.28202 ], [ 35.07181, 32.28282 ], [ 35.07146, 32.28333 ], [ 35.07064, 32.28384 ], [ 35.06993, 32.28408 ], [ 35.06919, 32.2843 ], [ 35.06846, 32.28452 ], [ 35.0681, 32.2849 ], [ 35.06795, 32.28584 ], [ 35.0678, 32.28656 ], [ 35.06803, 32.28714 ], [ 35.06858, 32.28745 ], [ 35.06843, 32.28777 ], [ 35.068, 32.28825 ], [ 35.06809, 32.28868 ], [ 35.06833, 32.2891 ], [ 35.06858, 32.28938 ], [ 35.0689, 32.28931 ], [ 35.06939, 32.28919 ], [ 35.06977, 32.28896 ], [ 35.07026, 32.2886 ], [ 35.07067, 32.2887 ], [ 35.07068, 32.28896 ], [ 35.06999, 32.28938 ], [ 35.06937, 32.28986 ], [ 35.06855, 32.29037 ], [ 35.06842, 32.29055 ], [ 35.06819, 32.29045 ], [ 35.06588, 32.29202 ], [ 35.06695, 32.29333 ], [ 35.06818, 32.2931 ], [ 35.06866, 32.29249 ], [ 35.07037, 32.29131 ], [ 35.0708, 32.29081 ], [ 35.07134, 32.29058 ] ] ] ] } },
{ "type": "Feature", "properties": { "OBJECTID": 161, "Id": 0, "Name": "חוות עומר", "NameEng": "Omer Farm", "ET_ID": 0, "GIS_ID": 0.136, "Type": "Outpost", "Ideologica": "Religious", "Shape_Leng": 3964.2328178600001, "Shape_Area": 399611.30153599998, "WKT": null, "DB_ID": 264.0, "Time": 2005, "X": 240655.74748300001, "Y": 648312.95312700002, "WKT_1": null, "WKT_ISR": null }, "geometry": { "type": "MultiPolygon", "coordinates": [ [ [ [ 35.43142, 31.92982 ], [ 35.43091, 31.92938 ], [ 35.43029, 31.92882 ], [ 35.42973, 31.92832 ], [ 35.42964, 31.92774 ], [ 35.42945, 31.92683 ], [ 35.42949, 31.9255 ], [ 35.42978, 31.92537 ], [ 35.43021, 31.92388 ], [ 35.42975, 31.92277 ], [ 35.42993, 31.9222 ], [ 35.42751, 31.92167 ], [ 35.42707, 31.92316 ], [ 35.42614, 31.92603 ], [ 35.42597, 31.92653 ], [ 35.42603, 31.92696 ], [ 35.42625, 31.92729 ], [ 35.42677, 31.9277 ], [ 35.42737, 31.92821 ], [ 35.42741, 31.92876 ], [ 35.42819, 31.9287 ], [ 35.42816, 31.92908 ], [ 35.42783, 31.92958 ], [ 35.42715, 31.92976 ], [ 35.42675, 31.92971 ], [ 35.4256, 31.92923 ], [ 35.42505, 31.92908 ], [ 35.42434, 31.92888 ], [ 35.42383, 31.92951 ], [ 35.42454, 31.92992 ], [ 35.42547, 31.93036 ], [ 35.42625, 31.93066 ], [ 35.42598, 31.9308 ], [ 35.4265, 31.931 ], [ 35.42732, 31.93129 ], [ 35.42854, 31.93148 ], [ 35.42906, 31.93163 ], [ 35.42969, 31.93166 ], [ 35.43255, 31.93189 ], [ 35.43323, 31.93173 ], [ 35.43337, 31.93131 ], [ 35.43323, 31.93085 ], [ 35.43229, 31.93011 ], [ 35.43141, 31.92984 ], [ 35.43142, 31.92982 ] ] ] ] } },
{ "type": "Feature", "properties": { "OBJECTID": 165, "Id": 0, "Name": "מעלה אדומים", "NameEng": "Ma'ale Adumim", "ET_ID": 0, "GIS_ID": 3616.0, "Type": "Settlement", "Ideologica": "No", "Shape_Leng": 17404.071972599999, "Shape_Area": 7190599.5703800004, "WKT": null, "DB_ID": 70.0, "Time": 1975, "X": 228775.35971399999, "Y": 632137.66040199995, "WKT_1": null, "WKT_ISR": null }, "geometry": { "type": "MultiPolygon", "coordinates": [ [ [ [ 35.31559, 31.78247 ], [ 35.31573, 31.78237 ], [ 35.31593, 31.78249 ], [ 35.31667, 31.78291 ], [ 35.31722, 31.78291 ], [ 35.31769, 31.78169 ], [ 35.31742, 31.78088 ], [ 35.31686, 31.78015 ], [ 35.31653, 31.77996 ], [ 35.31672, 31.7798 ], [ 35.31744, 31.77987 ], [ 35.31794, 31.78025 ], [ 35.31855, 31.78095 ], [ 35.3191, 31.78147 ], [ 35.32046, 31.78152 ], [ 35.32059, 31.7809 ], [ 35.32095, 31.7801 ], [ 35.32043, 31.77972 ], [ 35.32029, 31.77946 ], [ 35.32053, 31.77899 ], [ 35.32098, 31.77762 ], [ 35.31998, 31.77758 ], [ 35.31937, 31.77732 ], [ 35.3179, 31.77806 ], [ 35.31732, 31.77826 ], [ 35.31677, 31.77835 ], [ 35.31634, 31.77838 ], [ 35.31617, 31.77861 ], [ 35.31468, 31.7785 ], [ 35.31433, 31.77797 ], [ 35.31443, 31.77766 ], [ 35.31477, 31.77767 ], [ 35.31583, 31.77754 ], [ 35.31603, 31.77743 ], [ 35.31656, 31.77673 ], [ 35.31687, 31.77622 ], [ 35.31685, 31.77596 ], [ 35.31602, 31.77602 ], [ 35.31558, 31.77574 ], [ 35.31528, 31.77569 ], [ 35.31505, 31.776 ], [ 35.31456, 31.7763 ], [ 35.31403, 31.77639 ], [ 35.31339, 31.77613 ], [ 35.31252, 31.77616 ], [ 35.31205, 31.77591 ], [ 35.31173, 31.77612 ], [ 35.31176, 31.77671 ], [ 35.31162, 31.77713 ], [ 35.31092, 31.77736 ], [ 35.3101, 31.77701 ], [ 35.3095, 31.77765 ], [ 35.30936, 31.77813 ], [ 35.30851, 31.7784 ], [ 35.30791, 31.77789 ], [ 35.30709, 31.77745 ], [ 35.30718, 31.77686 ], [ 35.30715, 31.7766 ], [ 35.30608, 31.77609 ], [ 35.30575, 31.77542 ], [ 35.3055, 31.77533 ], [ 35.30513, 31.77495 ], [ 35.30495, 31.7744 ], [ 35.30467, 31.77391 ], [ 35.30433, 31.77369 ], [ 35.30375, 31.77299 ], [ 35.30309, 31.77283 ], [ 35.30274, 31.77251 ], [ 35.30251, 31.77222 ], [ 35.30268, 31.77203 ], [ 35.30304, 31.77186 ], [ 35.30302, 31.7715 ], [ 35.30288, 31.77077 ], [ 35.30263, 31.77011 ], [ 35.30258, 31.76978 ], [ 35.30281, 31.76955 ], [ 35.30327, 31.76969 ], [ 35.30393, 31.76997 ], [ 35.30445, 31.77037 ], [ 35.30525, 31.77079 ], [ 35.3058, 31.77048 ], [ 35.30608, 31.77086 ], [ 35.30645, 31.77161 ], [ 35.30673, 31.77209 ], [ 35.30743, 31.77229 ], [ 35.30768, 31.77214 ], [ 35.30887, 31.77141 ], [ 35.30962, 31.77155 ], [ 35.31118, 31.77225 ], [ 35.31233, 31.77212 ], [ 35.31354, 31.77171 ], [ 35.31396, 31.77124 ], [ 35.31461, 31.77077 ], [ 35.31461, 31.77063 ], [ 35.31433, 31.7705 ], [ 35.31359, 31.77029 ], [ 35.31317, 31.77024 ], [ 35.31216, 31.77057 ], [ 35.31137, 31.77089 ], [ 35.31063, 31.77084 ], [ 35.30991, 31.77026 ], [ 35.31003, 31.77011 ], [ 35.3103, 31.76997 ], [ 35.31044, 31.76838 ], [ 35.30954, 31.76793 ], [ 35.308, 31.76826 ], [ 35.30729, 31.76777 ], [ 35.30768, 31.76649 ], [ 35.30714, 31.76621 ], [ 35.30592, 31.76637 ], [ 35.30506, 31.76707 ], [ 35.30438, 31.76695 ], [ 35.30438, 31.76579 ], [ 35.30381, 31.76456 ], [ 35.30316, 31.76466 ], [ 35.30252, 31.76499 ], [ 35.30202, 31.76454 ], [ 35.3013, 31.76435 ], [ 35.30155, 31.76365 ], [ 35.30155, 31.76279 ], [ 35.30094, 31.76267 ], [ 35.30008, 31.7631 ], [ 35.29833, 31.76448 ], [ 35.29801, 31.76506 ], [ 35.29693, 31.76585 ], [ 35.29611, 31.76662 ], [ 35.29607, 31.76622 ], [ 35.29568, 31.76518 ], [ 35.29504, 31.76524 ], [ 35.29428, 31.76543 ], [ 35.29378, 31.7661 ], [ 35.29328, 31.76717 ], [ 35.29278, 31.7673 ], [ 35.29196, 31.76779 ], [ 35.29035, 31.76809 ], [ 35.29035, 31.76874 ], [ 35.29039, 31.77015 ], [ 35.28917, 31.7741 ], [ 35.28839, 31.77931 ], [ 35.28883, 31.78214 ], [ 35.29232, 31.78728 ], [ 35.29485, 31.78973 ], [ 35.29634, 31.79204 ], [ 35.29957, 31.79599 ], [ 35.30106, 31.79837 ], [ 35.30411, 31.79971 ], [ 35.30742, 31.80045 ], [ 35.31135, 31.7994 ], [ 35.31169, 31.79862 ], [ 35.31333, 31.79489 ], [ 35.31471, 31.79134 ], [ 35.31531, 31.78979 ], [ 35.31488, 31.78861 ], [ 35.31431, 31.78783 ], [ 35.31342, 31.78738 ], [ 35.31469, 31.787 ], [ 35.31604, 31.78662 ], [ 35.31513, 31.78577 ], [ 35.31366, 31.78565 ], [ 35.31562, 31.78504 ], [ 35.31584, 31.78433 ], [ 35.31529, 31.78398 ], [ 35.31548, 31.78362 ], [ 35.31559, 31.78247 ] ] ] ] } },
{ "type": "Feature", "properties": { "OBJECTID": 166, "Id": 0, "Name": "מתתיהו", "NameEng": "Matityahu", "ET_ID": 4124708, "GIS_ID": 3648.0, "Type": "Settlement", "Ideologica": "Ultra Orthodox", "Shape_Leng": 4002.4196637, "Shape_Area": 944454.486928, "WKT": null, "DB_ID": 337.0, "Time": 1981, "X": 203212.40878600001, "Y": 648611.70609200001, "WKT_1": null, "WKT_ISR": null }, "geometry": { "type": "MultiPolygon", "coordinates": [ [ [ [ 35.02532, 31.92773 ], [ 35.02558, 31.92909 ], [ 35.02603, 31.93031 ], [ 35.02685, 31.93115 ], [ 35.02775, 31.93198 ], [ 35.02836, 31.93244 ], [ 35.03008, 31.93327 ], [ 35.03209, 31.93389 ], [ 35.03304, 31.9342 ], [ 35.03382, 31.93485 ], [ 35.03456, 31.93605 ], [ 35.03471, 31.93658 ], [ 35.0373, 31.93635 ], [ 35.03768, 31.93235 ], [ 35.03808, 31.92929 ], [ 35.03802, 31.92799 ], [ 35.03821, 31.92715 ], [ 35.0378, 31.92684 ], [ 35.03737, 31.92651 ], [ 35.03645, 31.92626 ], [ 35.03502, 31.92637 ], [ 35.03401, 31.92646 ], [ 35.03258, 31.92628 ], [ 35.03155, 31.92641 ], [ 35.03062, 31.92641 ], [ 35.02961, 31.92629 ], [ 35.02845, 31.92663 ], [ 35.02744, 31.9269 ], [ 35.0268, 31.92697 ], [ 35.02553, 31.92717 ], [ 35.02532, 31.92773 ] ] ] ] } },
{ "type": "Feature", "properties": { "OBJECTID": 167, "Id": 0, "Name": "נופי פרת", "NameEng": "Nofei Prat", "ET_ID": 1095540, "GIS_ID": 3638.1, "Type": "Settlement", "Ideologica": "Ideological", "Shape_Leng": 3841.2143857800002, "Shape_Area": 272960.414238, "WKT": null, "DB_ID": 84.0, "Time": 1992, "X": 230543.64810399999, "Y": 636745.64630999998, "WKT_1": null, "WKT_ISR": null }, "geometry": { "type": "MultiPolygon", "coordinates": [ [ [ [ 35.31734, 31.82153 ], [ 35.31657, 31.82173 ], [ 35.31675, 31.82196 ], [ 35.31679, 31.8222 ], [ 35.3169, 31.82246 ], [ 35.31711, 31.82277 ], [ 35.31726, 31.82309 ], [ 35.31738, 31.8235 ], [ 35.31774, 31.8236 ], [ 35.31811, 31.82385 ], [ 35.31851, 31.82386 ], [ 35.31882, 31.82412 ], [ 35.31922, 31.82468 ], [ 35.31935, 31.82501 ], [ 35.31983, 31.82502 ], [ 35.32056, 31.82533 ], [ 35.32058, 31.82558 ], [ 35.32064, 31.82597 ], [ 35.32102, 31.82638 ], [ 35.3216, 31.82633 ], [ 35.32198, 31.82643 ], [ 35.32236, 31.82674 ], [ 35.32287, 31.82678 ], [ 35.32345, 31.82651 ], [ 35.32395, 31.82633 ], [ 35.3246, 31.82609 ], [ 35.32504, 31.82596 ], [ 35.32588, 31.82569 ], [ 35.3262, 31.82571 ], [ 35.32661, 31.82581 ], [ 35.32671, 31.8258 ], [ 35.32672, 31.82542 ], [ 35.32642, 31.82545 ], [ 35.32627, 31.82541 ], [ 35.32602, 31.82495 ], [ 35.32559, 31.82416 ], [ 35.32532, 31.82378 ], [ 35.3244, 31.8249 ], [ 35.32407, 31.82519 ], [ 35.32342, 31.82541 ], [ 35.32276, 31.82539 ], [ 35.32254, 31.82493 ], [ 35.32236, 31.82435 ], [ 35.3219, 31.82423 ], [ 35.32171, 31.82342 ], [ 35.32254, 31.82306 ], [ 35.32229, 31.82249 ], [ 35.3218, 31.82219 ], [ 35.32267, 31.82088 ], [ 35.3247, 31.82049 ], [ 35.3243, 31.81918 ], [ 35.323, 31.81936 ], [ 35.32168, 31.82035 ], [ 35.32085, 31.82109 ], [ 35.3202, 31.82185 ], [ 35.3199, 31.82234 ], [ 35.31975, 31.82232 ], [ 35.31908, 31.82228 ], [ 35.31852, 31.82232 ], [ 35.31831, 31.82232 ], [ 35.31775, 31.822 ], [ 35.31738, 31.82168 ], [ 35.31734, 31.82153 ] ] ] ] } },
{ "type": "Feature", "properties": { "OBJECTID": 168, "Id": 0, "Name": "בני אדם", "NameEng": "Bnei Adam", "ET_ID": 1855622, "GIS_ID": 0.031, "Type": "Outpost", "Ideologica": "No", "Shape_Leng": 5745.7710386500003, "Shape_Area": 885930.24958299997, "WKT": null, "DB_ID": 232.0, "Time": 2004, "X": 228695.443168, "Y": 639051.480813, "WKT_1": null, "WKT_ISR": null }, "geometry": { "type": "MultiPolygon", "coordinates": [ [ [ [ 35.29522, 31.84782 ], [ 35.29791, 31.84665 ], [ 35.30031, 31.84665 ], [ 35.30172, 31.84609 ], [ 35.3037, 31.84637 ], [ 35.30464, 31.84588 ], [ 35.30591, 31.8458 ], [ 35.30704, 31.84608 ], [ 35.30827, 31.84596 ], [ 35.30902, 31.84463 ], [ 35.31057, 31.84335 ], [ 35.31156, 31.8429 ], [ 35.31236, 31.84266 ], [ 35.31272, 31.84181 ], [ 35.3131, 31.84168 ], [ 35.31386, 31.84116 ], [ 35.31501, 31.84075 ], [ 35.31571, 31.84007 ], [ 35.31556, 31.83936 ], [ 35.31531, 31.83934 ], [ 35.3149, 31.83954 ], [ 35.31413, 31.83991 ], [ 35.31375, 31.84025 ], [ 35.31298, 31.84085 ], [ 35.31258, 31.84118 ], [ 35.31242, 31.84125 ], [ 35.31187, 31.8412 ], [ 35.31088, 31.84078 ], [ 35.30888, 31.84088 ], [ 35.30821, 31.84115 ], [ 35.30731, 31.84118 ], [ 35.30687, 31.84112 ], [ 35.30584, 31.84149 ], [ 35.30477, 31.84168 ], [ 35.30423, 31.84197 ], [ 35.30347, 31.84213 ], [ 35.30199, 31.84289 ], [ 35.3013, 31.84286 ], [ 35.30087, 31.84272 ], [ 35.3002, 31.84246 ], [ 35.29945, 31.84216 ], [ 35.29831, 31.84216 ], [ 35.29725, 31.84251 ], [ 35.29672, 31.84299 ], [ 35.29633, 31.8435 ], [ 35.29538, 31.84358 ], [ 35.29405, 31.84367 ], [ 35.29364, 31.84394 ], [ 35.29318, 31.84443 ], [ 35.29168, 31.8452 ], [ 35.29132, 31.84537 ], [ 35.29155, 31.84582 ], [ 35.29178, 31.84605 ], [ 35.29182, 31.84647 ], [ 35.29182, 31.84681 ], [ 35.29168, 31.84724 ], [ 35.29169, 31.84769 ], [ 35.29238, 31.84777 ], [ 35.29258, 31.84806 ], [ 35.29251, 31.84845 ], [ 35.29271, 31.84882 ], [ 35.29275, 31.84918 ], [ 35.2932, 31.84891 ], [ 35.29522, 31.84782 ] ] ] ] } },
{ "type": "Feature", "properties": { "OBJECTID": 169, "Id": 0, "Name": "גבעת זאב", "NameEng": "Giva'at Ze'ev", "ET_ID": 0, "GIS_ID": 3730.0, "Type": "Settlement", "Ideologica": "No", "Shape_Leng": 8166.5706689400004, "Shape_Area": 1985153.9151600001, "WKT": null, "DB_ID": 31.0, "Time": 1983, "X": 215987.40695100001, "Y": 640907.90375499998, "WKT_1": null, "WKT_ISR": null }, "geometry": { "type": "MultiPolygon", "coordinates": [ [ [ [ 35.16033, 31.85917 ], [ 35.16, 31.85942 ], [ 35.15914, 31.86032 ], [ 35.15922, 31.86032 ], [ 35.15919, 31.86097 ], [ 35.15813, 31.86094 ], [ 35.15749, 31.86112 ], [ 35.15646, 31.86278 ], [ 35.15607, 31.86352 ], [ 35.15628, 31.86417 ], [ 35.15701, 31.86432 ], [ 35.15828, 31.86414 ], [ 35.15991, 31.86448 ], [ 35.16154, 31.86533 ], [ 35.1629, 31.866 ], [ 35.16492, 31.86652 ], [ 35.16659, 31.86753 ], [ 35.16743, 31.8682 ], [ 35.16928, 31.86737 ], [ 35.17061, 31.86707 ], [ 35.17152, 31.86588 ], [ 35.17206, 31.86528 ], [ 35.17222, 31.86402 ], [ 35.17318, 31.86294 ], [ 35.17482, 31.86294 ], [ 35.17527, 31.86482 ], [ 35.1753, 31.8657 ], [ 35.17651, 31.86601 ], [ 35.17799, 31.86585 ], [ 35.17914, 31.8649 ], [ 35.17984, 31.86405 ], [ 35.17966, 31.86374 ], [ 35.18011, 31.86327 ], [ 35.17908, 31.86255 ], [ 35.17824, 31.86278 ], [ 35.17799, 31.86232 ], [ 35.1786, 31.86203 ], [ 35.17857, 31.86051 ], [ 35.17766, 31.86043 ], [ 35.17597, 31.86087 ], [ 35.17527, 31.86084 ], [ 35.17494, 31.85961 ], [ 35.17527, 31.85752 ], [ 35.17403, 31.85773 ], [ 35.17352, 31.85649 ], [ 35.17234, 31.8568 ], [ 35.17034, 31.85535 ], [ 35.16699, 31.85285 ], [ 35.16643, 31.85314 ], [ 35.16648, 31.85355 ], [ 35.16678, 31.85414 ], [ 35.16668, 31.8542 ], [ 35.16631, 31.85413 ], [ 35.16602, 31.85394 ], [ 35.16585, 31.85387 ], [ 35.16556, 31.85385 ], [ 35.16534, 31.85361 ], [ 35.16531, 31.85333 ], [ 35.16553, 31.85279 ], [ 35.16566, 31.85233 ], [ 35.16544, 31.85223 ], [ 35.16414, 31.85308 ], [ 35.16387, 31.85354 ], [ 35.16354, 31.85418 ], [ 35.16345, 31.85472 ], [ 35.16285, 31.85532 ], [ 35.16167, 31.85568 ], [ 35.16149, 31.85852 ], [ 35.16233, 31.85916 ], [ 35.1636, 31.85924 ], [ 35.1639, 31.85934 ], [ 35.16254, 31.8596 ], [ 35.16142, 31.85952 ], [ 35.16034, 31.85919 ], [ 35.16033, 31.85917 ] ] ] ] } },
{ "type": "Feature", "properties": { "OBJECTID": 170, "Id": 0, "Name": "זית רענן", "NameEng": "Zayit Raanan", "ET_ID": 2435548, "GIS_ID": 0.035, "Type": "Outpost", "Ideologica": "Religious", "Shape_Leng": 2546.6579156900002, "Shape_Area": 274093.34015900001, "WKT": null, "DB_ID": 259.0, "Time": 2001, "X": 211052.25252099999, "Y": 651524.59675400006, "WKT_1": null, "WKT_ISR": null }, "geometry": { "type": "MultiPolygon", "coordinates": [ [ [ [ 35.11078, 31.95882 ], [ 35.11505, 31.95777 ], [ 35.11675, 31.95808 ], [ 35.11737, 31.95813 ], [ 35.11859, 31.95781 ], [ 35.11935, 31.95725 ], [ 35.11958, 31.95723 ], [ 35.11986, 31.95731 ], [ 35.12005, 31.95719 ], [ 35.12021, 31.95671 ], [ 35.12051, 31.95656 ], [ 35.12078, 31.95639 ], [ 35.12129, 31.95624 ], [ 35.12135, 31.9562 ], [ 35.12122, 31.95595 ], [ 35.12122, 31.95596 ], [ 35.12073, 31.95552 ], [ 35.12024, 31.95511 ], [ 35.1194, 31.9549 ], [ 35.11859, 31.95478 ], [ 35.11819, 31.95495 ], [ 35.11792, 31.95518 ], [ 35.11766, 31.95508 ], [ 35.11669, 31.95529 ], [ 35.11569, 31.95531 ], [ 35.11436, 31.95547 ], [ 35.11367, 31.95564 ], [ 35.11353, 31.9559 ], [ 35.11266, 31.95606 ], [ 35.1115, 31.95622 ], [ 35.11045, 31.9565 ], [ 35.11006, 31.95677 ], [ 35.11005, 31.95692 ], [ 35.11004, 31.95692 ], [ 35.11004, 31.95717 ], [ 35.11005, 31.9577 ], [ 35.11078, 31.95882 ] ] ] ] } },
{ "type": "Feature", "properties": { "OBJECTID": 171, "Id": 0, "Name": "חרשה", "NameEng": "Haresha", "ET_ID": 2435548, "GIS_ID": 0.037, "Type": "Outpost", "Ideologica": "Religious", "Shape_Leng": 2928.8111998700001, "Shape_Area": 336387.61829100002, "WKT": null, "DB_ID": 267.0, "Time": 1997, "X": 214080.697117, "Y": 650026.05130399996, "WKT_1": null, "WKT_ISR": null }, "geometry": { "type": "MultiPolygon", "coordinates": [ [ [ [ 35.14144, 31.9431 ], [ 35.14149, 31.94323 ], [ 35.14163, 31.94321 ], [ 35.14193, 31.94329 ], [ 35.14224, 31.94346 ], [ 35.14254, 31.94361 ], [ 35.14273, 31.94376 ], [ 35.14299, 31.9439 ], [ 35.14334, 31.94397 ], [ 35.14349, 31.94413 ], [ 35.14384, 31.94426 ], [ 35.14443, 31.94428 ], [ 35.14491, 31.94436 ], [ 35.1454, 31.9446 ], [ 35.14585, 31.9458 ], [ 35.14607, 31.94653 ], [ 35.14631, 31.94666 ], [ 35.1471, 31.94686 ], [ 35.14741, 31.94684 ], [ 35.14827, 31.94656 ], [ 35.14879, 31.94628 ], [ 35.14952, 31.94604 ], [ 35.14985, 31.94572 ], [ 35.15033, 31.94561 ], [ 35.15053, 31.94539 ], [ 35.15075, 31.94456 ], [ 35.15051, 31.94417 ], [ 35.15046, 31.94372 ], [ 35.1504, 31.94303 ], [ 35.15027, 31.94271 ], [ 35.15002, 31.94219 ], [ 35.14981, 31.94144 ], [ 35.14886, 31.9406 ], [ 35.14875, 31.94004 ], [ 35.14838, 31.9397 ], [ 35.14746, 31.93931 ], [ 35.14676, 31.93934 ], [ 35.14593, 31.93946 ], [ 35.14569, 31.93974 ], [ 35.14569, 31.94022 ], [ 35.14569, 31.94093 ], [ 35.14562, 31.94196 ], [ 35.14532, 31.94245 ], [ 35.14494, 31.94303 ], [ 35.14466, 31.944 ], [ 35.14428, 31.94396 ], [ 35.1438, 31.94383 ], [ 35.14327, 31.94385 ], [ 35.14273, 31.94359 ], [ 35.14183, 31.94318 ], [ 35.14144, 31.9431 ] ] ] ] } },
{ "type": "Feature", "properties": { "OBJECTID": 172, "Id": 0, "Name": "חורש ירון", "NameEng": "Horesh Yaron", "ET_ID": 2435548, "GIS_ID": 0.036, "Type": "Settlement", "Ideologica": "Religious", "Shape_Leng": 1972.7187318, "Shape_Area": 107291.594274, "WKT": null, "DB_ID": 265.0, "Time": 1997, "X": 213340.13581199999, "Y": 650290.63294699998, "WKT_1": null, "WKT_ISR": null }, "geometry": { "type": "MultiPolygon", "coordinates": [ [ [ [ 35.14149, 31.94323 ], [ 35.14144, 31.9431 ], [ 35.14119, 31.94304 ], [ 35.14034, 31.94319 ], [ 35.13948, 31.9442 ], [ 35.13895, 31.94461 ], [ 35.13799, 31.94424 ], [ 35.138, 31.9442 ], [ 35.13774, 31.94429 ], [ 35.13757, 31.94455 ], [ 35.13757, 31.94503 ], [ 35.13759, 31.94539 ], [ 35.13821, 31.94603 ], [ 35.13863, 31.94625 ], [ 35.13885, 31.94641 ], [ 35.13958, 31.94679 ], [ 35.14, 31.94746 ], [ 35.13988, 31.94794 ], [ 35.1393, 31.9492 ], [ 35.13937, 31.94928 ], [ 35.14037, 31.94852 ], [ 35.14116, 31.94757 ], [ 35.14133, 31.94723 ], [ 35.14128, 31.94706 ], [ 35.14013, 31.94616 ], [ 35.14009, 31.94577 ], [ 35.14053, 31.94564 ], [ 35.14084, 31.94508 ], [ 35.14098, 31.94466 ], [ 35.14123, 31.94438 ], [ 35.14123, 31.94414 ], [ 35.14123, 31.94378 ], [ 35.1414, 31.94348 ], [ 35.14147, 31.94323 ], [ 35.14149, 31.94323 ] ] ] ] } },
{ "type": "Feature", "properties": { "OBJECTID": 174, "Id": 0, "Name": "מצפה אשתמוע", "NameEng": "Mitzpe Eshtamoa", "ET_ID": 187393, "GIS_ID": 3784.1, "Type": "Settlement", "Ideologica": "No", "Shape_Leng": 1242.7802440299999, "Shape_Area": 38238.90220750001, "WKT": null, "DB_ID": 286.0, "Time": 2003, "X": 201538.86444500001, "Y": 589046.15519399999, "WKT_1": null, "WKT_ISR": null }, "geometry": { "type": "MultiPolygon", "coordinates": [ [ [ [ 35.01799, 31.39374 ], [ 35.01791, 31.39319 ], [ 35.0169, 31.39305 ], [ 35.01659, 31.39297 ], [ 35.01636, 31.39287 ], [ 35.01618, 31.39279 ], [ 35.01602, 31.39279 ], [ 35.01564, 31.39271 ], [ 35.01545, 31.3927 ], [ 35.01527, 31.3923 ], [ 35.01515, 31.39227 ], [ 35.01512, 31.39221 ], [ 35.01486, 31.39222 ], [ 35.01468, 31.392 ], [ 35.01446, 31.3915 ], [ 35.01443, 31.3911 ], [ 35.01452, 31.39095 ], [ 35.01457, 31.39087 ], [ 35.01445, 31.39076 ], [ 35.01433, 31.39099 ], [ 35.01431, 31.39128 ], [ 35.01441, 31.39179 ], [ 35.01461, 31.39211 ], [ 35.0147, 31.39223 ], [ 35.01454, 31.39243 ], [ 35.01443, 31.39306 ], [ 35.01463, 31.39337 ], [ 35.01499, 31.39347 ], [ 35.01531, 31.39345 ], [ 35.01578, 31.39355 ], [ 35.01584, 31.39362 ], [ 35.01639, 31.39398 ], [ 35.01725, 31.39418 ], [ 35.01773, 31.3939 ], [ 35.01799, 31.39374 ] ] ] ] } },
{ "type": "Feature", "properties": { "OBJECTID": 175, "Id": 0, "Name": "חוות לוציפר", "NameEng": "Lotziphar Farm", "ET_ID": 878992, "GIS_ID": 0.075, "Type": "Outpost", "Ideologica": "Religious", "Shape_Leng": 2245.2579796199998, "Shape_Area": 59877.388579099999, "WKT": null, "DB_ID": 300.0, "Time": 1996, "X": 211668.62690100001, "Y": 586067.28660800005, "WKT_1": null, "WKT_ISR": null }, "geometry": { "type": "MultiPolygon", "coordinates": [ [ [ [ 35.11699, 31.36323 ], [ 35.11681, 31.36352 ], [ 35.1173, 31.36353 ], [ 35.11829, 31.36395 ], [ 35.11958, 31.36469 ], [ 35.1216, 31.36604 ], [ 35.12247, 31.36718 ], [ 35.12317, 31.36767 ], [ 35.12346, 31.3682 ], [ 35.12481, 31.36811 ], [ 35.12568, 31.36787 ], [ 35.12523, 31.36696 ], [ 35.12472, 31.36643 ], [ 35.12382, 31.36646 ], [ 35.12353, 31.36723 ], [ 35.12289, 31.36712 ], [ 35.12218, 31.36627 ], [ 35.12154, 31.36552 ], [ 35.12083, 31.36497 ], [ 35.11984, 31.36447 ], [ 35.1189, 31.36398 ], [ 35.11791, 31.36345 ], [ 35.11699, 31.36323 ] ] ] ] } },
{ "type": "Feature", "properties": { "OBJECTID": 176, "Id": 0, "Name": "מצפה לכיש", "NameEng": "Mitzpe Lachish", "ET_ID": 322148, "GIS_ID": 0.077, "Type": "Outpost", "Ideologica": "Religious", "Shape_Leng": 1297.1247827100001, "Shape_Area": 44158.774051, "WKT": null, "DB_ID": 293.0, "Time": 2002, "X": 197266.41231700001, "Y": 600526.43494099996, "WKT_1": null, "WKT_ISR": null }, "geometry": { "type": "MultiPolygon", "coordinates": [ [ [ [ 34.97451, 31.49554 ], [ 34.97447, 31.4955 ], [ 34.9743, 31.49552 ], [ 34.97423, 31.49567 ], [ 34.97403, 31.49582 ], [ 34.97376, 31.49599 ], [ 34.97297, 31.49635 ], [ 34.97261, 31.49622 ], [ 34.97232, 31.49633 ], [ 34.97199, 31.49645 ], [ 34.9716, 31.49622 ], [ 34.97087, 31.49611 ], [ 34.97019, 31.49593 ], [ 34.96963, 31.496 ], [ 34.96923, 31.49622 ], [ 34.96894, 31.49662 ], [ 34.96902, 31.49717 ], [ 34.96931, 31.4973 ], [ 34.96991, 31.49746 ], [ 34.97068, 31.49737 ], [ 34.97128, 31.4972 ], [ 34.97184, 31.49698 ], [ 34.97222, 31.49661 ], [ 34.97274, 31.49651 ], [ 34.97309, 31.49672 ], [ 34.97375, 31.4963 ], [ 34.97429, 31.49583 ], [ 34.97451, 31.49554 ] ] ] ] } },
{ "type": "Feature", "properties": { "OBJECTID": 177, "Id": 0, "Name": "פני קדם", "NameEng": "Pnei Kedem", "ET_ID": 486573, "GIS_ID": 0.074, "Type": "Outpost", "Ideologica": "Ultra Orthodox", "Shape_Leng": 2645.8434440699998, "Shape_Area": 187256.966239, "WKT": null, "DB_ID": 311.0, "Time": 2002, "X": 218649.95783, "Y": 610674.01225100004, "WKT_1": null, "WKT_ISR": null }, "geometry": { "type": "MultiPolygon", "coordinates": [ [ [ [ 35.19062, 31.59141 ], [ 35.1904, 31.59182 ], [ 35.1904, 31.59196 ], [ 35.19065, 31.59189 ], [ 35.19104, 31.59187 ], [ 35.19206, 31.59179 ], [ 35.19296, 31.59147 ], [ 35.19406, 31.59087 ], [ 35.19426, 31.59104 ], [ 35.19454, 31.5912 ], [ 35.19513, 31.59102 ], [ 35.19561, 31.59066 ], [ 35.19593, 31.58993 ], [ 35.19654, 31.58962 ], [ 35.19717, 31.58947 ], [ 35.19817, 31.5895 ], [ 35.19851, 31.58918 ], [ 35.19829, 31.5887 ], [ 35.19841, 31.5882 ], [ 35.19822, 31.58756 ], [ 35.19751, 31.58704 ], [ 35.19771, 31.58658 ], [ 35.19827, 31.58591 ], [ 35.19819, 31.58527 ], [ 35.1978, 31.58491 ], [ 35.19703, 31.5851 ], [ 35.19625, 31.58587 ], [ 35.19574, 31.5861 ], [ 35.19486, 31.5872 ], [ 35.19428, 31.58831 ], [ 35.19415, 31.58904 ], [ 35.19372, 31.58997 ], [ 35.19338, 31.59102 ], [ 35.19252, 31.59139 ], [ 35.19148, 31.59164 ], [ 35.1908, 31.59156 ], [ 35.19062, 31.59141 ] ] ] ] } },
{ "type": "Feature", "properties": { "OBJECTID": 178, "Id": 0, "Name": "איבי הנחל", "NameEng": "Ibei Hanachal", "ET_ID": 497849, "GIS_ID": 0.072, "Type": "Outpost", "Ideologica": "Religious", "Shape_Leng": 1921.67028209, "Shape_Area": 174827.57982399999, "WKT": null, "DB_ID": 225.0, "Time": 1999, "X": 220925.50321699999, "Y": 612580.82207600004, "WKT_1": null, "WKT_ISR": null }, "geometry": { "type": "MultiPolygon", "coordinates": [ [ [ [ 35.22229, 31.60813 ], [ 35.22229, 31.60801 ], [ 35.22227, 31.60796 ], [ 35.22227, 31.60797 ], [ 35.22213, 31.60797 ], [ 35.22187, 31.60756 ], [ 35.22162, 31.60681 ], [ 35.22207, 31.60669 ], [ 35.22229, 31.60645 ], [ 35.22248, 31.60595 ], [ 35.22197, 31.60585 ], [ 35.22118, 31.60566 ], [ 35.22108, 31.60544 ], [ 35.22108, 31.60425 ], [ 35.22081, 31.60268 ], [ 35.22041, 31.60226 ], [ 35.21896, 31.60295 ], [ 35.2189, 31.60354 ], [ 35.21837, 31.60443 ], [ 35.2178, 31.605 ], [ 35.21756, 31.60534 ], [ 35.21782, 31.60652 ], [ 35.21851, 31.60719 ], [ 35.21925, 31.60778 ], [ 35.21961, 31.6078 ], [ 35.22036, 31.60783 ], [ 35.22171, 31.60825 ], [ 35.22201, 31.6081 ], [ 35.22221, 31.60814 ], [ 35.22229, 31.60813 ] ] ] ] } },
{ "type": "Feature", "properties": { "OBJECTID": 179, "Id": 0, "Name": "עדי עד", "NameEng": "Adei Ad", "ET_ID": 1109021, "GIS_ID": 0.116, "Type": "Outpost", "Ideologica": "Extreme", "Shape_Leng": 5533.2452070999998, "Shape_Area": 634285.55042999994, "WKT": null, "DB_ID": 306.0, "Time": 1998, "X": 231835.373016, "Y": 660822.15090600005, "WKT_1": null, "WKT_ISR": null }, "geometry": { "type": "MultiPolygon", "coordinates": [ [ [ [ 35.33753, 32.04331 ], [ 35.3376, 32.04304 ], [ 35.33794, 32.04285 ], [ 35.33759, 32.04234 ], [ 35.33701, 32.04169 ], [ 35.33683, 32.04121 ], [ 35.33727, 32.04144 ], [ 35.33793, 32.04171 ], [ 35.33851, 32.04156 ], [ 35.33906, 32.04182 ], [ 35.33927, 32.0418 ], [ 35.33984, 32.0416 ], [ 35.34138, 32.04201 ], [ 35.3431, 32.04185 ], [ 35.34344, 32.04123 ], [ 35.3433, 32.03999 ], [ 35.34278, 32.03959 ], [ 35.3414, 32.03975 ], [ 35.34061, 32.03987 ], [ 35.3405, 32.03984 ], [ 35.33849, 32.03937 ], [ 35.33759, 32.03945 ], [ 35.3376, 32.03976 ], [ 35.33731, 32.03993 ], [ 35.33681, 32.03901 ], [ 35.33678, 32.03876 ], [ 35.337, 32.03822 ], [ 35.33748, 32.03801 ], [ 35.33794, 32.03777 ], [ 35.33825, 32.03746 ], [ 35.33751, 32.03669 ], [ 35.3368, 32.03642 ], [ 35.33636, 32.03625 ], [ 35.33599, 32.03631 ], [ 35.33516, 32.03633 ], [ 35.33451, 32.03688 ], [ 35.33389, 32.03763 ], [ 35.33311, 32.0382 ], [ 35.3323, 32.03868 ], [ 35.33198, 32.0381 ], [ 35.33289, 32.03733 ], [ 35.33311, 32.03627 ], [ 35.33328, 32.03557 ], [ 35.33258, 32.03549 ], [ 35.33243, 32.0361 ], [ 35.33225, 32.03743 ], [ 35.33123, 32.03796 ], [ 35.33148, 32.03904 ], [ 35.33094, 32.03917 ], [ 35.33032, 32.03935 ], [ 35.32992, 32.03978 ], [ 35.32989, 32.04 ], [ 35.3298, 32.04043 ], [ 35.32968, 32.04072 ], [ 35.3294, 32.04102 ], [ 35.32942, 32.04127 ], [ 35.32944, 32.04165 ], [ 35.32937, 32.04199 ], [ 35.32949, 32.04215 ], [ 35.32974, 32.04222 ], [ 35.33047, 32.04228 ], [ 35.33069, 32.04228 ], [ 35.33131, 32.0423 ], [ 35.33165, 32.04261 ], [ 35.33179, 32.04299 ], [ 35.3318, 32.04338 ], [ 35.33259, 32.0442 ], [ 35.33288, 32.04427 ], [ 35.33385, 32.04369 ], [ 35.33459, 32.04372 ], [ 35.3353, 32.04327 ], [ 35.33558, 32.04348 ], [ 35.3357, 32.04413 ], [ 35.3361, 32.04456 ], [ 35.33653, 32.04479 ], [ 35.33656, 32.04508 ], [ 35.33708, 32.04551 ], [ 35.33736, 32.04522 ], [ 35.33736, 32.04522 ], [ 35.33731, 32.04479 ], [ 35.33714, 32.04448 ], [ 35.33763, 32.04418 ], [ 35.33792, 32.04398 ], [ 35.33778, 32.04367 ], [ 35.33753, 32.04331 ] ] ] ] } },
{ "type": "Feature", "properties": { "OBJECTID": 180, "Id": 0, "Name": "אזור תעשיה אריאל", "NameEng": "Ariel Industrial Area", "ET_ID": 1902470, "GIS_ID": 0.208, "Type": "Industrial Area", "Ideologica": "Industry", "Shape_Leng": 4336.2901890900002, "Shape_Area": 945996.01165899995, "WKT": null, "DB_ID": 326.0, "Time": 0, "X": 211665.96907399999, "Y": 666725.07045600004, "WKT_1": null, "WKT_ISR": null }, "geometry": { "type": "MultiPolygon", "coordinates": [ [ [ [ 35.12662, 32.09621 ], [ 35.12659, 32.0957 ], [ 35.12767, 32.09611 ], [ 35.12976, 32.09596 ], [ 35.13015, 32.09627 ], [ 35.13138, 32.095 ], [ 35.13105, 32.09465 ], [ 35.12995, 32.09391 ], [ 35.12888, 32.09364 ], [ 35.12784, 32.09384 ], [ 35.1269, 32.09416 ], [ 35.12622, 32.09327 ], [ 35.12614, 32.09311 ], [ 35.12598, 32.09292 ], [ 35.12616, 32.09231 ], [ 35.12516, 32.09131 ], [ 35.12415, 32.09035 ], [ 35.12297, 32.08972 ], [ 35.1221, 32.08946 ], [ 35.12115, 32.08892 ], [ 35.11993, 32.08815 ], [ 35.11884, 32.08882 ], [ 35.11829, 32.08989 ], [ 35.11799, 32.09005 ], [ 35.11676, 32.09047 ], [ 35.1158, 32.09127 ], [ 35.11555, 32.09226 ], [ 35.11543, 32.09336 ], [ 35.11516, 32.09412 ], [ 35.11543, 32.09437 ], [ 35.11596, 32.09519 ], [ 35.11732, 32.09657 ], [ 35.11912, 32.09754 ], [ 35.12109, 32.09793 ], [ 35.12302, 32.09824 ], [ 35.12306, 32.09827 ], [ 35.12366, 32.09809 ], [ 35.12474, 32.09805 ], [ 35.12545, 32.0979 ], [ 35.12631, 32.09752 ], [ 35.12655, 32.09709 ], [ 35.1267, 32.09655 ], [ 35.12662, 32.09621 ] ] ] ] } },
{ "type": "Feature", "properties": { "OBJECTID": 181, "Id": 0, "Name": "צופית אלישע", "NameEng": "Zufit Elisha", "ET_ID": 759515, "GIS_ID": 0.033, "Type": "Settlement", "Ideologica": "Religious", "Shape_Leng": 684.38582408399998, "Shape_Area": 30108.585605200002, "WKT": "MULTIPOLYGON (((213241.85419999994 657605.97729999945, 213176.97719999962 657663.31430000067, 213174.62999999989 657649.41000000015, 213152.03000000026 657618.73000000045, 213124.58000000007 657575.1400000006, 213098.75 657515.41000000015, 213148.7999999", "DB_ID": 227.0, "Time": 1999, "X": 213207.45179200001, "Y": 657539.01707399997, "WKT_1": null, "WKT_ISR": null }, "geometry": { "type": "MultiPolygon", "coordinates": [ [ [ [ 35.13903, 32.01164 ], [ 35.13937, 32.01156 ], [ 35.13937, 32.01105 ], [ 35.13907, 32.01046 ], [ 35.13849, 32.00999 ], [ 35.13768, 32.01028 ], [ 35.13715, 32.01078 ], [ 35.13743, 32.01132 ], [ 35.13772, 32.01171 ], [ 35.13796, 32.01199 ], [ 35.13798, 32.01211 ], [ 35.13867, 32.01159 ], [ 35.13903, 32.01164 ] ] ] ] } },
{ "type": "Feature", "properties": { "OBJECTID": 182, "Id": 0, "Name": "אגן האיילות", "NameEng": "Agan Haayalot", "ET_ID": 0, "GIS_ID": 3730.4, "Type": "Settlement", "Ideologica": "No", "Shape_Leng": 9596.9421755999992, "Shape_Area": 1760421.4791600001, "WKT": null, "DB_ID": 332.0, "Time": 0, "X": 213892.844942, "Y": 641201.11604999995, "WKT_1": null, "WKT_ISR": null }, "geometry": { "type": "MultiPolygon", "coordinates": [ [ [ [ 35.1361, 31.8703 ], [ 35.13961, 31.86961 ], [ 35.14164, 31.86961 ], [ 35.142, 31.86894 ], [ 35.14155, 31.867 ], [ 35.14116, 31.86653 ], [ 35.14158, 31.86627 ], [ 35.14201, 31.86601 ], [ 35.14266, 31.86573 ], [ 35.14327, 31.86546 ], [ 35.14407, 31.86557 ], [ 35.14484, 31.86582 ], [ 35.1458, 31.86602 ], [ 35.14591, 31.86595 ], [ 35.14596, 31.86597 ], [ 35.14693, 31.86587 ], [ 35.14778, 31.86644 ], [ 35.14841, 31.86698 ], [ 35.14926, 31.86703 ], [ 35.15032, 31.86641 ], [ 35.15159, 31.86593 ], [ 35.15286, 31.86623 ], [ 35.15443, 31.86685 ], [ 35.15525, 31.86685 ], [ 35.15576, 31.86644 ], [ 35.1551, 31.86569 ], [ 35.15425, 31.86518 ], [ 35.15374, 31.86489 ], [ 35.15253, 31.8635 ], [ 35.15292, 31.86306 ], [ 35.15447, 31.86228 ], [ 35.15574, 31.86174 ], [ 35.1564, 31.86081 ], [ 35.15695, 31.86037 ], [ 35.15837, 31.86027 ], [ 35.15914, 31.86032 ], [ 35.16, 31.85942 ], [ 35.16033, 31.85917 ], [ 35.16025, 31.85878 ], [ 35.16008, 31.85875 ], [ 35.16016, 31.85852 ], [ 35.16019, 31.85707 ], [ 35.1596, 31.8558 ], [ 35.15868, 31.85572 ], [ 35.15632, 31.85645 ], [ 35.15275, 31.85716 ], [ 35.15279, 31.85744 ], [ 35.154, 31.85834 ], [ 35.15429, 31.85849 ], [ 35.15392, 31.85939 ], [ 35.15259, 31.85962 ], [ 35.15126, 31.8597 ], [ 35.14969, 31.85862 ], [ 35.1492, 31.85893 ], [ 35.14854, 31.85939 ], [ 35.148, 31.85849 ], [ 35.14742, 31.85898 ], [ 35.14654, 31.85849 ], [ 35.14588, 31.86071 ], [ 35.14473, 31.86176 ], [ 35.14352, 31.86225 ], [ 35.142, 31.86243 ], [ 35.14019, 31.86192 ], [ 35.13871, 31.86215 ], [ 35.13677, 31.86328 ], [ 35.13441, 31.86388 ], [ 35.13269, 31.86421 ], [ 35.13187, 31.86501 ], [ 35.13262, 31.86609 ], [ 35.13513, 31.86764 ], [ 35.13528, 31.86819 ], [ 35.13459, 31.86844 ], [ 35.13359, 31.86829 ], [ 35.13202, 31.86751 ], [ 35.13111, 31.86751 ], [ 35.13102, 31.86808 ], [ 35.13223, 31.86886 ], [ 35.13292, 31.87004 ], [ 35.13319, 31.87126 ], [ 35.13365, 31.87167 ], [ 35.1361, 31.8703 ] ] ] ] } },
{ "type": "Feature", "properties": { "OBJECTID": 183, "Id": 0, "Name": "גבעת עיטם", "NameEng": "Givat Eitam", "ET_ID": 0, "GIS_ID": 0.189, "Type": "Outpost", "Ideologica": null, "Shape_Leng": 13462.464021199999, "Shape_Area": 1226075.6605400001, "WKT": null, "DB_ID": 357.0, "Time": 2018, "X": 218310.09818900001, "Y": 620631.87893999997, "WKT_1": null, "WKT_ISR": null }, "geometry": { "type": "MultiPolygon", "coordinates": [ [ [ [ 35.19834, 31.68362 ], [ 35.19816, 31.68332 ], [ 35.19797, 31.68313 ], [ 35.19794, 31.68311 ], [ 35.19789, 31.68306 ], [ 35.19769, 31.68272 ], [ 35.19758, 31.68234 ], [ 35.1976, 31.68223 ], [ 35.1977, 31.68218 ], [ 35.19788, 31.68219 ], [ 35.19796, 31.68227 ], [ 35.19809, 31.68252 ], [ 35.19817, 31.68275 ], [ 35.19846, 31.68312 ], [ 35.19857, 31.68328 ], [ 35.1987, 31.68348 ], [ 35.19887, 31.68375 ], [ 35.19933, 31.68383 ], [ 35.19969, 31.68372 ], [ 35.19986, 31.6836 ], [ 35.20017, 31.68345 ], [ 35.20037, 31.68329 ], [ 35.2013, 31.68224 ], [ 35.20132, 31.68218 ], [ 35.20098, 31.68184 ], [ 35.20104, 31.68166 ], [ 35.20104, 31.6813 ], [ 35.20099, 31.68124 ], [ 35.20072, 31.68114 ], [ 35.20068, 31.68119 ], [ 35.20064, 31.68128 ], [ 35.20066, 31.68136 ], [ 35.20064, 31.68144 ], [ 35.20057, 31.68155 ], [ 35.19992, 31.68127 ], [ 35.19986, 31.68118 ], [ 35.19978, 31.68101 ], [ 35.19967, 31.68057 ], [ 35.19925, 31.67969 ], [ 35.19924, 31.67958 ], [ 35.19928, 31.67943 ], [ 35.19921, 31.67927 ], [ 35.19917, 31.67925 ], [ 35.19901, 31.67908 ], [ 35.19886, 31.67901 ], [ 35.19881, 31.67894 ], [ 35.19875, 31.67884 ], [ 35.19869, 31.6786 ], [ 35.1986, 31.67843 ], [ 35.19849, 31.6783 ], [ 35.19835, 31.67825 ], [ 35.19832, 31.6783 ], [ 35.19818, 31.6784 ], [ 35.19809, 31.67851 ], [ 35.19801, 31.67868 ], [ 35.19798, 31.67872 ], [ 35.19786, 31.6788 ], [ 35.19777, 31.67889 ], [ 35.19761, 31.67902 ], [ 35.19756, 31.67911 ], [ 35.19751, 31.67914 ], [ 35.19737, 31.67914 ], [ 35.1973, 31.67913 ], [ 35.19718, 31.67909 ], [ 35.19684, 31.67883 ], [ 35.19664, 31.67873 ], [ 35.19647, 31.67852 ], [ 35.1968, 31.67816 ], [ 35.19654, 31.67798 ], [ 35.19642, 31.67793 ], [ 35.19631, 31.67785 ], [ 35.19623, 31.67776 ], [ 35.19614, 31.6777 ], [ 35.19587, 31.67771 ], [ 35.19578, 31.67767 ], [ 35.19577, 31.67764 ], [ 35.19571, 31.67762 ], [ 35.19566, 31.67759 ], [ 35.19566, 31.67753 ], [ 35.1957, 31.67749 ], [ 35.19572, 31.67747 ], [ 35.19575, 31.67738 ], [ 35.19574, 31.67729 ], [ 35.19573, 31.67725 ], [ 35.19573, 31.67723 ], [ 35.19576, 31.67716 ], [ 35.1958, 31.67713 ], [ 35.19584, 31.6771 ], [ 35.19588, 31.67707 ], [ 35.19591, 31.67706 ], [ 35.19593, 31.67706 ], [ 35.19601, 31.67704 ], [ 35.19602, 31.67704 ], [ 35.1961, 31.67705 ], [ 35.19614, 31.67705 ], [ 35.19619, 31.67705 ], [ 35.19625, 31.67705 ], [ 35.19632, 31.67703 ], [ 35.1964, 31.677 ], [ 35.19645, 31.67697 ], [ 35.19647, 31.67696 ], [ 35.19655, 31.67688 ], [ 35.19656, 31.67684 ], [ 35.19663, 31.67678 ], [ 35.19682, 31.6767 ], [ 35.19689, 31.67664 ], [ 35.19697, 31.67657 ], [ 35.19701, 31.67647 ], [ 35.19701, 31.67638 ], [ 35.19694, 31.6763 ], [ 35.19685, 31.67618 ], [ 35.19679, 31.67608 ], [ 35.19666, 31.67596 ], [ 35.19657, 31.67581 ], [ 35.19642, 31.67553 ], [ 35.19626, 31.67538 ], [ 35.19623, 31.67538 ], [ 35.19616, 31.67537 ], [ 35.19614, 31.67535 ], [ 35.19612, 31.67533 ], [ 35.19609, 31.67531 ], [ 35.19608, 31.6753 ], [ 35.19606, 31.67528 ], [ 35.19594, 31.6751 ], [ 35.19593, 31.67499 ], [ 35.19584, 31.67492 ], [ 35.19583, 31.67483 ], [ 35.19567, 31.67476 ], [ 35.19558, 31.67469 ], [ 35.19551, 31.67459 ], [ 35.19545, 31.67457 ], [ 35.19546, 31.67449 ], [ 35.19546, 31.67443 ], [ 35.19543, 31.67432 ], [ 35.19536, 31.67425 ], [ 35.19532, 31.6742 ], [ 35.19526, 31.67416 ], [ 35.1952, 31.67413 ], [ 35.19517, 31.67412 ], [ 35.19513, 31.6741 ], [ 35.19509, 31.6741 ], [ 35.19492, 31.67409 ], [ 35.19479, 31.67404 ], [ 35.1947, 31.67398 ], [ 35.1946, 31.67387 ], [ 35.1945, 31.67373 ], [ 35.19446, 31.67366 ], [ 35.19441, 31.67358 ], [ 35.19436, 31.67348 ], [ 35.19428, 31.67328 ], [ 35.19418, 31.67314 ], [ 35.19408, 31.67303 ], [ 35.194, 31.67291 ], [ 35.19394, 31.67277 ], [ 35.19393, 31.67269 ], [ 35.19394, 31.67265 ], [ 35.19395, 31.67262 ], [ 35.194, 31.67256 ], [ 35.19413, 31.67248 ], [ 35.19433, 31.67229 ], [ 35.19435, 31.67226 ], [ 35.19444, 31.67211 ], [ 35.19454, 31.67199 ], [ 35.19482, 31.6715 ], [ 35.19483, 31.67136 ], [ 35.19503, 31.67107 ], [ 35.19523, 31.67095 ], [ 35.19501, 31.67075 ], [ 35.19482, 31.6706 ], [ 35.19466, 31.67048 ], [ 35.19444, 31.6706 ], [ 35.19369, 31.67118 ], [ 35.19361, 31.6713 ], [ 35.19358, 31.67137 ], [ 35.19218, 31.67196 ], [ 35.19136, 31.67199 ], [ 35.19096, 31.6721 ], [ 35.19059, 31.67229 ], [ 35.19049, 31.67234 ], [ 35.19032, 31.67254 ], [ 35.19008, 31.67265 ], [ 35.18971, 31.67282 ], [ 35.18895, 31.67311 ], [ 35.18872, 31.67316 ], [ 35.18855, 31.67323 ], [ 35.1882, 31.67341 ], [ 35.18799, 31.67359 ], [ 35.18786, 31.6738 ], [ 35.18763, 31.67406 ], [ 35.18751, 31.67425 ], [ 35.18743, 31.67439 ], [ 35.18742, 31.67449 ], [ 35.18738, 31.67457 ], [ 35.18736, 31.67467 ], [ 35.1873, 31.67474 ], [ 35.18718, 31.67481 ], [ 35.1871, 31.67483 ], [ 35.18699, 31.67475 ], [ 35.18693, 31.67466 ], [ 35.18697, 31.67456 ], [ 35.18708, 31.67444 ], [ 35.18713, 31.67436 ], [ 35.18717, 31.67424 ], [ 35.18739, 31.67399 ], [ 35.18749, 31.67378 ], [ 35.1875, 31.67346 ], [ 35.1874, 31.67339 ], [ 35.1873, 31.67328 ], [ 35.18718, 31.67324 ], [ 35.1871, 31.67318 ], [ 35.18684, 31.67309 ], [ 35.1867, 31.6731 ], [ 35.18641, 31.67319 ], [ 35.1863, 31.67321 ], [ 35.18608, 31.67309 ], [ 35.18587, 31.67307 ], [ 35.18573, 31.673 ], [ 35.18546, 31.67292 ], [ 35.18519, 31.67289 ], [ 35.18506, 31.6729 ], [ 35.18474, 31.67289 ], [ 35.18475, 31.67339 ], [ 35.18461, 31.67341 ], [ 35.18442, 31.67348 ], [ 35.1842, 31.67357 ], [ 35.18387, 31.67372 ], [ 35.18368, 31.67382 ], [ 35.18349, 31.67389 ], [ 35.18333, 31.67396 ], [ 35.18315, 31.67404 ], [ 35.18308, 31.67407 ], [ 35.18299, 31.67407 ], [ 35.18292, 31.67405 ], [ 35.18287, 31.67402 ], [ 35.18283, 31.67399 ], [ 35.18278, 31.67393 ], [ 35.18272, 31.67379 ], [ 35.18264, 31.67341 ], [ 35.18262, 31.6733 ], [ 35.18263, 31.67323 ], [ 35.18264, 31.67302 ], [ 35.18265, 31.6729 ], [ 35.18273, 31.67265 ], [ 35.18273, 31.67265 ], [ 35.18274, 31.67256 ], [ 35.1828, 31.67243 ], [ 35.18293, 31.67228 ], [ 35.18294, 31.67228 ], [ 35.18302, 31.67216 ], [ 35.18313, 31.67202 ], [ 35.18322, 31.67188 ], [ 35.18335, 31.67172 ], [ 35.18341, 31.67164 ], [ 35.18351, 31.67148 ], [ 35.18359, 31.67133 ], [ 35.18364, 31.6712 ], [ 35.18369, 31.67106 ], [ 35.18373, 31.67095 ], [ 35.18376, 31.67081 ], [ 35.18375, 31.67069 ], [ 35.18375, 31.67058 ], [ 35.18381, 31.67045 ], [ 35.18387, 31.6704 ], [ 35.18397, 31.67037 ], [ 35.18398, 31.67034 ], [ 35.18337, 31.67043 ], [ 35.18338, 31.67045 ], [ 35.18343, 31.67046 ], [ 35.18349, 31.67047 ], [ 35.18354, 31.67051 ], [ 35.18357, 31.67055 ], [ 35.18355, 31.67069 ], [ 35.18355, 31.6708 ], [ 35.18354, 31.67094 ], [ 35.18347, 31.67108 ], [ 35.18322, 31.67157 ], [ 35.18286, 31.67208 ], [ 35.18272, 31.67222 ], [ 35.18268, 31.67228 ], [ 35.1826, 31.67241 ], [ 35.18252, 31.67256 ], [ 35.1825, 31.67265 ], [ 35.18249, 31.67269 ], [ 35.18245, 31.67287 ], [ 35.18244, 31.67299 ], [ 35.18243, 31.67314 ], [ 35.18243, 31.67328 ], [ 35.18245, 31.67344 ], [ 35.18248, 31.67366 ], [ 35.18258, 31.67395 ], [ 35.18264, 31.67407 ], [ 35.18273, 31.67416 ], [ 35.18282, 31.6742 ], [ 35.18302, 31.67425 ], [ 35.18305, 31.67424 ], [ 35.18309, 31.67424 ], [ 35.18315, 31.67423 ], [ 35.1832, 31.67422 ], [ 35.18324, 31.6742 ], [ 35.18328, 31.67418 ], [ 35.18361, 31.67402 ], [ 35.18377, 31.67397 ], [ 35.18443, 31.67366 ], [ 35.18458, 31.6736 ], [ 35.18475, 31.67357 ], [ 35.18475, 31.67361 ], [ 35.18503, 31.67364 ], [ 35.18512, 31.67366 ], [ 35.1853, 31.67389 ], [ 35.18545, 31.6742 ], [ 35.18549, 31.67437 ], [ 35.18546, 31.67449 ], [ 35.18516, 31.67497 ], [ 35.18519, 31.67515 ], [ 35.18527, 31.67521 ], [ 35.18525, 31.67529 ], [ 35.1853, 31.67534 ], [ 35.18533, 31.6754 ], [ 35.1854, 31.67547 ], [ 35.18552, 31.67557 ], [ 35.18562, 31.67565 ], [ 35.18575, 31.67578 ], [ 35.18587, 31.67589 ], [ 35.18598, 31.67596 ], [ 35.18624, 31.67597 ], [ 35.18653, 31.67603 ], [ 35.1867, 31.67592 ], [ 35.18695, 31.67574 ], [ 35.18751, 31.67564 ], [ 35.18768, 31.67558 ], [ 35.18781, 31.67564 ], [ 35.18786, 31.67565 ], [ 35.18792, 31.67559 ], [ 35.18803, 31.67545 ], [ 35.18806, 31.67533 ], [ 35.18815, 31.67528 ], [ 35.18824, 31.6754 ], [ 35.18818, 31.67545 ], [ 35.18824, 31.67578 ], [ 35.18833, 31.67586 ], [ 35.18841, 31.6759 ], [ 35.18812, 31.67617 ], [ 35.18808, 31.6763 ], [ 35.18772, 31.67647 ], [ 35.18782, 31.67687 ], [ 35.18783, 31.67755 ], [ 35.18713, 31.67746 ], [ 35.18685, 31.67752 ], [ 35.18678, 31.67752 ], [ 35.18675, 31.67747 ], [ 35.18648, 31.67749 ], [ 35.18643, 31.67746 ], [ 35.18636, 31.67745 ], [ 35.1863, 31.67742 ], [ 35.18625, 31.67738 ], [ 35.18621, 31.67733 ], [ 35.18596, 31.67723 ], [ 35.1858, 31.67724 ], [ 35.18568, 31.67731 ], [ 35.18564, 31.67734 ], [ 35.18557, 31.67736 ], [ 35.18556, 31.6774 ], [ 35.18551, 31.67748 ], [ 35.18566, 31.67774 ], [ 35.18544, 31.67777 ], [ 35.18512, 31.67787 ], [ 35.18492, 31.67795 ], [ 35.18479, 31.67802 ], [ 35.18468, 31.67812 ], [ 35.18461, 31.67819 ], [ 35.18451, 31.67842 ], [ 35.18449, 31.67896 ], [ 35.18445, 31.67905 ], [ 35.18436, 31.67911 ], [ 35.18427, 31.67916 ], [ 35.1842, 31.67919 ], [ 35.18411, 31.67922 ], [ 35.18405, 31.67924 ], [ 35.18397, 31.67926 ], [ 35.18392, 31.67926 ], [ 35.18385, 31.67926 ], [ 35.18377, 31.67924 ], [ 35.1837, 31.6792 ], [ 35.18363, 31.67913 ], [ 35.18358, 31.67907 ], [ 35.18355, 31.67901 ], [ 35.18351, 31.67894 ], [ 35.18348, 31.67888 ], [ 35.18345, 31.67882 ], [ 35.18342, 31.67877 ], [ 35.18338, 31.67872 ], [ 35.18334, 31.67866 ], [ 35.18329, 31.67858 ], [ 35.18323, 31.6785 ], [ 35.1831, 31.67832 ], [ 35.18306, 31.67823 ], [ 35.18299, 31.67811 ], [ 35.18292, 31.67799 ], [ 35.18285, 31.67787 ], [ 35.18265, 31.67765 ], [ 35.18244, 31.67747 ], [ 35.18214, 31.67729 ], [ 35.182, 31.67718 ], [ 35.18184, 31.67705 ], [ 35.18167, 31.67685 ], [ 35.18158, 31.67674 ], [ 35.18115, 31.67627 ], [ 35.18104, 31.67611 ], [ 35.18087, 31.67589 ], [ 35.18073, 31.6757 ], [ 35.18056, 31.67545 ], [ 35.18038, 31.67519 ], [ 35.18029, 31.67508 ], [ 35.18003, 31.67484 ], [ 35.17993, 31.67471 ], [ 35.17983, 31.6745 ], [ 35.17977, 31.67435 ], [ 35.17968, 31.67419 ], [ 35.17955, 31.67397 ], [ 35.17935, 31.67365 ], [ 35.17913, 31.67339 ], [ 35.1789, 31.67312 ], [ 35.17854, 31.67273 ], [ 35.17846, 31.67265 ], [ 35.17821, 31.67238 ], [ 35.17811, 31.67228 ], [ 35.17792, 31.67209 ], [ 35.17777, 31.67193 ], [ 35.17774, 31.6719 ], [ 35.17768, 31.67185 ], [ 35.17763, 31.67179 ], [ 35.17761, 31.67176 ], [ 35.17759, 31.6717 ], [ 35.1776, 31.67159 ], [ 35.17764, 31.67154 ], [ 35.17761, 31.67153 ], [ 35.17715, 31.67168 ], [ 35.17715, 31.67171 ], [ 35.17727, 31.67174 ], [ 35.17736, 31.6718 ], [ 35.17751, 31.67194 ], [ 35.17785, 31.67228 ], [ 35.17821, 31.67265 ], [ 35.17833, 31.67277 ], [ 35.17849, 31.67294 ], [ 35.17877, 31.67326 ], [ 35.17905, 31.67358 ], [ 35.17912, 31.67367 ], [ 35.17919, 31.67375 ], [ 35.17928, 31.67389 ], [ 35.17931, 31.67396 ], [ 35.17942, 31.67412 ], [ 35.17948, 31.67424 ], [ 35.17955, 31.67437 ], [ 35.17961, 31.67449 ], [ 35.17977, 31.67481 ], [ 35.17987, 31.67494 ], [ 35.17998, 31.67505 ], [ 35.18013, 31.67519 ], [ 35.18023, 31.67531 ], [ 35.18051, 31.6757 ], [ 35.1806, 31.67581 ], [ 35.18072, 31.67599 ], [ 35.18082, 31.67612 ], [ 35.18113, 31.67651 ], [ 35.18128, 31.6767 ], [ 35.18169, 31.67717 ], [ 35.18196, 31.67737 ], [ 35.18222, 31.67755 ], [ 35.18232, 31.67761 ], [ 35.18253, 31.67778 ], [ 35.18275, 31.67809 ], [ 35.18291, 31.67839 ], [ 35.18316, 31.67874 ], [ 35.18329, 31.67892 ], [ 35.18331, 31.67898 ], [ 35.18337, 31.67914 ], [ 35.18341, 31.67926 ], [ 35.18343, 31.67934 ], [ 35.18346, 31.6794 ], [ 35.18352, 31.6795 ], [ 35.18365, 31.67965 ], [ 35.18376, 31.67978 ], [ 35.18394, 31.67996 ], [ 35.1841, 31.6801 ], [ 35.18446, 31.68042 ], [ 35.18428, 31.68059 ], [ 35.18423, 31.68062 ], [ 35.18403, 31.68084 ], [ 35.1842, 31.68104 ], [ 35.18428, 31.68108 ], [ 35.18431, 31.68115 ], [ 35.18441, 31.68123 ], [ 35.18453, 31.68131 ], [ 35.18463, 31.68139 ], [ 35.18471, 31.68143 ], [ 35.18479, 31.68151 ], [ 35.1849, 31.68138 ], [ 35.18495, 31.68136 ], [ 35.18499, 31.68129 ], [ 35.18503, 31.68125 ], [ 35.18508, 31.68118 ], [ 35.18514, 31.68113 ], [ 35.18551, 31.68113 ], [ 35.18632, 31.68137 ], [ 35.18685, 31.68156 ], [ 35.18735, 31.68182 ], [ 35.18742, 31.68192 ], [ 35.18746, 31.68196 ], [ 35.18748, 31.68202 ], [ 35.18779, 31.6822 ], [ 35.18785, 31.6822 ], [ 35.18795, 31.68231 ], [ 35.18804, 31.68246 ], [ 35.18805, 31.68255 ], [ 35.18807, 31.68261 ], [ 35.18811, 31.68264 ], [ 35.18825, 31.68286 ], [ 35.18834, 31.68301 ], [ 35.18835, 31.68313 ], [ 35.18834, 31.6835 ], [ 35.18842, 31.68381 ], [ 35.18855, 31.68413 ], [ 35.18878, 31.68413 ], [ 35.18915, 31.68408 ], [ 35.18929, 31.68408 ], [ 35.18939, 31.68408 ], [ 35.18969, 31.68392 ], [ 35.18986, 31.68386 ], [ 35.18974, 31.68364 ], [ 35.18966, 31.68357 ], [ 35.18963, 31.6835 ], [ 35.18955, 31.68341 ], [ 35.18987, 31.68331 ], [ 35.19016, 31.68332 ], [ 35.19023, 31.68356 ], [ 35.19033, 31.68355 ], [ 35.19052, 31.68346 ], [ 35.19101, 31.68338 ], [ 35.19114, 31.68338 ], [ 35.1913, 31.68339 ], [ 35.19156, 31.68313 ], [ 35.1922, 31.68348 ], [ 35.19229, 31.68353 ], [ 35.19251, 31.68355 ], [ 35.19258, 31.68355 ], [ 35.19265, 31.68355 ], [ 35.19272, 31.68355 ], [ 35.19279, 31.68355 ], [ 35.19285, 31.68355 ], [ 35.19299, 31.68356 ], [ 35.1932, 31.68351 ], [ 35.19327, 31.6835 ], [ 35.19357, 31.6836 ], [ 35.19365, 31.68362 ], [ 35.19374, 31.68361 ], [ 35.19382, 31.6836 ], [ 35.19391, 31.68361 ], [ 35.194, 31.68362 ], [ 35.19413, 31.68361 ], [ 35.19434, 31.68363 ], [ 35.19439, 31.68365 ], [ 35.19454, 31.68366 ], [ 35.19474, 31.68368 ], [ 35.19485, 31.68368 ], [ 35.19495, 31.6837 ], [ 35.19507, 31.68366 ], [ 35.19516, 31.68351 ], [ 35.19523, 31.68346 ], [ 35.19534, 31.68343 ], [ 35.19557, 31.68341 ], [ 35.19568, 31.68344 ], [ 35.19603, 31.6834 ], [ 35.19623, 31.68342 ], [ 35.19638, 31.68354 ], [ 35.19652, 31.68362 ], [ 35.19662, 31.68368 ], [ 35.19676, 31.68381 ], [ 35.19688, 31.68397 ], [ 35.19701, 31.68411 ], [ 35.19706, 31.68417 ], [ 35.19709, 31.68418 ], [ 35.19723, 31.68428 ], [ 35.19734, 31.68426 ], [ 35.19778, 31.68405 ], [ 35.19801, 31.68399 ], [ 35.19809, 31.68398 ], [ 35.19829, 31.68386 ], [ 35.19837, 31.68373 ], [ 35.19834, 31.68362 ] ], [ [ 35.18773, 31.68143 ], [ 35.18751, 31.6814 ], [ 35.18738, 31.68141 ], [ 35.18729, 31.68141 ], [ 35.18721, 31.68139 ], [ 35.18715, 31.68135 ], [ 35.18702, 31.68124 ], [ 35.18696, 31.68113 ], [ 35.18686, 31.68103 ], [ 35.18671, 31.68094 ], [ 35.18622, 31.68047 ], [ 35.1856, 31.68036 ], [ 35.18547, 31.68032 ], [ 35.18527, 31.68029 ], [ 35.1852, 31.68025 ], [ 35.18497, 31.68012 ], [ 35.18482, 31.68006 ], [ 35.18476, 31.68013 ], [ 35.18472, 31.68016 ], [ 35.18468, 31.68019 ], [ 35.18464, 31.68023 ], [ 35.18459, 31.6803 ], [ 35.18441, 31.68012 ], [ 35.1842, 31.67994 ], [ 35.18407, 31.67984 ], [ 35.18389, 31.67969 ], [ 35.18385, 31.67962 ], [ 35.18384, 31.67955 ], [ 35.18387, 31.67951 ], [ 35.18392, 31.67947 ], [ 35.18412, 31.67941 ], [ 35.18428, 31.67936 ], [ 35.18433, 31.67933 ], [ 35.18439, 31.6793 ], [ 35.18447, 31.67927 ], [ 35.18455, 31.67922 ], [ 35.18461, 31.67916 ], [ 35.18466, 31.67908 ], [ 35.18468, 31.67895 ], [ 35.1847, 31.67862 ], [ 35.18472, 31.67842 ], [ 35.18478, 31.67829 ], [ 35.18484, 31.67823 ], [ 35.18491, 31.67817 ], [ 35.18507, 31.67808 ], [ 35.18523, 31.67802 ], [ 35.18539, 31.67796 ], [ 35.18555, 31.67793 ], [ 35.18576, 31.67791 ], [ 35.18598, 31.6783 ], [ 35.18654, 31.67799 ], [ 35.18665, 31.67834 ], [ 35.18818, 31.67878 ], [ 35.18825, 31.67883 ], [ 35.1883, 31.67889 ], [ 35.18833, 31.67895 ], [ 35.18837, 31.67916 ], [ 35.18843, 31.67942 ], [ 35.18972, 31.67883 ], [ 35.18983, 31.67889 ], [ 35.19006, 31.6792 ], [ 35.19009, 31.67922 ], [ 35.19012, 31.67926 ], [ 35.19016, 31.6793 ], [ 35.19018, 31.67931 ], [ 35.19022, 31.67933 ], [ 35.19027, 31.67937 ], [ 35.19032, 31.67942 ], [ 35.19035, 31.67948 ], [ 35.19039, 31.67953 ], [ 35.19042, 31.67959 ], [ 35.19045, 31.67967 ], [ 35.19053, 31.67964 ], [ 35.19059, 31.67963 ], [ 35.1907, 31.67964 ], [ 35.19078, 31.67968 ], [ 35.19084, 31.67971 ], [ 35.1909, 31.67974 ], [ 35.191, 31.67978 ], [ 35.1911, 31.67982 ], [ 35.19119, 31.67983 ], [ 35.1914, 31.67985 ], [ 35.19162, 31.6798 ], [ 35.19173, 31.67984 ], [ 35.19177, 31.67988 ], [ 35.19177, 31.67992 ], [ 35.19177, 31.67999 ], [ 35.19177, 31.68004 ], [ 35.19179, 31.68013 ], [ 35.1918, 31.68018 ], [ 35.19181, 31.68024 ], [ 35.19184, 31.68041 ], [ 35.19188, 31.68056 ], [ 35.19194, 31.68078 ], [ 35.19198, 31.68095 ], [ 35.19197, 31.68119 ], [ 35.19195, 31.68129 ], [ 35.19188, 31.68137 ], [ 35.19181, 31.68141 ], [ 35.19173, 31.68143 ], [ 35.19168, 31.68143 ], [ 35.19161, 31.68142 ], [ 35.19152, 31.68141 ], [ 35.1914, 31.68139 ], [ 35.19127, 31.68137 ], [ 35.19116, 31.68137 ], [ 35.19103, 31.68138 ], [ 35.19093, 31.68138 ], [ 35.19066, 31.68138 ], [ 35.19047, 31.68142 ], [ 35.19042, 31.68144 ], [ 35.19035, 31.68148 ], [ 35.19031, 31.68152 ], [ 35.19025, 31.68153 ], [ 35.19017, 31.68152 ], [ 35.19009, 31.68152 ], [ 35.19003, 31.68152 ], [ 35.18994, 31.68151 ], [ 35.18984, 31.68151 ], [ 35.18978, 31.68151 ], [ 35.18973, 31.68153 ], [ 35.18968, 31.68154 ], [ 35.18961, 31.68155 ], [ 35.18941, 31.68166 ], [ 35.18936, 31.68173 ], [ 35.18934, 31.68174 ], [ 35.18929, 31.68178 ], [ 35.18925, 31.68182 ], [ 35.18922, 31.68185 ], [ 35.18883, 31.68187 ], [ 35.18848, 31.68186 ], [ 35.18821, 31.68178 ], [ 35.18793, 31.68162 ], [ 35.18789, 31.68156 ], [ 35.18785, 31.68152 ], [ 35.18783, 31.6815 ], [ 35.1878, 31.68149 ], [ 35.18778, 31.68147 ], [ 35.18776, 31.68146 ], [ 35.18773, 31.68143 ] ] ] ] } },
{ "type": "Feature", "properties": { "OBJECTID": 187, "Id": 0, "Name": "צומת גוש עציון", "NameEng": "Gush Etzion Junction", "ET_ID": 0, "GIS_ID": 0.22, "Type": "Industrial Area", "Ideologica": "Industry", "Shape_Leng": 958.85373731899995, "Shape_Area": 61399.015680299999, "WKT": null, "DB_ID": 345.0, "Time": 0, "X": 212427.49888299999, "Y": 617038.97152799997, "WKT_1": null, "WKT_ISR": null }, "geometry": { "type": "MultiPolygon", "coordinates": [ [ [ [ 35.13191, 31.6462 ], [ 35.13098, 31.64429 ], [ 35.13061, 31.64424 ], [ 35.12979, 31.64426 ], [ 35.12953, 31.64459 ], [ 35.12903, 31.64658 ], [ 35.12938, 31.64711 ], [ 35.12997, 31.64728 ], [ 35.13191, 31.6462 ] ] ] ] } },
{ "type": "Feature", "properties": { "OBJECTID": 189, "Id": 0, "Name": "הרועה העברי", "NameEng": "Haroe Haivri", "ET_ID": 0, "GIS_ID": 0.174, "Type": "Outpost", "Ideologica": "Religious", "Shape_Leng": 795.04455422299998, "Shape_Area": 46867.144595899998, "WKT": null, "DB_ID": 1065.0, "Time": 2015, "X": 230579.395949, "Y": 635511.39380700001, "WKT_1": null, "WKT_ISR": null }, "geometry": { "type": "MultiPolygon", "coordinates": [ [ [ [ 35.32072, 31.81277 ], [ 35.32158, 31.81349 ], [ 35.32238, 31.81353 ], [ 35.32268, 31.81316 ], [ 35.323, 31.81259 ], [ 35.32316, 31.81199 ], [ 35.32283, 31.81141 ], [ 35.32202, 31.81102 ], [ 35.321, 31.81155 ], [ 35.32064, 31.8122 ], [ 35.32072, 31.81277 ] ] ] ] } },
{ "type": "Feature", "properties": { "OBJECTID": 190, "Id": 0, "Name": "חאן ארץ המרדפים", "NameEng": "Chase Land Khan", "ET_ID": 0, "GIS_ID": 0.179, "Type": "Outpost", "Ideologica": null, "Shape_Leng": 669.42358169099998, "Shape_Area": 29196.3322501, "WKT": null, "DB_ID": 1070.0, "Time": 2012, "X": 233843.99205299999, "Y": 636424.00302900001, "WKT_1": null, "WKT_ISR": null }, "geometry": { "type": "MultiPolygon", "coordinates": [ [ [ [ 35.35722, 31.82146 ], [ 35.35749, 31.82093 ], [ 35.35685, 31.81989 ], [ 35.35596, 31.81937 ], [ 35.35562, 31.8194 ], [ 35.35546, 31.81964 ], [ 35.3556, 31.82041 ], [ 35.35576, 31.82105 ], [ 35.3561, 31.82128 ], [ 35.35669, 31.82148 ], [ 35.35722, 31.82146 ] ] ] ] } },
{ "type": "Feature", "properties": { "OBJECTID": 192, "Id": 0, "Name": "מצפה דני", "NameEng": "MItzpe Danny", "ET_ID": 1516356, "GIS_ID": 0.07, "Type": "Outpost", "Ideologica": "Religious", "Shape_Leng": 2748.7458994600001, "Shape_Area": 202817.95101300001, "WKT": null, "DB_ID": 287.0, "Time": 1999, "X": 229894.97530399999, "Y": 642954.15794499998, "WKT_1": null, "WKT_ISR": null }, "geometry": { "type": "MultiPolygon", "coordinates": [ [ [ [ 35.31388, 31.8836 ], [ 35.31409, 31.88323 ], [ 35.31442, 31.88301 ], [ 35.31506, 31.88253 ], [ 35.31529, 31.88207 ], [ 35.31577, 31.88177 ], [ 35.31621, 31.88161 ], [ 35.31616, 31.88137 ], [ 35.31642, 31.88081 ], [ 35.31594, 31.8803 ], [ 35.31587, 31.87972 ], [ 35.31732, 31.87832 ], [ 35.3177, 31.877 ], [ 35.31709, 31.8765 ], [ 35.31605, 31.87715 ], [ 35.31551, 31.87702 ], [ 35.31543, 31.8769 ], [ 35.31512, 31.87676 ], [ 35.31476, 31.87688 ], [ 35.31465, 31.87731 ], [ 35.31421, 31.87742 ], [ 35.31361, 31.87748 ], [ 35.31322, 31.87754 ], [ 35.31302, 31.87781 ], [ 35.31306, 31.8781 ], [ 35.31338, 31.87848 ], [ 35.31328, 31.87916 ], [ 35.31299, 31.87913 ], [ 35.31183, 31.87799 ], [ 35.31108, 31.87824 ], [ 35.31117, 31.87901 ], [ 35.31156, 31.87921 ], [ 35.3129, 31.87947 ], [ 35.31337, 31.88001 ], [ 35.31344, 31.8804 ], [ 35.31375, 31.88144 ], [ 35.31352, 31.88184 ], [ 35.31386, 31.88242 ], [ 35.31383, 31.88282 ], [ 35.31348, 31.88334 ], [ 35.31346, 31.88334 ], [ 35.31363, 31.88362 ], [ 35.31376, 31.88395 ], [ 35.31388, 31.8836 ] ] ] ] } },
{ "type": "Feature", "properties": { "OBJECTID": 193, "Id": 0, "Name": "נווה ארז", "NameEng": "Neve Erez", "ET_ID": 1516356, "GIS_ID": 0.068, "Type": "Outpost", "Ideologica": "Religious", "Shape_Leng": 2019.88138228, "Shape_Area": 200569.79850199999, "WKT": null, "DB_ID": 297.0, "Time": 2001, "X": 229546.13031199999, "Y": 641310.83855400002, "WKT_1": null, "WKT_ISR": null }, "geometry": { "type": "MultiPolygon", "coordinates": [ [ [ [ 35.31197, 31.8668 ], [ 35.31254, 31.86643 ], [ 35.31266, 31.86646 ], [ 35.31295, 31.86624 ], [ 35.31296, 31.866 ], [ 35.31297, 31.8657 ], [ 35.31314, 31.86517 ], [ 35.31347, 31.86474 ], [ 35.3143, 31.86429 ], [ 35.31459, 31.86409 ], [ 35.31457, 31.86382 ], [ 35.31436, 31.86344 ], [ 35.31394, 31.86315 ], [ 35.31336, 31.86291 ], [ 35.31256, 31.86249 ], [ 35.31223, 31.86241 ], [ 35.31125, 31.86294 ], [ 35.31047, 31.86318 ], [ 35.31022, 31.86301 ], [ 35.30965, 31.86282 ], [ 35.30873, 31.86311 ], [ 35.30855, 31.86375 ], [ 35.30829, 31.86541 ], [ 35.30788, 31.86607 ], [ 35.30755, 31.86623 ], [ 35.30774, 31.86637 ], [ 35.30817, 31.8668 ], [ 35.30869, 31.86677 ], [ 35.30903, 31.86648 ], [ 35.31069, 31.86584 ], [ 35.3114, 31.86678 ], [ 35.31194, 31.86689 ], [ 35.31197, 31.8668 ] ] ] ] } },
{ "type": "Feature", "properties": { "OBJECTID": 194, "Id": 0, "Name": "כרם רעים", "NameEng": "Kerem Reim", "ET_ID": 0, "GIS_ID": 0.069, "Type": "Settlement", "Ideologica": "Religious", "Shape_Leng": 2954.9914593499998, "Shape_Area": 384669.50613599998, "WKT": null, "DB_ID": 339.0, "Time": 2012, "X": 213003.61051900001, "Y": 651685.79036900005, "WKT_1": null, "WKT_ISR": null }, "geometry": { "type": "MultiPolygon", "coordinates": [ [ [ [ 35.13778, 31.95984 ], [ 35.13889, 31.95978 ], [ 35.14185, 31.95972 ], [ 35.14227, 31.95928 ], [ 35.14241, 31.95887 ], [ 35.14213, 31.95813 ], [ 35.1407, 31.95701 ], [ 35.13967, 31.95625 ], [ 35.13746, 31.95601 ], [ 35.13599, 31.95627 ], [ 35.13518, 31.9565 ], [ 35.13418, 31.95703 ], [ 35.13284, 31.95726 ], [ 35.13244, 31.95731 ], [ 35.13192, 31.95713 ], [ 35.13034, 31.95721 ], [ 35.12984, 31.95731 ], [ 35.12994, 31.95785 ], [ 35.12897, 31.95821 ], [ 35.12875, 31.95846 ], [ 35.12907, 31.95878 ], [ 35.13083, 31.95937 ], [ 35.13188, 31.95958 ], [ 35.13379, 31.95968 ], [ 35.13573, 31.95983 ], [ 35.13654, 31.95981 ], [ 35.13655, 31.95993 ], [ 35.1369, 31.95999 ], [ 35.13726, 31.96001 ], [ 35.13778, 31.95984 ] ] ] ] } },
{ "type": "Feature", "properties": { "OBJECTID": 195, "Id": 0, "Name": "פדואל", "NameEng": "Pedu'el", "ET_ID": 0, "GIS_ID": 3768.0, "Type": "Settlement", "Ideologica": "No", "Shape_Leng": 3307.3626294699998, "Shape_Area": 464777.935169, "WKT": null, "DB_ID": 108.0, "Time": 1984, "X": 205058.382098, "Y": 663161.37408099999, "WKT_1": null, "WKT_ISR": null }, "geometry": { "type": "MultiPolygon", "coordinates": [ [ [ [ 35.0466, 32.05903 ], [ 35.04665, 32.0595 ], [ 35.04729, 32.05999 ], [ 35.04789, 32.06078 ], [ 35.04773, 32.06192 ], [ 35.04888, 32.06253 ], [ 35.05011, 32.0626 ], [ 35.05067, 32.06256 ], [ 35.05109, 32.06277 ], [ 35.05161, 32.06385 ], [ 35.05245, 32.06445 ], [ 35.05386, 32.06484 ], [ 35.05386, 32.06531 ], [ 35.05426, 32.0658 ], [ 35.05487, 32.0659 ], [ 35.05554, 32.06563 ], [ 35.05637, 32.06585 ], [ 35.05678, 32.06553 ], [ 35.0571, 32.06521 ], [ 35.05767, 32.06521 ], [ 35.05816, 32.06494 ], [ 35.0575, 32.06477 ], [ 35.05692, 32.06423 ], [ 35.05658, 32.06349 ], [ 35.05632, 32.06295 ], [ 35.05655, 32.06253 ], [ 35.05615, 32.06177 ], [ 35.05566, 32.0615 ], [ 35.05462, 32.06145 ], [ 35.05453, 32.06093 ], [ 35.05384, 32.05997 ], [ 35.05249, 32.05911 ], [ 35.05142, 32.05852 ], [ 35.05012, 32.05832 ], [ 35.04896, 32.05797 ], [ 35.04778, 32.05768 ], [ 35.04692, 32.0575 ], [ 35.04651, 32.05777 ], [ 35.0466, 32.05903 ] ] ] ] } },
{ "type": "Feature", "properties": { "OBJECTID": 196, "Id": 0, "Name": "שחרית", "NameEng": "Shaharit", "ET_ID": 0, "GIS_ID": 0.172, "Type": "Outpost", "Ideologica": null, "Shape_Leng": 3251.21999396, "Shape_Area": 244309.049662, "WKT": null, "DB_ID": 1063.0, "Time": 2015, "X": 207362.61919699999, "Y": 666268.15751100006, "WKT_1": null, "WKT_ISR": null }, "geometry": { "type": "MultiPolygon", "coordinates": [ [ [ [ 35.07948, 32.08902 ], [ 35.07906, 32.08825 ], [ 35.0775, 32.08803 ], [ 35.07568, 32.08826 ], [ 35.07438, 32.08798 ], [ 35.07224, 32.08787 ], [ 35.07036, 32.08794 ], [ 35.06873, 32.08803 ], [ 35.06816, 32.08853 ], [ 35.06932, 32.08884 ], [ 35.07072, 32.08898 ], [ 35.07278, 32.08873 ], [ 35.07339, 32.08885 ], [ 35.07408, 32.08935 ], [ 35.07537, 32.08992 ], [ 35.07594, 32.09026 ], [ 35.07572, 32.09105 ], [ 35.07686, 32.09142 ], [ 35.07892, 32.09138 ], [ 35.07967, 32.0927 ], [ 35.08177, 32.09216 ], [ 35.08159, 32.09102 ], [ 35.08009, 32.09106 ], [ 35.07985, 32.09033 ], [ 35.07932, 32.09017 ], [ 35.07948, 32.08902 ] ] ] ] } },
{ "type": "Feature", "properties": { "OBJECTID": 198, "Id": 0, "Name": "מעלה ישראל", "NameEng": "Maale Yisrael", "ET_ID": 584878, "GIS_ID": 0.025, "Type": "Outpost", "Ideologica": "Yes", "Shape_Leng": 915.66465963200005, "Shape_Area": 41789.279664000002, "WKT": null, "DB_ID": 283.0, "Time": 1997, "X": 210056.497458, "Y": 669126.79069099994, "WKT_1": null, "WKT_ISR": null }, "geometry": { "type": "GeometryCollection", "geometries": [ { "type": "Polygon", "coordinates": [ [ [ 35.10408, 32.11495 ], [ 35.10367, 32.11484 ], [ 35.10349, 32.11483 ], [ 35.10365, 32.11535 ], [ 35.10385, 32.11588 ], [ 35.10389, 32.11615 ], [ 35.10397, 32.11634 ], [ 35.10419, 32.11652 ], [ 35.10439, 32.11679 ], [ 35.10627, 32.11571 ], [ 35.10603, 32.11537 ], [ 35.10551, 32.11465 ], [ 35.10545, 32.11442 ], [ 35.10577, 32.11406 ], [ 35.10572, 32.11405 ], [ 35.10533, 32.11414 ], [ 35.10472, 32.1145 ], [ 35.10408, 32.11495 ] ] ] }, { "type": "LineString", "coordinates": [ [ 35.10571, 32.11405 ], [ 35.10572, 32.11405 ] ] } ] } },
{ "type": "Feature", "properties": { "OBJECTID": 200, "Id": 0, "Name": "אזור תעשיה עמנואל", "NameEng": "Imanuel Industrial Area", "ET_ID": 0, "GIS_ID": 0.212, "Type": "Industrial Area", "Ideologica": null, "Shape_Leng": 4850.5614843800004, "Shape_Area": 294197.81974000001, "WKT": null, "DB_ID": 1061.0, "Time": 0, "X": 214546.181079, "Y": 675600.269233, "WKT_1": null, "WKT_ISR": null }, "geometry": { "type": "MultiPolygon", "coordinates": [ [ [ [ 35.14803, 32.17807 ], [ 35.1511, 32.17469 ], [ 35.15163, 32.17511 ], [ 35.15161, 32.17588 ], [ 35.15109, 32.17672 ], [ 35.15305, 32.17727 ], [ 35.15379, 32.17748 ], [ 35.1544, 32.17748 ], [ 35.15482, 32.17734 ], [ 35.15485, 32.17643 ], [ 35.15452, 32.17579 ], [ 35.15447, 32.17557 ], [ 35.15457, 32.1754 ], [ 35.15414, 32.17363 ], [ 35.15212, 32.17398 ], [ 35.15198, 32.1738 ], [ 35.15237, 32.1733 ], [ 35.15289, 32.17265 ], [ 35.15342, 32.17256 ], [ 35.1555, 32.17211 ], [ 35.1556, 32.17116 ], [ 35.15492, 32.17036 ], [ 35.15404, 32.16917 ], [ 35.15242, 32.16843 ], [ 35.15147, 32.16865 ], [ 35.1525, 32.16987 ], [ 35.15274, 32.17046 ], [ 35.15174, 32.17085 ], [ 35.15126, 32.17151 ], [ 35.1512, 32.17237 ], [ 35.15134, 32.17289 ], [ 35.15186, 32.17286 ], [ 35.1526, 32.17253 ], [ 35.15245, 32.17268 ], [ 35.15143, 32.17379 ], [ 35.14918, 32.17606 ], [ 35.14634, 32.17928 ], [ 35.14653, 32.17945 ], [ 35.14869, 32.17936 ], [ 35.14879, 32.1788 ], [ 35.14803, 32.17807 ] ] ] ] } },
{ "type": "Feature", "properties": { "OBJECTID": 201, "Id": 0, "Name": "גבעת סלעית", "NameEng": "Givat Salit", "ET_ID": 800352, "GIS_ID": 0.064, "Type": "Outpost", "Ideologica": "Religious", "Shape_Leng": 1897.49845263, "Shape_Area": 203031.985652, "WKT": null, "DB_ID": 249.0, "Time": 2002, "X": 248280.724797, "Y": 696743.68196900003, "WKT_1": null, "WKT_ISR": null }, "geometry": { "type": "MultiPolygon", "coordinates": [ [ [ [ 35.51363, 32.36343 ], [ 35.5134, 32.36331 ], [ 35.51358, 32.36281 ], [ 35.51153, 32.36193 ], [ 35.51206, 32.36153 ], [ 35.5115, 32.36136 ], [ 35.5097, 32.36209 ], [ 35.50946, 32.36234 ], [ 35.5089, 32.36285 ], [ 35.50866, 32.36332 ], [ 35.50822, 32.36388 ], [ 35.50804, 32.36463 ], [ 35.50867, 32.36576 ], [ 35.50965, 32.36677 ], [ 35.50994, 32.36758 ], [ 35.51153, 32.36611 ], [ 35.51315, 32.36423 ], [ 35.51363, 32.36343 ] ] ] ] } },
{ "type": "Feature", "properties": { "OBJECTID": 204, "Id": 0, "Name": "ברוש", "NameEng": "Brosh", "ET_ID": 0, "GIS_ID": 0.171, "Type": "Outpost", "Ideologica": null, "Shape_Leng": 1349.3845947699999, "Shape_Area": 101575.78559, "WKT": null, "DB_ID": 1059.0, "Time": 2013, "X": 251247.57939699999, "Y": 691800.53481300001, "WKT_1": null, "WKT_ISR": null }, "geometry": { "type": "MultiPolygon", "coordinates": [ [ [ [ 35.54364, 32.31827 ], [ 35.5431, 32.31803 ], [ 35.5424, 32.31838 ], [ 35.54164, 32.31799 ], [ 35.54104, 32.31807 ], [ 35.5405, 32.31804 ], [ 35.54023, 32.31827 ], [ 35.53993, 32.31877 ], [ 35.54019, 32.31903 ], [ 35.54078, 32.3195 ], [ 35.54096, 32.32015 ], [ 35.54061, 32.32065 ], [ 35.54035, 32.32117 ], [ 35.54043, 32.32128 ], [ 35.54108, 32.32145 ], [ 35.54155, 32.32133 ], [ 35.54224, 32.32115 ], [ 35.54271, 32.32083 ], [ 35.54315, 32.32046 ], [ 35.54372, 32.31996 ], [ 35.54429, 32.31938 ], [ 35.54416, 32.31886 ], [ 35.54364, 32.31827 ] ] ] ] } },
{ "type": "Feature", "properties": { "OBJECTID": 205, "Id": 0, "Name": "מול נבו", "NameEng": "Mul Nevo", "ET_ID": 0, "GIS_ID": 0.062, "Type": "Outpost", "Ideologica": null, "Shape_Leng": 805.78453785500005, "Shape_Area": 35052.654414899996, "WKT": null, "DB_ID": 278.0, "Time": 2001, "X": 248161.49375200001, "Y": 636527.475202, "WKT_1": null, "WKT_ISR": null }, "geometry": { "type": "MultiPolygon", "coordinates": [ [ [ [ 35.50616, 31.822 ], [ 35.50786, 31.82192 ], [ 35.5086, 31.82131 ], [ 35.50923, 31.82105 ], [ 35.5088, 31.82038 ], [ 35.5085, 31.82015 ], [ 35.50809, 31.82028 ], [ 35.50775, 31.82063 ], [ 35.50658, 31.82064 ], [ 35.50616, 31.822 ] ] ] ] } },
{ "type": "Feature", "properties": { "OBJECTID": 206, "Id": 0, "Name": "קדם ערבה", "NameEng": "Kedem Arava", "ET_ID": 0, "GIS_ID": 0.176, "Type": "Outpost", "Ideologica": "Mixed", "Shape_Leng": 1105.6663951800001, "Shape_Area": 31890.995129200001, "WKT": null, "DB_ID": 1067.0, "Time": 2017, "X": 247407.416432, "Y": 634952.54383500002, "WKT_1": null, "WKT_ISR": null }, "geometry": { "type": "MultiPolygon", "coordinates": [ [ [ [ 35.49943, 31.80632 ], [ 35.49885, 31.80668 ], [ 35.49857, 31.80694 ], [ 35.4985, 31.80711 ], [ 35.49862, 31.80724 ], [ 35.49853, 31.80739 ], [ 35.49852, 31.80788 ], [ 35.49876, 31.8079 ], [ 35.49943, 31.80802 ], [ 35.49957, 31.80794 ], [ 35.49981, 31.8079 ], [ 35.50008, 31.80788 ], [ 35.50035, 31.80774 ], [ 35.50036, 31.8075 ], [ 35.50034, 31.8073 ], [ 35.50004, 31.80724 ], [ 35.50013, 31.80708 ], [ 35.50027, 31.80692 ], [ 35.5003, 31.80667 ], [ 35.50048, 31.80647 ], [ 35.50088, 31.80621 ], [ 35.50084, 31.80615 ], [ 35.50057, 31.80621 ], [ 35.50037, 31.80642 ], [ 35.5002, 31.80612 ], [ 35.5004, 31.80594 ], [ 35.50066, 31.8057 ], [ 35.50089, 31.80545 ], [ 35.50101, 31.80542 ], [ 35.50121, 31.80537 ], [ 35.50125, 31.80527 ], [ 35.50125, 31.80517 ], [ 35.50117, 31.80509 ], [ 35.50089, 31.80531 ], [ 35.50043, 31.80571 ], [ 35.50016, 31.80584 ], [ 35.49943, 31.80632 ] ] ] ] } },
{ "type": "Feature", "properties": { "OBJECTID": 208, "Id": 0, "Name": "מצוקי דרגות", "NameEng": "Metzokei Dragot", "ET_ID": 0, "GIS_ID": 0.5, "Type": "Tourism", "Ideologica": null, "Shape_Leng": 1278.3348768799999, "Shape_Area": 93675.626276800002, "WKT": null, "DB_ID": 1079.0, "Time": 0, "X": 237314.570821, "Y": 611018.88430699997, "WKT_1": null, "WKT_ISR": null }, "geometry": { "type": "MultiPolygon", "coordinates": [ [ [ [ 35.39291, 31.58977 ], [ 35.39279, 31.58971 ], [ 35.39254, 31.58996 ], [ 35.39194, 31.5902 ], [ 35.39148, 31.59048 ], [ 35.3904, 31.59067 ], [ 35.39037, 31.59084 ], [ 35.39059, 31.5917 ], [ 35.39092, 31.59209 ], [ 35.39109, 31.59251 ], [ 35.39156, 31.59268 ], [ 35.39212, 31.59262 ], [ 35.39283, 31.59255 ], [ 35.39392, 31.59235 ], [ 35.39445, 31.59209 ], [ 35.39501, 31.59172 ], [ 35.39512, 31.59153 ], [ 35.39483, 31.59126 ], [ 35.39445, 31.59127 ], [ 35.39399, 31.59082 ], [ 35.39416, 31.59042 ], [ 35.39419, 31.59011 ], [ 35.39351, 31.59011 ], [ 35.39319, 31.58981 ], [ 35.39302, 31.58984 ], [ 35.39291, 31.58977 ] ] ] ] } },
{ "type": "Feature", "properties": { "OBJECTID": 210, "Id": 0, "Name": "חוות מור", "NameEng": "Mor Farm", "ET_ID": 87940, "GIS_ID": 0.038, "Type": "Outpost", "Ideologica": "Religious", "Shape_Leng": 717.24467060799998, "Shape_Area": 29441.0691376, "WKT": "MULTIPOLYGON (((197049.30999999959 586752.4299999997, 197009.54000000004 586724.66000000015, 196938.25 586708.15000000037, 196858.70999999996 586692.40000000037, 196818.19000000041 586695.40000000037, 196794.1799999997 586674.3900000006, 196747.660000000", "DB_ID": 262.0, "Time": 1999, "X": 197050.606799, "Y": 586578.70151799999, "WKT_1": null, "WKT_ISR": null }, "geometry": { "type": "MultiPolygon", "coordinates": [ [ [ [ 34.9699, 31.37047 ], [ 34.96953, 31.36991 ], [ 34.96932, 31.37 ], [ 34.96932, 31.36999 ], [ 34.96931, 31.36999 ], [ 34.96926, 31.37002 ], [ 34.96885, 31.37025 ], [ 34.96812, 31.37042 ], [ 34.96742, 31.37059 ], [ 34.96742, 31.37106 ], [ 34.96818, 31.37128 ], [ 34.96902, 31.37141 ], [ 34.96957, 31.37166 ], [ 34.9698, 31.37158 ], [ 34.97008, 31.37135 ], [ 34.97001, 31.37063 ], [ 34.9699, 31.37047 ] ] ] ] } },
{ "type": "Feature", "properties": { "OBJECTID": 212, "Id": 0, "Name": "סוסיא צפון מערב", "NameEng": "Susiya North West", "ET_ID": 1688758, "GIS_ID": 0.08, "Type": "Outpost", "Ideologica": "Religious", "Shape_Leng": 820.55420400900005, "Shape_Area": 35736.72274450001, "WKT": "MULTIPOLYGON (((209743.9299999997 588780.99000000022, 209703.79999999981 588711.88000000082, 209672.58999999985 588638.31000000052, 209578.95000000019 588555.8200000003, 209610.16000000015 588464.41000000015, 209583.41000000015 588408.6799999997, 209652.", "DB_ID": 303.0, "Time": 2001, "X": 210456.62557100001, "Y": 589246.34395799995, "WKT_1": null, "WKT_ISR": null }, "geometry": { "type": "MultiPolygon", "coordinates": [ [ [ [ 35.11058, 31.39566 ], [ 35.11074, 31.39549 ], [ 35.11075, 31.3955 ], [ 35.11123, 31.39488 ], [ 35.11156, 31.39463 ], [ 35.11136, 31.39441 ], [ 35.11056, 31.39419 ], [ 35.10965, 31.39459 ], [ 35.10949, 31.39476 ], [ 35.10871, 31.39475 ], [ 35.10814, 31.39495 ], [ 35.10807, 31.39532 ], [ 35.10828, 31.39548 ], [ 35.10878, 31.39574 ], [ 35.1091, 31.39589 ], [ 35.10962, 31.39581 ], [ 35.10986, 31.39567 ], [ 35.11058, 31.39566 ] ] ] ] } },
{ "type": "Feature", "properties": { "OBJECTID": 213, "Id": 0, "Name": "בית כנסת עתיק סוסיא", "NameEng": "Old Synagogue Susya", "ET_ID": 0, "GIS_ID": 0.082, "Type": "Outpost", "Ideologica": null, "Shape_Leng": 870.76524385100004, "Shape_Area": 16542.074524600001, "WKT": null, "DB_ID": 230.0, "Time": 2002, "X": 209933.562676, "Y": 590566.59130600002, "WKT_1": null, "WKT_ISR": null }, "geometry": { "type": "MultiPolygon", "coordinates": [ [ [ [ 35.10441, 31.406 ], [ 35.10441, 31.40596 ], [ 35.10446, 31.40539 ], [ 35.10432, 31.4047 ], [ 35.10416, 31.40471 ], [ 35.10431, 31.40557 ], [ 35.10421, 31.40603 ], [ 35.10406, 31.40654 ], [ 35.10404, 31.40661 ], [ 35.10402, 31.40669 ], [ 35.10379, 31.40705 ], [ 35.10388, 31.40732 ], [ 35.10404, 31.408 ], [ 35.10406, 31.40809 ], [ 35.10409, 31.4082 ], [ 35.10463, 31.40825 ], [ 35.10471, 31.40676 ], [ 35.10445, 31.40649 ], [ 35.1044, 31.40609 ], [ 35.10441, 31.406 ] ] ] ] } },
{ "type": "Feature", "properties": { "OBJECTID": 214, "Id": 0, "Name": "חוות מעון", "NameEng": "Ma'on Farm", "ET_ID": 0, "GIS_ID": 0.067, "Type": "Outpost", "Ideologica": "Religious", "Shape_Leng": 2948.8537176999998, "Shape_Area": 374847.77238799998, "WKT": null, "DB_ID": 263.0, "Time": 2001, "X": 215263.86858499999, "Y": 590805.85299699998, "WKT_1": null, "WKT_ISR": null }, "geometry": { "type": "MultiPolygon", "coordinates": [ [ [ [ 35.16149, 31.41082 ], [ 35.1621, 31.41054 ], [ 35.16271, 31.41057 ], [ 35.16338, 31.41083 ], [ 35.16397, 31.41024 ], [ 35.16379, 31.41017 ], [ 35.16345, 31.4099 ], [ 35.16322, 31.40959 ], [ 35.16322, 31.40934 ], [ 35.1632, 31.40918 ], [ 35.16403, 31.40893 ], [ 35.16495, 31.40868 ], [ 35.16494, 31.40828 ], [ 35.16482, 31.40774 ], [ 35.16415, 31.40704 ], [ 35.16357, 31.40661 ], [ 35.16292, 31.40591 ], [ 35.16245, 31.40557 ], [ 35.16188, 31.40572 ], [ 35.16166, 31.40603 ], [ 35.16111, 31.40645 ], [ 35.16114, 31.40635 ], [ 35.16088, 31.40613 ], [ 35.16, 31.40632 ], [ 35.15896, 31.40678 ], [ 35.15876, 31.40702 ], [ 35.15852, 31.40767 ], [ 35.15829, 31.40773 ], [ 35.1579, 31.40823 ], [ 35.15783, 31.40852 ], [ 35.15725, 31.4088 ], [ 35.15697, 31.4091 ], [ 35.15712, 31.40952 ], [ 35.15658, 31.40997 ], [ 35.15612, 31.41053 ], [ 35.15664, 31.41165 ], [ 35.1566, 31.41252 ], [ 35.1566, 31.41333 ], [ 35.1566, 31.41387 ], [ 35.1566, 31.41388 ], [ 35.15691, 31.41344 ], [ 35.15787, 31.4126 ], [ 35.15898, 31.41201 ], [ 35.16036, 31.41139 ], [ 35.16149, 31.41082 ] ] ] ] } },
{ "type": "Feature", "properties": { "OBJECTID": 216, "Id": 0, "Name": "שכונת גל", "NameEng": "Gal Neighborhood", "ET_ID": 1719931, "GIS_ID": 0.106, "Type": "Outpost", "Ideologica": "Religious", "Shape_Leng": 2245.0224413699998, "Shape_Area": 142704.862548, "WKT": null, "DB_ID": 350.0, "Time": 2002, "X": 212043.69390799999, "Y": 603504.08580300002, "WKT_1": null, "WKT_ISR": null }, "geometry": { "type": "MultiPolygon", "coordinates": [ [ [ [ 35.12357, 31.52464 ], [ 35.12365, 31.5244 ], [ 35.12385, 31.52442 ], [ 35.124, 31.52446 ], [ 35.12462, 31.52447 ], [ 35.12513, 31.52457 ], [ 35.12547, 31.52475 ], [ 35.12564, 31.52503 ], [ 35.12602, 31.52532 ], [ 35.12638, 31.52547 ], [ 35.12709, 31.52526 ], [ 35.1275, 31.5253 ], [ 35.128, 31.52507 ], [ 35.12856, 31.52464 ], [ 35.1292, 31.52414 ], [ 35.12988, 31.52324 ], [ 35.13024, 31.52278 ], [ 35.12957, 31.52288 ], [ 35.12872, 31.52358 ], [ 35.12842, 31.52369 ], [ 35.12812, 31.52345 ], [ 35.12757, 31.5228 ], [ 35.12692, 31.52202 ], [ 35.12622, 31.52157 ], [ 35.12567, 31.52166 ], [ 35.12468, 31.52236 ], [ 35.12396, 31.52328 ], [ 35.12367, 31.52395 ], [ 35.12356, 31.52418 ], [ 35.12348, 31.5246 ], [ 35.12345, 31.52525 ], [ 35.12345, 31.52568 ], [ 35.12357, 31.52637 ], [ 35.12386, 31.5265 ], [ 35.12375, 31.52629 ], [ 35.12363, 31.52584 ], [ 35.12357, 31.52555 ], [ 35.12355, 31.52518 ], [ 35.12352, 31.52493 ], [ 35.12357, 31.52464 ] ] ] ] } },
{ "type": "Feature", "properties": { "OBJECTID": 218, "Id": 0, "Name": "צור שלם", "NameEng": "Tzur Shalem", "ET_ID": 267828, "GIS_ID": 0.057, "Type": "Outpost", "Ideologica": "Religious", "Shape_Leng": 1286.09200053, "Shape_Area": 72700.335883299995, "WKT": "MULTIPOLYGON (((209751.50999999978 612842.69999999925, 209787.34999999963 612858.83000000007, 209823.20000000019 612878.53999999911, 209860.83999999985 612909.00999999978, 209893.09999999963 612921.56000000052, 209928.95000000019 612935.90000000037, 2099", "DB_ID": 312.0, "Time": 2001, "X": 209315.735495, "Y": 612643.65280699998, "WKT_1": null, "WKT_ISR": null }, "geometry": { "type": "MultiPolygon", "coordinates": [ [ [ [ 35.10005, 31.60649 ], [ 35.10019, 31.60571 ], [ 35.10001, 31.60544 ], [ 35.09966, 31.60512 ], [ 35.09897, 31.60526 ], [ 35.09859, 31.6053 ], [ 35.0981, 31.60525 ], [ 35.09749, 31.60544 ], [ 35.09709, 31.60556 ], [ 35.09689, 31.60554 ], [ 35.09675, 31.60557 ], [ 35.09612, 31.60541 ], [ 35.09546, 31.60543 ], [ 35.09512, 31.60567 ], [ 35.09482, 31.60604 ], [ 35.09516, 31.60646 ], [ 35.09556, 31.60642 ], [ 35.09644, 31.60707 ], [ 35.09663, 31.60751 ], [ 35.09711, 31.60711 ], [ 35.09801, 31.60667 ], [ 35.09884, 31.60653 ], [ 35.09903, 31.60654 ], [ 35.10005, 31.60649 ] ] ] ] } },
{ "type": "Feature", "properties": { "OBJECTID": 219, "Id": 0, "Name": "מעלה עמוס מערב", "NameEng": "Maale Amos West", "ET_ID": 0, "GIS_ID": 0.173, "Type": "Outpost", "Ideologica": null, "Shape_Leng": 1116.44270938, "Shape_Area": 77212.648088600021, "WKT": null, "DB_ID": 1064.0, "Time": 2013, "X": 220612.77263200001, "Y": 611861.43380100001, "WKT_1": null, "WKT_ISR": null }, "geometry": { "type": "MultiPolygon", "coordinates": [ [ [ [ 35.21556, 31.60002 ], [ 35.21655, 31.6001 ], [ 35.21784, 31.60014 ], [ 35.21834, 31.60001 ], [ 35.21868, 31.599 ], [ 35.21852, 31.59835 ], [ 35.21785, 31.59822 ], [ 35.21732, 31.59837 ], [ 35.21683, 31.59818 ], [ 35.21661, 31.59785 ], [ 35.21612, 31.59758 ], [ 35.21557, 31.59802 ], [ 35.2149, 31.59858 ], [ 35.21439, 31.5992 ], [ 35.21497, 31.59984 ], [ 35.21556, 31.60002 ] ] ] ] } },
{ "type": "Feature", "properties": { "OBJECTID": 220, "Id": 0, "Name": "אזור תעשיה מעלה עמוס", "NameEng": "Maale Amos Industrial Are", "ET_ID": 0, "GIS_ID": 0.21, "Type": "Industrial Area", "Ideologica": null, "Shape_Leng": 1455.25170101, "Shape_Area": 116617.97218700001, "WKT": null, "DB_ID": 1058.0, "Time": 2015, "X": 220865.48527100001, "Y": 614023.069991, "WKT_1": null, "WKT_ISR": null }, "geometry": { "type": "MultiPolygon", "coordinates": [ [ [ [ 35.22175, 31.61736 ], [ 35.21968, 31.61616 ], [ 35.21854, 31.61744 ], [ 35.21709, 31.61938 ], [ 35.21772, 31.62022 ], [ 35.21861, 31.62129 ], [ 35.22175, 31.61736 ] ] ] ] } },
{ "type": "Feature", "properties": { "OBJECTID": 222, "Id": 0, "Name": "תקוע ד", "NameEng": "Tko'a D", "ET_ID": 1258391, "GIS_ID": 0.126, "Type": "Outpost", "Ideologica": "Ideological", "Shape_Leng": 4573.5694377099999, "Shape_Area": 267996.48482800002, "WKT": "MULTIPOLYGON (((222982.75 615763.6400000006, 223136.94000000041 615798.8900000006, 223242.66999999993 615864.97000000067, 223269.09999999963 615997.1400000006, 223269.09999999963 616041.18999999948, 223092.87999999989 616023.5700000003, 222973.9400000004", "DB_ID": 319.0, "Time": 2002, "X": 222712.94740199999, "Y": 616051.78451699996, "WKT_1": null, "WKT_ISR": null }, "geometry": { "type": "MultiPolygon", "coordinates": [ [ [ [ 35.23037, 31.64085 ], [ 35.23028, 31.6409 ], [ 35.22996, 31.64086 ], [ 35.22968, 31.64042 ], [ 35.22996, 31.63974 ], [ 35.23075, 31.63943 ], [ 35.23191, 31.63931 ], [ 35.23339, 31.63935 ], [ 35.23446, 31.63891 ], [ 35.23586, 31.63875 ], [ 35.23725, 31.63835 ], [ 35.23804, 31.63855 ], [ 35.23827, 31.63799 ], [ 35.23864, 31.63803 ], [ 35.23915, 31.63799 ], [ 35.2405, 31.63756 ], [ 35.24152, 31.637 ], [ 35.24277, 31.6366 ], [ 35.24381, 31.63669 ], [ 35.24413, 31.63687 ], [ 35.24491, 31.63703 ], [ 35.24547, 31.63687 ], [ 35.24549, 31.63618 ], [ 35.24504, 31.63522 ], [ 35.2446, 31.63465 ], [ 35.2437, 31.63412 ], [ 35.2428, 31.63385 ], [ 35.24211, 31.63374 ], [ 35.2409, 31.63386 ], [ 35.24028, 31.63425 ], [ 35.23971, 31.63454 ], [ 35.23986, 31.63492 ], [ 35.24106, 31.63671 ], [ 35.2405, 31.63715 ], [ 35.23966, 31.63734 ], [ 35.23836, 31.63699 ], [ 35.23739, 31.63679 ], [ 35.23706, 31.63711 ], [ 35.23683, 31.63778 ], [ 35.23646, 31.63794 ], [ 35.23576, 31.63786 ], [ 35.23525, 31.63786 ], [ 35.23469, 31.63818 ], [ 35.23409, 31.63794 ], [ 35.23321, 31.6385 ], [ 35.23242, 31.63822 ], [ 35.23126, 31.6381 ], [ 35.23024, 31.63854 ], [ 35.22968, 31.6385 ], [ 35.2294, 31.63878 ], [ 35.22963, 31.63937 ], [ 35.22954, 31.63965 ], [ 35.22926, 31.64013 ], [ 35.22917, 31.6408 ], [ 35.23033, 31.64134 ], [ 35.23036, 31.64159 ], [ 35.23037, 31.64085 ] ] ] ] } },
{ "type": "Feature", "properties": { "OBJECTID": 223, "Id": 0, "Name": "תקוע ב-ג", "NameEng": "Tko'a B-C", "ET_ID": 1258391, "GIS_ID": 0.125, "Type": "Outpost", "Ideologica": "Ideological", "Shape_Leng": 2650.15455711, "Shape_Area": 279649.92372000002, "WKT": "MULTIPOLYGON (((222982.75 615763.6400000006, 223136.94000000041 615798.8900000006, 223242.66999999993 615864.97000000067, 223269.09999999963 615997.1400000006, 223269.09999999963 616041.18999999948, 223092.87999999989 616023.5700000003, 222973.9400000004", "DB_ID": 318.0, "Time": 2001, "X": 221991.899026, "Y": 616935.27255200001, "WKT_1": null, "WKT_ISR": null }, "geometry": { "type": "MultiPolygon", "coordinates": [ [ [ [ 35.22803, 31.64819 ], [ 35.22836, 31.64827 ], [ 35.22924, 31.64806 ], [ 35.23107, 31.64861 ], [ 35.23196, 31.64883 ], [ 35.2321, 31.64804 ], [ 35.23201, 31.64709 ], [ 35.23217, 31.64647 ], [ 35.23228, 31.64598 ], [ 35.23228, 31.64475 ], [ 35.23326, 31.64435 ], [ 35.23372, 31.64332 ], [ 35.23428, 31.64296 ], [ 35.23456, 31.6424 ], [ 35.23451, 31.64121 ], [ 35.23279, 31.64157 ], [ 35.23172, 31.64157 ], [ 35.23056, 31.64074 ], [ 35.23037, 31.64085 ], [ 35.23036, 31.64159 ], [ 35.23042, 31.64202 ], [ 35.23038, 31.64289 ], [ 35.23028, 31.64345 ], [ 35.22987, 31.64384 ], [ 35.22936, 31.64444 ], [ 35.22866, 31.64511 ], [ 35.22861, 31.64603 ], [ 35.22833, 31.6471 ], [ 35.22803, 31.64819 ] ] ] ] } },
{ "type": "Feature", "properties": { "OBJECTID": 224, "Id": 0, "Name": "נוקדים", "NameEng": "Nokdim", "ET_ID": 1528638, "GIS_ID": 3726.0, "Type": "Settlement", "Ideologica": "Ideological", "Shape_Leng": 3759.5226535199999, "Shape_Area": 444634.747508, "WKT": "MULTIPOLYGON (((223453.49000000022 617306.72000000067, 223563.66000000015 617292.66000000015, 223699.62000000011 617283.27999999933, 223802.76999999955 617327.8200000003, 223816.83000000007 617435.65000000037, 223748.84999999963 617473.15000000037, 22367", "DB_ID": 86.0, "Time": 1982, "X": 223326.674394, "Y": 617068.05351200001, "WKT_1": null, "WKT_ISR": null }, "geometry": { "type": "MultiPolygon", "coordinates": [ [ [ [ 35.24634, 31.65069 ], [ 35.24634, 31.65069 ], [ 35.24888, 31.64959 ], [ 35.2497, 31.64967 ], [ 35.25041, 31.64933 ], [ 35.25026, 31.64836 ], [ 35.24918, 31.64796 ], [ 35.24774, 31.64804 ], [ 35.24658, 31.64817 ], [ 35.24539, 31.64807 ], [ 35.24525, 31.64793 ], [ 35.24544, 31.64656 ], [ 35.24576, 31.64548 ], [ 35.24621, 31.64495 ], [ 35.24618, 31.64436 ], [ 35.24638, 31.64415 ], [ 35.24715, 31.6437 ], [ 35.24806, 31.64269 ], [ 35.24863, 31.64222 ], [ 35.24875, 31.64182 ], [ 35.24843, 31.64125 ], [ 35.24742, 31.64133 ], [ 35.24633, 31.64163 ], [ 35.24537, 31.6415 ], [ 35.2445, 31.64172 ], [ 35.24309, 31.64236 ], [ 35.24287, 31.64291 ], [ 35.24169, 31.64342 ], [ 35.24171, 31.64367 ], [ 35.24132, 31.64469 ], [ 35.24127, 31.64534 ], [ 35.24179, 31.64627 ], [ 35.24258, 31.64653 ], [ 35.24322, 31.64773 ], [ 35.24344, 31.64851 ], [ 35.24329, 31.64917 ], [ 35.24367, 31.65027 ], [ 35.24419, 31.65065 ], [ 35.24572, 31.65056 ], [ 35.24574, 31.65076 ], [ 35.24634, 31.65069 ] ] ] ] } },
{ "type": "Feature", "properties": { "OBJECTID": 225, "Id": 0, "Name": "שדה בר", "NameEng": "Sde Bar", "ET_ID": 1528638, "GIS_ID": 0.054, "Type": "Settlement", "Ideologica": "Ideological", "Shape_Leng": 2057.7081005300001, "Shape_Area": 117109.450102, "WKT": "MULTIPOLYGON (((223453.49000000022 617306.72000000067, 223563.66000000015 617292.66000000015, 223699.62000000011 617283.27999999933, 223802.76999999955 617327.8200000003, 223816.83000000007 617435.65000000037, 223748.84999999963 617473.15000000037, 22367", "DB_ID": 317.0, "Time": 1998, "X": 223242.03616399999, "Y": 618655.10101600003, "WKT_1": null, "WKT_ISR": null }, "geometry": { "type": "MultiPolygon", "coordinates": [ [ [ [ 35.24555, 31.65631 ], [ 35.2452, 31.65665 ], [ 35.2449, 31.65707 ], [ 35.24439, 31.65746 ], [ 35.24399, 31.65779 ], [ 35.24389, 31.65798 ], [ 35.24347, 31.65919 ], [ 35.24313, 31.65946 ], [ 35.243, 31.6606 ], [ 35.24315, 31.66128 ], [ 35.24263, 31.66143 ], [ 35.24231, 31.66242 ], [ 35.24263, 31.66268 ], [ 35.24382, 31.66221 ], [ 35.24473, 31.66202 ], [ 35.2455, 31.66261 ], [ 35.24585, 31.66263 ], [ 35.24631, 31.6606 ], [ 35.24505, 31.66048 ], [ 35.24486, 31.66012 ], [ 35.24439, 31.65957 ], [ 35.24476, 31.65906 ], [ 35.24523, 31.65887 ], [ 35.24535, 31.65788 ], [ 35.2453, 31.65695 ], [ 35.24555, 31.65631 ] ] ] ] } },
{ "type": "Feature", "properties": { "OBJECTID": 226, "Id": 0, "Name": "כפר אלדד", "NameEng": "Kfar Eldad", "ET_ID": 1528638, "GIS_ID": 3726.1, "Type": "Settlement", "Ideologica": "Ideological", "Shape_Leng": 2929.7235956, "Shape_Area": 319393.05317799997, "WKT": "MULTIPOLYGON (((223453.49000000022 617306.72000000067, 223563.66000000015 617292.66000000015, 223699.62000000011 617283.27999999933, 223802.76999999955 617327.8200000003, 223816.83000000007 617435.65000000037, 223748.84999999963 617473.15000000037, 22367", "DB_ID": 334.0, "Time": 1982, "X": 224030.174596, "Y": 617753.58438400005, "WKT_1": null, "WKT_ISR": null }, "geometry": { "type": "MultiPolygon", "coordinates": [ [ [ [ 35.25499, 31.65425 ], [ 35.25494, 31.6542 ], [ 35.25482, 31.6531 ], [ 35.25559, 31.65179 ], [ 35.25577, 31.65111 ], [ 35.25487, 31.6498 ], [ 35.25447, 31.64902 ], [ 35.25445, 31.64743 ], [ 35.2534, 31.64705 ], [ 35.25292, 31.64749 ], [ 35.25216, 31.64921 ], [ 35.25216, 31.65026 ], [ 35.25185, 31.65041 ], [ 35.25152, 31.65142 ], [ 35.25148, 31.65155 ], [ 35.25148, 31.65156 ], [ 35.25126, 31.65242 ], [ 35.25082, 31.65256 ], [ 35.25011, 31.6529 ], [ 35.24984, 31.65324 ], [ 35.24982, 31.65341 ], [ 35.2498, 31.65341 ], [ 35.2498, 31.65362 ], [ 35.2498, 31.65403 ], [ 35.24957, 31.65445 ], [ 35.24906, 31.65502 ], [ 35.24762, 31.65591 ], [ 35.24751, 31.65593 ], [ 35.24761, 31.65609 ], [ 35.24804, 31.65638 ], [ 35.24859, 31.65637 ], [ 35.24906, 31.65607 ], [ 35.24982, 31.6555 ], [ 35.25135, 31.65525 ], [ 35.25235, 31.65526 ], [ 35.25314, 31.65507 ], [ 35.25483, 31.65442 ], [ 35.25499, 31.65425 ] ] ] ] } },
{ "type": "Feature", "properties": { "OBJECTID": 227, "Id": 0, "Name": "מעלה רחבעם", "NameEng": "Maale Rehavam", "ET_ID": 1528638, "GIS_ID": 0.053, "Type": "Outpost", "Ideologica": "Ideological", "Shape_Leng": 2269.5381400400001, "Shape_Area": 223758.818711, "WKT": "MULTIPOLYGON (((223453.49000000022 617306.72000000067, 223563.66000000015 617292.66000000015, 223699.62000000011 617283.27999999933, 223802.76999999955 617327.8200000003, 223816.83000000007 617435.65000000037, 223748.84999999963 617473.15000000037, 22367", "DB_ID": 284.0, "Time": 2002, "X": 224557.210421, "Y": 617410.82885799999, "WKT_1": null, "WKT_ISR": null }, "geometry": { "type": "MultiPolygon", "coordinates": [ [ [ [ 35.25947, 31.6517 ], [ 35.25933, 31.6507 ], [ 35.25919, 31.6496 ], [ 35.26022, 31.64918 ], [ 35.26114, 31.64825 ], [ 35.26077, 31.64793 ], [ 35.25983, 31.64698 ], [ 35.25909, 31.64643 ], [ 35.25866, 31.64595 ], [ 35.25847, 31.64523 ], [ 35.25812, 31.64505 ], [ 35.25687, 31.64622 ], [ 35.25685, 31.64726 ], [ 35.25713, 31.64781 ], [ 35.25752, 31.64836 ], [ 35.25662, 31.64837 ], [ 35.25615, 31.6489 ], [ 35.25616, 31.64987 ], [ 35.25659, 31.65144 ], [ 35.25738, 31.65305 ], [ 35.25876, 31.6525 ], [ 35.25947, 31.6517 ] ] ] ] } },
{ "type": "Feature", "properties": { "OBJECTID": 231, "Id": 0, "Name": "גבעת הדגן", "NameEng": "Givat Hadagan", "ET_ID": 2299149, "GIS_ID": 0.007, "Type": "Settlement", "Ideologica": "Religious", "Shape_Leng": 2774.0451622199998, "Shape_Area": 305834.85193100001, "WKT": null, "DB_ID": 245.0, "Time": 2000, "X": 216409.76589099999, "Y": 620999.10837100004, "WKT_1": null, "WKT_ISR": null }, "geometry": { "type": "MultiPolygon", "coordinates": [ [ [ [ 35.17498, 31.6826 ], [ 35.17539, 31.68142 ], [ 35.17497, 31.68024 ], [ 35.17384, 31.67973 ], [ 35.17428, 31.67861 ], [ 35.17338, 31.67839 ], [ 35.17223, 31.6784 ], [ 35.17131, 31.67854 ], [ 35.17069, 31.67862 ], [ 35.17021, 31.67847 ], [ 35.16983, 31.67827 ], [ 35.16947, 31.67835 ], [ 35.16938, 31.6788 ], [ 35.16963, 31.67924 ], [ 35.17016, 31.67969 ], [ 35.17102, 31.67995 ], [ 35.17118, 31.67995 ], [ 35.17154, 31.6804 ], [ 35.17163, 31.68052 ], [ 35.1716, 31.68052 ], [ 35.17077, 31.68041 ], [ 35.17032, 31.68061 ], [ 35.16976, 31.68086 ], [ 35.16947, 31.68118 ], [ 35.16912, 31.68095 ], [ 35.1688, 31.68089 ], [ 35.1688, 31.68088 ], [ 35.16863, 31.68109 ], [ 35.16842, 31.68131 ], [ 35.16812, 31.68188 ], [ 35.16828, 31.68195 ], [ 35.16837, 31.68186 ], [ 35.1693, 31.68214 ], [ 35.17026, 31.68298 ], [ 35.17086, 31.68364 ], [ 35.17138, 31.68417 ], [ 35.17256, 31.68461 ], [ 35.17388, 31.68505 ], [ 35.17402, 31.6847 ], [ 35.17418, 31.68456 ], [ 35.17425, 31.68428 ], [ 35.17471, 31.68381 ], [ 35.1749, 31.6834 ], [ 35.17496, 31.68302 ], [ 35.17498, 31.68282 ], [ 35.17504, 31.68265 ], [ 35.17498, 31.6826 ] ] ] ] } },
{ "type": "Feature", "properties": { "OBJECTID": 233, "Id": 0, "Name": "גבעת התמר", "NameEng": "Givat Hatamar", "ET_ID": 2299149, "GIS_ID": 0.008, "Type": "Settlement", "Ideologica": "Religious", "Shape_Leng": 3220.9242179900002, "Shape_Area": 252655.690501, "WKT": null, "DB_ID": 248.0, "Time": 2002, "X": 215705.035944, "Y": 620826.58113800001, "WKT_1": null, "WKT_ISR": null }, "geometry": { "type": "MultiPolygon", "coordinates": [ [ [ [ 35.16662, 31.67512 ], [ 35.16607, 31.67467 ], [ 35.16569, 31.6745 ], [ 35.16609, 31.67501 ], [ 35.16622, 31.67576 ], [ 35.16609, 31.6763 ], [ 35.16609, 31.67671 ], [ 35.16627, 31.67717 ], [ 35.16659, 31.67801 ], [ 35.16702, 31.67839 ], [ 35.16618, 31.67814 ], [ 35.16608, 31.6784 ], [ 35.16555, 31.67831 ], [ 35.16533, 31.67829 ], [ 35.16519, 31.67788 ], [ 35.16499, 31.67789 ], [ 35.16345, 31.67801 ], [ 35.16365, 31.67869 ], [ 35.16315, 31.67886 ], [ 35.16259, 31.67881 ], [ 35.16228, 31.67912 ], [ 35.16204, 31.67967 ], [ 35.16211, 31.67996 ], [ 35.16206, 31.68002 ], [ 35.16201, 31.68031 ], [ 35.16078, 31.68045 ], [ 35.16078, 31.68068 ], [ 35.16065, 31.68116 ], [ 35.16094, 31.68159 ], [ 35.16121, 31.682 ], [ 35.16256, 31.68187 ], [ 35.16344, 31.6823 ], [ 35.16465, 31.682 ], [ 35.16529, 31.68185 ], [ 35.16575, 31.68154 ], [ 35.16606, 31.68121 ], [ 35.16625, 31.68098 ], [ 35.16652, 31.68102 ], [ 35.16698, 31.68096 ], [ 35.16738, 31.68092 ], [ 35.16759, 31.68069 ], [ 35.16783, 31.68109 ], [ 35.16819, 31.68123 ], [ 35.16842, 31.68131 ], [ 35.16863, 31.68109 ], [ 35.1688, 31.68088 ], [ 35.16878, 31.67995 ], [ 35.16822, 31.67915 ], [ 35.16704, 31.67804 ], [ 35.16657, 31.67738 ], [ 35.16657, 31.67637 ], [ 35.16657, 31.67512 ], [ 35.16662, 31.67512 ] ] ] ] } },
{ "type": "Feature", "properties": { "OBJECTID": 235, "Id": 0, "Name": "נתיב האבות", "NameEng": "Netiv Haavot", "ET_ID": 445664, "GIS_ID": 0.005, "Type": "Outpost", "Ideologica": "Religious", "Shape_Leng": 2898.2276255199999, "Shape_Area": 111787.855341, "WKT": "MULTIPOLYGON (((213706.87000000011 618793.43999999948, 213599.44000000041 618807.75999999978, 213542.15000000037 618847.15000000037, 213527.8200000003 618886.53999999911, 213434.71999999974 618936.6799999997, 213330.87999999989 618990.3900000006, 213241.", "DB_ID": 250.0, "Time": 2001, "X": 212894.21233000001, "Y": 619197.46154799999, "WKT_1": null, "WKT_ISR": null }, "geometry": { "type": "MultiPolygon", "coordinates": [ [ [ [ 35.13261, 31.66082 ], [ 35.13242, 31.65962 ], [ 35.1317, 31.65998 ], [ 35.13173, 31.66045 ], [ 35.13235, 31.66162 ], [ 35.13215, 31.66198 ], [ 35.13302, 31.66225 ], [ 35.13307, 31.66196 ], [ 35.13261, 31.66082 ] ] ], [ [ [ 35.13613, 31.66871 ], [ 35.13621, 31.66831 ], [ 35.1364, 31.66833 ], [ 35.1366, 31.66844 ], [ 35.13679, 31.66831 ], [ 35.13708, 31.66799 ], [ 35.13731, 31.66757 ], [ 35.1376, 31.6671 ], [ 35.13781, 31.66672 ], [ 35.13762, 31.66647 ], [ 35.13729, 31.66621 ], [ 35.13687, 31.66576 ], [ 35.13726, 31.66551 ], [ 35.13757, 31.66511 ], [ 35.13815, 31.66461 ], [ 35.13872, 31.66422 ], [ 35.13868, 31.66406 ], [ 35.13801, 31.66455 ], [ 35.13739, 31.66473 ], [ 35.13719, 31.66475 ], [ 35.13684, 31.66488 ], [ 35.13632, 31.66509 ], [ 35.13582, 31.66549 ], [ 35.13561, 31.66576 ], [ 35.13512, 31.6656 ], [ 35.13504, 31.66556 ], [ 35.13426, 31.66489 ], [ 35.13419, 31.66457 ], [ 35.13429, 31.66388 ], [ 35.13413, 31.66359 ], [ 35.13356, 31.6635 ], [ 35.13349, 31.66372 ], [ 35.13295, 31.66381 ], [ 35.13328, 31.66456 ], [ 35.13352, 31.66518 ], [ 35.13429, 31.6661 ], [ 35.13494, 31.66606 ], [ 35.13508, 31.66612 ], [ 35.13509, 31.66618 ], [ 35.13522, 31.66661 ], [ 35.13572, 31.66743 ], [ 35.13593, 31.66797 ], [ 35.13593, 31.66853 ], [ 35.13613, 31.66871 ] ] ] ] } },
{ "type": "Feature", "properties": { "OBJECTID": 242, "Id": 0, "Name": "מועצה אזורית גוש עציון", "NameEng": "Gush Etzion Council", "ET_ID": 850187, "GIS_ID": 3602.1, "Type": "Other", "Ideologica": "Religious", "Shape_Leng": 1886.97728244, "Shape_Area": 185771.200071, "WKT": "MULTIPOLYGON (((211621.3200000003 618535.09999999963, 211594.08000000007 618533.58999999985, 211544.15000000037 618498.78999999911, 211500.26999999955 618516.94999999925, 211465.46999999974 618550.24000000022, 211414.03000000026 618572.9299999997, 211335", "DB_ID": 335.0, "Time": 0, "X": 211345.714381, "Y": 618361.07806299999, "WKT_1": null, "WKT_ISR": null }, "geometry": { "type": "MultiPolygon", "coordinates": [ [ [ [ 35.1227, 31.65935 ], [ 35.12179, 31.65833 ], [ 35.12078, 31.65697 ], [ 35.12068, 31.65706 ], [ 35.12006, 31.65625 ], [ 35.1193, 31.65539 ], [ 35.11895, 31.65537 ], [ 35.11772, 31.65522 ], [ 35.11708, 31.6552 ], [ 35.11671, 31.65531 ], [ 35.11658, 31.65612 ], [ 35.11657, 31.65678 ], [ 35.11685, 31.65756 ], [ 35.11708, 31.65782 ], [ 35.11712, 31.65823 ], [ 35.11709, 31.65898 ], [ 35.11731, 31.65945 ], [ 35.11747, 31.65971 ], [ 35.11786, 31.66003 ], [ 35.11864, 31.66016 ], [ 35.11881, 31.65994 ], [ 35.11964, 31.65957 ], [ 35.12019, 31.65937 ], [ 35.12055, 31.65907 ], [ 35.12102, 31.6589 ], [ 35.12154, 31.65922 ], [ 35.12183, 31.65923 ], [ 35.12239, 31.65938 ], [ 35.1227, 31.65935 ] ] ] ] } },
{ "type": "Feature", "properties": { "OBJECTID": 244, "Id": 0, "Name": "גבעת החיש", "NameEng": "Givat Hahish", "ET_ID": 0, "GIS_ID": 0.004, "Type": "Outpost", "Ideologica": "Religious", "Shape_Leng": 2412.4663346699999, "Shape_Area": 201031.565993, "WKT": null, "DB_ID": 246.0, "Time": 1998, "X": 212590.778965, "Y": 618127.77948699996, "WKT_1": null, "WKT_ISR": null }, "geometry": { "type": "MultiPolygon", "coordinates": [ [ [ [ 35.13252, 31.65787 ], [ 35.13269, 31.65767 ], [ 35.13302, 31.6577 ], [ 35.13313, 31.65769 ], [ 35.13345, 31.65751 ], [ 35.13355, 31.65754 ], [ 35.13374, 31.65778 ], [ 35.13392, 31.65789 ], [ 35.13423, 31.65768 ], [ 35.1345, 31.65766 ], [ 35.13497, 31.65745 ], [ 35.13523, 31.65719 ], [ 35.1357, 31.65682 ], [ 35.13554, 31.65648 ], [ 35.13538, 31.65648 ], [ 35.13508, 31.65611 ], [ 35.1348, 31.65626 ], [ 35.13403, 31.65641 ], [ 35.134, 31.65634 ], [ 35.13395, 31.65597 ], [ 35.13401, 31.65558 ], [ 35.1344, 31.65495 ], [ 35.13411, 31.6548 ], [ 35.13357, 31.65458 ], [ 35.1335, 31.65382 ], [ 35.13333, 31.65367 ], [ 35.13342, 31.65311 ], [ 35.13311, 31.65305 ], [ 35.13259, 31.6536 ], [ 35.13231, 31.654 ], [ 35.13188, 31.65399 ], [ 35.13177, 31.65352 ], [ 35.13148, 31.65309 ], [ 35.13105, 31.65329 ], [ 35.13049, 31.65351 ], [ 35.13015, 31.65382 ], [ 35.12947, 31.65375 ], [ 35.12883, 31.65359 ], [ 35.12883, 31.65358 ], [ 35.12877, 31.65368 ], [ 35.12897, 31.65517 ], [ 35.12892, 31.6554 ], [ 35.1291, 31.65537 ], [ 35.12963, 31.65549 ], [ 35.12966, 31.65587 ], [ 35.12986, 31.65607 ], [ 35.12999, 31.6563 ], [ 35.13017, 31.65653 ], [ 35.13061, 31.65653 ], [ 35.13101, 31.65687 ], [ 35.13133, 31.65708 ], [ 35.13156, 31.65704 ], [ 35.13161, 31.65718 ], [ 35.13161, 31.65739 ], [ 35.13152, 31.65756 ], [ 35.13152, 31.65761 ], [ 35.1319, 31.65784 ], [ 35.13184, 31.65805 ], [ 35.1323, 31.65829 ], [ 35.13242, 31.65818 ], [ 35.13249, 31.65806 ], [ 35.13252, 31.65787 ] ] ] ] } },
{ "type": "Feature", "properties": { "OBJECTID": 245, "Id": 0, "Name": "משואות יצחק הישנה", "NameEng": "Old Masuot Yizhak", "ET_ID": 1228972, "GIS_ID": 0.027, "Type": "Outpost", "Ideologica": "Extreme", "Shape_Leng": 759.09104858299997, "Shape_Area": 27358.492984600001, "WKT": "MULTIPOLYGON (((209404.23000000045 618907.71000000089, 209352.79000000004 618932.80000000075, 209316.41000000015 618946.59999999963, 209283.79999999981 618994.26999999955, 209244.91000000015 619011.83000000007, 209129.49000000022 619090.86999999918, 2090", "DB_ID": 295.0, "Time": 2001, "X": 210417.71784600001, "Y": 618711.03981400002, "WKT_1": null, "WKT_ISR": null }, "geometry": { "type": "MultiPolygon", "coordinates": [ [ [ [ 35.10974, 31.65969 ], [ 35.10952, 31.65985 ], [ 35.10875, 31.66056 ], [ 35.10774, 31.6612 ], [ 35.10754, 31.66152 ], [ 35.10768, 31.66156 ], [ 35.10834, 31.66173 ], [ 35.10873, 31.6616 ], [ 35.1094, 31.66119 ], [ 35.10996, 31.66095 ], [ 35.11055, 31.6606 ], [ 35.1104, 31.66031 ], [ 35.11027, 31.66005 ], [ 35.11025, 31.66004 ], [ 35.11013, 31.66006 ], [ 35.10985, 31.65985 ], [ 35.10979, 31.65982 ], [ 35.10979, 31.65981 ], [ 35.10971, 31.65975 ], [ 35.10974, 31.65969 ] ] ] ] } },
{ "type": "Feature", "properties": { "OBJECTID": 246, "Id": 0, "Name": "בת עין מזרח", "NameEng": "Bat Ayin East", "ET_ID": 1228972, "GIS_ID": 0.03, "Type": "Outpost", "Ideologica": "Extreme", "Shape_Leng": 720.86062474899995, "Shape_Area": 22859.62373, "WKT": "MULTIPOLYGON (((209404.23000000045 618907.71000000089, 209352.79000000004 618932.80000000075, 209316.41000000015 618946.59999999963, 209283.79999999981 618994.26999999955, 209244.91000000015 619011.83000000007, 209129.49000000022 619090.86999999918, 2090", "DB_ID": 235.0, "Time": 1998, "X": 210357.57221099999, "Y": 617874.15816300001, "WKT_1": null, "WKT_ISR": null }, "geometry": { "type": "MultiPolygon", "coordinates": [ [ [ [ 35.10869, 31.65385 ], [ 35.10888, 31.65362 ], [ 35.10931, 31.6533 ], [ 35.10963, 31.65279 ], [ 35.10972, 31.6524 ], [ 35.10953, 31.65238 ], [ 35.10917, 31.6524 ], [ 35.10873, 31.65269 ], [ 35.10794, 31.65293 ], [ 35.10741, 31.65352 ], [ 35.10701, 31.65394 ], [ 35.10783, 31.65384 ], [ 35.10869, 31.65415 ], [ 35.10869, 31.65385 ] ] ] ] } },
{ "type": "Feature", "properties": { "OBJECTID": 247, "Id": 0, "Name": "בת עין מערב", "NameEng": "Bat Ayin West", "ET_ID": 1228972, "GIS_ID": 0.026, "Type": "Outpost", "Ideologica": "Extreme", "Shape_Leng": 3858.2435373100002, "Shape_Area": 464221.18238800002, "WKT": "MULTIPOLYGON (((209404.23000000045 618907.71000000089, 209352.79000000004 618932.80000000075, 209316.41000000015 618946.59999999963, 209283.79999999981 618994.26999999955, 209244.91000000015 619011.83000000007, 209129.49000000022 619090.86999999918, 2090", "DB_ID": 236.0, "Time": 2002, "X": 208833.09261299999, "Y": 618857.30526399997, "WKT_1": null, "WKT_ISR": null }, "geometry": { "type": "MultiPolygon", "coordinates": [ [ [ [ 35.09179, 31.66588 ], [ 35.09222, 31.66533 ], [ 35.09251, 31.6655 ], [ 35.09289, 31.66558 ], [ 35.09321, 31.66578 ], [ 35.09356, 31.66565 ], [ 35.09412, 31.6653 ], [ 35.09453, 31.66503 ], [ 35.09456, 31.6648 ], [ 35.09481, 31.66355 ], [ 35.09471, 31.66242 ], [ 35.09489, 31.66186 ], [ 35.09518, 31.6619 ], [ 35.09549, 31.66196 ], [ 35.09578, 31.6621 ], [ 35.09601, 31.66228 ], [ 35.09627, 31.66226 ], [ 35.09667, 31.66217 ], [ 35.09731, 31.66195 ], [ 35.09815, 31.66157 ], [ 35.09866, 31.66139 ], [ 35.099, 31.66117 ], [ 35.09871, 31.66103 ], [ 35.0978, 31.66083 ], [ 35.09706, 31.66118 ], [ 35.09659, 31.66123 ], [ 35.09639, 31.66096 ], [ 35.09658, 31.66062 ], [ 35.09598, 31.66016 ], [ 35.09543, 31.65961 ], [ 35.09562, 31.65945 ], [ 35.09592, 31.65892 ], [ 35.09649, 31.65846 ], [ 35.09695, 31.65797 ], [ 35.09616, 31.65783 ], [ 35.09562, 31.65776 ], [ 35.09524, 31.65828 ], [ 35.0951, 31.65871 ], [ 35.0945, 31.65902 ], [ 35.09415, 31.65915 ], [ 35.09361, 31.65933 ], [ 35.09332, 31.65951 ], [ 35.09316, 31.65981 ], [ 35.09298, 31.65982 ], [ 35.09157, 31.65975 ], [ 35.09007, 31.65956 ], [ 35.08866, 31.66006 ], [ 35.08835, 31.66047 ], [ 35.08787, 31.66064 ], [ 35.08743, 31.66064 ], [ 35.08719, 31.66098 ], [ 35.08766, 31.66139 ], [ 35.0877, 31.66177 ], [ 35.08801, 31.66261 ], [ 35.08879, 31.66279 ], [ 35.08931, 31.66312 ], [ 35.08952, 31.66381 ], [ 35.08999, 31.66423 ], [ 35.08984, 31.66454 ], [ 35.08982, 31.66486 ], [ 35.08945, 31.66526 ], [ 35.08982, 31.66542 ], [ 35.09025, 31.66591 ], [ 35.09066, 31.66645 ], [ 35.09121, 31.66635 ], [ 35.09179, 31.66588 ] ] ] ] } },
{ "type": "Feature", "properties": { "OBJECTID": 248, "Id": 0, "Name": "חוות קשואלה", "NameEng": "Kashuela Farm", "ET_ID": 0, "GIS_ID": 0.175, "Type": "Outpost", "Ideologica": "Religious", "Shape_Leng": 849.45392322199996, "Shape_Area": 40371.546541099997, "WKT": null, "DB_ID": 1066.0, "Time": 2012, "X": 209756.33895599999, "Y": 620347.69646200002, "WKT_1": null, "WKT_ISR": null }, "geometry": { "type": "MultiPolygon", "coordinates": [ [ [ [ 35.10402, 31.67478 ], [ 35.10309, 31.67461 ], [ 35.10232, 31.67499 ], [ 35.10114, 31.67497 ], [ 35.10074, 31.6752 ], [ 35.10077, 31.67584 ], [ 35.10115, 31.67657 ], [ 35.10226, 31.67647 ], [ 35.10298, 31.67595 ], [ 35.10402, 31.67478 ] ] ] ] } },
{ "type": "Feature", "properties": { "OBJECTID": 249, "Id": 0, "Name": "קדר הישנה", "NameEng": "Old Keidar", "ET_ID": 0, "GIS_ID": 3781.1, "Type": "Settlement", "Ideologica": "No", "Shape_Leng": 770.74076782300006, "Shape_Area": 30463.383500100001, "WKT": null, "DB_ID": 347.0, "Time": 1985, "X": 228659.13701599999, "Y": 628163.69302300003, "WKT_1": null, "WKT_ISR": null }, "geometry": { "type": "MultiPolygon", "coordinates": [ [ [ [ 35.30124, 31.74729 ], [ 35.30163, 31.74712 ], [ 35.30188, 31.74685 ], [ 35.30242, 31.74667 ], [ 35.30258, 31.74663 ], [ 35.30275, 31.74619 ], [ 35.30275, 31.74601 ], [ 35.30237, 31.74598 ], [ 35.30216, 31.74581 ], [ 35.30209, 31.74568 ], [ 35.30225, 31.74535 ], [ 35.3021, 31.74525 ], [ 35.30185, 31.74522 ], [ 35.30142, 31.74513 ], [ 35.30109, 31.74511 ], [ 35.30077, 31.74517 ], [ 35.30066, 31.74522 ], [ 35.30063, 31.74536 ], [ 35.30056, 31.74557 ], [ 35.30043, 31.74581 ], [ 35.30049, 31.74588 ], [ 35.3009, 31.74611 ], [ 35.301, 31.74622 ], [ 35.30086, 31.74644 ], [ 35.30111, 31.74678 ], [ 35.30123, 31.74699 ], [ 35.30124, 31.74729 ] ] ] ] } },
{ "type": "Feature", "properties": { "OBJECTID": 250, "Id": 0, "Name": "קדר", "NameEng": "Keidar", "ET_ID": 0, "GIS_ID": 3781.0, "Type": "Settlement", "Ideologica": "No", "Shape_Leng": 2747.3160678600002, "Shape_Area": 380881.81604599999, "WKT": null, "DB_ID": 114.0, "Time": 1985, "X": 229450.38105200001, "Y": 629048.11147700006, "WKT_1": null, "WKT_ISR": null }, "geometry": { "type": "MultiPolygon", "coordinates": [ [ [ [ 35.30799, 31.75604 ], [ 35.30835, 31.7562 ], [ 35.30863, 31.75628 ], [ 35.30897, 31.75634 ], [ 35.30988, 31.75633 ], [ 35.31049, 31.75633 ], [ 35.31124, 31.75648 ], [ 35.31212, 31.75653 ], [ 35.31224, 31.75639 ], [ 35.31213, 31.75603 ], [ 35.31204, 31.75567 ], [ 35.31239, 31.7553 ], [ 35.31282, 31.7551 ], [ 35.31324, 31.75509 ], [ 35.31374, 31.75489 ], [ 35.31397, 31.75444 ], [ 35.31435, 31.7542 ], [ 35.31465, 31.75422 ], [ 35.31482, 31.75398 ], [ 35.3151, 31.75357 ], [ 35.31533, 31.75323 ], [ 35.31518, 31.75295 ], [ 35.31495, 31.75259 ], [ 35.31501, 31.75199 ], [ 35.31498, 31.75169 ], [ 35.31452, 31.75175 ], [ 35.31362, 31.75193 ], [ 35.31313, 31.7519 ], [ 35.31263, 31.75188 ], [ 35.31222, 31.75185 ], [ 35.3119, 31.75184 ], [ 35.31156, 31.75184 ], [ 35.31123, 31.7517 ], [ 35.31091, 31.7517 ], [ 35.31068, 31.75164 ], [ 35.31043, 31.7516 ], [ 35.31021, 31.7516 ], [ 35.30991, 31.75167 ], [ 35.3096, 31.75187 ], [ 35.30931, 31.75217 ], [ 35.30823, 31.75263 ], [ 35.30754, 31.75284 ], [ 35.30699, 31.75291 ], [ 35.30603, 31.75305 ], [ 35.30502, 31.7533 ], [ 35.30445, 31.75378 ], [ 35.30423, 31.75433 ], [ 35.30392, 31.75473 ], [ 35.30433, 31.75529 ], [ 35.30799, 31.75604 ] ] ] ] } },
{ "type": "Feature", "properties": { "OBJECTID": 251, "Id": 0, "Name": "גבעת גרניט 468", "NameEng": "Givat Granit 468", "ET_ID": 1095540, "GIS_ID": 0.078, "Type": "Outpost", "Ideologica": "Ideological", "Shape_Leng": 1574.4210997099999, "Shape_Area": 102012.24153100001, "WKT": null, "DB_ID": 328.0, "Time": 2002, "X": 229922.562274, "Y": 636361.09349500004, "WKT_1": null, "WKT_ISR": null }, "geometry": { "type": "MultiPolygon", "coordinates": [ [ [ [ 35.31734, 31.82153 ], [ 35.31729, 31.82134 ], [ 35.3174, 31.82091 ], [ 35.31755, 31.82049 ], [ 35.3176, 31.81994 ], [ 35.31738, 31.81968 ], [ 35.31674, 31.81929 ], [ 35.31636, 31.81925 ], [ 35.31582, 31.81938 ], [ 35.31547, 31.81949 ], [ 35.31509, 31.81948 ], [ 35.31464, 31.81943 ], [ 35.31409, 31.819 ], [ 35.31281, 31.81817 ], [ 35.31154, 31.81812 ], [ 35.31179, 31.81896 ], [ 35.31357, 31.81999 ], [ 35.31376, 31.82039 ], [ 35.31423, 31.82062 ], [ 35.3147, 31.82093 ], [ 35.31498, 31.82125 ], [ 35.31538, 31.82144 ], [ 35.31574, 31.82154 ], [ 35.31623, 31.8216 ], [ 35.31657, 31.82173 ], [ 35.31734, 31.82153 ] ] ] ] } },
{ "type": "Feature", "properties": { "OBJECTID": 252, "Id": 0, "Name": "מצפה יריחו צפון מזרח", "NameEng": "Mitzpe Yericho North East", "ET_ID": 767605, "GIS_ID": 0.148, "Type": "Outpost", "Ideologica": "Religious", "Shape_Leng": 1894.1708955199999, "Shape_Area": 37281.0574566, "WKT": null, "DB_ID": 291.0, "Time": 1997, "X": 238224.242512, "Y": 636752.25001399999, "WKT_1": null, "WKT_ISR": null }, "geometry": { "type": "MultiPolygon", "coordinates": [ [ [ [ 35.39888, 31.82123 ], [ 35.39881, 31.82125 ], [ 35.3988, 31.82127 ], [ 35.3988, 31.82127 ], [ 35.39903, 31.82137 ], [ 35.3993, 31.82123 ], [ 35.40003, 31.82083 ], [ 35.40023, 31.82082 ], [ 35.40062, 31.82104 ], [ 35.40075, 31.82137 ], [ 35.40079, 31.82175 ], [ 35.40113, 31.82191 ], [ 35.40154, 31.82223 ], [ 35.40211, 31.82269 ], [ 35.40261, 31.8228 ], [ 35.40293, 31.82298 ], [ 35.40301, 31.82334 ], [ 35.40301, 31.82371 ], [ 35.40309, 31.82405 ], [ 35.40334, 31.82443 ], [ 35.40327, 31.82474 ], [ 35.40298, 31.82485 ], [ 35.4026, 31.82492 ], [ 35.40241, 31.82506 ], [ 35.40264, 31.82514 ], [ 35.40302, 31.82526 ], [ 35.40338, 31.82539 ], [ 35.40362, 31.82559 ], [ 35.40396, 31.82556 ], [ 35.40412, 31.82536 ], [ 35.40412, 31.82513 ], [ 35.40402, 31.82477 ], [ 35.40388, 31.8239 ], [ 35.40394, 31.82344 ], [ 35.40394, 31.82311 ], [ 35.40374, 31.82301 ], [ 35.40324, 31.82294 ], [ 35.40291, 31.82285 ], [ 35.40221, 31.82259 ], [ 35.40181, 31.82212 ], [ 35.40161, 31.82185 ], [ 35.40144, 31.8216 ], [ 35.40121, 31.82113 ], [ 35.40096, 31.82088 ], [ 35.40076, 31.82083 ], [ 35.40052, 31.82079 ], [ 35.40031, 31.82075 ], [ 35.39999, 31.82071 ], [ 35.39973, 31.82085 ], [ 35.39946, 31.82099 ], [ 35.39918, 31.82119 ], [ 35.39902, 31.82128 ], [ 35.39888, 31.82123 ], [ 35.39888, 31.82123 ] ] ] ] } },
{ "type": "Feature", "properties": { "OBJECTID": 253, "Id": 0, "Name": "מגרון החדשה", "NameEng": "New Migron", "ET_ID": 0, "GIS_ID": 0.183, "Type": "Settlement", "Ideologica": null, "Shape_Leng": 1727.68912002, "Shape_Area": 109310.922253, "WKT": null, "DB_ID": 335.0, "Time": 2012, "X": 224637.84819, "Y": 642403.86070700001, "WKT_1": null, "WKT_ISR": null }, "geometry": { "type": "MultiPolygon", "coordinates": [ [ [ [ 35.26084, 31.87581 ], [ 35.26089, 31.87556 ], [ 35.26013, 31.87541 ], [ 35.26011, 31.87528 ], [ 35.26004, 31.87501 ], [ 35.26008, 31.87455 ], [ 35.26017, 31.8744 ], [ 35.26021, 31.87404 ], [ 35.26011, 31.87324 ], [ 35.26041, 31.87311 ], [ 35.26097, 31.87315 ], [ 35.26146, 31.87301 ], [ 35.26143, 31.87282 ], [ 35.26058, 31.87252 ], [ 35.25935, 31.87229 ], [ 35.25865, 31.87254 ], [ 35.25828, 31.87295 ], [ 35.25781, 31.87326 ], [ 35.25784, 31.87362 ], [ 35.25805, 31.87396 ], [ 35.25752, 31.87407 ], [ 35.2575, 31.87417 ], [ 35.25761, 31.87461 ], [ 35.25757, 31.87501 ], [ 35.25783, 31.87554 ], [ 35.25789, 31.87567 ], [ 35.25804, 31.87585 ], [ 35.25853, 31.8758 ], [ 35.25861, 31.87594 ], [ 35.25856, 31.87626 ], [ 35.25852, 31.87638 ], [ 35.2583, 31.87658 ], [ 35.25829, 31.87677 ], [ 35.25847, 31.87704 ], [ 35.25906, 31.87684 ], [ 35.25937, 31.87667 ], [ 35.26002, 31.87635 ], [ 35.26058, 31.87632 ], [ 35.26076, 31.87619 ], [ 35.26084, 31.87581 ] ], [ [ 35.25983, 31.8745 ], [ 35.25983, 31.87449 ], [ 35.25984, 31.8745 ], [ 35.25983, 31.8745 ] ] ] ] } },
{ "type": "Feature", "properties": { "OBJECTID": 256, "Id": 0, "Name": "מצפה כרמים", "NameEng": "Mitzpe Kramim", "ET_ID": 2545360, "GIS_ID": 0.046, "Type": "Outpost", "Ideologica": "Religious", "Shape_Leng": 2638.1782679399998, "Shape_Area": 434146.40981899999, "WKT": null, "DB_ID": 292.0, "Time": 2001, "X": 233912.781518, "Y": 651715.78209400002, "WKT_1": null, "WKT_ISR": null }, "geometry": { "type": "MultiPolygon", "coordinates": [ [ [ [ 35.35709, 31.95375 ], [ 35.35459, 31.95551 ], [ 35.35492, 31.95652 ], [ 35.35438, 31.95849 ], [ 35.35374, 31.95939 ], [ 35.35351, 31.96092 ], [ 35.35369, 31.96128 ], [ 35.35374, 31.96122 ], [ 35.35913, 31.96177 ], [ 35.36074, 31.96099 ], [ 35.36117, 31.95899 ], [ 35.36069, 31.95836 ], [ 35.36104, 31.95773 ], [ 35.36008, 31.95676 ], [ 35.35709, 31.95375 ] ] ] ] } },
{ "type": "Feature", "properties": { "OBJECTID": 257, "Id": 0, "Name": "אהבת חיים", "NameEng": "Ahavat Haim", "ET_ID": 2545360, "GIS_ID": 0.141, "Type": "Outpost", "Ideologica": "Religious", "Shape_Leng": 1415.4629301800001, "Shape_Area": 127623.407985, "WKT": null, "DB_ID": 222.0, "Time": 1999, "X": 232451.25113799999, "Y": 651687.47348699998, "WKT_1": null, "WKT_ISR": null }, "geometry": { "type": "MultiPolygon", "coordinates": [ [ [ [ 35.33965, 31.95772 ], [ 35.34091, 31.96053 ], [ 35.34262, 31.96007 ], [ 35.34417, 31.95691 ], [ 35.34257, 31.95589 ], [ 35.33965, 31.95772 ] ] ] ] } },
{ "type": "Feature", "properties": { "OBJECTID": 258, "Id": 0, "Name": "מעלה שלמה", "NameEng": "Maale Shlomon", "ET_ID": 2545360, "GIS_ID": 0.047, "Type": "Outpost", "Ideologica": "Religious", "Shape_Leng": 2206.9015456900001, "Shape_Area": 311163.39769800002, "WKT": null, "DB_ID": 285.0, "Time": 1999, "X": 232798.581397, "Y": 650787.56692999997, "WKT_1": null, "WKT_ISR": null }, "geometry": { "type": "MultiPolygon", "coordinates": [ [ [ [ 35.34171, 31.95003 ], [ 35.34289, 31.9512 ], [ 35.3435, 31.95314 ], [ 35.34447, 31.95297 ], [ 35.34615, 31.95331 ], [ 35.34612, 31.95319 ], [ 35.34824, 31.95077 ], [ 35.34941, 31.94796 ], [ 35.34585, 31.94711 ], [ 35.34298, 31.94856 ], [ 35.34207, 31.94937 ], [ 35.34185, 31.95 ], [ 35.34171, 31.95003 ] ] ] ] } },
{ "type": "Feature", "properties": { "OBJECTID": 260, "Id": 0, "Name": "עפרה צפון מזרח", "NameEng": "Ofra North East", "ET_ID": 4668787, "GIS_ID": 0.098, "Type": "Outpost", "Ideologica": "Religious", "Shape_Leng": 1219.3798114399999, "Shape_Area": 97443.530982099997, "WKT": null, "DB_ID": 308.0, "Time": 2004, "X": 225483.40762799999, "Y": 651688.668924, "WKT_1": null, "WKT_ISR": null }, "geometry": { "type": "MultiPolygon", "coordinates": [ [ [ [ 35.27056, 31.95859 ], [ 35.26873, 31.95692 ], [ 35.26778, 31.95628 ], [ 35.2673, 31.95648 ], [ 35.26696, 31.95677 ], [ 35.26643, 31.95746 ], [ 35.26641, 31.95819 ], [ 35.26762, 31.96016 ], [ 35.26805, 31.95999 ], [ 35.26875, 31.95963 ], [ 35.26966, 31.95924 ], [ 35.27035, 31.95895 ], [ 35.27052, 31.95862 ], [ 35.27056, 31.95859 ] ] ] ] } },
{ "type": "Feature", "properties": { "OBJECTID": 261, "Id": 0, "Name": "בית אל", "NameEng": "Beit El", "ET_ID": 2403595, "GIS_ID": 3574.0, "Type": "Settlement", "Ideologica": "Religious", "Shape_Leng": 3393.4880460300001, "Shape_Area": 591682.43133499997, "WKT": null, "DB_ID": 18.0, "Time": 1977, "X": 222182.754717, "Y": 649663.49233200005, "WKT_1": null, "WKT_ISR": null }, "geometry": { "type": "MultiPolygon", "coordinates": [ [ [ [ 35.23604, 31.94267 ], [ 35.2359, 31.94259 ], [ 35.23656, 31.94251 ], [ 35.23766, 31.94266 ], [ 35.23815, 31.94259 ], [ 35.23825, 31.94226 ], [ 35.23867, 31.94138 ], [ 35.23859, 31.94072 ], [ 35.23874, 31.94013 ], [ 35.23869, 31.93926 ], [ 35.2384, 31.9383 ], [ 35.23793, 31.93744 ], [ 35.23698, 31.93669 ], [ 35.23682, 31.93641 ], [ 35.23668, 31.93621 ], [ 35.23634, 31.93599 ], [ 35.23599, 31.93614 ], [ 35.23578, 31.93651 ], [ 35.23518, 31.93682 ], [ 35.23473, 31.93715 ], [ 35.23411, 31.93729 ], [ 35.2335, 31.9375 ], [ 35.23281, 31.93773 ], [ 35.23193, 31.93776 ], [ 35.23149, 31.93774 ], [ 35.2307, 31.93763 ], [ 35.23051, 31.93773 ], [ 35.22936, 31.93785 ], [ 35.22858, 31.93792 ], [ 35.22795, 31.93787 ], [ 35.22756, 31.94128 ], [ 35.2274, 31.94211 ], [ 35.22714, 31.94283 ], [ 35.22764, 31.94308 ], [ 35.22828, 31.94284 ], [ 35.22894, 31.94297 ], [ 35.22949, 31.9426 ], [ 35.22999, 31.94236 ], [ 35.2314, 31.94221 ], [ 35.23205, 31.94277 ], [ 35.23237, 31.94284 ], [ 35.23304, 31.94241 ], [ 35.23494, 31.94246 ], [ 35.23604, 31.94267 ] ] ] ] } },
{ "type": "Feature", "properties": { "OBJECTID": 262, "Id": 0, "Name": "בית אל מזרח", "NameEng": "Beit El East", "ET_ID": 2403595, "GIS_ID": 0.017, "Type": "Outpost", "Ideologica": "Religious", "Shape_Leng": 3879.99127133, "Shape_Area": 741350.16051700001, "WKT": null, "DB_ID": 231.0, "Time": 2001, "X": 222097.80830800001, "Y": 650400.23634800001, "WKT_1": null, "WKT_ISR": null }, "geometry": { "type": "MultiPolygon", "coordinates": [ [ [ [ 35.22924, 31.94277 ], [ 35.22886, 31.94445 ], [ 35.22876, 31.94546 ], [ 35.22777, 31.94661 ], [ 35.2267, 31.94732 ], [ 35.22702, 31.94812 ], [ 35.22768, 31.95 ], [ 35.22842, 31.9507 ], [ 35.22898, 31.95085 ], [ 35.22991, 31.95054 ], [ 35.23045, 31.95008 ], [ 35.23079, 31.95029 ], [ 35.23123, 31.95102 ], [ 35.23172, 31.95181 ], [ 35.23211, 31.95196 ], [ 35.23285, 31.95175 ], [ 35.23358, 31.95156 ], [ 35.23407, 31.95108 ], [ 35.23407, 31.95022 ], [ 35.2339, 31.94966 ], [ 35.23331, 31.94887 ], [ 35.23368, 31.94845 ], [ 35.23537, 31.94837 ], [ 35.23698, 31.94822 ], [ 35.2373, 31.94847 ], [ 35.23776, 31.94835 ], [ 35.23801, 31.94787 ], [ 35.23811, 31.94706 ], [ 35.23774, 31.94654 ], [ 35.23745, 31.94606 ], [ 35.23737, 31.94554 ], [ 35.2373, 31.94506 ], [ 35.23735, 31.94472 ], [ 35.23742, 31.94449 ], [ 35.23757, 31.9446 ], [ 35.23757, 31.94435 ], [ 35.2373, 31.94383 ], [ 35.23695, 31.9432 ], [ 35.23632, 31.94282 ], [ 35.23604, 31.94267 ], [ 35.23494, 31.94246 ], [ 35.23304, 31.94241 ], [ 35.23237, 31.94284 ], [ 35.23205, 31.94277 ], [ 35.2314, 31.94221 ], [ 35.22999, 31.94236 ], [ 35.22949, 31.9426 ], [ 35.22924, 31.94277 ] ] ] ] } },
{ "type": "Feature", "properties": { "OBJECTID": 263, "Id": 0, "Name": "חרותי", "NameEng": "Heruti", "ET_ID": 0, "GIS_ID": 0.137, "Type": "Outpost", "Ideologica": null, "Shape_Leng": 262.96599687000003, "Shape_Area": 2957.7772305799999, "WKT": null, "DB_ID": 266.0, "Time": 2001, "X": 217682.59637499999, "Y": 637794.54341000004, "WKT_1": null, "WKT_ISR": null }, "geometry": { "type": "MultiPolygon", "coordinates": [ [ [ [ 35.18564, 31.83334 ], [ 35.18574, 31.83332 ], [ 35.18605, 31.83309 ], [ 35.18608, 31.83303 ], [ 35.18594, 31.83285 ], [ 35.18568, 31.83262 ], [ 35.18554, 31.83274 ], [ 35.18538, 31.83266 ], [ 35.18519, 31.83262 ], [ 35.18536, 31.83281 ], [ 35.1855, 31.83294 ], [ 35.18563, 31.83316 ], [ 35.18564, 31.83334 ] ] ] ] } },
{ "type": "Feature", "properties": { "OBJECTID": 264, "Id": 0, "Name": "מצפה העי", "NameEng": "Mitzpe Haai", "ET_ID": 665382, "GIS_ID": 0.104, "Type": "Outpost", "Ideologica": "Religious", "Shape_Leng": 913.50532665000003, "Shape_Area": 24708.000439399999, "WKT": null, "DB_ID": 288.0, "Time": 2001, "X": 221914.84699, "Y": 644784.93030999997, "WKT_1": null, "WKT_ISR": null }, "geometry": { "type": "MultiPolygon", "coordinates": [ [ [ [ 35.23062, 31.89508 ], [ 35.23037, 31.89505 ], [ 35.23019, 31.89503 ], [ 35.22976, 31.8952 ], [ 35.22939, 31.89516 ], [ 35.22921, 31.89517 ], [ 35.22913, 31.89537 ], [ 35.22942, 31.89581 ], [ 35.22972, 31.89587 ], [ 35.22999, 31.89581 ], [ 35.23033, 31.89582 ], [ 35.23058, 31.89602 ], [ 35.23051, 31.89632 ], [ 35.23044, 31.89658 ], [ 35.23027, 31.89692 ], [ 35.23006, 31.89717 ], [ 35.23002, 31.89733 ], [ 35.22999, 31.89743 ], [ 35.23007, 31.89766 ], [ 35.23022, 31.8975 ], [ 35.23094, 31.89684 ], [ 35.2313, 31.8962 ], [ 35.23147, 31.89577 ], [ 35.23131, 31.8955 ], [ 35.23092, 31.89546 ], [ 35.23063, 31.89533 ], [ 35.23062, 31.89508 ] ] ] ] } },
{ "type": "Feature", "properties": { "OBJECTID": 265, "Id": 0, "Name": "כוכב יעקב מערב", "NameEng": "Kochav Ya'akov West", "ET_ID": 2429742, "GIS_ID": 0.049, "Type": "Outpost", "Ideologica": "Ultra Orthodox", "Shape_Leng": 678.54739001799999, "Shape_Area": 25757.865104, "WKT": null, "DB_ID": 270.0, "Time": 2002, "X": 222270.46965899999, "Y": 643418.54703100002, "WKT_1": null, "WKT_ISR": null }, "geometry": { "type": "MultiPolygon", "coordinates": [ [ [ [ 35.23343, 31.88432 ], [ 35.2337, 31.88433 ], [ 35.23386, 31.88498 ], [ 35.23431, 31.88467 ], [ 35.23489, 31.88384 ], [ 35.235, 31.88273 ], [ 35.23405, 31.88274 ], [ 35.23351, 31.88304 ], [ 35.23345, 31.88411 ], [ 35.23343, 31.88432 ] ] ] ] } },
{ "type": "Feature", "properties": { "OBJECTID": 266, "Id": 0, "Name": "כוכב יעקב מזרח", "NameEng": "Kochav Ya'akov East", "ET_ID": 2429742, "GIS_ID": 0.051, "Type": "Outpost", "Ideologica": "Ultra Orthodox", "Shape_Leng": 643.79756142799999, "Shape_Area": 23822.939266500001, "WKT": null, "DB_ID": 269.0, "Time": 2003, "X": 223966.41151899999, "Y": 642772.95765700005, "WKT_1": null, "WKT_ISR": null }, "geometry": { "type": "MultiPolygon", "coordinates": [ [ [ [ 35.2513, 31.87728 ], [ 35.25163, 31.87861 ], [ 35.25171, 31.87912 ], [ 35.25172, 31.87912 ], [ 35.25198, 31.87903 ], [ 35.25239, 31.87861 ], [ 35.25266, 31.87803 ], [ 35.253, 31.87738 ], [ 35.2528, 31.877 ], [ 35.25228, 31.87691 ], [ 35.2513, 31.87728 ] ] ] ] } },
{ "type": "Feature", "properties": { "OBJECTID": 267, "Id": 0, "Name": "טלמון", "NameEng": "Talmon", "ET_ID": 2435548, "GIS_ID": 3788.0, "Type": "Settlement", "Ideologica": "Religious", "Shape_Leng": 6379.4072298499996, "Shape_Area": 808566.14550500002, "WKT": null, "DB_ID": 48.0, "Time": 1970, "X": 213121.86501400001, "Y": 649488.89381100005, "WKT_1": null, "WKT_ISR": null }, "geometry": { "type": "MultiPolygon", "coordinates": [ [ [ [ 35.13776, 31.94428 ], [ 35.138, 31.9442 ], [ 35.13805, 31.94401 ], [ 35.13858, 31.94292 ], [ 35.13887, 31.942 ], [ 35.13948, 31.94139 ], [ 35.141, 31.94055 ], [ 35.14126, 31.94004 ], [ 35.14078, 31.9395 ], [ 35.14019, 31.93928 ], [ 35.13852, 31.93961 ], [ 35.13731, 31.93944 ], [ 35.1369, 31.93916 ], [ 35.13692, 31.93873 ], [ 35.13731, 31.93845 ], [ 35.13773, 31.93856 ], [ 35.13854, 31.93862 ], [ 35.13902, 31.93868 ], [ 35.14001, 31.93774 ], [ 35.14045, 31.93733 ], [ 35.14183, 31.93722 ], [ 35.14291, 31.93728 ], [ 35.14352, 31.93709 ], [ 35.14464, 31.93683 ], [ 35.14508, 31.93632 ], [ 35.14506, 31.93563 ], [ 35.14471, 31.93475 ], [ 35.1437, 31.93382 ], [ 35.14293, 31.93363 ], [ 35.1421, 31.93396 ], [ 35.14159, 31.93402 ], [ 35.14054, 31.93363 ], [ 35.13997, 31.93357 ], [ 35.13894, 31.93376 ], [ 35.13837, 31.93406 ], [ 35.13789, 31.93391 ], [ 35.13653, 31.93396 ], [ 35.13514, 31.934 ], [ 35.13517, 31.93439 ], [ 35.13497, 31.93521 ], [ 35.13521, 31.93607 ], [ 35.13571, 31.9374 ], [ 35.13547, 31.93824 ], [ 35.13472, 31.93845 ], [ 35.13394, 31.93851 ], [ 35.13336, 31.93832 ], [ 35.13251, 31.93839 ], [ 35.13185, 31.93832 ], [ 35.13095, 31.93809 ], [ 35.1306, 31.9382 ], [ 35.12959, 31.93811 ], [ 35.12929, 31.93826 ], [ 35.12966, 31.93882 ], [ 35.12944, 31.93884 ], [ 35.12885, 31.93889 ], [ 35.1285, 31.93912 ], [ 35.12865, 31.93957 ], [ 35.129, 31.93985 ], [ 35.12946, 31.93961 ], [ 35.13025, 31.93976 ], [ 35.13099, 31.94024 ], [ 35.13172, 31.9405 ], [ 35.13219, 31.94081 ], [ 35.13306, 31.94138 ], [ 35.13365, 31.94159 ], [ 35.13391, 31.94144 ], [ 35.13461, 31.94112 ], [ 35.13499, 31.94105 ], [ 35.1347, 31.94163 ], [ 35.13426, 31.942 ], [ 35.13367, 31.94208 ], [ 35.13284, 31.94195 ], [ 35.13266, 31.94206 ], [ 35.13341, 31.94243 ], [ 35.13433, 31.94281 ], [ 35.13514, 31.94281 ], [ 35.1356, 31.9426 ], [ 35.13566, 31.94279 ], [ 35.13497, 31.9431 ], [ 35.1345, 31.94343 ], [ 35.13416, 31.94413 ], [ 35.13486, 31.94428 ], [ 35.13611, 31.94423 ], [ 35.13659, 31.94447 ], [ 35.13728, 31.94441 ], [ 35.13776, 31.94428 ] ] ] ] } },
{ "type": "Feature", "properties": { "OBJECTID": 268, "Id": 0, "Name": "שבות רחל", "NameEng": "Shvut Rachel", "ET_ID": 3361834, "GIS_ID": 0.155, "Type": "Settlement", "Ideologica": "Religious", "Shape_Leng": 3508.1888099500002, "Shape_Area": 619040.91355099995, "WKT": null, "DB_ID": 126.0, "Time": 1991, "X": 229597.57376699999, "Y": 662161.780455, "WKT_1": null, "WKT_ISR": null }, "geometry": { "type": "MultiPolygon", "coordinates": [ [ [ [ 35.31549, 32.04854 ], [ 35.31113, 32.0483 ], [ 35.30969, 32.04825 ], [ 35.30864, 32.05001 ], [ 35.30862, 32.05111 ], [ 35.30723, 32.05122 ], [ 35.30728, 32.05205 ], [ 35.30731, 32.05226 ], [ 35.30736, 32.05262 ], [ 35.30721, 32.05316 ], [ 35.30714, 32.05345 ], [ 35.30716, 32.05386 ], [ 35.30722, 32.05397 ], [ 35.30739, 32.05419 ], [ 35.30749, 32.05445 ], [ 35.30771, 32.05471 ], [ 35.30799, 32.05478 ], [ 35.30827, 32.05458 ], [ 35.30875, 32.0544 ], [ 35.30913, 32.05438 ], [ 35.30929, 32.05445 ], [ 35.30932, 32.05464 ], [ 35.30941, 32.05479 ], [ 35.30961, 32.05503 ], [ 35.30985, 32.05533 ], [ 35.31003, 32.05568 ], [ 35.31035, 32.05611 ], [ 35.31064, 32.05655 ], [ 35.31094, 32.05732 ], [ 35.31094, 32.05764 ], [ 35.31107, 32.05801 ], [ 35.31128, 32.05813 ], [ 35.31156, 32.05824 ], [ 35.31187, 32.05831 ], [ 35.31238, 32.05816 ], [ 35.31277, 32.05766 ], [ 35.31316, 32.05753 ], [ 35.31359, 32.05703 ], [ 35.31362, 32.0565 ], [ 35.31422, 32.05557 ], [ 35.31469, 32.05535 ], [ 35.31505, 32.05517 ], [ 35.31538, 32.05505 ], [ 35.31588, 32.05489 ], [ 35.31623, 32.05477 ], [ 35.31638, 32.05458 ], [ 35.31583, 32.0541 ], [ 35.31619, 32.05384 ], [ 35.3159, 32.05294 ], [ 35.31571, 32.05245 ], [ 35.31532, 32.05248 ], [ 35.31518, 32.05144 ], [ 35.31504, 32.05063 ], [ 35.31521, 32.04937 ], [ 35.31549, 32.04854 ] ] ] ] } },
{ "type": "Feature", "properties": { "OBJECTID": 269, "Id": 0, "Name": "אזור תעשיה שילה", "NameEng": "Shilo Industrial Area", "ET_ID": 3361834, "GIS_ID": 0.211, "Type": "Industrial Area", "Ideologica": null, "Shape_Leng": 4835.0531951700004, "Shape_Area": 764748.64910100005, "WKT": null, "DB_ID": 1080.0, "Time": 1979, "X": 228960.041688, "Y": 661441.74317599996, "WKT_1": null, "WKT_ISR": null }, "geometry": { "type": "MultiPolygon", "coordinates": [ [ [ [ 35.30969, 32.04825 ], [ 35.30969, 32.04825 ], [ 35.31113, 32.0483 ], [ 35.31549, 32.04854 ], [ 35.31555, 32.04836 ], [ 35.31565, 32.04717 ], [ 35.31446, 32.04632 ], [ 35.31265, 32.04607 ], [ 35.31104, 32.04539 ], [ 35.30891, 32.04391 ], [ 35.30687, 32.04329 ], [ 35.30632, 32.04306 ], [ 35.30495, 32.04271 ], [ 35.30331, 32.04261 ], [ 35.30316, 32.04471 ], [ 35.30105, 32.04483 ], [ 35.3003, 32.04339 ], [ 35.29906, 32.04397 ], [ 35.29584, 32.04555 ], [ 35.29528, 32.04581 ], [ 35.29452, 32.04634 ], [ 35.29432, 32.04644 ], [ 35.29901, 32.04786 ], [ 35.30326, 32.04914 ], [ 35.30524, 32.04784 ], [ 35.30648, 32.04775 ], [ 35.30942, 32.04803 ], [ 35.30969, 32.04825 ] ] ] ] } },
{ "type": "Feature", "properties": { "OBJECTID": 270, "Id": 0, "Name": "פלגי מים", "NameEng": "Palgei Mayim", "ET_ID": 4150564, "GIS_ID": 0.089, "Type": "Outpost", "Ideologica": "Religious", "Shape_Leng": 1490.8404731400001, "Shape_Area": 134953.46926000001, "WKT": null, "DB_ID": 310.0, "Time": 1999, "X": 226079.316968, "Y": 666045.33324399998, "WKT_1": null, "WKT_ISR": null }, "geometry": { "type": "MultiPolygon", "coordinates": [ [ [ [ 35.27487, 32.08501 ], [ 35.275, 32.08479 ], [ 35.27478, 32.08493 ], [ 35.27466, 32.08483 ], [ 35.27458, 32.08506 ], [ 35.27453, 32.08508 ], [ 35.27379, 32.08572 ], [ 35.27309, 32.08647 ], [ 35.27256, 32.08883 ], [ 35.2726, 32.08887 ], [ 35.27323, 32.08937 ], [ 35.27391, 32.08947 ], [ 35.2752, 32.08978 ], [ 35.27588, 32.08946 ], [ 35.27653, 32.08894 ], [ 35.27672, 32.0881 ], [ 35.27646, 32.08751 ], [ 35.27557, 32.08641 ], [ 35.27493, 32.08506 ], [ 35.27487, 32.08501 ] ] ] ] } },
{ "type": "Feature", "properties": { "OBJECTID": 272, "Id": 0, "Name": "הקרון", "NameEng": "Hakaron", "ET_ID": 4150564, "GIS_ID": 0.091, "Type": "Outpost", "Ideologica": "Religious", "Shape_Leng": 579.25754025799995, "Shape_Area": 21876.160004500001, "WKT": null, "DB_ID": 256.0, "Time": 2002, "X": 226617.99759300001, "Y": 664087.87521299999, "WKT_1": null, "WKT_ISR": null }, "geometry": { "type": "MultiPolygon", "coordinates": [ [ [ [ 35.28134, 32.06958 ], [ 35.28106, 32.06951 ], [ 35.28058, 32.06932 ], [ 35.27983, 32.0693 ], [ 35.2796, 32.06965 ], [ 35.27938, 32.07019 ], [ 35.27999, 32.07088 ], [ 35.28043, 32.07102 ], [ 35.28134, 32.06958 ] ] ] ] } },
{ "type": "Feature", "properties": { "OBJECTID": 273, "Id": 0, "Name": "היובל", "NameEng": "Hayovel", "ET_ID": 4150564, "GIS_ID": 0.087, "Type": "Outpost", "Ideologica": "Religious", "Shape_Leng": 2945.8357705200001, "Shape_Area": 429330.82053700002, "WKT": null, "DB_ID": 254.0, "Time": 1998, "X": 227024.58426199999, "Y": 664222.65373500006, "WKT_1": null, "WKT_ISR": null }, "geometry": { "type": "MultiPolygon", "coordinates": [ [ [ [ 35.28181, 32.07372 ], [ 35.28497, 32.07654 ], [ 35.2858, 32.07586 ], [ 35.28624, 32.07498 ], [ 35.28613, 32.07375 ], [ 35.28594, 32.07312 ], [ 35.28642, 32.07271 ], [ 35.28724, 32.07243 ], [ 35.28753, 32.07205 ], [ 35.28768, 32.07148 ], [ 35.28768, 32.07073 ], [ 35.28753, 32.06991 ], [ 35.28753, 32.06941 ], [ 35.28794, 32.06868 ], [ 35.28768, 32.06805 ], [ 35.28694, 32.06793 ], [ 35.2869, 32.06764 ], [ 35.28668, 32.0673 ], [ 35.28597, 32.06733 ], [ 35.28549, 32.06736 ], [ 35.28486, 32.06708 ], [ 35.28449, 32.06695 ], [ 35.28427, 32.06724 ], [ 35.28342, 32.06783 ], [ 35.28298, 32.06824 ], [ 35.28202, 32.06919 ], [ 35.28143, 32.0696 ], [ 35.28134, 32.06958 ], [ 35.28043, 32.07102 ], [ 35.2805, 32.07105 ], [ 35.28113, 32.07143 ], [ 35.28228, 32.07143 ], [ 35.28258, 32.07183 ], [ 35.28224, 32.07243 ], [ 35.2821, 32.073 ], [ 35.28184, 32.07372 ], [ 35.28181, 32.07372 ] ] ] ] } },
{ "type": "Feature", "properties": { "OBJECTID": 274, "Id": 0, "Name": "נוף הרים", "NameEng": "Nof Harim", "ET_ID": 4150564, "GIS_ID": 0.088, "Type": "Outpost", "Ideologica": "Religious", "Shape_Leng": 2405.28032566, "Shape_Area": 401004.90980199998, "WKT": null, "DB_ID": 299.0, "Time": 1998, "X": 226555.33700500001, "Y": 664743.92056500004, "WKT_1": null, "WKT_ISR": null }, "geometry": { "type": "MultiPolygon", "coordinates": [ [ [ [ 35.27524, 32.07437 ], [ 35.2753, 32.07483 ], [ 35.27507, 32.07547 ], [ 35.27528, 32.07638 ], [ 35.27593, 32.07729 ], [ 35.27672, 32.07802 ], [ 35.27964, 32.07855 ], [ 35.28118, 32.07855 ], [ 35.28173, 32.07835 ], [ 35.28291, 32.07813 ], [ 35.28351, 32.07775 ], [ 35.28424, 32.07715 ], [ 35.28491, 32.07659 ], [ 35.28497, 32.07654 ], [ 35.28181, 32.07372 ], [ 35.28125, 32.07354 ], [ 35.28032, 32.07341 ], [ 35.27906, 32.07332 ], [ 35.2777, 32.07335 ], [ 35.27634, 32.07373 ], [ 35.27545, 32.07417 ], [ 35.27524, 32.07437 ] ] ] ] } },
{ "type": "Feature", "properties": { "OBJECTID": 276, "Id": 0, "Name": "כפר תפוח מערב", "NameEng": "Kfar Tapuah West", "ET_ID": 439274, "GIS_ID": 0.055, "Type": "Outpost", "Ideologica": "Religious", "Shape_Leng": 3825.6848024300002, "Shape_Area": 343396.17479800002, "WKT": null, "DB_ID": 271.0, "Time": 2001, "X": 222295.51030200001, "Y": 669254.45866100001, "WKT_1": null, "WKT_ISR": null }, "geometry": { "type": "MultiPolygon", "coordinates": [ [ [ [ 35.24466, 32.12073 ], [ 35.2449, 32.12051 ], [ 35.24436, 32.12059 ], [ 35.24345, 32.12052 ], [ 35.24219, 32.12015 ], [ 35.24128, 32.11991 ], [ 35.24068, 32.11941 ], [ 35.23996, 32.11912 ], [ 35.24003, 32.11822 ], [ 35.2396, 32.11744 ], [ 35.23959, 32.11719 ], [ 35.23939, 32.11648 ], [ 35.23796, 32.11593 ], [ 35.23772, 32.11562 ], [ 35.23582, 32.11523 ], [ 35.23374, 32.11507 ], [ 35.23193, 32.115 ], [ 35.23026, 32.11405 ], [ 35.2289, 32.11367 ], [ 35.22839, 32.11451 ], [ 35.2289, 32.11607 ], [ 35.22963, 32.11684 ], [ 35.23149, 32.11757 ], [ 35.23314, 32.11768 ], [ 35.23479, 32.11802 ], [ 35.23749, 32.11885 ], [ 35.23938, 32.11907 ], [ 35.23967, 32.11909 ], [ 35.2399, 32.11922 ], [ 35.24043, 32.11943 ], [ 35.24061, 32.11962 ], [ 35.24081, 32.11987 ], [ 35.24105, 32.12002 ], [ 35.24131, 32.1201 ], [ 35.24142, 32.12025 ], [ 35.24164, 32.12029 ], [ 35.24191, 32.12027 ], [ 35.24206, 32.12024 ], [ 35.2424, 32.1204 ], [ 35.2428, 32.12058 ], [ 35.2434, 32.12068 ], [ 35.24382, 32.12069 ], [ 35.24426, 32.12077 ], [ 35.2446, 32.12074 ], [ 35.24466, 32.12073 ] ] ] ] } },
{ "type": "Feature", "properties": { "OBJECTID": 277, "Id": 0, "Name": "רמת גלעד", "NameEng": "Ramat Gilad", "ET_ID": 3131268, "GIS_ID": 0.11, "Type": "Outpost", "Ideologica": "Ideological", "Shape_Leng": 2175.99732279, "Shape_Area": 133214.340574, "WKT": null, "DB_ID": 315.0, "Time": 2002, "X": 210878.79281000001, "Y": 676256.97446699999, "WKT_1": null, "WKT_ISR": null }, "geometry": { "type": "MultiPolygon", "coordinates": [ [ [ [ 35.11033, 32.17976 ], [ 35.11019, 32.18016 ], [ 35.11241, 32.18008 ], [ 35.11194, 32.18115 ], [ 35.11172, 32.18191 ], [ 35.11272, 32.18256 ], [ 35.11399, 32.18254 ], [ 35.11458, 32.18173 ], [ 35.11466, 32.18078 ], [ 35.11436, 32.1805 ], [ 35.11445, 32.18011 ], [ 35.11479, 32.17935 ], [ 35.11501, 32.17854 ], [ 35.11475, 32.17682 ], [ 35.11392, 32.17629 ], [ 35.11306, 32.17688 ], [ 35.11295, 32.17784 ], [ 35.11326, 32.17886 ], [ 35.11307, 32.17948 ], [ 35.11301, 32.17988 ], [ 35.11246, 32.17992 ], [ 35.11033, 32.17976 ] ] ] ] } },
{ "type": "Feature", "properties": { "OBJECTID": 278, "Id": 0, "Name": "אלמתן", "NameEng": "Elmatan", "ET_ID": 853465, "GIS_ID": 0.073, "Type": "Settlement", "Ideologica": "Ideological", "Shape_Leng": 2609.4092724400002, "Shape_Area": 171478.69780600001, "WKT": null, "DB_ID": 228.0, "Time": 2002, "X": 207208.45647400001, "Y": 673566.11166499997, "WKT_1": null, "WKT_ISR": null }, "geometry": { "type": "MultiPolygon", "coordinates": [ [ [ [ 35.07261, 32.1589 ], [ 35.07315, 32.15891 ], [ 35.07404, 32.16081 ], [ 35.07418, 32.16057 ], [ 35.07436, 32.1596 ], [ 35.07451, 32.15829 ], [ 35.07497, 32.15661 ], [ 35.0755, 32.15586 ], [ 35.07598, 32.15509 ], [ 35.07641, 32.1549 ], [ 35.07664, 32.15466 ], [ 35.07677, 32.15411 ], [ 35.07619, 32.15343 ], [ 35.0761, 32.15285 ], [ 35.07608, 32.15222 ], [ 35.07583, 32.15184 ], [ 35.07552, 32.15032 ], [ 35.07483, 32.15049 ], [ 35.07451, 32.15096 ], [ 35.07472, 32.15148 ], [ 35.07483, 32.15213 ], [ 35.07505, 32.15258 ], [ 35.07504, 32.15287 ], [ 35.07406, 32.15404 ], [ 35.0738, 32.15494 ], [ 35.07328, 32.1558 ], [ 35.07303, 32.15649 ], [ 35.07285, 32.15706 ], [ 35.07285, 32.15804 ], [ 35.07259, 32.1587 ], [ 35.07261, 32.1589 ] ] ] ] } },
{ "type": "Feature", "properties": { "OBJECTID": 279, "Id": 0, "Name": "ההר", "NameEng": "Hahar", "ET_ID": 0, "GIS_ID": 0.001, "Type": "Outpost", "Ideologica": "Religious", "Shape_Leng": 1520.9970157400001, "Shape_Area": 125646.33729700001, "WKT": null, "DB_ID": 252.0, "Time": 1998, "X": 208182.662981, "Y": 688223.28450499999, "WKT_1": null, "WKT_ISR": null }, "geometry": { "type": "MultiPolygon", "coordinates": [ [ [ [ 35.08631, 32.28666 ], [ 35.08523, 32.28664 ], [ 35.08445, 32.2862 ], [ 35.08376, 32.28605 ], [ 35.08312, 32.28652 ], [ 35.08238, 32.28747 ], [ 35.08199, 32.28821 ], [ 35.08224, 32.28881 ], [ 35.08237, 32.28884 ], [ 35.08286, 32.28908 ], [ 35.08343, 32.28922 ], [ 35.08417, 32.28919 ], [ 35.08472, 32.28908 ], [ 35.08513, 32.28886 ], [ 35.08554, 32.28855 ], [ 35.08593, 32.28823 ], [ 35.08629, 32.28823 ], [ 35.08675, 32.28824 ], [ 35.08712, 32.28805 ], [ 35.08775, 32.28767 ], [ 35.08827, 32.28748 ], [ 35.0884, 32.28725 ], [ 35.08835, 32.28692 ], [ 35.0881, 32.28686 ], [ 35.08756, 32.28679 ], [ 35.08672, 32.28667 ], [ 35.08631, 32.28666 ] ] ] ] } },
{ "type": "Feature", "properties": { "OBJECTID": 280, "Id": 0, "Name": "כרמי דורון", "NameEng": "Karmei Doron", "ET_ID": 989220, "GIS_ID": 0.084, "Type": "Outpost", "Ideologica": "Religious", "Shape_Leng": 2539.01166143, "Shape_Area": 218004.986171, "WKT": null, "DB_ID": 272.0, "Time": 2002, "X": 212349.919318, "Y": 688447.54652900004, "WKT_1": null, "WKT_ISR": null }, "geometry": { "type": "MultiPolygon", "coordinates": [ [ [ [ 35.13059, 32.2852 ], [ 35.1293, 32.28671 ], [ 35.12813, 32.2871 ], [ 35.12774, 32.28816 ], [ 35.12773, 32.28902 ], [ 35.12641, 32.2895 ], [ 35.12683, 32.29053 ], [ 35.12717, 32.29168 ], [ 35.12747, 32.29235 ], [ 35.12795, 32.2928 ], [ 35.12842, 32.29284 ], [ 35.12885, 32.29288 ], [ 35.129, 32.29283 ], [ 35.12879, 32.29408 ], [ 35.12861, 32.29454 ], [ 35.12884, 32.2946 ], [ 35.12932, 32.2946 ], [ 35.1293, 32.29423 ], [ 35.12919, 32.29417 ], [ 35.12941, 32.29277 ], [ 35.12945, 32.29267 ], [ 35.12952, 32.29264 ], [ 35.12994, 32.29202 ], [ 35.13026, 32.29127 ], [ 35.13059, 32.29059 ], [ 35.13082, 32.29025 ], [ 35.13079, 32.28924 ], [ 35.13077, 32.28851 ], [ 35.13068, 32.28798 ], [ 35.13059, 32.28755 ], [ 35.13066, 32.287 ], [ 35.13073, 32.28649 ], [ 35.13082, 32.28589 ], [ 35.13091, 32.28551 ], [ 35.13064, 32.28528 ], [ 35.13059, 32.2852 ] ] ] ] } },
{ "type": "Feature", "properties": { "OBJECTID": 282, "Id": 0, "Name": "נחלת יוסף", "NameEng": "Nahalat Yossef", "ET_ID": 2189723, "GIS_ID": 0.17, "Type": "Outpost", "Ideologica": "Religious", "Shape_Leng": 4885.96265675, "Shape_Area": 1372030.5491800001, "WKT": null, "DB_ID": 340.0, "Time": 2012, "X": 233100.53670699999, "Y": 681391.33727500006, "WKT_1": null, "WKT_ISR": null }, "geometry": { "type": "MultiPolygon", "coordinates": [ [ [ [ 35.35816, 32.22432 ], [ 35.35777, 32.22388 ], [ 35.35745, 32.22352 ], [ 35.35711, 32.22313 ], [ 35.35495, 32.22197 ], [ 35.35219, 32.22088 ], [ 35.34965, 32.22121 ], [ 35.34568, 32.22146 ], [ 35.34263, 32.22366 ], [ 35.33969, 32.22626 ], [ 35.33968, 32.22628 ], [ 35.34138, 32.2272 ], [ 35.34198, 32.22805 ], [ 35.34304, 32.22929 ], [ 35.34354, 32.22962 ], [ 35.34428, 32.23032 ], [ 35.34527, 32.23025 ], [ 35.3454, 32.23068 ], [ 35.34419, 32.23243 ], [ 35.34942, 32.23152 ], [ 35.35914, 32.22542 ], [ 35.35837, 32.22455 ], [ 35.35816, 32.22432 ] ] ] ] } },
{ "type": "Feature", "properties": { "OBJECTID": 283, "Id": 0, "Name": "החוה של סקאלי", "NameEng": "Sculy's Farm", "ET_ID": 2189723, "GIS_ID": 0.002, "Type": "Outpost", "Ideologica": "Religious", "Shape_Leng": 4069.9673460600002, "Shape_Area": 97286.1599346, "WKT": null, "DB_ID": 329.0, "Time": 1999, "X": 234771.345611, "Y": 680375.49459100002, "WKT_1": null, "WKT_ISR": null }, "geometry": { "type": "MultiPolygon", "coordinates": [ [ [ [ 35.35777, 32.22388 ], [ 35.35816, 32.22432 ], [ 35.35829, 32.22423 ], [ 35.35916, 32.22392 ], [ 35.35932, 32.22309 ], [ 35.35967, 32.22228 ], [ 35.36045, 32.22169 ], [ 35.36121, 32.22135 ], [ 35.36234, 32.22084 ], [ 35.36308, 32.22029 ], [ 35.36379, 32.21953 ], [ 35.36437, 32.21927 ], [ 35.36552, 32.21884 ], [ 35.36591, 32.21835 ], [ 35.36605, 32.21737 ], [ 35.3669, 32.21654 ], [ 35.36798, 32.21578 ], [ 35.36904, 32.21525 ], [ 35.37017, 32.21524 ], [ 35.37086, 32.21509 ], [ 35.37147, 32.21455 ], [ 35.37173, 32.21377 ], [ 35.37148, 32.21277 ], [ 35.37068, 32.21289 ], [ 35.36982, 32.21332 ], [ 35.36911, 32.21367 ], [ 35.36896, 32.21396 ], [ 35.3689, 32.21444 ], [ 35.36964, 32.21495 ], [ 35.36895, 32.21499 ], [ 35.36803, 32.21542 ], [ 35.36702, 32.21605 ], [ 35.36589, 32.21713 ], [ 35.36582, 32.21766 ], [ 35.36559, 32.21849 ], [ 35.36501, 32.2189 ], [ 35.36382, 32.21915 ], [ 35.36356, 32.21945 ], [ 35.36216, 32.22071 ], [ 35.36107, 32.22098 ], [ 35.36001, 32.22165 ], [ 35.35879, 32.22302 ], [ 35.35866, 32.22373 ], [ 35.35777, 32.22388 ] ] ] ] } },
{ "type": "Feature", "properties": { "OBJECTID": 285, "Id": 0, "Name": "ברכה א", "NameEng": "Bracha A", "ET_ID": 608080, "GIS_ID": 0.022, "Type": "Outpost", "Ideologica": "Religious", "Shape_Leng": 2062.35912538, "Shape_Area": 205563.173732, "WKT": null, "DB_ID": 352.0, "Time": 1998, "X": 224270.01905100001, "Y": 677743.02425599995, "WKT_1": null, "WKT_ISR": null }, "geometry": { "type": "MultiPolygon", "coordinates": [ [ [ [ 35.2589, 32.19409 ], [ 35.25891, 32.19395 ], [ 35.25885, 32.19394 ], [ 35.25887, 32.19376 ], [ 35.25892, 32.19352 ], [ 35.25893, 32.19316 ], [ 35.25893, 32.19314 ], [ 35.25906, 32.19252 ], [ 35.25898, 32.19238 ], [ 35.25848, 32.1921 ], [ 35.2583, 32.19183 ], [ 35.2581, 32.19173 ], [ 35.25754, 32.19158 ], [ 35.25694, 32.19166 ], [ 35.25648, 32.19173 ], [ 35.25617, 32.1918 ], [ 35.25592, 32.19168 ], [ 35.25554, 32.19155 ], [ 35.25506, 32.19166 ], [ 35.25468, 32.19182 ], [ 35.25436, 32.19179 ], [ 35.25401, 32.19173 ], [ 35.25377, 32.19193 ], [ 35.25348, 32.19196 ], [ 35.25324, 32.19186 ], [ 35.25285, 32.19158 ], [ 35.25247, 32.19164 ], [ 35.25183, 32.19162 ], [ 35.2517, 32.19147 ], [ 35.25133, 32.1915 ], [ 35.2512, 32.19171 ], [ 35.2513, 32.19195 ], [ 35.2515, 32.19223 ], [ 35.25186, 32.19211 ], [ 35.25199, 32.1923 ], [ 35.25229, 32.19265 ], [ 35.25261, 32.19279 ], [ 35.25261, 32.19296 ], [ 35.25272, 32.19328 ], [ 35.25291, 32.19354 ], [ 35.25297, 32.19373 ], [ 35.25309, 32.19431 ], [ 35.25334, 32.19496 ], [ 35.25354, 32.19535 ], [ 35.25412, 32.19528 ], [ 35.25506, 32.19501 ], [ 35.25597, 32.19493 ], [ 35.25648, 32.19476 ], [ 35.25695, 32.19468 ], [ 35.25741, 32.19448 ], [ 35.25791, 32.19439 ], [ 35.2585, 32.19429 ], [ 35.25889, 32.19408 ], [ 35.2589, 32.19409 ] ] ] ] } },
{ "type": "Feature", "properties": { "OBJECTID": 286, "Id": 0, "Name": "אחוזת שלהבת", "NameEng": "Ahuzat Shalhevet", "ET_ID": 1662668, "GIS_ID": 0.04, "Type": "Ouptost", "Ideologica": "Extreme", "Shape_Leng": 1999.5130931599999, "Shape_Area": 195940.783593, "WKT": null, "DB_ID": 223.0, "Time": 1999, "X": 221225.812385, "Y": 675424.65072799998, "WKT_1": null, "WKT_ISR": null }, "geometry": { "type": "MultiPolygon", "coordinates": [ [ [ [ 35.22661, 32.17218 ], [ 35.2262, 32.17182 ], [ 35.22582, 32.1715 ], [ 35.22573, 32.17112 ], [ 35.22541, 32.17085 ], [ 35.22518, 32.17083 ], [ 35.22469, 32.17117 ], [ 35.22399, 32.17126 ], [ 35.22363, 32.17099 ], [ 35.22366, 32.17067 ], [ 35.22342, 32.1702 ], [ 35.22316, 32.16969 ], [ 35.22316, 32.16969 ], [ 35.22287, 32.17002 ], [ 35.22234, 32.17011 ], [ 35.22131, 32.17012 ], [ 35.22087, 32.1705 ], [ 35.22084, 32.17096 ], [ 35.22059, 32.17129 ], [ 35.22023, 32.17152 ], [ 35.22083, 32.172 ], [ 35.22061, 32.17251 ], [ 35.22058, 32.17295 ], [ 35.22092, 32.17319 ], [ 35.22121, 32.17352 ], [ 35.22135, 32.17377 ], [ 35.22158, 32.17394 ], [ 35.22218, 32.17439 ], [ 35.22266, 32.17448 ], [ 35.22338, 32.17452 ], [ 35.22384, 32.1744 ], [ 35.22439, 32.17422 ], [ 35.22471, 32.17397 ], [ 35.22523, 32.17382 ], [ 35.22557, 32.17364 ], [ 35.22644, 32.17323 ], [ 35.22632, 32.17311 ], [ 35.22573, 32.17301 ], [ 35.22558, 32.17291 ], [ 35.2256, 32.17283 ], [ 35.22627, 32.17232 ], [ 35.22661, 32.17218 ] ] ] ] } },
{ "type": "Feature", "properties": { "OBJECTID": 287, "Id": 0, "Name": "להבת יצהר", "NameEng": "Lehavat Yizhar", "ET_ID": 1662668, "GIS_ID": 0.041, "Type": "Outpost", "Ideologica": "Extreme", "Shape_Leng": 3305.77352105, "Shape_Area": 336768.99491299997, "WKT": null, "DB_ID": 273.0, "Time": 1998, "X": 223396.61509400001, "Y": 674511.13002899999, "WKT_1": null, "WKT_ISR": null }, "geometry": { "type": "MultiPolygon", "coordinates": [ [ [ [ 35.24987, 32.15934 ], [ 35.24871, 32.15913 ], [ 35.24869, 32.1594 ], [ 35.24875, 32.15976 ], [ 35.24843, 32.16022 ], [ 35.24829, 32.16053 ], [ 35.24838, 32.16097 ], [ 35.24818, 32.1612 ], [ 35.24816, 32.16159 ], [ 35.24774, 32.16172 ], [ 35.24695, 32.16163 ], [ 35.24616, 32.16153 ], [ 35.24565, 32.16122 ], [ 35.24513, 32.16148 ], [ 35.24431, 32.16165 ], [ 35.24366, 32.1631 ], [ 35.24374, 32.16429 ], [ 35.24386, 32.16553 ], [ 35.24201, 32.16612 ], [ 35.24186, 32.16712 ], [ 35.24203, 32.16797 ], [ 35.2421, 32.16792 ], [ 35.2421, 32.16791 ], [ 35.2435, 32.16685 ], [ 35.24477, 32.16714 ], [ 35.24667, 32.16734 ], [ 35.2472, 32.16711 ], [ 35.24752, 32.16656 ], [ 35.24762, 32.16641 ], [ 35.2485, 32.166 ], [ 35.24853, 32.16571 ], [ 35.24832, 32.1654 ], [ 35.24805, 32.16456 ], [ 35.24799, 32.16417 ], [ 35.24822, 32.16362 ], [ 35.24825, 32.16326 ], [ 35.24973, 32.16331 ], [ 35.25009, 32.16248 ], [ 35.25005, 32.16181 ], [ 35.24945, 32.16143 ], [ 35.24926, 32.16118 ], [ 35.2494, 32.1605 ], [ 35.24953, 32.16004 ], [ 35.24956, 32.15967 ], [ 35.24987, 32.15934 ] ] ] ] } },
{ "type": "Feature", "properties": { "OBJECTID": 288, "Id": 0, "Name": "חוות שקד", "NameEng": "Shaked Farm", "ET_ID": 1662668, "GIS_ID": 0.173, "Type": "Outpost", "Ideologica": "Extreme", "Shape_Leng": 2223.43367145, "Shape_Area": 218832.382812, "WKT": null, "DB_ID": 331.0, "Time": 2002, "X": 222948.26284700001, "Y": 674476.62040100002, "WKT_1": null, "WKT_ISR": null }, "geometry": { "type": "MultiPolygon", "coordinates": [ [ [ [ 35.24339, 32.1606 ], [ 35.24298, 32.16045 ], [ 35.243, 32.16071 ], [ 35.24289, 32.16098 ], [ 35.24265, 32.16109 ], [ 35.24149, 32.16204 ], [ 35.24107, 32.16241 ], [ 35.24015, 32.16185 ], [ 35.23962, 32.16206 ], [ 35.23893, 32.16252 ], [ 35.23843, 32.16309 ], [ 35.23808, 32.16341 ], [ 35.23793, 32.16365 ], [ 35.23849, 32.16427 ], [ 35.24179, 32.16678 ], [ 35.24186, 32.16712 ], [ 35.24201, 32.16612 ], [ 35.24386, 32.16553 ], [ 35.24374, 32.16429 ], [ 35.24366, 32.1631 ], [ 35.24431, 32.16165 ], [ 35.24414, 32.16168 ], [ 35.2435, 32.16167 ], [ 35.24346, 32.16124 ], [ 35.24326, 32.16086 ], [ 35.24339, 32.16066 ], [ 35.24339, 32.1606 ] ] ] ] } },
{ "type": "Feature", "properties": { "OBJECTID": 289, "Id": 0, "Name": "מצפה יצהר", "NameEng": "Mitzpe Yizhar", "ET_ID": 1662668, "GIS_ID": 0.043, "Type": "Outpost", "Ideologica": "Extreme", "Shape_Leng": 1319.27323202, "Shape_Area": 63046.156852400003, "WKT": null, "DB_ID": 290.0, "Time": 2002, "X": 223698.09345499999, "Y": 673798.60817999998, "WKT_1": null, "WKT_ISR": null }, "geometry": { "type": "MultiPolygon", "coordinates": [ [ [ [ 35.24889, 32.15936 ], [ 35.24891, 32.15917 ], [ 35.24987, 32.15934 ], [ 35.25003, 32.15918 ], [ 35.25052, 32.15884 ], [ 35.25057, 32.1585 ], [ 35.25021, 32.15725 ], [ 35.25027, 32.15716 ], [ 35.25007, 32.1567 ], [ 35.24976, 32.1565 ], [ 35.24979, 32.15619 ], [ 35.24979, 32.15598 ], [ 35.24982, 32.1555 ], [ 35.24993, 32.15481 ], [ 35.24985, 32.15472 ], [ 35.24959, 32.15463 ], [ 35.24906, 32.15597 ], [ 35.24895, 32.15744 ], [ 35.24859, 32.15757 ], [ 35.24797, 32.15822 ], [ 35.24805, 32.1587 ], [ 35.24889, 32.15936 ] ] ] ] } },
{ "type": "Feature", "properties": { "OBJECTID": 290, "Id": 0, "Name": "גבעה 725", "NameEng": "Hill 725", "ET_ID": 1662668, "GIS_ID": 0.042, "Type": "Outpost", "Ideologica": "Extreme", "Shape_Leng": 2636.87730895, "Shape_Area": 310742.03327900002, "WKT": null, "DB_ID": 238.0, "Time": 2001, "X": 222844.42363599999, "Y": 673841.78295899997, "WKT_1": null, "WKT_ISR": null }, "geometry": { "type": "MultiPolygon", "coordinates": [ [ [ [ 35.24449, 32.16004 ], [ 35.24503, 32.15896 ], [ 35.245, 32.15848 ], [ 35.24498, 32.15829 ], [ 35.24498, 32.15763 ], [ 35.24476, 32.15742 ], [ 35.24414, 32.15723 ], [ 35.24351, 32.15681 ], [ 35.24295, 32.1565 ], [ 35.24274, 32.15648 ], [ 35.24235, 32.15627 ], [ 35.24208, 32.15586 ], [ 35.24167, 32.15562 ], [ 35.24129, 32.15594 ], [ 35.24066, 32.15623 ], [ 35.24, 32.15646 ], [ 35.23943, 32.15663 ], [ 35.23921, 32.15678 ], [ 35.2385, 32.1564 ], [ 35.23773, 32.15625 ], [ 35.23716, 32.15617 ], [ 35.23677, 32.15619 ], [ 35.23636, 32.15618 ], [ 35.23602, 32.15622 ], [ 35.23584, 32.15651 ], [ 35.23565, 32.15706 ], [ 35.23564, 32.1574 ], [ 35.23544, 32.15762 ], [ 35.23503, 32.15798 ], [ 35.23628, 32.15909 ], [ 35.2365, 32.15932 ], [ 35.23688, 32.15955 ], [ 35.23736, 32.15939 ], [ 35.23823, 32.15896 ], [ 35.23824, 32.15896 ], [ 35.23857, 32.15911 ], [ 35.2391, 32.1595 ], [ 35.2398, 32.15969 ], [ 35.24013, 32.15971 ], [ 35.24153, 32.15978 ], [ 35.24263, 32.15984 ], [ 35.24291, 32.15969 ], [ 35.24298, 32.16045 ], [ 35.24339, 32.1606 ], [ 35.24335, 32.16032 ], [ 35.24333, 32.16008 ], [ 35.24449, 32.16004 ] ] ] ] } },
{ "type": "Feature", "properties": { "OBJECTID": 291, "Id": 0, "Name": "איתמר", "NameEng": "Itamar", "ET_ID": 4779935, "GIS_ID": 3762.0, "Type": "Settlement", "Ideologica": "Extreme", "Shape_Leng": 5345.9597705300002, "Shape_Area": 1510228.4013400001, "WKT": null, "DB_ID": 5.0, "Time": 1984, "X": 229145.565668, "Y": 675555.99120599998, "WKT_1": null, "WKT_ISR": null }, "geometry": { "type": "MultiPolygon", "coordinates": [ [ [ [ 35.31454, 32.17308 ], [ 35.31436, 32.1729 ], [ 35.31357, 32.17181 ], [ 35.31285, 32.17128 ], [ 35.31202, 32.16978 ], [ 35.31176, 32.16876 ], [ 35.31112, 32.16815 ], [ 35.31111, 32.16824 ], [ 35.30955, 32.16816 ], [ 35.30722, 32.16738 ], [ 35.30561, 32.16684 ], [ 35.30348, 32.16668 ], [ 35.30251, 32.168 ], [ 35.30158, 32.16941 ], [ 35.30071, 32.17048 ], [ 35.30018, 32.17375 ], [ 35.29984, 32.17594 ], [ 35.2994, 32.17656 ], [ 35.29868, 32.17726 ], [ 35.29897, 32.17784 ], [ 35.30062, 32.17813 ], [ 35.30203, 32.17838 ], [ 35.30383, 32.17813 ], [ 35.30616, 32.17709 ], [ 35.30653, 32.1773 ], [ 35.30651, 32.17752 ], [ 35.30707, 32.17849 ], [ 35.30794, 32.17888 ], [ 35.30985, 32.17948 ], [ 35.31078, 32.17896 ], [ 35.31192, 32.1786 ], [ 35.31317, 32.17781 ], [ 35.31412, 32.17722 ], [ 35.31471, 32.17727 ], [ 35.31614, 32.17783 ], [ 35.31651, 32.17752 ], [ 35.31662, 32.177 ], [ 35.31532, 32.17643 ], [ 35.31526, 32.17596 ], [ 35.31537, 32.17499 ], [ 35.31563, 32.17449 ], [ 35.31521, 32.17438 ], [ 35.31473, 32.17418 ], [ 35.3142, 32.17361 ], [ 35.31446, 32.1731 ], [ 35.31454, 32.17308 ] ] ] ] } },
{ "type": "Feature", "properties": { "OBJECTID": 292, "Id": 0, "Name": "הנקודה", "NameEng": "Hanekuda", "ET_ID": 4779935, "GIS_ID": 0.009, "Type": "Outpost", "Ideologica": "Extreme", "Shape_Leng": 5616.9449724300002, "Shape_Area": 755481.67824799998, "WKT": null, "DB_ID": 255.0, "Time": 1996, "X": 230203.469079, "Y": 675141.70165299997, "WKT_1": null, "WKT_ISR": null }, "geometry": { "type": "MultiPolygon", "coordinates": [ [ [ [ 35.33298, 32.16791 ], [ 35.33225, 32.16757 ], [ 35.3322, 32.16777 ], [ 35.33166, 32.16793 ], [ 35.33093, 32.16826 ], [ 35.32836, 32.16889 ], [ 35.32753, 32.16897 ], [ 35.32676, 32.16901 ], [ 35.32613, 32.16955 ], [ 35.32491, 32.16922 ], [ 35.32345, 32.16897 ], [ 35.32229, 32.16873 ], [ 35.32097, 32.16906 ], [ 35.31995, 32.1689 ], [ 35.31908, 32.16774 ], [ 35.31864, 32.16592 ], [ 35.31907, 32.16571 ], [ 35.31932, 32.16513 ], [ 35.31844, 32.1653 ], [ 35.3183, 32.16609 ], [ 35.31723, 32.16712 ], [ 35.31669, 32.16729 ], [ 35.31553, 32.16601 ], [ 35.31349, 32.16572 ], [ 35.31125, 32.16688 ], [ 35.31112, 32.16815 ], [ 35.31176, 32.16876 ], [ 35.31202, 32.16978 ], [ 35.31285, 32.17128 ], [ 35.31357, 32.17181 ], [ 35.31436, 32.1729 ], [ 35.31454, 32.17308 ], [ 35.31558, 32.17289 ], [ 35.31767, 32.17309 ], [ 35.31966, 32.17329 ], [ 35.32032, 32.17318 ], [ 35.32189, 32.17189 ], [ 35.32226, 32.17192 ], [ 35.32377, 32.17191 ], [ 35.32417, 32.17176 ], [ 35.32473, 32.17162 ], [ 35.32502, 32.17121 ], [ 35.32568, 32.17033 ], [ 35.32594, 32.16968 ], [ 35.32655, 32.16963 ], [ 35.32724, 32.16963 ], [ 35.32823, 32.16943 ], [ 35.32865, 32.16968 ], [ 35.32923, 32.16949 ], [ 35.32987, 32.16947 ], [ 35.33048, 32.16918 ], [ 35.33136, 32.16911 ], [ 35.33181, 32.16897 ], [ 35.33204, 32.16833 ], [ 35.33252, 32.16807 ], [ 35.33298, 32.16791 ] ] ] ] } },
{ "type": "Feature", "properties": { "OBJECTID": 293, "Id": 0, "Name": "גבעה 782", "NameEng": "Hill 782", "ET_ID": 4779935, "GIS_ID": 0.011, "Type": "Outpost", "Ideologica": "Extreme", "Shape_Leng": 3784.5740171000002, "Shape_Area": 375730.36624200002, "WKT": null, "DB_ID": 240.0, "Time": 1999, "X": 231547.68468000001, "Y": 674044.449517, "WKT_1": null, "WKT_ISR": null }, "geometry": { "type": "MultiPolygon", "coordinates": [ [ [ [ 35.33694, 32.16203 ], [ 35.33877, 32.1605 ], [ 35.33859, 32.16027 ], [ 35.33732, 32.15954 ], [ 35.33553, 32.15962 ], [ 35.3349, 32.15961 ], [ 35.33474, 32.15936 ], [ 35.33431, 32.15926 ], [ 35.33415, 32.15941 ], [ 35.33378, 32.15941 ], [ 35.33317, 32.15935 ], [ 35.3327, 32.15911 ], [ 35.33283, 32.15897 ], [ 35.33322, 32.15863 ], [ 35.33415, 32.15816 ], [ 35.33393, 32.15767 ], [ 35.33388, 32.15717 ], [ 35.33388, 32.15644 ], [ 35.33416, 32.15602 ], [ 35.33447, 32.1555 ], [ 35.33492, 32.15506 ], [ 35.33461, 32.15506 ], [ 35.33406, 32.15563 ], [ 35.33404, 32.15611 ], [ 35.33383, 32.15621 ], [ 35.33365, 32.15623 ], [ 35.33361, 32.15658 ], [ 35.33345, 32.15696 ], [ 35.33367, 32.15707 ], [ 35.3334, 32.15787 ], [ 35.33241, 32.15757 ], [ 35.33127, 32.15698 ], [ 35.33035, 32.15708 ], [ 35.33021, 32.1568 ], [ 35.3296, 32.15696 ], [ 35.3284, 32.157 ], [ 35.32794, 32.15827 ], [ 35.32773, 32.15878 ], [ 35.32805, 32.15929 ], [ 35.3283, 32.15961 ], [ 35.32782, 32.16018 ], [ 35.32936, 32.16132 ], [ 35.32961, 32.16112 ], [ 35.32998, 32.16101 ], [ 35.33061, 32.16126 ], [ 35.33256, 32.16145 ], [ 35.33287, 32.1617 ], [ 35.33288, 32.16169 ], [ 35.33296, 32.16218 ], [ 35.33357, 32.16221 ], [ 35.33359, 32.1623 ], [ 35.33439, 32.16251 ], [ 35.33556, 32.16272 ], [ 35.33601, 32.16275 ], [ 35.33694, 32.16203 ] ] ] ] } },
{ "type": "Feature", "properties": { "OBJECTID": 294, "Id": 0, "Name": "גבעה 851", "NameEng": "Hill 851", "ET_ID": 4779935, "GIS_ID": 0.01, "Type": "Outpost", "Ideologica": "Extreme", "Shape_Leng": 5528.1948466699996, "Shape_Area": 482908.55144399998, "WKT": null, "DB_ID": 242.0, "Time": 1998, "X": 232352.707758, "Y": 674655.35762000002, "WKT_1": null, "WKT_ISR": null }, "geometry": { "type": "MultiPolygon", "coordinates": [ [ [ [ 35.34628, 32.16607 ], [ 35.3472, 32.16587 ], [ 35.3507, 32.1668 ], [ 35.35119, 32.16641 ], [ 35.35121, 32.16641 ], [ 35.35046, 32.16533 ], [ 35.3492, 32.1645 ], [ 35.34894, 32.16454 ], [ 35.34798, 32.16465 ], [ 35.34751, 32.16472 ], [ 35.34672, 32.16473 ], [ 35.34585, 32.16476 ], [ 35.34501, 32.16474 ], [ 35.34472, 32.16451 ], [ 35.34425, 32.16433 ], [ 35.34387, 32.16434 ], [ 35.34347, 32.16431 ], [ 35.34293, 32.16412 ], [ 35.34254, 32.164 ], [ 35.34228, 32.16392 ], [ 35.34279, 32.1633 ], [ 35.34267, 32.16297 ], [ 35.34237, 32.1629 ], [ 35.34186, 32.16298 ], [ 35.34138, 32.16322 ], [ 35.34129, 32.16335 ], [ 35.34101, 32.1632 ], [ 35.34038, 32.16324 ], [ 35.34016, 32.16319 ], [ 35.33948, 32.16303 ], [ 35.33912, 32.16273 ], [ 35.33906, 32.16248 ], [ 35.33952, 32.16204 ], [ 35.33949, 32.16172 ], [ 35.33917, 32.16103 ], [ 35.33877, 32.1605 ], [ 35.33694, 32.16203 ], [ 35.33601, 32.16275 ], [ 35.33657, 32.1628 ], [ 35.3371, 32.16313 ], [ 35.33743, 32.16309 ], [ 35.33795, 32.16331 ], [ 35.33846, 32.16362 ], [ 35.33861, 32.16405 ], [ 35.33851, 32.16432 ], [ 35.33792, 32.16468 ], [ 35.33726, 32.16514 ], [ 35.33627, 32.16564 ], [ 35.33579, 32.16595 ], [ 35.33535, 32.1662 ], [ 35.33417, 32.16604 ], [ 35.33258, 32.16644 ], [ 35.33239, 32.16711 ], [ 35.33225, 32.16757 ], [ 35.33298, 32.16791 ], [ 35.33305, 32.16788 ], [ 35.33353, 32.16778 ], [ 35.33394, 32.16781 ], [ 35.33437, 32.16796 ], [ 35.33474, 32.16798 ], [ 35.33512, 32.16786 ], [ 35.33558, 32.16756 ], [ 35.336, 32.16781 ], [ 35.3362, 32.16762 ], [ 35.33643, 32.1675 ], [ 35.33711, 32.16723 ], [ 35.33777, 32.16705 ], [ 35.3382, 32.16696 ], [ 35.33844, 32.16701 ], [ 35.33895, 32.16689 ], [ 35.33907, 32.16638 ], [ 35.33918, 32.1658 ], [ 35.33965, 32.1656 ], [ 35.34047, 32.16544 ], [ 35.34108, 32.16538 ], [ 35.34139, 32.16564 ], [ 35.34166, 32.16644 ], [ 35.3425, 32.1669 ], [ 35.34277, 32.16732 ], [ 35.34291, 32.16813 ], [ 35.34311, 32.1683 ], [ 35.34366, 32.16819 ], [ 35.34375, 32.16795 ], [ 35.34407, 32.16762 ], [ 35.3446, 32.16736 ], [ 35.345, 32.16732 ], [ 35.34547, 32.16711 ], [ 35.34566, 32.16671 ], [ 35.34613, 32.16641 ], [ 35.34628, 32.16607 ] ] ] ] } },
{ "type": "Feature", "properties": { "OBJECTID": 295, "Id": 0, "Name": "גבעות עולם", "NameEng": "Gvaot Olam", "ET_ID": 4779935, "GIS_ID": 0.013, "Type": "Outpost", "Ideologica": "Extreme", "Shape_Leng": 4081.0684794499998, "Shape_Area": 704994.80321100005, "WKT": null, "DB_ID": 243.0, "Time": 1998, "X": 233431.92252200001, "Y": 674104.95221100003, "WKT_1": null, "WKT_ISR": null }, "geometry": { "type": "MultiPolygon", "coordinates": [ [ [ [ 35.35403, 32.16575 ], [ 35.35533, 32.16537 ], [ 35.35536, 32.16537 ], [ 35.35564, 32.16378 ], [ 35.3572, 32.16217 ], [ 35.35645, 32.16094 ], [ 35.35581, 32.16038 ], [ 35.35535, 32.1596 ], [ 35.35547, 32.15923 ], [ 35.35504, 32.15886 ], [ 35.35485, 32.1587 ], [ 35.35453, 32.15812 ], [ 35.35434, 32.15759 ], [ 35.35434, 32.15724 ], [ 35.35451, 32.15678 ], [ 35.35489, 32.15653 ], [ 35.35537, 32.15608 ], [ 35.35574, 32.1558 ], [ 35.35576, 32.15557 ], [ 35.35559, 32.15537 ], [ 35.35518, 32.15533 ], [ 35.35491, 32.15523 ], [ 35.35464, 32.15501 ], [ 35.3545, 32.15477 ], [ 35.35454, 32.15457 ], [ 35.35437, 32.15444 ], [ 35.3538, 32.15434 ], [ 35.3532, 32.15423 ], [ 35.35274, 32.15436 ], [ 35.35229, 32.15436 ], [ 35.35156, 32.15436 ], [ 35.35043, 32.15434 ], [ 35.34942, 32.1548 ], [ 35.34849, 32.15523 ], [ 35.3484, 32.15593 ], [ 35.35075, 32.1582 ], [ 35.35042, 32.1588 ], [ 35.35001, 32.15932 ], [ 35.3501, 32.16014 ], [ 35.35062, 32.16066 ], [ 35.35068, 32.16069 ], [ 35.35029, 32.16153 ], [ 35.35037, 32.16209 ], [ 35.34872, 32.16226 ], [ 35.34883, 32.16244 ], [ 35.349, 32.1634 ], [ 35.349, 32.16375 ], [ 35.34927, 32.16451 ], [ 35.3492, 32.16452 ], [ 35.35046, 32.16535 ], [ 35.35121, 32.16643 ], [ 35.35236, 32.1662 ], [ 35.35403, 32.16575 ] ] ] ] } },
{ "type": "Feature", "properties": { "OBJECTID": 296, "Id": 0, "Name": "גבעה 836", "NameEng": "Hill 836", "ET_ID": 4779935, "GIS_ID": 0.012, "Type": "Outpost", "Ideologica": "Extreme", "Shape_Leng": 3599.9448647300001, "Shape_Area": 496325.87504499999, "WKT": null, "DB_ID": 241.0, "Time": 1998, "X": 234247.55192900001, "Y": 674719.491072, "WKT_1": null, "WKT_ISR": null }, "geometry": { "type": "MultiPolygon", "coordinates": [ [ [ [ 35.36873, 32.16452 ], [ 35.36855, 32.16443 ], [ 35.36811, 32.16445 ], [ 35.36771, 32.16464 ], [ 35.36724, 32.16517 ], [ 35.36672, 32.16549 ], [ 35.36576, 32.16585 ], [ 35.36556, 32.16568 ], [ 35.36509, 32.1654 ], [ 35.36471, 32.16517 ], [ 35.36421, 32.16478 ], [ 35.36337, 32.16454 ], [ 35.36319, 32.16421 ], [ 35.36267, 32.16406 ], [ 35.36149, 32.164 ], [ 35.36081, 32.16362 ], [ 35.36015, 32.16318 ], [ 35.35988, 32.16275 ], [ 35.3595, 32.16234 ], [ 35.35909, 32.16254 ], [ 35.35773, 32.16246 ], [ 35.35726, 32.16227 ], [ 35.3572, 32.16217 ], [ 35.35564, 32.16378 ], [ 35.35536, 32.16537 ], [ 35.35625, 32.16537 ], [ 35.35721, 32.16526 ], [ 35.35772, 32.1659 ], [ 35.35785, 32.16704 ], [ 35.35783, 32.16766 ], [ 35.35845, 32.16823 ], [ 35.35921, 32.16824 ], [ 35.35991, 32.16846 ], [ 35.36049, 32.16882 ], [ 35.36129, 32.16929 ], [ 35.36249, 32.16921 ], [ 35.36395, 32.16865 ], [ 35.36558, 32.16763 ], [ 35.36648, 32.16692 ], [ 35.36661, 32.16649 ], [ 35.36738, 32.166 ], [ 35.36805, 32.16583 ], [ 35.36843, 32.16587 ], [ 35.36922, 32.16572 ], [ 35.36873, 32.16452 ] ] ] ] } },
{ "type": "Feature", "properties": { "OBJECTID": 298, "Id": 0, "Name": "איתמר 573", "NameEng": "Itamar 573", "ET_ID": 4779935, "GIS_ID": 0.18, "Type": "Outpost", "Ideologica": "Extreme", "Shape_Leng": 4006.9618437700001, "Shape_Area": 146489.75712600001, "WKT": null, "DB_ID": 327.0, "Time": 2013, "X": 235468.49240700001, "Y": 672382.77771299996, "WKT_1": null, "WKT_ISR": null }, "geometry": { "type": "MultiPolygon", "coordinates": [ [ [ [ 35.36899, 32.14975 ], [ 35.37, 32.1499 ], [ 35.37001, 32.14919 ], [ 35.36926, 32.1467 ], [ 35.36929, 32.14584 ], [ 35.36969, 32.14588 ], [ 35.37114, 32.14604 ], [ 35.37279, 32.14604 ], [ 35.37388, 32.14606 ], [ 35.37468, 32.14606 ], [ 35.37496, 32.14476 ], [ 35.37618, 32.1449 ], [ 35.37873, 32.14328 ], [ 35.37984, 32.14328 ], [ 35.37992, 32.14263 ], [ 35.37868, 32.14154 ], [ 35.37708, 32.14088 ], [ 35.37669, 32.14227 ], [ 35.3775, 32.14346 ], [ 35.37661, 32.14416 ], [ 35.3759, 32.14444 ], [ 35.3745, 32.14421 ], [ 35.37419, 32.14556 ], [ 35.37384, 32.14562 ], [ 35.37191, 32.14568 ], [ 35.37039, 32.14545 ], [ 35.36861, 32.14494 ], [ 35.36843, 32.14621 ], [ 35.36912, 32.14913 ], [ 35.36899, 32.14975 ] ] ] ] } },
{ "type": "Feature", "properties": { "OBJECTID": 299, "Id": 0, "Name": "צופים צפון", "NameEng": "Tzofim North", "ET_ID": 0, "GIS_ID": 0.169, "Type": "Outpost", "Ideologica": "No", "Shape_Leng": 1610.8906711499999, "Shape_Area": 103655.03727, "WKT": null, "DB_ID": 356.0, "Time": 2012, "X": 201439.48934900001, "Y": 678851.25902899995, "WKT_1": null, "WKT_ISR": null }, "geometry": { "type": "MultiPolygon", "coordinates": [ [ [ [ 35.01449, 32.20064 ], [ 35.01444, 32.20085 ], [ 35.01442, 32.20137 ], [ 35.01435, 32.20191 ], [ 35.01403, 32.2023 ], [ 35.01357, 32.2026 ], [ 35.01301, 32.20256 ], [ 35.01223, 32.20232 ], [ 35.01126, 32.20201 ], [ 35.01099, 32.20223 ], [ 35.01034, 32.20212 ], [ 35.0106, 32.20272 ], [ 35.0111, 32.20334 ], [ 35.01121, 32.20376 ], [ 35.01201, 32.20424 ], [ 35.01294, 32.20437 ], [ 35.01374, 32.20435 ], [ 35.01514, 32.20435 ], [ 35.01536, 32.20383 ], [ 35.01545, 32.20174 ], [ 35.01449, 32.20064 ] ] ] ] } },
{ "type": "Feature", "properties": { "OBJECTID": 300, "Id": 0, "Name": "שירת העשבים", "NameEng": "Mehola East", "ET_ID": 0, "GIS_ID": 0.177, "Type": "Outpost", "Ideologica": "Religious", "Shape_Leng": 564.23530595299997, "Shape_Area": 23057.7667354, "WKT": null, "DB_ID": 1068.0, "Time": 2016, "X": 247681.002687, "Y": 696829.67540599999, "WKT_1": null, "WKT_ISR": null }, "geometry": { "type": "MultiPolygon", "coordinates": [ [ [ [ 35.50396, 32.36566 ], [ 35.50497, 32.36562 ], [ 35.50535, 32.36501 ], [ 35.50505, 32.36436 ], [ 35.50405, 32.36428 ], [ 35.50344, 32.36452 ], [ 35.50328, 32.36516 ], [ 35.50396, 32.36566 ] ] ] ] } },
{ "type": "Feature", "properties": { "OBJECTID": 301, "Id": 0, "Name": "אום זוקא", "NameEng": "Um Zuka", "ET_ID": 0, "GIS_ID": 0.178, "Type": "Outpost", "Ideologica": "Religious", "Shape_Leng": 815.22088828899996, "Shape_Area": 41882.89963990001, "WKT": null, "DB_ID": 1039.0, "Time": 2016, "X": 249161.26651700001, "Y": 688451.16632199998, "WKT_1": null, "WKT_ISR": null }, "geometry": { "type": "MultiPolygon", "coordinates": [ [ [ [ 35.52002, 32.2905 ], [ 35.521, 32.29036 ], [ 35.52115, 32.28977 ], [ 35.52075, 32.28892 ], [ 35.51903, 32.2882 ], [ 35.51815, 32.2887 ], [ 35.51943, 32.29012 ], [ 35.51945, 32.29018 ], [ 35.51948, 32.29023 ], [ 35.51952, 32.29028 ], [ 35.51957, 32.29033 ], [ 35.51962, 32.29037 ], [ 35.51968, 32.29041 ], [ 35.51974, 32.29044 ], [ 35.51981, 32.29046 ], [ 35.52002, 32.2905 ] ] ] ] } },
{ "type": "Feature", "properties": { "OBJECTID": 303, "Id": 0, "Name": "פני חבר דרום", "NameEng": "Pnei Hever South", "ET_ID": 0, "GIS_ID": 0.185, "Type": "Outpost", "Ideologica": "Religious", "Shape_Leng": 253.057751365, "Shape_Area": 4637.0856602000003, "WKT": null, "DB_ID": 1076.0, "Time": 2018, "X": 215711.40612199999, "Y": 598581.76561300003, "WKT_1": null, "WKT_ISR": null }, "geometry": { "type": "MultiPolygon", "coordinates": [ [ [ [ 35.1655, 31.47923 ], [ 35.16533, 31.47897 ], [ 35.16523, 31.47899 ], [ 35.16519, 31.47898 ], [ 35.16498, 31.47899 ], [ 35.16483, 31.47905 ], [ 35.16463, 31.47922 ], [ 35.16455, 31.47935 ], [ 35.16457, 31.47943 ], [ 35.16467, 31.47955 ], [ 35.16479, 31.4796 ], [ 35.16503, 31.47962 ], [ 35.16533, 31.47952 ], [ 35.1655, 31.47923 ] ] ] ] } },
{ "type": "Feature", "properties": { "OBJECTID": 304, "Id": 0, "Name": "החווה של שבתאי", "NameEng": "Shabtai's Farm", "ET_ID": 0, "GIS_ID": 0.184, "Type": "Outpost", "Ideologica": "Religious", "Shape_Leng": 563.87020179800004, "Shape_Area": 20832.836729800001, "WKT": null, "DB_ID": 1074.0, "Time": 2017, "X": 196911.49440600001, "Y": 586326.24961099995, "WKT_1": null, "WKT_ISR": null }, "geometry": { "type": "MultiPolygon", "coordinates": [ [ [ [ 34.96864, 31.36865 ], [ 34.96824, 31.36797 ], [ 34.96779, 31.36791 ], [ 34.96685, 31.36818 ], [ 34.96633, 31.36846 ], [ 34.96636, 31.36885 ], [ 34.9668, 31.36905 ], [ 34.96728, 31.36921 ], [ 34.96809, 31.36893 ], [ 34.96864, 31.36865 ] ] ] ] } },
{ "type": "Feature", "properties": { "OBJECTID": 307, "Id": 0, "Name": "נווה אח\"י", "NameEng": "Neve Achi", "ET_ID": 0, "GIS_ID": 0.182, "Type": "Outpost", "Ideologica": "Religious", "Shape_Leng": 819.20876551000003, "Shape_Area": 31003.825308899999, "WKT": null, "DB_ID": 1073.0, "Time": 2017, "X": 212580.77885, "Y": 657337.95710799994, "WKT_1": null, "WKT_ISR": null }, "geometry": { "type": "MultiPolygon", "coordinates": [ [ [ [ 35.13133, 32.0081 ], [ 35.13101, 32.00796 ], [ 35.13068, 32.00821 ], [ 35.13048, 32.00833 ], [ 35.13019, 32.00865 ], [ 35.13066, 32.00893 ], [ 35.13112, 32.00924 ], [ 35.13159, 32.01006 ], [ 35.13192, 32.0101 ], [ 35.13265, 32.01025 ], [ 35.13315, 32.01039 ], [ 35.1331, 32.01022 ], [ 35.13292, 32.00999 ], [ 35.13284, 32.0098 ], [ 35.13276, 32.00965 ], [ 35.13278, 32.00964 ], [ 35.13269, 32.00951 ], [ 35.13234, 32.009 ], [ 35.13171, 32.00845 ], [ 35.13133, 32.0081 ] ] ] ] } },
{ "type": "Feature", "properties": { "OBJECTID": 308, "Id": 0, "Name": "חוות משעול המעיין", "NameEng": "Mishol Hamaayan Farm", "ET_ID": 0, "GIS_ID": 0.187, "Type": "Outpost", "Ideologica": null, "Shape_Leng": 358.04869991700002, "Shape_Area": 7568.89614059, "WKT": null, "DB_ID": 1081.0, "Time": 2018, "X": 225914.028016, "Y": 664000.93466799997, "WKT_1": null, "WKT_ISR": null }, "geometry": { "type": "MultiPolygon", "coordinates": [ [ [ [ 35.2723, 32.0696 ], [ 35.27315, 32.06968 ], [ 35.27351, 32.06924 ], [ 35.27251, 32.06867 ], [ 35.2723, 32.0696 ] ] ] ] } },
{ "type": "Feature", "properties": { "OBJECTID": 309, "Id": 0, "Name": "חוות ראס כרכר", "NameEng": "Ras Karkar Farm", "ET_ID": 0, "GIS_ID": 0.188, "Type": "Outpost", "Ideologica": null, "Shape_Leng": 898.548379823, "Shape_Area": 49928.9551737, "WKT": null, "DB_ID": 1083.0, "Time": 2018, "X": 208833.997531, "Y": 649651.66325400001, "WKT_1": null, "WKT_ISR": null }, "geometry": { "type": "MultiPolygon", "coordinates": [ [ [ [ 35.09384, 31.94086 ], [ 35.09349, 31.93981 ], [ 35.09258, 31.93908 ], [ 35.09156, 31.93873 ], [ 35.09067, 31.93878 ], [ 35.09033, 31.93929 ], [ 35.09077, 31.93983 ], [ 35.09121, 31.94024 ], [ 35.09181, 31.94067 ], [ 35.09273, 31.94092 ], [ 35.09384, 31.94086 ] ] ] ] } },
{ "type": "Feature", "properties": { "OBJECTID": 310, "Id": 0, "Name": "כוכב השחר מזרח", "NameEng": "Kochav Hashahar East", "ET_ID": 0, "GIS_ID": 0.186, "Type": "Outpost", "Ideologica": null, "Shape_Leng": 357.65737494199999, "Shape_Area": 8781.7550186799999, "WKT": null, "DB_ID": 1082.0, "Time": 2018, "X": 234329.28154900001, "Y": 652424.41085400002, "WKT_1": null, "WKT_ISR": null }, "geometry": { "type": "MultiPolygon", "coordinates": [ [ [ [ 35.36186, 31.96534 ], [ 35.36242, 31.96493 ], [ 35.36219, 31.96441 ], [ 35.36141, 31.96435 ], [ 35.36108, 31.96467 ], [ 35.3614, 31.96505 ], [ 35.36186, 31.96534 ] ] ] ] } },
{ "type": "Feature", "properties": { "OBJECTID": 313, "Id": 0, "Name": "E1", "NameEng": "E1", "ET_ID": 0, "GIS_ID": 0.0, "Type": "Planned", "Ideologica": null, "Shape_Leng": 24060.856096, "Shape_Area": 9370227.5485100001, "WKT": null, "DB_ID": 1039.0, "Time": 0, "X": 227106.075239, "Y": 633645.95675600006, "WKT_1": null, "WKT_ISR": null }, "geometry": { "type": "MultiPolygon", "coordinates": [ [ [ [ 35.28574, 31.80944 ], [ 35.28662, 31.80986 ], [ 35.28761, 31.81032 ], [ 35.29315, 31.81227 ], [ 35.29385, 31.81497 ], [ 35.29517, 31.81527 ], [ 35.29807, 31.81174 ], [ 35.29781, 31.81137 ], [ 35.29921, 31.81062 ], [ 35.30008, 31.81167 ], [ 35.3035, 31.81098 ], [ 35.30497, 31.81106 ], [ 35.30572, 31.80981 ], [ 35.30607, 31.80905 ], [ 35.30694, 31.80701 ], [ 35.29373, 31.78865 ], [ 35.29232, 31.78728 ], [ 35.28883, 31.78214 ], [ 35.28871, 31.78138 ], [ 35.28758, 31.77963 ], [ 35.28872, 31.77467 ], [ 35.28635, 31.77362 ], [ 35.28476, 31.77302 ], [ 35.28169, 31.77212 ], [ 35.27932, 31.77138 ], [ 35.27826, 31.77168 ], [ 35.27773, 31.77123 ], [ 35.2765, 31.77138 ], [ 35.27554, 31.7728 ], [ 35.27589, 31.77415 ], [ 35.27528, 31.77521 ], [ 35.27475, 31.77671 ], [ 35.27502, 31.77881 ], [ 35.27792, 31.78008 ], [ 35.27888, 31.78023 ], [ 35.27756, 31.77806 ], [ 35.278, 31.77761 ], [ 35.27941, 31.77986 ], [ 35.27994, 31.77971 ], [ 35.28046, 31.77866 ], [ 35.28081, 31.77865 ], [ 35.28046, 31.78038 ], [ 35.28082, 31.78121 ], [ 35.28073, 31.78308 ], [ 35.2781, 31.78399 ], [ 35.27546, 31.78406 ], [ 35.27115, 31.78129 ], [ 35.26834, 31.78061 ], [ 35.2672, 31.78106 ], [ 35.27608, 31.78534 ], [ 35.27748, 31.78496 ], [ 35.2795, 31.78496 ], [ 35.28003, 31.78549 ], [ 35.27775, 31.78759 ], [ 35.27573, 31.78751 ], [ 35.2701, 31.78391 ], [ 35.26641, 31.78302 ], [ 35.26632, 31.78377 ], [ 35.27142, 31.78624 ], [ 35.26975, 31.78962 ], [ 35.26967, 31.7924 ], [ 35.27204, 31.79555 ], [ 35.26976, 31.79697 ], [ 35.27187, 31.7972 ], [ 35.27319, 31.79855 ], [ 35.27283, 31.79892 ], [ 35.27275, 31.7999 ], [ 35.27169, 31.80095 ], [ 35.27029, 31.80178 ], [ 35.2695, 31.80133 ], [ 35.26783, 31.80035 ], [ 35.26484, 31.80208 ], [ 35.26185, 31.79991 ], [ 35.25711, 31.80336 ], [ 35.2581, 31.80341 ], [ 35.25806, 31.80345 ], [ 35.25821, 31.80363 ], [ 35.25841, 31.80343 ], [ 35.25851, 31.80333 ], [ 35.25851, 31.80333 ], [ 35.25853, 31.80341 ], [ 35.25904, 31.80291 ], [ 35.25957, 31.80291 ], [ 35.2603, 31.80291 ], [ 35.26071, 31.80291 ], [ 35.2622, 31.80216 ], [ 35.2637, 31.80306 ], [ 35.26308, 31.80366 ], [ 35.26291, 31.80441 ], [ 35.26379, 31.80478 ], [ 35.26493, 31.80426 ], [ 35.26625, 31.80433 ], [ 35.26607, 31.80343 ], [ 35.26959, 31.80418 ], [ 35.2702, 31.80486 ], [ 35.2709, 31.8044 ], [ 35.27161, 31.80463 ], [ 35.27214, 31.8047 ], [ 35.27328, 31.80493 ], [ 35.2724, 31.80621 ], [ 35.26985, 31.80718 ], [ 35.27029, 31.80778 ], [ 35.27381, 31.8071 ], [ 35.276, 31.8056 ], [ 35.27855, 31.80695 ], [ 35.28216, 31.80785 ], [ 35.28444, 31.80882 ], [ 35.28574, 31.80944 ] ] ] ] } },
{ "type": "Feature", "properties": { "OBJECTID": 314, "Id": 0, "Name": "חשמונאים", "NameEng": "Hashmonaim", "ET_ID": 1053082, "GIS_ID": 3770.0, "Type": "Settlement", "Ideologica": "Religious", "Shape_Leng": 3680.2851239900001, "Shape_Area": 501631.42174700001, "WKT": null, "DB_ID": 46.0, "Time": 1985, "X": 202356.75759200001, "Y": 648675.71924400004, "WKT_1": null, "WKT_ISR": null }, "geometry": { "type": "MultiPolygon", "coordinates": [ [ [ [ 35.02109, 31.92569 ], [ 35.02091, 31.92629 ], [ 35.02063, 31.92717 ], [ 35.02125, 31.92752 ], [ 35.02143, 31.92763 ], [ 35.0218, 31.92883 ], [ 35.02152, 31.92911 ], [ 35.02054, 31.92969 ], [ 35.01944, 31.93019 ], [ 35.01865, 31.93076 ], [ 35.01875, 31.93106 ], [ 35.0188, 31.93102 ], [ 35.01978, 31.93118 ], [ 35.02105, 31.93137 ], [ 35.02112, 31.93182 ], [ 35.02112, 31.93238 ], [ 35.02078, 31.93252 ], [ 35.02075, 31.93283 ], [ 35.0212, 31.93358 ], [ 35.02133, 31.9343 ], [ 35.02168, 31.93469 ], [ 35.02255, 31.93482 ], [ 35.02364, 31.93462 ], [ 35.02488, 31.93494 ], [ 35.02554, 31.93523 ], [ 35.02644, 31.93528 ], [ 35.02724, 31.9351 ], [ 35.02824, 31.93513 ], [ 35.02846, 31.93452 ], [ 35.02827, 31.93327 ], [ 35.02727, 31.93264 ], [ 35.02624, 31.93176 ], [ 35.02539, 31.93092 ], [ 35.0251, 31.93026 ], [ 35.02486, 31.92952 ], [ 35.02463, 31.92868 ], [ 35.02476, 31.92767 ], [ 35.02497, 31.92697 ], [ 35.02498, 31.92638 ], [ 35.02528, 31.92552 ], [ 35.02242, 31.92571 ], [ 35.02109, 31.92569 ] ] ] ] } },
{ "type": "Feature", "properties": { "OBJECTID": 315, "Id": 0, "Name": "חברון התנחלות", "NameEng": "Hebron Settlement", "ET_ID": 0, "GIS_ID": 0.0, "Type": "התנחלות", "Ideologica": null, "Shape_Leng": 3650.81358697, "Shape_Area": 67303.818500099995, "WKT": null, "DB_ID": 39.0, "Time": 1978, "X": 209999.48375700001, "Y": 603623.90928999998, "WKT_1": null, "WKT_ISR": null }, "geometry": { "type": "MultiPolygon", "coordinates": [ [ [ [ 35.10771, 31.52437 ], [ 35.10778, 31.52412 ], [ 35.10798, 31.52412 ], [ 35.10804, 31.52397 ], [ 35.10891, 31.52407 ], [ 35.10891, 31.52398 ], [ 35.10852, 31.52379 ], [ 35.10841, 31.52353 ], [ 35.10789, 31.52348 ], [ 35.10768, 31.52327 ], [ 35.10704, 31.5233 ], [ 35.10656, 31.52342 ], [ 35.10696, 31.52386 ], [ 35.10704, 31.52426 ], [ 35.10771, 31.52437 ] ] ], [ [ [ 35.1012, 31.52425 ], [ 35.10164, 31.52402 ], [ 35.10179, 31.52402 ], [ 35.10194, 31.52392 ], [ 35.10194, 31.52381 ], [ 35.10182, 31.52379 ], [ 35.10154, 31.52398 ], [ 35.10137, 31.52405 ], [ 35.10117, 31.5241 ], [ 35.101, 31.52403 ], [ 35.1008, 31.5238 ], [ 35.10076, 31.52383 ], [ 35.10074, 31.52397 ], [ 35.10074, 31.52429 ], [ 35.10071, 31.52459 ], [ 35.10095, 31.52472 ], [ 35.10117, 31.52486 ], [ 35.10147, 31.525 ], [ 35.10148, 31.52497 ], [ 35.10136, 31.52477 ], [ 35.10105, 31.52461 ], [ 35.10086, 31.52437 ], [ 35.101, 31.52435 ], [ 35.1012, 31.52425 ] ] ], [ [ [ 35.11124, 31.52432 ], [ 35.11106, 31.52365 ], [ 35.11051, 31.52391 ], [ 35.11016, 31.52383 ], [ 35.11006, 31.52455 ], [ 35.11087, 31.52512 ], [ 35.11124, 31.52432 ] ] ], [ [ [ 35.10316, 31.525 ], [ 35.10292, 31.52477 ], [ 35.10266, 31.52488 ], [ 35.10258, 31.52476 ], [ 35.10155, 31.52531 ], [ 35.10209, 31.52534 ], [ 35.10316, 31.525 ] ] ], [ [ [ 35.10061, 31.5255 ], [ 35.10046, 31.52467 ], [ 35.09997, 31.52466 ], [ 35.09861, 31.52494 ], [ 35.09757, 31.52488 ], [ 35.09755, 31.52507 ], [ 35.09792, 31.52514 ], [ 35.09826, 31.52511 ], [ 35.0985, 31.52505 ], [ 35.09866, 31.52556 ], [ 35.10061, 31.5255 ] ] ], [ [ [ 35.10497, 31.52516 ], [ 35.10573, 31.52562 ], [ 35.1059, 31.52543 ], [ 35.10586, 31.52534 ], [ 35.10603, 31.52514 ], [ 35.10577, 31.5248 ], [ 35.10587, 31.5246 ], [ 35.10542, 31.52441 ], [ 35.10497, 31.52516 ] ] ], [ [ [ 35.10497, 31.52516 ], [ 35.10431, 31.52585 ], [ 35.1038, 31.52644 ], [ 35.1038, 31.52653 ], [ 35.10479, 31.52603 ], [ 35.10466, 31.5259 ], [ 35.1049, 31.5257 ], [ 35.10504, 31.52556 ], [ 35.10511, 31.52528 ], [ 35.10497, 31.52516 ] ] ], [ [ [ 35.11336, 31.5272 ], [ 35.11336, 31.52642 ], [ 35.1129, 31.52658 ], [ 35.11336, 31.5272 ] ] ] ] } },
{ "type": "Feature", "properties": { "OBJECTID": 323, "Id": 0, "Name": "לשם", "NameEng": "Leshem", "ET_ID": 375728, "GIS_ID": 3727.1, "Type": "Settlement", "Ideologica": "No", "Shape_Leng": 4564.5520759299998, "Shape_Area": 456288.75021099998, "WKT": null, "DB_ID": 1057.0, "Time": 2012, "X": 204858.66899800001, "Y": 663899.48999499995, "WKT_1": null, "WKT_ISR": null }, "geometry": { "type": "MultiPolygon", "coordinates": [ [ [ [ 35.04399, 32.06422 ], [ 35.04384, 32.06439 ], [ 35.04373, 32.06455 ], [ 35.04373, 32.06469 ], [ 35.04349, 32.06471 ], [ 35.04346, 32.0649 ], [ 35.04325, 32.06486 ], [ 35.0429, 32.06474 ], [ 35.0424, 32.06449 ], [ 35.04213, 32.06441 ], [ 35.04195, 32.06437 ], [ 35.04172, 32.06512 ], [ 35.04168, 32.06573 ], [ 35.04231, 32.06576 ], [ 35.04234, 32.06599 ], [ 35.04333, 32.06582 ], [ 35.04375, 32.066 ], [ 35.04375, 32.06619 ], [ 35.04403, 32.0664 ], [ 35.04459, 32.06665 ], [ 35.04454, 32.06681 ], [ 35.04468, 32.06699 ], [ 35.04508, 32.06721 ], [ 35.04508, 32.0674 ], [ 35.04489, 32.06749 ], [ 35.04514, 32.06769 ], [ 35.04502, 32.06797 ], [ 35.0455, 32.06793 ], [ 35.04563, 32.06814 ], [ 35.04584, 32.06865 ], [ 35.04638, 32.06917 ], [ 35.04676, 32.06941 ], [ 35.04682, 32.06953 ], [ 35.04729, 32.06974 ], [ 35.04905, 32.06952 ], [ 35.04937, 32.06961 ], [ 35.05041, 32.07067 ], [ 35.05144, 32.07102 ], [ 35.05183, 32.07128 ], [ 35.05238, 32.07151 ], [ 35.05273, 32.07148 ], [ 35.05274, 32.07121 ], [ 35.05265, 32.07098 ], [ 35.05338, 32.07129 ], [ 35.05426, 32.07146 ], [ 35.05512, 32.07148 ], [ 35.05603, 32.07164 ], [ 35.05652, 32.07148 ], [ 35.05686, 32.07107 ], [ 35.05739, 32.07092 ], [ 35.0574, 32.0702 ], [ 35.05739, 32.0702 ], [ 35.05703, 32.0701 ], [ 35.05668, 32.06998 ], [ 35.05639, 32.06977 ], [ 35.05629, 32.06955 ], [ 35.05641, 32.0694 ], [ 35.05649, 32.06941 ], [ 35.05658, 32.06933 ], [ 35.05656, 32.06912 ], [ 35.05643, 32.0689 ], [ 35.05602, 32.06834 ], [ 35.05568, 32.06825 ], [ 35.05466, 32.06825 ], [ 35.05352, 32.06834 ], [ 35.05302, 32.06843 ], [ 35.05278, 32.06859 ], [ 35.05239, 32.06852 ], [ 35.05199, 32.06909 ], [ 35.05141, 32.06914 ], [ 35.05087, 32.06916 ], [ 35.05041, 32.06888 ], [ 35.05025, 32.06872 ], [ 35.05041, 32.06843 ], [ 35.05067, 32.06784 ], [ 35.05082, 32.06754 ], [ 35.05136, 32.06723 ], [ 35.05143, 32.06673 ], [ 35.05075, 32.06639 ], [ 35.05016, 32.06599 ], [ 35.04961, 32.06572 ], [ 35.04935, 32.06608 ], [ 35.04846, 32.06592 ], [ 35.04766, 32.06594 ], [ 35.04718, 32.06599 ], [ 35.04559, 32.0653 ], [ 35.04527, 32.06522 ], [ 35.04504, 32.06497 ], [ 35.04551, 32.06451 ], [ 35.04399, 32.06422 ] ] ] ] } },
{ "type": "Feature", "properties": { "OBJECTID": 324, "Id": 0, "Name": "מלאכי השלום", "NameEng": "Malachei Hashalom", "ET_ID": 0, "GIS_ID": 0.181, "Type": "Outpost", "Ideologica": null, "Shape_Leng": 989.00552076700001, "Shape_Area": 38364.931338399998, "WKT": null, "DB_ID": 1072.0, "Time": 2015, "X": 234476.35331400001, "Y": 659097.928113, "WKT_1": null, "WKT_ISR": null }, "geometry": { "type": "MultiPolygon", "coordinates": [ [ [ [ 35.36148, 32.02428 ], [ 35.36472, 32.02634 ], [ 35.36554, 32.02598 ], [ 35.36368, 32.02456 ], [ 35.36236, 32.02355 ], [ 35.36148, 32.02428 ] ] ] ] } },
{ "type": "Feature", "properties": { "OBJECTID": 325, "Id": 0, "Name": "חווה חקלאית פני קדם", "NameEng": "Pnei Kedem Farm", "ET_ID": 0, "GIS_ID": 1088.0, "Type": "Outpost", "Ideologica": null, "Shape_Leng": 518.61509772800002, "Shape_Area": 20654.762431499999, "WKT": null, "DB_ID": 1088.0, "Time": 2017, "X": 218985.53599400001, "Y": 610373.53231899999, "WKT_1": null, "WKT_ISR": null }, "geometry": { "type": "MultiPolygon", "coordinates": [ [ [ [ 35.19946, 31.58482 ], [ 35.19885, 31.58515 ], [ 35.19865, 31.58543 ], [ 35.19865, 31.58566 ], [ 35.1987, 31.58593 ], [ 35.19889, 31.58621 ], [ 35.1991, 31.58629 ], [ 35.19927, 31.58636 ], [ 35.19964, 31.58641 ], [ 35.19988, 31.58632 ], [ 35.2001, 31.58617 ], [ 35.2003, 31.58594 ], [ 35.20033, 31.58555 ], [ 35.20004, 31.58515 ], [ 35.19976, 31.58493 ], [ 35.19946, 31.58482 ] ] ] ] } },
{ "type": "Feature", "properties": { "OBJECTID": 326, "Id": 0, "Name": "חוות נגוהות", "NameEng": "Negohot Farm", "ET_ID": 0, "GIS_ID": 0.0, "Type": "Outpost", "Ideologica": null, "Shape_Leng": 690.86828899, "Shape_Area": 16490.810443800001, "WKT": null, "DB_ID": 1091.0, "Time": 2018, "X": 197516.365751, "Y": 599983.83935899998, "WKT_1": null, "WKT_ISR": null }, "geometry": { "type": "MultiPolygon", "coordinates": [ [ [ [ 34.97476, 31.49243 ], [ 34.97431, 31.49181 ], [ 34.97347, 31.49125 ], [ 34.97258, 31.49092 ], [ 34.97227, 31.49097 ], [ 34.97212, 31.49111 ], [ 34.9721, 31.49129 ], [ 34.97218, 31.49144 ], [ 34.97235, 31.49152 ], [ 34.97273, 31.49142 ], [ 34.97308, 31.49155 ], [ 34.97332, 31.49168 ], [ 34.97361, 31.49197 ], [ 34.97373, 31.49222 ], [ 34.97388, 31.49253 ], [ 34.97406, 31.4927 ], [ 34.97434, 31.49263 ], [ 34.97476, 31.49243 ] ] ] ] } },
{ "type": "Feature", "properties": { "OBJECTID": 328, "Id": 0, "Name": "עוז וגאון", "NameEng": "Oz Vegaon", "ET_ID": 0, "GIS_ID": 0.0, "Type": "Outpost", "Ideologica": null, "Shape_Leng": 839.35027627399995, "Shape_Area": 47560.5911872, "WKT": null, "DB_ID": 1089.0, "Time": 2014, "X": 212798.62134000001, "Y": 616610.11388399999, "WKT_1": null, "WKT_ISR": null }, "geometry": { "type": "MultiPolygon", "coordinates": [ [ [ [ 35.13588, 31.64212 ], [ 35.13519, 31.6414 ], [ 35.13463, 31.6408 ], [ 35.13373, 31.64066 ], [ 35.13317, 31.64097 ], [ 35.13304, 31.64132 ], [ 35.13307, 31.64165 ], [ 35.13327, 31.64224 ], [ 35.13353, 31.64275 ], [ 35.13382, 31.64322 ], [ 35.13422, 31.64316 ], [ 35.13588, 31.64212 ] ] ] ] } },
{ "type": "Feature", "properties": { "OBJECTID": 329, "Id": 0, "Name": "ארץ בראשית", "NameEng": "Eretz Bereshit", "ET_ID": 275545, "GIS_ID": 3638.2, "Type": "Touristic Site", "Ideologica": "Ideological", "Shape_Leng": 1085.18137892, "Shape_Area": 31177.554356799999, "WKT": null, "DB_ID": 1092.0, "Time": 0, "X": 233491.78146299999, "Y": 637291.73018499999, "WKT_1": null, "WKT_ISR": null }, "geometry": { "type": "MultiPolygon", "coordinates": [ [ [ [ 35.35345, 31.82817 ], [ 35.35368, 31.82774 ], [ 35.35392, 31.82717 ], [ 35.35446, 31.82675 ], [ 35.35443, 31.82661 ], [ 35.35413, 31.82662 ], [ 35.3536, 31.82702 ], [ 35.35332, 31.82737 ], [ 35.35317, 31.82776 ], [ 35.35303, 31.82805 ], [ 35.35259, 31.82805 ], [ 35.3524, 31.82751 ], [ 35.35217, 31.82746 ], [ 35.35199, 31.82765 ], [ 35.35188, 31.82796 ], [ 35.35185, 31.82816 ], [ 35.35169, 31.82849 ], [ 35.35187, 31.8294 ], [ 35.35182, 31.82952 ], [ 35.35208, 31.82994 ], [ 35.35259, 31.82945 ], [ 35.35311, 31.82865 ], [ 35.35345, 31.82817 ] ] ] ] } },
{ "type": "Feature", "properties": { "OBJECTID": 330, "Id": 0, "Name": "אלון", "NameEng": "Alon", "ET_ID": 275545, "GIS_ID": 3638.2, "Type": "Settlement", "Ideologica": "Ideological", "Shape_Leng": 2334.86317826, "Shape_Area": 275545.7643, "WKT": null, "DB_ID": 6.0, "Time": 1990, "X": 233634.82745400001, "Y": 637852.39754300006, "WKT_1": null, "WKT_ISR": null }, "geometry": { "type": "MultiPolygon", "coordinates": [ [ [ [ 35.3547, 31.83585 ], [ 35.35499, 31.83567 ], [ 35.35528, 31.83549 ], [ 35.35552, 31.83543 ], [ 35.35623, 31.83542 ], [ 35.35668, 31.83538 ], [ 35.3571, 31.8352 ], [ 35.35726, 31.83499 ], [ 35.35731, 31.8347 ], [ 35.35726, 31.83448 ], [ 35.35716, 31.83427 ], [ 35.357, 31.83407 ], [ 35.35694, 31.83391 ], [ 35.35689, 31.83378 ], [ 35.35673, 31.83367 ], [ 35.35665, 31.83353 ], [ 35.35649, 31.83344 ], [ 35.35649, 31.83328 ], [ 35.3566, 31.83315 ], [ 35.35681, 31.83299 ], [ 35.35694, 31.83294 ], [ 35.35707, 31.83288 ], [ 35.35723, 31.83274 ], [ 35.35739, 31.83254 ], [ 35.35734, 31.83231 ], [ 35.3572, 31.83218 ], [ 35.35718, 31.83213 ], [ 35.35713, 31.83204 ], [ 35.35715, 31.83197 ], [ 35.35718, 31.83188 ], [ 35.35734, 31.83177 ], [ 35.35736, 31.83161 ], [ 35.35736, 31.83152 ], [ 35.35736, 31.83141 ], [ 35.35733, 31.83118 ], [ 35.35726, 31.83098 ], [ 35.35715, 31.8308 ], [ 35.35702, 31.8306 ], [ 35.35691, 31.83055 ], [ 35.35665, 31.8304 ], [ 35.35649, 31.83028 ], [ 35.35625, 31.83028 ], [ 35.35612, 31.83031 ], [ 35.35596, 31.83042 ], [ 35.3558, 31.83058 ], [ 35.3557, 31.83071 ], [ 35.35562, 31.83087 ], [ 35.35557, 31.83105 ], [ 35.35554, 31.83116 ], [ 35.35543, 31.83137 ], [ 35.35538, 31.83148 ], [ 35.35525, 31.83168 ], [ 35.35512, 31.83175 ], [ 35.35493, 31.83184 ], [ 35.35472, 31.83189 ], [ 35.35464, 31.83198 ], [ 35.35454, 31.83198 ], [ 35.35438, 31.83195 ], [ 35.35425, 31.83186 ], [ 35.35422, 31.83173 ], [ 35.35409, 31.83157 ], [ 35.35398, 31.83144 ], [ 35.35393, 31.83128 ], [ 35.35369, 31.83119 ], [ 35.35348, 31.83121 ], [ 35.35329, 31.83121 ], [ 35.35303, 31.83123 ], [ 35.35285, 31.83121 ], [ 35.35256, 31.83126 ], [ 35.35232, 31.83139 ], [ 35.35213, 31.83144 ], [ 35.35195, 31.83155 ], [ 35.35187, 31.83162 ], [ 35.35176, 31.83173 ], [ 35.35161, 31.83182 ], [ 35.35142, 31.83191 ], [ 35.35132, 31.83207 ], [ 35.35121, 31.83216 ], [ 35.35116, 31.83227 ], [ 35.35111, 31.83236 ], [ 35.35095, 31.83257 ], [ 35.35095, 31.8327 ], [ 35.35095, 31.83279 ], [ 35.35089, 31.83295 ], [ 35.35084, 31.83311 ], [ 35.35084, 31.83324 ], [ 35.35084, 31.83331 ], [ 35.35079, 31.83345 ], [ 35.35074, 31.8336 ], [ 35.35066, 31.83365 ], [ 35.35053, 31.83385 ], [ 35.35053, 31.83399 ], [ 35.35071, 31.83419 ], [ 35.3509, 31.83428 ], [ 35.351, 31.83437 ], [ 35.35119, 31.83455 ], [ 35.35143, 31.83462 ], [ 35.3515, 31.83469 ], [ 35.35151, 31.83489 ], [ 35.35177, 31.83502 ], [ 35.35185, 31.83509 ], [ 35.35203, 31.83529 ], [ 35.35214, 31.83545 ], [ 35.35219, 31.83568 ], [ 35.35238, 31.83581 ], [ 35.35262, 31.83588 ], [ 35.35291, 31.83583 ], [ 35.35317, 31.83581 ], [ 35.35351, 31.83588 ], [ 35.35391, 31.83597 ], [ 35.35428, 31.83597 ], [ 35.35449, 31.83601 ], [ 35.3547, 31.83585 ] ] ] ] } },
{ "type": "Feature", "properties": { "OBJECTID": 331, "Id": 0, "Name": "מחנה גדי", "NameEng": "Gadi Base", "ET_ID": 0, "GIS_ID": 0.0, "Type": "Outpost", "Ideologica": null, "Shape_Leng": 994.88035912299995, "Shape_Area": 56534.661583000001, "WKT": null, "DB_ID": 1093.0, "Time": 2018, "X": 246113.81403400001, "Y": 670012.61005400005, "WKT_1": null, "WKT_ISR": null }, "geometry": { "type": "MultiPolygon", "coordinates": [ [ [ [ 35.48726, 32.12482 ], [ 35.48839, 32.12225 ], [ 35.48652, 32.12152 ], [ 35.48639, 32.12215 ], [ 35.48598, 32.12294 ], [ 35.4854, 32.12403 ], [ 35.48726, 32.12482 ] ] ] ] } },
{ "type": "Feature", "properties": { "OBJECTID": 332, "Id": 0, "Name": "מכון משפטי ארץ", "NameEng": "Mishpatei Aretz Inst.", "ET_ID": 4668787, "GIS_ID": 0.096, "Type": "Outpost", "Ideologica": "Religious", "Shape_Leng": 1096.8645458599999, "Shape_Area": 61985.835756799999, "WKT": null, "DB_ID": 279.0, "Time": 2004, "X": 224021.20882500001, "Y": 649707.248502, "WKT_1": null, "WKT_ISR": null }, "geometry": { "type": "MultiPolygon", "coordinates": [ [ [ [ 35.25121, 31.93914 ], [ 35.25057, 31.93913 ], [ 35.25077, 31.93937 ], [ 35.25129, 31.93993 ], [ 35.2518, 31.94058 ], [ 35.25287, 31.94178 ], [ 35.25338, 31.94234 ], [ 35.25365, 31.9422 ], [ 35.25382, 31.94197 ], [ 35.25399, 31.94117 ], [ 35.2539, 31.94035 ], [ 35.25388, 31.94009 ], [ 35.25395, 31.93969 ], [ 35.25295, 31.93914 ], [ 35.25249, 31.93918 ], [ 35.25196, 31.93908 ], [ 35.25121, 31.93914 ] ] ] ] } },
{ "type": "Feature", "properties": { "OBJECTID": 333, "Id": 0, "Name": "תקוע ה", "NameEng": "Tkoa E", "ET_ID": 0, "GIS_ID": 0.0, "Type": "Outpost", "Ideologica": "Religious", "Shape_Leng": 502.58279474199998, "Shape_Area": 15626.729401799999, "WKT": null, "DB_ID": 1094.0, "Time": 2019, "X": 223467.70139, "Y": 615660.48467699997, "WKT_1": null, "WKT_ISR": null }, "geometry": { "type": "MultiPolygon", "coordinates": [ [ [ [ 35.2472, 31.63279 ], [ 35.24636, 31.63292 ], [ 35.24555, 31.63325 ], [ 35.24573, 31.63345 ], [ 35.24601, 31.63357 ], [ 35.24639, 31.63386 ], [ 35.24673, 31.63386 ], [ 35.24729, 31.63368 ], [ 35.24775, 31.63343 ], [ 35.24756, 31.63305 ], [ 35.2472, 31.63279 ] ] ] ] } },
{ "type": "Feature", "properties": { "OBJECTID": 334, "Id": 0, "Name": "חוות בינתיים", "NameEng": "Beintayim Farm", "ET_ID": 0, "GIS_ID": 0.0, "Type": "Outpost", "Ideologica": "Religious", "Shape_Leng": 436.46209419100001, "Shape_Area": 13348.5739454, "WKT": null, "DB_ID": 1095.0, "Time": 2018, "X": 248129.17829400001, "Y": 691653.66419799998, "WKT_1": null, "WKT_ISR": null }, "geometry": { "type": "MultiPolygon", "coordinates": [ [ [ [ 35.50957, 32.31781 ], [ 35.50898, 32.31778 ], [ 35.50841, 32.31783 ], [ 35.50823, 32.31802 ], [ 35.50825, 32.31841 ], [ 35.50842, 32.31877 ], [ 35.50899, 32.31893 ], [ 35.50977, 32.31821 ], [ 35.50957, 32.31781 ] ] ] ] } },
{ "type": "Feature", "properties": { "OBJECTID": 335, "Id": 0, "Name": "קידה מזרח", "NameEng": "Kida East", "ET_ID": 0, "GIS_ID": 0.0, "Type": "Outpost", "Ideologica": "Religious", "Shape_Leng": 594.573527668, "Shape_Area": 20938.273392, "WKT": null, "DB_ID": 1096.0, "Time": 2018, "X": 232871.35678500001, "Y": 662073.01692900003, "WKT_1": null, "WKT_ISR": null }, "geometry": { "type": "MultiPolygon", "coordinates": [ [ [ [ 35.34708, 32.05273 ], [ 35.347, 32.05131 ], [ 35.34671, 32.05078 ], [ 35.34614, 32.05077 ], [ 35.3458, 32.05198 ], [ 35.34629, 32.05283 ], [ 35.34708, 32.05273 ] ] ] ] } },
{ "type": "Feature", "properties": { "OBJECTID": 336, "Id": 0, "Name": "חוות גלעד דרום", "NameEng": "Gilad Farm South", "ET_ID": 0, "GIS_ID": 0.0, "Type": "Outpost", "Ideologica": "Religious", "Shape_Leng": 517.13909005999994, "Shape_Area": 19049.325376000001, "WKT": null, "DB_ID": 1097.0, "Time": 2018, "X": 217375.333897, "Y": 677498.52485499997, "WKT_1": null, "WKT_ISR": null }, "geometry": { "type": "MultiPolygon", "coordinates": [ [ [ [ 35.18272, 32.19031 ], [ 35.18226, 32.19019 ], [ 35.18175, 32.19041 ], [ 35.18159, 32.19085 ], [ 35.18162, 32.191 ], [ 35.18158, 32.1911 ], [ 35.18163, 32.19129 ], [ 35.18167, 32.19132 ], [ 35.18212, 32.19166 ], [ 35.18305, 32.1917 ], [ 35.18321, 32.19145 ], [ 35.18296, 32.19073 ], [ 35.18272, 32.19031 ] ] ] ] } },
{ "type": "Feature", "properties": { "OBJECTID": 337, "Id": 0, "Name": "אזור תעשיה מבשר", "NameEng": "Mevaser Industrial Area", "ET_ID": 0, "GIS_ID": 0.0, "Type": "Industrial Area", "Ideologica": null, "Shape_Leng": 449.46716662, "Shape_Area": 12927.6322007, "WKT": null, "DB_ID": 1098.0, "Time": 2018, "X": 211798.25674800001, "Y": 606663.87889399996, "WKT_1": null, "WKT_ISR": null }, "geometry": { "type": "MultiPolygon", "coordinates": [ [ [ [ 35.12406, 31.55273 ], [ 35.12416, 31.55264 ], [ 35.12428, 31.55209 ], [ 35.12463, 31.55191 ], [ 35.12443, 31.55166 ], [ 35.12429, 31.55152 ], [ 35.12383, 31.55165 ], [ 35.12331, 31.55186 ], [ 35.12315, 31.55201 ], [ 35.12307, 31.55221 ], [ 35.12311, 31.55245 ], [ 35.12324, 31.55264 ], [ 35.1234, 31.55274 ], [ 35.12362, 31.55279 ], [ 35.12406, 31.55273 ] ] ] ] } },
{ "type": "Feature", "properties": { "OBJECTID": 338, "Id": 0, "Name": "ארץ האיילים", "NameEng": "Eretz Haayalim", "ET_ID": 0, "GIS_ID": 0.0, "Type": "Tourism", "Ideologica": null, "Shape_Leng": 1043.04462719, "Shape_Area": 53485.318611499999, "WKT": null, "DB_ID": 1099.0, "Time": 2009, "X": 210739.43322800001, "Y": 619181.07417499996, "WKT_1": null, "WKT_ISR": null }, "geometry": { "type": "MultiPolygon", "coordinates": [ [ [ [ 35.11199, 31.66675 ], [ 35.11292, 31.66557 ], [ 35.1131, 31.66544 ], [ 35.11347, 31.66525 ], [ 35.11348, 31.66507 ], [ 35.11366, 31.6648 ], [ 35.11384, 31.66449 ], [ 35.11424, 31.66367 ], [ 35.1142, 31.66354 ], [ 35.11396, 31.66346 ], [ 35.11335, 31.66362 ], [ 35.1127, 31.66377 ], [ 35.11234, 31.66423 ], [ 35.11196, 31.66431 ], [ 35.11167, 31.6647 ], [ 35.11143, 31.66523 ], [ 35.1112, 31.66579 ], [ 35.11088, 31.66644 ], [ 35.11199, 31.66675 ] ] ] ] } },
{ "type": "Feature", "properties": { "OBJECTID": 342, "Id": 0, "Name": "עמיחי", "NameEng": "Amihai", "ET_ID": 0, "GIS_ID": 3824.0, "Type": "Settlement", "Ideologica": null, "Shape_Leng": 2873.80381618, "Shape_Area": 342909.390962, "WKT": null, "DB_ID": 1062.0, "Time": 2018, "X": 231228.43358499999, "Y": 661434.22911299998, "WKT_1": null, "WKT_ISR": null }, "geometry": { "type": "MultiPolygon", "coordinates": [ [ [ [ 35.32384, 32.0428 ], [ 35.32416, 32.0435 ], [ 35.32478, 32.04437 ], [ 35.32571, 32.04465 ], [ 35.32595, 32.04493 ], [ 35.32594, 32.04479 ], [ 35.32653, 32.04504 ], [ 35.32685, 32.04688 ], [ 35.32725, 32.04756 ], [ 35.32828, 32.04854 ], [ 35.32945, 32.05001 ], [ 35.33118, 32.04906 ], [ 35.33174, 32.04845 ], [ 35.33289, 32.04776 ], [ 35.33378, 32.0473 ], [ 35.33352, 32.04566 ], [ 35.33319, 32.0455 ], [ 35.3314, 32.04558 ], [ 35.32987, 32.04558 ], [ 35.32985, 32.04482 ], [ 35.32971, 32.04441 ], [ 35.32974, 32.04404 ], [ 35.32947, 32.04362 ], [ 35.32923, 32.04326 ], [ 35.32708, 32.04286 ], [ 35.32478, 32.04283 ], [ 35.32397, 32.04288 ], [ 35.32384, 32.0428 ] ] ] ] } },
{ "type": "Feature", "properties": { "OBJECTID": 348, "Id": 0, "Name": "פארק מוטורי בקעת הירדן", "NameEng": "Motor Park Jordan Valley", "ET_ID": 0, "GIS_ID": 0.0, "Type": "Other", "Ideologica": null, "Shape_Leng": 1616.5093328099999, "Shape_Area": 122542.588441, "WKT": null, "DB_ID": 1100.0, "Time": 2017, "X": 242884.41230299999, "Y": 662240.80921700003, "WKT_1": null, "WKT_ISR": null }, "geometry": { "type": "MultiPolygon", "coordinates": [ [ [ [ 35.45572, 32.0523 ], [ 35.45545, 32.05175 ], [ 35.45518, 32.05128 ], [ 35.45484, 32.05112 ], [ 35.45414, 32.05137 ], [ 35.45335, 32.0516 ], [ 35.45244, 32.05181 ], [ 35.45146, 32.05247 ], [ 35.45042, 32.05269 ], [ 35.45054, 32.05323 ], [ 35.45031, 32.05351 ], [ 35.45008, 32.05341 ], [ 35.44984, 32.0536 ], [ 35.45025, 32.05444 ], [ 35.45053, 32.05506 ], [ 35.45147, 32.05566 ], [ 35.45171, 32.05544 ], [ 35.45234, 32.05463 ], [ 35.45314, 32.05377 ], [ 35.45416, 32.05305 ], [ 35.45481, 32.05269 ], [ 35.45572, 32.0523 ] ] ] ] } },
{ "type": "Feature", "properties": { "OBJECTID": 349, "Id": 0, "Name": "נופי פרת דרום ב", "NameEng": "Nofei Prat 324", "ET_ID": 0, "GIS_ID": 0.0, "Type": "Outpost", "Ideologica": "Religious", "Shape_Leng": 494.2461782, "Shape_Area": 13814.422829200001, "WKT": null, "DB_ID": 1101.0, "Time": 2019, "X": 230275.98242499999, "Y": 634799.27231899998, "WKT_1": null, "WKT_ISR": null }, "geometry": { "type": "MultiPolygon", "coordinates": [ [ [ [ 35.31825, 31.80663 ], [ 35.31886, 31.80667 ], [ 35.31897, 31.80646 ], [ 35.31943, 31.80525 ], [ 35.31818, 31.80528 ], [ 35.31822, 31.80617 ], [ 35.31825, 31.80663 ] ] ] ] } },
{ "type": "Feature", "properties": { "OBJECTID": 350, "Id": 0, "Name": "סוסיא מזרח", "NameEng": "Susya East", "ET_ID": 0, "GIS_ID": 0.0, "Type": "Outpost", "Ideologica": null, "Shape_Leng": 184.714816907, "Shape_Area": 2519.0072640600001, "WKT": null, "DB_ID": 1102.0, "Time": 2019, "X": 211740.88811699999, "Y": 588739.20106600004, "WKT_1": null, "WKT_ISR": null }, "geometry": { "type": "MultiPolygon", "coordinates": [ [ [ [ 35.12299, 31.39061 ], [ 35.12317, 31.39073 ], [ 35.12351, 31.39072 ], [ 35.12367, 31.39054 ], [ 35.1236, 31.39037 ], [ 35.12343, 31.39027 ], [ 35.12317, 31.3903 ], [ 35.12302, 31.3904 ], [ 35.12299, 31.39061 ] ] ] ] } },
{ "type": "Feature", "properties": { "OBJECTID": 351, "Id": 0, "Name": "עשהאל מערב", "NameEng": "Asael West", "ET_ID": 0, "GIS_ID": 0.0, "Type": "Outpost", "Ideologica": null, "Shape_Leng": 425.11871091699999, "Shape_Area": 11316.322035499999, "WKT": null, "DB_ID": 1103.0, "Time": 2018, "X": 203543.21210899999, "Y": 586961.22124099999, "WKT_1": null, "WKT_ISR": null }, "geometry": { "type": "MultiPolygon", "coordinates": [ [ [ [ 35.03741, 31.37482 ], [ 35.03799, 31.37459 ], [ 35.03807, 31.37445 ], [ 35.03781, 31.37413 ], [ 35.03703, 31.37394 ], [ 35.0362, 31.37427 ], [ 35.03652, 31.37467 ], [ 35.03741, 31.37482 ] ] ] ] } },
{ "type": "Feature", "properties": { "OBJECTID": 352, "Id": 0, "Name": "מצפה התורה", "NameEng": "Mitzpe Hatora", "ET_ID": 0, "GIS_ID": 0.0, "Type": "Outpost", "Ideologica": "Religious", "Shape_Leng": 908.46055043499996, "Shape_Area": 31997.508944599998, "WKT": null, "DB_ID": 1104.0, "Time": 2019, "X": 236809.31865, "Y": 636859.61121999996, "WKT_1": null, "WKT_ISR": null }, "geometry": { "type": "MultiPolygon", "coordinates": [ [ [ [ 35.38882, 31.82363 ], [ 35.38857, 31.82355 ], [ 35.38781, 31.82379 ], [ 35.3872, 31.82421 ], [ 35.38665, 31.82431 ], [ 35.38633, 31.82426 ], [ 35.38587, 31.82413 ], [ 35.3854, 31.82403 ], [ 35.38578, 31.82438 ], [ 35.3862, 31.82458 ], [ 35.38649, 31.82481 ], [ 35.38695, 31.82517 ], [ 35.38831, 31.8249 ], [ 35.38871, 31.82465 ], [ 35.38951, 31.82423 ], [ 35.38882, 31.82363 ] ] ] ] } },
{ "type": "Feature", "properties": { "OBJECTID": 353, "Id": 0, "Name": "רימונים צפון", "NameEng": "Rimonim North", "ET_ID": 0, "GIS_ID": 0.0, "Type": "Outpost", "Ideologica": "Religious", "Shape_Leng": 928.01266699099995, "Shape_Area": 56836.463110099998, "WKT": null, "DB_ID": 1106.0, "Time": 2019, "X": 232570.39697900001, "Y": 650360.22950899997, "WKT_1": null, "WKT_ISR": null }, "geometry": { "type": "MultiPolygon", "coordinates": [ [ [ [ 35.34469, 31.94633 ], [ 35.34461, 31.94512 ], [ 35.34371, 31.94483 ], [ 35.34315, 31.94518 ], [ 35.34238, 31.94562 ], [ 35.3415, 31.94632 ], [ 35.34137, 31.94685 ], [ 35.34159, 31.94711 ], [ 35.34222, 31.94747 ], [ 35.34282, 31.94727 ], [ 35.34343, 31.94708 ], [ 35.34417, 31.94672 ], [ 35.34469, 31.94633 ] ] ] ] } },
{ "type": "Feature", "properties": { "OBJECTID": 354, "Id": 0, "Name": "משכיות דרום", "NameEng": "Maskiyot South", "ET_ID": 0, "GIS_ID": 0.0, "Type": "Outpost", "Ideologica": "Religious", "Shape_Leng": 1391.35585141, "Shape_Area": 140112.96320299999, "WKT": null, "DB_ID": 1107.0, "Time": 2019, "X": 246475.62995900001, "Y": 690229.02671000001, "WKT_1": null, "WKT_ISR": null }, "geometry": { "type": "MultiPolygon", "coordinates": [ [ [ [ 35.49365, 32.30664 ], [ 35.49377, 32.30525 ], [ 35.49172, 32.30365 ], [ 35.48971, 32.30369 ], [ 35.48912, 32.30448 ], [ 35.48886, 32.30588 ], [ 35.48975, 32.30648 ], [ 35.49157, 32.30737 ], [ 35.49245, 32.30734 ], [ 35.49365, 32.30664 ] ] ] ] } },
{ "type": "Feature", "properties": { "OBJECTID": 355, "Id": 0, "Name": "מאחז מחרור", "NameEng": "Makhrour Outpost", "ET_ID": 0, "GIS_ID": 0.0, "Type": "Outpost", "Ideologica": "Religious", "Shape_Leng": 262.67027994799997, "Shape_Area": 4007.9442238299998, "WKT": null, "DB_ID": 1108.0, "Time": 2019, "X": 215693.453026, "Y": 624382.34170800005, "WKT_1": null, "WKT_ISR": null }, "geometry": { "type": "MultiPolygon", "coordinates": [ [ [ [ 35.16499, 31.71233 ], [ 35.1653, 31.71202 ], [ 35.16506, 31.71194 ], [ 35.16492, 31.71176 ], [ 35.16467, 31.71169 ], [ 35.16431, 31.71178 ], [ 35.16418, 31.71192 ], [ 35.16446, 31.7121 ], [ 35.16499, 31.71233 ] ] ] ] } },
{ "type": "Feature", "properties": { "OBJECTID": 356, "Id": 0, "Name": "נילי מערב", "NameEng": "Nili West", "ET_ID": 0, "GIS_ID": 0.0, "Type": "Outpost", "Ideologica": "Religious", "Shape_Leng": 528.20166640699995, "Shape_Area": 17898.517366399999, "WKT": null, "DB_ID": 1109.0, "Time": 2019, "X": 203980.957184, "Y": 652011.53982099995, "WKT_1": null, "WKT_ISR": null }, "geometry": { "type": "MultiPolygon", "coordinates": [ [ [ [ 35.04131, 31.96095 ], [ 35.04072, 31.96013 ], [ 35.03985, 31.96072 ], [ 35.0399, 31.96095 ], [ 35.04008, 31.9612 ], [ 35.04041, 31.96156 ], [ 35.04094, 31.9618 ], [ 35.04141, 31.96176 ], [ 35.04165, 31.9615 ], [ 35.04131, 31.96095 ] ] ] ] } },
{ "type": "Feature", "properties": { "OBJECTID": 357, "Id": 0, "Name": "חלמיש מזרח", "NameEng": "Halamish East", "ET_ID": 0, "GIS_ID": 0.0, "Type": "Outpost", "Ideologica": "Religious", "Shape_Leng": 331.88410568699999, "Shape_Area": 7467.2213905999997, "WKT": null, "DB_ID": 1110.0, "Time": 2019, "X": 213898.83812500001, "Y": 657154.59281399997, "WKT_1": null, "WKT_ISR": null }, "geometry": { "type": "MultiPolygon", "coordinates": [ [ [ [ 35.1463, 32.00769 ], [ 35.14615, 32.0074 ], [ 35.14587, 32.00711 ], [ 35.14544, 32.00716 ], [ 35.14517, 32.00724 ], [ 35.14508, 32.00749 ], [ 35.14514, 32.00778 ], [ 35.14536, 32.00797 ], [ 35.14565, 32.00793 ], [ 35.14592, 32.00776 ], [ 35.1463, 32.00769 ] ] ] ] } },
{ "type": "Feature", "properties": { "OBJECTID": 358, "Id": 0, "Name": "מצפה כרמים מזרח", "NameEng": "Mitzpe Kramim East", "ET_ID": 0, "GIS_ID": 0.0, "Type": "Outpost", "Ideologica": "Religious", "Shape_Leng": 833.58371710500001, "Shape_Area": 48717.798395799997, "WKT": null, "DB_ID": 1111.0, "Time": 2019, "X": 234994.58196000001, "Y": 650857.75501399999, "WKT_1": null, "WKT_ISR": null }, "geometry": { "type": "MultiPolygon", "coordinates": [ [ [ [ 35.36769, 31.9514 ], [ 35.36802, 31.95181 ], [ 35.36881, 31.95172 ], [ 35.36956, 31.95153 ], [ 35.37003, 31.95121 ], [ 35.37001, 31.95081 ], [ 35.37, 31.94985 ], [ 35.36843, 31.94939 ], [ 35.36767, 31.95015 ], [ 35.36766, 31.95074 ], [ 35.36742, 31.95111 ], [ 35.36769, 31.9514 ] ] ] ] } },
{ "type": "Feature", "properties": { "OBJECTID": 359, "Id": 0, "Name": "קדר מזרח", "NameEng": "Kedar East Jabel Muntar", "ET_ID": 0, "GIS_ID": 0.0, "Type": "Outpost", "Ideologica": "Religious", "Shape_Leng": 835.640389486, "Shape_Area": 44405.74594600001, "WKT": null, "DB_ID": 1112.0, "Time": 2019, "X": 230393.55430600001, "Y": 627069.15820800001, "WKT_1": null, "WKT_ISR": null }, "geometry": { "type": "MultiPolygon", "coordinates": [ [ [ [ 35.31839, 31.73695 ], [ 35.3186, 31.73722 ], [ 35.31912, 31.7374 ], [ 35.32019, 31.73683 ], [ 35.32099, 31.7363 ], [ 35.3215, 31.73588 ], [ 35.32131, 31.73551 ], [ 35.32087, 31.73511 ], [ 35.32047, 31.73498 ], [ 35.32009, 31.73506 ], [ 35.31919, 31.73571 ], [ 35.31842, 31.73634 ], [ 35.31839, 31.73695 ] ] ] ] } },
{ "type": "Feature", "properties": { "OBJECTID": 360, "Id": 0, "Name": "בית אלברכה", "NameEng": "Beit Al-Baraka", "ET_ID": 0, "GIS_ID": 0.0, "Type": "Tourism", "Ideologica": "Yes", "Shape_Leng": 930.407577457, "Shape_Area": 31291.206858099998, "WKT": null, "DB_ID": 1113.0, "Time": 2015, "X": 212549.46763299999, "Y": 615493.68811300001, "WKT_1": null, "WKT_ISR": null }, "geometry": { "type": "MultiPolygon", "coordinates": [ [ [ [ 35.13203, 31.63343 ], [ 35.13201, 31.63204 ], [ 35.13226, 31.6299 ], [ 35.13165, 31.62993 ], [ 35.13097, 31.63243 ], [ 35.13104, 31.63334 ], [ 35.13203, 31.63343 ] ] ] ] } },
{ "type": "Feature", "properties": { "OBJECTID": 361, "Id": 0, "Name": "מעוז אסתר", "NameEng": "Maoz Ester", "ET_ID": 0, "GIS_ID": 0.0, "Type": "Outpost", "Ideologica": "Yes", "Shape_Leng": 934.37499490499999, "Shape_Area": 59819.744274299999, "WKT": null, "DB_ID": 336.0, "Time": 0, "X": 232728.29964000001, "Y": 652747.65176599997, "WKT_1": null, "WKT_ISR": null }, "geometry": { "type": "MultiPolygon", "coordinates": [ [ [ [ 35.34592, 31.96882 ], [ 35.34641, 31.96807 ], [ 35.34641, 31.96719 ], [ 35.34484, 31.96647 ], [ 35.34343, 31.967 ], [ 35.34323, 31.96853 ], [ 35.34592, 31.96882 ] ] ] ] } },
{ "type": "Feature", "properties": { "OBJECTID": 364, "Id": 0, "Name": "חוות אל נווה", "NameEng": "El Nave Farm", "ET_ID": 0, "GIS_ID": 0.0, "Type": "Outpost", "Ideologica": "Yes", "Shape_Leng": 588.19027189300004, "Shape_Area": 16087.542792099999, "WKT": "MULTIPOLYGON (((210982.33210000023 704877.94979999959, 210952.91060000006 704909.47289999947, 210906.67669999972 704921.03140000068, 210868.84900000039 704913.67600000091, 210822.61510000005 704911.5745000001, 210788.99039999954 704911.5745000001, 210770", "DB_ID": 1114.0, "Time": 2019, "X": 0.0, "Y": 0.0, "WKT_1": null, "WKT_ISR": null }, "geometry": { "type": "MultiPolygon", "coordinates": [ [ [ [ 35.11433, 32.43787 ], [ 35.11389, 32.43773 ], [ 35.11286, 32.4375 ], [ 35.11203, 32.43746 ], [ 35.11165, 32.4375 ], [ 35.11153, 32.43769 ], [ 35.11161, 32.43787 ], [ 35.11182, 32.43805 ], [ 35.11208, 32.43817 ], [ 35.11228, 32.43817 ], [ 35.11263, 32.43817 ], [ 35.11313, 32.43819 ], [ 35.11353, 32.43826 ], [ 35.11402, 32.43815 ], [ 35.11433, 32.43787 ] ] ] ] } },
{ "type": "Feature", "properties": { "OBJECTID": 365, "Id": 0, "Name": "עמיחי דרום", "NameEng": "Amihai South", "ET_ID": 0, "GIS_ID": 0.0, "Type": "Outpost", "Ideologica": "Yes", "Shape_Leng": 466.91437131700002, "Shape_Area": 15361.856407, "WKT": "MULTIPOLYGON (((230539.93809999991 660546.00339999981, 230536.70309999958 660604.23249999993, 230532.38989999983 660653.83500000089, 230493.57050000038 660671.08799999952, 230437.49810000043 660651.67830000073, 230407.30530000012 660582.6660999991, 23042", "DB_ID": 1115.0, "Time": 2020, "X": 0.0, "Y": 0.0, "WKT_1": null, "WKT_ISR": null }, "geometry": { "type": "MultiPolygon", "coordinates": [ [ [ [ 35.32178, 32.03807 ], [ 35.3213, 32.03791 ], [ 35.32062, 32.03783 ], [ 35.32038, 32.0384 ], [ 35.3207, 32.03902 ], [ 35.32129, 32.0392 ], [ 35.3217, 32.03904 ], [ 35.32175, 32.0386 ], [ 35.32178, 32.03807 ] ] ] ] } },
{ "type": "Feature", "properties": { "OBJECTID": 366, "Id": 0, "Name": "החווה של נריה 2 שלוחה", "NameEng": "Neriya's Farm 2 extension", "ET_ID": 0, "GIS_ID": 0.0, "Type": "Outpost", "Ideologica": "Yes", "Shape_Leng": 291.19640828600001, "Shape_Area": 6112.7344266700002, "WKT": null, "DB_ID": 0.0, "Time": 2020, "X": 0.0, "Y": 0.0, "WKT_1": "April 2020", "WKT_ISR": null }, "geometry": { "type": "MultiPolygon", "coordinates": [ [ [ [ 35.35029, 31.9238 ], [ 35.35037, 31.92403 ], [ 35.35082, 31.92417 ], [ 35.35104, 31.9239 ], [ 35.3512, 31.92363 ], [ 35.35108, 31.92337 ], [ 35.35077, 31.92323 ], [ 35.35039, 31.92342 ], [ 35.35029, 31.9238 ] ] ] ] } },
{ "type": "Feature", "properties": { "OBJECTID": 367, "Id": 0, "Name": "החווה של נריה", "NameEng": "Neriya's Farm", "ET_ID": 0, "GIS_ID": 0.0, "Type": "Outpost", "Ideologica": "Yes", "Shape_Leng": 575.64881538500003, "Shape_Area": 19708.9476866, "WKT": null, "DB_ID": 1116.0, "Time": 2019, "X": 0.0, "Y": 0.0, "WKT_1": "September 2019", "WKT_ISR": null }, "geometry": { "type": "MultiPolygon", "coordinates": [ [ [ [ 35.33373, 31.92637 ], [ 35.33477, 31.92646 ], [ 35.3358, 31.92573 ], [ 35.3358, 31.92502 ], [ 35.33461, 31.92524 ], [ 35.33394, 31.92577 ], [ 35.33373, 31.92637 ] ] ] ] } },
{ "type": "Feature", "properties": { "OBJECTID": 368, "Id": 0, "Name": "מאחז הר עיבל", "NameEng": "Har Eival Outpost", "ET_ID": 0, "GIS_ID": 0.0, "Type": "Outpost", "Ideologica": "Yes", "Shape_Leng": 488.86130753399999, "Shape_Area": 16543.781958700001, "WKT": null, "DB_ID": 1117.0, "Time": 2020, "X": 0.0, "Y": 0.0, "WKT_1": "July 2020", "WKT_ISR": null }, "geometry": { "type": "MultiPolygon", "coordinates": [ [ [ [ 35.28042, 32.2286 ], [ 35.28064, 32.22906 ], [ 35.28113, 32.22918 ], [ 35.28149, 32.22902 ], [ 35.28163, 32.22861 ], [ 35.28144, 32.22803 ], [ 35.28099, 32.22764 ], [ 35.28031, 32.22766 ], [ 35.2802, 32.22817 ], [ 35.28042, 32.2286 ] ] ] ] } },
{ "type": "Feature", "properties": { "OBJECTID": 369, "Id": 0, "Name": "אום זיתונה בין כרמל למעון", "NameEng": "Um Zeituna Outpost", "ET_ID": 0, "GIS_ID": 0.0, "Type": "Outpost", "Ideologica": "Yes", "Shape_Leng": 757.24175693400002, "Shape_Area": 35431.892178399998, "WKT": null, "DB_ID": 1118.0, "Time": 2020, "X": 0.0, "Y": 0.0, "WKT_1": null, "WKT_ISR": null }, "geometry": { "type": "MultiPolygon", "coordinates": [ [ [ [ 35.17671, 31.41754 ], [ 35.17737, 31.41779 ], [ 35.17811, 31.4174 ], [ 35.17811, 31.41683 ], [ 35.17758, 31.41651 ], [ 35.17638, 31.41598 ], [ 35.17538, 31.41619 ], [ 35.17505, 31.41687 ], [ 35.176, 31.41726 ], [ 35.17671, 31.41754 ] ] ] ] } }
]
}
